timestamp,open,high,low,close,volume,turnover
1785924600000,0.09274,0.09452,0.09199,0.09296,556210,51865.8016
1785924900000,0.09296,0.093,0.0905,0.09142,910300,83349.0378
1785925200000,0.09142,0.10048,0.09123,0.09245,1575330,148951.6989
1785925500000,0.09245,0.09384,0.09221,0.09308,152710,14194.208
1785925800000,0.09308,0.0944,0.09298,0.09384,396920,37140.8257
1785926100000,0.09384,0.0946,0.093,0.09409,205090,19303.384
1785926400000,0.09409,0.09458,0.09369,0.09397,145320,13677.5412
1785926700000,0.09397,0.09651,0.09377,0.09615,330000,31562.0478
1785927000000,0.09615,0.09653,0.095,0.09634,278460,26616.4706
1785927300000,0.09634,0.09755,0.09603,0.09734,138790,13444.5044
1785927600000,0.09734,0.09734,0.09458,0.09601,242790,23173.3867
1785927900000,0.09601,0.09762,0.09567,0.09757,145350,14080.6007
1785928200000,0.09757,0.0992,0.09753,0.0982,537160,52815.4629
1785928500000,0.0982,0.09935,0.09768,0.09792,326050,32007.4682
1785928800000,0.09792,0.09801,0.09738,0.0974,323750,31589.5914
1785929100000,0.0974,0.09905,0.09686,0.09843,1124800,109778.956
1785929400000,0.09843,0.09973,0.09843,0.09873,163990,16211.4192
1785929700000,0.09873,0.0998,0.09791,0.09827,159620,15793.3586
1785930000000,0.09827,0.0983,0.09524,0.09565,331270,32022.8689
1785930300000,0.09565,0.09625,0.09563,0.09574,57550,5515.1376
1785930600000,0.09574,0.09611,0.09536,0.09586,154060,14764.877
1785930900000,0.09586,0.09597,0.09464,0.09464,124050,11808.1607
1785931200000,0.09464,0.09538,0.0916,0.09499,689660,64656.6127
1785931500000,0.09499,0.09536,0.09428,0.09512,147170,13958.7289
1785931800000,0.09512,0.09532,0.09499,0.09531,49590,4720.9158
1785932100000,0.09531,0.09531,0.09496,0.09506,30170,2871.6312
1785932400000,0.09506,0.09544,0.09422,0.09446,186980,17755.0433
1785932700000,0.09446,0.09453,0.09352,0.09388,124360,11695.3308
1785933000000,0.09388,0.09399,0.09308,0.09308,144410,13520.8214
1785933300000,0.09308,0.09336,0.0923,0.09308,155090,14402.3192
1785933600000,0.09308,0.0934,0.09165,0.09183,124360,11473.2546
1785933900000,0.09183,0.09321,0.09128,0.09159,164010,15078.4232
1785934200000,0.09159,0.09174,0.09101,0.0912,106930,9758.2613
1785934500000,0.0912,0.09146,0.09097,0.09146,39180,3575.0139
1785934800000,0.09146,0.09214,0.09118,0.09155,103890,9525.3814
1785935100000,0.09155,0.0922,0.09106,0.09181,35340,3241.4954
1785935400000,0.09181,0.09181,0.09124,0.09146,34150,3123.939
1785935700000,0.09146,0.09208,0.09068,0.09115,113900,10397.58
1785936000000,0.09115,0.09143,0.09056,0.09117,150920,13739.7727
1785936300000,0.09117,0.09134,0.09077,0.09134,172790,15733.8681
1785936600000,0.09134,0.09171,0.0913,0.0913,12480,1141.2336
1785936900000,0.0913,0.09131,0.09088,0.09113,24960,2273.6273
1785937200000,0.09113,0.09409,0.09101,0.09406,105280,9800.5908
1785937500000,0.09406,0.09534,0.09283,0.09499,144590,13683.2153
1785937800000,0.09499,0.09552,0.09444,0.09552,67060,6383.5441
1785938100000,0.09552,0.097,0.09509,0.09615,104940,10108.513
1785938400000,0.09615,0.09627,0.09448,0.09512,196000,18634.5255
1785938700000,0.09512,0.0958,0.09422,0.09524,187560,17865.2337
1785939000000,0.09524,0.09535,0.09295,0.094,276400,26073.7418
1785939300000,0.094,0.09491,0.0929,0.0931,212100,19826.6222
1785939600000,0.0931,0.09505,0.0913,0.09227,289460,26930.3609
1785939900000,0.09227,0.09258,0.09065,0.09194,157420,14368.3131
1785940200000,0.09194,0.09248,0.0909,0.09133,40240,3687.7194
1785940500000,0.09133,0.09257,0.09133,0.09179,41540,3823.5319
1785940800000,0.09179,0.09268,0.09146,0.09215,84800,7808.5908
1785941100000,0.09215,0.09262,0.09148,0.09239,104520,9624.965
1785941400000,0.09239,0.09321,0.09224,0.09321,99230,9202.6698
1785941700000,0.09321,0.09321,0.09264,0.0927,18810,1749.1467
1785942000000,0.0927,0.09321,0.09252,0.09308,57060,5304.046
1785942300000,0.09308,0.09318,0.09245,0.0927,25360,2352.1076
1785942600000,0.0927,0.09453,0.0927,0.09365,69240,6492.1488
1785942900000,0.09365,0.09541,0.09289,0.09331,249810,23608.1307
1785943200000,0.09331,0.09515,0.09207,0.09463,226980,21284.2564
1785943500000,0.09463,0.09473,0.09336,0.09397,69830,6568.3216
1785943800000,0.09397,0.09423,0.09329,0.09394,54970,5155.1999
1785944100000,0.09394,0.09394,0.09243,0.09315,76460,7108.6865
1785944400000,0.09315,0.09338,0.0925,0.09295,28620,2658.7067
1785944700000,0.09295,0.09346,0.09258,0.09273,68040,6325.7146
1785945000000,0.09273,0.09321,0.0921,0.09214,91190,8451.5726
1785945300000,0.09214,0.09233,0.09151,0.09151,59990,5516.2544
1785945600000,0.09151,0.09195,0.09143,0.09168,16850,1544.3544
1785945900000,0.09168,0.0921,0.09149,0.09156,28880,2648.5823
1785946200000,0.09156,0.09182,0.09081,0.09128,198160,18122.8655
1785946500000,0.09128,0.09326,0.0909,0.09255,131680,12161.2073
1785946800000,0.09255,0.09283,0.09141,0.09187,91000,8375.6548
1785947100000,0.09187,0.09245,0.09146,0.09208,30820,2839.6916
1785947400000,0.09208,0.09299,0.09189,0.09287,65220,6041.5679
1785947700000,0.09287,0.09287,0.09164,0.09206,32690,3014.0437
1785948000000,0.09206,0.09207,0.09111,0.09127,25940,2376.9051
1785948300000,0.09127,0.09135,0.09072,0.09079,21270,1933.9454
1785948600000,0.09079,0.09146,0.0906,0.09129,65060,5929.6045
1785948900000,0.09129,0.09171,0.09088,0.09103,84720,7736.2101
1785949200000,0.09103,0.09157,0.09099,0.0915,5940,543.0275
1785949500000,0.0915,0.09166,0.09099,0.09133,74930,6843.3157
1785949800000,0.09133,0.09139,0.0908,0.0908,17710,1613.8075
1785950100000,0.0908,0.09085,0.09054,0.09065,12000,1087.9609
1785950400000,0.09065,0.09076,0.09059,0.09071,2580,233.932
1785950700000,0.09071,0.09098,0.0906,0.09084,18460,1677.1667
1785951000000,0.09084,0.09109,0.09077,0.09106,30220,2748.2411
1785951300000,0.09106,0.09107,0.09077,0.09082,13920,1265.2012
1785951600000,0.09082,0.09096,0.09024,0.09044,49710,4494.4272
1785951900000,0.09044,0.09087,0.09029,0.09084,19980,1811.089
1785952200000,0.09084,0.09245,0.09084,0.09227,96450,8871.2343
1785952500000,0.09227,0.09267,0.09158,0.09262,66120,6095.7318
1785952800000,0.09262,0.09329,0.09256,0.09285,40110,3727.9201
1785953100000,0.09285,0.09294,0.09211,0.0927,36730,3402.7853
1785953400000,0.0927,0.09396,0.09257,0.09396,116050,10817.436
1785953700000,0.09396,0.09414,0.09374,0.09401,18520,1740.967
1785954000000,0.09401,0.09538,0.09397,0.09526,21940,2079.1405
1785954300000,0.09526,0.09769,0.09524,0.09706,516230,49829.4008
1785954600000,0.09706,0.09849,0.09628,0.09808,299130,29211.5395
1785954900000,0.09808,0.09808,0.09688,0.0971,130020,12667.5183
1785955200000,0.0971,0.09774,0.09536,0.09659,253580,24465.7771
1785955500000,0.09659,0.09667,0.09589,0.09667,156810,15082.3116
1785955800000,0.09667,0.09683,0.09511,0.09555,146460,14019.8293
1785956100000,0.09555,0.09607,0.09537,0.09585,54450,5214.6441
1785956400000,0.09585,0.09625,0.09556,0.096,36480,3502.0499
1785956700000,0.096,0.09813,0.096,0.09625,218510,21254.2781
1785957000000,0.09625,0.09738,0.09615,0.09701,36470,3530.3026
1785957300000,0.09701,0.09772,0.09641,0.09767,36690,3563.3061
1785957600000,0.09767,0.09817,0.0975,0.09806,22790,2232.3422
1785957900000,0.09806,0.09822,0.0978,0.0978,33180,3252.002
1785958200000,0.0978,0.09816,0.0978,0.098,12210,1196.723
1785958500000,0.098,0.09907,0.09798,0.09832,66410,6560.4519
1785958800000,0.09832,0.09986,0.09794,0.09812,270320,26744.0985
1785959100000,0.09812,0.09987,0.09791,0.09926,75660,7490.9962
1785959400000,0.09926,0.10108,0.09926,0.10053,169050,17011.8149
1785959700000,0.10053,0.102,0.10031,0.10152,116710,11855.9761
1785960000000,0.10152,0.10258,0.10081,0.10258,95370,9687.0307
1785960300000,0.10258,0.10486,0.10219,0.10441,510400,53058.7691
1785960600000,0.10441,0.10507,0.10197,0.10426,425460,44061.9805
1785960900000,0.10426,0.10716,0.10371,0.10698,695760,73850.4278
1785961200000,0.10698,0.10785,0.10581,0.10732,222950,23810.0649
1785961500000,0.10732,0.10764,0.10547,0.10698,148800,15848.1956
1785961800000,0.10698,0.10858,0.1068,0.10814,141040,15226.9177
1785962100000,0.10814,0.10966,0.10771,0.10817,263550,28668.954
1785962400000,0.10817,0.11023,0.10774,0.10909,259460,28268.1756
1785962700000,0.10909,0.11054,0.10843,0.10932,315370,34477.3209
1785963000000,0.10932,0.10983,0.1082,0.10955,110510,12026.8241
1785963300000,0.10955,0.11054,0.10581,0.11049,476040,51485.3645
1785963600000,0.11049,0.11121,0.10923,0.11036,204050,22527.896
1785963900000,0.11036,0.11036,0.10739,0.10743,314540,34211.2247
1785964200000,0.10743,0.10945,0.10608,0.10836,596120,64247.6924
1785964500000,0.10836,0.10857,0.08695,0.08811,3143120,306630.6141
1785964800000,0.08811,0.10084,0.08811,0.09191,7567700,703426.9504
1785965100000,0.09191,0.09361,0.08618,0.0863,2045990,184590.2551
1785965400000,0.0863,0.0936,0.0848,0.09349,3050460,270423.7923
1785965700000,0.09349,0.09525,0.08821,0.094,2038760,188039.0676
1785966000000,0.094,0.09488,0.09125,0.09474,962230,89775.5839
1785966300000,0.09474,0.10005,0.09398,0.09983,1504800,145930.2578
1785966600000,0.09983,0.10198,0.09556,0.09879,1239180,123387.691
1785966900000,0.09879,0.10003,0.09623,0.09785,893710,87686.8582
1785967200000,0.09785,0.09956,0.09746,0.09852,534830,52596.3655
1785967500000,0.09852,0.0988,0.09627,0.09702,420210,40925.5752
1785967800000,0.09702,0.10217,0.09677,0.10181,640450,63821.1675
1785968100000,0.10181,0.10184,0.09988,0.10014,277460,27988.7278
1785968400000,0.10014,0.10014,0.09523,0.09703,1176490,114926.2708
1785968700000,0.09703,0.09728,0.09478,0.09717,390320,37438.4536
1785969000000,0.09717,0.1014,0.09641,0.10134,636830,63355.3382
1785969300000,0.10134,0.10284,0.09975,0.10244,842080,85393.3976
1785969600000,0.10244,0.10638,0.10244,0.1031,1518170,158986.3334
1785969900000,0.1031,0.10406,0.1021,0.10345,269820,27827.8974
1785970200000,0.10345,0.10991,0.10345,0.10918,1133200,120807.2889
1785970500000,0.10918,0.15892,0.1086,0.12357,13339060,1791078.5502
1785970800000,0.12357,0.132,0.11728,0.12414,5085000,623045.6305
1785971100000,0.12414,0.13407,0.1157,0.1157,4977050,630474.2196
1785971400000,0.1157,0.12313,0.11438,0.1201,3594310,426487.6939
1785971700000,0.1201,0.12099,0.11149,0.11547,2145620,250262.5767
1785972000000,0.11547,0.12414,0.1147,0.1233,2189270,260122.4863
1785972300000,0.1233,0.12642,0.12097,0.12319,2470870,307089.7053
1785972600000,0.12319,0.1245,0.11409,0.11578,4143950,488975.0243
1785972900000,0.11578,0.11875,0.11525,0.117,1294720,151588.2978
1785973200000,0.117,0.1186,0.11604,0.11763,464450,54601.2213
1785973500000,0.11763,0.11781,0.11663,0.11781,456720,53502.7059
1785973800000,0.11781,0.11784,0.11306,0.11505,1957410,224717.6333
1785974100000,0.11505,0.11811,0.11495,0.11592,751380,87570.6771
1785974400000,0.11592,0.118,0.11586,0.11685,489450,57316.5689
1785974700000,0.11685,0.11774,0.11505,0.11623,385610,44835.7277
1785975000000,0.11623,0.11744,0.11041,0.11181,2068090,235071.6116
1785975300000,0.11181,0.11295,0.1076,0.11106,1733870,192454.3198
1785975600000,0.11106,0.11162,0.10953,0.11147,1125040,124435.1533
1785975900000,0.11147,0.11164,0.10884,0.10961,576950,63616.7277
1785976200000,0.10961,0.1105,0.10915,0.10931,177280,19474.006
1785976500000,0.10931,0.10967,0.10844,0.10932,663040,72302.7515
1785976800000,0.10932,0.1096,0.10329,0.1056,2122570,225788.9279
1785977100000,0.1056,0.10602,0.10454,0.10511,637300,67134.2445
1785977400000,0.10511,0.10913,0.10511,0.10841,485070,52064.3396
1785977700000,0.10841,0.11451,0.10808,0.11311,1579730,176288.2278
1785978000000,0.11311,0.11315,0.10875,0.10918,1051110,116333.9972
1785978300000,0.10918,0.10925,0.10742,0.10839,406320,43957.614
1785978600000,0.10839,0.10839,0.10597,0.10626,322440,34561.6875
1785978900000,0.10626,0.10633,0.10145,0.10441,1314120,136244.6308
1785979200000,0.10441,0.10601,0.1039,0.10569,438770,46006.5274
1785979500000,0.10569,0.10627,0.10515,0.10584,113650,12022.6256
1785979800000,0.10584,0.10709,0.10553,0.10701,171870,18288.44
1785980100000,0.10701,0.10839,0.10685,0.1081,158790,17054.4339
1785980400000,0.1081,0.1084,0.10631,0.10647,297380,32067.3265
1785980700000,0.10647,0.10651,0.10502,0.10516,200290,21149.8147
1785981000000,0.10516,0.10759,0.10505,0.10753,147950,15767.525
1785981300000,0.10753,0.1083,0.10719,0.10763,154530,16642.443
1785981600000,0.10763,0.11219,0.10295,0.11062,1730500,186679.9383
1785981900000,0.11062,0.11232,0.11,0.11145,452460,50216.1641
1785982200000,0.11145,0.1116,0.11013,0.11041,134130,14845.9262
1785982500000,0.11041,0.1128,0.10844,0.11129,633880,70066.4454
1785982800000,0.11129,0.11454,0.11106,0.11366,472940,53472.9106
1785983100000,0.11366,0.11397,0.11215,0.11336,470340,53194.589
1785983400000,0.11336,0.11748,0.11301,0.11547,705820,81019.3017
1785983700000,0.11547,0.11586,0.11402,0.11586,327560,37651.3872
1785984000000,0.11586,0.11602,0.11519,0.11545,142410,16464.0199
1785984300000,0.11545,0.11552,0.1137,0.11516,172260,19769.0233
1785984600000,0.11516,0.11833,0.11493,0.11791,468380,54761.8601
1785984900000,0.11791,0.11791,0.11682,0.11724,340350,39936.1855
1785985200000,0.11724,0.12157,0.11703,0.11936,741200,88296.0423
1785985500000,0.11936,0.11955,0.114,0.1185,1134910,133165.6136
1785985800000,0.1185,0.11855,0.11637,0.11703,156260,18327.4326
1785986100000,0.11703,0.11703,0.11569,0.1157,155850,18086.5861
1785986400000,0.1157,0.1176,0.115,0.11602,402720,46725.6101
1785986700000,0.11602,0.11603,0.11439,0.11479,214110,24662.5699
1785987000000,0.11479,0.11704,0.11479,0.11616,876550,101637.5454
1785987300000,0.11616,0.11625,0.11532,0.11585,209710,24274.1406
1785987600000,0.11585,0.11715,0.1158,0.11645,241420,28117.6083
1785987900000,0.11645,0.1166,0.1132,0.1133,201380,23015.8974
1785988200000,0.1133,0.11332,0.11197,0.11243,499800,56251.6295
1785988500000,0.11243,0.11252,0.1098,0.1098,668500,74198.3856
1785988800000,0.1098,0.11259,0.10917,0.11149,562630,62715.4308
1785989100000,0.11149,0.11157,0.11111,0.11145,77530,8630.6863
1785989400000,0.11145,0.11245,0.11139,0.11244,38000,4254.3911
1785989700000,0.11244,0.11288,0.11175,0.11225,124830,14021.3962
1785990000000,0.11225,0.11534,0.11197,0.11214,1240480,141185.5434
1785990300000,0.11214,0.11292,0.112,0.1126,132040,14823.1472
1785990600000,0.1126,0.11316,0.1126,0.11298,52350,5911.7302
1785990900000,0.11298,0.11322,0.11275,0.11307,49580,5600.6351
1785991200000,0.11307,0.11584,0.11288,0.11532,285610,32780.4712
1785991500000,0.11532,0.11549,0.11465,0.1153,108920,12537.0342
1785991800000,0.1153,0.11657,0.11465,0.11609,224570,26025.9212
1785992100000,0.11609,0.11609,0.11422,0.11462,58560,6710.7205
1785992400000,0.11462,0.11507,0.11347,0.11475,266840,30521.5095
1785992700000,0.11475,0.11476,0.11349,0.11417,106970,12211.1162
1785993000000,0.11417,0.11554,0.11385,0.11428,163180,18706.2366
1785993300000,0.11428,0.11541,0.11403,0.11453,98290,11276.104
1785993600000,0.11453,0.11511,0.11453,0.11491,61600,7076.5358
1785993900000,0.11491,0.11593,0.11474,0.11549,173320,20010.7997
1785994200000,0.11549,0.11549,0.1147,0.11505,66090,7600.5233
1785994500000,0.11505,0.11505,0.11428,0.11428,62990,7217.8587
1785994800000,0.11428,0.1147,0.11401,0.11423,68330,7812.0222
1785995100000,0.11423,0.11499,0.11416,0.11485,94930,10880.0924
1785995400000,0.11485,0.12122,0.11458,0.11985,2149400,254314.5248
1785995700000,0.11985,0.12466,0.11945,0.12362,1700930,208003.6197
1785996000000,0.12362,0.12386,0.11952,0.11991,865340,104852.9887
1785996300000,0.11991,0.12376,0.11991,0.12115,547550,66717.5237
1785996600000,0.12115,0.12144,0.11878,0.11936,203180,24368.4453
1785996900000,0.11936,0.12062,0.11815,0.11855,225990,26914.7254
1785997200000,0.11855,0.11996,0.11775,0.11986,134410,16013.2279
1785997500000,0.11986,0.12014,0.1192,0.11941,141280,16910.1214
1785997800000,0.11941,0.12014,0.11907,0.11947,235920,28220.2033
1785998100000,0.11947,0.1197,0.11728,0.11781,211630,24998.0862
1785998400000,0.11781,0.11815,0.1174,0.11777,162070,19081.9954
1785998700000,0.11777,0.11826,0.11675,0.11715,210500,24751.0783
1785999000000,0.11715,0.11715,0.10491,0.11159,4881540,537247.703
1785999300000,0.11159,0.11311,0.11103,0.11294,342760,38472.6921
1785999600000,0.11294,0.11296,0.11121,0.11132,174440,19584.4337
1785999900000,0.11132,0.11175,0.11073,0.11073,205520,22827.4575
1786000200000,0.11073,0.11119,0.109,0.11076,208600,22982.088
1786000500000,0.11076,0.11129,0.10945,0.1098,144350,15933.2039
1786000800000,0.1098,0.11016,0.1071,0.10932,484050,52646.0544
1786001100000,0.10932,0.10952,0.109,0.10936,112250,12264.1377
1786001400000,0.10936,0.10961,0.10866,0.10914,254870,27808.3579
1786001700000,0.10914,0.10956,0.10912,0.10931,72100,7881.9829
1786002000000,0.10931,0.10931,0.10764,0.10818,163640,17733.1556
1786002300000,0.10818,0.10883,0.10791,0.10805,220930,23939.564
1786002600000,0.10805,0.10822,0.10748,0.10768,27920,3006.2511
1786002900000,0.10768,0.10835,0.10724,0.10794,94890,10200.0077
1786003200000,0.10794,0.10955,0.10782,0.10873,274600,29831.2563
1786003500000,0.10873,0.11111,0.10857,0.11058,641590,70711.5922
1786003800000,0.11058,0.11445,0.11026,0.11345,1244220,139378.5552
1786004100000,0.11345,0.11404,0.11296,0.11387,142040,16100.3031
1786004400000,0.11387,0.11591,0.1136,0.11443,412480,47172.7936
1786004700000,0.11443,0.11725,0.11439,0.11586,522730,60458.6645
1786005000000,0.11586,0.11587,0.11423,0.11532,213280,24522.9379
1786005300000,0.11532,0.11556,0.11406,0.11441,103760,11892.6544
1786005600000,0.11441,0.11458,0.11122,0.11363,572290,64897.7992
1786005900000,0.11363,0.11369,0.11222,0.11274,829900,93634.026
1786006200000,0.11274,0.11715,0.11274,0.11591,759500,87806.21
1786006500000,0.11591,0.11944,0.11566,0.11796,622210,73208.6768
1786006800000,0.11796,0.12579,0.11784,0.12373,1258320,153642.3596
1786007100000,0.12373,0.1411,0.12292,0.13627,6493000,867578.2775
1786007400000,0.13627,0.13771,0.12612,0.13017,2628770,344780.2695
1786007700000,0.13017,0.13393,0.12795,0.13204,1016050,132449.3604
1786008000000,0.13204,0.13217,0.1265,0.12824,1224030,157901.87
1786008300000,0.12824,0.12948,0.12663,0.12771,760900,97341.0485
1786008600000,0.12771,0.13499,0.12762,0.13287,933500,123101.9754
1786008900000,0.13287,0.13583,0.13216,0.1343,920620,123369.3088
1786009200000,0.1343,0.1357,0.13029,0.13425,1359010,180108.4226
1786009500000,0.13425,0.13482,0.1323,0.13274,355980,47529.6595
1786009800000,0.13274,0.1338,0.13174,0.13221,399190,52998.4033
1786010100000,0.13221,0.13278,0.13157,0.13212,260230,34393.5957
1786010400000,0.13212,0.13405,0.13125,0.13342,552980,73201.7495
1786010700000,0.13342,0.13544,0.13134,0.13172,713230,95339.7976
1786011000000,0.13172,0.13298,0.13002,0.1329,999720,131366.3173
1786011300000,0.1329,0.13553,0.13274,0.13506,400880,53888.7244
1786011600000,0.13506,0.13731,0.13498,0.13594,837790,113953.786
1786011900000,0.13594,0.13651,0.13254,0.13329,1082100,145483.5773
1786012200000,0.13329,0.13339,0.13018,0.13164,717000,94725.7864
1786012500000,0.13164,0.13312,0.12964,0.13054,531220,69767.6676
1786012800000,0.13054,0.13236,0.12683,0.1309,1687260,219020.2556
1786013100000,0.1309,0.13101,0.12502,0.12854,1626010,207679.7664
1786013400000,0.12854,0.13038,0.12822,0.12832,398600,51464.3729
1786013700000,0.12832,0.13167,0.12702,0.13089,495140,64214.071
1786014000000,0.13089,0.13967,0.12179,0.12984,4064730,534317.4195
1786014300000,0.12984,0.13297,0.12894,0.13265,580160,75981.5398
1786014600000,0.13265,0.13324,0.1314,0.13262,331020,43879.6532
1786014900000,0.13262,0.13459,0.13153,0.13253,463630,61619.022
1786015200000,0.13253,0.1327,0.12987,0.13014,583570,76239.9793
1786015500000,0.13014,0.13057,0.12973,0.13057,100340,13057.2012
1786015800000,0.13057,0.13332,0.13032,0.13318,128480,17002.7245
1786016100000,0.13318,0.13354,0.13155,0.13155,224600,29763.497
1786016400000,0.13155,0.13172,0.12976,0.13042,213940,27936.8887
1786016700000,0.13042,0.13138,0.13035,0.13106,75060,9821.4642
1786017000000,0.13106,0.13209,0.13104,0.13207,100070,13163.7693
1786017300000,0.13207,0.13267,0.13108,0.13247,106020,13987.8706
1786017600000,0.13247,0.13364,0.1317,0.13234,240150,31872.7535
1786017900000,0.13234,0.13236,0.13044,0.13128,244050,32023.2158
1786018200000,0.13128,0.1326,0.13058,0.13196,406970,53632.459
1786018500000,0.13196,0.132,0.12791,0.12802,537810,69771.9926
1786018800000,0.12802,0.12832,0.12369,0.12809,875490,110409.8452
1786019100000,0.12809,0.12995,0.12618,0.12709,428490,54819.9562
1786019400000,0.12709,0.13885,0.12688,0.13772,3576730,477970.3917
1786019700000,0.13772,0.14192,0.13542,0.13878,2606660,361306.4828
1786020000000,0.13878,0.18539,0.13814,0.16055,27378420,4450388.1117
1786020300000,0.16055,0.16737,0.1517,0.1643,11616750,1860531.3637
1786020600000,0.1643,0.1643,0.15107,0.1614,9051980,1421496.7993
1786020900000,0.1614,0.16506,0.15723,0.15814,3442100,553706.1348
1786021200000,0.15814,0.16067,0.14608,0.15072,8896320,1355146.2602
1786021500000,0.15072,0.15457,0.148,0.15253,4934060,749963.6032
1786021800000,0.15253,0.1527,0.142,0.14512,5284170,770214.8382
1786022100000,0.14512,0.15204,0.14211,0.15117,5880680,860837.1757
1786022400000,0.15117,0.15117,0.14458,0.1458,2653790,392790.1347
1786022700000,0.1458,0.15332,0.14391,0.15241,1803360,267518.9834
1786023000000,0.15241,0.155,0.14632,0.14903,3884940,584316.2452
1786023300000,0.14903,0.15874,0.14869,0.15503,3568940,553325.2363
1786023600000,0.15503,0.15712,0.148,0.14939,4037600,610328.2712
1786023900000,0.14939,0.15044,0.14506,0.15029,2839700,420108.3095
1786024200000,0.15029,0.15272,0.14307,0.14379,2916730,431444.4462
1786024500000,0.14379,0.14567,0.13289,0.1369,6908210,967763.8974
1786024800000,0.1369,0.14172,0.13245,0.13564,5857730,802408.7277
1786025100000,0.13564,0.13628,0.12641,0.128,7675790,1005598.894
1786025400000,0.128,0.1381,0.12745,0.13398,4944450,662524.8934
1786025700000,0.13398,0.136,0.13117,0.13142,2360680,314739.2403
1786026000000,0.13142,0.13689,0.1314,0.13618,1184080,158937.8074
1786026300000,0.13618,0.13643,0.13249,0.13314,1157240,155985.1981
1786026600000,0.13314,0.1341,0.13016,0.13067,1946080,256703.9902
1786026900000,0.13067,0.1316,0.1258,0.12675,3474700,443886.3299
1786027200000,0.12675,0.12688,0.11101,0.11744,12592580,1493111.9521
1786027500000,0.11744,0.12099,0.11491,0.11645,3756510,443271.8679
1786027800000,0.11645,0.1205,0.10747,0.12018,6965700,783012.2295
1786028100000,0.12018,0.12209,0.11771,0.11848,2424090,290809.286
1786028400000,0.11848,0.11904,0.11361,0.1152,2523060,293843.6587
1786028700000,0.1152,0.12285,0.1152,0.12012,2763200,330296.0379
1786029000000,0.12012,0.1221,0.11552,0.11633,2308670,274522.004
1786029300000,0.11633,0.117,0.11175,0.11364,3448760,393876.9082
1786029600000,0.11364,0.11462,0.11216,0.11378,1097160,124391.7791
1786029900000,0.11378,0.11465,0.10891,0.10953,4681210,520905.4795
1786030200000,0.10953,0.11277,0.10908,0.11188,2710860,300283.1627
1786030500000,0.11188,0.11659,0.11188,0.11615,1871910,214569.4134
1786030800000,0.11615,0.12016,0.11552,0.12016,1314420,154860.5666
1786031100000,0.12016,0.12601,0.11954,0.1222,3427570,418448.1713
1786031400000,0.1222,0.12221,0.11822,0.12092,1514790,181959.4332
1786031700000,0.12092,0.12212,0.11967,0.12172,985190,119186.478
1786032000000,0.12172,0.12547,0.1196,0.12018,2774680,341875.5191
1786032300000,0.12018,0.12035,0.11704,0.11843,1931660,229193.0301
1786032600000,0.11843,0.12055,0.11742,0.11855,787890,93686.5313
1786032900000,0.11855,0.12036,0.11692,0.11715,954730,112851.1932
1786033200000,0.11715,0.1172,0.11396,0.11516,1570270,181238.8884
1786033500000,0.11516,0.1195,0.11508,0.11831,747560,87726.043
1786033800000,0.11831,0.12555,0.11831,0.12525,1511000,185765.4785
1786034100000,0.12525,0.12525,0.1224,0.1227,817970,100986.7869
1786034400000,0.1227,0.12465,0.12148,0.12424,772030,95134.7863
1786034700000,0.12424,0.1244,0.11832,0.11897,1380130,168063.0101
1786035000000,0.11897,0.12206,0.11856,0.1211,977330,117857.7218
1786035300000,0.1211,0.12354,0.1184,0.11917,846090,102581.7306
1786035600000,0.11917,0.11943,0.11675,0.11787,516730,61024.3254
1786035900000,0.11787,0.11824,0.11112,0.114,1786770,204519.0836
1786036200000,0.114,0.11576,0.1132,0.11403,1146310,131289.6916
1786036500000,0.11403,0.11915,0.11401,0.11848,1212390,140666.4904
1786036800000,0.11848,0.11897,0.11609,0.11749,488800,57509.0409
1786037100000,0.11749,0.1178,0.11484,0.11645,652490,75862.9764
1786037400000,0.11645,0.11706,0.11453,0.11515,490170,56688.2444
1786037700000,0.11515,0.1162,0.11346,0.11428,623590,71601.5023
1786038000000,0.11428,0.11444,0.1126,0.11369,560190,63457.3365
1786038300000,0.11369,0.11458,0.11149,0.11208,1184990,133992.5192
1786038600000,0.11208,0.1125,0.11003,0.11003,1493750,166598.4575
1786038900000,0.11003,0.1106,0.10717,0.10828,2206700,240442.3367
1786039200000,0.10828,0.11244,0.1077,0.11244,726280,79633.7794
1786039500000,0.11244,0.11273,0.11019,0.11235,816640,91091.9507
1786039800000,0.11235,0.11402,0.11192,0.11295,632580,71380.8789
1786040100000,0.11295,0.11442,0.11219,0.11286,503900,57155.4672
1786040400000,0.11286,0.11435,0.11263,0.11435,439910,49906.0518
1786040700000,0.11435,0.11462,0.11329,0.11417,644710,73519.6979
1786041000000,0.11417,0.11417,0.1115,0.11169,820960,92520.1018
1786041300000,0.11169,0.11327,0.11117,0.11124,727750,81657.1237
1786041600000,0.11124,0.11158,0.10771,0.10833,1482260,161774.1608
1786041900000,0.10833,0.10926,0.10203,0.1046,4513100,474517.2463
1786042200000,0.1046,0.10557,0.1009,0.10353,3228220,334323.1303
1786042500000,0.10353,0.10657,0.10223,0.10631,2598160,271090.3184
1786042800000,0.10631,0.10635,0.10406,0.10525,918180,96574.9266
1786043100000,0.10525,0.10575,0.10368,0.10421,613480,64230.5831
1786043400000,0.10421,0.10482,0.10331,0.10346,582360,60585.5116
1786043700000,0.10346,0.1038,0.09225,0.09869,8390200,815306.0566
1786044000000,0.09869,0.10117,0.09476,0.10015,4793080,470160.826
1786044300000,0.10015,0.10727,0.09954,0.10005,3009750,307213.4483
1786044600000,0.10005,0.10436,0.09945,0.10263,1583700,161548.866
1786044900000,0.10263,0.10409,0.1006,0.10196,1032910,105670.0457
1786045200000,0.10196,0.10269,0.09934,0.10115,969110,97469.3561
1786045500000,0.10115,0.10255,0.10025,0.1004,508720,51574.3141
1786045800000,0.1004,0.10086,0.09654,0.09694,2148510,211266.3445
1786046100000,0.09694,0.09912,0.09553,0.09788,1854660,180173.1324
1786046400000,0.09788,0.09963,0.09746,0.09852,681090,67229.9781
1786046700000,0.09852,0.0994,0.09691,0.09855,1285880,126350.4245
1786047000000,0.09855,0.10233,0.09812,0.10233,1138040,113010.0781
1786047300000,0.10233,0.1037,0.10153,0.10335,554310,56805.4676
1786047600000,0.10335,0.1044,0.10165,0.10168,638720,66103.563
1786047900000,0.10168,0.10407,0.10166,0.10365,848170,87374.3878
1786048200000,0.10365,0.11056,0.10355,0.10945,5304830,566676.1986
1786048500000,0.10945,0.11,0.10732,0.10816,1798610,196037.2393
1786048800000,0.10816,0.10845,0.10635,0.10814,1304020,140069.6712
1786049100000,0.10814,0.11007,0.10781,0.10966,612300,66739.2656
1786049400000,0.10966,0.10972,0.10796,0.10923,480620,52322.7109
1786049700000,0.10923,0.10925,0.10584,0.10727,2002440,215383.7261
1786050000000,0.10727,0.10755,0.10447,0.1049,943890,99974.5011
1786050300000,0.1049,0.10516,0.10316,0.10415,728420,75764.9278
1786050600000,0.10415,0.10475,0.10291,0.10335,604560,62648.1595
1786050900000,0.10335,0.10357,0.10212,0.10235,367190,37683.458
1786051200000,0.10235,0.10263,0.09836,0.10099,1108760,111689.7307
1786051500000,0.10099,0.10311,0.10099,0.10204,619970,63259.9198
1786051800000,0.10204,0.10253,0.10075,0.10075,344390,35046.6801
1786052100000,0.10075,0.10089,0.09982,0.10089,684040,68556.1189
1786052400000,0.10089,0.10349,0.09965,0.10316,528730,53467.1153
1786052700000,0.10316,0.1035,0.10071,0.1017,491520,50159.6089
1786053000000,0.1017,0.1032,0.10117,0.10306,134330,13733.7552
1786053300000,0.10306,0.1033,0.09773,0.0981,839560,83969.5508
1786053600000,0.0981,0.09911,0.09611,0.0981,1989450,194002.1467
1786053900000,0.0981,0.09956,0.09725,0.09728,492390,48451.8671
1786054200000,0.09728,0.09931,0.097,0.09914,496010,48643.4349
1786054500000,0.09914,0.10012,0.09857,0.09928,709430,70487.6329
1786054800000,0.09928,0.09928,0.0978,0.09919,571490,56217.8793
1786055100000,0.09919,0.1013,0.09885,0.1013,519110,51828.1292
1786055400000,0.1013,0.1041,0.10122,0.10399,1506670,155031.2219
1786055700000,0.10399,0.10451,0.10225,0.1026,632690,65484.33
1786056000000,0.1026,0.10839,0.10252,0.10699,1683060,177455.5415
1786056300000,0.10699,0.10859,0.10654,0.10704,768150,82659.9717
1786056600000,0.10704,0.10704,0.10478,0.10508,449610,47609.8656
1786056900000,0.10508,0.10642,0.105,0.105,320670,33972.1523
1786057200000,0.105,0.10536,0.10444,0.10534,180890,18950.3073
1786057500000,0.10534,0.10714,0.10466,0.10673,539970,57055.6781
1786057800000,0.10673,0.10754,0.10617,0.10617,355730,38042.57
1786058100000,0.10617,0.1062,0.10488,0.1052,185930,19629.1016
1786058400000,0.1052,0.1052,0.10277,0.10346,517620,53588.9836
1786058700000,0.10346,0.10368,0.10177,0.10244,571320,58599.0413
1786059000000,0.10244,0.10304,0.10102,0.1025,516250,52641.6094
1786059300000,0.1025,0.10257,0.10108,0.10141,265930,27086.8343
1786059600000,0.10141,0.10329,0.1013,0.103,381420,39065.9431
1786059900000,0.103,0.1036,0.10244,0.10329,144660,14907.515
1786060200000,0.10329,0.10439,0.10262,0.10265,437630,45196.8489
1786060500000,0.10265,0.10341,0.1023,0.10261,200340,20607.9602
1786060800000,0.10261,0.10281,0.10216,0.10241,221520,22710.278
1786061100000,0.10241,0.10307,0.10193,0.1028,225420,23085.1851
1786061400000,0.1028,0.10311,0.10131,0.10141,267360,27327.0965
1786061700000,0.10141,0.10158,0.10017,0.10036,571140,57544.5221
1786062000000,0.10036,0.10117,0.09974,0.1007,545190,54732.3316
1786062300000,0.1007,0.103,0.09946,0.10257,810770,82537.4102
1786062600000,0.10257,0.10363,0.10244,0.1036,266030,27403.0767
1786062900000,0.1036,0.10389,0.10267,0.10344,296070,30640.3382
1786063200000,0.10344,0.10359,0.10313,0.10353,150870,15596.1782
1786063500000,0.10353,0.10364,0.10327,0.10342,90100,9323.353
1786063800000,0.10342,0.10454,0.10306,0.10326,194880,20236.7183
1786064100000,0.10326,0.1049,0.10276,0.10276,336230,34849.1575
1786064400000,0.10276,0.10349,0.10116,0.10225,603320,61743.4883
1786064700000,0.10225,0.10342,0.10191,0.10237,276340,28361.9363
1786065000000,0.10237,0.10257,0.10035,0.10045,371250,37557.3217
1786065300000,0.10045,0.10145,0.09938,0.09991,515410,51712.4019
1786065600000,0.09991,0.1005,0.09916,0.1005,331460,33083.8058
1786065900000,0.1005,0.10158,0.1001,0.10119,451970,45655.0393
1786066200000,0.10119,0.10168,0.10106,0.10133,132660,13454.4022
1786066500000,0.10133,0.10155,0.10011,0.10011,511880,51529.3113
1786066800000,0.10011,0.10139,0.09805,0.09865,558850,55818.9392
1786067100000,0.09865,0.0993,0.09696,0.09724,836330,81864.1131
1786067400000,0.09724,0.0984,0.09297,0.0959,1537100,146664.5825
1786067700000,0.0959,0.09666,0.09488,0.09535,1323750,126825.7772
1786068000000,0.09535,0.09685,0.09535,0.09681,330600,31807.8786
1786068300000,0.09681,0.09785,0.09678,0.09735,208830,20348.5939
1786068600000,0.09735,0.09782,0.09658,0.09715,357710,34783.6608
1786068900000,0.09715,0.09783,0.09596,0.09683,765590,74278.9364
1786069200000,0.09683,0.09768,0.09675,0.09735,408470,39713.9835
1786069500000,0.09735,0.09735,0.0951,0.09511,460060,44205.282
1786069800000,0.09511,0.09545,0.09314,0.09314,997000,93997.7082
1786070100000,0.09314,0.09404,0.09282,0.09367,719610,67282.1815
1786070400000,0.09367,0.09421,0.09264,0.09387,812660,75819.3819
1786070700000,0.09387,0.09689,0.09387,0.095,823860,78742.5144
1786071000000,0.095,0.09612,0.095,0.09582,282480,27052.5966
1786071300000,0.09582,0.09621,0.09555,0.09604,324510,31112.7483
1786071600000,0.09604,0.09647,0.09592,0.09636,164690,15841.3826
1786071900000,0.09636,0.09657,0.09488,0.09488,257850,24794.3412
1786072200000,0.09488,0.09588,0.09484,0.09561,250740,23906.4927
1786072500000,0.09561,0.09582,0.09458,0.09492,201740,19200.1874
1786072800000,0.09492,0.09544,0.09454,0.09505,435160,41390.1555
1786073100000,0.09505,0.09532,0.09501,0.09512,118690,11293.2053
1786073400000,0.09512,0.09521,0.09465,0.09521,108410,10298.8921
1786073700000,0.09521,0.09538,0.095,0.09515,92850,8841.5014
1786074000000,0.09515,0.09525,0.09473,0.0949,107360,10194.8246
1786074300000,0.0949,0.09516,0.0942,0.09447,166680,15788.0004
1786074600000,0.09447,0.0945,0.09308,0.09354,128580,12054.9138
1786074900000,0.09354,0.09354,0.09238,0.09309,314840,29229.0819
1786075200000,0.09309,0.0936,0.09247,0.09326,245180,22826.7504
1786075500000,0.09326,0.09399,0.09299,0.09327,297230,27793.8276
1786075800000,0.09327,0.09327,0.09141,0.0918,947520,87253.618
1786076100000,0.0918,0.09185,0.09021,0.09092,951450,86573.2802
1786076400000,0.09092,0.09262,0.09064,0.09248,559380,51153.347
1786076700000,0.09248,0.09254,0.08911,0.08966,971470,87702.6401
1786077000000,0.08966,0.09003,0.08927,0.0897,265500,23802.1882
1786077300000,0.0897,0.09207,0.08964,0.09108,668410,60716.7657
1786077600000,0.09108,0.09222,0.08955,0.09136,1137440,103808.2719
1786077900000,0.09136,0.0917,0.09025,0.09047,894420,81317.3702
1786078200000,0.09047,0.09088,0.08984,0.08984,226050,20425.2537
1786078500000,0.08984,0.0901,0.08921,0.09,203520,18227.9338
1786078800000,0.09,0.09228,0.08984,0.09147,1100540,100433.8771
1786079100000,0.09147,0.09158,0.09076,0.09123,504260,45958.3058
1786079400000,0.09123,0.09186,0.09119,0.09184,191600,17547.672
1786079700000,0.09184,0.09216,0.09104,0.09216,211870,19366.9758
1786080000000,0.09216,0.09509,0.09205,0.09433,1696960,159094.9416
1786080300000,0.09433,0.09452,0.09345,0.09402,616450,57971.6577
1786080600000,0.09402,0.09469,0.09372,0.09402,365880,34446.3427
1786080900000,0.09402,0.09402,0.09311,0.09341,364130,34116.5706
1786081200000,0.09341,0.09508,0.09322,0.09419,684690,64370.9547
1786081500000,0.09419,0.09439,0.09329,0.09373,198200,18608.8604
1786081800000,0.09373,0.09395,0.09356,0.09386,96790,9077.6845
1786082100000,0.09386,0.09416,0.09374,0.09394,182590,17161.995
1786082400000,0.09394,0.09431,0.09355,0.0939,239670,22505.2275
1786082700000,0.0939,0.09461,0.09385,0.09446,182910,17255.3768
1786083000000,0.09446,0.09516,0.09431,0.09495,144480,13693.0202
1786083300000,0.09495,0.0958,0.09449,0.09546,519640,49456.1057
1786083600000,0.09546,0.10112,0.09546,0.09945,2554060,251794.6225
1786083900000,0.09945,0.10266,0.09884,0.10192,1230630,124051.9915
1786084200000,0.10192,0.10416,0.10117,0.10317,1208790,123978.2753
1786084500000,0.10317,0.10317,0.10085,0.102,573860,58641.7752
1786084800000,0.102,0.10333,0.10117,0.10289,638510,65269.3087
1786085100000,0.10289,0.10423,0.10235,0.10264,828650,85534.4608
1786085400000,0.10264,0.10272,0.10062,0.10197,698260,70959.2173
1786085700000,0.10197,0.10215,0.10099,0.10128,540470,54905.9898
1786086000000,0.10128,0.10135,0.10009,0.1013,543620,54778.4624
1786086300000,0.1013,0.1014,0.09992,0.10121,260860,26288.128
1786086600000,0.10121,0.1013,0.1002,0.10035,324280,32718.0929
1786086900000,0.10035,0.10126,0.10023,0.10114,126460,12750.1107
1786087200000,0.10114,0.10188,0.10069,0.10147,249670,25258.3199
1786087500000,0.10147,0.10153,0.10074,0.10151,144900,14665.5147
1786087800000,0.10151,0.10252,0.10106,0.10123,622660,63506.6771
1786088100000,0.10123,0.10133,0.09925,0.09997,504380,50576.9813
1786088400000,0.09997,0.10072,0.09942,0.10035,246410,24614.8035
1786088700000,0.10035,0.1008,0.09967,0.1008,261070,26142.1527
1786089000000,0.1008,0.10115,0.0998,0.0998,215970,21715.3689
1786089300000,0.0998,0.09999,0.09934,0.09944,119860,11942.9978
1786089600000,0.09944,0.09965,0.09545,0.09655,1306380,127039.1348
1786089900000,0.09655,0.09675,0.09485,0.09488,368860,35384.654
1786090200000,0.09488,0.0976,0.09484,0.09722,378450,36352.6815
1786090500000,0.09722,0.09762,0.09716,0.09747,80900,7882.3427
1786090800000,0.09747,0.09874,0.09723,0.0986,685960,67091.5963
1786091100000,0.0986,0.09882,0.09724,0.0974,190110,18616.7702
1786091400000,0.0974,0.09841,0.09738,0.09839,58710,5747.7302
1786091700000,0.09839,0.0989,0.09832,0.09865,123800,12211.6929
1786092000000,0.09865,0.0995,0.09856,0.099,115160,11400.7386
1786092300000,0.099,0.09915,0.09794,0.09836,114410,11254.5437
1786092600000,0.09836,0.09927,0.09815,0.09832,147650,14570.908
1786092900000,0.09832,0.0984,0.09815,0.09819,55440,5447.2213
1786093200000,0.09819,0.09963,0.09819,0.09949,248610,24583.2826
1786093500000,0.09949,0.09982,0.09901,0.09913,158920,15812.6308
1786093800000,0.09913,0.09972,0.0989,0.09972,165080,16399.9902
1786094100000,0.09972,0.1,0.09948,0.09987,205070,20454.4081
1786094400000,0.09987,0.09987,0.09918,0.09951,72780,7237.8902
1786094700000,0.09951,0.1007,0.09944,0.10069,637900,63894.2096
1786095000000,0.10069,0.1037,0.10069,0.10293,1870130,191211.5977
1786095300000,0.10293,0.1046,0.10234,0.10356,1074520,111333.1538
1786095600000,0.10356,0.10562,0.10283,0.10443,862210,89615.0856
1786095900000,0.10443,0.10609,0.10423,0.10505,479850,50438.7921
1786096200000,0.10505,0.10505,0.1031,0.10425,483740,50222.5969
1786096500000,0.10425,0.10447,0.10243,0.10315,426210,43944.2209
1786096800000,0.10315,0.10415,0.10236,0.10385,409320,42264.279
1786097100000,0.10385,0.10772,0.10385,0.10644,1765390,187983.8137
1786097400000,0.10644,0.10779,0.10604,0.10651,839470,89750.1784
1786097700000,0.10651,0.10684,0.10519,0.10542,381470,40471.7514
1786098000000,0.10542,0.10568,0.1046,0.10507,187060,19668.4603
1786098300000,0.10507,0.10649,0.10453,0.10649,402230,42535.9046
1786098600000,0.10649,0.10695,0.10495,0.10668,502710,53243.2661
1786098900000,0.10668,0.1077,0.10658,0.10658,351680,37731.168
1786099200000,0.10658,0.10658,0.10441,0.10455,224670,23631.4051
1786099500000,0.10455,0.1049,0.10364,0.10372,200930,20963.7061
1786099800000,0.10372,0.10433,0.10321,0.10393,294530,30553.7577
1786100100000,0.10393,0.10393,0.103,0.1037,145430,15043.8531
1786100400000,0.1037,0.10428,0.10303,0.10318,234450,24234.2305
1786100700000,0.10318,0.1052,0.10315,0.10486,237760,24797.8995
1786101000000,0.10486,0.10667,0.10399,0.10622,673760,71212.9876
1786101300000,0.10622,0.10695,0.1057,0.10633,323410,34423.4916
1786101600000,0.10633,0.10715,0.10589,0.10659,488180,51993.5701
1786101900000,0.10659,0.10694,0.10537,0.10611,736120,78165.663
1786102200000,0.10611,0.10657,0.106,0.1063,461770,49110.223
1786102500000,0.1063,0.10648,0.10595,0.10638,145500,15461.2292
1786102800000,0.10638,0.10765,0.10614,0.10763,670820,71596.9778
1786103100000,0.10763,0.10861,0.10706,0.1073,447490,48261.7341
1786103400000,0.1073,0.10745,0.10633,0.10737,308610,33045.5029
1786103700000,0.10737,0.10759,0.10685,0.10708,220330,23629.8569
1786104000000,0.10708,0.10795,0.10677,0.10695,404800,43354.9916
1786104300000,0.10695,0.10787,0.1058,0.10593,724550,77278.0081
1786104600000,0.10593,0.1073,0.1055,0.1073,179270,19049.9498
1786104900000,0.1073,0.10794,0.10655,0.10705,446830,47936.1391
1786105200000,0.10705,0.10817,0.10685,0.10767,274590,29474.0582
1786105500000,0.10767,0.10934,0.10739,0.10766,528490,57210.2689
1786105800000,0.10766,0.10938,0.10744,0.10919,568000,61591.6029
1786106100000,0.10919,0.11589,0.10919,0.11246,2098270,236289.6848
1786106400000,0.11246,0.11371,0.11207,0.11246,490810,55280.8725
1786106700000,0.11246,0.11347,0.1109,0.11101,374720,42108.6691
1786107000000,0.11101,0.11485,0.11101,0.11354,824590,93497.8303
1786107300000,0.11354,0.11428,0.11183,0.1121,371870,42027.9527
1786107600000,0.1121,0.11256,0.10999,0.1108,685110,75979.4574
1786107900000,0.1108,0.1108,0.10815,0.10818,672150,73324.2264
1786108200000,0.10818,0.1085,0.10705,0.10805,640420,69080.5124
1786108500000,0.10805,0.10954,0.10719,0.10939,1116080,121101.0891
1786108800000,0.10939,0.11018,0.10895,0.10924,330260,36174.2535
1786109100000,0.10924,0.10944,0.10748,0.10774,267030,29015.4458
1786109400000,0.10774,0.1078,0.10549,0.10596,600120,63860.1458
1786109700000,0.10596,0.10824,0.10596,0.1081,237380,25486.365
1786110000000,0.1081,0.10866,0.108,0.1084,237100,25681.1665
1786110300000,0.1084,0.1086,0.10623,0.10647,321000,34562.6758
1786110600000,0.10647,0.107,0.10631,0.10634,140050,14929.9514
1786110900000,0.10634,0.1064,0.10412,0.10488,771180,80985.3766
1786111200000,0.10488,0.10512,0.10231,0.10292,835270,86572.1448
1786111500000,0.10292,0.10304,0.10067,0.10274,794360,80845.2818
1786111800000,0.10274,0.10329,0.10177,0.103,353160,36288.5729
1786112100000,0.103,0.1032,0.1017,0.10177,251880,25829.5683
1786112400000,0.10177,0.10367,0.10165,0.10308,396460,40777.8818
1786112700000,0.10308,0.10463,0.10308,0.10457,234640,24388.5284
1786113000000,0.10457,0.10465,0.10375,0.10405,173320,18079.3969
1786113300000,0.10405,0.10452,0.10401,0.10452,76040,7929.8938
1786113600000,0.10452,0.10456,0.10378,0.10429,291850,30450.6288
1786113900000,0.10429,0.10433,0.10259,0.10351,398450,41169.5501
1786114200000,0.10351,0.10361,0.10138,0.10138,260150,26609.7207
1786114500000,0.10138,0.10153,0.09758,0.09858,1613470,159964.8003
1786114800000,0.09858,0.09906,0.09502,0.09681,2512950,243135.9153
1786115100000,0.09681,0.0989,0.09636,0.09885,680280,66242.143
1786115400000,0.09885,0.09956,0.09681,0.09735,669000,65808.1272
1786115700000,0.09735,0.09848,0.0971,0.09819,262110,25585.9382
1786116000000,0.09819,0.0985,0.09715,0.09829,336490,32950.2658
1786116300000,0.09829,0.09982,0.09816,0.09967,528490,52373.0311
1786116600000,0.09967,0.1,0.0985,0.09967,247400,24569.3708
1786116900000,0.09967,0.0999,0.0994,0.09968,113610,11321.9935
1786117200000,0.09968,0.101,0.09935,0.10018,312230,31321.4456
1786117500000,0.10018,0.10019,0.09899,0.09921,280610,27962.3388
1786117800000,0.09921,0.1005,0.09898,0.10036,398810,39979.3307
1786118100000,0.10036,0.10197,0.10018,0.10095,656710,66462.322
1786118400000,0.10095,0.10151,0.1,0.1008,254390,25626.458
1786118700000,0.1008,0.1022,0.10079,0.1022,169330,17230.2956
1786119000000,0.1022,0.10225,0.10045,0.10095,257410,26128.87
1786119300000,0.10095,0.10195,0.10068,0.10152,127900,12969.7916
1786119600000,0.10152,0.10221,0.10049,0.1007,301650,30606.8357
1786119900000,0.1007,0.10126,0.1002,0.10071,112720,11366.3822
1786120200000,0.10071,0.10178,0.09962,0.10139,332160,33331.7633
1786120500000,0.10139,0.1014,0.10065,0.10131,123810,12508.4162
1786120800000,0.10131,0.10138,0.10061,0.10066,65970,6666.0406
1786121100000,0.10066,0.10066,0.09944,0.10019,151160,15105.6252
1786121400000,0.10019,0.10056,0.10002,0.1003,90640,9082.3424
1786121700000,0.1003,0.10141,0.09973,0.10015,205860,20697.7943
1786122000000,0.10015,0.10065,0.09857,0.09864,362580,36169.2639
1786122300000,0.09864,0.0994,0.09829,0.09922,198550,19666.804
1786122600000,0.09922,0.09945,0.0988,0.09882,195020,19337.1637
1786122900000,0.09882,0.09882,0.09794,0.0983,159660,15693.3404
1786123200000,0.0983,0.0991,0.0983,0.09861,126000,12439.9458
1786123500000,0.09861,0.09868,0.09711,0.098,285580,27933.3561
1786123800000,0.098,0.09973,0.098,0.09944,193500,19112.5138
1786124100000,0.09944,0.09951,0.09839,0.09839,132970,13141.2482
1786124400000,0.09839,0.09891,0.09794,0.0983,191270,18827.4347
1786124700000,0.0983,0.09882,0.09814,0.09819,201540,19857.2936
1786125000000,0.09819,0.09821,0.0964,0.09747,385750,37507.2595
1786125300000,0.09747,0.09778,0.09712,0.09745,87630,8546.5383
1786125600000,0.09745,0.09834,0.0972,0.0972,151970,14875.7973
1786125900000,0.0972,0.09749,0.09665,0.09701,154320,14973.2867
1786126200000,0.09701,0.09851,0.09701,0.0977,148090,14496.4349
1786126500000,0.0977,0.0987,0.09735,0.09791,172550,16934.7929
1786126800000,0.09791,0.09812,0.09753,0.09762,160980,15738.4392
1786127100000,0.09762,0.09809,0.09746,0.0976,74560,7284.6228
1786127400000,0.0976,0.09778,0.0975,0.09772,47950,4681.3766
1786127700000,0.09772,0.09789,0.09701,0.0971,79450,7749.3206
1786128000000,0.0971,0.09711,0.09025,0.09397,1801170,169865.4367
1786128300000,0.09397,0.09476,0.0935,0.09367,655000,61739.4236
1786128600000,0.09367,0.09406,0.09355,0.09367,183030,17166.3036
1786128900000,0.09367,0.09503,0.09367,0.09492,137850,12994.2892
1786129200000,0.09492,0.09579,0.09484,0.09565,278410,26562.8756
1786129500000,0.09565,0.09618,0.09554,0.0961,99810,9564.519
1786129800000,0.0961,0.0961,0.0954,0.09549,195760,18750.1666
1786130100000,0.09549,0.09645,0.09541,0.09599,104640,10038.6432
1786130400000,0.09599,0.09625,0.0959,0.09625,24260,2331.781
1786130700000,0.09625,0.09723,0.09622,0.09655,118620,11473.5006
1786131000000,0.09655,0.09751,0.09632,0.09733,209940,20371.8498
1786131300000,0.09733,0.09733,0.09585,0.09594,152550,14702.9977
1786131600000,0.09594,0.09756,0.09588,0.09734,202100,19563.0829
1786131900000,0.09734,0.09749,0.0969,0.09739,176910,17197.7933
1786132200000,0.09739,0.09877,0.097,0.09792,355370,34896.4056
1786132500000,0.09792,0.09834,0.09767,0.09785,108100,10594.8238
1786132800000,0.09785,0.09943,0.09766,0.09919,469730,46395.8135
1786133100000,0.09919,0.09946,0.09902,0.0992,268680,26661.4696
1786133400000,0.0992,0.0993,0.09797,0.09847,766870,75578.0454
1786133700000,0.09847,0.099,0.09832,0.09895,186440,18398.1502
1786134000000,0.09895,0.09939,0.0976,0.09932,964520,94985.9215
1786134300000,0.09932,0.09976,0.09916,0.09931,200760,19962.7361
1786134600000,0.09931,0.09931,0.09833,0.09863,199690,19720.6695
1786134900000,0.09863,0.09894,0.09814,0.09872,178820,17616.9051
1786135200000,0.09872,0.09931,0.09843,0.09843,145010,14359.8092
1786135500000,0.09843,0.09845,0.098,0.0983,124330,12204.1595
1786135800000,0.0983,0.0996,0.0983,0.09936,41140,4071.2472
1786136100000,0.09936,0.09959,0.09895,0.09905,39500,3923.3761
1786136400000,0.09905,0.10004,0.09905,0.09964,147500,14701.076
1786136700000,0.09964,0.10013,0.09927,0.10003,102590,10214.5477
1786137000000,0.10003,0.10033,0.09837,0.09849,195230,19446.0046
1786137300000,0.09849,0.09849,0.09678,0.09713,338150,33003.7995
1786137600000,0.09713,0.0973,0.09557,0.09591,323800,31212.8443
1786137900000,0.09591,0.09647,0.09472,0.09516,800340,76403.406
1786138200000,0.09516,0.09605,0.09436,0.096,220830,21010.0525
1786138500000,0.096,0.09628,0.09529,0.09559,283600,27140.6687
1786138800000,0.09559,0.09595,0.0953,0.09544,130330,12466.5106
1786139100000,0.09544,0.09552,0.09279,0.09304,234910,22058.283
1786139400000,0.09304,0.0937,0.09292,0.09328,172190,16068.9024
1786139700000,0.09328,0.09452,0.09311,0.09373,188110,17641.7034
1786140000000,0.09373,0.09533,0.09356,0.09488,437780,41397.5705
1786140300000,0.09488,0.09528,0.09433,0.09525,204100,19356.0445
1786140600000,0.09525,0.09549,0.09497,0.09502,192950,18376.4172
1786140900000,0.09502,0.09617,0.09473,0.09595,209500,19997.3912
1786141200000,0.09595,0.09609,0.09498,0.09503,249140,23783.2345
1786141500000,0.09503,0.09609,0.09474,0.09604,247890,23628.0975
1786141800000,0.09604,0.09664,0.09575,0.09604,556390,53564.0973
1786142100000,0.09604,0.09605,0.0955,0.09601,148120,14185.0266
1786142400000,0.09601,0.09681,0.09593,0.09675,259070,24964.6854
1786142700000,0.09675,0.09791,0.09651,0.09666,783520,76158.8388
1786143000000,0.09666,0.09722,0.0964,0.09717,150870,14609.6063
1786143300000,0.09717,0.09734,0.09587,0.09607,259560,25102.5822
1786143600000,0.09607,0.09628,0.09565,0.09577,162680,15611.3935
1786143900000,0.09577,0.09638,0.09561,0.0961,108700,10436.1624
1786144200000,0.0961,0.09654,0.0961,0.09645,125710,12104.3656
1786144500000,0.09645,0.09679,0.0963,0.09659,50100,4839.2972
1786144800000,0.09659,0.09693,0.0956,0.0958,197100,18996.3123
1786145100000,0.0958,0.0958,0.09485,0.09501,365050,34777.5389
1786145400000,0.09501,0.09517,0.09442,0.09442,134710,12766.4361
1786145700000,0.09442,0.0952,0.09442,0.09494,110110,10458.2574
1786146000000,0.09494,0.09567,0.0949,0.09563,110430,10508.5846
1786146300000,0.09563,0.09581,0.09483,0.09541,155740,14848.6219
1786146600000,0.09541,0.09549,0.09515,0.09517,51020,4864.0925
1786146900000,0.09517,0.09517,0.09378,0.09409,318980,30173.7361
1786147200000,0.09409,0.09504,0.09392,0.09494,248960,23470.9217
1786147500000,0.09494,0.09547,0.09354,0.09354,356810,33779.2062
1786147800000,0.09354,0.09398,0.09163,0.09214,956500,88377.3592
1786148100000,0.09214,0.09295,0.09066,0.09287,552030,50638.1658
1786148400000,0.09287,0.09435,0.09287,0.09296,250830,23490.4681
1786148700000,0.09296,0.09393,0.09296,0.09393,162690,15184.3873
1786149000000,0.09393,0.09393,0.09339,0.09358,73120,6848.5893
1786149300000,0.09358,0.09473,0.09358,0.0947,131490,12380.7482
1786149600000,0.0947,0.09475,0.09435,0.0946,42090,3977.045
1786149900000,0.0946,0.09489,0.09451,0.09484,48920,4635.2756
1786150200000,0.09484,0.09534,0.09476,0.09519,115480,10978.368
1786150500000,0.09519,0.09582,0.0949,0.09531,119350,11381.7209
1786150800000,0.09531,0.09534,0.09335,0.09365,380720,35725.2367
1786151100000,0.09365,0.0945,0.09365,0.09414,195140,18376.4689
1786151400000,0.09414,0.0943,0.09352,0.09379,116280,10917.7651
1786151700000,0.09379,0.09382,0.09356,0.09369,48060,4504.8315
1786152000000,0.09369,0.09381,0.0934,0.0934,18540,1735.0523
1786152300000,0.0934,0.09353,0.09295,0.09346,118220,11021.1099
1786152600000,0.09346,0.09393,0.09346,0.09378,31460,2948.9148
1786152900000,0.09378,0.09381,0.09365,0.09365,11480,1076.3897
1786153200000,0.09365,0.09379,0.09345,0.09377,227400,21289.7612
1786153500000,0.09377,0.09408,0.09368,0.09395,82540,7746.2455
1786153800000,0.09395,0.09403,0.09306,0.09349,125850,11752.7114
1786154100000,0.09349,0.09389,0.09349,0.09388,12580,1178.0037
1786154400000,0.09388,0.09389,0.09362,0.09374,52270,4899.5532
1786154700000,0.09374,0.09491,0.09365,0.09473,82820,7829.276
1786155000000,0.09473,0.09491,0.09459,0.09485,30820,2920.2343
1786155300000,0.09485,0.0951,0.09479,0.09491,64530,6129.7243
1786155600000,0.09491,0.09586,0.09485,0.09586,66260,6327.3643
1786155900000,0.09586,0.09688,0.09572,0.09687,132110,12728.2885
1786156200000,0.09687,0.09876,0.09687,0.09761,691950,67722.8032
1786156500000,0.09761,0.09907,0.09756,0.09866,354830,34957.7764
1786156800000,0.09866,0.09888,0.09682,0.097,279140,27355.9225
1786157100000,0.097,0.09746,0.09664,0.09721,141880,13767.051
1786157400000,0.09721,0.09762,0.09646,0.09733,271450,26332.1238
1786157700000,0.09733,0.0982,0.09715,0.09766,168060,16419.969
1786158000000,0.09766,0.09807,0.09757,0.09807,110740,10836.7998
1786158300000,0.09807,0.09815,0.09687,0.09696,150380,14641.8496
1786158600000,0.09696,0.09702,0.09667,0.09667,25220,2442.888
1786158900000,0.09667,0.09803,0.09667,0.09775,145890,14221.4935
1786159200000,0.09775,0.09888,0.0973,0.09775,163590,16003.5829
1786159500000,0.09775,0.09855,0.0977,0.09855,180750,17758.0404
1786159800000,0.09855,0.10131,0.09784,0.09997,1257670,125198.7133
1786160100000,0.09997,0.10111,0.09965,0.10085,503550,50589.5855
1786160400000,0.10085,0.10139,0.10051,0.10139,308580,31145.2338
1786160700000,0.10139,0.10155,0.1007,0.1007,179330,18179.3378
1786161000000,0.1007,0.10191,0.10042,0.10141,362700,36649.3532
1786161300000,0.10141,0.10149,0.10114,0.10118,37740,3823.1205
1786161600000,0.10118,0.1021,0.10109,0.10125,279020,28365.3921
1786161900000,0.10125,0.10214,0.10032,0.10214,344840,34929.3019
1786162200000,0.10214,0.10355,0.10205,0.10213,587180,60338.8756
1786162500000,0.10213,0.10535,0.10189,0.10476,584470,60724.893
1786162800000,0.10476,0.10509,0.10429,0.10489,208000,21774.9291
1786163100000,0.10489,0.10526,0.10475,0.10508,167780,17622.1981
1786163400000,0.10508,0.1052,0.1045,0.10509,185160,19428.4172
1786163700000,0.10509,0.10562,0.10345,0.10345,304090,31928.0829
1786164000000,0.10345,0.10345,0.10089,0.10179,505910,51683.3966
1786164300000,0.10179,0.10272,0.10162,0.10208,229390,23440.4867
1786164600000,0.10208,0.10221,0.10002,0.10025,269560,27251.7305
1786164900000,0.10025,0.1003,0.09962,0.10013,200220,20013.9726
1786165200000,0.10013,0.10111,0.09992,0.10049,201090,20208.7803
1786165500000,0.10049,0.10072,0.10034,0.10056,53590,5387.6323
1786165800000,0.10056,0.10095,0.10054,0.10095,50630,5100.4704
1786166100000,0.10095,0.10145,0.10092,0.10132,26730,2705.9409
1786166400000,0.10132,0.10188,0.10052,0.10053,334690,33802.0189
1786166700000,0.10053,0.10072,0.1003,0.10045,198180,19911.6751
1786167000000,0.10045,0.10059,0.09904,0.09904,156340,15598.2777
1786167300000,0.09904,0.10043,0.09897,0.10012,117190,11676.4774
1786167600000,0.10012,0.1006,0.10012,0.10043,52410,5261.4619
1786167900000,0.10043,0.10141,0.10043,0.10099,174340,17593.8572
1786168200000,0.10099,0.10099,0.10026,0.10026,92430,9302.8203
1786168500000,0.10026,0.10067,0.10026,0.10033,74170,7455.4814
1786168800000,0.10033,0.10049,0.09939,0.09951,181240,18114.6394
1786169100000,0.09951,0.09959,0.099,0.09959,185540,18424.7484
1786169400000,0.09959,0.10076,0.09949,0.10048,92810,9308.642
1786169700000,0.10048,0.10117,0.10039,0.10114,92460,9329.1727
1786170000000,0.10114,0.10128,0.10067,0.10069,106820,10785.9092
1786170300000,0.10069,0.10069,0.09985,0.10009,106150,10633.8373
1786170600000,0.10009,0.10015,0.0984,0.09842,132000,13083.3451
1786170900000,0.09842,0.09884,0.09824,0.09864,120390,11864.2523
1786171200000,0.09864,0.09904,0.09845,0.09846,196100,19341.5308
1786171500000,0.09846,0.09928,0.09846,0.09876,70560,6977.8921
1786171800000,0.09876,0.09883,0.0971,0.09759,310830,30352.9936
1786172100000,0.09759,0.09821,0.09734,0.09799,143870,14048.6771
1786172400000,0.09799,0.09829,0.09799,0.09816,37020,3632.9133
1786172700000,0.09816,0.09816,0.09756,0.09763,103600,10143.2973
1786173000000,0.09763,0.09779,0.09629,0.09657,235570,22864.5141
1786173300000,0.09657,0.09698,0.09629,0.09656,170630,16488.925
1786173600000,0.09656,0.09699,0.09648,0.09666,200340,19383.2417
1786173900000,0.09666,0.09672,0.09597,0.09624,269830,26000.5553
1786174200000,0.09624,0.09667,0.09624,0.09658,112650,10866.1806
1786174500000,0.09658,0.09684,0.09653,0.09662,81620,7885.9739
1786174800000,0.09662,0.09713,0.09657,0.097,95970,9287.9001
1786175100000,0.097,0.09703,0.09558,0.09615,465190,44722.4053
1786175400000,0.09615,0.09713,0.09585,0.0962,247780,23909.7075
1786175700000,0.0962,0.09632,0.09081,0.09476,1931950,181577.4121
1786176000000,0.09476,0.09501,0.09165,0.09306,3318730,310280.2585
1786176300000,0.09306,0.09407,0.09306,0.09356,742210,69387.1126
1786176600000,0.09356,0.09385,0.0918,0.09306,623150,57935.7935
1786176900000,0.09306,0.09316,0.09239,0.09265,166200,15409.2071
1786177200000,0.09265,0.09353,0.09265,0.09306,90690,8449.6257
1786177500000,0.09306,0.09378,0.09276,0.09345,167490,15621.1051
1786177800000,0.09345,0.09402,0.09317,0.09365,213290,19959.3789
1786178100000,0.09365,0.09377,0.0903,0.0924,1154180,106670.6079
1786178400000,0.0924,0.09424,0.09188,0.09368,659470,61370.3054
1786178700000,0.09368,0.09452,0.09354,0.09439,321430,30245.4043
1786179000000,0.09439,0.09551,0.09425,0.09444,441720,41883.5356
1786179300000,0.09444,0.09553,0.09444,0.09507,170440,16180.5655
1786179600000,0.09507,0.09543,0.09455,0.09472,107470,10215.888
1786179900000,0.09472,0.09481,0.09435,0.09454,97860,9257.4379
1786180200000,0.09454,0.09478,0.09443,0.09455,74590,7055.7398
1786180500000,0.09455,0.09507,0.09425,0.095,142090,13449.8956
1786180800000,0.095,0.095,0.09456,0.09473,80130,7597.4121
1786181100000,0.09473,0.09527,0.09461,0.09515,160150,15199.3373
1786181400000,0.09515,0.09916,0.09502,0.09885,954270,92935.2255
1786181700000,0.09885,0.09933,0.09855,0.09897,248850,24625.5779
1786182000000,0.09897,0.09927,0.09873,0.09911,139640,13821.5164
1786182300000,0.09911,0.10023,0.09896,0.09983,195830,19501.0958
1786182600000,0.09983,0.10062,0.09925,0.10005,312120,31234.7684
1786182900000,0.10005,0.10058,0.09966,0.10024,163030,16325.4009
1786183200000,0.10024,0.10027,0.09934,0.09952,257880,25724.7795
1786183500000,0.09952,0.10052,0.09923,0.09998,176270,17613.1373
1786183800000,0.09998,0.10058,0.09927,0.10057,212180,21173.6166
1786184100000,0.10057,0.10149,0.10047,0.10079,272190,27516.0214
1786184400000,0.10079,0.10079,0.09889,0.09907,117410,11706.4684
1786184700000,0.09907,0.09913,0.09721,0.09856,592230,58054.715
1786185000000,0.09856,0.09876,0.09778,0.09794,82100,8078.7985
1786185300000,0.09794,0.09816,0.09768,0.09768,109960,10769.3565
1786185600000,0.09768,0.09868,0.09741,0.09822,301350,29522.4334
1786185900000,0.09822,0.09865,0.0966,0.09734,431500,41977.5291
1786186200000,0.09734,0.09763,0.0967,0.09671,93820,9125.7645
1786186500000,0.09671,0.09737,0.09639,0.09729,123080,11919.4576
1786186800000,0.09729,0.09748,0.09712,0.09748,33840,3292.7683
1786187100000,0.09748,0.09748,0.09673,0.09673,131140,12746.3074
1786187400000,0.09673,0.097,0.09625,0.09657,97230,9400.8172
1786187700000,0.09657,0.09678,0.09656,0.09656,51900,5017.9366
1786188000000,0.09656,0.09682,0.09586,0.09667,125290,12073.5887
1786188300000,0.09667,0.09682,0.09642,0.09669,39860,3851.1199
1786188600000,0.09669,0.09696,0.09664,0.09685,43380,4199.2147
1786188900000,0.09685,0.09706,0.09678,0.09702,28810,2792.6994
1786189200000,0.09702,0.09711,0.09685,0.09686,32450,3147.9076
1786189500000,0.09686,0.09686,0.09566,0.09569,94550,9114.754
1786189800000,0.09569,0.09582,0.09559,0.09573,56760,5433.1431
1786190100000,0.09573,0.09592,0.09566,0.09592,33860,3241.8493
1786190400000,0.09592,0.09636,0.09588,0.09636,38720,3718.8915
1786190700000,0.09636,0.09648,0.09625,0.09648,35100,3383.5673
1786191000000,0.09648,0.09656,0.0958,0.09591,71820,6913.6329
1786191300000,0.09591,0.09652,0.09585,0.09647,49320,4742.3883
1786191600000,0.09647,0.09711,0.09625,0.09625,141910,13722.054
1786191900000,0.09625,0.09659,0.09625,0.09647,20280,1955.7116
1786192200000,0.09647,0.09647,0.0962,0.0962,13770,1326.9098
1786192500000,0.0962,0.09841,0.09619,0.09841,163100,15889.8733
1786192800000,0.09841,0.09944,0.09832,0.0993,217660,21525.4041
1786193100000,0.0993,0.09993,0.09887,0.09901,252550,25088.0069
1786193400000,0.09901,0.09938,0.09893,0.09932,93020,9217.1321
1786193700000,0.09932,0.09939,0.09889,0.09919,124770,12361.6021
1786194000000,0.09919,0.09933,0.09887,0.09891,381840,37804.7787
1786194300000,0.09891,0.09905,0.09847,0.09847,224920,22241.0762
1786194600000,0.09847,0.09926,0.09816,0.09836,199750,19703.1424
1786194900000,0.09836,0.09965,0.09832,0.09871,171830,17016.3879
1786195200000,0.09871,0.0994,0.09871,0.099,230260,22828.022
1786195500000,0.099,0.09901,0.09827,0.09827,60740,5996.8598
1786195800000,0.09827,0.09832,0.0976,0.09767,129820,12709.3392
1786196100000,0.09767,0.0985,0.0975,0.0985,75390,7381.3255
1786196400000,0.0985,0.09921,0.09846,0.09854,202130,20011.1967
1786196700000,0.09854,0.10026,0.09854,0.09965,288750,28723.8258
1786197000000,0.09965,0.10044,0.09894,0.09941,169730,16932.2197
1786197300000,0.09941,0.09977,0.09933,0.0997,30650,3052.9394
1786197600000,0.0997,0.10073,0.0997,0.10065,101930,10232.071
1786197900000,0.10065,0.1011,0.10064,0.10098,67400,6799.4148
1786198200000,0.10098,0.1013,0.10015,0.10029,260000,26218.6661
1786198500000,0.10029,0.1034,0.10008,0.10165,656970,67044.9275
1786198800000,0.10165,0.10225,0.10114,0.10192,185520,18862.5223
1786199100000,0.10192,0.1022,0.10172,0.10207,80460,8202.7218
1786199400000,0.10207,0.10342,0.1013,0.10317,623800,63834.2578
1786199700000,0.10317,0.10429,0.10283,0.10394,399790,41409.2865
1786200000000,0.10394,0.10425,0.10275,0.10288,255470,26483.8732
1786200300000,0.10288,0.10288,0.10209,0.10234,93550,9585.3627
1786200600000,0.10234,0.10237,0.1018,0.10216,139520,14235.5166
1786200900000,0.10216,0.10388,0.10214,0.10354,404950,41827.618
1786201200000,0.10354,0.10381,0.10306,0.10326,219150,22646.9214
1786201500000,0.10326,0.10356,0.10201,0.10242,474500,48752.4101
1786201800000,0.10242,0.103,0.10217,0.10285,203030,20823.7513
1786202100000,0.10285,0.10347,0.10209,0.10324,278720,28671.3629
1786202400000,0.10324,0.10357,0.10315,0.10315,114710,11856.4609
1786202700000,0.10315,0.10449,0.10311,0.10438,366080,38000.0042
1786203000000,0.10438,0.10499,0.10383,0.10428,301740,31492.8626
1786203300000,0.10428,0.10486,0.1042,0.1048,185010,19343.8726
1786203600000,0.1048,0.10602,0.10462,0.10509,384870,40575.9933
1786203900000,0.10509,0.10719,0.10496,0.10645,554990,58878.9879
1786204200000,0.10645,0.10656,0.10536,0.10545,308590,32682.6711
1786204500000,0.10545,0.10623,0.10537,0.10623,50110,5292.6924
1786204800000,0.10623,0.10853,0.1061,0.1075,568400,61229.2864
1786205100000,0.1075,0.10923,0.107,0.107,850090,92162.2112
1786205400000,0.107,0.107,0.10432,0.10508,591820,62428.1727
1786205700000,0.10508,0.10755,0.10482,0.1067,273660,29128.5038
1786206000000,0.1067,0.10736,0.10556,0.10605,181660,19316.8876
1786206300000,0.10605,0.1079,0.10577,0.10773,329830,35312.9212
1786206600000,0.10773,0.10804,0.1061,0.10645,157830,16894.0743
1786206900000,0.10645,0.10672,0.1055,0.1056,213540,22642.6867
1786207200000,0.1056,0.10594,0.10389,0.10485,519180,54437.7512
1786207500000,0.10485,0.10547,0.10411,0.10446,275900,28871.3218
1786207800000,0.10446,0.1053,0.10446,0.10493,103750,10890.1207
1786208100000,0.10493,0.10546,0.1042,0.10533,287660,30166.8092
1786208400000,0.10533,0.10608,0.10533,0.10567,105780,11187.4466
1786208700000,0.10567,0.10701,0.10566,0.10649,135080,14373.8724
1786209000000,0.10649,0.10666,0.10625,0.10638,62760,6679.4078
1786209300000,0.10638,0.10783,0.10503,0.10697,284760,30289.5779
1786209600000,0.10697,0.11456,0.10693,0.11228,1602170,178822.7004
1786209900000,0.11228,0.11578,0.1111,0.11436,1813870,205923.2721
1786210200000,0.11436,0.11666,0.11259,0.11392,1002560,114884.678
1786210500000,0.11392,0.1153,0.11265,0.11303,972490,110817.5597
1786210800000,0.11303,0.11466,0.11294,0.11382,504500,57518.9428
1786211100000,0.11382,0.11385,0.11178,0.11245,838160,94461.9663
1786211400000,0.11245,0.11392,0.11203,0.11265,255690,28807.4938
1786211700000,0.11265,0.11346,0.11184,0.11236,183620,20663.6296
1786212000000,0.11236,0.1127,0.1114,0.11205,266340,29831.2707
1786212300000,0.11205,0.11288,0.11204,0.11288,169340,19068.8275
1786212600000,0.11288,0.1149,0.11156,0.11471,368150,41720.8593
1786212900000,0.11471,0.11537,0.11355,0.11505,333490,38203.6592
1786213200000,0.11505,0.11578,0.11355,0.11575,1238050,141995.1315
1786213500000,0.11575,0.11593,0.11505,0.11518,270130,31223.8624
1786213800000,0.11518,0.11572,0.11416,0.11558,208670,24012.1556
1786214100000,0.11558,0.11745,0.11487,0.11659,721290,83833.8369
1786214400000,0.11659,0.11659,0.11383,0.11403,945260,109119.3549
1786214700000,0.11403,0.11507,0.1132,0.11341,328680,37498.9478
1786215000000,0.11341,0.11409,0.1128,0.11292,421070,47644.7397
1786215300000,0.11292,0.1132,0.11148,0.1121,305600,34359.8908
1786215600000,0.1121,0.1127,0.11138,0.11229,262300,29391.2417
1786215900000,0.11229,0.11253,0.11007,0.11135,528520,58830.8694
1786216200000,0.11135,0.113,0.11126,0.11181,238570,26692.4461
1786216500000,0.11181,0.11264,0.11174,0.11216,232770,26102.9085
1786216800000,0.11216,0.11536,0.11203,0.11502,498410,56713.9838
1786217100000,0.11502,0.11617,0.115,0.11529,503110,58196.6157
1786217400000,0.11529,0.1156,0.1131,0.11401,393670,44964.3797
1786217700000,0.11401,0.11414,0.11345,0.11375,80310,9131.6597
1786218000000,0.11375,0.11401,0.1135,0.11363,34710,3949.661
1786218300000,0.11363,0.11392,0.11223,0.11352,493130,55745.204
1786218600000,0.11352,0.11455,0.11352,0.11452,47620,5433.5967
1786218900000,0.11452,0.11466,0.11418,0.11446,194260,22236.7777
1786219200000,0.11446,0.1148,0.11426,0.1146,92170,10552.0656
1786219500000,0.1146,0.11465,0.11394,0.11429,159790,18272.6654
1786219800000,0.11429,0.1152,0.11257,0.11274,637740,72929.5972
1786220100000,0.11274,0.11414,0.11208,0.11386,315110,35632.19
1786220400000,0.11386,0.11627,0.11381,0.1144,917440,105300.6035
1786220700000,0.1144,0.11646,0.1144,0.11577,400130,46136.296
1786221000000,0.11577,0.11726,0.11547,0.11722,387840,45100.596
1786221300000,0.11722,0.11805,0.11625,0.11629,285080,33473.7778
1786221600000,0.11629,0.11661,0.1158,0.11627,186180,21641.836
1786221900000,0.11627,0.11752,0.11627,0.11745,97800,11425.8744
1786222200000,0.11745,0.11853,0.11654,0.11715,255560,30034.4727
1786222500000,0.11715,0.11984,0.1166,0.11853,745350,88202.1798
1786222800000,0.11853,0.12199,0.11787,0.12075,931130,111375.0293
1786223100000,0.12075,0.12241,0.12045,0.12082,738130,89652.9364
1786223400000,0.12082,0.12088,0.11902,0.11902,467380,56072.243
1786223700000,0.11902,0.12054,0.1187,0.12043,362120,43274.5944
1786224000000,0.12043,0.12091,0.1196,0.12026,382680,45993.1132
1786224300000,0.12026,0.12273,0.11986,0.12232,470430,57137.9852
1786224600000,0.12232,0.12295,0.1211,0.12117,397290,48526.4361
1786224900000,0.12117,0.12724,0.12112,0.12434,2608360,326296.2817
1786225200000,0.12434,0.12505,0.12092,0.12092,423430,52194.7381
1786225500000,0.12092,0.12205,0.12071,0.12188,119840,14518.5976
1786225800000,0.12188,0.12284,0.12138,0.12228,141200,17246.6508
1786226100000,0.12228,0.12436,0.12202,0.1241,623570,76920.3312
1786226400000,0.1241,0.12566,0.12375,0.12565,520040,64724.8928
1786226700000,0.12565,0.12685,0.12175,0.12212,1805740,224055.211
1786227000000,0.12212,0.12245,0.11881,0.11926,591290,71023.061
1786227300000,0.11926,0.12031,0.11897,0.11923,239070,28629.8369
1786227600000,0.11923,0.12008,0.11712,0.12008,1132540,134003.1275
1786227900000,0.12008,0.12101,0.11909,0.11945,347770,41800.811
1786228200000,0.11945,0.12426,0.11945,0.12426,491100,59883.2566
1786228500000,0.12426,0.12558,0.12159,0.1234,857930,105823.907
1786228800000,0.1234,0.12396,0.12295,0.1237,209440,25859.6741
1786229100000,0.1237,0.12389,0.12237,0.123,416170,51214.8417
1786229400000,0.123,0.1233,0.1208,0.12084,308030,37620.9407
1786229700000,0.12084,0.12143,0.1197,0.12033,396140,47755.7541
1786230000000,0.12033,0.12099,0.11976,0.12093,395880,47716.4537
1786230300000,0.12093,0.12117,0.12073,0.12116,83890,10146.4365
1786230600000,0.12116,0.12255,0.121,0.12164,270290,32928.0421
1786230900000,0.12164,0.12219,0.12131,0.12219,110570,13454.6327
1786231200000,0.12219,0.1232,0.12219,0.12291,127760,15679.1265
1786231500000,0.12291,0.12381,0.12253,0.12358,110720,13626.1467
1786231800000,0.12358,0.12464,0.12355,0.12405,156330,19403.1099
1786232100000,0.12405,0.12412,0.12325,0.12325,190090,23509.7885
1786232400000,0.12325,0.12537,0.12317,0.12525,317220,39499.8632
1786232700000,0.12525,0.12674,0.12525,0.12637,477770,60140.3028
1786233000000,0.12637,0.127,0.12515,0.12538,198770,25061.4242
1786233300000,0.12538,0.12595,0.12368,0.12412,290370,36330.9486
1786233600000,0.12412,0.12473,0.12408,0.1243,91800,11421.0392
1786233900000,0.1243,0.1243,0.12302,0.12311,186930,23081.2463
1786234200000,0.12311,0.12387,0.12311,0.12359,118880,14680.8067
1786234500000,0.12359,0.12486,0.12345,0.12448,353700,43941.5765
1786234800000,0.12448,0.12495,0.12416,0.12448,122430,15253.0604
1786235100000,0.12448,0.12462,0.12238,0.12257,291420,35922.9484
1786235400000,0.12257,0.12426,0.12239,0.12426,120940,14874.1897
1786235700000,0.12426,0.127,0.1242,0.12615,1359420,171252.059
1786236000000,0.12615,0.1288,0.12615,0.12712,800240,101909.449
1786236300000,0.12712,0.12722,0.12602,0.12661,253780,32160.4018
1786236600000,0.12661,0.12888,0.12652,0.1283,431880,55277.4157
1786236900000,0.1283,0.12917,0.12824,0.1288,278500,35873.9592
1786237200000,0.1288,0.129,0.1259,0.1267,470260,60033.2074
1786237500000,0.1267,0.12695,0.12533,0.12584,485610,61165.3359
1786237800000,0.12584,0.12608,0.12508,0.12515,174030,21834.1861
1786238100000,0.12515,0.126,0.12343,0.12595,707290,88136.6318
1786238400000,0.12595,0.1261,0.1202,0.1237,1377220,170128.455
1786238700000,0.1237,0.1237,0.1223,0.1231,356010,43746.5959
1786239000000,0.1231,0.12411,0.12304,0.12361,177140,21899.8088
1786239300000,0.12361,0.1239,0.12306,0.12322,145660,17972.7818
1786239600000,0.12322,0.12492,0.12297,0.12468,242870,30120.9803
1786239900000,0.12468,0.12497,0.12351,0.12353,212020,26343.3013
1786240200000,0.12353,0.12353,0.12127,0.12256,325240,39761.6297
1786240500000,0.12256,0.1231,0.12228,0.1227,117840,14446.5444
1786240800000,0.1227,0.12345,0.12267,0.1233,134070,16503.8317
1786241100000,0.1233,0.12645,0.12323,0.12557,616960,77271.806
1786241400000,0.12557,0.12688,0.12557,0.12651,335250,42288.7731
1786241700000,0.12651,0.12778,0.12626,0.12724,221140,28093.2703
1786242000000,0.12724,0.12764,0.12682,0.12755,170180,21633.7802
1786242300000,0.12755,0.12783,0.12609,0.12649,365340,46345.8391
1786242600000,0.12649,0.12735,0.12636,0.12676,145750,18463.2945
1786242900000,0.12676,0.12763,0.1267,0.12763,90310,11483.2738
1786243200000,0.12763,0.12851,0.12752,0.12775,253230,32408.363
1786243500000,0.12775,0.12897,0.1268,0.12889,383710,49080.4174
1786243800000,0.12889,0.12927,0.12812,0.12862,208290,26804.2655
1786244100000,0.12862,0.12934,0.12825,0.12906,158520,20425.1228
1786244400000,0.12906,0.1296,0.12879,0.1296,177450,22902.0794
1786244700000,0.1296,0.12999,0.1294,0.1296,196850,25542.6196
1786245000000,0.1296,0.1298,0.12878,0.12936,410390,53100.262
1786245300000,0.12936,0.12936,0.12228,0.1236,1240520,154891.3244
1786245600000,0.1236,0.12514,0.1222,0.12369,528740,65445.3248
1786245900000,0.12369,0.1248,0.12318,0.12464,174120,21586.6846
1786246200000,0.12464,0.1247,0.12265,0.12276,235650,29095.0021
1786246500000,0.12276,0.1245,0.12176,0.12399,315410,38798.7629
1786246800000,0.12399,0.12555,0.1239,0.1248,193730,24143.5304
1786247100000,0.1248,0.12558,0.12398,0.12524,223610,27912.4462
1786247400000,0.12524,0.1253,0.12417,0.12432,154690,19281.6863
1786247700000,0.12432,0.12484,0.12276,0.1244,203980,25261.3014
1786248000000,0.1244,0.12616,0.1244,0.12527,242650,30394.1811
1786248300000,0.12527,0.12623,0.1252,0.1258,162950,20487.9838
1786248600000,0.1258,0.12665,0.12553,0.12646,111350,14027.0473
1786248900000,0.12646,0.12673,0.12404,0.12404,266140,33402.7759
1786249200000,0.12404,0.12404,0.12255,0.12378,284770,35100.258
1786249500000,0.12378,0.12468,0.12362,0.12392,113320,14086.4366
1786249800000,0.12392,0.12411,0.12375,0.12411,28540,3535.1196
1786250100000,0.12411,0.12413,0.12272,0.12274,100940,12447.2788
1786250400000,0.12274,0.1242,0.11823,0.11945,2536950,304397.1008
1786250700000,0.11945,0.12038,0.11717,0.11827,1261790,149651.8752
1786251000000,0.11827,0.11888,0.11729,0.11878,660580,78027.8655
1786251300000,0.11878,0.12034,0.11878,0.12019,295790,35430.2308
1786251600000,0.12019,0.12089,0.11956,0.12002,446460,53681.1277
1786251900000,0.12002,0.12032,0.11806,0.11821,569170,68000.2268
1786252200000,0.11821,0.11858,0.11753,0.11771,307500,36283.5932
1786252500000,0.11771,0.11799,0.11605,0.11626,647800,75758.5661
1786252800000,0.11626,0.11672,0.11582,0.11596,486310,56528.5879
1786253100000,0.11596,0.11645,0.11596,0.11624,119130,13834.9402
1786253400000,0.11624,0.11627,0.11469,0.11525,573020,66131.6225
1786253700000,0.11525,0.11549,0.11391,0.114,478190,54858.5673
1786254000000,0.114,0.11479,0.11399,0.11411,343420,39287.4091
1786254300000,0.11411,0.11617,0.11406,0.11545,226160,26025.4522
1786254600000,0.11545,0.11754,0.11545,0.11645,169290,19779.9357
1786254900000,0.11645,0.11675,0.11522,0.11675,251130,29079.8008
1786255200000,0.11675,0.11746,0.11475,0.11567,625960,72782.1983
1786255500000,0.11567,0.1157,0.11545,0.11554,32520,3760.201
1786255800000,0.11554,0.1157,0.11432,0.11447,93040,10720.2405
1786256100000,0.11447,0.11455,0.11413,0.11426,80120,9162.4675
1786256400000,0.11426,0.11448,0.11426,0.11442,74350,8502.0516
1786256700000,0.11442,0.11453,0.11434,0.11453,111200,12732.8376
1786257000000,0.11453,0.11453,0.11406,0.11437,215890,24699.0215
1786257300000,0.11437,0.11465,0.11419,0.1146,119380,13662.439
1786257600000,0.1146,0.11614,0.11443,0.11614,151750,17480.9847
1786257900000,0.11614,0.11631,0.11447,0.11479,130730,15074.0035
1786258200000,0.11479,0.1157,0.11468,0.1157,115000,13272.6692
1786258500000,0.1157,0.11634,0.1157,0.11634,62600,7260.4535
1786258800000,0.11634,0.11634,0.11445,0.11455,126450,14610.4045
1786259100000,0.11455,0.11488,0.1141,0.1147,182770,20941.466
1786259400000,0.1147,0.11629,0.1147,0.11522,237120,27442.6573
1786259700000,0.11522,0.11525,0.1147,0.11525,56630,6511.2007
1786260000000,0.11525,0.11525,0.11391,0.11406,219190,25086.1455
1786260300000,0.11406,0.11406,0.11337,0.11341,106990,12161.166
1786260600000,0.11341,0.1141,0.11322,0.11329,238370,27079.6144
1786260900000,0.11329,0.11366,0.11239,0.11331,273430,30911.0354
1786261200000,0.11331,0.11355,0.1129,0.1129,68860,7804.6886
1786261500000,0.1129,0.11307,0.11243,0.1126,242940,27379.7181
1786261800000,0.1126,0.11274,0.10954,0.11108,1325300,147092.136
1786262100000,0.11108,0.11247,0.11108,0.112,217010,24293.2236
1786262400000,0.112,0.11217,0.11083,0.1117,313460,34954.3667
1786262700000,0.1117,0.11326,0.1117,0.11293,165070,18574.1193
1786263000000,0.11293,0.11408,0.11293,0.11408,277560,31507.2504
1786263300000,0.11408,0.11524,0.11358,0.11514,329500,37696.5695
1786263600000,0.11514,0.11524,0.11269,0.11342,458680,52155.5149
1786263900000,0.11342,0.11488,0.11342,0.11468,145850,16653.4991
1786264200000,0.11468,0.1157,0.11468,0.1147,463770,53466.8913
1786264500000,0.1147,0.1155,0.11326,0.11381,468880,53745.5801
1786264800000,0.11381,0.11383,0.11335,0.1138,67700,7689.6748
1786265100000,0.1138,0.11384,0.10996,0.1109,655470,73129.6803
1786265400000,0.1109,0.11095,0.10712,0.10882,1241940,135630.5276
1786265700000,0.10882,0.10893,0.10681,0.10711,952670,102848.9321
1786266000000,0.10711,0.10866,0.10688,0.10803,438370,47169.3677
1786266300000,0.10803,0.10907,0.1073,0.10907,141030,15281.8315
1786266600000,0.10907,0.10909,0.10871,0.109,52300,5697.4762
1786266900000,0.109,0.10917,0.1083,0.10885,196380,21347.3746
1786267200000,0.10885,0.10917,0.10865,0.10879,117860,12842.0277
1786267500000,0.10879,0.10897,0.10785,0.10801,149860,16231.3544
1786267800000,0.10801,0.11066,0.10742,0.11057,235060,25609.4876
1786268100000,0.11057,0.11127,0.10974,0.11017,329500,36435.6783
1786268400000,0.11017,0.11126,0.11017,0.11073,150160,16623.1262
1786268700000,0.11073,0.1116,0.11028,0.11136,67600,7496.4891
1786269000000,0.11136,0.11145,0.11055,0.11084,93860,10408.1291
1786269300000,0.11084,0.11145,0.11041,0.11144,254180,28169.1486
1786269600000,0.11144,0.11192,0.11065,0.11136,242550,26993.752
1786269900000,0.11136,0.11155,0.1099,0.11003,183570,20320.5851
1786270200000,0.11003,0.11162,0.11003,0.11095,149090,16537.1274
1786270500000,0.11095,0.11143,0.11061,0.11122,90760,10086.864
1786270800000,0.11122,0.11265,0.11106,0.11241,113580,12750.5996
1786271100000,0.11241,0.1127,0.11223,0.1127,139470,15691.3752
1786271400000,0.1127,0.1127,0.11206,0.11225,186120,20903.3214
1786271700000,0.11225,0.11241,0.11148,0.11208,92620,10377.8961
1786272000000,0.11208,0.11293,0.11199,0.11283,156240,17586.7473
1786272300000,0.11283,0.11299,0.11159,0.11173,217940,24410.9509
1786272600000,0.11173,0.11267,0.11165,0.1123,165670,18567.2137
1786272900000,0.1123,0.11343,0.11187,0.1125,312010,35223.2477
1786273200000,0.1125,0.11256,0.11081,0.11133,226380,25254.8007
1786273500000,0.11133,0.11179,0.11114,0.1116,31600,3523.9375
1786273800000,0.1116,0.11258,0.11154,0.1121,150020,16814.8427
1786274100000,0.1121,0.1121,0.11052,0.11061,209220,23201.4168
1786274400000,0.11061,0.11121,0.1097,0.11052,272800,30109.0736
1786274700000,0.11052,0.11124,0.11009,0.111,151110,16720.6923
1786275000000,0.111,0.11138,0.11088,0.11138,41490,4609.6458
1786275300000,0.11138,0.11138,0.10794,0.10842,293540,32110.8719
1786275600000,0.10842,0.10854,0.105,0.10721,932840,99265.8913
1786275900000,0.10721,0.10902,0.10674,0.10881,377620,40744.663
1786276200000,0.10881,0.10921,0.1084,0.1084,61850,6727.3148
1786276500000,0.1084,0.10856,0.10791,0.10813,105620,11430.4445
1786276800000,0.10813,0.10944,0.10805,0.10944,107090,11672.3231
1786277100000,0.10944,0.1096,0.109,0.10929,171180,18725.3284
1786277400000,0.10929,0.11019,0.10895,0.11002,367490,40285.9606
1786277700000,0.11002,0.1104,0.10975,0.10998,204990,22563.612
1786278000000,0.10998,0.11109,0.10986,0.11108,403660,44562.7368
1786278300000,0.11108,0.11139,0.11046,0.11113,105280,11678.7846
1786278600000,0.11113,0.11203,0.11107,0.11135,275660,30743.9379
1786278900000,0.11135,0.11239,0.11135,0.11238,76620,8584.7687
1786279200000,0.11238,0.11382,0.11227,0.11328,242700,27439.9725
1786279500000,0.11328,0.11457,0.11328,0.11444,157440,17965.2364
1786279800000,0.11444,0.11615,0.11421,0.11606,516590,59478.2717
1786280100000,0.11606,0.11983,0.1158,0.11983,732190,85871.61
1786280400000,0.11983,0.12298,0.11792,0.12289,1512020,182056.2191
1786280700000,0.12289,0.12603,0.12116,0.1212,1631430,202440.9053
1786281000000,0.1212,0.12525,0.12015,0.12496,1284620,157629.4555
1786281300000,0.12496,0.12789,0.12356,0.12637,1185290,149352.5666
1786281600000,0.12637,0.1273,0.12382,0.1273,1026870,128663.7526
1786281900000,0.1273,0.12873,0.1266,0.12791,816780,104342.8604
1786282200000,0.12791,0.12948,0.12727,0.1274,744940,95600.485
1786282500000,0.1274,0.13088,0.12685,0.13018,739800,95653.1154
1786282800000,0.13018,0.13079,0.12791,0.12905,711230,92226.0027
1786283100000,0.12905,0.12974,0.1274,0.12741,824990,105849.0663
1786283400000,0.12741,0.12954,0.12661,0.12845,689650,88329.6739
1786283700000,0.12845,0.13413,0.12831,0.13413,1304560,171848.0519
1786284000000,0.13413,0.13684,0.13331,0.1365,1675220,225978.6776
1786284300000,0.1365,0.1377,0.1333,0.13424,1551540,209899.6082
1786284600000,0.13424,0.13659,0.1304,0.13096,1546680,205971.7832
1786284900000,0.13096,0.13188,0.12796,0.13031,2223020,287670.6925
1786285200000,0.13031,0.13117,0.12858,0.13092,1438820,187079.6532
1786285500000,0.13092,0.13135,0.12115,0.12433,2466220,309497.0625
1786285800000,0.12433,0.1283,0.12433,0.12741,1301900,164452.1772
1786286100000,0.12741,0.12879,0.1266,0.12775,300870,38376.9913
1786286400000,0.12775,0.12861,0.12672,0.12834,230320,29383.9111
1786286700000,0.12834,0.12938,0.12761,0.12927,425150,54659.4773
1786287000000,0.12927,0.12927,0.12728,0.12761,192340,24640.078
1786287300000,0.12761,0.12855,0.12668,0.1272,354770,45214.9132
1786287600000,0.1272,0.12811,0.12568,0.12781,801510,101723.2826
1786287900000,0.12781,0.12817,0.12677,0.12714,251860,32094.9661
1786288200000,0.12714,0.12738,0.1267,0.12688,76580,9732.1254
1786288500000,0.12688,0.12698,0.12365,0.12365,460590,57482.0753
1786288800000,0.12365,0.12475,0.12248,0.12466,287360,35554.4689
1786289100000,0.12466,0.12487,0.12427,0.12427,72820,9072.4581
1786289400000,0.12427,0.12453,0.12348,0.12416,163000,20189.942
1786289700000,0.12416,0.12956,0.12415,0.12857,747830,95413.7349
1786290000000,0.12857,0.13163,0.12819,0.13123,1434480,186200.4468
1786290300000,0.13123,0.13434,0.13099,0.13316,946220,125733.3347
1786290600000,0.13316,0.13584,0.13183,0.13514,896890,120026.9378
1786290900000,0.13514,0.13745,0.13218,0.13303,1034500,139943.8058
1786291200000,0.13303,0.13328,0.13044,0.13193,687880,90740.7994
1786291500000,0.13193,0.1321,0.12992,0.13034,492280,64346.9369
1786291800000,0.13034,0.13522,0.13033,0.13513,536440,71417.2945
1786292100000,0.13513,0.13535,0.13252,0.13404,345680,46242.9609
1786292400000,0.13404,0.13478,0.13266,0.13356,460510,61645.7393
1786292700000,0.13356,0.13356,0.13175,0.13188,299970,39709.6157
1786293000000,0.13188,0.13265,0.13172,0.13199,178190,23563.7994
1786293300000,0.13199,0.13506,0.13198,0.13488,276590,36991.9564
1786293600000,0.13488,0.13663,0.13443,0.13548,380860,51668.6063
1786293900000,0.13548,0.13676,0.13416,0.13598,438490,59356.1573
1786294200000,0.13598,0.13598,0.13512,0.13521,95360,12923.0724
1786294500000,0.13521,0.13757,0.13494,0.13595,279500,38150.0341
1786294800000,0.13595,0.13599,0.13303,0.13413,646770,86889.9253
1786295100000,0.13413,0.13535,0.13257,0.13511,324220,43412.7289
1786295400000,0.13511,0.13565,0.13404,0.13441,305970,41271.6213
1786295700000,0.13441,0.13707,0.13432,0.13672,261120,35540.1297
1786296000000,0.13672,0.14152,0.13644,0.13948,1670790,232388.7051
1786296300000,0.13948,0.14173,0.13872,0.13919,948260,133029.3671
1786296600000,0.13919,0.14126,0.13381,0.13567,1148750,159273.7721
1786296900000,0.13567,0.13823,0.13464,0.13536,1172940,159925.658
1786297200000,0.13536,0.13601,0.13461,0.13548,341620,46239.2511
1786297500000,0.13548,0.13765,0.13532,0.13716,262650,35912.8694
1786297800000,0.13716,0.1378,0.1344,0.13483,620200,84215.1741
1786298100000,0.13483,0.13637,0.13428,0.13637,207100,27994.7042
1786298400000,0.13637,0.13848,0.13587,0.13819,352940,48515.4635
1786298700000,0.13819,0.14524,0.13621,0.13805,3820020,537177.2152
1786299000000,0.13805,0.14074,0.13609,0.13684,1505400,208641.2377
1786299300000,0.13684,0.13828,0.13562,0.13645,656380,89762.5656
1786299600000,0.13645,0.13893,0.13632,0.13825,371880,51408.4746
1786299900000,0.13825,0.13965,0.138,0.13926,271370,37673.4274
1786300200000,0.13926,0.13939,0.13843,0.13872,42190,5859.7525
1786300500000,0.13872,0.13935,0.13743,0.13858,547670,75719.9071
1786300800000,0.13858,0.1386,0.13679,0.13716,289730,39916.8071
1786301100000,0.13716,0.13725,0.13507,0.1358,580000,78854.8233
1786301400000,0.1358,0.13794,0.13564,0.13734,209580,28722.8817
1786301700000,0.13734,0.13788,0.13615,0.13689,94790,12974.9525
1786302000000,0.13689,0.13762,0.13667,0.13706,162370,22263.4159
1786302300000,0.13706,0.13925,0.13639,0.13924,349850,48118.826
1786302600000,0.13924,0.14075,0.13909,0.14013,947380,132658.7274
1786302900000,0.14013,0.14214,0.13961,0.14148,247740,34921.9662
1786303200000,0.14148,0.14173,0.14025,0.14139,213900,30159.9314
1786303500000,0.14139,0.14232,0.14103,0.14107,189390,26848.3336
1786303800000,0.14107,0.14225,0.14066,0.14188,322380,45551.1203
1786304100000,0.14188,0.14266,0.13915,0.14036,893530,126010.4063
1786304400000,0.14036,0.14072,0.13892,0.14064,376570,52650.0064
1786304700000,0.14064,0.14175,0.14058,0.14142,173090,24443.7514
1786305000000,0.14142,0.14298,0.14139,0.14284,239610,34109.803
1786305300000,0.14284,0.14417,0.14243,0.14328,350340,50252.3062
1786305600000,0.14328,0.14599,0.14326,0.14568,878440,127031.8891
1786305900000,0.14568,0.14594,0.13576,0.14327,2714880,384625.2822
1786306200000,0.14327,0.14521,0.14166,0.144,960670,138217.5097
1786306500000,0.144,0.14586,0.14266,0.14572,379200,54739.1299
1786306800000,0.14572,0.14572,0.1428,0.14323,881190,126657.5894
1786307100000,0.14323,0.1442,0.14294,0.14412,199950,28707.5245
1786307400000,0.14412,0.14497,0.14401,0.14468,92360,13347.9624
1786307700000,0.14468,0.14541,0.14462,0.14499,217050,31439.7588
1786308000000,0.14499,0.14713,0.14492,0.1455,463880,67677.9638
1786308300000,0.1455,0.14665,0.14533,0.1464,121210,17687.8526
1786308600000,0.1464,0.14653,0.14183,0.1428,415180,59871.5965
1786308900000,0.1428,0.14296,0.14048,0.14124,601900,85217.4775
1786309200000,0.14124,0.14142,0.13949,0.14025,347440,48802.2798
1786309500000,0.14025,0.14062,0.139,0.1405,380170,53156.2092
1786309800000,0.1405,0.14094,0.14033,0.14051,104540,14696.8025
1786310100000,0.14051,0.14057,0.13869,0.13948,390360,54532.5303
1786310400000,0.13948,0.14037,0.13739,0.13739,322620,44781.9761
1786310700000,0.13739,0.13861,0.13577,0.13825,511240,70120.5589
1786311000000,0.13825,0.13833,0.13619,0.13755,206510,28403.6916
1786311300000,0.13755,0.1379,0.1371,0.1376,77160,10607.2335
1786311600000,0.1376,0.13802,0.13549,0.13626,231560,31627.5654
1786311900000,0.13626,0.13832,0.13626,0.13826,126920,17443.6515
1786312200000,0.13826,0.13945,0.13826,0.13907,110360,15321.1396
1786312500000,0.13907,0.13939,0.13864,0.13877,74100,10298.5748
1786312800000,0.13877,0.14086,0.13875,0.14086,76900,10739.102
1786313100000,0.14086,0.14317,0.14086,0.14313,187070,26605.4249
1786313400000,0.14313,0.14459,0.14243,0.14319,387450,55582.6031
1786313700000,0.14319,0.14461,0.14233,0.1426,215750,30939.2079
1786314000000,0.1426,0.14384,0.14093,0.14103,362090,51535.3273
1786314300000,0.14103,0.1417,0.14002,0.14129,249910,35208.6737
1786314600000,0.14129,0.14181,0.14113,0.14146,157100,22225.5732
1786314900000,0.14146,0.14155,0.13821,0.13853,331430,46324.4336
1786315200000,0.13853,0.13946,0.13754,0.13928,332400,45972.9089
1786315500000,0.13928,0.14069,0.13894,0.1397,209590,29334.4084
1786315800000,0.1397,0.13974,0.13765,0.13787,114840,15928.3628
1786316100000,0.13787,0.13912,0.13775,0.13905,114860,15867.2165
1786316400000,0.13905,0.13997,0.13845,0.13917,235560,32787.9237
1786316700000,0.13917,0.14032,0.13721,0.13743,384840,53245.9966
1786317000000,0.13743,0.13848,0.1374,0.13842,90330,12467.3504
1786317300000,0.13842,0.13993,0.13773,0.13773,274580,38132.0875
1786317600000,0.13773,0.13993,0.13759,0.13987,132750,18391.5056
1786317900000,0.13987,0.14025,0.13807,0.13923,152270,21168.0493
1786318200000,0.13923,0.13942,0.13668,0.13793,213410,29430.8681
1786318500000,0.13793,0.13886,0.13639,0.13639,108010,14892.7868
1786318800000,0.13639,0.13649,0.12991,0.13473,1213990,162229.7278
1786319100000,0.13473,0.13509,0.1328,0.13313,180430,24225.3262
1786319400000,0.13313,0.13578,0.13312,0.13533,363690,48869.8718
1786319700000,0.13533,0.13578,0.13393,0.13419,201030,27127.8021
1786320000000,0.13419,0.13463,0.13321,0.13448,294480,39417.4211
1786320300000,0.13448,0.13513,0.1335,0.13433,191220,25690.4442
1786320600000,0.13433,0.13548,0.13401,0.1341,417240,56149.4486
1786320900000,0.1341,0.1343,0.13217,0.13252,259760,34558.7169
1786321200000,0.13252,0.13389,0.13154,0.13389,276640,36609.1449
1786321500000,0.13389,0.13552,0.13365,0.13404,144230,19390.7424
1786321800000,0.13404,0.13467,0.13374,0.13435,116420,15625.3292
1786322100000,0.13435,0.13528,0.13386,0.13411,409190,55112.8338
1786322400000,0.13411,0.13488,0.13345,0.1336,172560,23147.3299
1786322700000,0.1336,0.134,0.13336,0.13397,45110,6030.8158
1786323000000,0.13397,0.13557,0.13377,0.13543,190280,25627.8935
1786323300000,0.13543,0.13567,0.13363,0.13371,132940,17882.1472
1786323600000,0.13371,0.13556,0.13352,0.13476,223020,30039.4859
1786323900000,0.13476,0.1349,0.13338,0.13372,124150,16626.0385
1786324200000,0.13372,0.13409,0.1326,0.13409,182990,24378.1429
1786324500000,0.13409,0.1361,0.13409,0.13592,88520,11975.9699
1786324800000,0.13592,0.13696,0.13579,0.13696,131040,17874.6082
1786325100000,0.13696,0.13822,0.13656,0.13796,217310,29861.6111
1786325400000,0.13796,0.13978,0.13695,0.139,308010,42569.935
1786325700000,0.139,0.13957,0.13755,0.13796,119650,16563.7885
1786326000000,0.13796,0.13832,0.13746,0.13769,98360,13563.0906
1786326300000,0.13769,0.13823,0.13727,0.13823,78270,10774.6585
1786326600000,0.13823,0.14022,0.13822,0.13983,303470,42279.5344
1786326900000,0.13983,0.14182,0.13489,0.13885,1540040,212997.8827
1786327200000,0.13885,0.13985,0.13755,0.13761,446370,61934.1409
1786327500000,0.13761,0.13849,0.13746,0.13827,75120,10360.2566
1786327800000,0.13827,0.13902,0.13761,0.13806,102340,14143.2848
1786328100000,0.13806,0.13811,0.13703,0.13778,147640,20289.3111
1786328400000,0.13778,0.13824,0.1376,0.13783,42750,5898.1057
1786328700000,0.13783,0.13961,0.13765,0.13945,89350,12386.5576
1786329000000,0.13945,0.1409,0.13945,0.14005,88510,12426.1919
1786329300000,0.14005,0.14243,0.14005,0.14151,364730,51572.4555
1786329600000,0.14151,0.14291,0.14102,0.14191,229280,32563.119
1786329900000,0.14191,0.14416,0.14142,0.14148,312850,44707.7222
1786330200000,0.14148,0.14594,0.14123,0.14353,650820,93943.4374
1786330500000,0.14353,0.14408,0.14159,0.1421,275650,39299.7982
1786330800000,0.1421,0.14563,0.14125,0.14421,520490,74914.6387
1786331100000,0.14421,0.14482,0.1431,0.14333,103850,14968.1561
1786331400000,0.14333,0.14604,0.14302,0.14571,747270,108045.6556
1786331700000,0.14571,0.14622,0.1445,0.14502,257030,37275.6868
1786332000000,0.14502,0.14887,0.14459,0.14857,698870,102514.3716
1786332300000,0.14857,0.14978,0.14708,0.14735,456140,67679.6098
1786332600000,0.14735,0.15205,0.14735,0.1502,592080,88687.9554
1786332900000,0.1502,0.15103,0.14841,0.15016,601940,90233.9604
1786333200000,0.15016,0.15767,0.14833,0.157,1406180,215823.9514
1786333500000,0.157,0.1595,0.15585,0.15681,1386430,218701.4103
1786333800000,0.15681,0.15718,0.14922,0.14946,1583180,241623.0944
1786334100000,0.14946,0.15124,0.14875,0.15093,527500,78975.981
1786334400000,0.15093,0.16199,0.14949,0.15726,1927120,299790.3564
1786334700000,0.15726,0.15953,0.15594,0.15683,840660,132493.6314
1786335000000,0.15683,0.15857,0.15566,0.1566,618750,97092.2289
1786335300000,0.1566,0.15708,0.15307,0.15405,947400,146877.0184
1786335600000,0.15405,0.15468,0.1534,0.1544,329860,50846.9724
1786335900000,0.1544,0.15478,0.15154,0.15299,326510,49952.4495
1786336200000,0.15299,0.15459,0.15269,0.15311,508540,78018.004
1786336500000,0.15311,0.15335,0.15115,0.15187,418140,63640.7349
1786336800000,0.15187,0.15212,0.15029,0.15163,238350,36038.0881
1786337100000,0.15163,0.15244,0.1512,0.15234,228860,34777.0406
1786337400000,0.15234,0.15244,0.15003,0.15018,286810,43348.923
1786337700000,0.15018,0.1518,0.15003,0.1518,148620,22464.3853
1786338000000,0.1518,0.15447,0.1518,0.1534,431980,66209.8271
1786338300000,0.1534,0.15372,0.15221,0.1537,123020,18799.0528
1786338600000,0.1537,0.15666,0.15366,0.15579,258390,40140.1036
1786338900000,0.15579,0.15579,0.15463,0.15502,140530,21803.8342
1786339200000,0.15502,0.15502,0.15445,0.1546,109390,16930.0016
1786339500000,0.1546,0.1555,0.1545,0.15516,150620,23354.5555
1786339800000,0.15516,0.15595,0.15381,0.15486,418480,64916.1523
1786340100000,0.15486,0.15694,0.15463,0.15613,621510,96831.1785
1786340400000,0.15613,0.15613,0.15436,0.15576,262660,40771.6772
1786340700000,0.15576,0.15577,0.15447,0.15507,182300,28292.1397
1786341000000,0.15507,0.15526,0.15286,0.15316,392340,60271.2368
1786341300000,0.15316,0.15341,0.15247,0.15306,155540,23787.0335
1786341600000,0.15306,0.1599,0.15296,0.15814,765420,119461.1067
1786341900000,0.15814,0.16278,0.15798,0.1616,870960,140193.3894
1786342200000,0.1616,0.16677,0.16081,0.16536,1028060,169122.7165
1786342500000,0.16536,0.1666,0.15855,0.16466,1704420,279289.7896
1786342800000,0.16466,0.16677,0.16257,0.16619,465360,76509.5547
1786343100000,0.16619,0.16914,0.16509,0.16551,1173040,196217.9486
1786343400000,0.16551,0.16662,0.16524,0.16606,633110,105054.0716
1786343700000,0.16606,0.16662,0.16476,0.16505,361050,59835.2042
1786344000000,0.16505,0.16748,0.16469,0.16713,305770,50745.5353
1786344300000,0.16713,0.16716,0.16475,0.16572,471700,78245.1525
1786344600000,0.16572,0.16572,0.15821,0.16181,1016090,164724.7634
1786344900000,0.16181,0.16474,0.16089,0.16394,627780,102096.4244
1786345200000,0.16394,0.16568,0.16325,0.16368,503330,82793.7583
1786345500000,0.16368,0.16388,0.16244,0.16292,331130,54064.0299
1786345800000,0.16292,0.16334,0.16204,0.1627,377350,61388.9347
1786346100000,0.1627,0.16489,0.16262,0.16357,349440,57251.5166
1786346400000,0.16357,0.16409,0.16043,0.16266,862630,139962.8179
1786346700000,0.16266,0.16373,0.1613,0.16139,333070,54220.3373
1786347000000,0.16139,0.16187,0.15881,0.15969,539700,86557.7241
1786347300000,0.15969,0.16024,0.15854,0.15942,487190,77544.4227
1786347600000,0.15942,0.16091,0.15903,0.15933,352080,56336.3795
1786347900000,0.15933,0.15933,0.14841,0.1535,5418800,828127.5076
1786348200000,0.1535,0.15418,0.1512,0.15141,625240,95418.6304
1786348500000,0.15141,0.15416,0.15139,0.15227,523170,79901.284
1786348800000,0.15227,0.1546,0.15227,0.15442,255790,39307.861
1786349100000,0.15442,0.15531,0.15419,0.1542,399590,61820.1559
1786349400000,0.1542,0.15578,0.1531,0.15543,379020,58538.5049
1786349700000,0.15543,0.15956,0.15527,0.15845,519740,82046.5096
1786350000000,0.15845,0.16093,0.15814,0.16064,652790,104234.3973
1786350300000,0.16064,0.16116,0.15873,0.15892,614570,98373.2451
1786350600000,0.15892,0.15917,0.15758,0.15768,513350,81319.7299
1786350900000,0.15768,0.15841,0.15765,0.15786,238430,37680.8951
1786351200000,0.15786,0.15794,0.15507,0.15587,710920,111189.0002
1786351500000,0.15587,0.15764,0.15559,0.15567,306830,47965.9365
1786351800000,0.15567,0.1558,0.15456,0.1553,171950,26665.8483
1786352100000,0.1553,0.1575,0.15511,0.15609,337650,52753.512
1786352400000,0.15609,0.15841,0.15444,0.15768,443100,69405.2054
1786352700000,0.15768,0.15875,0.15553,0.15582,248400,39097.302
1786353000000,0.15582,0.15611,0.15356,0.15484,403480,62481.4078
1786353300000,0.15484,0.15652,0.15428,0.15496,353500,55007.086
1786353600000,0.15496,0.15607,0.153,0.15474,290130,44715.8214
1786353900000,0.15474,0.15508,0.15268,0.15294,414320,63682.4827
1786354200000,0.15294,0.15463,0.1517,0.15241,719110,109873.4511
1786354500000,0.15241,0.15381,0.15116,0.15296,358800,54663.1794
1786354800000,0.15296,0.15329,0.15097,0.15225,344670,52406.2932
1786355100000,0.15225,0.15281,0.15087,0.15148,224640,34106.2777
1786355400000,0.15148,0.15249,0.15044,0.15139,489480,74202.076
1786355700000,0.15139,0.15265,0.15121,0.15235,309070,46959.9914
1786356000000,0.15235,0.15274,0.15125,0.15245,293560,44636.5139
1786356300000,0.15245,0.15341,0.14986,0.15263,925670,140387.4931
1786356600000,0.15263,0.15317,0.14928,0.14985,433910,65497.9514
1786356900000,0.14985,0.15137,0.1492,0.15085,316960,47670.5973
1786357200000,0.15085,0.15085,0.14329,0.14821,1814330,267116.6492
1786357500000,0.14821,0.15,0.14685,0.15,851030,126335.5974
1786357800000,0.15,0.1519,0.14995,0.15146,469290,70738.6624
1786358100000,0.15146,0.15287,0.15146,0.15251,316620,48228.7946
1786358400000,0.15251,0.15376,0.15233,0.1534,338900,51903.7249
1786358700000,0.1534,0.15485,0.15022,0.15117,952630,145389.8021
1786359000000,0.15117,0.15369,0.15104,0.15206,727270,110773.0748
1786359300000,0.15206,0.1524,0.14816,0.15052,923140,138597.3138
1786359600000,0.15052,0.15092,0.14571,0.1463,844740,124371.4664
1786359900000,0.1463,0.14809,0.14433,0.14561,741070,108296.5782
1786360200000,0.14561,0.14803,0.14525,0.14776,396290,58061.0861
1786360500000,0.14776,0.14986,0.14764,0.14966,466040,69300.9344
1786360800000,0.14966,0.15061,0.1494,0.14976,277630,41643.9382
1786361100000,0.14976,0.15012,0.14899,0.14912,288480,43123.1989
1786361400000,0.14912,0.15095,0.14824,0.15006,450820,67363.162
1786361700000,0.15006,0.15249,0.14997,0.15105,389580,58868.3822
1786362000000,0.15105,0.15105,0.14862,0.14862,373210,55902.6835
1786362300000,0.14862,0.14941,0.14727,0.14779,525000,77767.9804
1786362600000,0.14779,0.15048,0.14745,0.14781,419960,62588.7855
1786362900000,0.14781,0.14985,0.14634,0.14804,393780,58409.0193
1786363200000,0.14804,0.14887,0.14652,0.14773,528100,77937.2194
1786363500000,0.14773,0.15096,0.14767,0.1506,489690,73258.6928
1786363800000,0.1506,0.15204,0.1504,0.15147,240520,36369.9441
1786364100000,0.15147,0.15193,0.1499,0.15149,487420,73569.4049
1786364400000,0.15149,0.15365,0.14976,0.15217,691010,104742.3953
1786364700000,0.15217,0.15596,0.15198,0.15314,722390,111029.154
1786365000000,0.15314,0.15943,0.15244,0.15716,1899930,297776.1993
1786365300000,0.15716,0.15787,0.15548,0.15593,570030,89153.0592
1786365600000,0.15593,0.15914,0.15548,0.15869,644420,101453.9224
1786365900000,0.15869,0.15968,0.15774,0.15864,484200,77023.1539
1786366200000,0.15864,0.15923,0.15375,0.1542,1142950,178288.5424
1786366500000,0.1542,0.15522,0.15268,0.15409,759450,116872.7735
1786366800000,0.15409,0.155,0.15265,0.15308,454580,69994.8754
1786367100000,0.15308,0.15309,0.15162,0.15233,242710,36944.6174
1786367400000,0.15233,0.15458,0.15233,0.15294,403890,62021.058
1786367700000,0.15294,0.15348,0.15127,0.15287,298660,45510.2457
1786368000000,0.15287,0.15363,0.15256,0.15324,344250,52726.0603
1786368300000,0.15324,0.15339,0.15169,0.15227,145410,22177.8856
1786368600000,0.15227,0.15269,0.15,0.15041,545590,82408.3092
1786368900000,0.15041,0.15135,0.14945,0.15024,646380,97075.2254
1786369200000,0.15024,0.15024,0.13702,0.14289,4120720,588599.5861
1786369500000,0.14289,0.14448,0.14145,0.14285,1783270,255454.3379
1786369800000,0.14285,0.14458,0.1426,0.14396,534650,76747.7239
1786370100000,0.14396,0.14575,0.14372,0.14544,362540,52483.1207
1786370400000,0.14544,0.14753,0.14463,0.14614,803690,117587.7195
1786370700000,0.14614,0.14698,0.14588,0.1468,198940,29136.9893
1786371000000,0.1468,0.14699,0.14463,0.14699,359090,52313.47
1786371300000,0.14699,0.14778,0.14687,0.14752,218130,32149.8061
1786371600000,0.14752,0.14891,0.14738,0.14891,281160,41600.8696
1786371900000,0.14891,0.15081,0.14861,0.14898,517510,77525.4152
1786372200000,0.14898,0.14938,0.14792,0.14802,230860,34333.243
1786372500000,0.14802,0.14806,0.14568,0.14647,348740,51086.9549
1786372800000,0.14647,0.14792,0.14622,0.14751,149770,22050.1579
1786373100000,0.14751,0.1478,0.14574,0.14574,195820,28714.8973
1786373400000,0.14574,0.14639,0.14471,0.14521,250610,36463.5754
1786373700000,0.14521,0.1469,0.14379,0.14647,346020,50399.6032
1786374000000,0.14647,0.14677,0.14466,0.14602,238950,34801.5472
1786374300000,0.14602,0.14668,0.14565,0.14619,202450,29608.9479
1786374600000,0.14619,0.14657,0.1383,0.13906,900870,127483.4971
1786374900000,0.13906,0.14138,0.13828,0.14118,1057770,147781.1431
1786375200000,0.14118,0.14198,0.14026,0.14036,403410,56943.9816
1786375500000,0.14036,0.14128,0.139,0.14019,467870,65544.5594
1786375800000,0.14019,0.14286,0.13995,0.14228,321570,45433.9691
1786376100000,0.14228,0.14286,0.14048,0.1423,308530,43772.8754
1786376400000,0.1423,0.14285,0.14095,0.14285,209920,29829.2357
1786376700000,0.14285,0.14324,0.14096,0.14129,223760,31806.977
1786377000000,0.14129,0.14333,0.14101,0.14208,149490,21199.4538
1786377300000,0.14208,0.14266,0.14131,0.14206,334390,47501.8848
1786377600000,0.14206,0.14213,0.14125,0.14196,409600,58135.5597
1786377900000,0.14196,0.14213,0.14161,0.14192,60830,8636.7584
1786378200000,0.14192,0.14213,0.14161,0.14193,83640,11869.0833
1786378500000,0.14193,0.14213,0.14139,0.14212,159170,22583.5914
1786378800000,0.14212,0.1435,0.14167,0.14341,375430,53513.1353
1786379100000,0.14341,0.14673,0.14294,0.14664,712610,103329.7921
1786379400000,0.14664,0.14779,0.14436,0.14495,609250,89028.6602
1786379700000,0.14495,0.14647,0.14424,0.14545,493580,71758.3862
1786380000000,0.14545,0.14716,0.14455,0.14598,258920,37855.6055
1786380300000,0.14598,0.14609,0.14504,0.14607,78520,11428.7572
1786380600000,0.14607,0.14759,0.14599,0.14725,375470,55119.0235
1786380900000,0.14725,0.1519,0.14677,0.15061,990760,147598.4725
1786381200000,0.15061,0.15071,0.14964,0.15005,263080,39502.4075
1786381500000,0.15005,0.15105,0.1494,0.14946,381880,57323.796
1786381800000,0.14946,0.1524,0.14936,0.15181,337790,51070.8079
1786382100000,0.15181,0.15198,0.15105,0.15131,152970,23166.252
1786382400000,0.15131,0.1525,0.15093,0.15222,132030,20004.923
1786382700000,0.15222,0.15397,0.1521,0.15312,279550,42802.3531
1786383000000,0.15312,0.15318,0.15059,0.15317,299260,45560.5998
1786383300000,0.15317,0.15465,0.15301,0.15455,181420,27883.7941
1786383600000,0.15455,0.15455,0.1531,0.15353,221910,34117.8261
1786383900000,0.15353,0.15354,0.1506,0.151,279080,42451.2285
1786384200000,0.151,0.15201,0.14955,0.15024,518830,78203.338
1786384500000,0.15024,0.15201,0.14981,0.1515,187760,28344.2867
1786384800000,0.1515,0.15251,0.15115,0.15208,140530,21341.383
1786385100000,0.15208,0.15283,0.15012,0.15057,273110,41339.3963
1786385400000,0.15057,0.1518,0.14996,0.15005,130200,19644.8074
1786385700000,0.15005,0.151,0.14996,0.15072,61910,9308.7778
1786386000000,0.15072,0.15156,0.15027,0.15143,76490,11536.1494
1786386300000,0.15143,0.15362,0.15143,0.15268,244020,37244.9047
1786386600000,0.15268,0.15383,0.15212,0.15266,198850,30410.2998
1786386900000,0.15266,0.15283,0.15165,0.1517,87700,13337.1587
1786387200000,0.1517,0.152,0.14925,0.15042,543350,81761.2624
1786387500000,0.15042,0.15045,0.14759,0.14791,248260,36958.9377
1786387800000,0.14791,0.14859,0.14781,0.14798,137530,20381.5708
1786388100000,0.14798,0.14987,0.14777,0.14944,90930,13552.4303
1786388400000,0.14944,0.15022,0.1491,0.14977,98910,14811.5745
1786388700000,0.14977,0.15011,0.14905,0.15001,103690,15503.0997
1786389000000,0.15001,0.15084,0.14987,0.15009,57560,8659.6825
1786389300000,0.15009,0.15095,0.149,0.15038,803390,120329.0985
1786389600000,0.15038,0.15094,0.15027,0.15073,59600,8978.8567
1786389900000,0.15073,0.15344,0.14994,0.15329,332400,50572.1257
1786390200000,0.15329,0.15515,0.15326,0.15467,338690,52262.3681
1786390500000,0.15467,0.15585,0.15277,0.15381,410740,63331.4888
1786390800000,0.15381,0.1545,0.15358,0.1539,127810,19684.8787
1786391100000,0.1539,0.15516,0.15337,0.15498,151820,23455.2693
1786391400000,0.15498,0.15611,0.1547,0.1557,241980,37608.7327
1786391700000,0.1557,0.15637,0.15554,0.15597,97390,15187.2606
1786392000000,0.15597,0.1579,0.15568,0.15697,329730,51689.2525
1786392300000,0.15697,0.1585,0.15631,0.15797,410350,64753.6317
1786392600000,0.15797,0.15841,0.15768,0.15797,190190,30053.9716
1786392900000,0.15797,0.15955,0.15768,0.15901,205910,32703.0941
1786393200000,0.15901,0.16012,0.15864,0.16009,240630,38342.3697
1786393500000,0.16009,0.16259,0.15977,0.16222,719350,116129.5967
1786393800000,0.16222,0.16281,0.162,0.16242,351490,57091.1466
1786394100000,0.16242,0.16275,0.1596,0.16242,1039510,167900.4645
1786394400000,0.16242,0.16299,0.16018,0.16256,332080,53695.4158
1786394700000,0.16256,0.16496,0.16207,0.16462,486390,79642.0508
1786395000000,0.16462,0.16537,0.16387,0.16442,233570,38488.984
1786395300000,0.16442,0.16446,0.16316,0.1633,199010,32606.2543
1786395600000,0.1633,0.1638,0.16291,0.16307,126190,20594.7894
1786395900000,0.16307,0.16307,0.15782,0.15834,1113590,178322.169
1786396200000,0.15834,0.15986,0.1568,0.15736,402230,63608.4083
1786396500000,0.15736,0.1591,0.15622,0.15645,468600,73875.4089
1786396800000,0.15645,0.15712,0.15411,0.1545,913930,142218.8069
1786397100000,0.1545,0.15511,0.1531,0.15432,395770,60988.6045
1786397400000,0.15432,0.15535,0.15309,0.15339,279830,43188.7447
1786397700000,0.15339,0.15433,0.15139,0.15218,880370,134438.1601
1786398000000,0.15218,0.15285,0.14991,0.1511,573430,86890.3542
1786398300000,0.1511,0.15215,0.14887,0.14923,759490,114348.8863
1786398600000,0.14923,0.15094,0.14923,0.15084,404200,60678.4262
1786398900000,0.15084,0.1528,0.15084,0.15142,319600,48509.4467
1786399200000,0.15142,0.15282,0.15142,0.15225,207460,31558.7948
1786399500000,0.15225,0.1523,0.15102,0.15195,410560,62347.8028
1786399800000,0.15195,0.15234,0.15106,0.1518,74050,11226.8556
1786400100000,0.1518,0.15294,0.15133,0.15277,83740,12751.6909
1786400400000,0.15277,0.15308,0.15224,0.15257,65620,10014.101
1786400700000,0.15257,0.15282,0.15188,0.15264,42360,6454.3281
1786401000000,0.15264,0.15275,0.15239,0.15247,23300,3555.7439
1786401300000,0.15247,0.15247,0.15158,0.1518,86430,13128.4958
1786401600000,0.1518,0.15246,0.15168,0.15246,47700,7253.5671
1786401900000,0.15246,0.15513,0.15246,0.15476,769400,118241.5973
1786402200000,0.15476,0.15523,0.15421,0.15476,175530,27178.5687
1786402500000,0.15476,0.15857,0.15424,0.15718,1263710,197403.6567
1786402800000,0.15718,0.1582,0.15639,0.15752,513790,80734.9204
1786403100000,0.15752,0.15763,0.15717,0.15723,78560,12365.2479
1786403400000,0.15723,0.1575,0.15717,0.15748,35540,5592.7566
1786403700000,0.15748,0.15763,0.15589,0.15605,264420,41397.2614
1786404000000,0.15605,0.15652,0.15521,0.1562,177450,27643.3993
1786404300000,0.1562,0.15708,0.1562,0.15681,98250,15401.998
1786404600000,0.15681,0.15696,0.15516,0.15602,162270,25338.7832
1786404900000,0.15602,0.15671,0.1552,0.15608,129260,20173.5896
1786405200000,0.15608,0.15659,0.15493,0.15497,182120,28397.0966
1786405500000,0.15497,0.155,0.1527,0.15287,444500,68277.5172
1786405800000,0.15287,0.15373,0.15266,0.15325,41160,6303.5756
1786406100000,0.15325,0.1536,0.15221,0.15292,171320,26172.5681
1786406400000,0.15292,0.15354,0.15274,0.15292,55390,8490.5764
1786406700000,0.15292,0.15332,0.15248,0.15262,97810,14957.3556
1786407000000,0.15262,0.1533,0.15246,0.15252,134060,20497.9201
1786407300000,0.15252,0.15346,0.15211,0.15218,105590,16112.1336
1786407600000,0.15218,0.15224,0.14717,0.14838,832600,123909.3397
1786407900000,0.14838,0.14912,0.14742,0.14778,484400,71693.1863
1786408200000,0.14778,0.14874,0.14657,0.14702,345690,50905.9538
1786408500000,0.14702,0.14721,0.14547,0.14612,366200,53552.096
1786408800000,0.14612,0.14627,0.14339,0.14503,474530,68680.6606
1786409100000,0.14503,0.14609,0.14474,0.14545,191310,27833.6044
1786409400000,0.14545,0.14594,0.14531,0.14544,110720,16130.9189
1786409700000,0.14544,0.14695,0.14478,0.14682,157450,23004.2565
1786410000000,0.14682,0.14698,0.14627,0.14659,93760,13749.1524
1786410300000,0.14659,0.14679,0.14631,0.14674,29350,4301.4377
1786410600000,0.14674,0.14685,0.1464,0.14657,37450,5492.8106
1786410900000,0.14657,0.14912,0.14544,0.147,573150,84326.7869
1786411200000,0.147,0.14985,0.14667,0.14955,160460,23882.9026
1786411500000,0.14955,0.14982,0.14936,0.14954,48190,7208.3844
1786411800000,0.14954,0.15064,0.14916,0.14942,150520,22548.1941
1786412100000,0.14942,0.15028,0.1478,0.14936,250040,37233.4173
1786412400000,0.14936,0.15012,0.14926,0.1494,70860,10608.1232
1786412700000,0.1494,0.15069,0.14934,0.15013,117740,17672.671
1786413000000,0.15013,0.15035,0.14778,0.14824,214660,32034.2006
1786413300000,0.14824,0.14824,0.14768,0.14781,36140,5343.2544
1786413600000,0.14781,0.14781,0.14648,0.14655,63790,9383.9661
1786413900000,0.14655,0.1467,0.14542,0.14572,127920,18660.1287
1786414200000,0.14572,0.14609,0.14556,0.14568,29580,4315.8416
1786414500000,0.14568,0.14592,0.14467,0.1449,135230,19650.9732
1786414800000,0.1449,0.1449,0.1431,0.14392,188050,27040.8857
1786415100000,0.14392,0.14474,0.14358,0.14465,65100,9394.1991
1786415400000,0.14465,0.14533,0.14463,0.14487,50160,7269.5385
1786415700000,0.14487,0.14508,0.14455,0.14488,38600,5589.5015
1786416000000,0.14488,0.14536,0.14401,0.14414,109960,15913.2636
1786416300000,0.14414,0.14447,0.14336,0.14416,57040,8206.7906
1786416600000,0.14416,0.14445,0.14225,0.1434,211780,30374.1403
1786416900000,0.1434,0.1435,0.14231,0.1435,137920,19697.8909
1786417200000,0.1435,0.14425,0.14327,0.14402,62030,8917.4419
1786417500000,0.14402,0.14406,0.14328,0.14358,77340,11117.482
1786417800000,0.14358,0.14579,0.14358,0.14563,114920,16657.1229
1786418100000,0.14563,0.14818,0.14558,0.14765,423320,62168.7393
1786418400000,0.14765,0.14787,0.14693,0.14695,63970,9429.6667
1786418700000,0.14695,0.14747,0.1463,0.14678,82400,12097.226
1786419000000,0.14678,0.14779,0.14621,0.14635,192970,28313.8935
1786419300000,0.14635,0.14722,0.14571,0.14594,53860,7894.9543
1786419600000,0.14594,0.14605,0.14501,0.14574,145690,21212.6684
1786419900000,0.14574,0.14591,0.14528,0.14572,79770,11621.5378
1786420200000,0.14572,0.14714,0.14567,0.14699,53460,7830.122
1786420500000,0.14699,0.14812,0.14699,0.14754,152990,22604.169
1786420800000,0.14754,0.14931,0.14662,0.14843,335020,49577.5513
1786421100000,0.14843,0.1492,0.14832,0.1489,56470,8401.759
1786421400000,0.1489,0.14964,0.1489,0.14946,40440,6040.212
1786421700000,0.14946,0.14979,0.1484,0.14951,78240,11663.8478
1786422000000,0.14951,0.15036,0.14926,0.14985,114570,17168.982
1786422300000,0.14985,0.15019,0.14818,0.14819,127140,18930.4159
1786422600000,0.14819,0.1487,0.14772,0.1482,101690,15060.9576
1786422900000,0.1482,0.14956,0.14784,0.14889,151890,22602.2699
1786423200000,0.14889,0.15027,0.14772,0.14906,252940,37679.3424
1786423500000,0.14906,0.1499,0.14906,0.14961,40310,6035.3501
1786423800000,0.14961,0.15008,0.14949,0.14993,28890,4325.7715
1786424100000,0.14993,0.15064,0.14989,0.15011,69940,10514.7154
1786424400000,0.15011,0.15011,0.14946,0.14972,59580,8919.2247
1786424700000,0.14972,0.14982,0.14875,0.14912,112990,16863.5945
1786425000000,0.14912,0.1493,0.14862,0.1491,68520,10204.0854
1786425300000,0.1491,0.1496,0.1491,0.14944,53970,8065.8112
1786425600000,0.14944,0.14984,0.14944,0.14984,171830,25704.029
1786425900000,0.14984,0.15019,0.14882,0.149,76200,11397.6146
1786426200000,0.149,0.14962,0.149,0.1494,19010,2838.1648
1786426500000,0.1494,0.14995,0.14918,0.14973,43630,6520.1548
1786426800000,0.14973,0.15067,0.149,0.14915,187200,28037.5295
1786427100000,0.14915,0.14916,0.149,0.14916,16810,2505.6117
1786427400000,0.14916,0.1493,0.14837,0.14914,85550,12730.6376
1786427700000,0.14914,0.15017,0.14914,0.15017,48360,7231.6723
1786428000000,0.15017,0.15041,0.15003,0.1503,61400,9221.0969
1786428300000,0.1503,0.15057,0.15017,0.15047,32700,4917.9826
1786428600000,0.15047,0.15231,0.15047,0.15137,197190,29846.1331
1786428900000,0.15137,0.15154,0.14976,0.14989,129160,19412.8219
1786429200000,0.14989,0.15006,0.14885,0.14974,84870,12698.0903
1786429500000,0.14974,0.14988,0.14917,0.14967,45320,6777.1785
1786429800000,0.14967,0.15004,0.14762,0.14817,146740,21793.9373
1786430100000,0.14817,0.14866,0.14733,0.14792,72650,10745.9933
1786430400000,0.14792,0.15001,0.14761,0.14961,102120,15235.1436
1786430700000,0.14961,0.14975,0.14767,0.14877,40460,6027.7434
1786431000000,0.14877,0.15014,0.14792,0.14792,111320,16632.2393
1786431300000,0.14792,0.1482,0.14776,0.14816,26470,3917.6693
1786431600000,0.14816,0.14933,0.14816,0.14933,40100,5962.8085
1786431900000,0.14933,0.14969,0.1488,0.1488,42780,6389.537
1786432200000,0.1488,0.1488,0.14748,0.14796,71470,10583.8315
1786432500000,0.14796,0.14975,0.14777,0.1497,121600,18107.4588
1786432800000,0.1497,0.15042,0.14868,0.14966,131880,19698.5629
1786433100000,0.14966,0.15024,0.14848,0.14848,146600,21923.8748
1786433400000,0.14848,0.14848,0.14747,0.14781,58440,8647.5207
1786433700000,0.14781,0.14876,0.14779,0.14861,68420,10138.784
1786434000000,0.14861,0.14958,0.1485,0.14948,37740,5626.3769
1786434300000,0.14948,0.15,0.14754,0.14872,146020,21744.1326
1786434600000,0.14872,0.15003,0.14844,0.14896,87340,13039.3222
1786434900000,0.14896,0.14963,0.14867,0.14889,140120,20892.3383
1786435200000,0.14889,0.1502,0.14886,0.14968,146020,21845.1516
1786435500000,0.14968,0.1524,0.14968,0.1516,464270,70286.0381
1786435800000,0.1516,0.1578,0.15157,0.15314,1141360,176401.7746
1786436100000,0.15314,0.15527,0.15304,0.15452,203210,31346.9834
1786436400000,0.15452,0.15608,0.15355,0.15408,184890,28617.9015
1786436700000,0.15408,0.15723,0.15408,0.15494,398470,62045.0284
1786437000000,0.15494,0.1568,0.15462,0.15619,222580,34739.0744
1786437300000,0.15619,0.15792,0.15516,0.15643,258730,40516.7019
1786437600000,0.15643,0.15763,0.1561,0.1568,121490,19042.3223
1786437900000,0.1568,0.1568,0.15586,0.15604,102790,16049.4243
1786438200000,0.15604,0.15896,0.15597,0.15803,214870,33781.6858
1786438500000,0.15803,0.15896,0.15778,0.15852,139990,22154.8197
1786438800000,0.15852,0.16,0.15789,0.15978,279770,44500.3537
1786439100000,0.15978,0.16143,0.15949,0.16033,523580,83865.4959
1786439400000,0.16033,0.16233,0.15994,0.1608,185380,29882.3937
1786439700000,0.1608,0.1611,0.1566,0.1566,501870,79685.6093
1786440000000,0.1566,0.158,0.15159,0.1576,695990,108017.8444
1786440300000,0.1576,0.1576,0.15593,0.15598,124120,19476.0772
1786440600000,0.15598,0.15816,0.15507,0.15762,203100,31721.8836
1786440900000,0.15762,0.15804,0.15509,0.15647,72500,11348.9207
1786441200000,0.15647,0.15657,0.15534,0.15618,66770,10411.7354
1786441500000,0.15618,0.159,0.15597,0.15852,79150,12474.4769
1786441800000,0.15852,0.15921,0.15847,0.15902,79890,12694.1216
1786442100000,0.15902,0.15945,0.15783,0.15843,104610,16617.5265
1786442400000,0.15843,0.15843,0.15696,0.15776,113900,17941.9766
1786442700000,0.15776,0.15776,0.15687,0.15714,48470,7617.714
1786443000000,0.15714,0.15719,0.15607,0.15717,127240,19940.3654
1786443300000,0.15717,0.16,0.15705,0.15915,363630,57624.2387
1786443600000,0.15915,0.16,0.15766,0.15999,127270,20188.7117
1786443900000,0.15999,0.16149,0.1598,0.16105,109140,17546.4708
1786444200000,0.16105,0.16151,0.16068,0.16092,41490,6686.0523
1786444500000,0.16092,0.16178,0.16068,0.16175,83390,13451.3269
1786444800000,0.16175,0.16189,0.15862,0.15897,149330,23885.7383
1786445100000,0.15897,0.16056,0.15852,0.16035,54440,8681.5991
1786445400000,0.16035,0.16367,0.15889,0.16279,509390,82513.3245
1786445700000,0.16279,0.16453,0.16213,0.16362,325710,53245.25
1786446000000,0.16362,0.1659,0.16254,0.16307,379010,62175.6592
1786446300000,0.16307,0.16368,0.16213,0.16255,157550,25652.1075
1786446600000,0.16255,0.16588,0.16215,0.16535,216420,35503.5718
1786446900000,0.16535,0.16608,0.16249,0.16323,214710,35221.6038
1786447200000,0.16323,0.16323,0.16123,0.16166,155680,25271.1867
1786447500000,0.16166,0.16322,0.16046,0.1626,169520,27475.8554
1786447800000,0.1626,0.16309,0.16009,0.16068,156020,25205.8687
1786448100000,0.16068,0.16122,0.15848,0.1596,365520,58214.3087
1786448400000,0.1596,0.16037,0.15789,0.15824,127000,20211.1396
1786448700000,0.15824,0.15965,0.1576,0.15965,102070,16185.8668
1786449000000,0.15965,0.16115,0.15874,0.16114,176600,28289.4532
1786449300000,0.16114,0.16157,0.16061,0.16067,113870,18348.5162
1786449600000,0.16067,0.16197,0.15918,0.16058,158810,25580.3782
1786449900000,0.16058,0.16247,0.15926,0.16236,305510,49259.3122
1786450200000,0.16236,0.16398,0.16195,0.16289,271570,44266.7403
1786450500000,0.16289,0.16289,0.16083,0.16101,89300,14443.0931
1786450800000,0.16101,0.16191,0.16052,0.16077,109200,17575.5002
1786451100000,0.16077,0.16133,0.16077,0.16109,32010,5151.5666
1786451400000,0.16109,0.16157,0.1606,0.16125,126910,20423.7767
1786451700000,0.16125,0.1615,0.16097,0.16143,30200,4869.7743
1786452000000,0.16143,0.16177,0.16073,0.16112,69020,11115.8044
1786452300000,0.16112,0.16112,0.1586,0.15893,146380,23346.8159
1786452600000,0.15893,0.161,0.15893,0.161,59180,9454.8798
1786452900000,0.161,0.16163,0.16076,0.16163,203260,32762.3297
1786453200000,0.16163,0.16253,0.1613,0.16182,168520,27273.8698
1786453500000,0.16182,0.16299,0.16144,0.1626,185350,30077.3947
1786453800000,0.1626,0.16337,0.16192,0.16232,209090,33994.2255
1786454100000,0.16232,0.16239,0.15816,0.15981,537740,86224.9799
1786454400000,0.15981,0.16041,0.15496,0.16027,732080,115935.1921
1786454700000,0.16027,0.16069,0.15345,0.15519,1039900,162542.5874
1786455000000,0.15519,0.15657,0.15415,0.15505,626810,97393.1888
1786455300000,0.15505,0.15834,0.15328,0.15834,323440,50350.1666
1786455600000,0.15834,0.1607,0.15834,0.16055,240500,38438.6287
1786455900000,0.16055,0.162,0.16053,0.16129,246370,39704.1896
1786456200000,0.16129,0.16174,0.15782,0.15889,179640,28657.937
1786456500000,0.15889,0.15929,0.15801,0.15836,113490,18008.7881
1786456800000,0.15836,0.15874,0.15733,0.1576,82700,13057.318
1786457100000,0.1576,0.15799,0.15679,0.15766,107500,16923.262
1786457400000,0.15766,0.15786,0.15619,0.157,118290,18559.3407
1786457700000,0.157,0.15759,0.15678,0.15752,54480,8563.281
1786458000000,0.15752,0.15786,0.15528,0.15558,139290,21802.4638
1786458300000,0.15558,0.15572,0.15349,0.15372,188350,29134.6867
1786458600000,0.15372,0.15537,0.15238,0.15391,308620,47501.3703
1786458900000,0.15391,0.15456,0.15284,0.15369,441170,67755.672
1786459200000,0.15369,0.15401,0.15261,0.15314,76110,11679.2525
1786459500000,0.15314,0.15378,0.15298,0.15321,206230,31629.2396
1786459800000,0.15321,0.15321,0.14986,0.15149,585680,88625.4687
1786460100000,0.15149,0.15193,0.14984,0.15024,274230,41398.6935
1786460400000,0.15024,0.1508,0.14735,0.14918,757710,112790.2334
1786460700000,0.14918,0.15127,0.14886,0.15087,562290,84500.6751
1786461000000,0.15087,0.15107,0.1481,0.15029,330890,49380.0253
1786461300000,0.15029,0.15109,0.14768,0.14796,313860,46964.7137
1786461600000,0.14796,0.14958,0.14755,0.14789,167260,24846.6348
1786461900000,0.14789,0.14793,0.14063,0.14237,2706260,391041.1284
1786462200000,0.14237,0.14261,0.13943,0.14,1014240,143346.1826
1786462500000,0.14,0.14116,0.1395,0.1402,364090,51094.7057
1786462800000,0.1402,0.14074,0.13742,0.1407,1238310,172206.5815
1786463100000,0.1407,0.14523,0.1407,0.14461,751900,107641.4689
1786463400000,0.14461,0.14529,0.14346,0.14515,361350,52155.8856
1786463700000,0.14515,0.14622,0.14469,0.14607,203710,29617.9358
1786464000000,0.14607,0.14765,0.14454,0.14474,342800,50219.5004
1786464300000,0.14474,0.14504,0.14438,0.14492,163530,23670.6638
1786464600000,0.14492,0.14511,0.14375,0.14399,184230,26619.5229
1786464900000,0.14399,0.14399,0.1407,0.14219,396270,56324.6445
1786465200000,0.14219,0.14364,0.14219,0.14336,82310,11773.8647
1786465500000,0.14336,0.14359,0.14073,0.14083,119490,16908.1111
1786465800000,0.14083,0.142,0.14021,0.14111,404310,57049.973
1786466100000,0.14111,0.1429,0.14075,0.1424,150960,21412.5742
1786466400000,0.1424,0.14263,0.14198,0.14235,85360,12143.1661
1786466700000,0.14235,0.1432,0.14115,0.14287,377440,53723.8304
1786467000000,0.14287,0.14612,0.1423,0.14471,403000,58305.1713
1786467300000,0.14471,0.14744,0.14464,0.14702,363680,53274.4058
1786467600000,0.14702,0.14831,0.14541,0.14596,241460,35363.9874
1786467900000,0.14596,0.14614,0.14478,0.14485,106070,15427.1798
1786468200000,0.14485,0.14669,0.1445,0.14614,575050,83733.8821
1786468500000,0.14614,0.14686,0.14519,0.14519,103950,15175.768
1786468800000,0.14519,0.1453,0.14405,0.14448,30090,4351.1057
1786469100000,0.14448,0.14522,0.144,0.145,60920,8816.8083
1786469400000,0.145,0.14615,0.1449,0.14587,37750,5499.5446
1786469700000,0.14587,0.1468,0.14565,0.14648,236310,34551.6428
1786470000000,0.14648,0.14714,0.14543,0.1459,149840,21943.3738
1786470300000,0.1459,0.1555,0.14556,0.14852,1322450,199117.4179
1786470600000,0.14852,0.1548,0.14852,0.15233,1431970,216779.1586
1786470900000,0.15233,0.1531,0.15064,0.15228,325750,49537.0011
1786471200000,0.15228,0.15241,0.15051,0.15092,432540,65521.3541
1786471500000,0.15092,0.15092,0.14412,0.1443,852480,126313.4793
1786471800000,0.1443,0.14508,0.14286,0.14484,352560,50765.2481
1786472100000,0.14484,0.14516,0.14274,0.14343,152470,21970.2218
1786472400000,0.14343,0.145,0.1421,0.14471,275900,39605.0494
1786472700000,0.14471,0.14592,0.14426,0.14426,173890,25235.9193
1786473000000,0.14426,0.14543,0.1437,0.14497,97620,14152.5791
1786473300000,0.14497,0.14586,0.14497,0.14534,166080,24147.9415
1786473600000,0.14534,0.14547,0.14419,0.14449,102490,14836.5599
1786473900000,0.14449,0.14538,0.14368,0.14442,88290,12764.6858
1786474200000,0.14442,0.14594,0.14391,0.14577,118710,17237.4881
1786474500000,0.14577,0.14761,0.14502,0.14566,296340,43412.7148
1786474800000,0.14566,0.14772,0.14566,0.1472,89800,13195.8034
1786475100000,0.1472,0.15041,0.147,0.14977,401600,59820.9723
1786475400000,0.14977,0.15016,0.14843,0.1495,150050,22416.3414
1786475700000,0.1495,0.14996,0.14895,0.14965,44770,6693.878
1786476000000,0.14965,0.15034,0.1494,0.15033,50570,7581.2276
1786476300000,0.15033,0.15054,0.14946,0.15042,32520,4875.2149
1786476600000,0.15042,0.1515,0.14993,0.15043,143390,21618.3443
1786476900000,0.15043,0.15078,0.15003,0.15026,87950,13223.0605
1786477200000,0.15026,0.15226,0.14965,0.15021,290080,43777.691
1786477500000,0.15021,0.15049,0.14972,0.15008,63180,9483.1936
1786477800000,0.15008,0.15159,0.14875,0.15101,554580,83323.3102
1786478100000,0.15101,0.15252,0.15016,0.1524,155940,23599.0281
1786478400000,0.1524,0.15337,0.15231,0.15292,70500,10773.4933
1786478700000,0.15292,0.15386,0.15204,0.15228,89260,13666.3023
1786479000000,0.15228,0.15432,0.15214,0.15304,125210,19144.953
1786479300000,0.15304,0.15443,0.15253,0.15345,61960,9491.5698
1786479600000,0.15345,0.15345,0.1521,0.15308,83740,12784.6472
1786479900000,0.15308,0.15479,0.15308,0.15434,41770,6437.0188
1786480200000,0.15434,0.15612,0.15298,0.15345,333440,51656.6423
1786480500000,0.15345,0.15558,0.15304,0.15458,77750,11990.0992
1786480800000,0.15458,0.15471,0.15377,0.15415,58630,9039.1045
1786481100000,0.15415,0.15543,0.15397,0.15543,76520,11818.3538
1786481400000,0.15543,0.15556,0.15324,0.15412,155460,23969.0695
1786481700000,0.15412,0.15558,0.15412,0.15516,83970,13007.6869
1786482000000,0.15516,0.15564,0.15479,0.15544,29330,4549.2432
1786482300000,0.15544,0.15566,0.15421,0.1556,48120,7455.3481
1786482600000,0.1556,0.15587,0.15369,0.15371,79730,12333.3478
1786482900000,0.15371,0.15411,0.15106,0.15176,198800,30287.4365
1786483200000,0.15176,0.15204,0.14949,0.15105,375560,56608.7407
1786483500000,0.15105,0.15161,0.14908,0.14922,221340,33254.4207
1786483800000,0.14922,0.1515,0.14922,0.15114,287960,43383.1265
1786484100000,0.15114,0.15189,0.14871,0.15054,325100,48747.6767
1786484400000,0.15054,0.15084,0.14957,0.15042,143040,21496.5986
1786484700000,0.15042,0.15072,0.15024,0.15038,14330,2155.6114
1786485000000,0.15038,0.15054,0.14934,0.15029,48340,7247.9805
1786485300000,0.15029,0.15132,0.15029,0.15095,43960,6638.324
1786485600000,0.15095,0.15198,0.15012,0.151,90340,13662.9365
1786485900000,0.151,0.15154,0.1502,0.15082,32610,4918.237
1786486200000,0.15082,0.15188,0.14984,0.15032,66660,10059.7399
1786486500000,0.15032,0.15056,0.15009,0.15039,24170,3633.6316
1786486800000,0.15039,0.15058,0.14978,0.15008,19810,2974.6437
1786487100000,0.15008,0.15008,0.14684,0.1473,200930,29734.5445
1786487400000,0.1473,0.14865,0.1473,0.14846,67940,10063.0534
1786487700000,0.14846,0.14846,0.14685,0.14738,133860,19737.1412
1786488000000,0.14738,0.14754,0.14585,0.14731,249710,36676.6187
1786488300000,0.14731,0.1492,0.14725,0.14781,297170,44125.0968
1786488600000,0.14781,0.14847,0.14775,0.14843,27340,4047.7227
1786488900000,0.14843,0.14846,0.145,0.14525,260960,38107.7633
1786489200000,0.14525,0.1455,0.14437,0.14449,100660,14598.0861
1786489500000,0.14449,0.14555,0.14353,0.14399,88150,12751.4727
1786489800000,0.14399,0.14474,0.14331,0.14386,116930,16845.1852
1786490100000,0.14386,0.1443,0.14344,0.14422,103660,14912.9278
1786490400000,0.14422,0.14448,0.14391,0.14424,28890,4165.5533
1786490700000,0.14424,0.14481,0.14424,0.1445,94510,13663.0346
1786491000000,0.1445,0.14476,0.1429,0.14344,118840,17056.9849
1786491300000,0.14344,0.14397,0.14325,0.1435,69540,9985.8336
1786491600000,0.1435,0.1439,0.14247,0.14383,205520,29433.1098
1786491900000,0.14383,0.14426,0.14363,0.14392,85190,12257.439
1786492200000,0.14392,0.1447,0.14392,0.14403,43430,6269.427
1786492500000,0.14403,0.14442,0.14403,0.14442,8830,1274.0183
1786492800000,0.14442,0.1448,0.14346,0.14479,59280,8537.0691
1786493100000,0.14479,0.14565,0.14382,0.14423,68020,9851.6507
1786493400000,0.14423,0.14431,0.1422,0.14259,242390,34647.2883
1786493700000,0.14259,0.14739,0.14248,0.14676,326030,47223.4654
1786494000000,0.14676,0.147,0.14656,0.14695,9260,1359.0294
1786494300000,0.14695,0.14982,0.14681,0.14948,283670,42103.359
1786494600000,0.14948,0.1512,0.14879,0.15084,206160,30975.8394
1786494900000,0.15084,0.15093,0.15,0.1503,51690,7772.5642
1786495200000,0.1503,0.15075,0.14928,0.1506,235500,35368.3255
1786495500000,0.1506,0.15134,0.15042,0.15055,65650,9906.4716
1786495800000,0.15055,0.15071,0.14892,0.1493,118640,17758.3023
1786496100000,0.1493,0.1493,0.14818,0.14829,17200,2557.7641
1786496400000,0.14829,0.14829,0.14643,0.14772,338950,49944.7265
1786496700000,0.14772,0.1478,0.14671,0.14711,43570,6417.3614
1786497000000,0.14711,0.14885,0.14702,0.14882,53120,7863.1061
1786497300000,0.14882,0.14923,0.14805,0.14839,52750,7852.4721
1786497600000,0.14839,0.1491,0.14819,0.14896,52540,7817.1006
1786497900000,0.14896,0.14933,0.14814,0.14917,19680,2927.2946
1786498200000,0.14917,0.14917,0.14775,0.14775,21490,3183.41
1786498500000,0.14775,0.14805,0.14659,0.1469,101440,14912.4804
1786498800000,0.1469,0.14889,0.1463,0.14826,93820,13832.2615
1786499100000,0.14826,0.14944,0.147,0.14731,194170,28715.4656
1786499400000,0.14731,0.14784,0.14697,0.14723,47100,6946.7899
1786499700000,0.14723,0.14764,0.14697,0.14735,13630,2006.7769
1786500000000,0.14735,0.14842,0.14731,0.1482,15140,2238.5954
1786500300000,0.1482,0.14917,0.1477,0.1477,60570,9011.7306
1786500600000,0.1477,0.1477,0.14678,0.14702,84890,12497.3507
1786500900000,0.14702,0.14774,0.14702,0.14749,99590,14663.3669
1786501200000,0.14749,0.14799,0.14737,0.14771,34980,5169.7264
1786501500000,0.14771,0.14787,0.1466,0.14685,22910,3370.3305
1786501800000,0.14685,0.1481,0.14665,0.14802,20590,3035.7518
1786502100000,0.14802,0.1484,0.14742,0.14742,42960,6359.7996
1786502400000,0.14742,0.14754,0.14705,0.14732,47320,6966.9283
1786502700000,0.14732,0.14811,0.1467,0.14675,107880,15894.0359
1786503000000,0.14675,0.147,0.1465,0.14667,104730,15357.9616
1786503300000,0.14667,0.14667,0.14472,0.14602,136390,19877.5347
1786503600000,0.14602,0.14664,0.14449,0.14532,107970,15713.5246
1786503900000,0.14532,0.14532,0.14328,0.14391,150080,21630.374
1786504200000,0.14391,0.14391,0.14313,0.14352,81340,11680.4531
1786504500000,0.14352,0.14352,0.13987,0.14185,509000,71989.5832
1786504800000,0.14185,0.14185,0.14053,0.14061,155360,21917.8098
1786505100000,0.14061,0.14305,0.1405,0.14192,316880,44873.9176
1786505400000,0.14192,0.14277,0.14094,0.14115,102300,14510.2849
1786505700000,0.14115,0.14236,0.13591,0.1376,938230,129610.479
1786506000000,0.1376,0.13789,0.13506,0.13787,470810,64278.2635
1786506300000,0.13787,0.1392,0.13607,0.13889,451920,62154.6023
1786506600000,0.13889,0.1399,0.13646,0.13679,518080,71510.5216
1786506900000,0.13679,0.13685,0.13542,0.13664,194410,26440.0252
1786507200000,0.13664,0.13842,0.13537,0.13842,478010,65378.4384
1786507500000,0.13842,0.13861,0.13695,0.1378,215450,29671.2059
1786507800000,0.1378,0.1378,0.13572,0.13759,745190,101758.4571
1786508100000,0.13759,0.13818,0.13668,0.13812,242380,33321.8865
1786508400000,0.13812,0.13926,0.13799,0.13861,73620,10206.0106
1786508700000,0.13861,0.13949,0.13835,0.13908,40730,5650.0678
1786509000000,0.13908,0.1395,0.13836,0.13919,83880,11665.5745
1786509300000,0.13919,0.13925,0.13894,0.13903,20960,2915.075
1786509600000,0.13903,0.14031,0.13884,0.13998,302590,42245.7896
1786509900000,0.13998,0.14024,0.13872,0.13899,55140,7694.3311
1786510200000,0.13899,0.13908,0.13866,0.1388,16300,2263.2959
1786510500000,0.1388,0.13894,0.13843,0.13874,37760,5237.2888
1786510800000,0.13874,0.13882,0.13783,0.13881,123040,17031.206
1786511100000,0.13881,0.141,0.13831,0.13962,134740,18839.7425
1786511400000,0.13962,0.13969,0.13881,0.13897,128920,17948.2197
1786511700000,0.13897,0.14731,0.13859,0.1471,2388870,341800.5345
1786512000000,0.1471,0.14797,0.14223,0.14239,431280,62460.7051
1786512300000,0.14239,0.14406,0.14102,0.14386,277840,39652.2267
1786512600000,0.14386,0.14427,0.1435,0.14384,86750,12481.1792
1786512900000,0.14384,0.14396,0.14258,0.14294,131770,18866.8153
1786513200000,0.14294,0.14504,0.14231,0.14439,130830,18792.4508
1786513500000,0.14439,0.14439,0.14266,0.14326,146980,21080.7922
1786513800000,0.14326,0.14549,0.14256,0.14486,116520,16761.0539
1786514100000,0.14486,0.14532,0.14419,0.14528,28890,4185.5059
1786514400000,0.14528,0.14692,0.14517,0.14598,132900,19405.2347
1786514700000,0.14598,0.14728,0.14587,0.1462,86990,12743.2033
1786515000000,0.1462,0.147,0.14497,0.14497,75440,11044.1377
1786515300000,0.14497,0.14527,0.14394,0.14425,108160,15629.3696
1786515600000,0.14425,0.14562,0.14425,0.1449,31860,4623.1729
1786515900000,0.1449,0.14567,0.14284,0.1433,172230,24779.3429
1786516200000,0.1433,0.1433,0.14207,0.14266,96840,13824.6268
1786516500000,0.14266,0.14281,0.14229,0.14265,22680,3233.6042
1786516800000,0.14265,0.14308,0.14161,0.14161,170300,24262.3314
1786517100000,0.14161,0.14161,0.14019,0.1408,181940,25614.2179
1786517400000,0.1408,0.14135,0.1408,0.14108,60410,8519.3871
1786517700000,0.14108,0.14165,0.14087,0.14129,50010,7063.3443
1786518000000,0.14129,0.1416,0.14111,0.14115,51980,7349.9176
1786518300000,0.14115,0.14144,0.14041,0.14048,55760,7853.797
1786518600000,0.14048,0.14062,0.1397,0.13979,53390,7483.9989
1786518900000,0.13979,0.14054,0.13957,0.14054,29780,4163.6855
1786519200000,0.14054,0.14123,0.14054,0.14063,45220,6370.0695
1786519500000,0.14063,0.14067,0.14021,0.14032,11890,1670.365
1786519800000,0.14032,0.14108,0.14032,0.14075,27220,3831.331
1786520100000,0.14075,0.1414,0.14029,0.14125,48470,6830.3419
1786520400000,0.14125,0.14207,0.14119,0.14175,64230,9097.4421
1786520700000,0.14175,0.14211,0.14141,0.14193,29240,4144.6633
1786521000000,0.14193,0.1431,0.14176,0.14262,31830,4536.9827
1786521300000,0.14262,0.1428,0.1411,0.14154,136180,19309.0492
1786521600000,0.14154,0.14175,0.13881,0.13915,165140,23211.7544
1786521900000,0.13915,0.13968,0.13815,0.1389,98120,13625.4056
1786522200000,0.1389,0.13896,0.1379,0.1385,463690,64202.2924
1786522500000,0.1385,0.13945,0.13844,0.13928,45770,6365.9112
1786522800000,0.13928,0.13942,0.13856,0.13882,35940,5001.8016
1786523100000,0.13882,0.13921,0.13855,0.13907,22630,3143.3891
1786523400000,0.13907,0.13985,0.138,0.13962,273500,38006.3967
1786523700000,0.13962,0.14021,0.13895,0.14015,46470,6496.0513
1786524000000,0.14015,0.14076,0.13874,0.13897,155580,21818.5987
1786524300000,0.13897,0.13897,0.13812,0.13848,79010,10940.7011
1786524600000,0.13848,0.13848,0.13799,0.13815,31030,4290.0059
1786524900000,0.13815,0.13975,0.13796,0.13926,139610,19398.8611
1786525200000,0.13926,0.1401,0.13926,0.14005,41720,5832.8519
1786525500000,0.14005,0.14047,0.13992,0.14047,45930,6444.6243
1786525800000,0.14047,0.14059,0.14012,0.14041,42060,5903.7017
1786526100000,0.14041,0.14179,0.13949,0.14137,213060,30018.0844
1786526400000,0.14137,0.14214,0.14137,0.14198,36760,5214.6197
1786526700000,0.14198,0.1425,0.14052,0.14139,183430,25915.6727
1786527000000,0.14139,0.14159,0.13968,0.1409,155010,21781.9159
1786527300000,0.1409,0.14164,0.13996,0.14029,101510,14278.4792
1786527600000,0.14029,0.1407,0.13838,0.13917,186390,26021.7278
1786527900000,0.13917,0.13917,0.13818,0.13912,45320,6281.6574
1786528200000,0.13912,0.14055,0.13897,0.1402,147850,20688.0834
1786528500000,0.1402,0.14124,0.14008,0.14092,42250,5940.8028
1786528800000,0.14092,0.14329,0.14092,0.14304,133860,19017.2932
1786529100000,0.14304,0.14366,0.14249,0.14278,77780,11127.506
1786529400000,0.14278,0.14371,0.14262,0.14368,96870,13888.932
1786529700000,0.14368,0.14463,0.14221,0.14234,210370,30155.3691
1786530000000,0.14234,0.14384,0.14234,0.14367,80040,11436.0533
1786530300000,0.14367,0.1439,0.14345,0.14369,24330,3495.7204
1786530600000,0.14369,0.1441,0.14234,0.1429,121910,17464.216
1786530900000,0.1429,0.1429,0.14225,0.1429,27270,3885.8558
1786531200000,0.1429,0.14526,0.1429,0.14494,106320,15344.2006
1786531500000,0.14494,0.14528,0.14376,0.14496,84660,12240.1937
1786531800000,0.14496,0.14602,0.14494,0.14554,72700,10573.2937
1786532100000,0.14554,0.14571,0.14528,0.14541,23580,3432.0557
1786532400000,0.14541,0.14722,0.14521,0.14557,113800,16626.2139
1786532700000,0.14557,0.14707,0.14521,0.14684,48350,7061.0598
1786533000000,0.14684,0.14795,0.14605,0.14612,196570,28889.2464
1786533300000,0.14612,0.1477,0.14612,0.14695,22640,3330.755
1786533600000,0.14695,0.14695,0.14519,0.1457,74460,10866.0958
1786533900000,0.1457,0.1457,0.14497,0.14532,17280,2509.1606
1786534200000,0.14532,0.14567,0.14519,0.14519,35650,5184.48
1786534500000,0.14519,0.14523,0.14213,0.14268,246370,35408.4076
1786534800000,0.14268,0.1432,0.14238,0.14304,62930,8987.0862
1786535100000,0.14304,0.14434,0.14288,0.14355,126920,18247.383
1786535400000,0.14355,0.1441,0.14355,0.14365,38790,5580.7904
1786535700000,0.14365,0.14456,0.14273,0.14444,207590,29847.9346
1786536000000,0.14444,0.1452,0.14409,0.14473,66610,9632.5422
1786536300000,0.14473,0.14509,0.14451,0.14493,48240,6988.9198
1786536600000,0.14493,0.14579,0.14382,0.14501,213480,30916.5462
1786536900000,0.14501,0.14728,0.1443,0.14659,886170,129484.9462
1786537200000,0.14659,0.14791,0.14633,0.1476,409930,60295.9588
1786537500000,0.1476,0.1479,0.14683,0.14777,168740,24855.7601
1786537800000,0.14777,0.14862,0.14619,0.14644,401430,59094.9246
1786538100000,0.14644,0.14712,0.1438,0.14551,323810,47092.3908
1786538400000,0.14551,0.14604,0.14424,0.1449,305860,44456.3473
1786538700000,0.1449,0.14678,0.14485,0.14678,52730,7671.4912
1786539000000,0.14678,0.1494,0.14664,0.14776,322400,47838.6923
1786539300000,0.14776,0.15097,0.14776,0.15059,94450,14117.755
1786539600000,0.15059,0.15113,0.14928,0.15004,112050,16825.9506
1786539900000,0.15004,0.15644,0.15004,0.15609,2701060,417815.4853
1786540200000,0.15609,0.15692,0.15391,0.15395,858630,133518.6062
1786540500000,0.15395,0.15551,0.1535,0.15375,131340,20291.5058
1786540800000,0.15375,0.15423,0.15263,0.1536,228410,35040.0747
1786541100000,0.1536,0.15452,0.15234,0.15266,212900,32607.73
1786541400000,0.15266,0.15266,0.15073,0.15146,200300,30353.8579
1786541700000,0.15146,0.15237,0.1509,0.15156,261680,39716.1327
1786542000000,0.15156,0.15268,0.15137,0.15137,205280,31189.4957
1786542300000,0.15137,0.1519,0.15137,0.1514,162140,24561.3074
1786542600000,0.1514,0.15149,0.15072,0.15117,138490,20923.7818
1786542900000,0.15117,0.15345,0.15105,0.15294,152990,23316.6759
1786543200000,0.15294,0.15325,0.15083,0.15133,187080,28507.8457
1786543500000,0.15133,0.15141,0.14766,0.14933,574060,85847.9351
1786543800000,0.14933,0.15096,0.14928,0.14977,207140,31149.5866
1786544100000,0.14977,0.15002,0.14742,0.1481,148110,21968.7018
1786544400000,0.1481,0.14946,0.14724,0.1493,88390,13132.4989
1786544700000,0.1493,0.14933,0.14725,0.14751,28120,4166.6689
1786545000000,0.14751,0.14781,0.14634,0.14652,166250,24421.9
1786545300000,0.14652,0.14801,0.14574,0.1473,122860,18035.0963
1786545600000,0.1473,0.14731,0.1456,0.1471,109300,16028.8301
1786545900000,0.1471,0.14788,0.14698,0.14743,98230,14485.1231
1786546200000,0.14743,0.14805,0.14594,0.14712,282170,41441.7747
1786546500000,0.14712,0.14712,0.1452,0.14659,111350,16259.7438
1786546800000,0.14659,0.14706,0.14526,0.14592,26850,3927.1904
1786547100000,0.14592,0.14669,0.14547,0.14616,66980,9796.9278
1786547400000,0.14616,0.14819,0.14572,0.14665,188810,27719.0605
1786547700000,0.14665,0.14989,0.14652,0.1484,249810,37065.2927
1786548000000,0.1484,0.14922,0.14821,0.14896,111300,16553.9498
1786548300000,0.14896,0.14916,0.14727,0.1479,227040,33613.4596
1786548600000,0.1479,0.1494,0.14742,0.1477,73600,10917.3909
1786548900000,0.1477,0.1481,0.14758,0.14763,42670,6309.3519
1786549200000,0.14763,0.14915,0.14747,0.14898,186100,27582.8566
1786549500000,0.14898,0.1503,0.14855,0.14988,219380,32810.4238
1786549800000,0.14988,0.15101,0.14938,0.14962,277520,41677.7145
1786550100000,0.14962,0.15082,0.14921,0.1497,133980,20079.3618
1786550400000,0.1497,0.15139,0.1496,0.15057,103900,15649.3248
1786550700000,0.15057,0.15234,0.14844,0.14844,341420,51310.7853
1786551000000,0.14844,0.15133,0.14774,0.15096,285350,42674.4648
1786551300000,0.15096,0.15121,0.14904,0.15083,77960,11683.0761
1786551600000,0.15083,0.15298,0.15074,0.15276,84590,12852.5135
1786551900000,0.15276,0.15666,0.15214,0.1561,319280,49336.6476
1786552200000,0.1561,0.15834,0.15458,0.15777,399840,62725.3817
1786552500000,0.15777,0.16648,0.1575,0.16205,1553640,251802.742
1786552800000,0.16205,0.16231,0.1572,0.15995,726370,116167.3257
1786553100000,0.15995,0.16422,0.15945,0.16384,724810,117326.9455
1786553400000,0.16384,0.16808,0.1584,0.15945,2276910,371869.7597
1786553700000,0.15945,0.16017,0.15834,0.15979,499530,79429.825
1786554000000,0.15979,0.16155,0.15932,0.16047,278200,44518.1561
1786554300000,0.16047,0.17,0.15834,0.16245,2456890,402695.8491
1786554600000,0.16245,0.16449,0.16182,0.16447,465610,75994.6845
1786554900000,0.16447,0.16948,0.16434,0.16681,1242780,207105.5659
1786555200000,0.16681,0.16915,0.16597,0.16701,482450,81017.6673
1786555500000,0.16701,0.17,0.16426,0.16933,629780,105535.1334
1786555800000,0.16933,0.16939,0.16611,0.16754,428740,72073.2586
1786556100000,0.16754,0.17097,0.16727,0.16875,604670,102717.586
1786556400000,0.16875,0.17097,0.1675,0.16844,569940,96229.9207
1786556700000,0.16844,0.16968,0.16429,0.16638,1059750,176190.92
1786557000000,0.16638,0.16679,0.16402,0.1647,550170,90787.2066
1786557300000,0.1647,0.16509,0.1626,0.16413,302940,49603.4304
1786557600000,0.16413,0.1652,0.16022,0.16064,885110,143814.0326
1786557900000,0.16064,0.16231,0.15915,0.16069,1723280,276959.4625
1786558200000,0.16069,0.16317,0.16069,0.16165,520940,84525.6939
1786558500000,0.16165,0.16302,0.16094,0.16215,227390,36836.9058
1786558800000,0.16215,0.16359,0.16215,0.16334,232640,37873.9153
1786559100000,0.16334,0.166,0.16334,0.16562,459870,75655.6573
1786559400000,0.16562,0.1668,0.16524,0.16655,231020,38347.7086
1786559700000,0.16655,0.16797,0.16526,0.16556,440110,73392.2662
1786560000000,0.16556,0.16688,0.16454,0.16474,234090,38711.5891
1786560300000,0.16474,0.16485,0.16213,0.16258,236140,38555.4387
1786560600000,0.16258,0.16329,0.16024,0.16124,323820,52357.4087
1786560900000,0.16124,0.16355,0.16097,0.16225,314320,51168.4856
1786561200000,0.16225,0.16324,0.15967,0.16158,201220,32454.6086
1786561500000,0.16158,0.16253,0.16064,0.16192,53330,8622.9818
1786561800000,0.16192,0.16275,0.1617,0.1617,100060,16231.1582
1786562100000,0.1617,0.1617,0.15983,0.16084,100060,16056.7677
1786562400000,0.16084,0.16084,0.1587,0.15906,84980,13546.9833
1786562700000,0.15906,0.15906,0.15194,0.15615,1705540,265574.0902
1786563000000,0.15615,0.15709,0.15562,0.15634,496050,77509.2966
1786563300000,0.15634,0.15658,0.1538,0.15463,556680,86311.7075
1786563600000,0.15463,0.15489,0.15275,0.15384,1272360,195869.2177
1786563900000,0.15384,0.15508,0.15268,0.1544,432790,66676.6261
1786564200000,0.1544,0.15497,0.15418,0.15452,145280,22451.3687
1786564500000,0.15452,0.15511,0.15452,0.15455,94710,14660.4872
1786564800000,0.15455,0.15637,0.15455,0.15591,197670,30760.3792
1786565100000,0.15591,0.15701,0.15567,0.15599,162410,25403.6902
1786565400000,0.15599,0.15652,0.15373,0.15431,450080,69750.7873
1786565700000,0.15431,0.15522,0.15399,0.15492,241660,37415.5945
1786566000000,0.15492,0.15515,0.15332,0.15401,322830,49964.5686
1786566300000,0.15401,0.15464,0.15309,0.15435,89780,13794.7051
1786566600000,0.15435,0.15476,0.15417,0.15444,31250,4828.2411
1786566900000,0.15444,0.1548,0.15417,0.15456,38490,5948.002
1786567200000,0.15456,0.15467,0.15408,0.15408,62010,9580.7913
1786567500000,0.15408,0.1541,0.15227,0.15272,128290,19614.2371
1786567800000,0.15272,0.15388,0.15261,0.15351,72390,11078.4504
1786568100000,0.15351,0.15392,0.15327,0.15332,21810,3351.7779
1786568400000,0.15332,0.15456,0.15307,0.15416,95610,14711.9159
1786568700000,0.15416,0.15435,0.153,0.15345,29860,4585.8878
1786569000000,0.15345,0.15392,0.15105,0.15223,222590,33899.3796
1786569300000,0.15223,0.15236,0.15155,0.1516,77650,11796.3242
1786569600000,0.1516,0.15184,0.15126,0.15158,73550,11149.4501
1786569900000,0.15158,0.15277,0.15122,0.15191,198630,30217.8312
1786570200000,0.15191,0.15234,0.15005,0.15065,104520,15821.029
1786570500000,0.15065,0.15087,0.14985,0.15072,290560,43716.471
1786570800000,0.15072,0.15151,0.15066,0.1514,92190,13912.5369
1786571100000,0.1514,0.1523,0.1514,0.15204,63210,9613.5569
1786571400000,0.15204,0.1537,0.15169,0.15341,168500,25777.4464
1786571700000,0.15341,0.15778,0.15341,0.15618,1170680,182164.5694
1786572000000,0.15618,0.15826,0.15611,0.15798,661720,104047.9704
1786572300000,0.15798,0.15827,0.15647,0.15667,261480,41226.6645
1786572600000,0.15667,0.15828,0.15657,0.1578,370040,58231.1792
1786572900000,0.1578,0.1581,0.15745,0.1576,117260,18496.0755
1786573200000,0.1576,0.15792,0.15706,0.15792,335650,52835.2194
1786573500000,0.15792,0.15953,0.15791,0.15833,121050,19220.5823
1786573800000,0.15833,0.1584,0.15773,0.15832,93350,14759.487
1786574100000,0.15832,0.16001,0.15765,0.15921,125130,19897.1518
1786574400000,0.15921,0.1596,0.1588,0.159,150120,23888.1828
1786574700000,0.159,0.15983,0.15889,0.15956,88920,14178.1008
1786575000000,0.15956,0.16303,0.1587,0.16266,378280,61203.808
1786575300000,0.16266,0.1635,0.16213,0.16296,110180,17948.4096
1786575600000,0.16296,0.16423,0.16226,0.16264,258110,42096.7541
1786575900000,0.16264,0.16301,0.16224,0.16252,195650,31816.9666
1786576200000,0.16252,0.16268,0.16201,0.16213,85360,13852.6821
1786576500000,0.16213,0.16258,0.16177,0.16221,124510,20182.7829
1786576800000,0.16221,0.16287,0.16213,0.16258,62650,10181.6082
1786577100000,0.16258,0.16264,0.16199,0.16261,71950,11680.4279
1786577400000,0.16261,0.16376,0.16238,0.16347,372770,60804.3231
1786577700000,0.16347,0.1643,0.16347,0.16415,256140,42001.8402
1786578000000,0.16415,0.16725,0.16383,0.16686,809680,134517.7523
1786578300000,0.16686,0.16908,0.16672,0.1685,1019310,171365.7252
1786578600000,0.1685,0.16889,0.16609,0.1665,333670,55968.8516
1786578900000,0.1665,0.16831,0.16611,0.16813,212540,35524.394
1786579200000,0.16813,0.16835,0.16566,0.16567,217400,36315.1047
1786579500000,0.16567,0.16706,0.16546,0.16684,125270,20825.055
1786579800000,0.16684,0.17,0.16675,0.16941,553080,93132.3767
1786580100000,0.16941,0.16968,0.16741,0.16741,431410,72879.4995
1786580400000,0.16741,0.16957,0.16699,0.16885,186790,31421.2878
1786580700000,0.16885,0.16885,0.16586,0.16662,275860,46045.1724
1786581000000,0.16662,0.16776,0.1665,0.16659,146490,24494.0169
1786581300000,0.16659,0.16679,0.16464,0.16464,440180,72914.333
1786581600000,0.16464,0.16595,0.16283,0.1647,334730,55096.0678
1786581900000,0.1647,0.16603,0.16422,0.16553,167050,27619.0447
1786582200000,0.16553,0.16584,0.16352,0.16434,118050,19427.5691
1786582500000,0.16434,0.16536,0.16425,0.16457,114640,18897.0396
1786582800000,0.16457,0.16461,0.16227,0.16394,197370,32244.8067
1786583100000,0.16394,0.16524,0.16387,0.16455,285820,47073.4611
1786583400000,0.16455,0.16455,0.1639,0.16455,89390,14678.5365
1786583700000,0.16455,0.16511,0.16406,0.16481,99390,16358.9674
1786584000000,0.16481,0.16506,0.16264,0.16304,104280,17067.6962
1786584300000,0.16304,0.16405,0.16266,0.16347,60250,9837.9619
1786584600000,0.16347,0.1638,0.16318,0.16332,47970,7838.6309
1786584900000,0.16332,0.16395,0.16302,0.16354,66730,10907.745
1786585200000,0.16354,0.16398,0.16188,0.16205,176200,28764.775
1786585500000,0.16205,0.16371,0.16205,0.16351,136250,22189.0423
1786585800000,0.16351,0.16369,0.1624,0.16274,57960,9442.224
1786586100000,0.16274,0.16329,0.16186,0.16233,133590,21706.4084
1786586400000,0.16233,0.1631,0.16152,0.16296,121770,19766.4685
1786586700000,0.16296,0.16401,0.16232,0.16375,177050,28918.9657
1786587000000,0.16375,0.16437,0.16247,0.16367,201260,32918.7643
1786587300000,0.16367,0.16466,0.16338,0.1645,206090,33787.8774
1786587600000,0.1645,0.16489,0.1638,0.16447,175320,28799.7627
1786587900000,0.16447,0.1652,0.16415,0.16428,110510,18199.6458
1786588200000,0.16428,0.1643,0.1636,0.16365,113630,18624.2808
1786588500000,0.16365,0.16393,0.16273,0.16285,93890,15337.1114
1786588800000,0.16285,0.16328,0.16212,0.1624,121900,19827.4891
1786589100000,0.1624,0.16285,0.16191,0.16285,83220,13526.6013
1786589400000,0.16285,0.16295,0.16212,0.16279,51210,8327.332
1786589700000,0.16279,0.16281,0.16225,0.16235,62650,10183.0789
1786590000000,0.16235,0.16369,0.1622,0.16326,51590,8405.0207
1786590300000,0.16326,0.16338,0.16176,0.16176,74410,12087.092
1786590600000,0.16176,0.16226,0.1612,0.16164,133430,21579.2796
1786590900000,0.16164,0.162,0.16156,0.1616,157060,25392.7739
1786591200000,0.1616,0.16178,0.16137,0.16177,27130,4384.2416
1786591500000,0.16177,0.16177,0.16092,0.16093,72610,11715.5042
1786591800000,0.16093,0.16107,0.15952,0.15993,238510,38213.7946
1786592100000,0.15993,0.16004,0.15945,0.15966,130330,20817.3826
1786592400000,0.15966,0.16015,0.15962,0.15962,98410,15730.7694
1786592700000,0.15962,0.16083,0.15962,0.16083,93440,14973.9367
1786593000000,0.16083,0.1611,0.16043,0.16059,118600,19077.9471
1786593300000,0.16059,0.16125,0.15983,0.16086,127890,20534.41
1786593600000,0.16086,0.16286,0.15916,0.16182,356980,57621.6226
1786593900000,0.16182,0.16289,0.1616,0.16194,144670,23482.2823
1786594200000,0.16194,0.16294,0.1619,0.16233,87390,14181.6866
1786594500000,0.16233,0.16257,0.16122,0.16124,60470,9789.9909
1786594800000,0.16124,0.16184,0.16049,0.16135,118160,19050.0172
1786595100000,0.16135,0.16191,0.16099,0.16099,37040,5979.5218
1786595400000,0.16099,0.16099,0.1599,0.16088,89450,14346.7972
1786595700000,0.16088,0.161,0.16031,0.16031,15560,2499.0969
1786596000000,0.16031,0.16031,0.15945,0.15957,88880,14200.1164
1786596300000,0.15957,0.16037,0.15939,0.15982,132870,21229.2153
1786596600000,0.15982,0.16542,0.15958,0.16443,391940,64171.8349
1786596900000,0.16443,0.16557,0.1643,0.16512,167570,27649.7276
1786597200000,0.16512,0.16811,0.16497,0.16714,827010,137764.1343
1786597500000,0.16714,0.16836,0.1667,0.16707,299690,50151.2455
1786597800000,0.16707,0.16797,0.16554,0.16554,460780,76801.2306
1786598100000,0.16554,0.16696,0.16424,0.16607,295290,48834.3685
1786598400000,0.16607,0.16755,0.16464,0.16566,413210,68650.7241
1786598700000,0.16566,0.16883,0.16318,0.16541,1291890,214313.2199
1786599000000,0.16541,0.16562,0.16509,0.16547,65760,10874.7376
1786599300000,0.16547,0.16588,0.16522,0.16563,74470,12330.4348
1786599600000,0.16563,0.16599,0.16545,0.16599,114700,19000.4022
1786599900000,0.16599,0.16899,0.16521,0.16559,659490,109771.7191
1786600200000,0.16559,0.16571,0.16452,0.1647,147470,24360.0136
1786600500000,0.1647,0.16499,0.16453,0.16488,84620,13938.0647
1786600800000,0.16488,0.16506,0.16426,0.16426,157630,25952.0584
1786601100000,0.16426,0.16434,0.16292,0.16311,166270,27198.5597
1786601400000,0.16311,0.16404,0.16238,0.16367,202180,32940.8754
1786601700000,0.16367,0.16462,0.16338,0.16368,90630,14860.63
1786602000000,0.16368,0.16433,0.16344,0.16392,42640,6985.458
1786602300000,0.16392,0.16439,0.16335,0.16376,85640,14046.8161
1786602600000,0.16376,0.16378,0.16201,0.16283,182710,29769.6329
1786602900000,0.16283,0.16293,0.15877,0.16079,793460,127679.5757
1786603200000,0.16079,0.16116,0.15985,0.16015,135610,21812.8073
1786603500000,0.16015,0.16015,0.15949,0.15981,68870,11008.0483
1786603800000,0.15981,0.15981,0.15803,0.15901,351290,55782.2827
1786604100000,0.15901,0.15953,0.15846,0.15943,88060,14007.4613
1786604400000,0.15943,0.16019,0.15715,0.1576,168530,26754.4462
1786604700000,0.1576,0.1577,0.15709,0.15768,88970,14005.6148
1786605000000,0.15768,0.15827,0.15665,0.15775,119600,18809.1502
1786605300000,0.15775,0.15775,0.15468,0.15602,241960,37711.1511
1786605600000,0.15602,0.15602,0.15393,0.15475,387800,60045.4638
1786605900000,0.15475,0.15542,0.15391,0.15451,156870,24246.5837
1786606200000,0.15451,0.15751,0.1544,0.15713,327010,51192.4713
1786606500000,0.15713,0.15713,0.15598,0.15607,70680,11048.221
1786606800000,0.15607,0.15607,0.15468,0.15527,295130,45857.3694
1786607100000,0.15527,0.15636,0.15482,0.15558,90600,14120.2564
1786607400000,0.15558,0.15587,0.15522,0.15551,32520,5058.7127
1786607700000,0.15551,0.15571,0.15522,0.15543,28750,4468.5175
1786608000000,0.15543,0.15553,0.15253,0.15521,1001230,154054.2978
1786608300000,0.15521,0.15588,0.15498,0.15525,216060,33582.3084
1786608600000,0.15525,0.15531,0.15478,0.15514,80810,12537.066
1786608900000,0.15514,0.15514,0.15436,0.1544,41150,6368.9166
1786609200000,0.1544,0.15544,0.1544,0.15531,71880,11137.9984
1786609500000,0.15531,0.15546,0.15222,0.1545,495390,76335.1928
1786609800000,0.1545,0.15468,0.15429,0.15455,74950,11579.3165
1786610100000,0.15455,0.15499,0.15408,0.15463,72380,11198.2864
1786610400000,0.15463,0.15639,0.15454,0.15604,157970,24562.121
1786610700000,0.15604,0.15702,0.15588,0.15701,181930,28472.5187
1786611000000,0.15701,0.15701,0.15499,0.15532,296090,46110.7685
1786611300000,0.15532,0.15615,0.15532,0.15555,43340,6756.9762
1786611600000,0.15555,0.15555,0.15353,0.15451,186230,28745.385
1786611900000,0.15451,0.15451,0.15305,0.15377,190220,29235.8161
1786612200000,0.15377,0.1538,0.153,0.15364,100450,15420.102
1786612500000,0.15364,0.15364,0.15146,0.1526,417220,63556.5636
1786612800000,0.1526,0.15285,0.15239,0.15285,44280,6756.2704
1786613100000,0.15285,0.1531,0.15248,0.15267,19170,2930.2037
1786613400000,0.15267,0.15294,0.15263,0.1528,11630,1776.5378
1786613700000,0.1528,0.15351,0.15216,0.1532,71220,10887.8846
1786614000000,0.1532,0.15353,0.15308,0.15351,16110,2468.7051
1786614300000,0.15351,0.15429,0.15305,0.15425,217830,33485.7332
1786614600000,0.15425,0.15438,0.1538,0.1542,19090,2942.2074
1786614900000,0.1542,0.15542,0.15416,0.15471,116060,17968.1928
1786615200000,0.15471,0.15536,0.15448,0.15517,150960,23378.4239
1786615500000,0.15517,0.15617,0.15435,0.15453,137390,21377.4296
1786615800000,0.15453,0.15584,0.15423,0.15523,112340,17408.2073
1786616100000,0.15523,0.15531,0.15423,0.15441,124810,19316.4417
1786616400000,0.15441,0.15493,0.154,0.15457,48570,7495.9997
1786616700000,0.15457,0.15474,0.15311,0.15346,129120,19857.3021
1786617000000,0.15346,0.15353,0.15201,0.153,375010,57313.4575
1786617300000,0.153,0.15361,0.1524,0.15351,113570,17375.9311
1786617600000,0.15351,0.15351,0.15305,0.15337,36810,5644.5461
1786617900000,0.15337,0.15339,0.153,0.15319,28030,4294.4322
1786618200000,0.15319,0.15334,0.15319,0.15326,9150,1402.1698
1786618500000,0.15326,0.15464,0.15322,0.15346,73050,11237.5476
1786618800000,0.15346,0.15428,0.15337,0.15402,136840,21061.0402
1786619100000,0.15402,0.15422,0.15367,0.15367,14520,2234.8823
1786619400000,0.15367,0.15457,0.15363,0.15373,74490,11472.1731
1786619700000,0.15373,0.15378,0.15297,0.15298,40010,6136.4006
1786620000000,0.15298,0.15335,0.15297,0.15299,31240,4784.509
1786620300000,0.15299,0.15303,0.15205,0.15233,249710,38066.6641
1786620600000,0.15233,0.15256,0.15193,0.15214,174930,26623.741
1786620900000,0.15214,0.15258,0.15169,0.15225,332060,50485.0315
1786621200000,0.15225,0.15251,0.15215,0.15251,28090,4278.7685
1786621500000,0.15251,0.15445,0.15248,0.15365,232210,35658.3112
1786621800000,0.15365,0.1544,0.15345,0.15416,233040,35872.4975
1786622100000,0.15416,0.15446,0.15284,0.15322,171540,26374.3554
1786622400000,0.15322,0.15344,0.15009,0.15137,507310,76742.1551
1786622700000,0.15137,0.1521,0.15099,0.15196,136190,20642.7545
1786623000000,0.15196,0.15279,0.15196,0.15264,40780,6219.8375
1786623300000,0.15264,0.15264,0.1521,0.15233,31620,4818.4315
1786623600000,0.15233,0.15253,0.15223,0.15236,16760,2553.4536
1786623900000,0.15236,0.15239,0.15163,0.15186,54990,8354.5137
1786624200000,0.15186,0.15283,0.15185,0.15267,59630,9081.8716
1786624500000,0.15267,0.15388,0.15267,0.15362,160560,24628.2897
1786624800000,0.15362,0.15377,0.15208,0.15263,48500,7408.875
1786625100000,0.15263,0.15407,0.15258,0.15382,135860,20854.3441
1786625400000,0.15382,0.15528,0.15329,0.15507,730360,112898.8793
1786625700000,0.15507,0.15526,0.15423,0.15453,118820,18379.9333
1786626000000,0.15453,0.1547,0.15061,0.15089,1236850,188059.248
1786626300000,0.15089,0.15121,0.14839,0.15018,1987520,298519.7823
1786626600000,0.15018,0.15184,0.14887,0.15069,1525640,228612.4718
1786626900000,0.15069,0.1511,0.14744,0.14812,2546700,380164.1282
1786627200000,0.14812,0.14942,0.14621,0.14724,828880,122681.881
1786627500000,0.14724,0.15018,0.14703,0.14963,632850,94566.6449
1786627800000,0.14963,0.14969,0.14897,0.14911,73130,10912.6673
1786628100000,0.14911,0.14942,0.14882,0.14892,127630,19031.8045
1786628400000,0.14892,0.15,0.14874,0.14952,181490,27096.8091
1786628700000,0.14952,0.14975,0.14887,0.14948,156480,23370.2197
1786629000000,0.14948,0.14991,0.14777,0.14818,427010,63533.5161
1786629300000,0.14818,0.14918,0.14787,0.14809,214290,31812.2512
1786629600000,0.14809,0.14915,0.14725,0.14745,118280,17515.8888
1786629900000,0.14745,0.14811,0.1467,0.1479,170710,25169.7391
1786630200000,0.1479,0.14964,0.14782,0.14895,137970,20533.4871
1786630500000,0.14895,0.1492,0.1488,0.14918,34530,5145.7966
1786630800000,0.14918,0.14958,0.14784,0.14799,260720,38794.0253
1786631100000,0.14799,0.14898,0.14754,0.14864,94250,13949.2167
1786631400000,0.14864,0.14955,0.14794,0.14892,147400,21945.705
1786631700000,0.14892,0.15014,0.14865,0.14964,51030,7632.9467
1786632000000,0.14964,0.15145,0.1494,0.15098,185980,27960.7341
1786632300000,0.15098,0.15152,0.1506,0.15108,72570,10958.2209
1786632600000,0.15108,0.1514,0.15051,0.15122,39560,5970.2379
1786632900000,0.15122,0.1515,0.15046,0.1511,60460,9128.192
1786633200000,0.1511,0.15194,0.15052,0.15053,71450,10793.2294
1786633500000,0.15053,0.15136,0.14994,0.15123,112050,16863.5291
1786633800000,0.15123,0.15151,0.15085,0.15113,82210,12423.7028
1786634100000,0.15113,0.15152,0.14953,0.15041,171710,25863.2555
1786634400000,0.15041,0.15084,0.14898,0.15084,181030,27103.9064
1786634700000,0.15084,0.15084,0.14924,0.14941,63520,9533.6267
1786635000000,0.14941,0.1509,0.14923,0.15015,89920,13477.5684
1786635300000,0.15015,0.15063,0.14906,0.14941,137910,20666.9214
1786635600000,0.14941,0.14961,0.14886,0.14922,87950,13123.759
1786635900000,0.14922,0.15071,0.14921,0.15037,58100,8731.46
1786636200000,0.15037,0.15065,0.14897,0.14934,50080,7488.1088
1786636500000,0.14934,0.14952,0.14684,0.14881,496260,73575.7552
1786636800000,0.14881,0.14922,0.14608,0.14775,489300,71967.7076
1786637100000,0.14775,0.14802,0.14688,0.14703,57740,8514.2554
1786637400000,0.14703,0.14754,0.14693,0.14754,49990,7358.6223
1786637700000,0.14754,0.14757,0.14672,0.14693,159320,23429.8211
1786638000000,0.14693,0.1473,0.14373,0.14604,750060,109051.6888
1786638300000,0.14604,0.14604,0.14401,0.14421,278490,40364.7034
1786638600000,0.14421,0.14775,0.14421,0.14727,331320,48314.7654
1786638900000,0.14727,0.14815,0.14588,0.1464,125400,18460.4059
1786639200000,0.1464,0.1464,0.1428,0.14472,879140,127061.8204
1786639500000,0.14472,0.14652,0.14358,0.14628,256620,37122.2113
1786639800000,0.14628,0.14865,0.14621,0.14763,527110,77645.2895
1786640100000,0.14763,0.15296,0.14763,0.15163,1679770,253433.37
1786640400000,0.15163,0.15624,0.15142,0.15611,712950,110051.8834
1786640700000,0.15611,0.15903,0.15444,0.1577,719810,112898.7366
1786641000000,0.1577,0.15833,0.1566,0.15754,266470,41954.451
1786641300000,0.15754,0.15865,0.15542,0.15806,711530,111660.7019
1786641600000,0.15806,0.15918,0.15695,0.15725,395200,62493.7371
1786641900000,0.15725,0.16013,0.15722,0.15788,338270,53735.5206
1786642200000,0.15788,0.15803,0.15671,0.15724,94230,14829.9896
1786642500000,0.15724,0.15728,0.15603,0.15625,74710,11688.8669
1786642800000,0.15625,0.15637,0.15586,0.15616,31190,4871.6883
1786643100000,0.15616,0.15649,0.1559,0.15632,27760,4336.5288
1786643400000,0.15632,0.15637,0.15576,0.15634,43560,6798.5254
1786643700000,0.15634,0.15644,0.15561,0.15577,19150,2985.9097
1786644000000,0.15577,0.15637,0.15536,0.15637,66140,10311.749
1786644300000,0.15637,0.15788,0.1555,0.1577,113150,17738.9588
1786644600000,0.1577,0.15847,0.15558,0.15694,213310,33567.8921
1786644900000,0.15694,0.15731,0.15611,0.15632,46560,7292.0869
1786645200000,0.15632,0.15637,0.15536,0.1559,43680,6805.6049
1786645500000,0.1559,0.15617,0.15518,0.15565,27210,4235.6979
1786645800000,0.15565,0.15593,0.15505,0.1553,48080,7472.2987
1786646100000,0.1553,0.15572,0.15509,0.15564,28650,4451.3692
1786646400000,0.15564,0.15564,0.15392,0.15425,86450,13372.8412
1786646700000,0.15425,0.15575,0.15404,0.15449,115430,17882.0897
1786647000000,0.15449,0.15449,0.15287,0.15334,86290,13260.2778
1786647300000,0.15334,0.15345,0.15152,0.15228,227750,34695.3736
1786647600000,0.15228,0.15382,0.1521,0.15381,80940,12398.2507
1786647900000,0.15381,0.15448,0.15324,0.15428,84780,13044.8774
1786648200000,0.15428,0.15516,0.15421,0.15428,69970,10814.373
1786648500000,0.15428,0.15428,0.15365,0.15365,19980,3076.7847
1786648800000,0.15365,0.15442,0.15326,0.15437,26160,4021.2503
1786649100000,0.15437,0.15442,0.15351,0.1544,29960,4613.8363
1786649400000,0.1544,0.15544,0.15386,0.15534,24910,3848.338
1786649700000,0.15534,0.15554,0.15519,0.15554,4580,711.7833
1786650000000,0.15554,0.15638,0.15544,0.15623,43460,6780.1216
1786650300000,0.15623,0.1568,0.1547,0.15561,71260,11088.4107
1786650600000,0.15561,0.15596,0.15477,0.15551,57800,8984.4546
1786650900000,0.15551,0.15602,0.15512,0.15536,24590,3826.6187
1786651200000,0.15536,0.15609,0.15376,0.15564,232100,36015.1096
1786651500000,0.15564,0.15652,0.15462,0.15469,140900,21932.6883
1786651800000,0.15469,0.15631,0.15469,0.15626,37570,5855.5725
1786652100000,0.15626,0.15788,0.1558,0.15599,209290,32889.6393
1786652400000,0.15599,0.1575,0.15547,0.15666,155790,24352.1295
1786652700000,0.15666,0.1577,0.15615,0.157,90590,14219.65
1786653000000,0.157,0.15918,0.1568,0.15787,370930,58676.0968
1786653300000,0.15787,0.15951,0.15787,0.15863,117660,18696.2134
1786653600000,0.15863,0.15897,0.15761,0.1582,77120,12212.2434
1786653900000,0.1582,0.16014,0.1582,0.15969,97090,15473.9766
1786654200000,0.15969,0.16028,0.15902,0.15919,55370,8843.6515
1786654500000,0.15919,0.16053,0.15915,0.15939,58590,9367.6425
1786654800000,0.15939,0.15981,0.15876,0.15912,36070,5740.8538
1786655100000,0.15912,0.15926,0.15883,0.15906,27810,4422.5452
1786655400000,0.15906,0.16048,0.15889,0.16002,162910,26038.8429
1786655700000,0.16002,0.16051,0.15947,0.16022,47660,7625.0933
1786656000000,0.16022,0.16022,0.15837,0.15878,53180,8453.9703
1786656300000,0.15878,0.15901,0.15818,0.15845,145250,23024.1215
1786656600000,0.15845,0.15902,0.15784,0.15834,107980,17103.3109
1786656900000,0.15834,0.15847,0.15686,0.15712,172960,27226.5132
1786657200000,0.15712,0.1587,0.15668,0.15757,153970,24278.0662
1786657500000,0.15757,0.15761,0.1565,0.15693,68800,10801.7663
1786657800000,0.15693,0.15711,0.1566,0.15673,25580,4012.2614
1786658100000,0.15673,0.157,0.15535,0.1565,276330,43136.6586
1786658400000,0.1565,0.15748,0.15596,0.15689,114350,17937.0376
1786658700000,0.15689,0.15909,0.15674,0.15792,300690,47636.5276
1786659000000,0.15792,0.16077,0.15792,0.16009,415070,66309.9521
1786659300000,0.16009,0.16326,0.16009,0.16304,326510,52818.8808
1786659600000,0.16304,0.16494,0.16304,0.16413,287440,47152.3589
1786659900000,0.16413,0.16511,0.16274,0.16336,290650,47531.8921
1786660200000,0.16336,0.16411,0.16194,0.16294,123620,20186.213
1786660500000,0.16294,0.16416,0.16168,0.16382,306990,50127.0595
1786660800000,0.16382,0.16472,0.16213,0.16317,614020,100374.9714
1786661100000,0.16317,0.16418,0.1617,0.16303,235270,38354.6677
1786661400000,0.16303,0.16371,0.1617,0.1627,217310,35343.9334
1786661700000,0.1627,0.16401,0.16184,0.16248,128260,20869.3723
1786662000000,0.16248,0.1635,0.16233,0.16283,57130,9301.2915
1786662300000,0.16283,0.16493,0.16269,0.16352,129950,21324.7866
1786662600000,0.16352,0.16594,0.16314,0.16502,416540,68784.0936
1786662900000,0.16502,0.16638,0.16447,0.16475,154210,25534.8454
1786663200000,0.16475,0.16475,0.16348,0.16395,102710,16848.7371
1786663500000,0.16395,0.1641,0.16309,0.16359,117410,19193.3732
1786663800000,0.16359,0.16416,0.16267,0.16313,124480,20348.7506
1786664100000,0.16313,0.16323,0.16031,0.16091,351880,56947.7318
1786664400000,0.16091,0.16185,0.16049,0.1617,104720,16894.128
1786664700000,0.1617,0.16213,0.15995,0.16012,121320,19579.2851
1786665000000,0.16012,0.16064,0.15933,0.1597,53730,8589.9369
1786665300000,0.1597,0.16111,0.1597,0.16079,18630,2991.4665
1786665600000,0.16079,0.16227,0.16079,0.16205,83610,13492.8961
1786665900000,0.16205,0.16322,0.16122,0.16204,360570,58623.3963
1786666200000,0.16204,0.16257,0.16188,0.16234,34190,5545.7386
1786666500000,0.16234,0.16266,0.16193,0.16222,45540,7389.601
1786666800000,0.16222,0.16266,0.16129,0.1616,37860,6139.1701
1786667100000,0.1616,0.1616,0.15995,0.15995,99360,15978.9293
1786667400000,0.15995,0.16128,0.15949,0.16014,114150,18286.2937
1786667700000,0.16014,0.16019,0.15867,0.15931,469130,74823.3213
1786668000000,0.15931,0.1596,0.15862,0.1596,400750,63771.6997
1786668300000,0.1596,0.16103,0.15952,0.16027,147770,23708.2904
1786668600000,0.16027,0.16027,0.1591,0.15977,34090,5438.5894
1786668900000,0.15977,0.16296,0.15962,0.16166,832010,134364.4361
1786669200000,0.16166,0.16205,0.16119,0.16119,123040,19902.7885
1786669500000,0.16119,0.16237,0.16118,0.16217,50160,8124.8302
1786669800000,0.16217,0.16232,0.16139,0.16139,27180,4403.9535
1786670100000,0.16139,0.16246,0.16061,0.16115,122320,19762.2436
1786670400000,0.16115,0.16115,0.1604,0.16078,50910,8180.4914
1786670700000,0.16078,0.16082,0.16031,0.16073,27390,4398.1428
1786671000000,0.16073,0.16114,0.16007,0.161,27680,4443.3893
1786671300000,0.161,0.16113,0.16015,0.16039,35190,5648.5002
1786671600000,0.16039,0.16092,0.16022,0.16073,32730,5255.2753
1786671900000,0.16073,0.16113,0.15939,0.16,92020,14748.764
1786672200000,0.16,0.1602,0.15939,0.15956,44250,7063.9523
1786672500000,0.15956,0.16009,0.15926,0.15991,18870,3010.4139
1786672800000,0.15991,0.16065,0.15939,0.15962,61750,9883.0555
1786673100000,0.15962,0.15998,0.1586,0.15933,211060,33571.2866
1786673400000,0.15933,0.15933,0.15842,0.15905,42000,6675.6704
1786673700000,0.15905,0.16029,0.15855,0.15877,97430,15548.092
1786674000000,0.15877,0.15957,0.15839,0.15891,28690,4557.9792
1786674300000,0.15891,0.15939,0.15784,0.15827,58080,9215.084
1786674600000,0.15827,0.1588,0.15797,0.15869,93060,14741.5153
1786674900000,0.15869,0.15924,0.15822,0.15895,48690,7733.587
1786675200000,0.15895,0.15923,0.15813,0.15813,39610,6289.3026
1786675500000,0.15813,0.15897,0.15813,0.1587,24660,3908.3217
1786675800000,0.1587,0.15911,0.15837,0.15856,11590,1839.9432
1786676100000,0.15856,0.15907,0.15826,0.15843,26540,4214.7709
1786676400000,0.15843,0.15855,0.15634,0.15685,278590,43729.0064
1786676700000,0.15685,0.15685,0.15463,0.15572,525450,81794.9185
1786677000000,0.15572,0.15572,0.15014,0.15312,1188690,181469.3116
1786677300000,0.15312,0.15312,0.15068,0.15232,425120,64557.4524
1786677600000,0.15232,0.15237,0.14881,0.15037,292660,43981.4093
1786677900000,0.15037,0.15148,0.1498,0.15003,144650,21816.1602
1786678200000,0.15003,0.15032,0.14867,0.14978,210140,31431.9833
1786678500000,0.14978,0.15079,0.14952,0.15034,188950,28387.0157
1786678800000,0.15034,0.15047,0.14835,0.14874,365750,54627.3468
1786679100000,0.14874,0.14916,0.14777,0.14777,377730,56067.387
1786679400000,0.14777,0.14801,0.14721,0.14733,160140,23625.8949
1786679700000,0.14733,0.14793,0.14719,0.14773,141060,20815.1687
1786680000000,0.14773,0.148,0.14501,0.14609,568950,83192.7305
1786680300000,0.14609,0.14711,0.14484,0.1465,526920,76885.0678
1786680600000,0.1465,0.14838,0.14637,0.14838,207290,30592.5102
1786680900000,0.14838,0.15014,0.14786,0.14896,407030,60630.4052
1786681200000,0.14896,0.14935,0.14861,0.14907,46060,6861.8773
1786681500000,0.14907,0.14924,0.14798,0.14924,105290,15649.875
1786681800000,0.14924,0.14924,0.14644,0.14676,242730,35832.4158
1786682100000,0.14676,0.14676,0.14468,0.14623,384890,56065.0753
1786682400000,0.14623,0.14659,0.14532,0.14542,56190,8221.2845
1786682700000,0.14542,0.14567,0.14408,0.14481,139930,20260.6545
1786683000000,0.14481,0.14505,0.14376,0.14376,74380,10736.0891
1786683300000,0.14376,0.14498,0.14359,0.14498,384800,55516.0384
1786683600000,0.14498,0.14601,0.1443,0.14459,363110,52804.9315
1786683900000,0.14459,0.14471,0.13859,0.1412,1705140,239981.6813
1786684200000,0.1412,0.1412,0.1386,0.13927,668970,93672.8303
1786684500000,0.13927,0.14136,0.13861,0.141,343450,48115.0086
1786684800000,0.141,0.141,0.13986,0.14025,125640,17632.9249
1786685100000,0.14025,0.14085,0.13762,0.13781,603710,83695.961
1786685400000,0.13781,0.14074,0.13771,0.13992,565470,78657.3148
1786685700000,0.13992,0.14056,0.13985,0.14056,69080,9687.6129
1786686000000,0.14056,0.14165,0.14025,0.14057,163880,23078.0877
1786686300000,0.14057,0.14355,0.14057,0.1432,308740,43818.8375
1786686600000,0.1432,0.14328,0.141,0.14129,175600,24906.4905
1786686900000,0.14129,0.14224,0.14129,0.14161,116340,16496.3899
1786687200000,0.14161,0.14188,0.13842,0.13874,403470,56460.0939
1786687500000,0.13874,0.14078,0.13867,0.1406,145290,20319.1715
1786687800000,0.1406,0.14275,0.1406,0.1427,208680,29649.9612
1786688100000,0.1427,0.14312,0.1414,0.14248,178570,25428.4054
1786688400000,0.14248,0.14315,0.14221,0.14253,87960,12552.0673
1786688700000,0.14253,0.14345,0.1418,0.14251,136630,19475.3552
1786689000000,0.14251,0.14364,0.14205,0.14326,193550,27684.5558
1786689300000,0.14326,0.14375,0.1429,0.1432,158060,22646.9333
1786689600000,0.1432,0.14414,0.14307,0.14348,370860,53275.0909
1786689900000,0.14348,0.14385,0.14316,0.14373,75390,10823.059
1786690200000,0.14373,0.14409,0.1433,0.14372,202710,29145.6926
1786690500000,0.14372,0.14373,0.14215,0.14262,222700,31797.7262
1786690800000,0.14262,0.1439,0.14194,0.1437,217400,31044.0502
1786691100000,0.1437,0.14414,0.14239,0.1428,128860,18471.5851
1786691400000,0.1428,0.14324,0.14267,0.14316,33000,4716.7632
1786691700000,0.14316,0.14415,0.14279,0.14415,72970,10462.7872
1786692000000,0.14415,0.14559,0.14412,0.14463,141580,20497.0297
1786692300000,0.14463,0.14573,0.14444,0.14483,205500,29818.2867
1786692600000,0.14483,0.1453,0.14323,0.14358,321470,46354.5657
1786692900000,0.14358,0.14406,0.14327,0.14406,44450,6380.5959
1786693200000,0.14406,0.14487,0.14258,0.14366,384370,55095.2634
1786693500000,0.14366,0.14587,0.14351,0.14439,414250,60036.8108
1786693800000,0.14439,0.1447,0.1375,0.14119,1860760,261856.2823
1786694100000,0.14119,0.14184,0.13884,0.13965,590170,82796.349
1786694400000,0.13965,0.14181,0.13896,0.1413,337830,47390.6408
1786694700000,0.1413,0.14159,0.14018,0.14075,99750,14065.1916
1786695000000,0.14075,0.14145,0.13911,0.13993,178250,25035.2161
1786695300000,0.13993,0.1401,0.1381,0.13851,288790,40181.955
1786695600000,0.13851,0.13875,0.136,0.13724,836330,114586.2329
1786695900000,0.13724,0.13743,0.13657,0.13723,315180,43189.8491
1786696200000,0.13723,0.13841,0.13637,0.13752,215780,29680.5466
1786696500000,0.13752,0.13843,0.13704,0.1381,80510,11098.7042
1786696800000,0.1381,0.13848,0.13631,0.13662,86040,11828.746
1786697100000,0.13662,0.13801,0.1362,0.13751,151300,20721.4723
1786697400000,0.13751,0.13802,0.13615,0.13632,63310,8658.4711
1786697700000,0.13632,0.13799,0.13605,0.13676,167420,22911.9769
1786698000000,0.13676,0.13844,0.13658,0.1377,212730,29256.0435
1786698300000,0.1377,0.14068,0.1375,0.14021,333420,46426.1284
1786698600000,0.14021,0.1409,0.13947,0.14077,109770,15403.0048
1786698900000,0.14077,0.14119,0.14022,0.14078,238450,33557.0744
1786699200000,0.14078,0.14127,0.14053,0.14055,187510,26417.468
1786699500000,0.14055,0.14183,0.13993,0.14129,403490,56927.901
1786699800000,0.14129,0.14184,0.14057,0.14112,156320,22052.8962
1786700100000,0.14112,0.1423,0.14052,0.14052,256350,36277.8029
1786700400000,0.14052,0.14244,0.14052,0.14136,148810,21080.6594
1786700700000,0.14136,0.14196,0.14093,0.14128,25320,3582.1162
1786701000000,0.14128,0.14203,0.14112,0.14141,42290,5986.6753
1786701300000,0.14141,0.14144,0.14094,0.14113,27840,3931.5803
1786701600000,0.14113,0.14153,0.14058,0.14094,42670,6023.674
1786701900000,0.14094,0.14164,0.14081,0.14127,48540,6851.8327
1786702200000,0.14127,0.14176,0.14116,0.1415,56810,8035.2679
1786702500000,0.1415,0.14212,0.1415,0.14154,29780,4224.3095
1786702800000,0.14154,0.14202,0.14099,0.1413,65580,9284.2684
1786703100000,0.1413,0.14139,0.14065,0.14088,31130,4389.7209
1786703400000,0.14088,0.14088,0.1395,0.13953,91020,12759.5491
1786703700000,0.13953,0.13974,0.13827,0.13863,143580,19935.2845
1786704000000,0.13863,0.13909,0.1378,0.13843,92720,12837.692
1786704300000,0.13843,0.13902,0.1356,0.13602,492520,67523.9396
1786704600000,0.13602,0.13804,0.13563,0.13749,150010,20553.1906
1786704900000,0.13749,0.13757,0.1363,0.13643,61700,8456.1233
1786705200000,0.13643,0.13809,0.13643,0.13795,127450,17512.0887
1786705500000,0.13795,0.13842,0.13692,0.13692,64930,8956.0067
1786705800000,0.13692,0.13739,0.13664,0.1368,35720,4891.8278
1786706100000,0.1368,0.13811,0.1367,0.138,52500,7223.7259
1786706400000,0.138,0.13888,0.13796,0.13843,96070,13297.3428
1786706700000,0.13843,0.13845,0.13671,0.1369,95690,13151.5835
1786707000000,0.1369,0.13907,0.13658,0.13866,118230,16318.3191
1786707300000,0.13866,0.13866,0.13739,0.13757,50080,6899.1818
1786707600000,0.13757,0.13762,0.1372,0.13762,17900,2459.8106
1786707900000,0.13762,0.13804,0.1372,0.13804,28220,3880.0214
1786708200000,0.13804,0.13865,0.13755,0.13805,40330,5571.7674
1786708500000,0.13805,0.13848,0.13785,0.13818,26810,3704.4987
1786708800000,0.13818,0.13905,0.13808,0.13905,46470,6444.1408
1786709100000,0.13905,0.1392,0.13702,0.13769,172930,23836.5236
1786709400000,0.13769,0.13886,0.13692,0.13861,83610,11525.6174
1786709700000,0.13861,0.13919,0.13792,0.13919,59520,8250.2347
1786710000000,0.13919,0.13952,0.13852,0.13856,26190,3644.691
1786710300000,0.13856,0.13982,0.13856,0.13887,66300,9227.8922
1786710600000,0.13887,0.13903,0.13787,0.13815,57060,7899.1122
1786710900000,0.13815,0.13846,0.13786,0.13846,13420,1853.1757
1786711200000,0.13846,0.13976,0.13789,0.1384,394070,54723.2371
1786711500000,0.1384,0.13928,0.13795,0.13805,44180,6119.977
1786711800000,0.13805,0.13825,0.13731,0.13764,51940,7154.6172
1786712100000,0.13764,0.13871,0.13764,0.13831,38220,5290.0656
1786712400000,0.13831,0.13882,0.1378,0.13857,35340,4890.4585
1786712700000,0.13857,0.13927,0.1375,0.13758,130010,17988.5257
1786713000000,0.13758,0.13892,0.137,0.1382,108730,14981.5167
1786713300000,0.1382,0.1382,0.136,0.13675,227450,31089.3664
1786713600000,0.13675,0.13741,0.13673,0.13718,30420,4166.7759
1786713900000,0.13718,0.13897,0.13713,0.13868,65590,9065.2714
1786714200000,0.13868,0.13868,0.13501,0.13519,143170,19491.0754
1786714500000,0.13519,0.1353,0.129,0.13398,3112130,408983.1387
1786714800000,0.13398,0.1344,0.13252,0.13304,240340,32024.5333
1786715100000,0.13304,0.13388,0.13188,0.1338,178490,23683.0178
1786715400000,0.1338,0.13384,0.13135,0.13179,230080,30496.2279
1786715700000,0.13179,0.13268,0.13081,0.13128,108190,14253.6355
1786716000000,0.13128,0.13271,0.12969,0.12969,185820,24400.853
1786716300000,0.12969,0.12996,0.11361,0.11444,5180170,637674.0299
1786716600000,0.11444,0.1304,0.11412,0.13004,7693980,935362.4159
1786716900000,0.13004,0.13004,0.12392,0.12778,1671820,212627.672
1786717200000,0.12778,0.12882,0.12485,0.12716,731550,92601.8972
1786717500000,0.12716,0.12765,0.1243,0.12542,298580,37617.968
1786717800000,0.12542,0.1265,0.12001,0.12042,660570,81146.5468
1786718100000,0.12042,0.12495,0.11853,0.12444,845830,102517.7588
1786718400000,0.12444,0.12499,0.12373,0.12437,171680,21354.2439
1786718700000,0.12437,0.12624,0.12418,0.1256,318500,39878.4626
1786719000000,0.1256,0.12607,0.12445,0.12499,249660,31316.2798
1786719300000,0.12499,0.12745,0.12478,0.12586,549670,69235.8624
1786719600000,0.12586,0.12932,0.12523,0.12623,1037230,131718.0578
1786719900000,0.12623,0.12768,0.12578,0.12708,459810,58231.7677
1786720200000,0.12708,0.12883,0.12636,0.12795,597730,76323.2581
1786720500000,0.12795,0.12855,0.1275,0.12835,79530,10183.5056
1786720800000,0.12835,0.12926,0.12783,0.129,170770,21954.7455
1786721100000,0.129,0.12944,0.12802,0.12881,111630,14388.0028
1786721400000,0.12881,0.12934,0.1275,0.129,284800,36597.8834
1786721700000,0.129,0.12949,0.12732,0.12949,227270,29183.3029
1786722000000,0.12949,0.13057,0.12908,0.13057,190170,24700.1259
1786722300000,0.13057,0.131,0.12948,0.12948,215100,28038.5265
1786722600000,0.12948,0.12976,0.12886,0.12949,268560,34721.8397
1786722900000,0.12949,0.13128,0.1292,0.13092,516760,67398.6254
1786723200000,0.13092,0.13182,0.13014,0.13138,346880,45488.5508
1786723500000,0.13138,0.13177,0.12837,0.12919,657720,85313.0618
1786723800000,0.12919,0.12923,0.1281,0.12833,185390,23866.2039
1786724100000,0.12833,0.12972,0.12734,0.1295,199130,25624.7185
1786724400000,0.1295,0.12964,0.12841,0.12849,66470,8576.4679
1786724700000,0.12849,0.129,0.1276,0.12888,42350,5438.3861
1786725000000,0.12888,0.12929,0.1276,0.12866,83550,10742.3193
1786725300000,0.12866,0.12893,0.12738,0.12751,100220,12815.7461
1786725600000,0.12751,0.12785,0.12713,0.12746,33290,4242.6265
1786725900000,0.12746,0.12746,0.1246,0.1253,249530,31422.085
1786726200000,0.1253,0.1261,0.12305,0.12455,321990,39977.5016
1786726500000,0.12455,0.12498,0.12108,0.1218,405610,49931.9974
1786726800000,0.1218,0.12424,0.11976,0.12357,951370,116319.8089
1786727100000,0.12357,0.12455,0.12326,0.12441,150910,18681.9612
1786727400000,0.12441,0.12465,0.12098,0.12195,234570,28709.5656
1786727700000,0.12195,0.12453,0.12135,0.12314,269830,33134.7578
1786728000000,0.12314,0.12425,0.1216,0.12183,204880,25150.8288
1786728300000,0.12183,0.12195,0.11668,0.12109,829400,98726.2009
1786728600000,0.12109,0.1228,0.12075,0.1223,300430,36590.5304
1786728900000,0.1223,0.12305,0.1221,0.12255,111970,13732.6352
1786729200000,0.12255,0.12306,0.12235,0.12269,46560,5717.1469
1786729500000,0.12269,0.12405,0.12213,0.12285,155860,19143.2069
1786729800000,0.12285,0.12423,0.12235,0.12286,174920,21546.7893
1786730100000,0.12286,0.12399,0.1222,0.12332,129130,15906.5403
1786730400000,0.12332,0.12375,0.12226,0.12296,217200,26735.3299
1786730700000,0.12296,0.12387,0.12288,0.1235,41220,5090.738
1786731000000,0.1235,0.12444,0.1234,0.12429,73980,9176.016
1786731300000,0.12429,0.1246,0.12389,0.12437,61560,7647.4048
1786731600000,0.12437,0.1247,0.124,0.12417,30830,3832.791
1786731900000,0.12417,0.12548,0.1241,0.125,106730,13326.1063
1786732200000,0.125,0.1253,0.12288,0.1234,774110,96033.8313
1786732500000,0.1234,0.12493,0.12318,0.124,94690,11754.9849
1786732800000,0.124,0.12455,0.12348,0.1243,60000,7436.5175
1786733100000,0.1243,0.12689,0.12426,0.12615,148790,18705.0718
1786733400000,0.12615,0.12645,0.12491,0.1255,173870,21831.182
1786733700000,0.1255,0.12639,0.12549,0.126,61780,7778.21
1786734000000,0.126,0.12603,0.1245,0.1246,116000,14494.9915
1786734300000,0.1246,0.12466,0.12432,0.12461,16250,2024.3294
1786734600000,0.12461,0.1247,0.12405,0.12442,95250,11845.8634
1786734900000,0.12442,0.12462,0.12315,0.12435,158320,19624.6669
1786735200000,0.12435,0.12513,0.12386,0.1244,271040,33746.6231
1786735500000,0.1244,0.12561,0.12333,0.12507,230090,28706.9389
1786735800000,0.12507,0.1251,0.12345,0.12354,57240,7100.6665
1786736100000,0.12354,0.12372,0.12305,0.12318,68000,8383.7383
1786736400000,0.12318,0.12343,0.1228,0.12292,96360,11860.4262
1786736700000,0.12292,0.12425,0.1229,0.1235,72700,8988.3813
1786737000000,0.1235,0.12429,0.12275,0.12321,44900,5541.4691
1786737300000,0.12321,0.1242,0.123,0.12382,56600,7001.1326
1786737600000,0.12382,0.12459,0.1231,0.1237,79420,9844.6001
1786737900000,0.1237,0.12416,0.1233,0.12362,41760,5164.4175
1786738200000,0.12362,0.12362,0.12245,0.12263,79640,9782.4602
1786738500000,0.12263,0.1242,0.12255,0.12364,86900,10740.9161
1786738800000,0.12364,0.12454,0.1235,0.12363,52180,6473.9869
1786739100000,0.12363,0.12468,0.12363,0.12459,22540,2802.0494
1786739400000,0.12459,0.1249,0.12435,0.12485,21740,2709.0337
1786739700000,0.12485,0.12499,0.12375,0.12469,44570,5547.1206
1786740000000,0.12469,0.12553,0.12465,0.12493,121480,15197.6654
1786740300000,0.12493,0.12543,0.1241,0.1249,75510,9397.2407
1786740600000,0.1249,0.12599,0.12425,0.12558,72220,9037.5839
1786740900000,0.12558,0.12888,0.12545,0.12759,444520,56635.1186
1786741200000,0.12759,0.12959,0.12745,0.1281,188510,24228.515
1786741500000,0.1281,0.12953,0.12791,0.12941,208410,26863.0422
1786741800000,0.12941,0.12941,0.12856,0.12875,141390,18240.2445
1786742100000,0.12875,0.12875,0.12771,0.12855,113440,14538.6195
1786742400000,0.12855,0.12935,0.12821,0.129,137090,17642.0377
1786742700000,0.129,0.13085,0.12868,0.13054,133690,17371.5102
1786743000000,0.13054,0.13157,0.13004,0.13065,210110,27454.826
1786743300000,0.13065,0.13165,0.13063,0.131,226570,29731.9346
1786743600000,0.131,0.13158,0.13054,0.13126,215150,28216.0008
1786743900000,0.13126,0.13135,0.12984,0.13096,206990,27068.2196
1786744200000,0.13096,0.13248,0.13053,0.1311,283880,37239.699
1786744500000,0.1311,0.13144,0.13052,0.13144,138460,18134.254
1786744800000,0.13144,0.13144,0.13012,0.131,103600,13565.5158
1786745100000,0.131,0.131,0.13009,0.1307,81050,10583.5913
1786745400000,0.1307,0.13114,0.13016,0.13066,104430,13630.7954
1786745700000,0.13066,0.13066,0.12971,0.13042,164860,21467.0476
1786746000000,0.13042,0.13057,0.12982,0.13028,79030,10293.778
1786746300000,0.13028,0.13051,0.13001,0.13019,35280,4592.8523
1786746600000,0.13019,0.1304,0.12996,0.13025,44610,5807.5446
1786746900000,0.13025,0.13025,0.13009,0.13013,20120,2618.9878
1786747200000,0.13013,0.13042,0.13,0.13042,37960,4940.0278
1786747500000,0.13042,0.13061,0.12996,0.13009,48790,6359.4747
1786747800000,0.13009,0.13048,0.12964,0.12993,162440,21121.7137
1786748100000,0.12993,0.13045,0.12905,0.13023,90120,11692.594
1786748400000,0.13023,0.13035,0.12897,0.12937,161140,20829.0261
1786748700000,0.12937,0.12937,0.12758,0.12877,176550,22658.8318
1786749000000,0.12877,0.12956,0.12825,0.12938,138630,17839.333
1786749300000,0.12938,0.12978,0.1285,0.1285,68580,8875.1857
1786749600000,0.1285,0.12917,0.12804,0.12832,152260,19560.7177
1786749900000,0.12832,0.12974,0.12816,0.12933,61390,7926.7972
1786750200000,0.12933,0.12994,0.12915,0.12915,101650,13165.5973
1786750500000,0.12915,0.13035,0.12885,0.1289,131240,17023.1975
1786750800000,0.1289,0.13053,0.12868,0.13004,178330,23139.2863
1786751100000,0.13004,0.1311,0.13004,0.13045,194150,25370.5279
1786751400000,0.13045,0.13049,0.1293,0.12991,60990,7909.2047
1786751700000,0.12991,0.13043,0.12988,0.1303,54810,7133.2048
1786752000000,0.1303,0.13031,0.13001,0.13009,67280,8757.4062
1786752300000,0.13009,0.1312,0.12901,0.13039,208070,27065.088
1786752600000,0.13039,0.13183,0.12995,0.13137,187990,24607.6607
1786752900000,0.13137,0.13149,0.1308,0.1308,21480,2816.8787
1786753200000,0.1308,0.1308,0.1301,0.13017,48610,6341.6736
1786753500000,0.13017,0.13039,0.13002,0.13014,54350,7077.0409
1786753800000,0.13014,0.13048,0.13014,0.13043,27650,3604.4743
1786754100000,0.13043,0.13151,0.13043,0.13121,30790,4035.611
1786754400000,0.13121,0.13136,0.13121,0.13135,15400,2022.4436
1786754700000,0.13135,0.13151,0.1308,0.13084,307240,40287.5498
1786755000000,0.13084,0.1309,0.13018,0.13039,75250,9829.2484
1786755300000,0.13039,0.13225,0.13026,0.13196,134570,17675.1345
1786755600000,0.13196,0.13259,0.13145,0.13156,119490,15791.3203
1786755900000,0.13156,0.13168,0.13105,0.13105,41740,5484.7986
1786756200000,0.13105,0.13146,0.13095,0.13101,41000,5376.2657
1786756500000,0.13101,0.13155,0.13101,0.13149,22240,2920.0301
1786756800000,0.13149,0.1315,0.13096,0.13128,29150,3825.229
1786757100000,0.13128,0.13198,0.13062,0.13198,48910,6409.9946
1786757400000,0.13198,0.13227,0.13139,0.13165,69210,9126.9407
1786757700000,0.13165,0.13292,0.13165,0.13236,86000,11395.7547
1786758000000,0.13236,0.1329,0.13178,0.13178,59570,7882.123
1786758300000,0.13178,0.1319,0.1313,0.13135,52230,6875.4271
1786758600000,0.13135,0.13144,0.13109,0.13121,44120,5789.9012
1786758900000,0.13121,0.13121,0.13075,0.13088,102820,13460.697
1786759200000,0.13088,0.13195,0.13071,0.13189,80200,10498.0016
1786759500000,0.13189,0.13194,0.13021,0.13053,78350,10289.0124
1786759800000,0.13053,0.13107,0.12992,0.13103,143570,18727.3076
1786760100000,0.13103,0.13129,0.13067,0.13098,36710,4808.2659
1786760400000,0.13098,0.13142,0.13093,0.13142,15360,2013.5864
1786760700000,0.13142,0.13142,0.13018,0.13059,41920,5485.8793
1786761000000,0.13059,0.13071,0.13035,0.13042,13810,1803.2347
1786761300000,0.13042,0.13059,0.13,0.13038,52860,6885.8478
1786761600000,0.13038,0.13038,0.1301,0.13019,13440,1750.7893
1786761900000,0.13019,0.13085,0.12858,0.12949,273410,35451.1355
1786762200000,0.12949,0.12949,0.12813,0.12938,149640,19289.1301
1786762500000,0.12938,0.12961,0.12834,0.12961,79890,10307.0643
1786762800000,0.12961,0.13018,0.1293,0.1293,42240,5483.6657
1786763100000,0.1293,0.12955,0.12831,0.1287,36230,4673.7
1786763400000,0.1287,0.12962,0.1287,0.12946,7880,1017.8113
1786763700000,0.12946,0.13015,0.12946,0.12995,74040,9618.9787
1786764000000,0.12995,0.13018,0.12977,0.12977,51340,6674.3772
1786764300000,0.12977,0.13003,0.12972,0.12995,23080,2997.4726
1786764600000,0.12995,0.13029,0.12985,0.12992,32150,4181.848
1786764900000,0.12992,0.12992,0.1297,0.12975,6400,830.6165
1786765200000,0.12975,0.12975,0.12925,0.12928,20080,2598.7925
1786765500000,0.12928,0.12972,0.12866,0.12887,91360,11813.5858
1786765800000,0.12887,0.12916,0.12785,0.12825,136190,17476.4867
1786766100000,0.12825,0.12873,0.12825,0.12825,21830,2802.7718
1786766400000,0.12825,0.12837,0.12731,0.12826,185350,23662.7049
1786766700000,0.12826,0.12853,0.12809,0.12847,16660,2136.9456
1786767000000,0.12847,0.12854,0.1283,0.1283,46640,5993.2732
1786767300000,0.1283,0.1283,0.12665,0.12682,33040,4202.6469
1786767600000,0.12682,0.12715,0.12629,0.12715,43210,5466.278
1786767900000,0.12715,0.12781,0.1271,0.12749,27990,3566.9556
1786768200000,0.12749,0.12782,0.12607,0.12619,102500,13021.9161
1786768500000,0.12619,0.12628,0.1237,0.1241,559240,69889.6764
1786768800000,0.1241,0.12513,0.1241,0.12474,148080,18478.0709
1786769100000,0.12474,0.12511,0.1241,0.12427,202540,25262.1149
1786769400000,0.12427,0.125,0.12427,0.12486,83760,10430.8628
1786769700000,0.12486,0.12642,0.12445,0.1256,512230,64186.5439
1786770000000,0.1256,0.12707,0.1256,0.12677,145120,18332.6805
1786770300000,0.12677,0.1271,0.12565,0.12565,127650,16165.7293
1786770600000,0.12565,0.1273,0.12563,0.12668,87230,11001.4966
1786770900000,0.12668,0.12689,0.12662,0.12689,11600,1470.5158
1786771200000,0.12689,0.1269,0.12568,0.12595,36560,4610.6255
1786771500000,0.12595,0.12598,0.12575,0.12575,11410,1436.3194
1786771800000,0.12575,0.12625,0.12533,0.12618,78160,9823.5134
1786772100000,0.12618,0.12655,0.12461,0.12478,150790,18882.1889
1786772400000,0.12478,0.12519,0.12449,0.12476,90780,11329.3413
1786772700000,0.12476,0.125,0.12285,0.12369,434700,53661.7289
1786773000000,0.12369,0.12396,0.1234,0.12369,61050,7549.7813
1786773300000,0.12369,0.12446,0.12308,0.12365,157350,19475.3454
1786773600000,0.12365,0.12475,0.12308,0.12329,397840,49295.3986
1786773900000,0.12329,0.12482,0.12329,0.12366,253160,31394.6441
1786774200000,0.12366,0.12387,0.12342,0.12343,61500,7604.2999
1786774500000,0.12343,0.12375,0.1222,0.12248,113870,13993.3898
1786774800000,0.12248,0.12259,0.12121,0.12148,278030,33901.969
1786775100000,0.12148,0.12218,0.1085,0.11241,4915750,562025.712
1786775400000,0.11241,0.11795,0.11229,0.11688,1023550,118331.3364
1786775700000,0.11688,0.11785,0.11478,0.11766,425750,49427.739
1786776000000,0.11766,0.11893,0.11725,0.11733,358510,42320.2849
1786776300000,0.11733,0.11851,0.11601,0.1174,447700,52503.9944
1786776600000,0.1174,0.1189,0.11713,0.11876,301510,35578.6474
1786776900000,0.11876,0.1188,0.11741,0.11849,298190,35243.6057
1786777200000,0.11849,0.11852,0.11749,0.11765,60280,7126.1478
1786777500000,0.11765,0.11765,0.11676,0.11676,138920,16249.5545
1786777800000,0.11676,0.11678,0.1133,0.11639,525180,60628.8378
1786778100000,0.11639,0.1176,0.11638,0.1176,149080,17428.2803
1786778400000,0.1176,0.1176,0.1168,0.11706,55280,6482.1432
1786778700000,0.11706,0.11729,0.11693,0.11713,30800,3605.8694
1786779000000,0.11713,0.11825,0.11705,0.1179,94710,11148.8295
1786779300000,0.1179,0.11822,0.11655,0.11656,96880,11380.2254
1786779600000,0.11656,0.11681,0.1133,0.11347,396210,45413.1985
1786779900000,0.11347,0.11481,0.11312,0.11455,153420,17435.7356
1786780200000,0.11455,0.11596,0.11393,0.11545,248420,28547.1074
1786780500000,0.11545,0.1164,0.11438,0.11622,115880,13360.1401
1786780800000,0.11622,0.11657,0.11444,0.1146,221710,25702.3583
1786781100000,0.1146,0.11525,0.11446,0.11515,131830,15147.3233
1786781400000,0.11515,0.1163,0.11509,0.11566,93380,10798.197
1786781700000,0.11566,0.11687,0.11535,0.11673,230940,26848.2401
1786782000000,0.11673,0.11741,0.11635,0.1172,149910,17520.0147
1786782300000,0.1172,0.11811,0.11684,0.11758,133610,15697.0056
1786782600000,0.11758,0.11787,0.11716,0.11787,147850,17372.6524
1786782900000,0.11787,0.12019,0.11735,0.11878,434630,51502.6839
1786783200000,0.11878,0.11908,0.11825,0.11886,118290,14041.2917
1786783500000,0.11886,0.11898,0.11798,0.11839,194150,22990.992
1786783800000,0.11839,0.11947,0.1178,0.11919,283330,33556.4568
1786784100000,0.11919,0.11936,0.11785,0.118,164640,19489.1601
1786784400000,0.118,0.11826,0.11747,0.11783,117510,13854.2542
1786784700000,0.11783,0.11786,0.11739,0.11765,30760,3619.9121
1786785000000,0.11765,0.11906,0.1176,0.11792,88290,10452.2641
1786785300000,0.11792,0.1188,0.11787,0.11855,90960,10768.0164
1786785600000,0.11855,0.11855,0.1182,0.11831,24230,2868.0957
1786785900000,0.11831,0.11895,0.11825,0.11877,18450,2188.2051
1786786200000,0.11877,0.11904,0.11764,0.11773,38140,4514.6476
1786786500000,0.11773,0.118,0.11765,0.11794,1980,233.3624
1786786800000,0.11794,0.11794,0.1173,0.11749,37640,4434.8236
1786787100000,0.11749,0.11779,0.11588,0.11595,149470,17477.5427
1786787400000,0.11595,0.11601,0.11495,0.11504,91430,10558.8109
1786787700000,0.11504,0.11605,0.11481,0.1155,330700,38133.6317
1786788000000,0.1155,0.11558,0.11416,0.11452,187700,21551.4257
1786788300000,0.11452,0.11615,0.11445,0.11615,130820,15082.0761
1786788600000,0.11615,0.11642,0.1153,0.11575,55370,6424.5319
1786788900000,0.11575,0.1159,0.115,0.11551,58080,6707.1377
1786789200000,0.11551,0.11701,0.11551,0.11645,45510,5291.9406
1786789500000,0.11645,0.11744,0.11645,0.11718,30670,3591.2755
1786789800000,0.11718,0.118,0.11695,0.11778,94610,11114.1006
1786790100000,0.11778,0.11839,0.11691,0.11751,162850,19144.6411
1786790400000,0.11751,0.11843,0.1174,0.1183,105890,12498.9404
1786790700000,0.1183,0.1192,0.1183,0.11888,93590,11115.3438
1786791000000,0.11888,0.12252,0.11885,0.12162,761140,91965.7061
1786791300000,0.12162,0.12319,0.12111,0.12285,639970,78308.1872
1786791600000,0.12285,0.1239,0.12195,0.12388,738660,90890.2344
1786791900000,0.12388,0.12457,0.12315,0.12373,188540,23347.034
1786792200000,0.12373,0.12391,0.1225,0.12255,195540,24091.39
1786792500000,0.12255,0.1226,0.12104,0.12228,301770,36732.5392
1786792800000,0.12228,0.12232,0.12065,0.12092,87410,10633.5206
1786793100000,0.12092,0.12095,0.1202,0.1205,121910,14698.5843
1786793400000,0.1205,0.12159,0.1205,0.12115,59890,7245.2514
1786793700000,0.12115,0.12131,0.12051,0.12072,22550,2726.7653
1786794000000,0.12072,0.1221,0.1206,0.1214,98580,11965.6523
1786794300000,0.1214,0.12289,0.12135,0.12232,346740,42412.7761
1786794600000,0.12232,0.12243,0.12184,0.12216,40000,4885.4831
1786794900000,0.12216,0.12223,0.1214,0.1214,56190,6837.5849
1786795200000,0.1214,0.1215,0.12019,0.12024,165190,19956.6748
1786795500000,0.12024,0.12145,0.12011,0.121,97590,11763.6698
1786795800000,0.121,0.12142,0.12063,0.12133,95290,11537.7203
1786796100000,0.12133,0.12186,0.12132,0.12165,17820,2167.2612
1786796400000,0.12165,0.12168,0.12106,0.12121,14800,1796.2971
1786796700000,0.12121,0.12197,0.1211,0.12165,47950,5835.8975
1786797000000,0.12165,0.12175,0.11775,0.11825,233790,27942.3777
1786797300000,0.11825,0.1185,0.11227,0.1156,1474250,168906.1607
1786797600000,0.1156,0.11604,0.11515,0.11604,215180,24883.7244
1786797900000,0.11604,0.11627,0.11494,0.11627,153880,17787.5445
1786798200000,0.11627,0.11835,0.11612,0.11803,213900,25115.5937
1786798500000,0.11803,0.11845,0.1173,0.11817,302660,35664.0359
1786798800000,0.11817,0.1182,0.11672,0.11745,219450,25755.4746
1786799100000,0.11745,0.11771,0.1154,0.11615,233910,27211.707
1786799400000,0.11615,0.1183,0.11593,0.11662,208090,24297.2351
1786799700000,0.11662,0.11766,0.11662,0.11742,52920,6198.217
1786800000000,0.11742,0.11757,0.11468,0.11535,277930,32171.0724
1786800300000,0.11535,0.11835,0.1147,0.11718,199390,23253.7096
1786800600000,0.11718,0.11886,0.11717,0.11878,65160,7689.4246
1786800900000,0.11878,0.11901,0.1177,0.11873,55220,6539.7421
1786801200000,0.11873,0.11976,0.11819,0.11867,153350,18289.1668
1786801500000,0.11867,0.11884,0.11805,0.1186,40930,4851.42
1786801800000,0.1186,0.11919,0.11855,0.11869,53820,6393.8888
1786802100000,0.11869,0.11924,0.11869,0.11898,74060,8811.4866
1786802400000,0.11898,0.11916,0.11805,0.11875,96490,11447.1757
1786802700000,0.11875,0.11875,0.1176,0.11849,42370,5009.7035
1786803000000,0.11849,0.11955,0.11826,0.1193,57540,6827.368
1786803300000,0.1193,0.1193,0.11865,0.1187,31200,3713.2848
1786803600000,0.1187,0.11873,0.11707,0.11744,75890,8938.6976
1786803900000,0.11744,0.1177,0.11653,0.1174,94310,11039.4764
1786804200000,0.1174,0.11789,0.1173,0.1177,34930,4104.3494
1786804500000,0.1177,0.11803,0.1177,0.11786,9030,1064.4061
1786804800000,0.11786,0.11854,0.11769,0.11771,38100,4501.8261
1786805100000,0.11771,0.11771,0.1174,0.11751,15890,1867.5831
1786805400000,0.11751,0.11762,0.11695,0.117,15720,1844.6191
1786805700000,0.117,0.11718,0.10926,0.11005,1695310,189361.3329
1786806000000,0.11005,0.11416,0.11004,0.1139,913040,102423.2814
1786806300000,0.1139,0.11402,0.11185,0.11275,156260,17613.4716
1786806600000,0.11275,0.1128,0.1123,0.11237,72520,8159.5201
1786806900000,0.11237,0.11386,0.11237,0.11317,85880,9737.8699
1786807200000,0.11317,0.11465,0.11293,0.11431,163080,18544.6726
1786807500000,0.11431,0.11588,0.11405,0.1157,257690,29644.612
1786807800000,0.1157,0.11572,0.1133,0.11444,239520,27349.2894
1786808100000,0.11444,0.11592,0.1141,0.11549,122600,14111.0157
1786808400000,0.11549,0.11549,0.11168,0.11278,214710,24283.6203
1786808700000,0.11278,0.1135,0.11175,0.11175,156260,17602.961
1786809000000,0.11175,0.11363,0.11175,0.11312,156130,17621.461
1786809300000,0.11312,0.11354,0.11268,0.11317,97890,11075.9447
1786809600000,0.11317,0.114,0.11231,0.11344,281170,31879.2752
1786809900000,0.11344,0.11377,0.11261,0.11296,85470,9684.2693
1786810200000,0.11296,0.11395,0.11283,0.1137,163800,18575.0576
1786810500000,0.1137,0.11601,0.1137,0.11601,330030,37859.8267
1786810800000,0.11601,0.11628,0.11541,0.1156,156250,18113.1737
1786811100000,0.1156,0.11821,0.1156,0.11672,547120,64034.0569
1786811400000,0.11672,0.11842,0.11672,0.1171,222420,26149.2712
1786811700000,0.1171,0.11806,0.1171,0.11757,155510,18277.7569
1786812000000,0.11757,0.11771,0.11605,0.1163,128980,15075.9448
1786812300000,0.1163,0.11665,0.116,0.11638,141710,16488.7883
1786812600000,0.11638,0.11638,0.11525,0.11606,89200,10327.088
1786812900000,0.11606,0.11754,0.11598,0.11731,153200,17917.2773
1786813200000,0.11731,0.11816,0.11633,0.11745,147660,17330.9537
1786813500000,0.11745,0.11814,0.11723,0.11788,51540,6068.5769
1786813800000,0.11788,0.11965,0.11779,0.11896,179000,21235.33
1786814100000,0.11896,0.11967,0.11852,0.11886,168250,20053.1515
1786814400000,0.11886,0.12022,0.1186,0.11996,150450,17969.4907
1786814700000,0.11996,0.12062,0.11955,0.11965,142650,17150.9655
1786815000000,0.11965,0.12029,0.11942,0.1202,128940,15467.4465
1786815300000,0.1202,0.1218,0.11974,0.12052,167410,20213.2258
1786815600000,0.12052,0.12179,0.12052,0.12179,227280,27574.6648
1786815900000,0.12179,0.1219,0.12064,0.12115,184870,22406.3144
1786816200000,0.12115,0.12115,0.12015,0.12043,128150,15453.5607
1786816500000,0.12043,0.1209,0.1202,0.12085,166050,20026.6169
1786816800000,0.12085,0.12358,0.12085,0.12195,228720,27978.2693
1786817100000,0.12195,0.123,0.12177,0.12235,90330,11057.8583
1786817400000,0.12235,0.12264,0.1212,0.1214,73960,9018.8108
1786817700000,0.1214,0.1214,0.12073,0.12085,55150,6672.7431
1786818000000,0.12085,0.1216,0.12035,0.12158,147940,17888.3494
1786818300000,0.12158,0.12159,0.1202,0.1207,85720,10337.9855
1786818600000,0.1207,0.12076,0.11984,0.11984,90780,10936.5493
1786818900000,0.11984,0.12127,0.11978,0.12044,158060,19050.7298
1786819200000,0.12044,0.12044,0.11957,0.11957,21280,2550.4074
1786819500000,0.11957,0.1199,0.11935,0.11983,20720,2476.9295
1786819800000,0.11983,0.11984,0.11858,0.11905,282520,33636.7483
1786820100000,0.11905,0.1195,0.11861,0.11922,67070,7995.6464
1786820400000,0.11922,0.11975,0.11914,0.11954,96590,11545.7998
1786820700000,0.11954,0.11984,0.11944,0.11967,46500,5563.9517
1786821000000,0.11967,0.11967,0.11745,0.11805,243540,28822.1146
1786821300000,0.11805,0.11845,0.11781,0.11835,42340,5003.7728
1786821600000,0.11835,0.11836,0.11795,0.11836,50160,5929.0772
1786821900000,0.11836,0.11836,0.11811,0.1182,18130,2144.0757
1786822200000,0.1182,0.11842,0.11788,0.1183,32680,3861.0101
1786822500000,0.1183,0.11862,0.11699,0.11717,164880,19434.8188
1786822800000,0.11717,0.1182,0.11709,0.11805,77970,9150.8714
1786823100000,0.11805,0.11845,0.11798,0.11836,85400,10094.5448
1786823400000,0.11836,0.11836,0.11765,0.1179,126620,14933.5213
1786823700000,0.1179,0.11807,0.11784,0.11797,26680,3147.2464
1786824000000,0.11797,0.11899,0.11795,0.11853,72070,8525.5814
1786824300000,0.11853,0.11855,0.11751,0.1179,100050,11803.059
1786824600000,0.1179,0.11845,0.1179,0.11844,20050,2368.6987
1786824900000,0.11844,0.11856,0.1182,0.11822,40740,4825.6797
1786825200000,0.11822,0.11925,0.11822,0.11888,44790,5315.7494
1786825500000,0.11888,0.11892,0.11805,0.11805,16330,1936.7144
1786825800000,0.11805,0.11816,0.118,0.11807,33330,3935.3886
1786826100000,0.11807,0.11808,0.1179,0.118,17980,2121.5448
1786826400000,0.118,0.1206,0.11796,0.11975,475980,56911.725
1786826700000,0.11975,0.1204,0.11945,0.11955,47840,5730.0908
1786827000000,0.11955,0.12023,0.11948,0.11976,132190,15849.7336
1786827300000,0.11976,0.11993,0.1193,0.11957,48990,5860.2556
1786827600000,0.11957,0.11979,0.11941,0.11945,32890,3933.1278
1786827900000,0.11945,0.11945,0.1186,0.11874,66870,7961.6364
1786828200000,0.11874,0.1193,0.11874,0.11919,49100,5843.1023
1786828500000,0.11919,0.11919,0.11835,0.11909,50220,5962.6356
1786828800000,0.11909,0.12065,0.11904,0.12049,50780,6081.6631
1786829100000,0.12049,0.1206,0.11929,0.11959,75490,9040.2791
1786829400000,0.11959,0.12014,0.11916,0.12002,47530,5681.5117
1786829700000,0.12002,0.12093,0.11999,0.12059,46000,5545.2238
1786830000000,0.12059,0.12151,0.12017,0.12053,132210,15976.5178
1786830300000,0.12053,0.1209,0.12044,0.12085,28500,3438.3318
1786830600000,0.12085,0.1209,0.12065,0.1209,56970,6880.7215
1786830900000,0.1209,0.12094,0.11996,0.12064,83050,9997.6979
1786831200000,0.12064,0.12078,0.12008,0.12014,89190,10746.7137
1786831500000,0.12014,0.12044,0.1201,0.12044,33350,4010.7569
1786831800000,0.12044,0.12044,0.12014,0.1203,33890,4075.9759
1786832100000,0.1203,0.12059,0.12023,0.12034,36480,4392.2543
1786832400000,0.12034,0.12045,0.12017,0.12045,30980,3726.1883
1786832700000,0.12045,0.12106,0.11915,0.1193,284220,34269.6806
1786833000000,0.1193,0.11936,0.11845,0.1189,193770,23070.965
1786833300000,0.1189,0.12031,0.11873,0.1201,161120,19295.1897
1786833600000,0.1201,0.1201,0.11828,0.11879,298480,35518.2845
1786833900000,0.11879,0.11964,0.11855,0.11888,165890,19751.1646
1786834200000,0.11888,0.11895,0.11875,0.11877,14320,1702.1419
1786834500000,0.11877,0.11885,0.11809,0.11824,174880,20699.2758
1786834800000,0.11824,0.11965,0.11794,0.11965,367600,43521.9523
1786835100000,0.11965,0.11986,0.11939,0.11948,49720,5948.695
1786835400000,0.11948,0.11956,0.1193,0.11953,36390,4345.2315
1786835700000,0.11953,0.11973,0.11818,0.11845,117930,14060.0196
1786836000000,0.11845,0.1186,0.11668,0.11746,646840,75974.8702
1786836300000,0.11746,0.11746,0.1166,0.11678,162690,19022.0504
1786836600000,0.11678,0.11724,0.1165,0.11707,117380,13707.1196
1786836900000,0.11707,0.11759,0.11701,0.11746,49140,5764.1956
1786837200000,0.11746,0.11746,0.11612,0.11612,76830,8976.2447
1786837500000,0.11612,0.11697,0.11612,0.11693,30340,3543.2442
1786837800000,0.11693,0.11701,0.11635,0.11671,93500,10919.2675
1786838100000,0.11671,0.11708,0.11667,0.11682,162150,18950.0424
1786838400000,0.11682,0.11775,0.11682,0.11768,92150,10800.9563
1786838700000,0.11768,0.11782,0.11763,0.11765,27710,3262.1122
1786839000000,0.11765,0.11814,0.11765,0.11806,79610,9387.4701
1786839300000,0.11806,0.11815,0.11685,0.11693,116180,13660.8025
1786839600000,0.11693,0.11845,0.11693,0.11837,72430,8522.1138
1786839900000,0.11837,0.11864,0.11831,0.1185,10100,1195.9044
1786840200000,0.1185,0.11863,0.1181,0.1181,85980,10190.5933
1786840500000,0.1181,0.1181,0.11794,0.11802,8360,986.6811
1786840800000,0.11802,0.11822,0.11798,0.11798,32160,3798.7073
1786841100000,0.11798,0.1181,0.11775,0.11775,8560,1009.9478
1786841400000,0.11775,0.11775,0.11675,0.1168,45770,5364.5561
1786841700000,0.1168,0.11693,0.11602,0.11609,61780,7193.9846
1786842000000,0.11609,0.11609,0.11234,0.11368,1475970,168429.9095
1786842300000,0.11368,0.11608,0.11368,0.1158,448390,51521.681
1786842600000,0.1158,0.11606,0.11545,0.11574,57430,6642.254
1786842900000,0.11574,0.11613,0.1157,0.11604,67720,7853.9691
1786843200000,0.11604,0.1162,0.11596,0.11618,19980,2319.812
1786843500000,0.11618,0.1162,0.1147,0.11481,63140,7288.1178
1786843800000,0.11481,0.11549,0.1143,0.1154,94560,10864.4179
1786844100000,0.1154,0.11542,0.1146,0.11473,42190,4857.6287
1786844400000,0.11473,0.11595,0.11462,0.11572,55800,6427.8051
1786844700000,0.11572,0.11619,0.11572,0.11618,42310,4910.7946
1786845000000,0.11618,0.1172,0.11616,0.1164,71930,8387.1178
1786845300000,0.1164,0.11737,0.11615,0.11725,73440,8589.8334
1786845600000,0.11725,0.11745,0.1168,0.1168,104710,12275.8308
1786845900000,0.1168,0.11726,0.1168,0.1171,15310,1790.8024
1786846200000,0.1171,0.11749,0.1171,0.11747,78540,9218.5296
1786846500000,0.11747,0.11758,0.11655,0.11682,37480,4387.7329
1786846800000,0.11682,0.1177,0.11682,0.11749,9530,1118.2426
1786847100000,0.11749,0.11806,0.11749,0.1177,63710,7504.4032
1786847400000,0.1177,0.11803,0.11682,0.11694,61260,7202.0149
1786847700000,0.11694,0.11694,0.11692,0.11692,670,78.3364
1786848000000,0.11692,0.11751,0.11692,0.11748,27580,3236.2829
1786848300000,0.11748,0.11755,0.11629,0.11665,101570,11882.4751
1786848600000,0.11665,0.11711,0.11665,0.11711,27910,3262.6655
1786848900000,0.11711,0.11745,0.11555,0.11566,117030,13604.2235
1786849200000,0.11566,0.11579,0.11501,0.1155,120130,13883.2418
1786849500000,0.1155,0.11556,0.11479,0.11496,24620,2839.2997
1786849800000,0.11496,0.11635,0.11492,0.11621,81860,9438.7734
1786850100000,0.11621,0.11682,0.11621,0.1166,60010,6996.8848
1786850400000,0.1166,0.11664,0.11651,0.11664,18730,2183.6561
1786850700000,0.11664,0.1167,0.11474,0.1156,204130,23594.3569
1786851000000,0.1156,0.11615,0.11528,0.11605,98420,11387.3806
1786851300000,0.11605,0.11625,0.11596,0.11625,14680,1703.8956
1786851600000,0.11625,0.1168,0.11625,0.11653,141480,16485.4953
1786851900000,0.11653,0.11695,0.11605,0.1163,155050,18084.0541
1786852200000,0.1163,0.11665,0.11615,0.11648,46870,5456.1363
1786852500000,0.11648,0.11768,0.11648,0.11745,84830,9946.3186
1786852800000,0.11745,0.11847,0.1174,0.11826,316910,37357.6698
1786853100000,0.11826,0.11905,0.11826,0.11894,222120,26357.5739
1786853400000,0.11894,0.1198,0.11894,0.11967,494710,58998.4481
1786853700000,0.11967,0.12027,0.11923,0.11985,261460,31316.9852
1786854000000,0.11985,0.12132,0.11985,0.12132,156490,18848.691
1786854300000,0.12132,0.1221,0.1198,0.12146,522330,63164.663
1786854600000,0.12146,0.12235,0.1214,0.12212,323440,39429.2165
1786854900000,0.12212,0.12219,0.12071,0.12153,275960,33610.5062
1786855200000,0.12153,0.122,0.12148,0.12193,63820,7770.7483
1786855500000,0.12193,0.12193,0.12136,0.12163,53150,6465.813
1786855800000,0.12163,0.12186,0.1207,0.1207,182240,22131.2586
1786856100000,0.1207,0.12076,0.1195,0.12045,255760,30778.9976
1786856400000,0.12045,0.12135,0.12034,0.12088,178220,21529.2332
1786856700000,0.12088,0.12088,0.11968,0.12,55650,6689.035
1786857000000,0.12,0.1204,0.12,0.12,47240,5678.2954
1786857300000,0.12,0.12012,0.1194,0.11978,82200,9859.1654
1786857600000,0.11978,0.12006,0.11925,0.11983,64730,7747.6388
1786857900000,0.11983,0.12055,0.1198,0.1201,54020,6482.0935
1786858200000,0.1201,0.12044,0.11992,0.11992,103970,12503.5811
1786858500000,0.11992,0.12149,0.11971,0.12135,45900,5546.9199
1786858800000,0.12135,0.12165,0.12122,0.12155,81110,9844.6329
1786859100000,0.12155,0.12215,0.12078,0.12175,63480,7711.8929
1786859400000,0.12175,0.1219,0.12146,0.12171,46860,5700.9886
1786859700000,0.12171,0.1218,0.12139,0.1218,42930,5220.2725
1786860000000,0.1218,0.12265,0.12176,0.12232,61200,7480.8473
1786860300000,0.12232,0.12245,0.12135,0.12152,76680,9370.9538
1786860600000,0.12152,0.12155,0.12104,0.1214,107590,13054.0945
1786860900000,0.1214,0.1214,0.12101,0.12101,13720,1662.5888
1786861200000,0.12101,0.12136,0.12096,0.121,35810,4337.2508
1786861500000,0.121,0.1216,0.12029,0.12032,69850,8432.5484
1786861800000,0.12032,0.12047,0.12,0.12033,58000,6971.3509
1786862100000,0.12033,0.12045,0.11991,0.1204,77320,9297.624
1786862400000,0.1204,0.12161,0.12031,0.12119,55800,6755.7363
1786862700000,0.12119,0.12119,0.12076,0.12077,26430,3194.4562
1786863000000,0.12077,0.12078,0.1194,0.11967,66960,8039.5297
1786863300000,0.11967,0.12011,0.11944,0.11972,39640,4750.9117
1786863600000,0.11972,0.12035,0.11972,0.12021,70630,8472.0257
1786863900000,0.12021,0.1208,0.11998,0.1204,83840,10095.7342
1786864200000,0.1204,0.12077,0.1197,0.1197,128700,15516.9906
1786864500000,0.1197,0.1197,0.1189,0.11905,53960,6438.3434
1786864800000,0.11905,0.11922,0.11905,0.11909,11790,1404.7066
1786865100000,0.11909,0.11986,0.11909,0.11973,15810,1887.8924
1786865400000,0.11973,0.11985,0.11965,0.11977,101320,12127.8917
1786865700000,0.11977,0.1202,0.11974,0.1202,14860,1782.2238
1786866000000,0.1202,0.12048,0.11984,0.11984,64140,7711.1959
1786866300000,0.11984,0.11997,0.11984,0.11989,3260,391.0624
1786866600000,0.11989,0.11995,0.11976,0.1198,35400,4243.2709
1786866900000,0.1198,0.11996,0.1198,0.11983,8030,962.3149
1786867200000,0.11983,0.12065,0.11983,0.12024,61790,7427.6436
1786867500000,0.12024,0.12051,0.12021,0.12039,5800,698.4938
1786867800000,0.12039,0.12199,0.12039,0.12108,449020,54376.6203
1786868100000,0.12108,0.12203,0.12108,0.12191,213570,25961.6851
1786868400000,0.12191,0.12239,0.12085,0.12112,239330,29176.6521
1786868700000,0.12112,0.1212,0.1204,0.1212,162130,19584.6222
1786869000000,0.1212,0.1213,0.12011,0.12023,94010,11332.7131
1786869300000,0.12023,0.12065,0.12011,0.1202,40480,4868.0001
1786869600000,0.1202,0.1209,0.11986,0.12034,124630,15001.8604
1786869900000,0.12034,0.12212,0.12034,0.12141,137380,16653.0057
1786870200000,0.12141,0.12231,0.1214,0.12175,121640,14823.6094
1786870500000,0.12175,0.12261,0.12175,0.12226,136760,16697.251
1786870800000,0.12226,0.12286,0.12217,0.12248,196170,24010.4617
1786871100000,0.12248,0.12335,0.12244,0.12327,604180,74213.2601
1786871400000,0.12327,0.1238,0.12315,0.12362,459320,56678.6809
1786871700000,0.12362,0.12405,0.12245,0.12375,207550,25621.4343
1786872000000,0.12375,0.1243,0.1227,0.12319,322630,39862.1862
1786872300000,0.12319,0.12367,0.12275,0.12367,65630,8086.215
1786872600000,0.12367,0.12379,0.12315,0.12365,80190,9894.2393
1786872900000,0.12365,0.12368,0.12265,0.1227,100350,12342.6567
1786873200000,0.1227,0.12304,0.12228,0.1224,206490,25331.4591
1786873500000,0.1224,0.12285,0.12126,0.12257,279030,34077.1809
1786873800000,0.12257,0.12289,0.1221,0.12283,126440,15490.1623
1786874100000,0.12283,0.12304,0.12268,0.12284,96170,11816.0356
1786874400000,0.12284,0.12284,0.12145,0.12163,134390,16379.9531
1786874700000,0.12163,0.12185,0.12125,0.12185,173330,21048.6743
1786875000000,0.12185,0.12202,0.1215,0.1215,88970,10842.7012
1786875300000,0.1215,0.12152,0.12031,0.1208,128040,15451.2725
1786875600000,0.1208,0.12086,0.1201,0.12033,110470,13303.6976
1786875900000,0.12033,0.12078,0.12009,0.12076,85320,10277.4247
1786876200000,0.12076,0.12099,0.12059,0.12099,84200,10169.484
1786876500000,0.12099,0.12239,0.12087,0.1212,124110,15116.3717
1786876800000,0.1212,0.12125,0.12041,0.12071,84630,10212.6852
1786877100000,0.12071,0.12096,0.1205,0.12096,165150,19934.584
1786877400000,0.12096,0.12099,0.1208,0.12082,15340,1855.17
1786877700000,0.12082,0.12095,0.12075,0.12081,14750,1782.3604
1786878000000,0.12081,0.12214,0.12047,0.12178,103960,12570.1497
1786878300000,0.12178,0.12212,0.12129,0.12138,42090,5127.7534
1786878600000,0.12138,0.12284,0.12134,0.12284,295250,36072.0856
1786878900000,0.12284,0.12341,0.1223,0.12316,272460,33453.2985
1786879200000,0.12316,0.1235,0.12163,0.12256,297570,36511.8675
1786879500000,0.12256,0.12331,0.12239,0.12279,27270,3348.1943
1786879800000,0.12279,0.12284,0.12199,0.1224,184890,22657.2855
1786880100000,0.1224,0.12391,0.12226,0.1237,204630,25241.3261
1786880400000,0.1237,0.12402,0.12356,0.12377,103210,12775.9513
1786880700000,0.12377,0.12386,0.1231,0.1235,24920,3078.5024
1786881000000,0.1235,0.12351,0.12301,0.1231,54130,6674.9456
1786881300000,0.1231,0.12332,0.1226,0.12318,102870,12634.3772
1786881600000,0.12318,0.12319,0.12236,0.12248,147250,18083.2409
1786881900000,0.12248,0.12276,0.12232,0.12276,33230,4072.021
1786882200000,0.12276,0.12276,0.12194,0.12196,125620,15370.3462
1786882500000,0.12196,0.12207,0.12127,0.12159,159890,19425.3699
1786882800000,0.12159,0.12167,0.12125,0.12132,41980,5097.7516
1786883100000,0.12132,0.122,0.12118,0.1216,36440,4424.8775
1786883400000,0.1216,0.1216,0.1204,0.12054,241010,29097.2697
1786883700000,0.12054,0.12062,0.11984,0.12012,93180,11199.7886
1786884000000,0.12012,0.1202,0.11965,0.12018,261170,31326.2894
1786884300000,0.12018,0.12019,0.11985,0.12001,157380,18901.1139
1786884600000,0.12001,0.12041,0.11952,0.11975,372220,44614.1869
1786884900000,0.11975,0.11975,0.11938,0.11945,91000,10887.7873
1786885200000,0.11945,0.11951,0.11915,0.11935,204980,24461.5866
1786885500000,0.11935,0.11952,0.11831,0.11878,283350,33673.1043
1786885800000,0.11878,0.11878,0.11749,0.11799,384220,45398.8316
1786886100000,0.11799,0.11856,0.11757,0.11846,622300,73375.3477
1786886400000,0.11846,0.11875,0.11745,0.11781,187100,22038.7378
1786886700000,0.11781,0.11797,0.11672,0.11672,104730,12284.5842
1786887000000,0.11672,0.11721,0.11589,0.11636,355820,41469.1501
1786887300000,0.11636,0.11639,0.11545,0.11573,416970,48305.8704
1786887600000,0.11573,0.11762,0.11573,0.11759,286000,33414.8338
1786887900000,0.11759,0.11785,0.11651,0.1169,148610,17480.6671
1786888200000,0.1169,0.11723,0.11634,0.11634,33530,3918.2083
1786888500000,0.11634,0.11661,0.11562,0.11592,125180,14542.9993
1786888800000,0.11592,0.11652,0.11519,0.11553,424140,49109.1943
1786889100000,0.11553,0.11568,0.11447,0.11515,555850,64033.4202
1786889400000,0.11515,0.11551,0.11515,0.11522,54140,6244.7122
1786889700000,0.11522,0.1157,0.11493,0.11556,244280,28190.1848
1786890000000,0.11556,0.11636,0.11556,0.11593,179840,20848.3441
1786890300000,0.11593,0.11597,0.11556,0.11585,50900,5892.9333
1786890600000,0.11585,0.11679,0.11585,0.11675,27730,3231.505
1786890900000,0.11675,0.11675,0.11525,0.11553,82110,9502.4576
1786891200000,0.11553,0.11555,0.11495,0.1155,219050,25223.4816
1786891500000,0.1155,0.11605,0.1155,0.11594,40340,4671.4638
1786891800000,0.11594,0.11638,0.1159,0.11614,65130,7564.9952
1786892100000,0.11614,0.11638,0.11614,0.11625,31180,3625.7555
1786892400000,0.11625,0.11655,0.11525,0.11604,153060,17747.4087
1786892700000,0.11604,0.11628,0.1154,0.11567,37470,4345.4855
1786893000000,0.11567,0.11591,0.11447,0.11447,253140,29174.7965
1786893300000,0.11447,0.11524,0.11439,0.11511,130790,15003.4183
1786893600000,0.11511,0.1152,0.11495,0.11518,51770,5955.8794
1786893900000,0.11518,0.11599,0.11518,0.11527,178540,20617.7429
1786894200000,0.11527,0.11602,0.11469,0.1147,115470,13327.1624
1786894500000,0.1147,0.1153,0.11466,0.11526,24070,2765.302
1786894800000,0.11526,0.11576,0.11461,0.11505,129120,14902.5878
1786895100000,0.11505,0.11566,0.11497,0.11566,26290,3027.1054
1786895400000,0.11566,0.11575,0.1149,0.11515,35420,4081.304
1786895700000,0.11515,0.11545,0.11512,0.11537,25500,2937.4486
1786896000000,0.11537,0.11569,0.1146,0.1147,63470,7311.3368
1786896300000,0.1147,0.11485,0.11432,0.1144,44420,5091.5469
1786896600000,0.1144,0.11461,0.11427,0.11438,164930,18867.723
1786896900000,0.11438,0.1144,0.1128,0.11304,283440,32250.9514
1786897200000,0.11304,0.1139,0.11268,0.11285,305040,34462.4956
1786897500000,0.11285,0.11359,0.11259,0.1134,142610,16122.9084
1786897800000,0.1134,0.11485,0.1133,0.11476,91590,10433.2398
1786898100000,0.11476,0.11575,0.11476,0.11545,49220,5676.7591
1786898400000,0.11545,0.1161,0.11466,0.11562,406440,47013.1387
1786898700000,0.11562,0.11624,0.11543,0.11545,63460,7355.2916
1786899000000,0.11545,0.11561,0.11497,0.1151,56190,6478.8696
1786899300000,0.1151,0.11531,0.1144,0.11443,54460,6261.9175
1786899600000,0.11443,0.11443,0.1135,0.11417,69110,7864.6039
1786899900000,0.11417,0.11422,0.11045,0.11176,408390,45608.0951
1786900200000,0.11176,0.11329,0.11154,0.11298,217220,24415.995
1786900500000,0.11298,0.11298,0.1114,0.11174,401420,45209.1623
1786900800000,0.11174,0.11174,0.10619,0.1076,2579940,279969.6814
1786901100000,0.1076,0.10909,0.10722,0.10888,611010,66123.5836
1786901400000,0.10888,0.11155,0.10866,0.11137,455460,50220.1257
1786901700000,0.11137,0.11219,0.11055,0.1109,506950,56412.275
1786902000000,0.1109,0.11103,0.10917,0.1101,293640,32322.0216
1786902300000,0.1101,0.11198,0.1101,0.11099,167720,18651.3162
1786902600000,0.11099,0.11142,0.10895,0.10895,148910,16372.8238
1786902900000,0.10895,0.10926,0.10665,0.1075,708220,76623.0829
1786903200000,0.1075,0.10838,0.10749,0.10825,394460,42511.8311
1786903500000,0.10825,0.10838,0.10473,0.10655,975880,103720.0646
1786903800000,0.10655,0.10795,0.10652,0.10774,309300,33132.3597
1786904100000,0.10774,0.10805,0.10659,0.1069,270210,28994.0992
1786904400000,0.1069,0.10724,0.1061,0.10645,366060,39042.5886
1786904700000,0.10645,0.10803,0.10645,0.10723,351210,37619.1395
1786905000000,0.10723,0.10773,0.10719,0.10755,123090,13237.7208
1786905300000,0.10755,0.10939,0.10727,0.10929,1092740,118629.7553
1786905600000,0.10929,0.10943,0.10781,0.10808,846070,92232.643
1786905900000,0.10808,0.1092,0.10784,0.10897,228960,24848.7489
1786906200000,0.10897,0.10897,0.10806,0.10878,257310,27942.5944
1786906500000,0.10878,0.10952,0.10844,0.10867,180960,19729.5548
1786906800000,0.10867,0.10942,0.1085,0.10933,131450,14305.0914
1786907100000,0.10933,0.10973,0.1086,0.10875,207410,22658.7865
1786907400000,0.10875,0.10875,0.10773,0.10806,885810,95718.542
1786907700000,0.10806,0.10835,0.10804,0.10817,53000,5731.2403
1786908000000,0.10817,0.10824,0.10683,0.1071,222520,23904.7399
1786908300000,0.1071,0.10833,0.1071,0.10778,96570,10408.459
1786908600000,0.10778,0.10846,0.10772,0.10846,128590,13906.924
1786908900000,0.10846,0.10849,0.10827,0.10834,35690,3868.7903
1786909200000,0.10834,0.10849,0.10815,0.10847,59860,6489.3418
1786909500000,0.10847,0.10885,0.10828,0.10852,88860,9644.2547
1786909800000,0.10852,0.10904,0.10852,0.10899,30640,3335.5455
1786910100000,0.10899,0.10899,0.10808,0.10821,79090,8581.856
1786910400000,0.10821,0.1094,0.10815,0.10835,213550,23246.8725
1786910700000,0.10835,0.1086,0.10802,0.1081,67690,7325.4359
1786911000000,0.1081,0.1081,0.10676,0.10772,302320,32388.7739
1786911300000,0.10772,0.1078,0.10747,0.1078,51870,5584.5497
1786911600000,0.1078,0.1078,0.10629,0.1077,235970,25244.1124
1786911900000,0.1077,0.10771,0.10746,0.10768,118990,12804.6705
1786912200000,0.10768,0.10768,0.10689,0.1074,67630,7245.8182
1786912500000,0.1074,0.10796,0.10711,0.10745,74090,7965.7039
1786912800000,0.10745,0.10754,0.10684,0.10701,67650,7253.0221
1786913100000,0.10701,0.10701,0.10668,0.1068,45500,4860.8747
1786913400000,0.1068,0.10753,0.106,0.10719,299290,31905.767
1786913700000,0.10719,0.10739,0.10706,0.10706,50430,5408.1827
1786914000000,0.10706,0.1071,0.10621,0.1065,62790,6691.9566
1786914300000,0.1065,0.10651,0.10505,0.10548,356200,37692.1536
1786914600000,0.10548,0.10548,0.10468,0.10531,377690,39703.0844
1786914900000,0.10531,0.10604,0.1052,0.10555,98490,10398.417
1786915200000,0.10555,0.10571,0.10544,0.10563,50990,5383.0352
1786915500000,0.10563,0.10621,0.10542,0.10599,45480,4813.7886
1786915800000,0.10599,0.10664,0.10592,0.10612,157140,16720.6267
1786916100000,0.10612,0.10612,0.10472,0.10567,123830,13051.8551
1786916400000,0.10567,0.10579,0.10309,0.10309,531230,55413.2526
1786916700000,0.10309,0.10526,0.10269,0.10454,348880,36217.4409
1786917000000,0.10454,0.10486,0.1044,0.1048,221690,23181.726
1786917300000,0.1048,0.10515,0.10473,0.10505,252330,26484.365
1786917600000,0.10505,0.10514,0.09922,0.1007,1867100,190049.2907
1786917900000,0.1007,0.10245,0.09856,0.0995,1909430,190907.506
1786918200000,0.0995,0.10423,0.09784,0.10339,5514740,550916.9688
1786918500000,0.10339,0.10339,0.10028,0.10047,1810000,185079.1221
1786918800000,0.10047,0.1029,0.10047,0.10183,568460,58063.9223
1786919100000,0.10183,0.10279,0.10163,0.10215,286930,29313.5083
1786919400000,0.10215,0.10276,0.1004,0.10044,527830,53659.9804
1786919700000,0.10044,0.10061,0.0987,0.09898,1233220,122494.6082
1786920000000,0.09898,0.10126,0.09894,0.10051,715570,71873.0182
1786920300000,0.10051,0.10152,0.10048,0.10106,315510,31875.728
1786920600000,0.10106,0.10168,0.10025,0.10072,275750,27869.6897
1786920900000,0.10072,0.10169,0.09895,0.10145,613840,61687.3623
1786921200000,0.10145,0.1028,0.10132,0.1017,312830,31887.8456
1786921500000,0.1017,0.10319,0.1017,0.10196,183290,18726.3745
1786921800000,0.10196,0.10307,0.10165,0.10285,319730,32676.832
1786922100000,0.10285,0.10363,0.10271,0.10301,115900,11950.593
1786922400000,0.10301,0.10584,0.10291,0.10479,2240010,234540.1315
1786922700000,0.10479,0.10594,0.10404,0.10555,558930,58617.0355
1786923000000,0.10555,0.10563,0.10385,0.1046,439910,46184.6724
1786923300000,0.1046,0.10487,0.10415,0.10449,299150,31266.7025
1786923600000,0.10449,0.10449,0.10247,0.10263,436930,45287.7958
1786923900000,0.10263,0.1048,0.10248,0.10252,661510,68816.2403
1786924200000,0.10252,0.10418,0.10242,0.10415,314830,32541.2669
1786924500000,0.10415,0.1045,0.10375,0.10393,406440,42315.078
1786924800000,0.10393,0.10458,0.10386,0.10437,322570,33628.2278
1786925100000,0.10437,0.10444,0.10389,0.10412,668850,69701.6467
1786925400000,0.10412,0.10413,0.10277,0.10277,109490,11345.3359
1786925700000,0.10277,0.10288,0.10196,0.10223,120500,12347.166
1786926000000,0.10223,0.10248,0.10132,0.10155,461790,47110.05
1786926300000,0.10155,0.10206,0.10049,0.10152,301580,30523.7924
1786926600000,0.10152,0.10239,0.10007,0.10096,739160,74629.1295
1786926900000,0.10096,0.10151,0.10072,0.10072,57120,5776.4974
1786927200000,0.10072,0.10096,0.10024,0.10041,191680,19265.8475
1786927500000,0.10041,0.10051,0.09954,0.10021,407370,40792.448
1786927800000,0.10021,0.10059,0.1002,0.1002,76580,7689.1239
1786928100000,0.1002,0.10176,0.09762,0.09762,1706770,169520.8757
1786928400000,0.09762,0.0989,0.09746,0.0981,1145220,112372.3764
1786928700000,0.0981,0.0983,0.09733,0.09751,263680,25762.0768
1786929000000,0.09751,0.0988,0.09549,0.09837,1609990,156007.3593
1786929300000,0.09837,0.1,0.09824,0.09953,537990,53297.0133
1786929600000,0.09953,0.10064,0.09879,0.10034,363770,36306.7623
1786929900000,0.10034,0.10122,0.09579,0.09579,550380,54003.562
1786930200000,0.09579,0.09752,0.09529,0.09693,498330,47966.8514
1786930500000,0.09693,0.09826,0.0962,0.09708,394100,38277.4745
1786930800000,0.09708,0.09708,0.09519,0.0953,252750,24245.6066
1786931100000,0.0953,0.0956,0.09358,0.09556,987110,93372.2134
1786931400000,0.09556,0.09597,0.09492,0.09597,91030,8694.5508
1786931700000,0.09597,0.09693,0.09574,0.09688,119160,11485.5725
1786932000000,0.09688,0.09716,0.09584,0.09599,372890,36068.6721
1786932300000,0.09599,0.09608,0.0944,0.0949,218280,20710.003
1786932600000,0.0949,0.09727,0.09484,0.09704,347180,33466.5339
1786932900000,0.09704,0.09814,0.09653,0.09758,986410,95988.664
1786933200000,0.09758,0.09952,0.09758,0.09919,351100,34552.3357
1786933500000,0.09919,0.09988,0.09696,0.0974,509760,50146.5069
1786933800000,0.0974,0.09819,0.09723,0.09788,207670,20254.4122
1786934100000,0.09788,0.09906,0.09764,0.09852,204050,20061.9821
1786934400000,0.09852,0.0987,0.09774,0.09815,447590,43989.8264
1786934700000,0.09815,0.0984,0.09696,0.09784,241410,23582.3827
1786935000000,0.09784,0.10001,0.09754,0.09964,396550,39205.7169
1786935300000,0.09964,0.10041,0.09913,0.09951,627440,62699.152
1786935600000,0.09951,0.10053,0.09842,0.10008,609210,60452.6271
1786935900000,0.10008,0.10028,0.09967,0.10013,70230,7021.7148
1786936200000,0.10013,0.10052,0.0998,0.0998,376990,37774.1775
1786936500000,0.0998,0.10016,0.09946,0.09981,128760,12847.3645
1786936800000,0.09981,0.09994,0.09888,0.09932,124850,12426.1273
1786937100000,0.09932,0.10003,0.09875,0.09993,204300,20333.414
1786937400000,0.09993,0.10144,0.09979,0.10075,258070,25990.0961
1786937700000,0.10075,0.10193,0.10036,0.10193,282480,28634.3125
1786938000000,0.10193,0.10193,0.10032,0.10043,143160,14495.3767
1786938300000,0.10043,0.101,0.0995,0.10084,248720,25019.3206
1786938600000,0.10084,0.1016,0.1002,0.10136,214050,21582.0328
1786938900000,0.10136,0.1018,0.10084,0.10108,190940,19315.3598
1786939200000,0.10108,0.10168,0.10063,0.10095,314630,31813.5203
1786939500000,0.10095,0.10205,0.10095,0.10192,60220,6122.4381
1786939800000,0.10192,0.10192,0.1005,0.10131,634140,64245.3214
1786940100000,0.10131,0.10144,0.09943,0.09979,765960,76784.5058
1786940400000,0.09979,0.1,0.09913,0.09942,473800,47163.5302
1786940700000,0.09942,0.1008,0.09904,0.10069,470960,46999.535
1786941000000,0.10069,0.10241,0.10048,0.10184,447660,45387.4542
1786941300000,0.10184,0.10377,0.10172,0.10315,282160,29034.7116
1786941600000,0.10315,0.10567,0.10295,0.10425,1392500,145487.838
1786941900000,0.10425,0.1059,0.10416,0.1055,645730,67777.7584
1786942200000,0.1055,0.10591,0.1049,0.10491,443490,46794.3169
1786942500000,0.10491,0.10691,0.10475,0.10571,765670,81061.3123
1786942800000,0.10571,0.10651,0.10528,0.10615,480780,50866.7504
1786943100000,0.10615,0.10619,0.10488,0.105,215010,22711.3793
1786943400000,0.105,0.10533,0.1043,0.10445,158000,16563.181
1786943700000,0.10445,0.10458,0.10429,0.1045,248230,25932.023
1786944000000,0.1045,0.10471,0.1043,0.10459,342220,35756.9002
1786944300000,0.10459,0.10463,0.1034,0.10397,246830,25646.4318
1786944600000,0.10397,0.10399,0.1034,0.1034,94890,9847.6276
1786944900000,0.1034,0.1034,0.1024,0.10295,161540,16619.2722
1786945200000,0.10295,0.10305,0.1027,0.10302,79290,8157.5437
1786945500000,0.10302,0.10495,0.10297,0.10479,365820,37950.9944
1786945800000,0.10479,0.10574,0.104,0.10568,127910,13421.9577
1786946100000,0.10568,0.1067,0.10568,0.1067,194520,20640.8881
1786946400000,0.1067,0.10725,0.10636,0.10655,294040,31408.4367
1786946700000,0.10655,0.10771,0.10634,0.10743,165370,17698.9672
1786947000000,0.10743,0.10789,0.10655,0.10745,402170,43150.5661
1786947300000,0.10745,0.10821,0.10716,0.10716,332790,35709.4805
1786947600000,0.10716,0.10826,0.10716,0.10803,214780,23107.1979
1786947900000,0.10803,0.10831,0.10479,0.1054,586630,62489.9569
1786948200000,0.1054,0.10606,0.10525,0.10559,167540,17714.7756
1786948500000,0.10559,0.10655,0.1051,0.10616,187060,19792.3852
1786948800000,0.10616,0.10623,0.10485,0.10523,276880,29195.0057
1786949100000,0.10523,0.10552,0.10497,0.10503,276670,29174.7169
1786949400000,0.10503,0.10643,0.10455,0.10643,304680,31986.7858
1786949700000,0.10643,0.10655,0.10599,0.10636,88470,9388.3635
1786950000000,0.10636,0.10806,0.10584,0.10695,678760,72610.6384
1786950300000,0.10695,0.10695,0.10601,0.10601,33870,3606.5925
1786950600000,0.10601,0.10632,0.10519,0.10527,310720,32919.6179
1786950900000,0.10527,0.10527,0.10436,0.10436,166660,17463.7443
1786951200000,0.10436,0.10587,0.10433,0.10587,139210,14621.1276
1786951500000,0.10587,0.10587,0.10514,0.10514,70440,7430.8244
1786951800000,0.10514,0.10545,0.10423,0.10465,292960,30681.3578
1786952100000,0.10465,0.10578,0.10451,0.10574,75940,7983.5275
1786952400000,0.10574,0.10574,0.10502,0.1054,188580,19888.6327
1786952700000,0.1054,0.10602,0.10515,0.10602,101120,10669.4023
1786953000000,0.10602,0.10614,0.10565,0.10585,78150,8279.6907
1786953300000,0.10585,0.10593,0.10485,0.10532,84080,8891.5026
1786953600000,0.10532,0.1061,0.10521,0.10577,169660,17941.9824
1786953900000,0.10577,0.10595,0.10513,0.10513,42630,4503.2688
1786954200000,0.10513,0.10529,0.10475,0.10525,71840,7542.9302
1786954500000,0.10525,0.10582,0.1037,0.10382,216380,22606.4664
1786954800000,0.10382,0.10445,0.10356,0.10428,133350,13866.0181
1786955100000,0.10428,0.10438,0.10386,0.10438,28520,2970.0057
1786955400000,0.10438,0.1061,0.10432,0.10483,374170,39440.1055
1786955700000,0.10483,0.1055,0.10476,0.10498,51910,5449.4792
1786956000000,0.10498,0.10577,0.1049,0.10538,94190,9919.8338
1786956300000,0.10538,0.107,0.10537,0.10619,336380,35693.8101
1786956600000,0.10619,0.10765,0.10605,0.10702,330440,35301.3161
1786956900000,0.10702,0.1071,0.10535,0.1063,298310,31763.7472
1786957200000,0.1063,0.10701,0.10595,0.10677,256150,27262.1735
1786957500000,0.10677,0.1069,0.10598,0.10628,89380,9511.518
1786957800000,0.10628,0.10671,0.10538,0.10652,339600,35991.0586
1786958100000,0.10652,0.10706,0.10585,0.10585,199060,21220.7393
1786958400000,0.10585,0.10625,0.10495,0.10509,104620,11049.5945
1786958700000,0.10509,0.10575,0.10327,0.10562,459050,47870.4154
1786959000000,0.10562,0.10574,0.105,0.10521,72670,7648.7374
1786959300000,0.10521,0.10521,0.10202,0.1029,558000,57530.611
1786959600000,0.1029,0.10312,0.10184,0.10288,650760,66605.2869
1786959900000,0.10288,0.10293,0.10196,0.10244,150240,15372.4615
1786960200000,0.10244,0.10312,0.10238,0.1026,105750,10872.9812
1786960500000,0.1026,0.10322,0.10171,0.10216,276060,28245.0721
1786960800000,0.10216,0.10272,0.10122,0.10135,278170,28430.0699
1786961100000,0.10135,0.1016,0.0994,0.10084,1258750,126473.5945
1786961400000,0.10084,0.10125,0.1007,0.10122,210100,21223.6431
1786961700000,0.10122,0.10164,0.10031,0.10067,568290,57199.0256
1786962000000,0.10067,0.10107,0.09706,0.09822,3026070,299345.7036
1786962300000,0.09822,0.09875,0.09683,0.09806,664140,64949.3475
1786962600000,0.09806,0.10051,0.09795,0.09972,678360,67328.0627
1786962900000,0.09972,0.10004,0.09896,0.09945,336100,33456.2759
1786963200000,0.09945,0.10046,0.09933,0.10014,568380,56649.929
1786963500000,0.10014,0.10244,0.10014,0.1007,343480,34737.9042
1786963800000,0.1007,0.10196,0.10058,0.10188,222960,22561.6323
1786964100000,0.10188,0.10188,0.10024,0.10124,211920,21385.1183
1786964400000,0.10124,0.10231,0.101,0.10217,454870,46163.6244
1786964700000,0.10217,0.10765,0.10156,0.10599,1251410,131887.3183
1786965000000,0.10599,0.107,0.10559,0.10677,416770,44275.4073
1786965300000,0.10677,0.10762,0.106,0.10636,1497050,159910.9673
1786965600000,0.10636,0.10679,0.1058,0.10679,210610,22390.7087
1786965900000,0.10679,0.10811,0.10656,0.10752,132280,14216.3547
1786966200000,0.10752,0.10944,0.10729,0.10828,608420,66009.4202
1786966500000,0.10828,0.11186,0.10814,0.11051,753570,83314.0599
1786966800000,0.11051,0.11054,0.10948,0.11009,192570,21182.1528
1786967100000,0.11009,0.11075,0.10972,0.11023,318450,35114.6644
1786967400000,0.11023,0.11024,0.10875,0.1096,229760,25187.2914
1786967700000,0.1096,0.1104,0.10915,0.11025,79260,8697.7312
1786968000000,0.11025,0.11043,0.10985,0.11024,191270,21064.5749
1786968300000,0.11024,0.11052,0.1094,0.11046,300820,33049.4141
1786968600000,0.11046,0.11092,0.10898,0.11,455700,50361.2981
1786968900000,0.11,0.11002,0.10871,0.10909,108210,11809.7161
1786969200000,0.10909,0.10909,0.10822,0.10849,126240,13718.5434
1786969500000,0.10849,0.1086,0.10792,0.10792,105420,11396.9724
1786969800000,0.10792,0.10846,0.10715,0.10808,387060,41708.0716
1786970100000,0.10808,0.10825,0.10715,0.10776,140260,15107.1292
1786970400000,0.10776,0.10817,0.10776,0.1078,109730,11847.8343
1786970700000,0.1078,0.10839,0.10748,0.108,215170,23233.7372
1786971000000,0.108,0.1081,0.1079,0.10797,12000,1295.6782
1786971300000,0.10797,0.10826,0.10771,0.1079,280400,30250.1038
1786971600000,0.1079,0.10799,0.10636,0.10678,832830,89399.5907
1786971900000,0.10678,0.10688,0.10508,0.10556,368230,39012.8964
1786972200000,0.10556,0.1066,0.10556,0.10641,169750,18037.7325
1786972500000,0.10641,0.10647,0.10505,0.10541,228120,24183.315
1786972800000,0.10541,0.10563,0.10535,0.10538,29750,3137.6438
1786973100000,0.10538,0.10661,0.10519,0.1059,151380,16035.1337
1786973400000,0.1059,0.1073,0.1059,0.1063,323940,34497.7704
1786973700000,0.1063,0.10825,0.1061,0.10743,226050,24323.6095
1786974000000,0.10743,0.10889,0.1047,0.10626,1853690,197771.7993
1786974300000,0.10626,0.10768,0.1062,0.10731,649940,69584.9562
1786974600000,0.10731,0.10732,0.10539,0.10553,462240,49087.9526
1786974900000,0.10553,0.10556,0.10373,0.10408,929800,97083.2787
1786975200000,0.10408,0.10421,0.10154,0.10312,890080,91756.9779
1786975500000,0.10312,0.10349,0.1018,0.10236,526060,53887.3432
1786975800000,0.10236,0.10293,0.1016,0.10189,227280,23191.0736
1786976100000,0.10189,0.10278,0.10189,0.10238,254360,26042.8519
1786976400000,0.10238,0.10301,0.10229,0.10272,98630,10129.4369
1786976700000,0.10272,0.10479,0.10272,0.10395,264370,27423.8155
1786977000000,0.10395,0.10464,0.10395,0.10451,127160,13255.7441
1786977300000,0.10451,0.10451,0.10367,0.10379,96150,10000.8619
1786977600000,0.10379,0.10379,0.10247,0.10257,209400,21585.7671
1786977900000,0.10257,0.1027,0.10034,0.10151,649730,66014.1818
1786978200000,0.10151,0.10253,0.0998,0.09991,221580,22433.0564
1786978500000,0.09991,0.10084,0.09973,0.10058,199250,19999.6592
1786978800000,0.10058,0.10092,0.09945,0.1006,365470,36543.4013
1786979100000,0.1006,0.10215,0.1006,0.102,201690,20489.2507
1786979400000,0.102,0.102,0.10133,0.10175,118030,12008.8227
1786979700000,0.10175,0.10247,0.10105,0.10223,73830,7518.1216
1786980000000,0.10223,0.10223,0.10146,0.10151,41050,4173.7493
1786980300000,0.10151,0.10258,0.10081,0.10243,121700,12357.6389
1786980600000,0.10243,0.10508,0.10225,0.10466,582050,60533.8351
1786980900000,0.10466,0.10638,0.10389,0.10515,366210,38454.0598
1786981200000,0.10515,0.10519,0.10343,0.10367,617120,64406.2995
1786981500000,0.10367,0.10408,0.10328,0.10356,154350,16014.5166
1786981800000,0.10356,0.10392,0.10294,0.10338,395730,41043.1561
1786982100000,0.10338,0.10407,0.10336,0.104,434130,44985.8437
1786982400000,0.104,0.10416,0.10269,0.10304,218480,22622.3811
1786982700000,0.10304,0.10304,0.10188,0.10237,212780,21780.3791
1786983000000,0.10237,0.10271,0.09694,0.09983,1906330,188091.6235
1786983300000,0.09983,0.10024,0.09756,0.09767,186390,18376.1529
1786983600000,0.09767,0.10161,0.09752,0.10102,510740,51037.804
1786983900000,0.10102,0.10152,0.10035,0.1014,163100,16461.956
1786984200000,0.1014,0.10149,0.09956,0.10023,189040,18996.0824
1786984500000,0.10023,0.10069,0.09929,0.10018,225180,22563.7559
1786984800000,0.10018,0.10178,0.10015,0.10091,444980,44887.4625
1786985100000,0.10091,0.10148,0.10001,0.10001,96750,9749.7428
1786985400000,0.10001,0.10136,0.09988,0.1011,205530,20698.8381
1786985700000,0.1011,0.10354,0.101,0.10298,339640,34691.8528
1786986000000,0.10298,0.10441,0.10215,0.1038,611760,63360.5755
1786986300000,0.1038,0.10382,0.10339,0.10367,315420,32657.8422
1786986600000,0.10367,0.10378,0.10289,0.1036,134790,13945.0707
1786986900000,0.1036,0.1052,0.1027,0.105,447400,46659.8817
1786987200000,0.105,0.10522,0.1042,0.10457,105450,11055.7013
1786987500000,0.10457,0.10457,0.10385,0.1043,65700,6844.1996
1786987800000,0.1043,0.10432,0.10384,0.10413,131890,13731.8231
1786988100000,0.10413,0.10413,0.10135,0.10215,302510,31067.2515
1786988400000,0.10215,0.10278,0.10165,0.10165,109460,11201.8718
1786988700000,0.10165,0.10293,0.10157,0.10276,75900,7780.955
1786989000000,0.10276,0.10276,0.10219,0.10266,39400,4034.4489
1786989300000,0.10266,0.10305,0.1023,0.10286,65530,6733.9768
1786989600000,0.10286,0.1029,0.10155,0.10271,154770,15871.7983
1786989900000,0.10271,0.10271,0.10006,0.10115,590430,59588.7982
1786990200000,0.10115,0.10146,0.10025,0.1013,170510,17211.6657
1786990500000,0.1013,0.1035,0.10125,0.1035,146420,14997.8625
1786990800000,0.1035,0.10814,0.1035,0.10814,688180,73040.7075
1786991100000,0.10814,0.11065,0.10751,0.10997,1168340,127082.7682
1786991400000,0.10997,0.11465,0.10899,0.11441,1298700,146087.6257
1786991700000,0.11441,0.115,0.11207,0.11314,675350,76713.3284
1786992000000,0.11314,0.11386,0.1118,0.11357,396610,44834.8412
1786992300000,0.11357,0.114,0.11172,0.11317,288170,32590.3324
1786992600000,0.11317,0.11459,0.11269,0.11279,265250,30061.8058
1786992900000,0.11279,0.11315,0.1121,0.11234,148030,16668.0246
1786993200000,0.11234,0.11325,0.1118,0.11222,228240,25711.345
1786993500000,0.11222,0.11288,0.11157,0.11257,140120,15734.9008
1786993800000,0.11257,0.11264,0.11082,0.11139,537120,59997.8508
1786994100000,0.11139,0.11275,0.11126,0.11263,162230,18192.5791
1786994400000,0.11263,0.11315,0.11162,0.1117,140040,15739.2863
1786994700000,0.1117,0.11259,0.11165,0.112,119770,13419.5724
1786995000000,0.112,0.11209,0.11143,0.11163,105680,11816.5107
1786995300000,0.11163,0.1163,0.11154,0.11555,1111710,126918.8021
1786995600000,0.11555,0.11687,0.1148,0.11632,374460,43364.5793
1786995900000,0.11632,0.11665,0.11546,0.11648,369030,42810.6768
1786996200000,0.11648,0.11885,0.11485,0.11779,609100,70871.2627
1786996500000,0.11779,0.11795,0.11619,0.11732,611570,71745.1504
1786996800000,0.11732,0.11732,0.11557,0.11666,445580,51911.5932
1786997100000,0.11666,0.11712,0.11621,0.11671,243080,28369.6349
1786997400000,0.11671,0.11676,0.11421,0.11465,863730,99984.0563
1786997700000,0.11465,0.11475,0.11319,0.1136,399390,45553.6332
1786998000000,0.1136,0.11399,0.1129,0.11381,248520,28171.3602
1786998300000,0.11381,0.11391,0.11255,0.11315,60870,6903.6107
1786998600000,0.11315,0.11373,0.11315,0.11342,60680,6886.826
1786998900000,0.11342,0.11402,0.1129,0.11362,160830,18217.7328
1786999200000,0.11362,0.11463,0.11321,0.11427,328740,37467.6505
1786999500000,0.11427,0.11445,0.11348,0.1139,648090,74006.6044
1786999800000,0.1139,0.11395,0.11304,0.11312,120070,13619.076
1787000100000,0.11312,0.11314,0.11242,0.11256,136660,15413.4365
1787000400000,0.11256,0.1127,0.11169,0.11238,157790,17698.83
1787000700000,0.11238,0.1128,0.11201,0.11252,70440,7912.1954
1787001000000,0.11252,0.11274,0.11219,0.11245,365670,41159.7601
1787001300000,0.11245,0.1129,0.11245,0.11251,65270,7350.3778
1787001600000,0.11251,0.11277,0.11251,0.11262,76830,8650.7497
1787001900000,0.11262,0.11351,0.11256,0.11336,78100,8827.0381
1787002200000,0.11336,0.114,0.11285,0.11374,127410,14443.7184
1787002500000,0.11374,0.11548,0.11355,0.11471,188750,21624.2852
1787002800000,0.11471,0.11526,0.11457,0.1146,339060,38922.1375
1787003100000,0.1146,0.11493,0.11375,0.11481,168980,19304.5835
1787003400000,0.11481,0.11495,0.11349,0.11349,182850,20886.2251
1787003700000,0.11349,0.11418,0.11228,0.11262,227240,25731.7169
1787004000000,0.11262,0.11311,0.11139,0.11284,382980,42961.9899
1787004300000,0.11284,0.11315,0.11195,0.11271,111740,12578.8295
1787004600000,0.11271,0.11275,0.1119,0.11199,206510,23212.5594
1787004900000,0.11199,0.11247,0.1115,0.11165,180170,20183.8822
1787005200000,0.11165,0.11215,0.11073,0.11131,336340,37452.9056
1787005500000,0.11131,0.11191,0.11116,0.11153,104980,11710.8146
1787005800000,0.11153,0.11154,0.11068,0.11093,108890,12106.3063
1787006100000,0.11093,0.11165,0.11088,0.1116,90450,10063.9898
1787006400000,0.1116,0.11171,0.11124,0.11142,143230,15959.6741
1787006700000,0.11142,0.11204,0.11129,0.11204,394490,44033.5347
1787007000000,0.11204,0.11245,0.11204,0.11245,530120,59458.8474
1787007300000,0.11245,0.11259,0.11212,0.1123,214470,24072.7356
1787007600000,0.1123,0.1123,0.11172,0.11205,146000,16363.0488
1787007900000,0.11205,0.11214,0.1115,0.1118,143160,15994.2336
1787008200000,0.1118,0.11187,0.1113,0.1113,68960,7692.4775
1787008500000,0.1113,0.11134,0.11048,0.1107,126310,14023.3436
1787008800000,0.1107,0.11077,0.11041,0.11041,84450,9336.7922
1787009100000,0.11041,0.11105,0.1099,0.11085,332270,36670.7247
1787009400000,0.11085,0.11204,0.11071,0.11172,323060,35973.6609
1787009700000,0.11172,0.11189,0.11087,0.11095,71850,7995.4513
1787010000000,0.11095,0.11103,0.10991,0.11007,315030,34848.5771
1787010300000,0.11007,0.1106,0.10975,0.11,129570,14252.8439
1787010600000,0.11,0.11009,0.10908,0.10926,183120,20056.4167
1787010900000,0.10926,0.10938,0.107,0.10715,770350,83129.0682
1787011200000,0.10715,0.10782,0.10509,0.10539,1289840,137485.9812
1787011500000,0.10539,0.10574,0.10364,0.10409,460720,48219.6921
1787011800000,0.10409,0.10543,0.10409,0.10483,224000,23466.2116
1787012100000,0.10483,0.10534,0.10428,0.10472,320970,33672.9195
1787012400000,0.10472,0.10535,0.10467,0.1052,176450,18530.3838
1787012700000,0.1052,0.10612,0.10513,0.10595,310150,32722.3645
1787013000000,0.10595,0.10623,0.10568,0.10581,243500,25809.8549
1787013300000,0.10581,0.10602,0.10513,0.10526,741480,78171.5698
1787013600000,0.10526,0.1055,0.10513,0.10539,206430,21734.7648
1787013900000,0.10539,0.10598,0.10532,0.1054,217550,22975.5673
1787014200000,0.1054,0.10624,0.10539,0.10624,85120,9000.3841
1787014500000,0.10624,0.10684,0.10602,0.10669,116520,12395.7735
1787014800000,0.10669,0.10698,0.10669,0.10688,64470,6888.0424
1787015100000,0.10688,0.10706,0.10648,0.10648,41170,4397.944
1787015400000,0.10648,0.10648,0.1055,0.1055,168850,17894.6912
1787015700000,0.1055,0.10584,0.10536,0.10567,51630,5454.2179
1787016000000,0.10567,0.10576,0.10473,0.10504,435760,45772.1665
1787016300000,0.10504,0.10524,0.10489,0.10504,21200,2228.4204
1787016600000,0.10504,0.10506,0.10475,0.10484,15340,1609.13
1787016900000,0.10484,0.10484,0.1042,0.10435,65990,6892.2364
1787017200000,0.10435,0.10528,0.10426,0.10498,51300,5365.9432
1787017500000,0.10498,0.1054,0.10497,0.10497,35550,3739.5722
1787017800000,0.10497,0.10498,0.10419,0.10433,108180,11312.4232
1787018100000,0.10433,0.10576,0.10418,0.10566,67660,7125.0897
1787018400000,0.10566,0.10583,0.10555,0.10583,54550,5766.0357
1787018700000,0.10583,0.1068,0.10576,0.1066,246160,26134.8271
1787019000000,0.1066,0.1066,0.10552,0.10571,100710,10661.8297
1787019300000,0.10571,0.10571,0.10548,0.10555,10200,1077.0519
1787019600000,0.10555,0.10568,0.10551,0.10566,14380,1518.3031
1787019900000,0.10566,0.1066,0.10558,0.1064,82610,8760.6337
1787020200000,0.1064,0.1064,0.10558,0.10577,51040,5408.3781
1787020500000,0.10577,0.10638,0.10565,0.10607,57730,6120.9629
1787020800000,0.10607,0.10612,0.10569,0.10569,123900,13122.4805
1787021100000,0.10569,0.10581,0.10541,0.10562,98790,10432.2908
1787021400000,0.10562,0.10629,0.10536,0.106,318230,33586.2016
1787021700000,0.106,0.106,0.10443,0.10472,313260,32858.7473
1787022000000,0.10472,0.10536,0.10453,0.10514,83490,8757.0396
1787022300000,0.10514,0.10572,0.10504,0.10548,116500,12284.394
1787022600000,0.10548,0.10566,0.10511,0.10547,91110,9606.946
1787022900000,0.10547,0.10607,0.10453,0.10487,117740,12408.8836
1787023200000,0.10487,0.10487,0.10348,0.10417,169880,17711.8966
1787023500000,0.10417,0.10417,0.10311,0.10361,165100,17098.4871
1787023800000,0.10361,0.10396,0.10268,0.10313,163070,16879.5665
1787024100000,0.10313,0.10374,0.10148,0.10227,247190,25381.3107
1787024400000,0.10227,0.10288,0.10204,0.10208,387480,39717.8982
1787024700000,0.10208,0.10343,0.10207,0.10231,150670,15466.09
1787025000000,0.10231,0.1026,0.10204,0.1026,54000,5516.637
1787025300000,0.1026,0.10303,0.10219,0.10237,27230,2798.7271
1787025600000,0.10237,0.10317,0.10139,0.1019,215990,22058.5714
1787025900000,0.1019,0.10296,0.1017,0.10242,99300,10158.2096
1787026200000,0.10242,0.10308,0.10242,0.103,92270,9480.0637
1787026500000,0.103,0.10301,0.10259,0.10269,118480,12195.1056
1787026800000,0.10269,0.10304,0.1025,0.103,157100,16158.495
1787027100000,0.103,0.10337,0.10276,0.10282,125770,12955.7665
1787027400000,0.10282,0.10344,0.10254,0.10284,112810,11639.1661
1787027700000,0.10284,0.10359,0.10284,0.10359,68050,7032.3829
1787028000000,0.10359,0.10398,0.10284,0.10365,203800,21047.8022
1787028300000,0.10365,0.10676,0.10337,0.10579,685610,72317.4377
1787028600000,0.10579,0.10645,0.1048,0.10597,345780,36534.2893
1787028900000,0.10597,0.10601,0.10515,0.10541,171120,18063.7317
1787029200000,0.10541,0.10541,0.10493,0.10497,119010,12514.9827
1787029500000,0.10497,0.10514,0.1049,0.1049,45350,4763.9713
1787029800000,0.1049,0.10498,0.10457,0.10463,59770,6259.3738
1787030100000,0.10463,0.10463,0.10417,0.10443,148930,15546.7118
1787030400000,0.10443,0.10538,0.10443,0.10534,48750,5121.8167
1787030700000,0.10534,0.10534,0.10507,0.10511,31560,3318.8279
1787031000000,0.10511,0.10515,0.10451,0.10458,26460,2771.7053
1787031300000,0.10458,0.10458,0.10375,0.1042,97500,10147.5945
1787031600000,0.1042,0.10421,0.10356,0.10399,206580,21475.8894
1787031900000,0.10399,0.10488,0.10396,0.10488,121710,12717.7843
1787032200000,0.10488,0.10522,0.10461,0.10499,69270,7262.8834
1787032500000,0.10499,0.10499,0.10412,0.10412,17610,1839.7382
1787032800000,0.10412,0.1054,0.10398,0.10484,55820,5838.4182
1787033100000,0.10484,0.10552,0.10465,0.10508,57000,5996.2711
1787033400000,0.10508,0.10589,0.10502,0.10584,177880,18788.383
1787033700000,0.10584,0.10593,0.1046,0.10507,329310,34793.0498
1787034000000,0.10507,0.10668,0.10502,0.1061,114830,12173.1682
1787034300000,0.1061,0.10663,0.10602,0.10646,20180,2147.4019
1787034600000,0.10646,0.10647,0.1056,0.1057,170390,18045.0236
1787034900000,0.1057,0.10608,0.1057,0.10604,14450,1530.4553
1787035200000,0.10604,0.10608,0.10495,0.10517,268900,28474.9594
1787035500000,0.10517,0.10517,0.10453,0.10471,94010,9848.1636
1787035800000,0.10471,0.10474,0.1043,0.10447,182290,19073.7567
1787036100000,0.10447,0.10555,0.10413,0.10515,287370,30038.6478
1787036400000,0.10515,0.1057,0.10488,0.10538,43660,4601.1964
1787036700000,0.10538,0.10538,0.10513,0.10513,16420,1728.1931
1787037000000,0.10513,0.1054,0.10483,0.10506,111740,11751.0175
1787037300000,0.10506,0.10515,0.10473,0.10487,23120,2425.1693
1787037600000,0.10487,0.10494,0.10475,0.10486,42060,4410.5759
1787037900000,0.10486,0.10498,0.10468,0.10482,45020,4716.9935
1787038200000,0.10482,0.10483,0.10444,0.10469,65040,6807.3779
1787038500000,0.10469,0.10508,0.10442,0.1048,102950,10787.2374
1787038800000,0.1048,0.10484,0.10466,0.10466,25610,2683.2138
1787039100000,0.10466,0.10565,0.10445,0.10554,94200,9878.291
1787039400000,0.10554,0.10558,0.10525,0.10525,17490,1843.7963
1787039700000,0.10525,0.10567,0.10506,0.10553,40670,4283.2167
1787040000000,0.10553,0.106,0.10475,0.10586,134430,14159.0098
1787040300000,0.10586,0.1068,0.10556,0.10638,96160,10191.482
1787040600000,0.10638,0.10644,0.10461,0.10559,481890,50976.9282
1787040900000,0.10559,0.10585,0.10555,0.10579,12530,1323.8955
1787041200000,0.10579,0.10581,0.10521,0.10521,38180,4036.5697
1787041500000,0.10521,0.1054,0.10517,0.10532,24410,2570.5238
1787041800000,0.10532,0.10555,0.10504,0.10542,44340,4666.9857
1787042100000,0.10542,0.10605,0.10542,0.10605,25830,2731.5749
1787042400000,0.10605,0.1075,0.10605,0.10736,162410,17376.585
1787042700000,0.10736,0.10807,0.10685,0.10701,151450,16286.5613
1787043000000,0.10701,0.10795,0.10674,0.10674,210580,22607.4276
1787043300000,0.10674,0.10677,0.10583,0.10644,134100,14230.1328
1787043600000,0.10644,0.10674,0.10573,0.10671,214430,22771.4781
1787043900000,0.10671,0.10695,0.10635,0.10635,53390,5699.0361
1787044200000,0.10635,0.10635,0.1055,0.10564,70640,7468.6941
1787044500000,0.10564,0.10564,0.10508,0.10528,51420,5417.391
1787044800000,0.10528,0.1054,0.10452,0.10472,121030,12713.6065
1787045100000,0.10472,0.10505,0.10434,0.10505,363730,38071.3881
1787045400000,0.10505,0.10516,0.10373,0.10388,151660,15811.8025
1787045700000,0.10388,0.1049,0.10364,0.10441,143140,14918.5983
1787046000000,0.10441,0.10449,0.10381,0.10381,120290,12525.0261
1787046300000,0.10381,0.10475,0.10372,0.10405,335470,35049.5536
1787046600000,0.10405,0.10426,0.1033,0.1038,124580,12904.0241
1787046900000,0.1038,0.10439,0.10341,0.10348,200820,20916.5487
1787047200000,0.10348,0.10468,0.10348,0.10435,128860,13400.2802
1787047500000,0.10435,0.10435,0.10411,0.10432,12020,1252.4633
1787047800000,0.10432,0.10465,0.10362,0.10423,727500,75704.2194
1787048100000,0.10423,0.10425,0.10366,0.10366,155950,16227.2269
1787048400000,0.10366,0.10367,0.10288,0.10323,142620,14731.8797
1787048700000,0.10323,0.10412,0.10291,0.10412,312950,32274.0726
1787049000000,0.10412,0.10559,0.10388,0.10477,219350,22956.5978
1787049300000,0.10477,0.10513,0.10361,0.10485,114440,11936.4096
1787049600000,0.10485,0.10536,0.10456,0.10495,129130,13560.4091
1787049900000,0.10495,0.10509,0.1038,0.10408,27560,2881.7992
1787050200000,0.10408,0.10428,0.10347,0.10383,157010,16310.0829
1787050500000,0.10383,0.10387,0.10314,0.10331,28930,2993.5292
1787050800000,0.10331,0.10353,0.103,0.10346,77570,8008.1935
1787051100000,0.10346,0.10353,0.10278,0.10291,77620,7999.3629
1787051400000,0.10291,0.10306,0.10184,0.10219,255830,26214.1758
1787051700000,0.10219,0.1023,0.10173,0.10219,445260,45477.3642
1787052000000,0.10219,0.10244,0.10192,0.10219,323670,33040.7654
1787052300000,0.10219,0.10288,0.10177,0.10269,99370,10164.3102
1787052600000,0.10269,0.10269,0.1023,0.10232,27430,2810.8494
1787052900000,0.10232,0.10245,0.10179,0.1023,67600,6906.9875
1787053200000,0.1023,0.10272,0.10156,0.10259,207840,21223.5959
1787053500000,0.10259,0.10285,0.10235,0.10276,123690,12697.5294
1787053800000,0.10276,0.10313,0.10275,0.10299,56980,5864.427
1787054100000,0.10299,0.10324,0.10296,0.10324,79700,8220.6785
1787054400000,0.10324,0.10339,0.10295,0.10316,53230,5496.6476
1787054700000,0.10316,0.10339,0.10272,0.10274,30900,3186.5386
1787055000000,0.10274,0.10276,0.10204,0.10244,73050,7483.3559
1787055300000,0.10244,0.10251,0.10212,0.10223,24060,2460.3785
1787055600000,0.10223,0.10453,0.10088,0.1034,635700,65300.8309
1787055900000,0.1034,0.1034,0.10323,0.10339,7110,734.8758
1787056200000,0.10339,0.10428,0.10339,0.10428,53130,5514.7279
1787056500000,0.10428,0.10429,0.10356,0.1038,29170,3033.1767
1787056800000,0.1038,0.1044,0.1038,0.10423,162230,16881.6546
1787057100000,0.10423,0.10467,0.10369,0.10383,341680,35617.0986
1787057400000,0.10383,0.10393,0.10298,0.10345,167890,17368.85
1787057700000,0.10345,0.10391,0.10331,0.10352,117590,12186.413
1787058000000,0.10352,0.10353,0.1031,0.1031,39720,4106.2181
1787058300000,0.1031,0.10376,0.10303,0.10376,60690,6269.5117
1787058600000,0.10376,0.10401,0.10351,0.10388,277600,28817.6986
1787058900000,0.10388,0.10452,0.10382,0.10408,142750,14864.6484
1787059200000,0.10408,0.10627,0.10403,0.10584,397300,41839.2037
1787059500000,0.10584,0.10651,0.10524,0.10565,124450,13161.5294
1787059800000,0.10565,0.10577,0.10417,0.10448,227830,23886.3644
1787060100000,0.10448,0.1058,0.10408,0.10553,86890,9088.545
1787060400000,0.10553,0.1067,0.10532,0.10649,278710,29547.5156
1787060700000,0.10649,0.10673,0.10511,0.1058,644020,68453.2127
1787061000000,0.1058,0.10598,0.10567,0.10594,37370,3955.27
1787061300000,0.10594,0.10594,0.10312,0.10397,406140,42265.6132
1787061600000,0.10397,0.10486,0.10379,0.1042,131100,13676.2428
1787061900000,0.1042,0.10445,0.10305,0.10355,189090,19610.9801
1787062200000,0.10355,0.10389,0.10276,0.10324,502670,51935.4532
1787062500000,0.10324,0.1034,0.103,0.1032,35050,3614.5736
1787062800000,0.1032,0.1039,0.103,0.10376,85690,8854.4104
1787063100000,0.10376,0.10487,0.1034,0.10398,286060,29739.2777
1787063400000,0.10398,0.10446,0.10315,0.1043,99100,10282.1791
1787063700000,0.1043,0.1054,0.10412,0.10521,89970,9450.785
1787064000000,0.10521,0.10565,0.1044,0.10465,423080,44578.727
1787064300000,0.10465,0.10518,0.10422,0.10477,349710,36627.3017
1787064600000,0.10477,0.10489,0.10452,0.10469,55370,5797.5418
1787064900000,0.10469,0.10471,0.10401,0.10401,110820,11560.078
1787065200000,0.10401,0.10425,0.10386,0.10418,55840,5811.7692
1787065500000,0.10418,0.1048,0.10409,0.1044,136340,14231.7783
1787065800000,0.1044,0.1051,0.10422,0.1051,708360,74073.1042
1787066100000,0.1051,0.10579,0.10468,0.10501,403330,42526.9181
1787066400000,0.10501,0.10545,0.10494,0.10545,25350,2664.5093
1787066700000,0.10545,0.10546,0.1052,0.10524,31740,3343.2278
1787067000000,0.10524,0.10596,0.10475,0.10596,235870,24920.4226
1787067300000,0.10596,0.10812,0.10596,0.10718,989260,106288.9579
1787067600000,0.10718,0.10829,0.1065,0.10722,651690,69840.0576
1787067900000,0.10722,0.10838,0.10577,0.10621,895780,95742.8851
1787068200000,0.10621,0.11047,0.1059,0.10816,3130050,338544.0405
1787068500000,0.10816,0.11025,0.10816,0.10932,499120,54720.0657
1787068800000,0.10932,0.11096,0.10932,0.11015,312330,34461.9993
1787069100000,0.11015,0.11149,0.10889,0.11026,289280,31908.1906
1787069400000,0.11026,0.11116,0.10973,0.11074,412130,45489.1407
1787069700000,0.11074,0.11167,0.11048,0.111,250300,27771.8611
1787070000000,0.111,0.11221,0.10899,0.10996,876680,96494.7048
1787070300000,0.10996,0.1113,0.10885,0.11008,135060,14842.9009
1787070600000,0.11008,0.11143,0.10913,0.10986,264310,29130.381
1787070900000,0.10986,0.1099,0.10885,0.10945,251480,27492.1393
1787071200000,0.10945,0.11141,0.10935,0.11102,227540,25107.7671
1787071500000,0.11102,0.11102,0.1093,0.10948,189470,20918.0779
1787071800000,0.10948,0.10981,0.10926,0.10968,28320,3103.4458
1787072100000,0.10968,0.11056,0.10957,0.10995,97530,10729.637
1787072400000,0.10995,0.11075,0.10992,0.11017,64960,7163.975
1787072700000,0.11017,0.11064,0.10995,0.11037,52790,5821.9005
1787073000000,0.11037,0.11085,0.10985,0.11033,349000,38450.7079
1787073300000,0.11033,0.11033,0.1098,0.10986,28900,3177.5954
1787073600000,0.10986,0.11115,0.10977,0.11115,52740,5823.4723
1787073900000,0.11115,0.1115,0.1108,0.11105,36670,4077.6517
1787074200000,0.11105,0.11288,0.11105,0.1121,233700,26254.8412
1787074500000,0.1121,0.1127,0.11111,0.11185,321600,35985.3769
1787074800000,0.11185,0.11208,0.1112,0.11148,294230,32812.3345
1787075100000,0.11148,0.11194,0.11104,0.11122,428840,47810.1326
1787075400000,0.11122,0.11165,0.11075,0.11095,202640,22548.1838
1787075700000,0.11095,0.11096,0.10995,0.10999,287260,31677.7777
1787076000000,0.10999,0.11085,0.10895,0.1094,237590,26019.9682
1787076300000,0.1094,0.10958,0.10882,0.10898,54770,5982.7649
1787076600000,0.10898,0.10955,0.1085,0.10892,128000,13948.0724
1787076900000,0.10892,0.10925,0.10854,0.109,112490,12238.4233
1787077200000,0.109,0.10965,0.10899,0.1096,52620,5750.0993
1787077500000,0.1096,0.10981,0.10849,0.10884,237080,25891.0363
1787077800000,0.10884,0.10894,0.1031,0.10474,4437880,468516.3659
1787078100000,0.10474,0.1055,0.10462,0.10494,338010,35459.3407
1787078400000,0.10494,0.10494,0.1,0.10215,2441010,250152.5746
1787078700000,0.10215,0.10277,0.1016,0.10227,238800,24425.9431
1787079000000,0.10227,0.10235,0.10027,0.10115,336480,34063.5487
1787079300000,0.10115,0.10211,0.10015,0.10105,432460,43788.7989
1787079600000,0.10105,0.10181,0.10085,0.10181,301140,30523.9097
1787079900000,0.10181,0.1023,0.1013,0.10156,286950,29204.3751
1787080200000,0.10156,0.10244,0.1011,0.1011,402660,41040.5102
1787080500000,0.1011,0.10157,0.0968,0.09882,2806370,276688.2302
1787080800000,0.09882,0.09998,0.09859,0.09869,551320,54694.8662
1787081100000,0.09869,0.09984,0.09869,0.09933,260970,25893.8529
1787081400000,0.09933,0.10039,0.09926,0.10036,84830,8467.8312
1787081700000,0.10036,0.10174,0.10009,0.10038,639150,64426.0552
1787082000000,0.10038,0.10049,0.09923,0.09938,715860,71329.5711
1787082300000,0.09938,0.10074,0.09938,0.09984,176840,17738.1078
1787082600000,0.09984,0.10093,0.0996,0.10021,482970,48511.8694
1787082900000,0.10021,0.10022,0.09868,0.09938,224480,22327.0049
1787083200000,0.09938,0.1002,0.09938,0.09975,100800,10057.9826
1787083500000,0.09975,0.1,0.09961,0.09987,55840,5574.6394
1787083800000,0.09987,0.09987,0.09872,0.09873,354840,35244.9809
1787084100000,0.09873,0.09896,0.09844,0.09856,151450,14953.7344
1787084400000,0.09856,0.09883,0.09805,0.09878,60020,5908.9768
1787084700000,0.09878,0.09904,0.09617,0.09643,553850,53823.5155
1787085000000,0.09643,0.09816,0.09643,0.09729,343970,33553.1924
1787085300000,0.09729,0.09861,0.09704,0.09726,328720,32140.7241
1787085600000,0.09726,0.09792,0.09726,0.09767,604810,59052.3773
1787085900000,0.09767,0.09776,0.09702,0.09774,376830,36761.8527
1787086200000,0.09774,0.09821,0.09753,0.09796,438050,42913.8867
1787086500000,0.09796,0.09833,0.0967,0.097,261620,25544.2531
1787086800000,0.097,0.0974,0.09667,0.09668,110880,10770.8246
1787087100000,0.09668,0.0973,0.09668,0.09683,75200,7295.3512
1787087400000,0.09683,0.09704,0.09635,0.09687,516010,49848.0238
1787087700000,0.09687,0.09702,0.09489,0.09511,1108420,106014.9464
1787088000000,0.09511,0.09536,0.095,0.09526,556490,52981.5799
1787088300000,0.09526,0.09708,0.0951,0.0954,766050,73614.7844
1787088600000,0.0954,0.0958,0.09513,0.09542,153920,14693.387
1787088900000,0.09542,0.096,0.0947,0.09501,212010,20172.7983
1787089200000,0.09501,0.09588,0.09501,0.09587,190930,18218.0263
1787089500000,0.09587,0.09715,0.09576,0.09657,451760,43768.2298
1787089800000,0.09657,0.09669,0.09444,0.09516,658450,62619.3241
1787090100000,0.09516,0.09548,0.09225,0.09308,824250,77344.7638
1787090400000,0.09308,0.09563,0.09308,0.09532,521590,49320.7443
1787090700000,0.09532,0.09541,0.09333,0.09455,299520,28167.0354
1787091000000,0.09455,0.09554,0.09444,0.09466,277660,26365.5418
1787091300000,0.09466,0.09495,0.09462,0.09484,180540,17090.4624
1787091600000,0.09484,0.09528,0.09386,0.09392,266670,25230.8327
1787091900000,0.09392,0.09477,0.09392,0.09464,75150,7098.4709
1787092200000,0.09464,0.09496,0.09453,0.09469,83770,7937.9217
1787092500000,0.09469,0.09489,0.09368,0.09411,66370,6267.1208
1787092800000,0.09411,0.09452,0.09368,0.09436,563760,52977.9706
1787093100000,0.09436,0.09487,0.09411,0.09477,120890,11434.8873
1787093400000,0.09477,0.09485,0.0942,0.0942,95000,8988.4982
1787093700000,0.0942,0.09444,0.09401,0.09443,62190,5862.58
1787094000000,0.09443,0.09476,0.09435,0.0947,171820,16258.6635
1787094300000,0.0947,0.09592,0.09436,0.09513,484810,46218.1023
1787094600000,0.09513,0.09536,0.09444,0.09464,716580,67869.7703
1787094900000,0.09464,0.09476,0.09452,0.09456,30720,2908.3893
1787095200000,0.09456,0.09459,0.09279,0.09307,163290,15269.8839
1787095500000,0.09307,0.09392,0.09257,0.09392,66440,6184.6869
1787095800000,0.09392,0.0942,0.09343,0.09408,85710,8041.0814
1787096100000,0.09408,0.0942,0.09386,0.09386,43720,4110.2942
1787096400000,0.09386,0.0943,0.09308,0.09401,272660,25534.5753
1787096700000,0.09401,0.09415,0.09382,0.09393,62650,5891.7694
1787097000000,0.09393,0.09393,0.0936,0.09377,28980,2716.5799
1787097300000,0.09377,0.09385,0.08271,0.08991,8478200,743618.6574
1787097600000,0.08991,0.09108,0.08924,0.08981,795630,71867.645
1787097900000,0.08981,0.091,0.0891,0.09073,485000,43716.8979
1787098200000,0.09073,0.09157,0.09032,0.09126,646210,58824.2978
1787098500000,0.09126,0.09194,0.09077,0.09155,450050,41165.6439
1787098800000,0.09155,0.09172,0.09102,0.09169,397000,36275.0797
1787099100000,0.09169,0.09169,0.0912,0.09151,212130,19400.7695
1787099400000,0.09151,0.09182,0.09119,0.09121,291230,26673.4252
1787099700000,0.09121,0.09192,0.09104,0.09184,294220,26940.7167
1787100000000,0.09184,0.092,0.09021,0.0916,563210,51324.6189
1787100300000,0.0916,0.0916,0.09112,0.09148,332450,30400.12
1787100600000,0.09148,0.09148,0.08967,0.08984,413000,37451.1815
1787100900000,0.08984,0.09031,0.08979,0.0901,68910,6199.9648
1787101200000,0.0901,0.0916,0.09004,0.09151,344510,31283.237
1787101500000,0.09151,0.09208,0.09128,0.09188,281510,25838.0475
1787101800000,0.09188,0.09292,0.09164,0.09278,453170,41737.9421
1787102100000,0.09278,0.09347,0.09231,0.09333,346440,32178.0782
1787102400000,0.09333,0.09419,0.0923,0.09419,739210,68862.6527
1787102700000,0.09419,0.0943,0.09316,0.09398,378540,35528.59
1787103000000,0.09398,0.09402,0.09324,0.09336,125840,11766.0696
1787103300000,0.09336,0.09392,0.0932,0.09351,266480,24890.2741
1787103600000,0.09351,0.09375,0.09287,0.09298,406910,37978.7788
1787103900000,0.09298,0.09316,0.09228,0.09242,85780,7947.5761
1787104200000,0.09242,0.09283,0.09241,0.09272,79660,7378.2094
1787104500000,0.09272,0.09283,0.09211,0.09224,162980,15086.0238
1787104800000,0.09224,0.09228,0.09022,0.09044,308160,28082.7886
1787105100000,0.09044,0.09158,0.08974,0.09059,525240,47619.875
1787105400000,0.09059,0.09104,0.08892,0.08911,191570,17296.1658
1787105700000,0.08911,0.08935,0.0881,0.08869,581880,51523.5366
1787106000000,0.08869,0.09013,0.08846,0.08986,1018630,90816.0958
1787106300000,0.08986,0.09088,0.08979,0.09025,284160,25695.4766
1787106600000,0.09025,0.09025,0.08865,0.08908,604820,54036.7558
1787106900000,0.08908,0.08946,0.08882,0.08942,369990,32990.6713
1787107200000,0.08942,0.08942,0.08377,0.08696,2608690,224620.7566
1787107500000,0.08696,0.08854,0.08668,0.08772,1174120,102708.0161
1787107800000,0.08772,0.08834,0.08737,0.08819,337440,29698.9258
1787108100000,0.08819,0.08886,0.08702,0.0874,414390,36433.9747
1787108400000,0.0874,0.08895,0.0874,0.08855,406760,35939.3635
1787108700000,0.08855,0.08916,0.08855,0.08897,237670,21133.4411
1787109000000,0.08897,0.0895,0.08863,0.08916,390350,34851.2562
1787109300000,0.08916,0.08968,0.08878,0.0896,355100,31721.1968
1787109600000,0.0896,0.0896,0.08896,0.08919,101560,9057.3017
1787109900000,0.08919,0.08934,0.08893,0.08916,41290,3679.9488
1787110200000,0.08916,0.08919,0.08716,0.08727,974340,85928.0762
1787110500000,0.08727,0.08747,0.08546,0.08637,566930,49099.8916
1787110800000,0.08637,0.08836,0.08636,0.0883,332800,29111.7041
1787111100000,0.0883,0.08882,0.0877,0.08821,304120,26859.768
1787111400000,0.08821,0.08989,0.08796,0.08937,706380,63076.1171
1787111700000,0.08937,0.08982,0.08908,0.0897,160670,14361.4684
1787112000000,0.0897,0.09012,0.08934,0.08995,240780,21616.2613
1787112300000,0.08995,0.09011,0.0895,0.08984,138490,12433.4685
1787112600000,0.08984,0.09,0.08936,0.0897,255360,22931.397
1787112900000,0.0897,0.0897,0.08857,0.08965,84600,7544.8908
1787113200000,0.08965,0.08965,0.08868,0.08881,127750,11373.988
1787113500000,0.08881,0.08886,0.08852,0.08865,35840,3178.0509
1787113800000,0.08865,0.08869,0.08831,0.08852,134060,11860.7052
1787114100000,0.08852,0.08926,0.08852,0.08916,46060,4099.321
1787114400000,0.08916,0.08923,0.08897,0.08907,63640,5672.5247
1787114700000,0.08907,0.08916,0.0886,0.08866,126160,11234.3566
1787115000000,0.08866,0.08908,0.08861,0.08908,39130,3474.4025
1787115300000,0.08908,0.08954,0.08874,0.08954,193240,17213.5984
1787115600000,0.08954,0.08989,0.0892,0.08976,39100,3496.4875
1787115900000,0.08976,0.08998,0.0896,0.08962,127230,11420.0292
1787116200000,0.08962,0.08966,0.08864,0.08943,130110,11558.1067
1787116500000,0.08943,0.08955,0.08912,0.08924,33200,2966.8096
1787116800000,0.08924,0.08924,0.08832,0.08834,28680,2547.5019
1787117100000,0.08834,0.08899,0.08834,0.08884,66180,5872.3029
1787117400000,0.08884,0.08884,0.08846,0.08848,62170,5509.3077
1787117700000,0.08848,0.08916,0.08848,0.08893,61020,5427.0477
1787118000000,0.08893,0.0896,0.08879,0.0896,37780,3362.552
1787118300000,0.0896,0.09,0.08952,0.08972,173980,15622.3836
1787118600000,0.08972,0.08979,0.08921,0.08921,40440,3618.0142
1787118900000,0.08921,0.09,0.0892,0.08988,221390,19879.1172
1787119200000,0.08988,0.0907,0.08979,0.09057,174270,15730.9224
1787119500000,0.09057,0.09166,0.09051,0.0906,433710,39487.7383
1787119800000,0.0906,0.09203,0.09014,0.09134,656120,59644.4193
1787120100000,0.09134,0.0922,0.09117,0.09209,230460,21154.2543
1787120400000,0.09209,0.09298,0.09196,0.09272,249930,23103.0212
1787120700000,0.09272,0.09314,0.09227,0.09284,133320,12369.5521
1787121000000,0.09284,0.09336,0.09226,0.09319,294340,27279.4116
1787121300000,0.09319,0.09382,0.09314,0.09343,144070,13470.7775
1787121600000,0.09343,0.09381,0.09297,0.0933,151270,14133.0208
1787121900000,0.0933,0.09399,0.09228,0.0938,235940,21929.7269
1787122200000,0.0938,0.09411,0.09355,0.09363,101120,9477.2019
1787122500000,0.09363,0.09397,0.09336,0.09336,144480,13535.9911
1787122800000,0.09336,0.09349,0.09271,0.09281,99800,9297.7595
1787123100000,0.09281,0.0932,0.09281,0.09299,29280,2721.3511
1787123400000,0.09299,0.093,0.09245,0.09277,51110,4739.7449
1787123700000,0.09277,0.09287,0.09255,0.09255,44290,4107.3832
1787124000000,0.09255,0.09309,0.09255,0.09284,131090,12161.7715
1787124300000,0.09284,0.094,0.09255,0.09368,129550,12102.5125
1787124600000,0.09368,0.09385,0.09361,0.09372,54390,5099.1055
1787124900000,0.09372,0.09375,0.09316,0.09339,31290,2925.0226
1787125200000,0.09339,0.09367,0.0931,0.09356,67970,6343.8235
1787125500000,0.09356,0.09384,0.09264,0.09381,84650,7900.524
1787125800000,0.09381,0.09403,0.09342,0.09347,149430,14012.4488
1787126100000,0.09347,0.09353,0.09281,0.09289,184220,17158.1672
1787126400000,0.09289,0.09467,0.09276,0.09438,364880,34248.6274
1787126700000,0.09438,0.09535,0.09412,0.09534,546890,51872.6553
1787127000000,0.09534,0.09616,0.09449,0.0952,1406600,134353.1666
1787127300000,0.0952,0.0961,0.09472,0.09568,531620,50750.3483
1787127600000,0.09568,0.09599,0.0944,0.09456,250350,23843.7898
1787127900000,0.09456,0.09476,0.09425,0.09464,42070,3978.677
1787128200000,0.09464,0.09495,0.09444,0.09469,98150,9302.3479
1787128500000,0.09469,0.09628,0.09469,0.09623,434530,41718.5108
1787128800000,0.09623,0.09631,0.09584,0.09593,99110,9527.0613
1787129100000,0.09593,0.09615,0.09583,0.09597,55850,5359.0461
1787129400000,0.09597,0.09597,0.09533,0.09542,83330,7965.8916
1787129700000,0.09542,0.09545,0.09497,0.09507,97380,9270.5788
1787130000000,0.09507,0.09512,0.09476,0.09481,71560,6798.5217
1787130300000,0.09481,0.09484,0.09399,0.09411,154390,14586.4501
1787130600000,0.09411,0.0945,0.09411,0.09432,40410,3809.7044
1787130900000,0.09432,0.09432,0.09364,0.09387,49280,4630.2558
1787131200000,0.09387,0.09398,0.09373,0.09393,65170,6117.9989
1787131500000,0.09393,0.0942,0.09363,0.09408,88800,8347.4136
1787131800000,0.09408,0.09416,0.09378,0.09416,127430,11967.4262
1787132100000,0.09416,0.09422,0.09392,0.09392,52620,4954.48
1787132400000,0.09392,0.09408,0.0934,0.09367,85940,8058.9712
1787132700000,0.09367,0.09407,0.09364,0.0938,285620,26787.3666
1787133000000,0.0938,0.09414,0.09316,0.09401,236100,22100.1241
1787133300000,0.09401,0.09413,0.09396,0.094,37700,3545.4385
1787133600000,0.094,0.09417,0.0939,0.09391,63420,5965.1586
1787133900000,0.09391,0.09443,0.09334,0.09436,147450,13849.2616
1787134200000,0.09436,0.09458,0.09412,0.09441,124710,11762.023
1787134500000,0.09441,0.09496,0.09432,0.09481,214130,20276.6859
1787134800000,0.09481,0.09564,0.09471,0.09496,654230,62228.735
1787135100000,0.09496,0.09617,0.09473,0.09536,354440,33873.3348
1787135400000,0.09536,0.09536,0.09492,0.09505,77950,7412.827
1787135700000,0.09505,0.09605,0.09491,0.09564,277310,26454.6511
1787136000000,0.09564,0.0959,0.09564,0.09578,265190,25388.7619
1787136300000,0.09578,0.0962,0.09573,0.09607,118800,11408.5727
1787136600000,0.09607,0.09619,0.096,0.09601,24180,2323.4144
1787136900000,0.09601,0.09612,0.09583,0.09583,126450,12138.5943
1787137200000,0.09583,0.096,0.09552,0.09589,127610,12213.6
1787137500000,0.09589,0.09622,0.09576,0.09612,32730,3141.6393
1787137800000,0.09612,0.09631,0.09612,0.09617,51540,4960.6233
1787138100000,0.09617,0.09656,0.09586,0.09586,220380,21234.7825
1787138400000,0.09586,0.09591,0.09536,0.09559,122770,11734.4074
1787138700000,0.09559,0.09559,0.09474,0.09494,87890,8372.2308
1787139000000,0.09494,0.09518,0.0942,0.09435,192890,18251.7032
1787139300000,0.09435,0.0951,0.09414,0.0951,74020,6994.5374
1787139600000,0.0951,0.09607,0.0948,0.09583,699900,66787.4892
1787139900000,0.09583,0.0964,0.09513,0.096,182580,17463.5019
1787140200000,0.096,0.09614,0.09441,0.09549,194870,18560.9576
1787140500000,0.09549,0.09552,0.09505,0.09539,120880,11516.4927
1787140800000,0.09539,0.09552,0.09495,0.09502,32730,3114.2986
1787141100000,0.09502,0.09554,0.09502,0.09554,14170,1349.0951
1787141400000,0.09554,0.09593,0.09548,0.09561,245290,23459.0097
1787141700000,0.09561,0.09612,0.0956,0.09599,84650,8110.4056
1787142000000,0.09599,0.09614,0.09585,0.09599,112230,10769.9766
1787142300000,0.09599,0.09602,0.0953,0.09602,239960,22954.9284
1787142600000,0.09602,0.0968,0.09576,0.09579,380180,36547.8966
1787142900000,0.09579,0.09731,0.09544,0.09674,591180,57065.4447
1787143200000,0.09674,0.09685,0.09532,0.09559,482350,46272.9193
1787143500000,0.09559,0.09605,0.0948,0.09517,658160,62752.833
1787143800000,0.09517,0.09524,0.09462,0.09463,120530,11435.436
1787144100000,0.09463,0.09486,0.09425,0.09486,159370,15071.1434
1787144400000,0.09486,0.09493,0.09395,0.09426,131000,12368.4137
1787144700000,0.09426,0.09435,0.09369,0.09384,193240,18150.6149
1787145000000,0.09384,0.09404,0.09269,0.09322,573690,53640.2811
1787145300000,0.09322,0.09381,0.09318,0.09381,175830,16424.0047
1787145600000,0.09381,0.09407,0.09368,0.09381,81640,7663.6154
1787145900000,0.09381,0.094,0.09351,0.09384,69830,6547.6545
1787146200000,0.09384,0.09394,0.09302,0.09314,119200,11152.0759
1787146500000,0.09314,0.09387,0.093,0.09345,170870,15976.4138
1787146800000,0.09345,0.09442,0.09339,0.09434,227790,21452.8933
1787147100000,0.09434,0.09445,0.09404,0.09445,83090,7831.3834
1787147400000,0.09445,0.09499,0.09425,0.09481,192220,18187.3536
1787147700000,0.09481,0.09481,0.093,0.093,347830,32638.9108
1787148000000,0.093,0.09301,0.09171,0.09186,189580,17546.0279
1787148300000,0.09186,0.09294,0.09102,0.09121,309840,28509.2846
1787148600000,0.09121,0.09195,0.09119,0.09187,193540,17703.4973
1787148900000,0.09187,0.09206,0.09001,0.09019,1146190,104584.7204
1787149200000,0.09019,0.0907,0.09011,0.09059,206550,18652.4666
1787149500000,0.09059,0.09176,0.09019,0.09107,342890,31246.2022
1787149800000,0.09107,0.0912,0.08951,0.08988,635820,57441.6938
1787150100000,0.08988,0.09197,0.08856,0.09154,1268680,114791.6918
1787150400000,0.09154,0.0944,0.09123,0.09406,1002450,92581.5957
1787150700000,0.09406,0.09499,0.09303,0.09476,889250,83682.0817
1787151000000,0.09476,0.09702,0.09474,0.09633,1328120,127441.2757
1787151300000,0.09633,0.09872,0.09616,0.09863,1156340,113043.0875
1787151600000,0.09863,0.09948,0.09676,0.09783,1448570,142440.2996
1787151900000,0.09783,0.09958,0.09768,0.09885,919910,90793.6417
1787152200000,0.09885,0.10059,0.09824,0.09921,643250,63782.8463
1787152500000,0.09921,0.10289,0.09809,0.10055,1447610,146284.1219
1787152800000,0.10055,0.10512,0.10032,0.1018,1858610,190305.0432
1787153100000,0.1018,0.10622,0.1013,0.10461,1298930,135362.5674
1787153400000,0.10461,0.10464,0.10055,0.10244,1250890,128431.4336
1787153700000,0.10244,0.10275,0.101,0.10254,341730,34895.5747
1787154000000,0.10254,0.10313,0.1021,0.10299,290030,29740.0041
1787154300000,0.10299,0.10424,0.10286,0.1037,343620,35617.8205
1787154600000,0.1037,0.10437,0.10258,0.1031,472250,48987.0956
1787154900000,0.1031,0.10387,0.10166,0.10166,359900,36905.3966
1787155200000,0.10166,0.10301,0.10166,0.10279,326990,33396.5069
1787155500000,0.10279,0.10402,0.10237,0.1036,322910,33323.8113
1787155800000,0.1036,0.1061,0.10359,0.10484,731070,76801.9843
1787156100000,0.10484,0.10577,0.10458,0.10465,525110,55217.3746
1787156400000,0.10465,0.10556,0.10438,0.10526,214340,22498.8718
1787156700000,0.10526,0.10534,0.10432,0.1044,139380,14603.0517
1787157000000,0.1044,0.10456,0.10281,0.10386,379390,39308.1381
1787157300000,0.10386,0.11048,0.10386,0.10958,1546490,166334.3679
1787157600000,0.10958,0.11615,0.10899,0.1131,3010790,340086.6774
1787157900000,0.1131,0.11551,0.11093,0.1123,1038610,117982.7307
1787158200000,0.1123,0.1133,0.11109,0.11157,593090,66469.6316
1787158500000,0.11157,0.11321,0.11045,0.111,923870,103198.2132
1787158800000,0.111,0.11105,0.10808,0.10922,941920,103217.6115
1787159100000,0.10922,0.10995,0.10869,0.1097,248280,27144.0205
1787159400000,0.1097,0.11103,0.10934,0.11029,549100,60272.5595
1787159700000,0.11029,0.11077,0.10995,0.11051,184920,20422.4219
1787160000000,0.11051,0.1109,0.11018,0.11027,78680,8692.565
1787160300000,0.11027,0.11027,0.1071,0.10804,370500,40089.4335
1787160600000,0.10804,0.10852,0.10609,0.1082,859340,92289.0378
1787160900000,0.1082,0.1097,0.10795,0.10905,392880,42752.9923
1787161200000,0.10905,0.10975,0.10836,0.10895,383530,41834.7919
1787161500000,0.10895,0.1091,0.10865,0.10876,58830,6402.6821
1787161800000,0.10876,0.10962,0.10876,0.10904,82800,9030.7477
1787162100000,0.10904,0.1097,0.10904,0.10935,121840,13336.5299
1787162400000,0.10935,0.11115,0.10929,0.11091,566910,62460.7174
1787162700000,0.11091,0.11091,0.10933,0.10966,141530,15553.8105
1787163000000,0.10966,0.11115,0.10944,0.11106,380260,41955.142
1787163300000,0.11106,0.11149,0.1105,0.11081,170690,18943.8206
1787163600000,0.11081,0.11145,0.11057,0.11099,114610,12717.2489
1787163900000,0.11099,0.11215,0.11099,0.11157,46910,5241.9211
1787164200000,0.11157,0.11172,0.1107,0.11111,216990,24144.2288
1787164500000,0.11111,0.11186,0.10954,0.10978,519030,57243.8353
1787164800000,0.10978,0.1106,0.1095,0.11025,104500,11492.0308
1787165100000,0.11025,0.111,0.10986,0.10986,121900,13441.4987
1787165400000,0.10986,0.10987,0.10829,0.10837,215940,23516.652
1787165700000,0.10837,0.109,0.10799,0.10892,216350,23440.3288
1787166000000,0.10892,0.10915,0.10815,0.10896,135250,14698.798
1787166300000,0.10896,0.10896,0.10846,0.1087,25670,2788.5024
1787166600000,0.1087,0.1091,0.10861,0.10894,49650,5405.6753
1787166900000,0.10894,0.10903,0.1065,0.1065,809160,87625.5336
1787167200000,0.1065,0.1067,0.099,0.09912,4547680,464588.0599
1787167500000,0.09912,0.1,0.09795,0.09826,1456340,143761.6187
1787167800000,0.09826,0.1008,0.09799,0.10048,1015400,100875.26
1787168100000,0.10048,0.10225,0.10046,0.10209,455630,46050.0167
1787168400000,0.10209,0.10264,0.10164,0.10241,699540,71520.3465
1787168700000,0.10241,0.10265,0.102,0.10209,111800,11427.0768
1787169000000,0.10209,0.1025,0.10188,0.10234,99850,10203.8868
1787169300000,0.10234,0.10272,0.10205,0.10207,437780,44788.4755
1787169600000,0.10207,0.10394,0.10207,0.10394,204350,21028.8535
1787169900000,0.10394,0.10495,0.10352,0.10468,724300,75462.4392
1787170200000,0.10468,0.10481,0.09962,0.09988,1860670,189954.8829
1787170500000,0.09988,0.10152,0.09944,0.10143,1373690,138307.8345
1787170800000,0.10143,0.10203,0.10056,0.10173,267000,27007.3384
1787171100000,0.10173,0.10256,0.10158,0.10226,53180,5428.9745
1787171400000,0.10226,0.10366,0.10219,0.10268,345440,35483.8147
1787171700000,0.10268,0.10366,0.10214,0.10315,180030,18520.764
1787172000000,0.10315,0.10315,0.10203,0.10256,168270,17240.3521
1787172300000,0.10256,0.10327,0.10238,0.10287,160320,16481.148
1787172600000,0.10287,0.10632,0.10275,0.10432,1394560,146156.6881
1787172900000,0.10432,0.10492,0.10376,0.10427,139900,14580.4182
1787173200000,0.10427,0.10604,0.10362,0.10553,179450,18771.3927
1787173500000,0.10553,0.10928,0.10532,0.10829,857340,92583.9826
1787173800000,0.10829,0.10845,0.10445,0.1047,371050,39743.3783
1787174100000,0.1047,0.1055,0.10435,0.10486,215130,22544.8105
1787174400000,0.10486,0.10635,0.10475,0.10629,96650,10221.1516
1787174700000,0.10629,0.10651,0.10595,0.10624,876840,93235.7171
1787175000000,0.10624,0.10745,0.10577,0.10745,747460,79381.0182
1787175300000,0.10745,0.10754,0.1065,0.10666,159090,17018.1134
1787175600000,0.10666,0.10924,0.10645,0.10871,412880,44532.51
1787175900000,0.10871,0.11257,0.10823,0.11209,960040,106765.3684
1787176200000,0.11209,0.11319,0.1109,0.1121,1307410,146705.9287
1787176500000,0.1121,0.11483,0.11189,0.11433,949060,107995.3682
1787176800000,0.11433,0.11653,0.11416,0.11615,1690990,195195.9737
1787177100000,0.11615,0.11621,0.11265,0.11562,1274180,146075.8364
1787177400000,0.11562,0.11984,0.1155,0.1192,2087530,245714.4245
1787177700000,0.1192,0.12041,0.1148,0.11555,2633950,309400.7123
1787178000000,0.11555,0.11826,0.1154,0.11757,845880,98990.224
1787178300000,0.11757,0.11757,0.11135,0.11497,3130120,358972.2607
1787178600000,0.11497,0.11525,0.11396,0.11504,618000,70917.3728
1787178900000,0.11504,0.11533,0.11336,0.11479,369600,42366.3648
1787179200000,0.11479,0.1154,0.1145,0.1154,267350,30730.1761
1787179500000,0.1154,0.11576,0.11455,0.11515,341100,39337.9233
1787179800000,0.11515,0.11609,0.11508,0.11609,192170,22227.676
1787180100000,0.11609,0.11743,0.11502,0.11545,577890,67196.1936
1787180400000,0.11545,0.1162,0.11434,0.11505,296210,34154.5437
1787180700000,0.11505,0.1154,0.1139,0.11536,109690,12558.9517
1787181000000,0.11536,0.1155,0.11425,0.11446,189040,21767.4197
1787181300000,0.11446,0.1146,0.114,0.11445,75160,8594.3007
1787181600000,0.11445,0.11462,0.11423,0.11445,32060,3670.6564
1787181900000,0.11445,0.11497,0.11012,0.1132,2364590,265911.4636
1787182200000,0.1132,0.11326,0.1122,0.11265,362170,40813.8511
1787182500000,0.11265,0.11344,0.11211,0.1127,292940,33011.3893
1787182800000,0.1127,0.11385,0.1127,0.11379,144140,16344.1443
1787183100000,0.11379,0.11435,0.11368,0.11397,200560,22865.2361
1787183400000,0.11397,0.11498,0.1137,0.11407,962890,109963.7638
1787183700000,0.11407,0.11547,0.11407,0.11514,174740,20122.9521
1787184000000,0.11514,0.11531,0.1143,0.11491,128150,14703.653
1787184300000,0.11491,0.11534,0.11478,0.11501,56390,6487.4597
1787184600000,0.11501,0.11606,0.11483,0.11593,223180,25841.8445
1787184900000,0.11593,0.11599,0.11525,0.11566,247160,28579.742
1787185200000,0.11566,0.11855,0.11551,0.1179,571020,67080.5016
1787185500000,0.1179,0.11924,0.1179,0.11873,383780,45535.1375
1787185800000,0.11873,0.11972,0.11786,0.11859,612230,72692.6564
1787186100000,0.11859,0.11945,0.11823,0.11894,392730,46660.0981
1787186400000,0.11894,0.11949,0.11826,0.11934,287190,34100.5482
1787186700000,0.11934,0.12,0.11836,0.1189,328410,39201.1285
1787187000000,0.1189,0.11998,0.11845,0.11961,451840,53907.6594
1787187300000,0.11961,0.12109,0.11916,0.1197,403510,48438.559
1787187600000,0.1197,0.1197,0.11706,0.11752,1469470,173991.3082
1787187900000,0.11752,0.11893,0.11714,0.11779,821980,96985.9689
1787188200000,0.11779,0.11785,0.117,0.11704,349590,41058.6087
1787188500000,0.11704,0.1173,0.11691,0.11697,66220,7751.6872
1787188800000,0.11697,0.11844,0.11645,0.11792,495260,58233.3251
1787189100000,0.11792,0.1186,0.11771,0.11849,127430,15038.9187
1787189400000,0.11849,0.11998,0.1181,0.11934,520560,62007.8018
1787189700000,0.11934,0.12033,0.11895,0.11965,360970,43235.278
1787190000000,0.11965,0.11977,0.1189,0.11963,147950,17669.9491
1787190300000,0.11963,0.12067,0.1193,0.12038,341420,40947.8758
1787190600000,0.12038,0.12159,0.12017,0.12045,783290,94665.0206
1787190900000,0.12045,0.1215,0.12015,0.12117,299940,36281.4377
1787191200000,0.12117,0.1225,0.12096,0.12156,324510,39471.7511
1787191500000,0.12156,0.12385,0.12135,0.12257,505010,61997.892
1787191800000,0.12257,0.12357,0.1218,0.12249,584520,71617.5085
1787192100000,0.12249,0.123,0.12219,0.12299,394470,48379.1538
1787192400000,0.12299,0.12312,0.12189,0.12275,327030,40073.6355
1787192700000,0.12275,0.12313,0.12236,0.12257,160530,19701.4359
1787193000000,0.12257,0.12302,0.1205,0.12102,697040,84794.4198
1787193300000,0.12102,0.12247,0.12035,0.12155,332710,40482.5827
1787193600000,0.12155,0.12174,0.11946,0.12001,700940,84524.4245
1787193900000,0.12001,0.12076,0.11871,0.11928,394880,47276.3506
1787194200000,0.11928,0.11987,0.11796,0.11796,863180,102785.6351
1787194500000,0.11796,0.1193,0.11781,0.11883,427650,50765.8658
1787194800000,0.11883,0.11883,0.1151,0.11731,1351260,157304.6187
1787195100000,0.11731,0.1184,0.11636,0.11667,1252600,147400.4126
1787195400000,0.11667,0.11762,0.11658,0.11726,347330,40726.8072
1787195700000,0.11726,0.11799,0.11667,0.11787,397370,46582.2168
1787196000000,0.11787,0.11845,0.11782,0.11836,185700,21942.2348
1787196300000,0.11836,0.11976,0.11725,0.11945,601330,71310.5704
1787196600000,0.11945,0.12335,0.11838,0.12258,645670,78310.279
1787196900000,0.12258,0.12466,0.12243,0.1239,852620,105685.8015
1787197200000,0.1239,0.1246,0.12207,0.12268,1260150,155500.432
1787197500000,0.12268,0.12441,0.12267,0.12432,277590,34298.2122
1787197800000,0.12432,0.12442,0.12305,0.12323,234660,29036.5258
1787198100000,0.12323,0.12341,0.1215,0.12285,393470,48195.5319
1787198400000,0.12285,0.12379,0.12151,0.12196,399250,48941.1141
1787198700000,0.12196,0.12276,0.12,0.12081,590150,71554.7837
1787199000000,0.12081,0.12111,0.12025,0.12038,149720,18080.9631
1787199300000,0.12038,0.12082,0.11995,0.12029,106580,12824.2353
1787199600000,0.12029,0.12135,0.12023,0.12125,145510,17569.6408
1787199900000,0.12125,0.122,0.12054,0.12076,114220,13830.1851
1787200200000,0.12076,0.12077,0.11929,0.11992,311230,37342.2429
1787200500000,0.11992,0.12073,0.11925,0.11955,496110,59604.4597
1787200800000,0.11955,0.1205,0.1194,0.11994,239950,28786.7963
1787201100000,0.11994,0.12055,0.11962,0.12036,211170,25365.9176
1787201400000,0.12036,0.12208,0.12014,0.12107,415900,50303.8118
1787201700000,0.12107,0.12198,0.12087,0.12189,187970,22826.1608
1787202000000,0.12189,0.12305,0.1203,0.12184,991690,120937.2873
1787202300000,0.12184,0.12256,0.1205,0.121,459110,55787.5234
1787202600000,0.121,0.121,0.11879,0.11943,682510,81540.2349
1787202900000,0.11943,0.1218,0.11921,0.1216,430440,51812.5352
1787203200000,0.1216,0.12181,0.12029,0.1211,170120,20608.0247
1787203500000,0.1211,0.12136,0.1205,0.12064,111670,13499.9261
1787203800000,0.12064,0.12075,0.11897,0.1202,384570,46040.673
1787204100000,0.1202,0.12029,0.11633,0.11753,590240,69686.2096
1787204400000,0.11753,0.11856,0.11648,0.11795,686630,80564.679
1787204700000,0.11795,0.11825,0.11533,0.11598,933260,108373.691
1787205000000,0.11598,0.11744,0.11401,0.11505,1044140,120503.4999
1787205300000,0.11505,0.11745,0.11432,0.11722,818830,94638.5801
1787205600000,0.11722,0.11786,0.11615,0.11666,479620,56221.8211
1787205900000,0.11666,0.11881,0.11666,0.11722,670670,78994.0316
1787206200000,0.11722,0.11758,0.11575,0.11667,321640,37492.3416
1787206500000,0.11667,0.11729,0.116,0.11636,315130,36799.6473
1787206800000,0.11636,0.11786,0.11613,0.11758,257270,30078.9236
1787207100000,0.11758,0.1177,0.11703,0.11737,112570,13204.8785
1787207400000,0.11737,0.1179,0.11737,0.11783,136560,16074.6448
1787207700000,0.11783,0.11825,0.11724,0.11742,84340,9929.0185
1787208000000,0.11742,0.11775,0.11699,0.11725,246630,28948.8784
1787208300000,0.11725,0.1176,0.11614,0.1164,293280,34280.7833
1787208600000,0.1164,0.11795,0.1161,0.1179,327790,38339.0547
1787208900000,0.1179,0.11825,0.11665,0.11782,159330,18663.6463
1787209200000,0.11782,0.11782,0.11604,0.11675,142320,16642.1105
1787209500000,0.11675,0.11731,0.1162,0.11637,174780,20409.7929
1787209800000,0.11637,0.11644,0.11527,0.11619,138820,16104.8427
1787210100000,0.11619,0.11629,0.1159,0.11609,46030,5344.9093
1787210400000,0.11609,0.11675,0.11602,0.11643,66880,7781.1516
1787210700000,0.11643,0.11644,0.11583,0.11592,33410,3873.2241
1787211000000,0.11592,0.116,0.11478,0.11545,164510,18990.3431
1787211300000,0.11545,0.1156,0.11363,0.11534,431790,49387.7912
1787211600000,0.11534,0.11563,0.11512,0.11528,368370,42464.8415
1787211900000,0.11528,0.11558,0.11426,0.11437,433960,49962.6773
1787212200000,0.11437,0.11525,0.1141,0.11446,249160,28591.1965
1787212500000,0.11446,0.11522,0.11365,0.11371,197710,22638.9663
1787212800000,0.11371,0.11419,0.11333,0.11384,293180,33342.7575
1787213100000,0.11384,0.11446,0.11355,0.1143,188120,21453.8904
1787213400000,0.1143,0.11791,0.1143,0.11748,1022850,118979.6553
1787213700000,0.11748,0.11785,0.11463,0.11464,515260,60172.8247
1787214000000,0.11464,0.1153,0.11385,0.11477,221180,25337.8037
1787214300000,0.11477,0.11605,0.11415,0.11576,154510,17831.8044
1787214600000,0.11576,0.11594,0.11526,0.11549,139350,16104.6437
1787214900000,0.11549,0.11549,0.11445,0.11495,90870,10449.5798
1787215200000,0.11495,0.11507,0.1115,0.11204,728950,82392.2659
1787215500000,0.11204,0.1131,0.11165,0.11273,773190,86715.9698
1787215800000,0.11273,0.11437,0.11238,0.1142,361600,41065.8239
1787216100000,0.1142,0.11513,0.11397,0.11432,247210,28276.6776
1787216400000,0.11432,0.11432,0.11049,0.11214,1034390,115554.262
1787216700000,0.11214,0.11331,0.11213,0.11301,466860,52705.8363
1787217000000,0.11301,0.11387,0.113,0.11387,118710,13466.6593
1787217300000,0.11387,0.11534,0.11363,0.11497,369660,42352.8501
1787217600000,0.11497,0.11738,0.11436,0.11659,786800,91494.5995
1787217900000,0.11659,0.11765,0.11544,0.11611,674410,78515.7881
1787218200000,0.11611,0.11779,0.11595,0.11702,414660,48470.7129
1787218500000,0.11702,0.11776,0.11648,0.11693,370520,43363.9565
1787218800000,0.11693,0.11697,0.11653,0.11684,195790,22870.4355
1787219100000,0.11684,0.11715,0.11585,0.11585,308450,35986.2867
1787219400000,0.11585,0.1172,0.11532,0.1172,557390,64502.5524
1787219700000,0.1172,0.11755,0.1168,0.1175,134080,15710.5072
1787220000000,0.1175,0.11754,0.1164,0.11685,114370,13375.4827
1787220300000,0.11685,0.11714,0.11664,0.11664,131610,15377.1829
1787220600000,0.11664,0.11664,0.11584,0.11622,114770,13334.391
1787220900000,0.11622,0.11725,0.11617,0.11686,201410,23494.0946
1787221200000,0.11686,0.11686,0.1156,0.1161,210690,24485.5476
1787221500000,0.1161,0.11636,0.11585,0.11605,49210,5715.0204
1787221800000,0.11605,0.11893,0.11595,0.11792,424580,50063.9939
1787222100000,0.11792,0.1197,0.11719,0.11808,591600,70228.5833
1787222400000,0.11808,0.11811,0.11757,0.11773,286230,33730.327
1787222700000,0.11773,0.11773,0.11678,0.11714,295810,34738.0883
1787223000000,0.11714,0.11795,0.11675,0.11714,420640,49235.4786
1787223300000,0.11714,0.11728,0.11671,0.11697,225890,26427.8984
1787223600000,0.11697,0.11697,0.11638,0.11638,139530,16264.3269
1787223900000,0.11638,0.11885,0.11612,0.11775,614820,72224.4765
1787224200000,0.11775,0.11783,0.1167,0.11743,133980,15709.9798
1787224500000,0.11743,0.11823,0.117,0.11759,112280,13206.9362
1787224800000,0.11759,0.1181,0.11721,0.1181,81580,9587.9842
1787225100000,0.1181,0.1191,0.11771,0.11823,293050,34713.8321
1787225400000,0.11823,0.11927,0.118,0.11916,139460,16563.2733
1787225700000,0.11916,0.12062,0.1191,0.11996,255950,30690.8095
1787226000000,0.11996,0.12053,0.11951,0.12022,487870,58493.13
1787226300000,0.12022,0.12349,0.12019,0.1226,1190980,145340.9134
1787226600000,0.1226,0.12312,0.12076,0.12078,499460,61005.4318
1787226900000,0.12078,0.12125,0.1196,0.12051,377470,45453.135
1787227200000,0.12051,0.1207,0.11758,0.11836,796390,94664.6195
1787227500000,0.11836,0.11867,0.11745,0.1175,278190,32811.6119
1787227800000,0.1175,0.12092,0.1174,0.12055,1021740,122037.8729
1787228100000,0.12055,0.12087,0.11985,0.11991,200480,24141.6147
1787228400000,0.11991,0.12105,0.11932,0.12082,740590,88945.9575
1787228700000,0.12082,0.1224,0.12082,0.12227,725810,88353.4789
1787229000000,0.12227,0.12347,0.12171,0.12256,584280,71547.0503
1787229300000,0.12256,0.12346,0.12199,0.12275,253510,31052.1593
1787229600000,0.12275,0.12415,0.1226,0.12347,743890,91800.6157
1787229900000,0.12347,0.12429,0.12206,0.12219,546080,67262.1187
1787230200000,0.12219,0.12596,0.12217,0.12483,883170,110135.2516
1787230500000,0.12483,0.12542,0.12457,0.12506,611270,76385.8999
1787230800000,0.12506,0.12617,0.12457,0.12548,654920,82097.7581
1787231100000,0.12548,0.12618,0.12465,0.1251,501350,62750.9459
1787231400000,0.1251,0.1268,0.12495,0.12669,468380,58972.8894
1787231700000,0.12669,0.12689,0.1259,0.12595,283910,35893.1276
1787232000000,0.12595,0.1274,0.1255,0.12728,669640,84716.6659
1787232300000,0.12728,0.12879,0.1268,0.12735,1028730,131497.8443
1787232600000,0.12735,0.12742,0.1242,0.12483,1172230,146902.1602
1787232900000,0.12483,0.1262,0.1244,0.12609,805840,100703.3471
1787233200000,0.12609,0.1283,0.12539,0.12792,867490,110423.4982
1787233500000,0.12792,0.1284,0.1275,0.1284,508040,64953.5919
1787233800000,0.1284,0.12982,0.12653,0.12741,1551850,198973.9818
1787234100000,0.12741,0.12833,0.12635,0.12712,475990,60671.8428
1787234400000,0.12712,0.12944,0.12694,0.12941,423390,54331.5703
1787234700000,0.12941,0.13208,0.12925,0.13117,1642030,214624.9621
1787235000000,0.13117,0.13225,0.12943,0.1306,1414550,185033.2504
1787235300000,0.1306,0.13209,0.12889,0.13058,731900,95434.9633
1787235600000,0.13058,0.13126,0.12692,0.1296,1536390,198440.9493
1787235900000,0.1296,0.1298,0.12772,0.12886,435770,56062.9595
1787236200000,0.12886,0.12907,0.12809,0.1287,314810,40475.3531
1787236500000,0.1287,0.129,0.12665,0.12758,478200,61086.2271
1787236800000,0.12758,0.12761,0.12528,0.12644,1012490,128059.9066
1787237100000,0.12644,0.12755,0.12553,0.12683,686400,86722.0945
1787237400000,0.12683,0.12803,0.12683,0.12781,276340,35226.9119
1787237700000,0.12781,0.1296,0.1273,0.12915,525800,67481.3673
1787238000000,0.12915,0.13168,0.12841,0.1305,719920,93752.3057
1787238300000,0.1305,0.13144,0.12975,0.13124,235830,30826.2148
1787238600000,0.13124,0.1324,0.13,0.13006,843930,110850.5935
1787238900000,0.13006,0.1303,0.12716,0.12785,1040110,133569.2225
1787239200000,0.12785,0.1285,0.1267,0.12841,420550,53694.0649
1787239500000,0.12841,0.12899,0.12707,0.12869,187700,24075.6092
1787239800000,0.12869,0.13074,0.12866,0.12935,310170,40317.1412
1787240100000,0.12935,0.13065,0.12914,0.13028,287880,37415.4032
1787240400000,0.13028,0.1308,0.12945,0.1298,230930,30042.2336
1787240700000,0.1298,0.1306,0.12956,0.13053,206860,26943.3588
1787241000000,0.13053,0.1329,0.13046,0.1329,380730,50269.1671
1787241300000,0.1329,0.13358,0.13002,0.13036,909550,120136.2152
1787241600000,0.13036,0.13161,0.12965,0.13112,332100,43408.0991
1787241900000,0.13112,0.13114,0.12944,0.13044,288400,37569.3606
1787242200000,0.13044,0.13044,0.1285,0.12913,362660,46936.0775
1787242500000,0.12913,0.12935,0.12876,0.12916,170220,21983.1347
1787242800000,0.12916,0.12916,0.12704,0.12759,350230,44854.0337
1787243100000,0.12759,0.12893,0.1274,0.12873,202090,25906.0694
1787243400000,0.12873,0.12901,0.12787,0.1289,131290,16868.0511
1787243700000,0.1289,0.13173,0.1289,0.13078,666590,87090.8571
1787244000000,0.13078,0.13437,0.13061,0.13437,948200,125970.5955
1787244300000,0.13437,0.1357,0.13426,0.1353,444980,60024.7148
1787244600000,0.1353,0.13569,0.13374,0.13481,529890,71377.7304
1787244900000,0.13481,0.13512,0.13391,0.13412,121960,16388.0589
1787245200000,0.13412,0.13421,0.1334,0.13415,114500,15330.6555
1787245500000,0.13415,0.13584,0.13415,0.13557,286700,38729.9703
1787245800000,0.13557,0.1367,0.13527,0.13533,715340,97255.832
1787246100000,0.13533,0.13854,0.13529,0.13802,433530,59349.4925
1787246400000,0.13802,0.13845,0.13625,0.13639,355610,48907.8073
1787246700000,0.13639,0.13845,0.1363,0.1374,399640,54893.8057
1787247000000,0.1374,0.13852,0.13595,0.13613,285750,39284.4322
1787247300000,0.13613,0.1382,0.13604,0.13705,342500,47112.7093
1787247600000,0.13705,0.13757,0.13659,0.13675,279690,38344.1816
1787247900000,0.13675,0.13684,0.13604,0.13645,218570,29812.1848
1787248200000,0.13645,0.13646,0.13509,0.1353,336980,45772.5261
1787248500000,0.1353,0.13559,0.13299,0.13455,576670,77512.3735
1787248800000,0.13455,0.13455,0.12948,0.12977,918540,120589.4288
1787249100000,0.12977,0.13088,0.12895,0.12958,565890,73482.9829
1787249400000,0.12958,0.1318,0.12958,0.13123,112950,14758.074
1787249700000,0.13123,0.13206,0.1301,0.13111,624410,82010.5512
1787250000000,0.13111,0.13331,0.13111,0.1327,192680,25478.3601
1787250300000,0.1327,0.1327,0.12893,0.13014,670160,87442.8588
1787250600000,0.13014,0.1302,0.12728,0.12767,714600,91696.7301
1787250900000,0.12767,0.12865,0.12572,0.12688,488140,62068.492
1787251200000,0.12688,0.12744,0.1256,0.12586,1040330,131741.2912
1787251500000,0.12586,0.12767,0.12576,0.12733,482650,61069.7506
1787251800000,0.12733,0.12794,0.1263,0.1265,385130,49012.9025
1787252100000,0.1265,0.12701,0.12524,0.12567,367090,46331.5053
1787252400000,0.12567,0.12715,0.12567,0.12693,164730,20806.9659
1787252700000,0.12693,0.12792,0.12691,0.12775,118640,15116.2357
1787253000000,0.12775,0.12899,0.12765,0.12872,418870,53631.5171
1787253300000,0.12872,0.1293,0.12832,0.1291,50720,6529.249
1787253600000,0.1291,0.1301,0.12888,0.12968,342200,44288.9115
1787253900000,0.12968,0.1305,0.12936,0.1294,82390,10701.6823
1787254200000,0.1294,0.1294,0.12825,0.12844,116650,15064.9942
1787254500000,0.12844,0.12844,0.12683,0.12707,182200,23240.1103
1787254800000,0.12707,0.1278,0.12614,0.1266,669430,84927.7405
1787255100000,0.1266,0.12688,0.12541,0.12558,168820,21268.306
1787255400000,0.12558,0.12661,0.12447,0.12643,332100,41548.111
1787255700000,0.12643,0.12653,0.12575,0.12575,33880,4274.3406
1787256000000,0.12575,0.12639,0.12552,0.12595,140870,17724.0932
1787256300000,0.12595,0.12623,0.12554,0.12565,77250,9729.0589
1787256600000,0.12565,0.12672,0.12558,0.12577,42410,5353.9225
1787256900000,0.12577,0.12674,0.12572,0.12602,39480,4975.9372
1787257200000,0.12602,0.12758,0.12599,0.12686,131220,16666.2158
1787257500000,0.12686,0.12892,0.12686,0.12805,851850,109116.6629
1787257800000,0.12805,0.12805,0.12652,0.12675,203950,25955.8241
1787258100000,0.12675,0.12735,0.12675,0.12729,80620,10250.706
1787258400000,0.12729,0.12832,0.1272,0.12823,460560,58863.7915
1787258700000,0.12823,0.12886,0.12745,0.12795,241330,30958.8581
1787259000000,0.12795,0.12795,0.12625,0.12651,89760,11419.2658
1787259300000,0.12651,0.12669,0.1258,0.12599,126310,15934.7235
1787259600000,0.12599,0.127,0.12599,0.12695,124690,15770.8292
1787259900000,0.12695,0.12749,0.1267,0.1269,63240,8045.4678
1787260200000,0.1269,0.12812,0.1269,0.12803,117170,14922.2711
1787260500000,0.12803,0.12822,0.12645,0.127,89800,11441.6628
1787260800000,0.127,0.12726,0.12673,0.12695,62790,7971.1323
1787261100000,0.12695,0.12701,0.12656,0.12697,64520,8178.8218
1787261400000,0.12697,0.12785,0.12678,0.12779,105760,13463.2462
1787261700000,0.12779,0.12842,0.12747,0.12842,72990,9338.0463
1787262000000,0.12842,0.12842,0.12684,0.12733,109070,13898.8674
1787262300000,0.12733,0.12781,0.12634,0.12645,176100,22322.0556
1787262600000,0.12645,0.12717,0.126,0.12714,164900,20865.6525
1787262900000,0.12714,0.12756,0.12633,0.12665,108090,13749.8204
1787263200000,0.12665,0.12705,0.12558,0.1264,102750,13007.6161
1787263500000,0.1264,0.12735,0.12521,0.12521,117330,14811.5557
1787263800000,0.12521,0.1258,0.125,0.12537,186930,23441.0031
1787264100000,0.12537,0.1258,0.1246,0.12493,138770,17373.5674
1787264400000,0.12493,0.12685,0.12493,0.12655,87680,11047.93
1787264700000,0.12655,0.12676,0.12592,0.1261,49810,6298.9461
1787265000000,0.1261,0.12641,0.12567,0.12586,51100,6438.0711
1787265300000,0.12586,0.1264,0.12312,0.12331,529740,65868.6136
1787265600000,0.12331,0.12414,0.1221,0.12247,336590,41474.4297
1787265900000,0.12247,0.12388,0.1222,0.12374,332840,41033.3829
1787266200000,0.12374,0.1239,0.12295,0.12356,159180,19652.2829
1787266500000,0.12356,0.12402,0.1234,0.12361,76920,9507.2372
1787266800000,0.12361,0.12392,0.12251,0.1233,388130,47807.0696
1787267100000,0.1233,0.12378,0.12255,0.12372,136810,16832.2959
1787267400000,0.12372,0.12417,0.12315,0.12345,602960,74539.0539
1787267700000,0.12345,0.12398,0.12333,0.12385,69730,8622.7437
1787268000000,0.12385,0.1242,0.12375,0.12396,52660,6523.7372
1787268300000,0.12396,0.1249,0.12385,0.1243,289620,36018.5409
1787268600000,0.1243,0.12532,0.12412,0.1249,146940,18326.8948
1787268900000,0.1249,0.12539,0.12459,0.1248,103270,12909.4343
1787269200000,0.1248,0.1248,0.12262,0.12335,392800,48453.0237
1787269500000,0.12335,0.12422,0.12276,0.12298,156090,19278.1738
1787269800000,0.12298,0.12298,0.1207,0.12115,629500,76662.8313
1787270100000,0.12115,0.1217,0.12101,0.12125,103820,12589.2705
1787270400000,0.12125,0.1233,0.12125,0.12317,121720,14901.0095
1787270700000,0.12317,0.12429,0.12271,0.12322,83140,10265.5634
1787271000000,0.12322,0.1244,0.12322,0.12435,226820,28064.2825
1787271300000,0.12435,0.125,0.12386,0.12386,144450,17960.9311
1787271600000,0.12386,0.12467,0.12341,0.12451,242630,30155.7775
1787271900000,0.12451,0.12451,0.1237,0.12396,84100,10444.6583
1787272200000,0.12396,0.12425,0.12273,0.12315,159890,19743.3419
1787272500000,0.12315,0.12384,0.12279,0.12335,40600,5008.3842
1787272800000,0.12335,0.12335,0.12266,0.12325,93850,11535.4202
1787273100000,0.12325,0.12352,0.12265,0.12352,84460,10386.8446
1787273400000,0.12352,0.1251,0.12352,0.12391,86570,10751.7981
1787273700000,0.12391,0.12432,0.12349,0.12427,136490,16898.911
1787274000000,0.12427,0.12571,0.12415,0.1255,115030,14394.7697
1787274300000,0.1255,0.12575,0.12382,0.1248,122240,15272.781
1787274600000,0.1248,0.12507,0.12325,0.12361,69390,8630.1096
1787274900000,0.12361,0.12563,0.12332,0.12505,145190,18065.8668
1787275200000,0.12505,0.1251,0.12378,0.12495,137820,17146.8862
1787275500000,0.12495,0.12542,0.12458,0.12528,28430,3557.3175
1787275800000,0.12528,0.1258,0.12513,0.12564,165290,20757.2652
1787276100000,0.12564,0.1267,0.1254,0.12572,137820,17363.8969
1787276400000,0.12572,0.12584,0.12396,0.12409,225320,28182.5976
1787276700000,0.12409,0.1257,0.12299,0.12521,699660,86870.3884
1787277000000,0.12521,0.12585,0.12388,0.12481,240470,30024.7985
1787277300000,0.12481,0.12508,0.12312,0.1236,380500,47196.4282
1787277600000,0.1236,0.12425,0.12234,0.1228,181360,22317.1855
1787277900000,0.1228,0.12369,0.1221,0.1227,128460,15782.1177
1787278200000,0.1227,0.12335,0.12183,0.12304,287130,35113.0828
1787278500000,0.12304,0.12368,0.12275,0.1236,71720,8838.8632
1787278800000,0.1236,0.1262,0.12315,0.12565,300250,37409.5879
1787279100000,0.12565,0.12939,0.12565,0.12678,1036980,132708.1003
1787279400000,0.12678,0.12761,0.1264,0.12648,188720,23959.0633
1787279700000,0.12648,0.12786,0.12648,0.1273,273080,34789.9413
1787280000000,0.1273,0.1273,0.1262,0.12685,96780,12272.4893
1787280300000,0.12685,0.12691,0.1255,0.12655,182230,23015.2953
1787280600000,0.12655,0.12705,0.12634,0.12663,78610,9956.0608
1787280900000,0.12663,0.1271,0.1266,0.12679,38060,4830.9853
1787281200000,0.12679,0.12745,0.12535,0.12566,145580,18402.701
1787281500000,0.12566,0.1258,0.12525,0.12538,65290,8195.2782
1787281800000,0.12538,0.12605,0.12535,0.12568,79640,10011.8343
1787282100000,0.12568,0.12574,0.12245,0.12302,809330,100193.4265
1787282400000,0.12302,0.12625,0.12265,0.12619,107390,13376.5338
1787282700000,0.12619,0.1278,0.12599,0.12675,118250,15001.7975
1787283000000,0.12675,0.12843,0.12675,0.12829,88240,11268.2242
1787283300000,0.12829,0.12881,0.12785,0.128,140150,17988.1912
1787283600000,0.128,0.12882,0.12768,0.12817,152640,19552.4279
1787283900000,0.12817,0.12962,0.128,0.12908,80250,10340.0388
1787284200000,0.12908,0.12955,0.12785,0.12838,189840,24528.0627
1787284500000,0.12838,0.12873,0.12795,0.12827,44520,5722.7534
1787284800000,0.12827,0.1292,0.1281,0.12863,98220,12645.7698
1787285100000,0.12863,0.12932,0.12815,0.1291,208180,26868.4299
1787285400000,0.1291,0.12978,0.12852,0.1295,64850,8372.2368
1787285700000,0.1295,0.12992,0.12923,0.12975,39510,5121.3171
1787286000000,0.12975,0.13038,0.12957,0.1298,83640,10871.7169
1787286300000,0.1298,0.12985,0.1292,0.12952,27630,3580.0072
1787286600000,0.12952,0.13065,0.1295,0.13033,100170,13026.7635
1787286900000,0.13033,0.13117,0.13007,0.13079,279030,36438.2315
1787287200000,0.13079,0.1317,0.1306,0.13156,118120,15499.4081
1787287500000,0.13156,0.13245,0.1314,0.13209,145780,19241.5418
1787287800000,0.13209,0.13246,0.13175,0.13246,81860,10806.2716
1787288100000,0.13246,0.13255,0.13197,0.13238,143330,18963.8285
1787288400000,0.13238,0.13247,0.13157,0.13169,148850,19643.6159
1787288700000,0.13169,0.13189,0.1307,0.13108,142640,18723.0748
1787289000000,0.13108,0.1311,0.1292,0.1303,229860,29915.1849
1787289300000,0.1303,0.13058,0.12965,0.1304,82300,10712.2515
1787289600000,0.1304,0.13103,0.12965,0.13103,109320,14246.0542
1787289900000,0.13103,0.13105,0.12943,0.13045,71080,9277.9783
1787290200000,0.13045,0.13108,0.13045,0.13048,49330,6449.842
1787290500000,0.13048,0.13064,0.12932,0.1299,46910,6085.4214
1787290800000,0.1299,0.1299,0.12856,0.1294,229410,29678.3575
1787291100000,0.1294,0.12974,0.12891,0.12937,146970,18996.9471
1787291400000,0.12937,0.12995,0.12849,0.12895,62370,8052.3917
1787291700000,0.12895,0.12958,0.12875,0.12925,87770,11341.4911
1787292000000,0.12925,0.1305,0.12855,0.1292,287090,37166.0224
1787292300000,0.1292,0.13065,0.12861,0.12887,196180,25482.0411
1787292600000,0.12887,0.12895,0.12629,0.12821,306180,39112.7781
1787292900000,0.12821,0.12825,0.127,0.12815,81790,10440.696
1787293200000,0.12815,0.1285,0.12753,0.12753,39650,5079.049
1787293500000,0.12753,0.12925,0.12744,0.12913,210800,27126.0897
1787293800000,0.12913,0.12913,0.12766,0.1286,108080,13868.9932
1787294100000,0.1286,0.12905,0.12801,0.12847,42540,5472.2989
1787294400000,0.12847,0.12901,0.12825,0.1289,81940,10530.5453
1787294700000,0.1289,0.1289,0.12785,0.12882,203960,26192.6746
1787295000000,0.12882,0.12904,0.1278,0.12823,46210,5936.6219
1787295300000,0.12823,0.12834,0.12794,0.12827,36800,4717.022
1787295600000,0.12827,0.12835,0.12679,0.12784,185210,23618.0004
1787295900000,0.12784,0.12807,0.12633,0.1272,163500,20797.6963
1787296200000,0.1272,0.1291,0.12717,0.12896,421780,54141.4298
1787296500000,0.12896,0.13025,0.12811,0.12936,395650,51115.9704
1787296800000,0.12936,0.12951,0.12867,0.12886,99280,12806.2578
1787297100000,0.12886,0.12926,0.1285,0.12922,36210,4667.7881
1787297400000,0.12922,0.12929,0.12838,0.12915,92830,11956.1846
1787297700000,0.12915,0.12966,0.12847,0.12916,149930,19373.717
1787298000000,0.12916,0.1305,0.12916,0.13043,183040,23742.8855
1787298300000,0.13043,0.13445,0.13043,0.13348,785160,104404.1884
1787298600000,0.13348,0.13377,0.13109,0.13152,380210,50494.5164
1787298900000,0.13152,0.13243,0.13095,0.13118,289790,38209.3543
1787299200000,0.13118,0.13296,0.13102,0.13268,131510,17408.0544
1787299500000,0.13268,0.133,0.13235,0.13264,149260,19797.6936
1787299800000,0.13264,0.13315,0.13207,0.1329,193410,25643.2606
1787300100000,0.1329,0.13391,0.13283,0.13381,103170,13754.3661
1787300400000,0.13381,0.13497,0.13369,0.1343,202240,27144.2443
1787300700000,0.1343,0.1357,0.13356,0.13422,343740,46246.3326
1787301000000,0.13422,0.1356,0.1339,0.13519,477330,64261.0552
1787301300000,0.13519,0.13563,0.13407,0.13493,744410,100328.8513
1787301600000,0.13493,0.13585,0.13349,0.13355,445400,60019.5036
1787301900000,0.13355,0.13573,0.13322,0.1352,706160,94798.4409
1787302200000,0.1352,0.13677,0.13446,0.13509,585880,79321.769
1787302500000,0.13509,0.13606,0.13342,0.13387,440660,59407.7188
1787302800000,0.13387,0.1341,0.12749,0.12947,1808080,235929.6677
1787303100000,0.12947,0.1302,0.12659,0.12763,783330,100268.4937
1787303400000,0.12763,0.1291,0.1271,0.1282,333980,42708.8752
1787303700000,0.1282,0.12865,0.12759,0.1276,94400,12090.1986
1787304000000,0.1276,0.12766,0.12459,0.12535,833930,104754.5464
1787304300000,0.12535,0.12548,0.12288,0.12432,796660,98769.383
1787304600000,0.12432,0.12495,0.12109,0.12445,1765070,216988.0376
1787304900000,0.12445,0.12675,0.12418,0.12673,345260,43400.958
1787305200000,0.12673,0.12801,0.1259,0.1275,250720,31828.7589
1787305500000,0.1275,0.1275,0.12656,0.12725,174670,22188.144
1787305800000,0.12725,0.12725,0.12608,0.12609,133700,16927.1995
1787306100000,0.12609,0.12625,0.1247,0.12563,358020,44897.3755
1787306400000,0.12563,0.12582,0.12423,0.1246,171960,21493.9197
1787306700000,0.1246,0.12512,0.12365,0.12391,114260,14210.461
1787307000000,0.12391,0.12514,0.12377,0.12498,71550,8923.6944
1787307300000,0.12498,0.12653,0.12496,0.12634,60490,7612.5757
1787307600000,0.12634,0.1265,0.12577,0.12594,135910,17149.9827
1787307900000,0.12594,0.12655,0.12545,0.12581,202720,25546.3666
1787308200000,0.12581,0.12644,0.12536,0.12601,70840,8913.5369
1787308500000,0.12601,0.12675,0.12575,0.1267,231210,29227.9984
1787308800000,0.1267,0.12729,0.12576,0.12662,224270,28381.2745
1787309100000,0.12662,0.12826,0.12661,0.1277,417390,53132.9323
1787309400000,0.1277,0.12878,0.12755,0.12813,415870,53326.5324
1787309700000,0.12813,0.12996,0.1281,0.1291,522540,67432.6637
1787310000000,0.1291,0.12995,0.129,0.12963,246160,31890.467
1787310300000,0.12963,0.13145,0.12956,0.13055,587250,76756.5607
1787310600000,0.13055,0.1323,0.13045,0.13205,696680,91525.5498
1787310900000,0.13205,0.13235,0.1296,0.13107,1003300,131205.9747
1787311200000,0.13107,0.13211,0.13003,0.1321,497900,65324.2744
1787311500000,0.1321,0.13311,0.13124,0.13271,642460,84911.0256
1787311800000,0.13271,0.1354,0.13205,0.13258,1257060,167937.5411
1787312100000,0.13258,0.13944,0.13203,0.13797,2633450,360470.5107
1787312400000,0.13797,0.15067,0.13645,0.14913,4525540,646504.1716
1787312700000,0.14913,0.15,0.13959,0.14318,2810900,405523.0243
1787313000000,0.14318,0.14607,0.14199,0.145,1063380,153140.7049
1787313300000,0.145,0.14654,0.14239,0.14334,1097310,158909.1121
1787313600000,0.14334,0.14694,0.14304,0.14538,498950,72387.8734
1787313900000,0.14538,0.14704,0.1434,0.14488,451250,65512.7246
1787314200000,0.14488,0.14678,0.14295,0.14448,751990,108946.5587
1787314500000,0.14448,0.14623,0.14419,0.14473,160480,23306.8356
1787314800000,0.14473,0.14532,0.1428,0.14341,281990,40737.4866
1787315100000,0.14341,0.14554,0.14335,0.14524,79220,11451.5902
1787315400000,0.14524,0.14613,0.1436,0.14462,129910,18860.4124
1787315700000,0.14462,0.14513,0.14065,0.1442,1125080,160566.9251
1787316000000,0.1442,0.14504,0.14329,0.14504,203690,29357.6973
1787316300000,0.14504,0.14564,0.14333,0.14452,223950,32437.5189
1787316600000,0.14452,0.14452,0.1412,0.1414,178620,25469.2844
1787316900000,0.1414,0.14163,0.1387,0.13924,573400,80046.8845
1787317200000,0.13924,0.14058,0.13924,0.13975,349530,48856.4612
1787317500000,0.13975,0.1407,0.13974,0.14035,106210,14893.0632
1787317800000,0.14035,0.14053,0.13889,0.1396,378400,52999.0068
1787318100000,0.1396,0.13964,0.13706,0.13718,447220,61936.8321
1787318400000,0.13718,0.14151,0.13716,0.13945,646890,90354.3349
1787318700000,0.13945,0.14195,0.13855,0.14122,258880,36363.5028
1787319000000,0.14122,0.14122,0.13802,0.13802,323250,45081.5194
1787319300000,0.13802,0.13855,0.13666,0.13855,478230,65700.2489
1787319600000,0.13855,0.14245,0.13855,0.1423,576510,81100.3709
1787319900000,0.1423,0.14332,0.1421,0.14314,259370,37030.6692
1787320200000,0.14314,0.14503,0.14308,0.14383,398140,57359.3731
1787320500000,0.14383,0.1447,0.1411,0.1413,327700,46689.4461
1787320800000,0.1413,0.14166,0.13945,0.13956,354690,49920.4471
1787321100000,0.13956,0.1402,0.13861,0.13861,107460,14961.1899
1787321400000,0.13861,0.1402,0.13736,0.13755,314750,43591.0158
1787321700000,0.13755,0.13982,0.13744,0.139,352640,48879.6946
1787322000000,0.139,0.14105,0.13856,0.14046,197130,27498.3835
1787322300000,0.14046,0.1417,0.14041,0.14142,102450,14444.8199
1787322600000,0.14142,0.14142,0.13965,0.13977,65320,9201.6328
1787322900000,0.13977,0.1427,0.13897,0.14237,150500,21249.6076
1787323200000,0.14237,0.14506,0.1422,0.1427,120150,17255.4096
1787323500000,0.1427,0.14571,0.14205,0.14476,539440,78101.9718
1787323800000,0.14476,0.14689,0.14476,0.1463,262750,38366.391
1787324100000,0.1463,0.149,0.14601,0.14738,566390,83414.7721
1787324400000,0.14738,0.14896,0.14683,0.1484,309710,45743.971
1787324700000,0.1484,0.15174,0.14819,0.15062,634850,95313.263
1787325000000,0.15062,0.15087,0.14242,0.14382,1395010,203436.6161
1787325300000,0.14382,0.14584,0.14369,0.14445,216560,31379.2553
1787325600000,0.14445,0.14499,0.13876,0.14054,836050,118079.435
1787325900000,0.14054,0.1431,0.13986,0.14235,584830,82771.3818
1787326200000,0.14235,0.14384,0.14146,0.1434,159610,22800.6793
1787326500000,0.1434,0.14362,0.14043,0.14197,151340,21461.0645
1787326800000,0.14197,0.14244,0.13804,0.13829,334880,47107.5627
1787327100000,0.13829,0.13945,0.13686,0.13911,314590,43491.7853
1787327400000,0.13911,0.14014,0.13813,0.13926,108250,15057.2175
1787327700000,0.13926,0.13946,0.13622,0.13699,223490,30788.8147
1787328000000,0.13699,0.1399,0.13699,0.13986,214550,29760.6813
1787328300000,0.13986,0.14001,0.138,0.13818,91370,12717.0585
1787328600000,0.13818,0.13965,0.13782,0.139,310360,43116.1996
1787328900000,0.139,0.14094,0.1384,0.14018,109370,15280.6745
1787329200000,0.14018,0.14047,0.13733,0.13897,457280,63240.2769
1787329500000,0.13897,0.13903,0.13749,0.13758,91110,12593.1113
1787329800000,0.13758,0.13806,0.13658,0.13803,72270,9929.4572
1787330100000,0.13803,0.1383,0.13764,0.13806,187770,25919.6347
1787330400000,0.13806,0.13855,0.13782,0.13793,101510,14038.4683
1787330700000,0.13793,0.1396,0.13786,0.13877,287930,39981.6861
1787331000000,0.13877,0.13877,0.13642,0.13737,268330,36741.5072
1787331300000,0.13737,0.13737,0.1356,0.13575,252560,34474.4433
1787331600000,0.13575,0.13584,0.13422,0.13546,731340,98755.5011
1787331900000,0.13546,0.13599,0.13458,0.13536,96160,13027.2241
1787332200000,0.13536,0.13594,0.13154,0.13553,858070,114556.2813
1787332500000,0.13553,0.13706,0.13553,0.1363,229030,31196.107
1787332800000,0.1363,0.13653,0.13554,0.13573,41420,5635.3279
1787333100000,0.13573,0.13745,0.13464,0.13745,325190,44278.7651
1787333400000,0.13745,0.13772,0.13617,0.13646,134950,18477.7303
1787333700000,0.13646,0.13839,0.13643,0.13807,338950,46601.1393
1787334000000,0.13807,0.13836,0.13675,0.13783,302770,41700.8385
1787334300000,0.13783,0.1395,0.13634,0.13763,332500,45784.9181
1787334600000,0.13763,0.13763,0.13708,0.1376,114970,15793.3155
1787334900000,0.1376,0.13769,0.13727,0.13741,52260,7183.6169
1787335200000,0.13741,0.13745,0.13638,0.13653,104030,14233.6498
1787335500000,0.13653,0.13661,0.1359,0.13606,71280,9714.8816
1787335800000,0.13606,0.13611,0.13519,0.13527,81650,11064.5906
1787336100000,0.13527,0.13559,0.13401,0.13495,199710,26916.8505
1787336400000,0.13495,0.13544,0.1328,0.13415,226400,30401.6991
1787336700000,0.13415,0.13415,0.13033,0.13168,1003780,131912.5117
1787337000000,0.13168,0.13501,0.13168,0.13415,287570,38426.6802
1787337300000,0.13415,0.13565,0.13336,0.13484,143650,19355.4635
1787337600000,0.13484,0.13484,0.13335,0.1339,111950,14994.4453
1787337900000,0.1339,0.13419,0.13225,0.13225,355940,47387.4812
1787338200000,0.13225,0.13306,0.12737,0.1303,858530,111087.4127
1787338500000,0.1303,0.13086,0.12643,0.12705,623780,80080.0113
1787338800000,0.12705,0.13103,0.12682,0.1296,957420,123184.8707
1787339100000,0.1296,0.12964,0.12549,0.12654,634810,80442.9368
1787339400000,0.12654,0.12853,0.12619,0.12811,1005670,127701.1873
1787339700000,0.12811,0.12835,0.12575,0.12599,838710,107018.2381
1787340000000,0.12599,0.1286,0.12565,0.12731,228890,29050.4723
1787340300000,0.12731,0.12916,0.12671,0.1275,262770,33647.8944
1787340600000,0.1275,0.12815,0.12732,0.12764,79020,10096.7023
1787340900000,0.12764,0.12899,0.12759,0.12866,312340,40106.1194
1787341200000,0.12866,0.12875,0.1279,0.12821,176700,22656.3901
1787341500000,0.12821,0.12837,0.12726,0.1277,59430,7592.9641
1787341800000,0.1277,0.12845,0.12593,0.12751,624490,79214.9031
1787342100000,0.12751,0.12867,0.12737,0.12807,123040,15744.9327
1787342400000,0.12807,0.12926,0.1276,0.12776,257360,33071.2148
1787342700000,0.12776,0.12827,0.1267,0.1279,105070,13393.3379
1787343000000,0.1279,0.1289,0.12785,0.1282,162640,20867.46
1787343300000,0.1282,0.12957,0.12819,0.12942,151610,19544.5291
1787343600000,0.12942,0.1317,0.12942,0.13068,854910,111704.0875
1787343900000,0.13068,0.1344,0.13035,0.1332,452310,59667.9717
1787344200000,0.1332,0.13382,0.13172,0.13265,472770,62705.6252
1787344500000,0.13265,0.13265,0.13142,0.13155,237720,31402.44
1787344800000,0.13155,0.13189,0.13069,0.13155,206070,27045.4297
1787345100000,0.13155,0.13163,0.13033,0.1308,103460,13537.2726
1787345400000,0.1308,0.1317,0.13063,0.13119,195170,25635.3248
1787345700000,0.13119,0.13199,0.13058,0.1318,430240,56425.9619
1787346000000,0.1318,0.13187,0.13133,0.1316,111690,14704.834
1787346300000,0.1316,0.13163,0.13123,0.13132,58430,7678.7448
1787346600000,0.13132,0.13165,0.13105,0.13133,170160,22349.3779
1787346900000,0.13133,0.13179,0.13089,0.13176,105960,13919.4658
1787347200000,0.13176,0.13179,0.13134,0.13166,340850,44857.0524
1787347500000,0.13166,0.13212,0.13049,0.13143,577630,75948.8339
1787347800000,0.13143,0.13375,0.13105,0.1337,84110,11114.8392
1787348100000,0.1337,0.1348,0.13264,0.13294,172990,23147.706
1787348400000,0.13294,0.13297,0.13125,0.13168,235520,31112.5483
1787348700000,0.13168,0.1324,0.13163,0.13218,304090,40215.4259
1787349000000,0.13218,0.13388,0.13218,0.13368,427800,56739.4753
1787349300000,0.13368,0.13549,0.13268,0.13434,665950,89352.7516
1787349600000,0.13434,0.1347,0.13297,0.1347,460740,61688.6733
1787349900000,0.1347,0.13619,0.1347,0.13523,124820,16903.9469
1787350200000,0.13523,0.13665,0.1337,0.13597,531380,71988.6882
1787350500000,0.13597,0.13597,0.13232,0.13318,829640,111244.3892
1787350800000,0.13318,0.13355,0.13245,0.133,230940,30668.9823
1787351100000,0.133,0.13469,0.13257,0.13436,291280,38945.9527
1787351400000,0.13436,0.13443,0.13269,0.13348,128680,17176.264
1787351700000,0.13348,0.13409,0.1333,0.1333,36960,4939.321
1787352000000,0.1333,0.1333,0.1312,0.13143,174550,23093.1029
1787352300000,0.13143,0.13147,0.1268,0.12685,577480,74477.5528
1787352600000,0.12685,0.12745,0.12437,0.12582,1173540,147682.7032
1787352900000,0.12582,0.1305,0.12582,0.12886,588240,75952.1418
1787353200000,0.12886,0.13044,0.12851,0.12945,131920,17125.302
1787353500000,0.12945,0.13116,0.12915,0.13113,79170,10312.2912
1787353800000,0.13113,0.1312,0.12994,0.13089,242280,31714.6593
1787354100000,0.13089,0.13274,0.13069,0.13158,236270,31107.1734
1787354400000,0.13158,0.13176,0.13031,0.13134,154710,20283.3573
1787354700000,0.13134,0.13137,0.12877,0.12936,168670,21862.9927
1787355000000,0.12936,0.13,0.12862,0.129,141300,18267.4199
1787355300000,0.129,0.12932,0.12797,0.12904,246200,31693.7776
1787355600000,0.12904,0.12923,0.12867,0.12893,92550,11923.2534
1787355900000,0.12893,0.13108,0.12809,0.12948,600540,77938.2588
1787356200000,0.12948,0.12975,0.129,0.12923,70350,9092.6306
1787356500000,0.12923,0.12948,0.12851,0.12857,171580,22111.5435
1787356800000,0.12857,0.12868,0.12655,0.12719,376650,47880.172
1787357100000,0.12719,0.12741,0.12598,0.1264,106040,13426.3317
1787357400000,0.1264,0.12807,0.1264,0.12775,98320,12528.8931
1787357700000,0.12775,0.1305,0.12774,0.12858,580890,74904.9128
1787358000000,0.12858,0.12948,0.12813,0.12875,184810,23773.873
1787358300000,0.12875,0.12965,0.12865,0.1287,91300,11773.7623
1787358600000,0.1287,0.12895,0.12785,0.1279,107230,13772.1415
1787358900000,0.1279,0.12971,0.1273,0.12785,137610,17683.5057
1787359200000,0.12785,0.12785,0.12687,0.12707,129150,16435.086
1787359500000,0.12707,0.12803,0.12707,0.12781,52720,6735.9423
1787359800000,0.12781,0.12888,0.12781,0.12867,47340,6078.5615
1787360100000,0.12867,0.12982,0.12825,0.12945,155010,20004.17
1787360400000,0.12945,0.1303,0.12945,0.1303,52500,6818.5659
1787360700000,0.1303,0.13126,0.12959,0.12991,256140,33401.1739
1787361000000,0.12991,0.13208,0.12975,0.1316,571870,74959.6324
1787361300000,0.1316,0.13248,0.1306,0.13078,200190,26368.1926
1787361600000,0.13078,0.13255,0.13047,0.13245,145910,19166.499
1787361900000,0.13245,0.13336,0.13035,0.13063,201700,26559.6554
1787362200000,0.13063,0.1319,0.13063,0.1312,28420,3732.5264
1787362500000,0.1312,0.13189,0.13105,0.1314,47360,6229.7541
1787362800000,0.1314,0.1315,0.13035,0.13075,92860,12179.7705
1787363100000,0.13075,0.13147,0.13045,0.13072,208860,27360.5505
1787363400000,0.13072,0.13078,0.12726,0.12739,648420,83292.284
1787363700000,0.12739,0.12866,0.12664,0.1276,541990,69123.8702
1787364000000,0.1276,0.12872,0.1274,0.12795,562410,71971.7061
1787364300000,0.12795,0.12858,0.12569,0.12592,560110,71113.3925
1787364600000,0.12592,0.12671,0.12569,0.12613,452590,56978.0304
1787364900000,0.12613,0.12781,0.12569,0.12578,119480,15096.675
1787365200000,0.12578,0.12598,0.12448,0.12509,1418050,178073.2955
1787365500000,0.12509,0.12606,0.12383,0.12528,440250,54978.0904
1787365800000,0.12528,0.12558,0.12481,0.1253,85570,10714.2227
1787366100000,0.1253,0.12542,0.1239,0.12412,98340,12228.7965
1787366400000,0.12412,0.1246,0.12384,0.12436,225530,27992.3639
1787366700000,0.12436,0.12443,0.12263,0.12328,324340,39961.6165
1787367000000,0.12328,0.12328,0.12222,0.12283,164420,20180.1557
1787367300000,0.12283,0.1229,0.12236,0.12272,60720,7447.8424
1787367600000,0.12272,0.12309,0.12248,0.12288,94340,11575.5321
1787367900000,0.12288,0.1247,0.12222,0.12265,279270,34541.1464
1787368200000,0.12265,0.1246,0.1226,0.12436,139430,17191.4919
1787368500000,0.12436,0.12598,0.12359,0.12566,233430,29165.2578
1787368800000,0.12566,0.1283,0.12537,0.1269,271750,34496.4544
1787369100000,0.1269,0.13068,0.1263,0.13058,245570,31612.8024
1787369400000,0.13058,0.13105,0.12892,0.13086,255630,33238.5908
1787369700000,0.13086,0.1325,0.13007,0.13238,309960,40564.36
1787370000000,0.13238,0.13387,0.13092,0.13206,379730,50335.8078
1787370300000,0.13206,0.13356,0.13188,0.13324,384860,51184.2074
1787370600000,0.13324,0.13497,0.1329,0.1348,345120,46199.6173
1787370900000,0.1348,0.13606,0.1344,0.13531,366500,49574.7419
1787371200000,0.13531,0.1372,0.13454,0.13711,338990,46184.356
1787371500000,0.13711,0.1374,0.13647,0.13723,178620,24448.3942
1787371800000,0.13723,0.13966,0.13687,0.13845,450340,62349.6707
1787372100000,0.13845,0.13907,0.1367,0.13742,335380,46297.4
1787372400000,0.13742,0.13893,0.13696,0.13712,442040,61007.8496
1787372700000,0.13712,0.13713,0.13294,0.13542,1060050,142959.8997
1787373000000,0.13542,0.1369,0.13467,0.13667,322250,43746.4605
1787373300000,0.13667,0.13669,0.13376,0.13388,366580,49524.0244
1787373600000,0.13388,0.13505,0.13312,0.13497,216200,28962.7576
1787373900000,0.13497,0.1353,0.13461,0.13466,120160,16221.2502
1787374200000,0.13466,0.1347,0.1333,0.1336,250370,33538.7666
1787374500000,0.1336,0.13486,0.13126,0.13172,463340,61800.5878
1787374800000,0.13172,0.13331,0.13147,0.1325,251240,33228.8882
1787375100000,0.1325,0.133,0.12899,0.12899,1137520,149795.2977
1787375400000,0.12899,0.12911,0.05121,0.10347,18813510,1799874.5691
1787375700000,0.10347,0.12608,0.0918,0.10412,8086320,858918.8086
1787376000000,0.10412,0.11303,0.09863,0.10918,6081160,634760.6559
1787376300000,0.10918,0.1165,0.10815,0.1143,2327320,264661.003
1787376600000,0.1143,0.11441,0.11054,0.11136,579670,64663.6549
1787376900000,0.11136,0.11237,0.10603,0.10626,916240,100272.551
1787377200000,0.10626,0.10973,0.10593,0.10696,965430,103853.7795
1787377500000,0.10696,0.1117,0.10696,0.1117,608110,66833.5785
1787377800000,0.1117,0.11311,0.11051,0.11188,1738510,194659.6097
1787378100000,0.11188,0.1122,0.11038,0.11045,301520,33667.0135
1787378400000,0.11045,0.11654,0.11033,0.11385,2080960,236032.4682
1787378700000,0.11385,0.11385,0.11037,0.11074,535050,59882.9229
1787379000000,0.11074,0.11074,0.10496,0.1066,2281920,245698.1237
1787379300000,0.1066,0.1101,0.1065,0.1101,1705470,184022.1755
1787379600000,0.1101,0.1101,0.10847,0.10954,733830,80133.0258
1787379900000,0.10954,0.11062,0.10901,0.10955,490610,53832.4216
1787380200000,0.10955,0.10955,0.10829,0.10873,455860,49656.6401
1787380500000,0.10873,0.11225,0.1079,0.11225,413870,45745.6859
1787380800000,0.11225,0.11678,0.11129,0.11546,1438350,164616.0645
1787381100000,0.11546,0.116,0.11473,0.11499,395470,45566.4499
1787381400000,0.11499,0.11536,0.11437,0.11474,208160,23925.2402
1787381700000,0.11474,0.11476,0.11127,0.11175,373780,41989.6333
1787382000000,0.11175,0.11291,0.10825,0.1128,1203100,133516.3127
1787382300000,0.1128,0.11351,0.11172,0.11243,229920,25889.893
1787382600000,0.11243,0.1137,0.11233,0.1135,499450,56337.476
1787382900000,0.1135,0.11372,0.11294,0.11327,143190,16225.375
1787383200000,0.11327,0.11473,0.11267,0.11467,174370,19892.6831
1787383500000,0.11467,0.1161,0.1133,0.11572,389290,44670.1827
1787383800000,0.11572,0.11715,0.11443,0.11656,261810,30312.5735
1787384100000,0.11656,0.11735,0.1146,0.1155,185110,21478.545
1787384400000,0.1155,0.11574,0.11465,0.11489,101930,11756.7357
1787384700000,0.11489,0.11492,0.11298,0.11459,389840,44304.8445
1787385000000,0.11459,0.1149,0.11409,0.1146,366720,42007.8379
1787385300000,0.1146,0.11655,0.1146,0.11655,180940,20930.1344
1787385600000,0.11655,0.11655,0.11111,0.11525,713550,81754.4789
1787385900000,0.11525,0.11541,0.1144,0.11516,117550,13511.8761
1787386200000,0.11516,0.11525,0.11363,0.11488,272380,31166.9404
1787386500000,0.11488,0.11515,0.11359,0.11407,82130,9416.3053
1787386800000,0.11407,0.11418,0.1122,0.1123,194270,21994.9232
1787387100000,0.1123,0.11254,0.10995,0.111,495660,54982.3565
1787387400000,0.111,0.1113,0.1094,0.10959,284730,31362.0262
1787387700000,0.10959,0.111,0.109,0.11089,353110,38816.1701
1787388000000,0.11089,0.11216,0.11089,0.11209,133700,14917.597
1787388300000,0.11209,0.11245,0.1118,0.11241,76290,8553.1592
1787388600000,0.11241,0.11293,0.11225,0.1128,180530,20313.6732
1787388900000,0.1128,0.11333,0.11242,0.11321,114460,12903.3846
1787389200000,0.11321,0.11341,0.1124,0.11275,73480,8292.8138
1787389500000,0.11275,0.11411,0.11218,0.11394,176030,19930.6326
1787389800000,0.11394,0.11477,0.11368,0.11444,237730,27157.6034
1787390100000,0.11444,0.11495,0.1143,0.11455,112000,12835.8462
1787390400000,0.11455,0.11488,0.11425,0.11455,103010,11809.2367
1787390700000,0.11455,0.11483,0.11385,0.1142,68170,7798.0548
1787391000000,0.1142,0.1146,0.11365,0.11365,62860,7179.8782
1787391300000,0.11365,0.11365,0.11216,0.11222,72320,8136.6335
1787391600000,0.11222,0.11365,0.11222,0.11342,119310,13491.2703
1787391900000,0.11342,0.11342,0.11244,0.11251,91750,10353.08
1787392200000,0.11251,0.11368,0.11251,0.11362,45190,5122.347
1787392500000,0.11362,0.11415,0.1136,0.11408,200790,22872.4862
1787392800000,0.11408,0.11415,0.11237,0.11315,322160,36477.9226
1787393100000,0.11315,0.11341,0.11162,0.1119,243840,27394.0329
1787393400000,0.1119,0.11267,0.11155,0.11174,200710,22545.6992
1787393700000,0.11174,0.11193,0.11126,0.11161,107100,11961.8768
1787394000000,0.11161,0.11175,0.1108,0.11163,58870,6558.1754
1787394300000,0.11163,0.11199,0.1114,0.11196,32030,3577.1601
1787394600000,0.11196,0.1143,0.11171,0.11345,235310,26606.0988
1787394900000,0.11345,0.1138,0.11195,0.1125,224350,25274.9151
1787395200000,0.1125,0.11389,0.1122,0.11389,169360,19144.0799
1787395500000,0.11389,0.11422,0.11353,0.11385,108220,12326.4324
1787395800000,0.11385,0.11472,0.11385,0.11426,92070,10536.8735
1787396100000,0.11426,0.11449,0.11385,0.11438,105310,12033.4962
1787396400000,0.11438,0.11473,0.11401,0.1144,94260,10793.2984
1787396700000,0.1144,0.11612,0.1144,0.11588,209880,24224.3786
1787397000000,0.11588,0.11734,0.11581,0.11688,315770,36789.6709
1787397300000,0.11688,0.117,0.11591,0.11598,101410,11826.8351
1787397600000,0.11598,0.1179,0.11587,0.117,221590,25958.7876
1787397900000,0.117,0.11788,0.1163,0.11701,193390,22674.8873
1787398200000,0.11701,0.11882,0.11701,0.11828,246160,29042.4612
1787398500000,0.11828,0.1186,0.11741,0.11742,243250,28675.2432
1787398800000,0.11742,0.11773,0.11702,0.11726,166220,19512.1526
1787399100000,0.11726,0.11962,0.11556,0.11775,602790,70887.6849
1787399400000,0.11775,0.11775,0.11672,0.11685,69470,8133.9703
1787399700000,0.11685,0.11732,0.1166,0.11711,61610,7210.9133
1787400000000,0.11711,0.1179,0.1169,0.11764,169200,19862.0766
1787400300000,0.11764,0.11971,0.11764,0.11921,106650,12690.3416
1787400600000,0.11921,0.1208,0.11921,0.12024,329750,39678.6248
1787400900000,0.12024,0.12084,0.1171,0.11738,274650,32488.3916
1787401200000,0.11738,0.12231,0.11659,0.12002,762970,91457.9734
1787401500000,0.12002,0.12043,0.11985,0.12035,161820,19435.44
1787401800000,0.12035,0.122,0.11996,0.12118,484330,58626.5709
1787402100000,0.12118,0.12139,0.11902,0.12109,380240,45836.623
1787402400000,0.12109,0.12273,0.12109,0.122,511820,62258.8586
1787402700000,0.122,0.12234,0.1203,0.12192,278120,33809.2255
1787403000000,0.12192,0.12217,0.12081,0.12128,180800,21938.8929
1787403300000,0.12128,0.12128,0.11851,0.11875,253790,30288.4722
1787403600000,0.11875,0.11899,0.11795,0.11836,110340,13063.0638
1787403900000,0.11836,0.11865,0.11787,0.11796,178920,21143.2413
1787404200000,0.11796,0.11878,0.11782,0.11878,175150,20686.4197
1787404500000,0.11878,0.12369,0.11846,0.12189,824730,100384.9934
1787404800000,0.12189,0.12222,0.1213,0.12208,90520,11012.4423
1787405100000,0.12208,0.12245,0.12193,0.12208,31430,3836.6689
1787405400000,0.12208,0.12208,0.12002,0.1203,196750,23710.1294
1787405700000,0.1203,0.12123,0.11942,0.12092,81970,9841.4618
1787406000000,0.12092,0.12127,0.12076,0.12106,26770,3240.3885
1787406300000,0.12106,0.12107,0.11915,0.11937,147170,17717.1851
1787406600000,0.11937,0.11957,0.11828,0.11857,126730,15056.9392
1787406900000,0.11857,0.11955,0.11797,0.11945,42940,5093.6225
1787407200000,0.11945,0.11977,0.11925,0.11925,21520,2574.8915
1787407500000,0.11925,0.1195,0.11555,0.11556,281820,32957.3876
1787407800000,0.11556,0.11666,0.11529,0.1166,186530,21646.7349
1787408100000,0.1166,0.1176,0.11504,0.11516,179110,20797.2916
1787408400000,0.11516,0.11556,0.11368,0.11402,342120,39158.9069
1787408700000,0.11402,0.11448,0.11358,0.11397,221170,25203.0212
1787409000000,0.11397,0.11548,0.11367,0.11535,195060,22335.972
1787409300000,0.11535,0.11651,0.11525,0.11611,162620,18868.6209
1787409600000,0.11611,0.11705,0.11597,0.11623,153190,17826.2016
1787409900000,0.11623,0.11623,0.11395,0.11537,337150,38774.5709
1787410200000,0.11537,0.11627,0.1151,0.11587,54990,6367.1046
1787410500000,0.11587,0.11735,0.11494,0.116,435960,50684.8682
1787410800000,0.116,0.1179,0.11598,0.11672,360520,42189.1459
1787411100000,0.11672,0.11764,0.11615,0.1171,96380,11283.8144
1787411400000,0.1171,0.11742,0.11696,0.117,74330,8703.1063
1787411700000,0.117,0.11745,0.11692,0.11734,32510,3811.6436
1787412000000,0.11734,0.11768,0.116,0.11675,110470,12907.9518
1787412300000,0.11675,0.11678,0.11435,0.11495,301360,34698.2916
1787412600000,0.11495,0.11649,0.11484,0.11568,96260,11128.5403
1787412900000,0.11568,0.11621,0.1148,0.11493,75200,8693.9008
1787413200000,0.11493,0.12085,0.11493,0.11925,482610,57456.0706
1787413500000,0.11925,0.12051,0.11795,0.11928,187220,22303.2035
1787413800000,0.11928,0.12057,0.11915,0.1204,128790,15387.4941
1787414100000,0.1204,0.12189,0.11945,0.11977,351160,42403.9331
1787414400000,0.11977,0.12086,0.11977,0.12035,129990,15646.6239
1787414700000,0.12035,0.12238,0.1203,0.1213,254220,30836.6852
1787415000000,0.1213,0.12335,0.12091,0.123,156620,19105.1526
1787415300000,0.123,0.1248,0.12272,0.12474,358690,44468.1158
1787415600000,0.12474,0.12552,0.12374,0.12438,327470,40871.0594
1787415900000,0.12438,0.1244,0.12061,0.12098,317130,38705.8187
1787416200000,0.12098,0.1219,0.12098,0.12177,127290,15463.8048
1787416500000,0.12177,0.12224,0.12058,0.12221,129980,15797.7694
1787416800000,0.12221,0.1227,0.122,0.12241,149620,18297.4023
1787417100000,0.12241,0.12298,0.1224,0.12287,85050,10439.1855
1787417400000,0.12287,0.1231,0.12123,0.12175,171430,20944.9372
1787417700000,0.12175,0.122,0.12057,0.1208,181450,21990.4091
1787418000000,0.1208,0.1208,0.11696,0.11743,740030,87548.1602
1787418300000,0.11743,0.11845,0.11727,0.1178,94720,11150.6322
1787418600000,0.1178,0.11911,0.11772,0.11907,172210,20423.9804
1787418900000,0.11907,0.1192,0.1176,0.11783,473030,56117.0625
1787419200000,0.11783,0.11821,0.11735,0.1174,121300,14285.6126
1787419500000,0.1174,0.11852,0.11586,0.11619,545590,63889.8999
1787419800000,0.11619,0.11749,0.11619,0.11717,34430,4027.1182
1787420100000,0.11717,0.11965,0.1171,0.11785,496060,58811.8435
1787420400000,0.11785,0.11915,0.1178,0.11915,29310,3464.46
1787420700000,0.11915,0.1203,0.11846,0.12023,65420,7808.6638
1787421000000,0.12023,0.12023,0.11605,0.11749,251380,29730.0377
1787421300000,0.11749,0.11773,0.11543,0.11631,163480,19029.5003
1787421600000,0.11631,0.11691,0.11631,0.11687,33540,3907.1613
1787421900000,0.11687,0.1169,0.11551,0.11565,81890,9506.5827
1787422200000,0.11565,0.1158,0.11436,0.11545,365430,42042.0382
1787422500000,0.11545,0.1158,0.11406,0.11455,407650,46867.8338
1787422800000,0.11455,0.11593,0.11455,0.11578,137940,15950.4253
1787423100000,0.11578,0.11586,0.11247,0.11288,447970,50971.231
1787423400000,0.11288,0.11605,0.11282,0.11555,271580,31097.385
1787423700000,0.11555,0.11635,0.1149,0.115,329420,38047.658
1787424000000,0.115,0.11515,0.11301,0.11396,175460,20051.5583
1787424300000,0.11396,0.11417,0.11116,0.11185,350630,39314.0735
1787424600000,0.11185,0.11233,0.10865,0.11084,700930,76961.0789
1787424900000,0.11084,0.11238,0.11084,0.1122,84420,9418.5685
1787425200000,0.1122,0.11466,0.11219,0.11453,294250,33320.3371
1787425500000,0.11453,0.11487,0.11435,0.11467,136530,15659.3576
1787425800000,0.11467,0.11467,0.11357,0.11405,113150,12902.9429
1787426100000,0.11405,0.11627,0.11371,0.1159,211080,24306.938
1787426400000,0.1159,0.11994,0.11562,0.11912,770040,90863.6628
1787426700000,0.11912,0.11934,0.11761,0.11902,208540,24715.1398
1787427000000,0.11902,0.1194,0.11725,0.11915,322970,38148.0186
1787427300000,0.11915,0.1202,0.11735,0.11748,130820,15547.2682
1787427600000,0.11748,0.11803,0.1172,0.11755,107060,12589.3221
1787427900000,0.11755,0.12011,0.11737,0.1195,94460,11227.3553
1787428200000,0.1195,0.12185,0.11871,0.12065,319180,38439.347
1787428500000,0.12065,0.12159,0.11963,0.12147,78370,9460.8713
1787428800000,0.12147,0.1218,0.12001,0.12059,101790,12310.6769
1787429100000,0.12059,0.1225,0.12038,0.12217,134560,16392.9094
1787429400000,0.12217,0.12295,0.12194,0.12285,623780,76406.5827
1787429700000,0.12285,0.12299,0.12193,0.1222,118690,14551.007
1787430000000,0.1222,0.1223,0.11998,0.12024,219000,26488.653
1787430300000,0.12024,0.12282,0.1175,0.12255,825190,98494.9121
1787430600000,0.12255,0.12465,0.12042,0.1243,664860,81747.2902
1787430900000,0.1243,0.12665,0.1237,0.12624,472940,59063.6323
1787431200000,0.12624,0.12841,0.1239,0.12793,1572460,198537.3128
1787431500000,0.12793,0.12881,0.1254,0.1254,557410,71025.3835
1787431800000,0.1254,0.12742,0.12536,0.12691,257440,32516.2957
1787432100000,0.12691,0.12691,0.12562,0.1259,180700,22818.6633
1787432400000,0.1259,0.12595,0.12029,0.12029,752130,92105.6784
1787432700000,0.12029,0.12375,0.12029,0.12283,271690,33351.8899
1787433000000,0.12283,0.1233,0.12139,0.12156,218460,26751.7986
1787433300000,0.12156,0.12171,0.1199,0.12011,263070,31737.0697
1787433600000,0.12011,0.1226,0.12011,0.12217,115020,13975.4729
1787433900000,0.12217,0.12225,0.12162,0.1221,213670,26078.0848
1787434200000,0.1221,0.12222,0.12076,0.12081,91480,11118.0285
1787434500000,0.12081,0.12099,0.1199,0.12001,163520,19688.4127
1787434800000,0.12001,0.12026,0.11765,0.11994,409900,48828.5105
1787435100000,0.11994,0.12024,0.1182,0.119,87410,10423.7012
1787435400000,0.119,0.119,0.11743,0.11807,513970,60720.2487
1787435700000,0.11807,0.11988,0.11666,0.11962,593680,70267.6876
1787436000000,0.11962,0.12025,0.1188,0.11957,228820,27361.2907
1787436300000,0.11957,0.12088,0.11931,0.12035,356750,42919.8271
1787436600000,0.12035,0.12139,0.1202,0.12136,110920,13396.5473
1787436900000,0.12136,0.12472,0.1213,0.12271,476790,58921.4781
1787437200000,0.12271,0.1232,0.12033,0.12095,241080,29250.2352
1787437500000,0.12095,0.12281,0.12042,0.12274,231330,28152.8418
1787437800000,0.12274,0.12303,0.12187,0.12189,96620,11862.6559
1787438100000,0.12189,0.12296,0.12187,0.12265,89270,10948.2672
1787438400000,0.12265,0.12377,0.12238,0.12284,137020,16842.995
1787438700000,0.12284,0.12423,0.12259,0.12419,133550,16457.8547
1787439000000,0.12419,0.12511,0.12399,0.12478,287020,35782.8629
1787439300000,0.12478,0.12526,0.12349,0.12388,167720,20911.7325
1787439600000,0.12388,0.12411,0.1238,0.12395,23060,2858.9346
1787439900000,0.12395,0.12404,0.1221,0.12237,89670,11016.5159
1787440200000,0.12237,0.12357,0.12228,0.12357,91260,11185.2066
1787440500000,0.12357,0.12395,0.1235,0.1238,70360,8708.1951
1787440800000,0.1238,0.1238,0.12263,0.1236,96400,11878.8064
1787441100000,0.1236,0.12368,0.12225,0.12252,101580,12473.9008
1787441400000,0.12252,0.12285,0.12167,0.12168,101380,12397.6353
1787441700000,0.12168,0.12183,0.12131,0.12171,57220,6955.6678
1787442000000,0.12171,0.1224,0.12152,0.12218,78070,9522.57
1787442300000,0.12218,0.12266,0.12187,0.12216,63810,7806.649
1787442600000,0.12216,0.12347,0.12216,0.123,344030,42343.9915
1787442900000,0.123,0.12304,0.12265,0.12282,20280,2492.2115
1787443200000,0.12282,0.12339,0.12275,0.12308,40310,4960.9398
1787443500000,0.12308,0.12313,0.12235,0.12248,22150,2724.0375
1787443800000,0.12248,0.12248,0.122,0.12203,34450,4209.0511
1787444100000,0.12203,0.12206,0.12066,0.1208,100240,12164.6012
1787444400000,0.1208,0.12123,0.12048,0.12093,128780,15562.1513
1787444700000,0.12093,0.12142,0.12093,0.12136,16440,1992.191
1787445000000,0.12136,0.12159,0.12104,0.12127,28590,3467.6237
1787445300000,0.12127,0.12217,0.12127,0.12217,72740,8859.7874
1787445600000,0.12217,0.12265,0.12154,0.12198,20520,2504.1442
1787445900000,0.12198,0.12269,0.12144,0.12178,45690,5578.6986
1787446200000,0.12178,0.1242,0.12153,0.12398,153070,18898.17
1787446500000,0.12398,0.12541,0.12398,0.12417,89890,11218.5049
1787446800000,0.12417,0.12469,0.12345,0.12399,99280,12312.2662
1787447100000,0.12399,0.1241,0.1235,0.12407,33600,4163.051
1787447400000,0.12407,0.1248,0.12403,0.12458,18060,2247.2188
1787447700000,0.12458,0.12461,0.12369,0.1241,94970,11797.0626
1787448000000,0.1241,0.1241,0.12201,0.12248,534190,65629.3774
1787448300000,0.12248,0.1227,0.12097,0.12195,165360,20097.8015
1787448600000,0.12195,0.12266,0.12129,0.12164,72140,8799.0269
1787448900000,0.12164,0.12187,0.1215,0.1217,33630,4093.2605
1787449200000,0.1217,0.12187,0.12087,0.1218,201890,24513.2999
1787449500000,0.1218,0.12249,0.12131,0.12151,24880,3031.8487
1787449800000,0.12151,0.1216,0.12132,0.12134,13690,1663.3949
1787450100000,0.12134,0.1214,0.12088,0.12091,73850,8952.1353
1787450400000,0.12091,0.12098,0.12055,0.12055,32920,3976.9415
1787450700000,0.12055,0.12075,0.12015,0.12045,65810,7925.0423
1787451000000,0.12045,0.1205,0.12003,0.12003,140140,16869.2169
1787451300000,0.12003,0.12035,0.11999,0.12034,15960,1918.478
1787451600000,0.12034,0.12034,0.1199,0.11998,40530,4865.8894
1787451900000,0.11998,0.12083,0.11998,0.1207,10720,1291.9554
1787452200000,0.1207,0.12107,0.11993,0.12082,68640,8271.968
1787452500000,0.12082,0.12105,0.12051,0.12096,77240,9335.2897
1787452800000,0.12096,0.12121,0.1201,0.1201,27800,3357.6088
1787453100000,0.1201,0.1206,0.1201,0.12057,14340,1725.8406
1787453400000,0.12057,0.12057,0.11897,0.11902,172950,20669.8937
1787453700000,0.11902,0.1192,0.11787,0.1189,427260,50635.8405
1787454000000,0.1189,0.11909,0.11761,0.1181,53460,6335.0893
1787454300000,0.1181,0.11909,0.11799,0.11891,54610,6467.6052
1787454600000,0.11891,0.11914,0.11845,0.1189,115430,13715.7316
1787454900000,0.1189,0.1193,0.11882,0.1192,36650,4361.1422
1787455200000,0.1192,0.12027,0.11916,0.12018,174320,20879.1199
1787455500000,0.12018,0.12048,0.1197,0.1197,25610,3075.9311
1787455800000,0.1197,0.12061,0.11858,0.1192,322680,38521.2819
1787456100000,0.1192,0.11954,0.11857,0.1193,95780,11412.4524
1787456400000,0.1193,0.1194,0.11656,0.11723,380720,44792.9819
1787456700000,0.11723,0.11775,0.1163,0.11658,85350,9993.8778
1787457000000,0.11658,0.1166,0.11582,0.11601,138060,16036.4812
1787457300000,0.11601,0.11635,0.11525,0.11628,51670,5988.6516
1787457600000,0.11628,0.11695,0.11474,0.11525,147120,17025.2011
1787457900000,0.11525,0.11546,0.11378,0.11415,633960,72483.1952
1787458200000,0.11415,0.1154,0.11405,0.11463,152800,17530.6082
1787458500000,0.11463,0.11494,0.11357,0.11373,60420,6912.895
1787458800000,0.11373,0.11408,0.11272,0.11359,158770,18002.1075
1787459100000,0.11359,0.11378,0.11293,0.11314,168930,19160.3562
1787459400000,0.11314,0.11434,0.113,0.11424,119110,13556.9926
1787459700000,0.11424,0.11445,0.114,0.11445,17730,2024.2213
1787460000000,0.11445,0.11472,0.1143,0.11442,40830,4673.0995
1787460300000,0.11442,0.11442,0.11217,0.11342,241270,27260.02
1787460600000,0.11342,0.1135,0.11245,0.11265,309890,34961.142
1787460900000,0.11265,0.11297,0.11218,0.11265,84290,9483.3298
1787461200000,0.11265,0.11282,0.1123,0.11243,85600,9627.2026
1787461500000,0.11243,0.11274,0.11206,0.1124,61610,6925.9989
1787461800000,0.1124,0.11462,0.11229,0.11336,510950,57859.258
1787462100000,0.11336,0.11476,0.11295,0.11449,308110,35021.2899
1787462400000,0.11449,0.11575,0.11444,0.11571,157100,18082.3109
1787462700000,0.11571,0.1161,0.11565,0.11596,50690,5871.325
1787463000000,0.11596,0.11649,0.1153,0.11587,60130,6971.8055
1787463300000,0.11587,0.1167,0.1157,0.11625,49710,5775.6438
1787463600000,0.11625,0.1165,0.11545,0.11595,149090,17320.8591
1787463900000,0.11595,0.11604,0.1156,0.11604,45980,5329.6736
1787464200000,0.11604,0.11614,0.11554,0.11601,49000,5674.9883
1787464500000,0.11601,0.11603,0.11353,0.1138,246620,28344.197
1787464800000,0.1138,0.11436,0.11369,0.1141,34040,3875.8908
1787465100000,0.1141,0.11498,0.11368,0.1141,121020,13849.5605
1787465400000,0.1141,0.1144,0.11395,0.1144,55000,6282.0678
1787465700000,0.1144,0.11474,0.11305,0.11336,255320,29016.0788
1787466000000,0.11336,0.11533,0.11336,0.11474,199810,22864.0458
1787466300000,0.11474,0.11584,0.11474,0.11548,53610,6180.3423
1787466600000,0.11548,0.1167,0.11548,0.1165,64750,7514.7988
1787466900000,0.1165,0.11761,0.1165,0.11688,148410,17357.9608
1787467200000,0.11688,0.11712,0.11655,0.11709,48090,5617.7513
1787467500000,0.11709,0.11797,0.11682,0.11736,51100,5997.4178
1787467800000,0.11736,0.11818,0.11722,0.11774,54190,6374.0266
1787468100000,0.11774,0.11895,0.11761,0.11877,43000,5088.4388
1787468400000,0.11877,0.12012,0.11855,0.11992,117420,14020.3511
1787468700000,0.11992,0.12046,0.1193,0.11946,174120,20820.5733
1787469000000,0.11946,0.12055,0.11946,0.12012,77370,9281.5637
1787469300000,0.12012,0.12071,0.11975,0.1199,252660,30393.3092
1787469600000,0.1199,0.12035,0.11924,0.1203,75620,9052.7862
1787469900000,0.1203,0.12034,0.11912,0.11912,63630,7607.884
1787470200000,0.11912,0.11924,0.11888,0.11888,9840,1171.7023
1787470500000,0.11888,0.11905,0.11809,0.11866,28120,3335.3447
1787470800000,0.11866,0.12032,0.11866,0.11942,58600,7009.9553
1787471100000,0.11942,0.11977,0.1192,0.11947,17210,2057.7104
1787471400000,0.11947,0.11982,0.11924,0.11924,13570,1621.2111
1787471700000,0.11924,0.11924,0.1186,0.11873,25850,3074.017
1787472000000,0.11873,0.11873,0.11835,0.11835,24760,2935.2513
1787472300000,0.11835,0.11877,0.11815,0.11869,29450,3487.3057
1787472600000,0.11869,0.11947,0.11826,0.11868,44870,5331.992
1787472900000,0.11868,0.11888,0.11838,0.11838,18970,2250.6051
1787473200000,0.11838,0.11925,0.118,0.11918,73960,8791.0483
1787473500000,0.11918,0.1195,0.11844,0.11844,55100,6572.7052
1787473800000,0.11844,0.11925,0.1183,0.11922,17670,2099.0357
1787474100000,0.11922,0.11924,0.1186,0.11868,58070,6906.3155
1787474400000,0.11868,0.1192,0.11861,0.1188,85250,10133.9206
1787474700000,0.1188,0.11926,0.11865,0.11899,35050,4170.7614
1787475000000,0.11899,0.11932,0.11883,0.11895,18620,2216.2447
1787475300000,0.11895,0.11902,0.1184,0.11879,60850,7218.9598
1787475600000,0.11879,0.11977,0.11849,0.11942,66080,7878.269
1787475900000,0.11942,0.11966,0.11898,0.11926,48870,5826.3641
1787476200000,0.11926,0.11937,0.1182,0.11891,57880,6875.7561
1787476500000,0.11891,0.11894,0.11822,0.11865,70590,8375.082
1787476800000,0.11865,0.11865,0.11815,0.1182,24610,2911.7282
1787477100000,0.1182,0.1184,0.11813,0.11825,20100,2377.7505
1787477400000,0.11825,0.11825,0.11599,0.11606,341780,39956.9292
1787477700000,0.11606,0.11646,0.11591,0.116,148010,17175.5388
1787478000000,0.116,0.11623,0.11569,0.11623,45210,5241.8971
1787478300000,0.11623,0.11645,0.11544,0.11581,65520,7590.9344
1787478600000,0.11581,0.11614,0.11518,0.11534,70660,8162.5192
1787478900000,0.11534,0.11561,0.11492,0.11523,46050,5303.4963
1787479200000,0.11523,0.11565,0.11519,0.11561,54670,6308.1965
1787479500000,0.11561,0.11561,0.11503,0.1151,46940,5412.0359
1787479800000,0.1151,0.11526,0.1148,0.11511,33060,3804.6455
1787480100000,0.11511,0.11567,0.11504,0.11504,89070,10284.2304
1787480400000,0.11504,0.11657,0.11437,0.11475,311050,35959.8368
1787480700000,0.11475,0.11498,0.11377,0.11392,212630,24318.7217
1787481000000,0.11392,0.11426,0.11295,0.11426,249920,28417.0637
1787481300000,0.11426,0.11625,0.11418,0.11516,638090,73549.6012
1787481600000,0.11516,0.11604,0.11494,0.11561,50380,5816.123
1787481900000,0.11561,0.11624,0.1152,0.11558,58460,6756.4541
1787482200000,0.11558,0.11595,0.11557,0.11595,10210,1181.8553
1787482500000,0.11595,0.11596,0.1156,0.1158,15870,1838.212
1787482800000,0.1158,0.1174,0.11577,0.11665,304660,35616.6007
1787483100000,0.11665,0.11736,0.11662,0.11718,45140,5280.9125
1787483400000,0.11718,0.11778,0.11469,0.11525,200390,23251.3892
1787483700000,0.11525,0.11555,0.11394,0.11426,129450,14841.0188
1787484000000,0.11426,0.11444,0.11285,0.11417,161030,18289.1324
1787484300000,0.11417,0.1146,0.1107,0.1117,268090,30046.791
1787484600000,0.1117,0.11278,0.11151,0.11262,88430,9934.1155
1787484900000,0.11262,0.11339,0.1125,0.1131,134390,15156.4761
1787485200000,0.1131,0.1143,0.11298,0.11397,94370,10749.6997
1787485500000,0.11397,0.11427,0.11328,0.11354,23610,2686.004
1787485800000,0.11354,0.11354,0.11249,0.1125,36440,4111.8487
1787486100000,0.1125,0.11375,0.11244,0.11355,50030,5668.2603
1787486400000,0.11355,0.11373,0.11295,0.11295,62100,7039.61
1787486700000,0.11295,0.11348,0.11221,0.11331,143310,16185.3821
1787487000000,0.11331,0.11339,0.11226,0.11251,70220,7925.202
1787487300000,0.11251,0.11295,0.11216,0.11295,84010,9456.9028
1787487600000,0.11295,0.11315,0.1124,0.1131,77200,8703.5774
1787487900000,0.1131,0.11332,0.11235,0.1125,55810,6295.2987
1787488200000,0.1125,0.11354,0.11237,0.11338,73580,8315.2367
1787488500000,0.11338,0.11405,0.11312,0.11379,62640,7116.5149
1787488800000,0.11379,0.11379,0.11253,0.1136,64540,7302.9788
1787489100000,0.1136,0.1136,0.1133,0.11357,28870,3274.3551
1787489400000,0.11357,0.11416,0.11313,0.11402,59850,6804.6501
1787489700000,0.11402,0.11459,0.11335,0.11434,78570,8952.5538
1787490000000,0.11434,0.11441,0.11302,0.11395,84140,9553.9098
1787490300000,0.11395,0.11395,0.1128,0.1133,65640,7457.5717
1787490600000,0.1133,0.11397,0.11322,0.11397,23940,2719.3895
1787490900000,0.11397,0.11562,0.11388,0.1154,50080,5752.294
1787491200000,0.1154,0.11584,0.11472,0.11553,244230,28166.1413
1787491500000,0.11553,0.11679,0.11553,0.11658,84030,9779.314
1787491800000,0.11658,0.11765,0.11611,0.1165,274470,32047.9093
1787492100000,0.1165,0.11797,0.11636,0.11786,81770,9604.2176
1787492400000,0.11786,0.11847,0.11708,0.11788,167870,19795.7495
1787492700000,0.11788,0.11912,0.11785,0.11871,66380,7873.6182
1787493000000,0.11871,0.11958,0.1179,0.11848,251870,29944.2215
1787493300000,0.11848,0.11872,0.1175,0.11857,83040,9807.7033
1787493600000,0.11857,0.1187,0.11798,0.11854,122560,14488.0803
1787493900000,0.11854,0.1186,0.11784,0.11801,166170,19620.6824
1787494200000,0.11801,0.1193,0.11782,0.11839,112370,13339.6796
1787494500000,0.11839,0.11969,0.11829,0.11859,116570,13874.3645
1787494800000,0.11859,0.1206,0.11852,0.11856,240490,28754.4039
1787495100000,0.11856,0.11908,0.1182,0.11827,69390,8233.0137
1787495400000,0.11827,0.12282,0.1178,0.12131,904240,108908.9363
1787495700000,0.12131,0.1215,0.11869,0.11965,260790,31402.5629
1787496000000,0.11965,0.12095,0.1157,0.11765,626880,74141.833
1787496300000,0.11765,0.11989,0.11755,0.11988,51520,6115.9804
1787496600000,0.11988,0.12397,0.1198,0.12397,245160,29980.9831
1787496900000,0.12397,0.12572,0.12321,0.12456,597310,74418.782
1787497200000,0.12456,0.12456,0.12142,0.12168,181980,22296.0502
1787497500000,0.12168,0.12216,0.12164,0.12188,50200,6116.1985
1787497800000,0.12188,0.12238,0.12084,0.12134,101100,12295.3695
1787498100000,0.12134,0.12168,0.12102,0.12138,47860,5802.609
1787498400000,0.12138,0.12182,0.12117,0.12155,64550,7847.2558
1787498700000,0.12155,0.12176,0.12148,0.12166,6910,840.4215
1787499000000,0.12166,0.1217,0.121,0.12145,24530,2977.3516
1787499300000,0.12145,0.12247,0.12144,0.12213,32070,3918.7512
1787499600000,0.12213,0.12246,0.12081,0.12163,22160,2695.3656
1787499900000,0.12163,0.1223,0.12117,0.12212,26550,3233.3404
1787500200000,0.12212,0.12238,0.12165,0.12189,38270,4670.0747
1787500500000,0.12189,0.12198,0.12114,0.12132,13090,1590.0161
1787500800000,0.12132,0.1215,0.12042,0.12139,165400,19989.8218
1787501100000,0.12139,0.12247,0.12109,0.12204,20120,2450.1518
1787501400000,0.12204,0.12304,0.12204,0.12268,50350,6175.1098
1787501700000,0.12268,0.12372,0.12268,0.12364,68520,8445.1248
1787502000000,0.12364,0.12508,0.12353,0.12382,90240,11207.4326
1787502300000,0.12382,0.1248,0.12373,0.1242,111000,13802.2117
1787502600000,0.1242,0.12421,0.12344,0.12367,47550,5891.9603
1787502900000,0.12367,0.12503,0.12342,0.12354,98780,12251.9066
1787503200000,0.12354,0.12384,0.12213,0.12285,190240,23341.2241
1787503500000,0.12285,0.12297,0.12074,0.12114,302000,36719.0157
1787503800000,0.12114,0.12165,0.12096,0.12165,153080,18574.4245
1787504100000,0.12165,0.12165,0.12098,0.12098,95190,11545.0227
1787504400000,0.12098,0.12131,0.12001,0.12056,166430,20090.9846
1787504700000,0.12056,0.12088,0.11923,0.11981,243790,29301.4227
1787505000000,0.11981,0.12101,0.11979,0.12023,248190,29913.9932
1787505300000,0.12023,0.12054,0.11971,0.12036,128720,15473.0577
1787505600000,0.12036,0.12057,0.1149,0.11656,1164910,136548.1518
1787505900000,0.11656,0.11798,0.11654,0.11753,473110,55460.3085
1787506200000,0.11753,0.11795,0.11722,0.11794,197980,23289.8582
1787506500000,0.11794,0.11859,0.1177,0.11843,185230,21893.2001
1787506800000,0.11843,0.11854,0.11772,0.11801,123340,14559.8014
1787507100000,0.11801,0.11811,0.11616,0.11652,310850,36328.0146
1787507400000,0.11652,0.11692,0.11607,0.11673,100600,11730.5753
1787507700000,0.11673,0.11703,0.11614,0.11654,117130,13651.8526
1787508000000,0.11654,0.11663,0.11598,0.11598,88400,10282.6944
1787508300000,0.11598,0.11611,0.11391,0.11574,745250,85564.7947
1787508600000,0.11574,0.11628,0.11377,0.11429,537930,61680.0354
1787508900000,0.11429,0.11627,0.11429,0.11591,242200,27915.6373
1787509200000,0.11591,0.11598,0.11526,0.11598,150330,17372.326
1787509500000,0.11598,0.11628,0.11461,0.11598,217930,25183.2619
1787509800000,0.11598,0.11624,0.11328,0.11405,267510,30602.329
1787510100000,0.11405,0.11497,0.11403,0.11421,111800,12781.6823
1787510400000,0.11421,0.1144,0.11322,0.11436,141990,16191.8664
1787510700000,0.11436,0.117,0.11428,0.11655,256060,29676.8305
1787511000000,0.11655,0.11704,0.11548,0.11612,88030,10244.8939
1787511300000,0.11612,0.11839,0.1158,0.11778,491930,57595.3885
1787511600000,0.11778,0.1179,0.11639,0.11677,276600,32431.2545
1787511900000,0.11677,0.11739,0.11634,0.11677,271930,31795.9373
1787512200000,0.11677,0.11729,0.116,0.1171,157850,18378.4467
1787512500000,0.1171,0.11824,0.11644,0.11824,263460,30866.644
1787512800000,0.11824,0.11971,0.1182,0.119,419020,49842.0561
1787513100000,0.119,0.11952,0.1186,0.119,215010,25595.9694
1787513400000,0.119,0.11906,0.1185,0.11906,44210,5253.0358
1787513700000,0.11906,0.11955,0.11879,0.11901,58810,7006.975
1787514000000,0.11901,0.11935,0.11885,0.11891,68890,8203.7181
1787514300000,0.11891,0.11926,0.11882,0.11921,114820,13657.6519
1787514600000,0.11921,0.12075,0.11906,0.11925,338840,40610.8376
1787514900000,0.11925,0.11937,0.119,0.11934,33870,4036.5249
1787515200000,0.11934,0.11949,0.11895,0.11895,45510,5427.5191
1787515500000,0.11895,0.12162,0.11888,0.12095,275290,33139.0798
1787515800000,0.12095,0.12268,0.12005,0.12008,167700,20346.9175
1787516100000,0.12008,0.12231,0.12008,0.12155,107210,12939.0571
1787516400000,0.12155,0.12239,0.1215,0.12194,34460,4199.7355
1787516700000,0.12194,0.12602,0.12169,0.12435,897440,111708.363
1787517000000,0.12435,0.12685,0.12276,0.12376,1429890,178141.0326
1787517300000,0.12376,0.12531,0.12295,0.124,450620,55911.9173
1787517600000,0.124,0.12563,0.1231,0.12445,116840,14542.7625
1787517900000,0.12445,0.12447,0.12274,0.12357,266740,33013.2114
1787518200000,0.12357,0.12395,0.12302,0.12317,69880,8623.5907
1787518500000,0.12317,0.12349,0.1225,0.1233,258010,31733.6705
1787518800000,0.1233,0.12545,0.12327,0.12533,613670,76435.6585
1787519100000,0.12533,0.12901,0.12533,0.12824,2065990,263214.8023
1787519400000,0.12824,0.13248,0.12785,0.13125,2035620,264900.3688
1787519700000,0.13125,0.14057,0.13125,0.13934,1577500,214146.8573
1787520000000,0.13934,0.14651,0.13839,0.14377,2039660,291464.3797
1787520300000,0.14377,0.14689,0.14221,0.14612,1897500,275407.2529
1787520600000,0.14612,0.14893,0.14206,0.14741,995680,145299.0488
1787520900000,0.14741,0.15167,0.14588,0.15076,1021020,151578.2966
1787521200000,0.15076,0.15392,0.14159,0.14181,2002580,296422.3869
1787521500000,0.14181,0.14645,0.14181,0.14215,1434850,206187.5543
1787521800000,0.14215,0.1452,0.14202,0.14378,396550,56927.1226
1787522100000,0.14378,0.14495,0.14286,0.14358,371240,53441.4093
1787522400000,0.14358,0.14526,0.14157,0.14195,477370,68604.978
1787522700000,0.14195,0.14565,0.14079,0.14493,866130,123596.0256
1787523000000,0.14493,0.15071,0.14465,0.14982,1549920,228614.5144
1787523300000,0.14982,0.15411,0.14916,0.15411,1290860,196753.0563
1787523600000,0.15411,0.15545,0.1476,0.15078,1861510,281154.3673
1787523900000,0.15078,0.15681,0.14773,0.15681,1531790,234214.9313
1787524200000,0.15681,0.1572,0.15028,0.1512,1242940,190087.0989
1787524500000,0.1512,0.15365,0.14975,0.14988,527210,79757.3136
1787524800000,0.14988,0.15218,0.1496,0.15148,316080,47657.4046
1787525100000,0.15148,0.1522,0.1492,0.14959,222370,33476.0108
1787525400000,0.14959,0.15093,0.14753,0.15015,455450,67977.9947
1787525700000,0.15015,0.15037,0.1466,0.14787,357750,53187.4353
1787526000000,0.14787,0.1489,0.1455,0.14585,369630,54338.8376
1787526300000,0.14585,0.14994,0.14582,0.14944,299200,44196.3405
1787526600000,0.14944,0.1514,0.14856,0.15072,287520,43191.9512
1787526900000,0.15072,0.15336,0.15054,0.152,637440,96962.3252
1787527200000,0.152,0.15482,0.15158,0.15452,333020,51004.1331
1787527500000,0.15452,0.15699,0.15288,0.15666,604480,93771.3591
1787527800000,0.15666,0.15938,0.15498,0.15724,1241320,195280.5772
1787528100000,0.15724,0.1579,0.15348,0.15497,927070,144713.2168
1787528400000,0.15497,0.15497,0.15196,0.1524,345180,52915.9556
1787528700000,0.1524,0.163,0.15187,0.16269,2502050,401155.1175
1787529000000,0.16269,0.164,0.15755,0.15827,2317420,375187.748
1787529300000,0.15827,0.15974,0.1562,0.15804,543510,85811.7617
1787529600000,0.15804,0.15923,0.15413,0.15592,859900,134456.6853
1787529900000,0.15592,0.15685,0.14947,0.15455,1540810,234776.5502
1787530200000,0.15455,0.15694,0.15333,0.15437,987280,153619.2959
1787530500000,0.15437,0.15694,0.15372,0.15554,482160,74923.9986
1787530800000,0.15554,0.15697,0.15478,0.15572,207100,32258.4726
1787531100000,0.15572,0.15688,0.14984,0.15325,1086240,165525.1349
1787531400000,0.15325,0.1552,0.15211,0.1535,329610,50605.5555
1787531700000,0.1535,0.15478,0.15119,0.15367,494660,75985.9715
1787532000000,0.15367,0.15377,0.15036,0.15191,287730,43721.56
1787532300000,0.15191,0.15277,0.14719,0.15054,1185490,177769.5125
1787532600000,0.15054,0.15241,0.15022,0.15142,172930,26167.2522
1787532900000,0.15142,0.15298,0.15106,0.15198,264590,40226.9387
1787533200000,0.15198,0.15254,0.15019,0.15052,236260,35812.2686
1787533500000,0.15052,0.15126,0.14931,0.14948,96470,14495.042
1787533800000,0.14948,0.1497,0.14333,0.14827,2475820,362519.4242
1787534100000,0.14827,0.1486,0.14566,0.14716,372180,54833.1082
1787534400000,0.14716,0.14736,0.14622,0.14728,160810,23610.2419
1787534700000,0.14728,0.14775,0.14595,0.14604,176440,25860.5562
1787535000000,0.14604,0.14724,0.14562,0.14633,361120,52933.6431
1787535300000,0.14633,0.14834,0.14502,0.14592,691360,101528.6217
1787535600000,0.14592,0.14664,0.14441,0.14511,317770,46232.0056
1787535900000,0.14511,0.14589,0.144,0.14414,382470,55431.6854
1787536200000,0.14414,0.14499,0.14391,0.14405,304410,43956.3042
1787536500000,0.14405,0.14467,0.14301,0.14352,513200,73829.1979
1787536800000,0.14352,0.14418,0.14221,0.14394,347910,49936.318
1787537100000,0.14394,0.14504,0.14191,0.1422,866950,124182.8662
1787537400000,0.1422,0.144,0.14203,0.14234,379660,54335.7623
1787537700000,0.14234,0.14418,0.14188,0.14375,224660,32048.2178
1787538000000,0.14375,0.14583,0.14316,0.14493,306740,44316.8974
1787538300000,0.14493,0.14927,0.14493,0.14754,768190,113291.2178
1787538600000,0.14754,0.14948,0.14713,0.1488,652400,96789.2276
1787538900000,0.1488,0.14963,0.14854,0.1492,501450,74799.8702
1787539200000,0.1492,0.15167,0.14876,0.15167,368580,55222.8672
1787539500000,0.15167,0.15209,0.14994,0.15108,496330,75071.7709
1787539800000,0.15108,0.15234,0.1494,0.15066,408280,61883.7437
1787540100000,0.15066,0.15168,0.15018,0.15152,147300,22220.9954
1787540400000,0.15152,0.15328,0.15131,0.15224,517240,78774.6624
1787540700000,0.15224,0.1525,0.14981,0.15125,567850,85685.2602
1787541000000,0.15125,0.15132,0.1477,0.14844,638970,95321.5713
1787541300000,0.14844,0.14883,0.1466,0.14688,389680,57475.4238
1787541600000,0.14688,0.14887,0.1468,0.14794,434900,64181.1854
1787541900000,0.14794,0.1488,0.14671,0.14739,336430,49675.6578
1787542200000,0.14739,0.14799,0.1421,0.14315,927310,133796.3162
1787542500000,0.14315,0.14354,0.1421,0.14317,380280,54311.9374
1787542800000,0.14317,0.14369,0.14176,0.14349,541530,77259.0968
1787543100000,0.14349,0.14484,0.14245,0.14469,190260,27349.9933
1787543400000,0.14469,0.14613,0.14328,0.14486,583170,84513.3087
1787543700000,0.14486,0.1457,0.14429,0.14447,290540,42113.1982
1787544000000,0.14447,0.14574,0.14404,0.1451,466630,67631.3526
1787544300000,0.1451,0.14583,0.14404,0.14487,196800,28541.0096
1787544600000,0.14487,0.14583,0.14363,0.14482,306610,44386.0021
1787544900000,0.14482,0.14643,0.14458,0.14595,161660,23570.8239
1787545200000,0.14595,0.14689,0.14579,0.14604,198380,29044.3687
1787545500000,0.14604,0.14694,0.14577,0.14681,114670,16764.447
1787545800000,0.14681,0.14774,0.1466,0.1476,251970,37098.5183
1787546100000,0.1476,0.148,0.14652,0.14652,195040,28735.557
1787546400000,0.14652,0.14653,0.14405,0.14544,314240,45720.434
1787546700000,0.14544,0.14589,0.1399,0.14119,1040700,147448.1723
1787547000000,0.14119,0.1449,0.13973,0.14328,650280,92448.188
1787547300000,0.14328,0.14544,0.14193,0.14441,303270,43610.1554
1787547600000,0.14441,0.14614,0.14399,0.14501,591150,85852.6794
1787547900000,0.14501,0.14537,0.14399,0.14443,240780,34847.4601
1787548200000,0.14443,0.1479,0.14432,0.14643,392630,57454.3599
1787548500000,0.14643,0.14746,0.14568,0.14592,95820,14032.1139
1787548800000,0.14592,0.14634,0.14544,0.14574,102850,15002.0862
1787549100000,0.14574,0.14652,0.14526,0.14562,150920,22022.3153
1787549400000,0.14562,0.14595,0.14393,0.14508,226060,32776.5676
1787549700000,0.14508,0.14574,0.1445,0.1455,101760,14767.5793
1787550000000,0.1455,0.14688,0.14533,0.14618,136390,19953.9866
1787550300000,0.14618,0.14776,0.14568,0.14743,260770,38285.903
1787550600000,0.14743,0.14792,0.14598,0.14778,204850,30141.0192
1787550900000,0.14778,0.14811,0.14634,0.14742,190490,28052.3236
1787551200000,0.14742,0.14792,0.14628,0.14662,177400,26111.1566
1787551500000,0.14662,0.14672,0.14505,0.14647,150840,22026.586
1787551800000,0.14647,0.15168,0.14598,0.15076,502440,75271.8711
1787552100000,0.15076,0.15099,0.14581,0.14728,597700,88811.3463
1787552400000,0.14728,0.14747,0.14554,0.14734,192920,28252.2073
1787552700000,0.14734,0.1491,0.14627,0.14652,216160,31952.1663
1787553000000,0.14652,0.14652,0.14449,0.14513,172750,25138.1604
1787553300000,0.14513,0.14539,0.14224,0.14376,484100,69571.2553
1787553600000,0.14376,0.14388,0.14263,0.14292,139910,20064.1587
1787553900000,0.14292,0.14378,0.14239,0.14345,104340,14929.3472
1787554200000,0.14345,0.14387,0.14263,0.14269,210120,30091.9501
1787554500000,0.14269,0.14333,0.14135,0.14277,492150,69991.4468
1787554800000,0.14277,0.14311,0.14215,0.14264,76110,10867.2129
1787555100000,0.14264,0.14272,0.14168,0.14232,104540,14853.5942
1787555400000,0.14232,0.14295,0.14194,0.14203,155310,22133.629
1787555700000,0.14203,0.14228,0.14093,0.14122,221950,31435.2169
1787556000000,0.14122,0.14163,0.14048,0.1412,111370,15700.8775
1787556300000,0.1412,0.1412,0.1388,0.13993,402210,56114.5104
1787556600000,0.13993,0.14128,0.13818,0.14104,376090,52554.6446
1787556900000,0.14104,0.14306,0.14005,0.14173,692360,98387.9876
1787557200000,0.14173,0.14173,0.13997,0.13997,151190,21265.9214
1787557500000,0.13997,0.14041,0.13968,0.13997,91880,12861.8037
1787557800000,0.13997,0.14036,0.13958,0.13988,82560,11556.3181
1787558100000,0.13988,0.14023,0.13947,0.14023,92290,12897.5016
1787558400000,0.14023,0.14089,0.13935,0.14007,208740,29285.3676
1787558700000,0.14007,0.1404,0.13992,0.14,108180,15160.4208
1787559000000,0.14,0.14193,0.13986,0.14167,187610,26407.005
1787559300000,0.14167,0.14263,0.14076,0.14112,355620,50415.089
1787559600000,0.14112,0.14233,0.14112,0.14189,151690,21514.853
1787559900000,0.14189,0.14227,0.14014,0.14041,265330,37449.9592
1787560200000,0.14041,0.14134,0.14004,0.14092,175990,24730.1928
1787560500000,0.14092,0.14117,0.14023,0.14117,109000,15309.166
1787560800000,0.14117,0.1421,0.14088,0.14179,179900,25463.4594
1787561100000,0.14179,0.14252,0.14143,0.14238,90650,12879.7893
1787561400000,0.14238,0.14446,0.14182,0.14287,404930,58008.049
1787561700000,0.14287,0.14303,0.1411,0.14212,222390,31536.4431
1787562000000,0.14212,0.14301,0.14204,0.14266,125020,17812.4992
1787562300000,0.14266,0.14478,0.14261,0.14466,259760,37373.4444
1787562600000,0.14466,0.146,0.14424,0.14534,419880,60994.1238
1787562900000,0.14534,0.14568,0.14481,0.14496,59070,8572.3453
1787563200000,0.14496,0.14544,0.14466,0.14491,165080,23957.6232
1787563500000,0.14491,0.14703,0.1449,0.14592,344770,50326.6661
1787563800000,0.14592,0.14771,0.14567,0.14728,179640,26338.3157
1787564100000,0.14728,0.14814,0.14624,0.14736,279780,41165.8971
1787564400000,0.14736,0.14934,0.14698,0.14766,485800,71858.4957
1787564700000,0.14766,0.15167,0.1473,0.14834,924840,138570.7761
1787565000000,0.14834,0.14973,0.14834,0.14934,148590,22160.7577
1787565300000,0.14934,0.15075,0.14857,0.14935,200040,29915.0311
1787565600000,0.14935,0.15143,0.14863,0.14941,399060,60035.7046
1787565900000,0.14941,0.15002,0.14537,0.1488,695160,102527.2974
1787566200000,0.1488,0.14923,0.1476,0.14869,178830,26528.8831
1787566500000,0.14869,0.14975,0.14721,0.1494,246860,36600.8214
1787566800000,0.1494,0.15018,0.14778,0.14837,89560,13355.4863
1787567100000,0.14837,0.14911,0.14749,0.14853,139130,20630.7327
1787567400000,0.14853,0.14874,0.14605,0.14686,331850,48832.8296
1787567700000,0.14686,0.14746,0.14516,0.14573,252210,36899.7519
1787568000000,0.14573,0.14662,0.14493,0.146,179950,26236.0958
1787568300000,0.146,0.14651,0.14458,0.1458,173790,25276.9719
1787568600000,0.1458,0.1458,0.14413,0.14514,324880,47057.0512
1787568900000,0.14514,0.14596,0.14458,0.14551,179400,26057.8928
1787569200000,0.14551,0.14652,0.14418,0.14639,162470,23616.0535
1787569500000,0.14639,0.148,0.14564,0.14662,310800,45686.1129
1787569800000,0.14662,0.14904,0.14662,0.14845,239950,35464.374
1787570100000,0.14845,0.14928,0.14736,0.14928,112870,16728.5574
1787570400000,0.14928,0.1531,0.14889,0.1509,1392670,210091.8926
1787570700000,0.1509,0.15446,0.15084,0.15339,1018100,155837.06
1787571000000,0.15339,0.15468,0.15196,0.15289,902830,138350.8648
1787571300000,0.15289,0.15656,0.1528,0.15519,882460,136521.4061
1787571600000,0.15519,0.1613,0.15492,0.1568,2182280,344701.6742
1787571900000,0.1568,0.15866,0.15436,0.15626,1701460,265887.8536
1787572200000,0.15626,0.1578,0.15521,0.15633,666310,104239.5138
1787572500000,0.15633,0.15865,0.15488,0.15786,905730,142309.3774
1787572800000,0.15786,0.15827,0.15341,0.15575,1196430,185843.7147
1787573100000,0.15575,0.15617,0.155,0.15599,599500,93402.1733
1787573400000,0.15599,0.16083,0.15599,0.15675,2558870,407076.076
1787573700000,0.15675,0.15876,0.15516,0.15865,596960,93716.41
1787574000000,0.15865,0.16023,0.15706,0.15857,773490,122944.4106
1787574300000,0.15857,0.164,0.15823,0.16102,2742410,444899.5849
1787574600000,0.16102,0.16639,0.15906,0.16528,3928100,639499.0162
1787574900000,0.16528,0.16603,0.16212,0.16477,2049200,335846.6186
1787575200000,0.16477,0.16531,0.16099,0.16487,1173110,192083.0397
1787575500000,0.16487,0.16749,0.16441,0.1672,956860,158684.3343
1787575800000,0.1672,0.17248,0.16618,0.17048,2903130,489275.7975
1787576100000,0.17048,0.1725,0.16822,0.17111,1530590,260545.2108
1787576400000,0.17111,0.17112,0.16481,0.16639,2007640,335483.0745
1787576700000,0.16639,0.16846,0.1638,0.16668,1085780,180094.9145
1787577000000,0.16668,0.16833,0.16501,0.16565,1179180,196407.7028
1787577300000,0.16565,0.16647,0.16149,0.16576,1644060,269138.0429
1787577600000,0.16576,0.17048,0.16511,0.16761,1268010,212412.1774
1787577900000,0.16761,0.16794,0.16609,0.16672,517740,86536.4259
1787578200000,0.16672,0.16689,0.16106,0.16338,1810570,296029.2077
1787578500000,0.16338,0.1661,0.15949,0.1621,2030840,329933.366
1787578800000,0.1621,0.16389,0.15823,0.16255,1467820,236292.8347
1787579100000,0.16255,0.16468,0.15595,0.16419,2736120,437746.759
1787579400000,0.16419,0.165,0.15874,0.16278,894970,144589.2912
1787579700000,0.16278,0.16289,0.15936,0.16073,439530,70769.4929
1787580000000,0.16073,0.16435,0.16069,0.16416,648070,105570.116
1787580300000,0.16416,0.16666,0.16331,0.16627,1204330,198862.3077
1787580600000,0.16627,0.171,0.16568,0.1687,1834700,308831.8128
1787580900000,0.1687,0.17676,0.16836,0.1742,3466080,600906.7293
1787581200000,0.1742,0.18099,0.1722,0.1761,3804910,673412.9239
1787581500000,0.1761,0.17689,0.17133,0.17342,1881750,327393.7772
1787581800000,0.17342,0.17999,0.1721,0.17826,1843630,325631.4006
1787582100000,0.17826,0.18064,0.17312,0.17773,2103170,375081.0443
1787582400000,0.17773,0.18264,0.17561,0.17877,1937910,347818.9541
1787582700000,0.17877,0.17878,0.17227,0.17336,1252330,219473.803
1787583000000,0.17336,0.1789,0.17163,0.17636,2098000,368461.6724
1787583300000,0.17636,0.1788,0.17283,0.17509,1599160,281046.741
1787583600000,0.17509,0.17919,0.1742,0.17861,1149120,203754.4846
1787583900000,0.17861,0.17921,0.17533,0.17874,896160,158783.0136
1787584200000,0.17874,0.18264,0.17669,0.18175,3195520,574262.5873
1787584500000,0.18175,0.19383,0.18101,0.19272,7688680,1439665.3295
1787584800000,0.19272,0.193,0.188,0.1884,5157310,979010.696
1787585100000,0.1884,0.18917,0.1776,0.18264,6631110,1211682.554
1787585400000,0.18264,0.18935,0.18264,0.1888,2486110,463366.9816
1787585700000,0.1888,0.18899,0.1839,0.18779,1668700,312216.3302
1787586000000,0.18779,0.18874,0.1825,0.18555,1880780,349243.4019
1787586300000,0.18555,0.18969,0.17981,0.18879,2509520,465496.2289
1787586600000,0.18879,0.1891,0.17912,0.18181,2726550,499827.3368
1787586900000,0.18181,0.18263,0.175,0.17747,2745030,491857.3785
1787587200000,0.17747,0.18764,0.17739,0.18455,2602780,476417.1489
1787587500000,0.18455,0.18844,0.18314,0.18356,1205130,224164.9178
1787587800000,0.18356,0.18695,0.18303,0.18498,907190,167749.8223
1787588100000,0.18498,0.19195,0.1834,0.18967,2951250,557167.2178
1787588400000,0.18967,0.19,0.18431,0.18793,2139430,401617.3943
1787588700000,0.18793,0.18868,0.18521,0.18793,713240,133512.8435
1787589000000,0.18793,0.19077,0.18514,0.18921,1215340,228187.7029
1787589300000,0.18921,0.19509,0.18832,0.19169,2437230,467727.0326
1787589600000,0.19169,0.19169,0.18633,0.18825,1334950,251231.8051
1787589900000,0.18825,0.18825,0.18294,0.1832,1319100,244651.631
1787590200000,0.1832,0.18504,0.18012,0.18206,1045970,191237.3451
1787590500000,0.18206,0.18361,0.179,0.17934,1102450,199740.9214
1787590800000,0.17934,0.18112,0.17444,0.17767,1827510,324480.6396
1787591100000,0.17767,0.17978,0.17596,0.17681,1293140,229918.7012
1787591400000,0.17681,0.18225,0.17681,0.17817,1177250,210865.264
1787591700000,0.17817,0.18232,0.17649,0.181,1043150,187011.4233
1787592000000,0.181,0.181,0.17104,0.17478,2288780,399278.2348
1787592300000,0.17478,0.17707,0.17396,0.17534,889810,156019.5885
1787592600000,0.17534,0.17647,0.17119,0.17352,1044930,182093.376
1787592900000,0.17352,0.17662,0.16827,0.17412,2177240,375608.7852
1787593200000,0.17412,0.17575,0.17305,0.17305,549190,95746.9028
1787593500000,0.17305,0.17488,0.17176,0.17391,612670,106299.4918
1787593800000,0.17391,0.17563,0.17353,0.17415,909160,158730.4687
1787594100000,0.17415,0.1749,0.1728,0.17406,579140,100791.6297
1787594400000,0.17406,0.18112,0.17337,0.17827,1663500,295542.7026
1787594700000,0.17827,0.18313,0.178,0.18136,1923750,348702.401
1787595000000,0.18136,0.1855,0.17824,0.1812,2182120,397269.7771
1787595300000,0.1812,0.18236,0.17708,0.17772,826370,148516.6572
1787595600000,0.17772,0.17916,0.17506,0.17734,1578690,278982.7962
1787595900000,0.17734,0.17931,0.17697,0.17707,478200,85078.1618
1787596200000,0.17707,0.18025,0.17699,0.17941,616980,110531.0983
1787596500000,0.17941,0.18166,0.17892,0.181,509310,91773.237
1787596800000,0.181,0.18721,0.1804,0.18509,2421350,447137.2422
1787597100000,0.18509,0.18916,0.18377,0.18706,1473160,274949.2042
1787597400000,0.18706,0.18813,0.1835,0.18565,932730,172925.6575
1787597700000,0.18565,0.18989,0.1849,0.18942,1628380,305711.5045
1787598000000,0.18942,0.19398,0.18743,0.19085,1992520,378969.3534
1787598300000,0.19085,0.19293,0.18816,0.18949,1042600,198328.9074
1787598600000,0.18949,0.1947,0.18736,0.19304,1412770,270408.5402
1787598900000,0.19304,0.19305,0.18674,0.19144,2171330,411892.8543
1787599200000,0.19144,0.19392,0.1879,0.18881,1558750,296872.6908
1787599500000,0.18881,0.1908,0.18501,0.1872,2631330,492326.3774
1787599800000,0.1872,0.18861,0.18201,0.18659,2094130,387358.9114
1787600100000,0.18659,0.18867,0.18584,0.18831,930670,174037.1199
1787600400000,0.18831,0.19155,0.18804,0.1901,1021180,193628.3365
1787600700000,0.1901,0.19111,0.187,0.1904,1141120,215768.4521
1787601000000,0.1904,0.19395,0.18974,0.19251,1285820,246766.5241
1787601300000,0.19251,0.19559,0.19098,0.19503,1822300,353110.6234
1787601600000,0.19503,0.196,0.18106,0.18427,3382180,638870.0985
1787601900000,0.18427,0.18598,0.18182,0.18525,1838070,338135.2027
1787602200000,0.18525,0.18577,0.18135,0.18199,1074270,196735.5617
1787602500000,0.18199,0.18647,0.18136,0.18565,1181420,217455.7578
1787602800000,0.18565,0.186,0.18329,0.18402,712680,131541.7107
1787603100000,0.18402,0.1859,0.18188,0.18306,1120350,205454.7013
1787603400000,0.18306,0.18306,0.17776,0.18041,2405830,432736.9025
1787603700000,0.18041,0.18392,0.18021,0.18214,798730,145846.2476
1787604000000,0.18214,0.18673,0.18214,0.18428,787610,145373.4905
1787604300000,0.18428,0.18748,0.1839,0.18508,944790,175644.9924
1787604600000,0.18508,0.18675,0.1835,0.18624,613010,113861.3931
1787604900000,0.18624,0.19038,0.18579,0.18925,915830,172040.7169
1787605200000,0.18925,0.19965,0.18884,0.19715,3696270,718072.1826
1787605500000,0.19715,0.21934,0.19426,0.20845,9046080,1862504.7534
1787605800000,0.20845,0.2124,0.20218,0.20926,4605520,956906.482
1787606100000,0.20926,0.21099,0.20215,0.20473,2109090,433763.3206
1787606400000,0.20473,0.215,0.20352,0.21253,2715870,569101.6547
1787606700000,0.21253,0.22363,0.21041,0.21564,4714000,1021234.2891
1787607000000,0.21564,0.21665,0.20842,0.20865,1963700,417116.8011
1787607300000,0.20865,0.21199,0.205,0.20725,1578150,328068.9318
1787607600000,0.20725,0.21551,0.20725,0.21078,2158010,455993.9489
1787607900000,0.21078,0.2146,0.20783,0.21422,1094390,230890.6566
1787608200000,0.21422,0.21465,0.2072,0.20826,697000,147026.9278
1787608500000,0.20826,0.21177,0.205,0.21031,680370,141342.4165
1787608800000,0.21031,0.21216,0.2032,0.20835,1188730,246462.3227
1787609100000,0.20835,0.21422,0.20777,0.20858,1127300,238191.6398
1787609400000,0.20858,0.21299,0.20619,0.20876,898860,188032.7759
1787609700000,0.20876,0.21224,0.20622,0.20928,540760,112670.5027
1787610000000,0.20928,0.2096,0.20741,0.20773,474580,98984.5378
1787610300000,0.20773,0.22061,0.20718,0.22036,1067570,228908.8042
1787610600000,0.22036,0.2265,0.2102,0.21248,4246050,930183.3979
1787610900000,0.21248,0.22295,0.2102,0.2176,1713880,370424.0393
1787611200000,0.2176,0.2183,0.21197,0.2176,1082110,233169.5327
1787611500000,0.2176,0.2176,0.21256,0.21317,576610,123704.5279
1787611800000,0.21317,0.21734,0.2121,0.21707,566130,121812.5952
1787612100000,0.21707,0.21809,0.20439,0.20816,2145570,449585.301
1787612400000,0.20816,0.214,0.20783,0.21085,922590,195616.3183
1787612700000,0.21085,0.21985,0.2104,0.21379,1727340,373600.6356
1787613000000,0.21379,0.215,0.21084,0.21212,404160,86094.4158
1787613300000,0.21212,0.21249,0.20556,0.20634,1173430,245203.6682
1787613600000,0.20634,0.21323,0.2062,0.20908,715640,149396.5837
1787613900000,0.20908,0.21036,0.205,0.20679,1031600,215248.5745
1787614200000,0.20679,0.20956,0.205,0.20751,948810,197124.392
1787614500000,0.20751,0.21092,0.2072,0.20864,489140,102396.347
1787614800000,0.20864,0.2088,0.20503,0.2054,788450,163175.5832
1787615100000,0.2054,0.2084,0.2042,0.20664,1247720,256978.6134
1787615400000,0.20664,0.20794,0.19927,0.20112,1512210,306095.105
1787615700000,0.20112,0.20283,0.19601,0.19685,1589200,315724.3736
1787616000000,0.19685,0.201,0.19593,0.19652,1102080,218659.4898
1787616300000,0.19652,0.202,0.19648,0.19992,1275320,254743.4913
1787616600000,0.19992,0.20359,0.19403,0.19752,1716960,338171.4932
1787616900000,0.19752,0.20569,0.19624,0.20399,923060,185464.8036
1787617200000,0.20399,0.21414,0.20396,0.21171,2791920,586048.2871
1787617500000,0.21171,0.21473,0.20904,0.21055,1705710,360455.3931
1787617800000,0.21055,0.21063,0.20466,0.2084,1163900,241526.6135
1787618100000,0.2084,0.21452,0.20823,0.21264,929390,196757.8543
1787618400000,0.21264,0.21679,0.21125,0.2163,1250230,267341.5566
1787618700000,0.2163,0.222,0.2158,0.22114,1735140,380519.9861
1787619000000,0.22114,0.22997,0.21766,0.22492,4164830,935882.5034
1787619300000,0.22492,0.22548,0.21706,0.22073,1654090,364259.2671
1787619600000,0.22073,0.22292,0.21281,0.21281,1669320,361494.128
1787619900000,0.21281,0.21772,0.21271,0.21556,409420,88302.6713
1787620200000,0.21556,0.21813,0.21214,0.2136,501310,107949.9755
1787620500000,0.2136,0.21662,0.21121,0.21628,469590,100298.5371
1787620800000,0.21628,0.21791,0.21385,0.21645,236870,51176.5795
1787621100000,0.21645,0.22,0.21552,0.2185,692180,151260.0288
1787621400000,0.2185,0.22414,0.21834,0.21942,1459370,323267.4297
1787621700000,0.21942,0.22266,0.21734,0.22031,762030,167917.0678
1787622000000,0.22031,0.2221,0.21178,0.21524,931750,201209.3561
1787622300000,0.21524,0.21759,0.20896,0.21014,1042060,220363.4082
1787622600000,0.21014,0.21169,0.20413,0.20461,1617020,335015.8471
1787622900000,0.20461,0.20774,0.2032,0.20742,693860,142379.1866
1787623200000,0.20742,0.21071,0.20723,0.20826,477680,99806.0912
1787623500000,0.20826,0.21097,0.20699,0.20899,315300,65883.057
1787623800000,0.20899,0.213,0.20749,0.2095,590600,124235.7467
1787624100000,0.2095,0.22438,0.20916,0.21835,1686670,366632.5902
1787624400000,0.21835,0.21924,0.21012,0.21584,796860,171470.5514
1787624700000,0.21584,0.21591,0.20849,0.21159,1182750,250351.2656
1787625000000,0.21159,0.21292,0.20685,0.20754,436310,91440.8974
1787625300000,0.20754,0.21087,0.20699,0.21021,292090,61188.8998
1787625600000,0.21021,0.21128,0.20997,0.21025,199930,42123.6455
1787625900000,0.21025,0.2149,0.20954,0.21359,551950,117318.1982
1787626200000,0.21359,0.21389,0.20951,0.2115,374560,79170.4552
1787626500000,0.2115,0.21428,0.20946,0.21035,508890,107619.2075
1787626800000,0.21035,0.21588,0.20975,0.21441,256950,54731.4353
1787627100000,0.21441,0.21862,0.21432,0.21644,539090,116869.7638
1787627400000,0.21644,0.2194,0.21644,0.21808,344270,75087.2187
1787627700000,0.21808,0.22049,0.2163,0.21977,827890,180677.445
1787628000000,0.21977,0.22371,0.2195,0.22195,758640,168318.1243
1787628300000,0.22195,0.22234,0.2203,0.2218,621350,137520.1047
1787628600000,0.2218,0.22218,0.21779,0.21953,545970,120469.7313
1787628900000,0.21953,0.22078,0.21502,0.21758,1117280,242953.3558
1787629200000,0.21758,0.2197,0.21595,0.21677,490800,106976.3227
1787629500000,0.21677,0.22044,0.21629,0.21945,504880,110509.0291
1787629800000,0.21945,0.23048,0.21928,0.22224,2910300,656218.8641
1787630100000,0.22224,0.22269,0.21783,0.21896,1132100,248728.2376
1787630400000,0.21896,0.22912,0.21824,0.22758,1087980,245057.2142
1787630700000,0.22758,0.22783,0.21825,0.22018,1600450,354501.2289
1787631000000,0.22018,0.22302,0.21739,0.22163,616780,135910.9381
1787631300000,0.22163,0.22666,0.221,0.22643,824200,185073.9238
1787631600000,0.22643,0.22643,0.22357,0.22544,467170,105005.4443
1787631900000,0.22544,0.22713,0.22192,0.2226,769110,172645.39
1787632200000,0.2226,0.22568,0.21958,0.22172,912870,203263.9714
1787632500000,0.22172,0.22444,0.21561,0.2181,1383040,303734.3408
1787632800000,0.2181,0.22144,0.2114,0.21353,1703100,367583.9993
1787633100000,0.21353,0.21658,0.21298,0.21606,671930,144590.6403
1787633400000,0.21606,0.22116,0.21589,0.21904,643660,140593.5037
1787633700000,0.21904,0.222,0.2172,0.21938,550370,120971.6114
1787634000000,0.21938,0.22248,0.21899,0.22052,337760,74476.5656
1787634300000,0.22052,0.22121,0.21572,0.21825,447870,97741.235
1787634600000,0.21825,0.2192,0.21458,0.21615,458760,99532.4623
1787634900000,0.21615,0.2168,0.21152,0.21577,877460,188206.0821
1787635200000,0.21577,0.21915,0.21577,0.21792,359380,78105.2767
1787635500000,0.21792,0.21976,0.21724,0.218,185900,40647.9068
1787635800000,0.218,0.22146,0.21675,0.2197,513690,112572.4139
1787636100000,0.2197,0.22738,0.21958,0.22216,1431580,319854.8206
1787636400000,0.22216,0.22638,0.22213,0.22567,760870,170748.2407
1787636700000,0.22567,0.22618,0.22248,0.22483,460640,103431.144
1787637000000,0.22483,0.232,0.22405,0.2252,1866250,425948.4051
1787637300000,0.2252,0.22951,0.22449,0.22905,557350,126708.8708
1787637600000,0.22905,0.24212,0.22824,0.23693,3094130,728864.1415
1787637900000,0.23693,0.23727,0.22122,0.22602,2909830,662086.6203
1787638200000,0.22602,0.22737,0.21844,0.22362,1476770,327440.2978
1787638500000,0.22362,0.22837,0.22275,0.22797,664640,150053.738
1787638800000,0.22797,0.23165,0.22683,0.23082,1026450,235280.3175
1787639100000,0.23082,0.23396,0.22886,0.2298,818050,188925.4281
1787639400000,0.2298,0.23079,0.22755,0.2292,521690,119443.2302
1787639700000,0.2292,0.22955,0.2235,0.22461,901290,203743.4905
1787640000000,0.22461,0.22943,0.22388,0.22761,753030,170792.9728
1787640300000,0.22761,0.23481,0.2263,0.234,1006700,233822.191
1787640600000,0.234,0.23559,0.2287,0.22933,1311730,305342.9972
1787640900000,0.22933,0.22987,0.22529,0.22753,875540,199463.0048
1787641200000,0.22753,0.2322,0.2268,0.22932,747990,171968.0026
1787641500000,0.22932,0.235,0.22848,0.23071,879510,204250.2426
1787641800000,0.23071,0.23207,0.22929,0.23031,301010,69419.5442
1787642100000,0.23031,0.2307,0.22651,0.2296,685600,156632.8253
1787642400000,0.2296,0.23206,0.22892,0.23186,331630,76417.4636
1787642700000,0.23186,0.23709,0.23027,0.23571,966060,225646.6742
1787643000000,0.23571,0.23689,0.23077,0.23432,728400,169948.978
1787643300000,0.23432,0.2382,0.234,0.23521,956920,225675.3278
1787643600000,0.23521,0.24,0.23374,0.23463,1654130,391136.6706
1787643900000,0.23463,0.2425,0.23439,0.23689,1298640,309452.1758
1787644200000,0.23689,0.23694,0.222,0.22439,3785630,867497.8244
1787644500000,0.22439,0.22778,0.22062,0.22331,1870490,419780.6514
1787644800000,0.22331,0.22389,0.21252,0.21546,3689810,804242.8839
1787645100000,0.21546,0.2177,0.21,0.21462,2040730,435041.0205
1787645400000,0.21462,0.22325,0.21174,0.21801,2474600,538113.6753
1787645700000,0.21801,0.22,0.2154,0.219,1648720,358578.2641
1787646000000,0.219,0.21951,0.21548,0.21664,1176140,255440.9942
1787646300000,0.21664,0.21772,0.21332,0.21715,1116160,240475.081
1787646600000,0.21715,0.22103,0.21689,0.22052,1031690,225531.9974
1787646900000,0.22052,0.22164,0.21941,0.22019,611470,134816.8922
1787647200000,0.22019,0.22382,0.21945,0.22042,904190,200340.9822
1787647500000,0.22042,0.22365,0.22017,0.22297,552020,122585.5814
1787647800000,0.22297,0.22562,0.22059,0.22231,1076240,240371.3748
1787648100000,0.22231,0.22573,0.22059,0.22312,888950,198134.8772
1787648400000,0.22312,0.226,0.22292,0.2257,635680,142662.8081
1787648700000,0.2257,0.22799,0.22399,0.22505,614770,138850.5279
1787649000000,0.22505,0.22505,0.2181,0.2188,977670,217092.6582
1787649300000,0.2188,0.2213,0.2181,0.21816,652270,143275.231
1787649600000,0.21816,0.21965,0.21459,0.2146,1118500,242742.6456
1787649900000,0.2146,0.21872,0.21303,0.21808,1138100,244866.0527
1787650200000,0.21808,0.22251,0.21563,0.22119,721890,158364.9597
1787650500000,0.22119,0.22179,0.2182,0.22054,481530,105910.2103
1787650800000,0.22054,0.22498,0.22043,0.22278,722710,161231.8759
1787651100000,0.22278,0.22558,0.22267,0.2249,476510,106810.5864
1787651400000,0.2249,0.226,0.21778,0.21807,1560200,346762.3989
1787651700000,0.21807,0.22139,0.21548,0.21671,1071050,233905.4011
1787652000000,0.21671,0.21966,0.21649,0.21788,966930,210959.2882
1787652300000,0.21788,0.21887,0.21707,0.21819,282880,61668.0709
1787652600000,0.21819,0.22008,0.2147,0.21504,832130,180504.5284
1787652900000,0.21504,0.21504,0.20634,0.20856,3257140,684271.6495
1787653200000,0.20856,0.21119,0.20548,0.20616,1461240,303765.1345
1787653500000,0.20616,0.20873,0.20475,0.206,1452400,299768.2458
1787653800000,0.206,0.20803,0.20436,0.2046,1190640,245251.7033
1787654100000,0.2046,0.20849,0.20319,0.20612,1505860,308837.9674
1787654400000,0.20612,0.20973,0.20606,0.2092,1051850,218944.0047
1787654700000,0.2092,0.20935,0.20618,0.20658,529360,109998.7198
1787655000000,0.20658,0.2081,0.20541,0.20656,345250,71315.6771
1787655300000,0.20656,0.20788,0.20425,0.20565,588700,121230.812
1787655600000,0.20565,0.20746,0.20463,0.20533,398760,82123.9421
1787655900000,0.20533,0.21045,0.20522,0.21017,1159120,241932.6693
1787656200000,0.21017,0.21139,0.20441,0.20524,1192150,247371.4484
1787656500000,0.20524,0.2104,0.20464,0.20604,832880,172790.8351
1787656800000,0.20604,0.20678,0.19454,0.19556,4577050,915354.2822
1787657100000,0.19556,0.20173,0.19524,0.20047,1175920,234037.153
1787657400000,0.20047,0.20833,0.20015,0.2061,2471740,505323.7178
1787657700000,0.2061,0.20793,0.20226,0.20419,1071610,219480.8074
1787658000000,0.20419,0.20513,0.19741,0.19741,1338090,268865.6819
1787658300000,0.19741,0.2008,0.19546,0.19701,1270220,251016.3929
1787658600000,0.19701,0.19755,0.19333,0.19435,1562100,305013.9443
1787658900000,0.19435,0.19535,0.19059,0.19059,2077580,400399.6334
1787659200000,0.19059,0.19523,0.19015,0.19353,1682120,324352.3862
1787659500000,0.19353,0.19943,0.19301,0.19459,1700210,333237.4811
1787659800000,0.19459,0.19718,0.19386,0.19638,431970,84462.9321
1787660100000,0.19638,0.1971,0.194,0.19579,590500,115252.2146
1787660400000,0.19579,0.19651,0.19404,0.19464,468200,91376.4731
1787660700000,0.19464,0.19517,0.19191,0.1947,668340,129369.2035
1787661000000,0.1947,0.19484,0.18128,0.18655,7133060,1329892.9427
1787661300000,0.18655,0.19281,0.18362,0.1899,3552230,666447.0815
1787661600000,0.1899,0.19145,0.18511,0.18962,1711070,322490.3356
1787661900000,0.18962,0.19085,0.1871,0.18815,611610,115676.9543
1787662200000,0.18815,0.19525,0.188,0.19288,1413690,271095.95
1787662500000,0.19288,0.19558,0.18937,0.18991,911460,175903.6336
1787662800000,0.18991,0.19121,0.185,0.18996,2076050,390061.1337
1787663100000,0.18996,0.18996,0.18505,0.18581,851160,159346.3851
1787663400000,0.18581,0.18802,0.18425,0.18487,1145840,213606.6689
1787663700000,0.18487,0.18693,0.1841,0.18448,683780,126638.5705
1787664000000,0.18448,0.18578,0.18247,0.18418,1086970,200085.8883
1787664300000,0.18418,0.18747,0.18055,0.18459,1703550,312928.6525
1787664600000,0.18459,0.19288,0.17791,0.18654,4505570,831627.5652
1787664900000,0.18654,0.19603,0.18645,0.19263,3802910,732842.5109
1787665200000,0.19263,0.19681,0.18885,0.1892,1672200,321727.6114
1787665500000,0.1892,0.19397,0.187,0.19062,1244170,236485.9016
1787665800000,0.19062,0.1912,0.18157,0.18514,2271990,420779.6397
1787666100000,0.18514,0.19355,0.18344,0.19273,1274900,240750.0438
1787666400000,0.19273,0.19633,0.19136,0.193,1256650,243432.5416
1787666700000,0.193,0.19401,0.19048,0.19302,577370,111139.1092
1787667000000,0.19302,0.20176,0.19302,0.19565,2531410,500842.661
1787667300000,0.19565,0.19759,0.19366,0.1941,696610,136374.4748
1787667600000,0.1941,0.19658,0.19262,0.19494,837430,163404.1786
1787667900000,0.19494,0.205,0.19489,0.20406,2608000,523170.0851
1787668200000,0.20406,0.20665,0.2004,0.20355,1090310,222353.1845
1787668500000,0.20355,0.20399,0.19884,0.1996,760560,153586.4162
1787668800000,0.1996,0.20167,0.19685,0.19915,1310470,261707.206
1787669100000,0.19915,0.20483,0.19831,0.20408,958580,193918.5311
1787669400000,0.20408,0.20975,0.19887,0.20235,2390890,489285.8532
1787669700000,0.20235,0.20582,0.20144,0.20571,474560,96745.5663
1787670000000,0.20571,0.20571,0.1997,0.20023,705170,142727.3574
1787670300000,0.20023,0.2017,0.19695,0.19875,925990,184478.7702
1787670600000,0.19875,0.20007,0.19413,0.19589,1145370,224968.8158
1787670900000,0.19589,0.20102,0.19533,0.19786,417360,82963.2989
1787671200000,0.19786,0.19888,0.19678,0.19789,323140,63882.283
1787671500000,0.19789,0.19924,0.19567,0.1975,525330,103667.5439
1787671800000,0.1975,0.2,0.19726,0.19941,395270,78405.3442
1787672100000,0.19941,0.20439,0.19898,0.20345,1115540,225212.4661
1787672400000,0.20345,0.20513,0.20096,0.20513,418380,85084.3544
1787672700000,0.20513,0.20569,0.20123,0.20458,456610,92812.3753
1787673000000,0.20458,0.20629,0.20406,0.20613,416540,85471.2732
1787673300000,0.20613,0.21096,0.20332,0.21082,3440520,717412.9984
1787673600000,0.21082,0.21606,0.20769,0.21531,2290720,486102.2114
1787673900000,0.21531,0.217,0.21213,0.21416,1001780,214479.5856
1787674200000,0.21416,0.22375,0.2115,0.21349,3511980,764317.5156
1787674500000,0.21349,0.22232,0.213,0.21888,1770620,386466.7382
1787674800000,0.21888,0.22009,0.21645,0.21774,776740,169707.5423
1787675100000,0.21774,0.2178,0.20776,0.20947,2989860,631909.0942
1787675400000,0.20947,0.20969,0.19564,0.20172,4900330,988728.9418
1787675700000,0.20172,0.20427,0.19787,0.20391,1168070,234906.8761
1787676000000,0.20391,0.20493,0.19001,0.19409,2477950,483600.2564
1787676300000,0.19409,0.19796,0.1929,0.1975,901780,176206.8667
1787676600000,0.1975,0.20318,0.19672,0.19864,1142360,228357.7335
1787676900000,0.19864,0.20468,0.19858,0.20319,519930,104769.2722
1787677200000,0.20319,0.20321,0.19861,0.19883,929580,187130.0425
1787677500000,0.19883,0.19981,0.19408,0.19603,1124140,221866.7755
1787677800000,0.19603,0.1994,0.19603,0.19728,755650,149549.1198
1787678100000,0.19728,0.20066,0.19727,0.198,638600,127306.8527
1787678400000,0.198,0.19945,0.19477,0.1956,689190,135687.4202
1787678700000,0.1956,0.19563,0.19115,0.19128,1398380,269492.2445
1787679000000,0.19128,0.19273,0.18622,0.19085,2625730,498612.8684
1787679300000,0.19085,0.19616,0.18759,0.19476,1212090,232417.9357
1787679600000,0.19476,0.19599,0.19379,0.19558,530950,103435.8088
1787679900000,0.19558,0.198,0.1943,0.1949,522980,102528.9975
1787680200000,0.1949,0.19627,0.19236,0.19606,831800,161087.4284
1787680500000,0.19606,0.20041,0.19589,0.20015,971180,192699.9498
1787680800000,0.20015,0.20497,0.19946,0.20149,1146470,231891.0519
1787681100000,0.20149,0.20153,0.19505,0.1961,735280,146019.2448
1787681400000,0.1961,0.20431,0.19596,0.20266,1270720,255165.1003
1787681700000,0.20266,0.2037,0.19945,0.19987,653140,131542.1614
1787682000000,0.19987,0.20169,0.19918,0.2005,271200,54328.2269
1787682300000,0.2005,0.20565,0.19949,0.20288,1513740,307299.4456
1787682600000,0.20288,0.20956,0.20202,0.2051,1342850,276995.9984
1787682900000,0.2051,0.21459,0.2051,0.21378,3108710,653038.8425
1787683200000,0.21378,0.21458,0.21,0.21105,381120,80620.6973
1787683500000,0.21105,0.21246,0.20854,0.21081,733610,154289.3372
1787683800000,0.21081,0.21148,0.20763,0.20841,934940,195668.8137
1787684100000,0.20841,0.2135,0.2058,0.21046,1162200,243750.0063
1787684400000,0.21046,0.21081,0.20559,0.2082,654400,136306.9049
1787684700000,0.2082,0.20885,0.20686,0.20863,311880,64812.6692
1787685000000,0.20863,0.20892,0.20711,0.20777,94830,19715.459
1787685300000,0.20777,0.209,0.20648,0.2071,427300,88830.126
1787685600000,0.2071,0.20756,0.20463,0.20678,489750,100861.7092
1787685900000,0.20678,0.20695,0.20198,0.20339,908660,185282.6458
1787686200000,0.20339,0.20442,0.19806,0.20162,2618750,525420.1171
1787686500000,0.20162,0.20271,0.19501,0.19992,1246900,248181.6444
1787686800000,0.19992,0.20087,0.19659,0.19744,380950,75840.7163
1787687100000,0.19744,0.19868,0.19639,0.19688,317910,62786.4497
1787687400000,0.19688,0.20263,0.19482,0.20136,968020,192649.0147
1787687700000,0.20136,0.20361,0.20071,0.20127,541870,109491.8373
1787688000000,0.20127,0.20465,0.19993,0.20325,626020,126765.2784
1787688300000,0.20325,0.20538,0.20212,0.20472,668820,136179.3993
1787688600000,0.20472,0.20557,0.20208,0.20397,287420,58500.3214
1787688900000,0.20397,0.20529,0.2023,0.20439,175920,35770.2714
1787689200000,0.20439,0.20896,0.20374,0.20546,515800,106125.811
1787689500000,0.20546,0.20677,0.20249,0.20563,467190,95512.9091
1787689800000,0.20563,0.20614,0.20373,0.204,218120,44710.9515
1787690100000,0.204,0.20403,0.19935,0.19985,647330,130458.4753
1787690400000,0.19985,0.20314,0.19795,0.19835,1217920,243370.9814
1787690700000,0.19835,0.19904,0.19177,0.19269,1992330,388328.1757
1787691000000,0.19269,0.1946,0.18546,0.18864,2487810,472816.7841
1787691300000,0.18864,0.1892,0.18,0.18496,4244350,783688.2273
1787691600000,0.18496,0.19163,0.18387,0.18869,1269730,238867.8138
1787691900000,0.18869,0.19124,0.18382,0.18659,1152990,216734.7566
1787692200000,0.18659,0.18922,0.18257,0.18784,1781670,330915.0185
1787692500000,0.18784,0.19239,0.18738,0.1901,486800,92558.573
1787692800000,0.1901,0.19021,0.1855,0.18788,880590,165066.8483
1787693100000,0.18788,0.19183,0.1876,0.19003,562400,106733.1662
1787693400000,0.19003,0.19405,0.18978,0.19364,764250,146737.8134
1787693700000,0.19364,0.1946,0.1918,0.19201,376700,72749.0788
1787694000000,0.19201,0.19216,0.19015,0.19071,211570,40459.2355
1787694300000,0.19071,0.1937,0.19015,0.19367,167160,32122.1184
1787694600000,0.19367,0.19651,0.19352,0.19492,688960,134370.9664
1787694900000,0.19492,0.19795,0.1943,0.19469,562800,110301.305
1787695200000,0.19469,0.19876,0.19416,0.1983,432700,85044.4167
1787695500000,0.1983,0.19941,0.1961,0.19618,367060,72597.385
1787695800000,0.19618,0.20069,0.19609,0.20042,487060,96719.5397
1787696100000,0.20042,0.20082,0.19613,0.19643,369250,73232.0959
1787696400000,0.19643,0.19943,0.19643,0.19782,202050,39989.9703
1787696700000,0.19782,0.19808,0.19523,0.19639,500420,98287.4828
1787697000000,0.19639,0.19668,0.1947,0.19555,340360,66622.0507
1787697300000,0.19555,0.19589,0.19421,0.19442,320260,62494.3999
1787697600000,0.19442,0.19446,0.19129,0.1927,882130,170222.4754
1787697900000,0.1927,0.19522,0.19143,0.19342,376330,72775.9822
1787698200000,0.19342,0.19483,0.19296,0.19365,117810,22840.4927
1787698500000,0.19365,0.19365,0.19117,0.19176,332890,63917.9993
1787698800000,0.19176,0.19348,0.19118,0.19279,243990,46955.1929
1787699100000,0.19279,0.19359,0.18757,0.19094,1169340,221978.1132
1787699400000,0.19094,0.19238,0.18949,0.19199,438700,83735.4109
1787699700000,0.19199,0.19277,0.19072,0.19151,218690,41888.7177
1787700000000,0.19151,0.19151,0.18992,0.18995,72810,13871.8775
1787700300000,0.18995,0.19368,0.18967,0.19048,923360,177336.7478
1787700600000,0.19048,0.19071,0.18977,0.18977,282550,53750.7842
1787700900000,0.18977,0.19009,0.18728,0.18834,1154720,217402.458
1787701200000,0.18834,0.18886,0.18363,0.18401,1582710,294333.0956
1787701500000,0.18401,0.18594,0.18355,0.18545,489890,90402.9874
1787701800000,0.18545,0.18626,0.1848,0.18505,175710,32624.1411
1787702100000,0.18505,0.18611,0.18478,0.1848,152640,28322.9404
1787702400000,0.1848,0.18617,0.18448,0.18584,246590,45725.7021
1787702700000,0.18584,0.1867,0.18187,0.18289,356130,65730.7396
1787703000000,0.18289,0.18289,0.17474,0.17494,2821200,500627.3748
1787703300000,0.17494,0.18315,0.17492,0.18298,1929530,346944.5669
1787703600000,0.18298,0.18394,0.18268,0.18338,336110,61599.573
1787703900000,0.18338,0.18338,0.17794,0.18245,1126510,202612.0462
1787704200000,0.18245,0.18438,0.18149,0.18361,502390,91857.1078
1787704500000,0.18361,0.18361,0.17971,0.18048,678870,123203.6005
1787704800000,0.18048,0.18324,0.18005,0.18119,337000,61154.089
1787705100000,0.18119,0.18374,0.18092,0.18333,172970,31537.2364
1787705400000,0.18333,0.18635,0.18299,0.18572,203770,37577.7033
1787705700000,0.18572,0.18814,0.18366,0.18384,556840,103605.6817
1787706000000,0.18384,0.18673,0.18358,0.18652,172510,31951.8198
1787706300000,0.18652,0.19066,0.18635,0.18769,497200,93685.6232
1787706600000,0.18769,0.18828,0.18673,0.18828,121680,22812.4373
1787706900000,0.18828,0.18877,0.18578,0.18704,366170,68472.8474
1787707200000,0.18704,0.18819,0.18612,0.18746,168700,31554.4467
1787707500000,0.18746,0.18921,0.18565,0.18916,539680,100972.2132
1787707800000,0.18916,0.19019,0.18888,0.19007,140720,26657.49
1787708100000,0.19007,0.19089,0.18956,0.18996,259340,49326.2453
1787708400000,0.18996,0.19778,0.18898,0.19506,1837630,356322.2718
1787708700000,0.19506,0.19532,0.19222,0.19483,313450,60596.0954
1787709000000,0.19483,0.19596,0.19397,0.19421,249270,48596.079
1787709300000,0.19421,0.1992,0.19392,0.19497,1741230,343263.93
1787709600000,0.19497,0.20738,0.19497,0.20032,3730120,752998.6139
1787709900000,0.20032,0.20149,0.19917,0.2012,443830,88986.4778
1787710200000,0.2012,0.20572,0.20114,0.20208,804410,163918.5954
1787710500000,0.20208,0.20285,0.20103,0.20179,135750,27410.1286
1787710800000,0.20179,0.20509,0.19924,0.20351,1281640,258933.819
1787711100000,0.20351,0.20684,0.20317,0.20432,528550,108223.4478
1787711400000,0.20432,0.20519,0.2025,0.20428,302740,61741.6538
1787711700000,0.20428,0.2049,0.20358,0.20358,98330,20082.574
1787712000000,0.20358,0.20441,0.20156,0.20241,882100,178905.4775
1787712300000,0.20241,0.20353,0.20078,0.20166,709130,143291.0441
1787712600000,0.20166,0.20166,0.1982,0.19856,522240,104368.7543
1787712900000,0.19856,0.20067,0.19693,0.2003,480290,95490.0956
1787713200000,0.2003,0.20085,0.19786,0.19839,266600,53244.531
1787713500000,0.19839,0.19853,0.19701,0.1976,124100,24540.165
1787713800000,0.1976,0.19806,0.19523,0.19699,394540,77477.0694
1787714100000,0.19699,0.1992,0.19688,0.19747,231840,45865.5145
1787714400000,0.19747,0.19857,0.19709,0.19822,57490,11362.2334
1787714700000,0.19822,0.19837,0.19756,0.19775,74250,14695.6864
1787715000000,0.19775,0.1979,0.1951,0.19548,899830,175805.4138
1787715300000,0.19548,0.1997,0.19535,0.19887,247620,48866.4844
1787715600000,0.19887,0.20297,0.19882,0.19983,490780,98686.8347
1787715900000,0.19983,0.2,0.19839,0.19955,130140,25931.8784
1787716200000,0.19955,0.20144,0.19881,0.20095,120120,24055.1901
1787716500000,0.20095,0.20142,0.2005,0.2011,184480,37042.1036
1787716800000,0.2011,0.20592,0.20071,0.20578,551630,112405.5626
1787717100000,0.20578,0.21,0.20537,0.20909,911460,189819.1735
1787717400000,0.20909,0.2119,0.20853,0.21001,780460,164021.1682
1787717700000,0.21001,0.21099,0.20818,0.20921,225240,47176.51
1787718000000,0.20921,0.20945,0.208,0.20849,233230,48703.8135
1787718300000,0.20849,0.21222,0.20618,0.21127,813730,170718.5373
1787718600000,0.21127,0.21186,0.209,0.20943,256890,54003.8899
1787718900000,0.20943,0.20975,0.20707,0.20735,130460,27210.034
1787719200000,0.20735,0.20855,0.20663,0.20719,76930,15961.8851
1787719500000,0.20719,0.20907,0.20386,0.20397,409820,84645.6783
1787719800000,0.20397,0.20555,0.20369,0.20459,200760,41069.4555
1787720100000,0.20459,0.2053,0.20401,0.20444,113840,23300.9061
1787720400000,0.20444,0.20477,0.20224,0.20426,181490,36970.1135
1787720700000,0.20426,0.20661,0.20361,0.20449,138670,28464.2942
1787721000000,0.20449,0.20554,0.20265,0.20476,331930,67648.5256
1787721300000,0.20476,0.20476,0.2008,0.2017,538280,108890.9235
1787721600000,0.2017,0.2035,0.20078,0.20216,170670,34466.698
1787721900000,0.20216,0.20224,0.2005,0.20166,82250,16547.2525
1787722200000,0.20166,0.20191,0.20091,0.20139,101830,20509.7315
1787722500000,0.20139,0.20175,0.19647,0.19879,715940,142220.7151
1787722800000,0.19879,0.19984,0.19524,0.19875,694120,136985.4621
1787723100000,0.19875,0.19934,0.19649,0.19765,167070,33020.1245
1787723400000,0.19765,0.19869,0.19716,0.19724,212160,42004.8681
1787723700000,0.19724,0.19838,0.1966,0.19826,42060,8292.7139
1787724000000,0.19826,0.20415,0.19819,0.20228,1361430,275256.8652
1787724300000,0.20228,0.20552,0.20219,0.20329,452950,92534.2121
1787724600000,0.20329,0.2068,0.20286,0.20352,758160,155509.5399
1787724900000,0.20352,0.20633,0.2028,0.20542,184120,37693.1422
1787725200000,0.20542,0.20553,0.20397,0.20426,110400,22610.2188
1787725500000,0.20426,0.20577,0.20368,0.20487,217950,44621.9936
1787725800000,0.20487,0.20911,0.20407,0.207,586740,121547.1874
1787726100000,0.207,0.20758,0.20456,0.205,315190,64890.601
1787726400000,0.205,0.20604,0.2036,0.20448,186470,38217.9457
1787726700000,0.20448,0.20649,0.20385,0.206,112650,23128.7802
1787727000000,0.206,0.20955,0.2059,0.20896,894550,186222.2283
1787727300000,0.20896,0.21079,0.20779,0.21025,312900,65523.1749
1787727600000,0.21025,0.21035,0.20698,0.20738,172660,35980.5774
1787727900000,0.20738,0.20923,0.20729,0.20892,176530,36751.7466
1787728200000,0.20892,0.21366,0.20856,0.21081,649760,137463.7953
1787728500000,0.21081,0.21447,0.21055,0.21284,248220,52843.9747
1787728800000,0.21284,0.217,0.2114,0.21545,831360,178412.0019
1787729100000,0.21545,0.21869,0.21462,0.21615,598880,129684.1058
1787729400000,0.21615,0.21998,0.21543,0.2191,496210,108053.1879
1787729700000,0.2191,0.22133,0.21571,0.22039,1167500,254763.7201
1787730000000,0.22039,0.228,0.21784,0.22588,1492200,335540.541
1787730300000,0.22588,0.22784,0.21903,0.22269,799680,178508.206
1787730600000,0.22269,0.22834,0.22269,0.22582,379230,85715.3604
1787730900000,0.22582,0.23222,0.22537,0.23123,704000,161700.6041
1787731200000,0.23123,0.2336,0.22173,0.22584,1833350,417163.5118
1787731500000,0.22584,0.23027,0.22224,0.23027,435270,98088.0267
1787731800000,0.23027,0.23078,0.2261,0.22775,605690,138431.6085
1787732100000,0.22775,0.23067,0.22675,0.22686,254660,58188.4837
1787732400000,0.22686,0.22732,0.22399,0.22421,313770,70845.0125
1787732700000,0.22421,0.226,0.22254,0.2256,376960,84616.931
1787733000000,0.2256,0.22875,0.22559,0.22741,263440,59789.6993
1787733300000,0.22741,0.22905,0.22651,0.22691,169570,38598.8904
1787733600000,0.22691,0.22891,0.22643,0.22822,269010,61298.7867
1787733900000,0.22822,0.2294,0.22625,0.22649,189460,43143.3304
1787734200000,0.22649,0.2299,0.22629,0.22796,391890,89415.0113
1787734500000,0.22796,0.23199,0.22664,0.22785,969540,222426.8522
1787734800000,0.22785,0.22792,0.22441,0.22606,433950,98064.0042
1787735100000,0.22606,0.22624,0.21926,0.2197,1124470,249775.0414
1787735400000,0.2197,0.22223,0.21957,0.22131,420040,92673.7552
1787735700000,0.22131,0.22197,0.21845,0.21948,401580,88367.0713
1787736000000,0.21948,0.22055,0.21828,0.21869,476380,104392.174
1787736300000,0.21869,0.22098,0.21712,0.22002,409550,89960.78
1787736600000,0.22002,0.22089,0.21939,0.22,93100,20483.7144
1787736900000,0.22,0.22053,0.21503,0.21542,603070,130646.6644
1787737200000,0.21542,0.21661,0.21451,0.21576,794370,171118.843
1787737500000,0.21576,0.21668,0.215,0.21583,227310,49057.673
1787737800000,0.21583,0.22085,0.21583,0.21944,824630,180239.1756
1787738100000,0.21944,0.22027,0.219,0.21942,183340,40250.4213
1787738400000,0.21942,0.2197,0.2166,0.21738,218050,47498.2343
1787738700000,0.21738,0.21777,0.21503,0.21637,161790,35011.4112
1787739000000,0.21637,0.21817,0.21623,0.2178,205970,44742.3094
1787739300000,0.2178,0.21912,0.21624,0.21675,233450,50886.0779
1787739600000,0.21675,0.2172,0.21211,0.21457,791950,169677.9222
1787739900000,0.21457,0.21646,0.21391,0.21604,308220,66344.7048
1787740200000,0.21604,0.21754,0.215,0.21641,302920,65620.164
1787740500000,0.21641,0.21738,0.21588,0.21645,165570,35868.3374
1787740800000,0.21645,0.2187,0.21496,0.21864,314490,68104.881
1787741100000,0.21864,0.2189,0.21532,0.21767,339010,73515.9988
1787741400000,0.21767,0.2196,0.21756,0.21868,393960,86145.1574
1787741700000,0.21868,0.22292,0.218,0.22189,564580,124558.9949
1787742000000,0.22189,0.22757,0.22118,0.22609,775860,174246.0016
1787742300000,0.22609,0.23082,0.22455,0.22839,961170,219169.2908
1787742600000,0.22839,0.23174,0.22821,0.23039,399480,91840.5323
1787742900000,0.23039,0.23047,0.22458,0.22652,640180,145453.1719
1787743200000,0.22652,0.22683,0.22241,0.22341,538180,120863.9439
1787743500000,0.22341,0.22735,0.22328,0.22518,355230,80021.244
1787743800000,0.22518,0.22569,0.22025,0.22054,705580,157184.9662
1787744100000,0.22054,0.22124,0.21116,0.2128,1405370,302953.8285
1787744400000,0.2128,0.21729,0.21025,0.2168,1147830,244379.686
1787744700000,0.2168,0.21712,0.21564,0.21635,225720,48853.1583
1787745000000,0.21635,0.21977,0.21492,0.2184,565810,122863.6346
1787745300000,0.2184,0.21894,0.2162,0.2162,449490,97864.6459
1787745600000,0.2162,0.21846,0.21199,0.21316,592130,127253.908
1787745900000,0.21316,0.21442,0.20745,0.20992,1784850,374040.1594
1787746200000,0.20992,0.21155,0.208,0.20945,429570,90234.2101
1787746500000,0.20945,0.20983,0.20527,0.20855,656290,136196.5497
1787746800000,0.20855,0.21139,0.20739,0.21099,589820,123449.4872
1787747100000,0.21099,0.21485,0.21084,0.21364,410110,87174.3708
1787747400000,0.21364,0.21451,0.20973,0.21194,540810,114432.0338
1787747700000,0.21194,0.2123,0.20604,0.20837,1156680,240994.4527
1787748000000,0.20837,0.21395,0.20837,0.21283,551070,116675.456
1787748300000,0.21283,0.21348,0.20948,0.21049,335200,70837.1234
1787748600000,0.21049,0.21122,0.21005,0.21122,69250,14594.1474
1787748900000,0.21122,0.21304,0.21116,0.21255,120030,25490.9296
1787749200000,0.21255,0.21378,0.21139,0.21169,307430,65377.4879
1787749500000,0.21169,0.2123,0.20724,0.20727,326100,68332.1691
1787749800000,0.20727,0.20798,0.20239,0.20279,1143750,234361.0013
1787750100000,0.20279,0.204,0.20001,0.20062,871300,175722.4108
1787750400000,0.20062,0.20341,0.1999,0.20237,905220,182024.3303
1787750700000,0.20237,0.20265,0.19268,0.1948,1725920,340091.2548
1787751000000,0.1948,0.20046,0.19441,0.20046,808530,159770.1017
1787751300000,0.20046,0.20571,0.19941,0.20462,611500,124269.8728
1787751600000,0.20462,0.20722,0.20319,0.20676,512530,104959.2664
1787751900000,0.20676,0.2075,0.20363,0.20497,433060,89047.6143
1787752200000,0.20497,0.20703,0.19936,0.20081,1113470,227124.8301
1787752500000,0.20081,0.20507,0.20081,0.20479,309450,62990.4845
1787752800000,0.20479,0.20808,0.2047,0.20702,348650,71871.6194
1787753100000,0.20702,0.20859,0.20536,0.20734,666620,138156.4469
1787753400000,0.20734,0.21133,0.20665,0.20985,685980,143452.7738
1787753700000,0.20985,0.21712,0.20915,0.21584,959510,205125.1844
1787754000000,0.21584,0.22066,0.21408,0.21483,1164320,253411.2855
1787754300000,0.21483,0.21594,0.21143,0.21342,801830,171476.2201
1787754600000,0.21342,0.21399,0.21006,0.21052,325530,69018.8517
1787754900000,0.21052,0.21193,0.2068,0.20905,687480,143826.4876
1787755200000,0.20905,0.2137,0.20893,0.2106,545700,115653.3543
1787755500000,0.2106,0.21144,0.20444,0.20581,827090,171737.6375
1787755800000,0.20581,0.20791,0.19982,0.20059,1644950,334959.4253
1787756100000,0.20059,0.20187,0.1964,0.19804,1136360,225867.8984
1787756400000,0.19804,0.2024,0.19773,0.20175,603420,121003.8735
1787756700000,0.20175,0.20588,0.20164,0.20564,619020,126388.1519
1787757000000,0.20564,0.20581,0.20392,0.20437,433100,88764.9452
1787757300000,0.20437,0.20455,0.20189,0.2035,564650,114642.1012
1787757600000,0.2035,0.20357,0.19981,0.20208,514010,103401.947
1787757900000,0.20208,0.2084,0.20207,0.20812,596880,122735.9689
1787758200000,0.20812,0.209,0.20232,0.20274,807140,165353.5303
1787758500000,0.20274,0.20317,0.19665,0.20071,872210,173899.9213
1787758800000,0.20071,0.201,0.19632,0.19869,641910,127537.7925
1787759100000,0.19869,0.2019,0.19807,0.20156,268700,53785.7478
1787759400000,0.20156,0.20231,0.20111,0.20113,140730,28387.9814
1787759700000,0.20113,0.20125,0.19888,0.19951,565640,112931.4422
1787760000000,0.19951,0.2,0.19742,0.19852,359550,71380.4358
1787760300000,0.19852,0.1996,0.19823,0.19911,80680,16038.8335
1787760600000,0.19911,0.19954,0.19563,0.19609,490630,96848.373
1787760900000,0.19609,0.19636,0.19383,0.19635,473590,92341.4354
1787761200000,0.19635,0.19896,0.19635,0.19767,240050,47505.8228
1787761500000,0.19767,0.19798,0.19234,0.19244,531660,103083.9906
1787761800000,0.19244,0.19635,0.19018,0.19597,1303530,251613.5795
1787762100000,0.19597,0.19808,0.19246,0.19264,631200,123618.0232
1787762400000,0.19264,0.19306,0.18863,0.19042,1131600,216049.3467
1787762700000,0.19042,0.19383,0.18953,0.1924,747030,142711.8493
1787763000000,0.1924,0.19305,0.187,0.18759,576920,109927.0048
1787763300000,0.18759,0.19031,0.18628,0.18859,831510,156647.0896
1787763600000,0.18859,0.19532,0.18859,0.19403,782740,150980.6983
1787763900000,0.19403,0.19779,0.1936,0.1968,303860,59548.4979
1787764200000,0.1968,0.1968,0.1946,0.19638,379100,74233.3314
1787764500000,0.19638,0.19912,0.19614,0.19767,341460,67564.9196
1787764800000,0.19767,0.19929,0.19672,0.19757,263570,52089.2154
1787765100000,0.19757,0.20014,0.19737,0.19827,161150,32033.5679
1787765400000,0.19827,0.20127,0.19808,0.1991,310440,61915.5594
1787765700000,0.1991,0.20129,0.19698,0.19932,249960,49812.0841
1787766000000,0.19932,0.20332,0.19888,0.20146,440560,88772.7317
1787766300000,0.20146,0.20322,0.20009,0.2006,571380,115101.4818
1787766600000,0.2006,0.20597,0.19994,0.20475,534500,108543.7105
1787766900000,0.20475,0.20497,0.20078,0.20262,403880,81935.3468
1787767200000,0.20262,0.20352,0.20126,0.20217,176880,35843.7911
1787767500000,0.20217,0.20264,0.20119,0.20172,98920,19985.3093
1787767800000,0.20172,0.20213,0.20036,0.20049,197140,39680.3007
1787768100000,0.20049,0.20096,0.19918,0.20062,266720,53319.0464
1787768400000,0.20062,0.20126,0.19964,0.19998,97900,19634.6592
1787768700000,0.19998,0.20033,0.19715,0.20033,454300,90306.0594
1787769000000,0.20033,0.20034,0.19956,0.19964,42970,8589.0686
1787769300000,0.19964,0.20048,0.19761,0.19811,87440,17437.328
1787769600000,0.19811,0.19856,0.19709,0.19801,96580,19088.9629
1787769900000,0.19801,0.2015,0.19801,0.20027,340480,68154.5639
1787770200000,0.20027,0.20084,0.19953,0.20029,184660,36950.4148
1787770500000,0.20029,0.20072,0.20011,0.20017,28650,5742.5912
1787770800000,0.20017,0.20423,0.19986,0.20314,903330,182874.6383
1787771100000,0.20314,0.20345,0.19767,0.19888,466350,93532.8274
1787771400000,0.19888,0.19927,0.19708,0.19755,356980,70775.4733
1787771700000,0.19755,0.1995,0.19738,0.19925,162880,32287.4245
1787772000000,0.19925,0.1995,0.1985,0.1985,53240,10600.0772
1787772300000,0.1985,0.2035,0.19751,0.20294,629010,126934.1882
1787772600000,0.20294,0.20326,0.20096,0.20178,223950,45233.0681
1787772900000,0.20178,0.20243,0.20086,0.20154,137890,27804.3204
1787773200000,0.20154,0.20244,0.2013,0.20204,48360,9764.9026
1787773500000,0.20204,0.20239,0.20134,0.20149,53090,10719.4928
1787773800000,0.20149,0.20265,0.19861,0.19934,144470,28970.3891
1787774100000,0.19934,0.20017,0.19811,0.20017,223170,44403.5706
1787774400000,0.20017,0.20043,0.19559,0.19633,374050,73708.7988
1787774700000,0.19633,0.19825,0.19626,0.19758,135260,26722.921
1787775000000,0.19758,0.19869,0.19724,0.19869,76450,15137.0748
1787775300000,0.19869,0.20183,0.19858,0.19959,352930,70647.0825
1787775600000,0.19959,0.20121,0.19816,0.201,156310,31227.9524
1787775900000,0.201,0.20365,0.20091,0.20243,647760,131138.5521
1787776200000,0.20243,0.20304,0.20138,0.20171,146200,29560.0769
1787776500000,0.20171,0.20764,0.20154,0.20491,619510,126886.533
1787776800000,0.20491,0.2106,0.20394,0.20748,651170,135407.5995
1787777100000,0.20748,0.21091,0.20709,0.2106,268510,56114.6605
1787777400000,0.2106,0.21268,0.20936,0.21116,577110,121841.7421
1787777700000,0.21116,0.21734,0.21112,0.21636,483350,103642.099
1787778000000,0.21636,0.21933,0.21595,0.2187,548700,119698.4582
1787778300000,0.2187,0.21928,0.21304,0.21507,700610,151247.6661
1787778600000,0.21507,0.21783,0.21418,0.21701,237690,51350.7519
1787778900000,0.21701,0.2213,0.21588,0.21716,1067820,232948.3979
1787779200000,0.21716,0.22079,0.21588,0.21887,544700,119088.1293
1787779500000,0.21887,0.22498,0.21825,0.22133,1316820,292505.3894
1787779800000,0.22133,0.224,0.21684,0.21837,950340,209029.4349
1787780100000,0.21837,0.22139,0.21806,0.21871,690520,151592.9132
1787780400000,0.21871,0.21984,0.21749,0.21963,271520,59373.7252
1787780700000,0.21963,0.23469,0.21932,0.23111,2657540,607573.6416
1787781000000,0.23111,0.2484,0.22958,0.24675,5882760,1410071.303
1787781300000,0.24675,0.25688,0.23831,0.24121,4623080,1147109.4453
1787781600000,0.24121,0.24615,0.23541,0.23835,3014600,726047.0956
1787781900000,0.23835,0.2445,0.23655,0.24316,1154680,278178.4767
1787782200000,0.24316,0.24893,0.238,0.24148,2552950,623686.1045
1787782500000,0.24148,0.24548,0.23141,0.24313,2186410,521869.9821
1787782800000,0.24313,0.24406,0.23675,0.23861,742980,178214.2937
1787783100000,0.23861,0.23931,0.23001,0.23522,1251960,293470.6997
1787783400000,0.23522,0.24766,0.2344,0.24456,977290,235739.4188
1787783700000,0.24456,0.25078,0.24035,0.24081,1461660,360100.1077
1787784000000,0.24081,0.24446,0.23991,0.24249,407680,98706.5715
1787784300000,0.24249,0.24393,0.23386,0.23824,784070,187099.2924
1787784600000,0.23824,0.24029,0.23576,0.24004,587110,139880.1398
1787784900000,0.24004,0.24063,0.237,0.24008,386270,92253.9996
1787785200000,0.24008,0.24505,0.2387,0.24463,558630,135423.9087
1787785500000,0.24463,0.2481,0.23974,0.24174,1633740,397273.9202
1787785800000,0.24174,0.2531,0.24001,0.25138,1944750,481915.7805
1787786100000,0.25138,0.25367,0.24268,0.24594,1080680,269565.1679
1787786400000,0.24594,0.24726,0.24225,0.24561,503320,123284.4061
1787786700000,0.24561,0.25399,0.24452,0.25097,669660,167180.4643
1787787000000,0.25097,0.257,0.25069,0.25153,1064420,269934.6759
1787787300000,0.25153,0.2552,0.24897,0.25394,397780,100401.7702
1787787600000,0.25394,0.25801,0.24776,0.25145,2114320,533006.4123
1787787900000,0.25145,0.25187,0.2416,0.24455,1541510,380391.5691
1787788200000,0.24455,0.24475,0.23956,0.24164,1161630,280572.746
1787788500000,0.24164,0.24295,0.24065,0.24198,286090,69156.3963
1787788800000,0.24198,0.24639,0.24127,0.24576,387500,94364.2568
1787789100000,0.24576,0.24841,0.24109,0.24608,459560,112628.0179
1787789400000,0.24608,0.24624,0.2442,0.24524,160700,39387.7795
1787789700000,0.24524,0.24524,0.23653,0.23836,658020,157301.3641
1787790000000,0.23836,0.2401,0.23559,0.23842,357220,84910.4217
1787790300000,0.23842,0.24331,0.23818,0.2394,426680,102515.858
1787790600000,0.2394,0.24127,0.23551,0.23765,262560,62590.6715
1787790900000,0.23765,0.24155,0.23464,0.23513,286020,67907.5502
1787791200000,0.23513,0.2397,0.23513,0.23761,252290,59937.4239
1787791500000,0.23761,0.23798,0.234,0.23567,264290,62146.7524
1787791800000,0.23567,0.24636,0.23512,0.24096,1073810,259017.8928
1787792100000,0.24096,0.24341,0.23664,0.24207,512590,122717.7218
1787792400000,0.24207,0.24348,0.24112,0.24133,142250,34463.8115
1787792700000,0.24133,0.24133,0.23751,0.24056,129070,30961.7036
1787793000000,0.24056,0.24097,0.23248,0.23665,598220,140735.1596
1787793300000,0.23665,0.24085,0.23653,0.24027,254520,60821.324
1787793600000,0.24027,0.24065,0.23916,0.23981,84010,20140.0695
1787793900000,0.23981,0.24231,0.23856,0.24163,190880,45755.3284
1787794200000,0.24163,0.24475,0.24059,0.2443,347960,84561.3406
1787794500000,0.2443,0.24596,0.2417,0.24562,87490,21310.1018
1787794800000,0.24562,0.24747,0.2405,0.24083,260310,63681.3797
1787795100000,0.24083,0.24538,0.24004,0.24495,345420,84081.8747
1787795400000,0.24495,0.2468,0.24368,0.24464,190950,46814.456
1787795700000,0.24464,0.24495,0.2417,0.24231,204710,49805.1688
1787796000000,0.24231,0.2438,0.23866,0.24089,238700,57661.5762
1787796300000,0.24089,0.24144,0.23886,0.24093,205370,49301.32
1787796600000,0.24093,0.24121,0.23283,0.2354,651940,154204.4686
1787796900000,0.2354,0.23691,0.233,0.2362,618750,145375.9088
1787797200000,0.2362,0.23679,0.23278,0.23278,115570,27223.6259
1787797500000,0.23278,0.2338,0.2315,0.2332,265320,61603.1245
1787797800000,0.2332,0.23337,0.22376,0.22663,1913700,435591.267
1787798100000,0.22663,0.23275,0.22641,0.23227,796570,182945.2012
1787798400000,0.23227,0.23455,0.23155,0.23395,383240,89303.9868
1787798700000,0.23395,0.23504,0.2308,0.23134,532160,123711.9865
1787799000000,0.23134,0.23175,0.2293,0.231,294680,67866.2836
1787799300000,0.231,0.2315,0.22987,0.22989,124270,28672.888
1787799600000,0.22989,0.23294,0.22966,0.23182,311670,72045.1914
1787799900000,0.23182,0.23361,0.23164,0.23169,133250,31012.0116
1787800200000,0.23169,0.23198,0.23026,0.23126,126350,29188.4637
1787800500000,0.23126,0.23322,0.22993,0.23187,216180,50052.4204
1787800800000,0.23187,0.23699,0.23187,0.23515,469230,110314.8885
1787801100000,0.23515,0.23975,0.23365,0.23745,347870,82451.7856
1787801400000,0.23745,0.24092,0.2339,0.23722,682470,162005.9083
1787801700000,0.23722,0.23866,0.23693,0.23708,36920,8783.6578
1787802000000,0.23708,0.2394,0.23687,0.23795,86010,20462.2408
1787802300000,0.23795,0.24269,0.23722,0.23935,240300,57641.7742
1787802600000,0.23935,0.24277,0.23911,0.24056,133550,32152.2353
1787802900000,0.24056,0.24281,0.24027,0.24132,199170,48188.7233
1787803200000,0.24132,0.24572,0.23857,0.24235,1025890,248121.5099
1787803500000,0.24235,0.24242,0.2386,0.24135,438740,105615.9726
1787803800000,0.24135,0.24188,0.2383,0.23868,143820,34565.3557
1787804100000,0.23868,0.24061,0.23677,0.23839,442250,105285.3764
1787804400000,0.23839,0.23871,0.23515,0.23628,250820,59299.8664
1787804700000,0.23628,0.23628,0.21951,0.22821,3452220,781067.0704
1787805000000,0.22821,0.22842,0.222,0.22429,1026320,230945.3328
1787805300000,0.22429,0.22829,0.22328,0.22669,739120,167205.4153
1787805600000,0.22669,0.22704,0.22471,0.22593,171940,38832.6302
1787805900000,0.22593,0.22812,0.22539,0.22754,136170,30904.1608
1787806200000,0.22754,0.22954,0.22652,0.22849,228150,51966.8719
1787806500000,0.22849,0.22908,0.22137,0.22284,588860,131853.6896
1787806800000,0.22284,0.22417,0.22244,0.2229,214330,47852.2664
1787807100000,0.2229,0.22339,0.22179,0.22279,92280,20544.6409
1787807400000,0.22279,0.22412,0.22199,0.22218,96620,21554.0522
1787807700000,0.22218,0.22429,0.22136,0.22278,167960,37403.7252
1787808000000,0.22278,0.2264,0.22272,0.22624,124420,27990.9107
1787808300000,0.22624,0.22985,0.22623,0.22782,296800,67780.3857
1787808600000,0.22782,0.22812,0.2215,0.22203,389420,87614.7256
1787808900000,0.22203,0.22289,0.21778,0.22261,737980,162481.4286
1787809200000,0.22261,0.22511,0.22249,0.22423,178530,39908.8186
1787809500000,0.22423,0.22603,0.22422,0.2247,225380,50721.4659
1787809800000,0.2247,0.227,0.2247,0.22685,103300,23319.0888
1787810100000,0.22685,0.22868,0.22671,0.22813,157250,35839.7248
1787810400000,0.22813,0.23327,0.22796,0.23147,713310,164456.9122
1787810700000,0.23147,0.23507,0.22818,0.2287,657630,152403.2068
1787811000000,0.2287,0.23077,0.22845,0.23034,130900,30028.7883
1787811300000,0.23034,0.23342,0.2298,0.23244,165000,38253.2005
1787811600000,0.23244,0.23265,0.23103,0.23114,63790,14786.7496
1787811900000,0.23114,0.23114,0.22795,0.22891,276130,63140.5072
1787812200000,0.22891,0.229,0.22248,0.22524,387720,87195.6351
1787812500000,0.22524,0.22621,0.22453,0.22588,66910,15077.991
1787812800000,0.22588,0.22795,0.2255,0.22661,192300,43642.8685
1787813100000,0.22661,0.23195,0.22633,0.22982,479210,109992.658
1787813400000,0.22982,0.23182,0.22911,0.23172,94200,21677.738
1787813700000,0.23172,0.23172,0.23026,0.2315,69880,16140.8286
1787814000000,0.2315,0.2329,0.23134,0.23183,72920,16932.5772
1787814300000,0.23183,0.2354,0.22915,0.23244,614840,143083.6144
1787814600000,0.23244,0.23399,0.22727,0.2296,273990,63345.3951
1787814900000,0.2296,0.23172,0.22927,0.23161,249980,57554.9025
1787815200000,0.23161,0.232,0.22884,0.23021,327340,75475.2714
1787815500000,0.23021,0.23054,0.22884,0.23033,69900,16056.0849
1787815800000,0.23033,0.2317,0.22977,0.23109,207590,47863.7559
1787816100000,0.23109,0.23134,0.23041,0.23064,112820,26039.9107
1787816400000,0.23064,0.23501,0.2306,0.23417,730990,170281.9902
1787816700000,0.23417,0.23482,0.23261,0.23407,139580,32636.6961
1787817000000,0.23407,0.23625,0.23347,0.23596,183810,43194.6828
1787817300000,0.23596,0.2383,0.23537,0.23699,321420,76129.3719
1787817600000,0.23699,0.23808,0.23457,0.23674,323380,76511.9929
1787817900000,0.23674,0.23846,0.235,0.23652,328960,77796.774
1787818200000,0.23652,0.23661,0.2342,0.23529,168410,39645.6626
1787818500000,0.23529,0.23529,0.23175,0.2336,361880,84660.2034
1787818800000,0.2336,0.23464,0.23173,0.23256,223050,52124.2173
1787819100000,0.23256,0.23332,0.22997,0.23086,257770,59597.7443
1787819400000,0.23086,0.23327,0.23059,0.23172,163550,37946.5226
1787819700000,0.23172,0.23242,0.22834,0.22886,272870,62850.4306
1787820000000,0.22886,0.232,0.22833,0.23186,211960,48753.9487
1787820300000,0.23186,0.23321,0.22999,0.23023,231680,53620.2486
1787820600000,0.23023,0.23025,0.22764,0.22865,678190,154859.4384
1787820900000,0.22865,0.22962,0.22754,0.22862,126860,29035.9093
1787821200000,0.22862,0.22907,0.22784,0.22907,35450,8098.2323
1787821500000,0.22907,0.22956,0.22847,0.22945,25390,5813.6513
1787821800000,0.22945,0.23115,0.22934,0.23076,97290,22412.5116
1787822100000,0.23076,0.2339,0.2299,0.23339,197690,45953.249
1787822400000,0.23339,0.2358,0.23332,0.23569,130470,30669.1233
1787822700000,0.23569,0.23965,0.23569,0.23779,337320,80287.3003
1787823000000,0.23779,0.23999,0.2336,0.23373,482080,114024.4304
1787823300000,0.23373,0.23401,0.23244,0.23343,190390,44400.1695
1787823600000,0.23343,0.23567,0.22572,0.23008,811350,186219.5571
1787823900000,0.23008,0.23353,0.22985,0.23123,426230,98701.7049
1787824200000,0.23123,0.23123,0.22665,0.22812,558910,127594.5455
1787824500000,0.22812,0.23258,0.22749,0.23191,332670,76596.9673
1787824800000,0.23191,0.23269,0.23078,0.23252,69510,16129.9698
1787825100000,0.23252,0.23395,0.23227,0.23336,246140,57382.4934
1787825400000,0.23336,0.23336,0.22803,0.22882,466500,107448.1002
1787825700000,0.22882,0.23358,0.22784,0.23237,300210,69233.1702
1787826000000,0.23237,0.23237,0.22864,0.23015,338750,78145.6583
1787826300000,0.23015,0.23099,0.22572,0.2305,533370,121834.1643
1787826600000,0.2305,0.2305,0.22586,0.22772,189830,43333.4192
1787826900000,0.22772,0.22789,0.21973,0.22295,1095040,244353.0771
1787827200000,0.22295,0.22383,0.22211,0.2231,170910,38131.6955
1787827500000,0.2231,0.22332,0.2209,0.22272,219210,48713.4722
1787827800000,0.22272,0.22456,0.2182,0.22447,911990,202527.6462
1787828100000,0.22447,0.22856,0.22431,0.22733,345520,78404.9941
1787828400000,0.22733,0.22932,0.22657,0.22891,121570,27720.4582
1787828700000,0.22891,0.23083,0.228,0.23039,139130,31846.1151
1787829000000,0.23039,0.23087,0.2289,0.22943,168040,38575.2188
1787829300000,0.22943,0.23079,0.22654,0.22736,184780,42230.136
1787829600000,0.22736,0.22745,0.226,0.22678,232800,52761.6903
1787829900000,0.22678,0.22754,0.22645,0.22674,122140,27723.9111
1787830200000,0.22674,0.22965,0.22644,0.22904,518400,118223.649
1787830500000,0.22904,0.23104,0.22897,0.22964,94030,21643.6554
1787830800000,0.22964,0.22964,0.2266,0.22716,155390,35387.8691
1787831100000,0.22716,0.22865,0.22716,0.2282,132850,30314.7586
1787831400000,0.2282,0.22899,0.22725,0.22887,91340,20836.8427
1787831700000,0.22887,0.23111,0.22879,0.23044,208210,47947.0369
1787832000000,0.23044,0.23159,0.23023,0.23076,193470,44687.9078
1787832300000,0.23076,0.23195,0.22997,0.23,180020,41550.6692
1787832600000,0.23,0.23124,0.2296,0.23124,39540,9102.9178
1787832900000,0.23124,0.23766,0.2309,0.23592,728600,171036.1736
1787833200000,0.23592,0.23897,0.23572,0.23823,338180,80305.1664
1787833500000,0.23823,0.24142,0.23773,0.24072,329490,78800.9244
1787833800000,0.24072,0.24399,0.23858,0.24269,604770,146374.3323
1787834100000,0.24269,0.24297,0.24018,0.24088,346840,83694.9974
1787834400000,0.24088,0.24223,0.23714,0.23791,355250,85236.83
1787834700000,0.23791,0.2405,0.23791,0.23957,168520,40326.7199
1787835000000,0.23957,0.2402,0.23893,0.2402,102500,24550.1407
1787835300000,0.2402,0.2402,0.23616,0.23696,125300,29789.9775
1787835600000,0.23696,0.2377,0.23308,0.23637,327890,77397.8876
1787835900000,0.23637,0.23672,0.23503,0.23602,66110,15578.4102
1787836200000,0.23602,0.24108,0.23602,0.2408,273540,65327.2891
1787836500000,0.2408,0.24229,0.23906,0.23956,232440,55983.1312
1787836800000,0.23956,0.24205,0.23877,0.2406,131070,31536.8796
1787837100000,0.2406,0.24177,0.23818,0.23999,262660,63100.699
1787837400000,0.23999,0.24115,0.23371,0.23446,612850,145762.9212
1787837700000,0.23446,0.23556,0.23372,0.23372,144030,33806.3376
1787838000000,0.23372,0.2343,0.23245,0.23402,213250,49777.3585
1787838300000,0.23402,0.23651,0.23359,0.23362,147570,34706.7373
1787838600000,0.23362,0.23375,0.2319,0.23279,279330,65057.1102
1787838900000,0.23279,0.23362,0.23233,0.23316,65370,15234.9935
1787839200000,0.23316,0.23524,0.23285,0.23517,89440,20960.5817
1787839500000,0.23517,0.23557,0.23253,0.23287,215400,50335.5751
1787839800000,0.23287,0.2332,0.2322,0.23291,83870,19520.871
1787840100000,0.23291,0.23341,0.23166,0.2325,83610,19462.6751
1787840400000,0.2325,0.23998,0.2325,0.23695,386000,91311.5651
1787840700000,0.23695,0.24384,0.23671,0.24032,538870,130089.8119
1787841000000,0.24032,0.25163,0.24028,0.25123,654200,160724.6325
1787841300000,0.25123,0.2533,0.24857,0.2526,1487160,373850.5749
1787841600000,0.2526,0.25594,0.24687,0.25085,1313840,331944.5309
1787841900000,0.25085,0.25325,0.24536,0.24772,950800,237100.5763
1787842200000,0.24772,0.24991,0.24748,0.24925,277380,69076.1293
1787842500000,0.24925,0.25662,0.24916,0.25612,967640,244344.8817
1787842800000,0.25612,0.2585,0.24824,0.25315,1175350,298765.8331
1787843100000,0.25315,0.25431,0.25032,0.25072,249950,63018.9441
1787843400000,0.25072,0.25393,0.24938,0.25246,211190,53153.8407
1787843700000,0.25246,0.25424,0.25085,0.25291,158890,40202.6581
1787844000000,0.25291,0.25418,0.25044,0.25068,292000,73663.5082
1787844300000,0.25068,0.25106,0.24654,0.24844,445410,110781.9789
1787844600000,0.24844,0.25059,0.24655,0.24821,257100,63841.6645
1787844900000,0.24821,0.24946,0.24621,0.24874,470780,116665.6362
1787845200000,0.24874,0.25607,0.24864,0.25296,338970,85593.0273
1787845500000,0.25296,0.25597,0.2521,0.25575,179510,45652.9057
1787845800000,0.25575,0.25928,0.25102,0.2534,789990,201989.0871
1787846100000,0.2534,0.2534,0.24886,0.25153,484650,121591.7326
1787846400000,0.25153,0.25207,0.24641,0.24695,367510,91666.8092
1787846700000,0.24695,0.25016,0.24207,0.24457,623600,153333.6892
1787847000000,0.24457,0.24865,0.24382,0.24707,201330,49603.4156
1787847300000,0.24707,0.24999,0.2455,0.24882,236710,58638.2412
1787847600000,0.24882,0.24999,0.24763,0.2488,158060,39333.7482
1787847900000,0.2488,0.24975,0.24487,0.2457,291990,71976.5917
1787848200000,0.2457,0.24873,0.24465,0.24772,103700,25619.0498
1787848500000,0.24772,0.24938,0.24636,0.24906,158070,39195.3809
1787848800000,0.24906,0.24918,0.24727,0.24788,347030,86115.2445
1787849100000,0.24788,0.24824,0.24535,0.24676,324710,80176.3761
1787849400000,0.24676,0.24799,0.24603,0.24748,99210,24504.6354
1787849700000,0.24748,0.24861,0.24663,0.24693,84620,20963.1698
1787850000000,0.24693,0.2485,0.24568,0.24765,212220,52351.1641
1787850300000,0.24765,0.24821,0.24647,0.24674,85410,21136.63
1787850600000,0.24674,0.25083,0.24636,0.24865,429700,107037.903
1787850900000,0.24865,0.25346,0.24837,0.25247,330620,82865.6557
1787851200000,0.25247,0.25355,0.25017,0.25263,254830,64276.1036
1787851500000,0.25263,0.25668,0.25127,0.25454,876410,223039.2545
1787851800000,0.25454,0.25697,0.25423,0.25556,444740,113731.669
1787852100000,0.25556,0.25573,0.25179,0.25255,272800,69136.9649
1787852400000,0.25255,0.2534,0.24813,0.2486,313700,78634.756
1787852700000,0.2486,0.2486,0.24218,0.24388,1209510,296070.3501
1787853000000,0.24388,0.24396,0.23542,0.24251,1684710,402428.4691
1787853300000,0.24251,0.2432,0.2368,0.23694,920380,222303.5286
1787853600000,0.23694,0.2445,0.23042,0.24282,1804910,426898.4041
1787853900000,0.24282,0.24614,0.24212,0.24496,429570,104999.444
1787854200000,0.24496,0.24511,0.24273,0.24319,352620,86000.3642
1787854500000,0.24319,0.24431,0.23871,0.23897,437780,105675.7679
1787854800000,0.23897,0.24513,0.23544,0.24444,1010970,241505.9694
1787855100000,0.24444,0.2457,0.24396,0.245,221540,54227.0456
1787855400000,0.245,0.2451,0.23853,0.24072,361200,87303.1883
1787855700000,0.24072,0.24521,0.24061,0.24387,248320,60294.5626
1787856000000,0.24387,0.24432,0.24303,0.24369,54320,13232.6917
1787856300000,0.24369,0.24731,0.24173,0.24525,338910,82939.0916
1787856600000,0.24525,0.24707,0.24312,0.24397,153450,37630.3488
1787856900000,0.24397,0.24532,0.24194,0.24217,163450,39807.0388
1787857200000,0.24217,0.24246,0.23716,0.24127,272640,65363.4053
1787857500000,0.24127,0.24227,0.23995,0.24055,118230,28479.8737
1787857800000,0.24055,0.24264,0.24019,0.2424,64850,15650.4389
1787858100000,0.2424,0.24487,0.24151,0.24345,96920,23558.8968
1787858400000,0.24345,0.24497,0.24289,0.24364,105030,25618.4349
1787858700000,0.24364,0.24364,0.23829,0.2388,210460,50722.4329
1787859000000,0.2388,0.2388,0.23563,0.23635,184170,43638.39
1787859300000,0.23635,0.23929,0.23474,0.23916,623910,147271.2472
1787859600000,0.23916,0.23992,0.2385,0.23932,64580,15449.4736
1787859900000,0.23932,0.23988,0.23225,0.23554,458010,108175.5647
1787860200000,0.23554,0.23616,0.23349,0.23472,128950,30283.9998
1787860500000,0.23472,0.23593,0.22663,0.23248,979120,225563.7041
1787860800000,0.23248,0.23366,0.23063,0.23103,388970,90250.2804
1787861100000,0.23103,0.23154,0.22483,0.22958,842560,192083.4539
1787861400000,0.22958,0.23172,0.22937,0.23121,176060,40592.952
1787861700000,0.23121,0.23893,0.2297,0.23737,695010,163346.6049
1787862000000,0.23737,0.23916,0.23563,0.23611,290250,68865.2674
1787862300000,0.23611,0.23968,0.23551,0.23735,177960,42285.433
1787862600000,0.23735,0.23735,0.23413,0.2365,253340,59701.3643
1787862900000,0.2365,0.24087,0.23636,0.23826,521980,124689.1774
1787863200000,0.23826,0.24078,0.23826,0.2405,112520,26925.8546
1787863500000,0.2405,0.24302,0.23978,0.2403,336490,81250.2456
1787863800000,0.2403,0.2403,0.23777,0.23934,159390,38081.1122
1787864100000,0.23934,0.23987,0.23714,0.23874,148030,35270.5234
1787864400000,0.23874,0.23892,0.23688,0.23819,48140,11460.3088
1787864700000,0.23819,0.23886,0.23628,0.23636,68660,16305.7464
1787865000000,0.23636,0.23878,0.23475,0.23848,188140,44433.7017
1787865300000,0.23848,0.23848,0.236,0.23629,60660,14380.5959
1787865600000,0.23629,0.23657,0.23265,0.23384,174530,40889.6212
1787865900000,0.23384,0.23489,0.23336,0.23336,39050,9145.8929
1787866200000,0.23336,0.23384,0.23244,0.23273,64870,15121.5631
1787866500000,0.23273,0.23315,0.22997,0.23024,120370,27882.3169
1787866800000,0.23024,0.23138,0.22852,0.23001,111200,25546.9575
1787867100000,0.23001,0.23414,0.22978,0.23294,102710,23807.8535
1787867400000,0.23294,0.23399,0.22792,0.2283,200310,46181.8927
1787867700000,0.2283,0.22906,0.22658,0.22767,130400,29637.4388
1787868000000,0.22767,0.23428,0.22767,0.23274,224100,51714.9997
1787868300000,0.23274,0.23432,0.23134,0.23404,351180,81787.6459
1787868600000,0.23404,0.23712,0.23321,0.23331,387160,91000.8212
1787868900000,0.23331,0.23553,0.23322,0.23433,389960,91264.3782
1787869200000,0.23433,0.23445,0.22737,0.23028,529270,121669.8087
1787869500000,0.23028,0.23028,0.22841,0.22885,62860,14401.7349
1787869800000,0.22885,0.23058,0.2279,0.22891,279730,64106.5841
1787870100000,0.22891,0.23015,0.2286,0.22981,88950,20415.4862
1787870400000,0.22981,0.23006,0.22762,0.22836,170260,38999.5763
1787870700000,0.22836,0.22944,0.22814,0.22938,19740,4515.2449
1787871000000,0.22938,0.23008,0.2293,0.22974,24690,5670.208
1787871300000,0.22974,0.23014,0.22945,0.22994,136630,31388.1738
1787871600000,0.22994,0.2334,0.22938,0.23206,301530,69608.4383
1787871900000,0.23206,0.2343,0.23049,0.2327,173900,40421.2195
1787872200000,0.2327,0.23283,0.23146,0.232,71670,16637.647
1787872500000,0.232,0.23283,0.23092,0.23236,105450,24478.1931
1787872800000,0.23236,0.23241,0.22773,0.22909,100870,23157.0474
1787873100000,0.22909,0.23092,0.22836,0.22969,89370,20525.2136
1787873400000,0.22969,0.23016,0.22758,0.22758,109630,25070.5598
1787873700000,0.22758,0.22939,0.22721,0.22938,129160,29480.1913
1787874000000,0.22938,0.22981,0.22744,0.2286,66150,15111.1911
1787874300000,0.2286,0.22982,0.22835,0.22877,53850,12331.1816
1787874600000,0.22877,0.22962,0.22745,0.22962,113320,25863.4861
1787874900000,0.22962,0.23095,0.2292,0.23044,99790,22982.7102
1787875200000,0.23044,0.23091,0.22821,0.22864,120840,27788.5161
1787875500000,0.22864,0.22864,0.221,0.22254,1105130,246848.1322
1787875800000,0.22254,0.22676,0.218,0.218,1228360,272861.2083
1787876100000,0.218,0.22104,0.21266,0.22029,1174320,253912.2414
1787876400000,0.22029,0.22091,0.21249,0.21296,602000,130043.3105
1787876700000,0.21296,0.21339,0.20468,0.2065,2304220,481171.0866
1787877000000,0.2065,0.21513,0.20557,0.21133,1372380,289437.7108
1787877300000,0.21133,0.21899,0.21073,0.21775,478560,103140.7268
1787877600000,0.21775,0.21954,0.2125,0.21408,471120,101588.5576
1787877900000,0.21408,0.21462,0.2133,0.21412,66350,14198.6999
1787878200000,0.21412,0.21608,0.2103,0.2145,304420,65027.3829
1787878500000,0.2145,0.21741,0.21277,0.21415,402490,86707.7305
1787878800000,0.21415,0.21806,0.21405,0.217,231200,50115.4694
1787879100000,0.217,0.22009,0.21528,0.21791,199600,43415.291
1787879400000,0.21791,0.21904,0.21576,0.21658,392770,85273.2018
1787879700000,0.21658,0.21792,0.21466,0.21709,275960,59736.523
1787880000000,0.21709,0.2172,0.21075,0.21303,269560,57618.9552
1787880300000,0.21303,0.21587,0.21184,0.21396,150420,32184.7717
1787880600000,0.21396,0.21691,0.21359,0.21508,330190,71209.8409
1787880900000,0.21508,0.21651,0.21234,0.21382,386710,82794.049
1787881200000,0.21382,0.21548,0.2135,0.21464,168300,36092.7806
1787881500000,0.21464,0.21528,0.21328,0.21328,97660,20946.919
1787881800000,0.21328,0.21618,0.21281,0.21332,173330,37223.2856
1787882100000,0.21332,0.2136,0.2116,0.21259,160100,34006.1388
1787882400000,0.21259,0.213,0.21192,0.21273,132720,28213.6123
1787882700000,0.21273,0.21285,0.20841,0.20968,431820,90640.6455
1787883000000,0.20968,0.21024,0.20855,0.20966,116090,24330.4797
1787883300000,0.20966,0.2102,0.20656,0.20859,342240,71275.3346
1787883600000,0.20859,0.20931,0.20209,0.20427,1151190,235663.9135
1787883900000,0.20427,0.20551,0.20098,0.20144,472600,95902.4989
1787884200000,0.20144,0.20476,0.19784,0.20446,1625020,325360.4579
1787884500000,0.20446,0.20792,0.19631,0.20713,1876120,380206.133
1787884800000,0.20713,0.21245,0.20645,0.21061,1400110,293738.062
1787885100000,0.21061,0.21115,0.20851,0.20863,347110,72894.6844
1787885400000,0.20863,0.20897,0.20392,0.20582,376270,77346.1607
1787885700000,0.20582,0.20632,0.20359,0.20521,135650,27790.149
1787886000000,0.20521,0.20583,0.20222,0.2023,238410,48506.3741
1787886300000,0.2023,0.20331,0.19977,0.20061,344770,69319.3283
1787886600000,0.20061,0.20351,0.19981,0.20169,312340,62884.7555
1787886900000,0.20169,0.20169,0.19947,0.20043,296060,59285.0521
1787887200000,0.20043,0.20133,0.19996,0.20133,232410,46568.2087
1787887500000,0.20133,0.20334,0.20108,0.20254,249550,50530.9191
1787887800000,0.20254,0.20292,0.19965,0.20025,427020,85779.2791
1787888100000,0.20025,0.20123,0.19911,0.19983,352170,70393.0721
1787888400000,0.19983,0.19983,0.19861,0.19943,491590,97888.5055
1787888700000,0.19943,0.19968,0.19769,0.1982,266300,52907.3297
1787889000000,0.1982,0.1991,0.19753,0.19875,249570,49502.5335
1787889300000,0.19875,0.19964,0.19803,0.19906,191480,38042.584
1787889600000,0.19906,0.20264,0.19897,0.20232,374950,75374.5069
1787889900000,0.20232,0.20232,0.20061,0.2012,177780,35817.1923
1787890200000,0.2012,0.20348,0.20025,0.20279,398300,80312.8032
1787890500000,0.20279,0.20892,0.20261,0.20852,697350,143862.3493
1787890800000,0.20852,0.20852,0.20475,0.20696,310330,64102.3105
1787891100000,0.20696,0.21178,0.20615,0.21048,567040,118109.331
1787891400000,0.21048,0.21127,0.20858,0.21062,316730,66523.8295
1787891700000,0.21062,0.21062,0.20526,0.20542,336480,70038.6089
1787892000000,0.20542,0.20922,0.205,0.20898,221460,45780.1104
1787892300000,0.20898,0.21008,0.20829,0.20997,120320,25160.8428
1787892600000,0.20997,0.21017,0.20871,0.20959,151350,31704.3197
1787892900000,0.20959,0.20959,0.20682,0.20682,184650,38522.7791
1787893200000,0.20682,0.20954,0.20604,0.20945,137240,28470.8977
1787893500000,0.20945,0.20989,0.2082,0.20881,218220,45557.053
1787893800000,0.20881,0.20887,0.20746,0.20757,175600,36571.8285
1787894100000,0.20757,0.2093,0.20704,0.20885,153070,31905.9593
1787894400000,0.20885,0.20885,0.2079,0.20846,107140,22321.9478
1787894700000,0.20846,0.2098,0.20797,0.20976,128820,26887.8214
1787895000000,0.20976,0.21459,0.20959,0.21296,289890,61699.0103
1787895300000,0.21296,0.21487,0.21288,0.21398,223040,47702.7893
1787895600000,0.21398,0.21424,0.212,0.21363,429690,91756.4516
1787895900000,0.21363,0.21364,0.21208,0.21232,145440,30917.013
1787896200000,0.21232,0.21258,0.21041,0.21193,208950,44209.6006
1787896500000,0.21193,0.21389,0.21156,0.21304,164440,34984.2027
1787896800000,0.21304,0.21649,0.21222,0.21467,599350,128651.3155
1787897100000,0.21467,0.21817,0.21445,0.21774,425140,91996.8088
1787897400000,0.21774,0.21929,0.21476,0.21532,537560,116710.8125
1787897700000,0.21532,0.21843,0.21475,0.21685,433330,93753.5692
1787898000000,0.21685,0.22122,0.21645,0.22035,1350450,296371.5021
1787898300000,0.22035,0.22237,0.21635,0.2168,430330,94559.6053
1787898600000,0.2168,0.22058,0.21602,0.21824,615800,134742.6254
1787898900000,0.21824,0.21824,0.21479,0.21545,273020,59142.9212
1787899200000,0.21545,0.21676,0.2148,0.21519,119120,25691.0947
1787899500000,0.21519,0.21648,0.21495,0.21594,99820,21515.2638
1787899800000,0.21594,0.21764,0.21443,0.21493,378770,81953.0128
1787900100000,0.21493,0.21513,0.21344,0.21365,121710,26097.9741
1787900400000,0.21365,0.21365,0.21026,0.21026,297040,62946.1001
1787900700000,0.21026,0.2134,0.20883,0.21323,306970,64690.9665
1787901000000,0.21323,0.21515,0.21248,0.21458,163500,35007.7342
1787901300000,0.21458,0.2151,0.21297,0.21471,100600,21554.9616
1787901600000,0.21471,0.21524,0.2075,0.20906,888680,186888.6697
1787901900000,0.20906,0.20946,0.20727,0.20754,289630,60330.2874
1787902200000,0.20754,0.20838,0.20433,0.20588,321140,66089.6411
1787902500000,0.20588,0.20707,0.20477,0.20508,113430,23358.4566
1787902800000,0.20508,0.20926,0.2048,0.20791,334070,69330.2222
1787903100000,0.20791,0.2083,0.20627,0.2071,58530,12138.9591
1787903400000,0.2071,0.20772,0.20601,0.20741,138630,28698.1018
1787903700000,0.20741,0.20822,0.20665,0.20737,57930,12021.2788
1787904000000,0.20737,0.20859,0.20705,0.2079,80440,16709.0164
1787904300000,0.2079,0.21,0.2079,0.20975,191550,40090.2915
1787904600000,0.20975,0.21187,0.20917,0.21187,170340,35893.4571
1787904900000,0.21187,0.21295,0.2102,0.21119,265980,56264.0473
1787905200000,0.21119,0.21274,0.21089,0.21215,156800,33225.6664
1787905500000,0.21215,0.21367,0.21132,0.21193,304340,64644.6468
1787905800000,0.21193,0.2123,0.2107,0.21143,129760,27466.9845
1787906100000,0.21143,0.21197,0.20945,0.21052,268000,56472.3813
1787906400000,0.21052,0.21118,0.21006,0.21021,94160,19833.2608
1787906700000,0.21021,0.21046,0.20771,0.20802,313100,65278.838
1787907000000,0.20802,0.20887,0.20718,0.2081,146870,30534.5427
1787907300000,0.2081,0.20891,0.20785,0.20872,111910,23322.4019
1787907600000,0.20872,0.20938,0.20429,0.2062,529150,109555.6224
1787907900000,0.2062,0.20676,0.20286,0.20427,557070,114132.2821
1787908200000,0.20427,0.20592,0.20413,0.20495,282980,58121.8981
1787908500000,0.20495,0.20528,0.20423,0.20508,163190,33426.2829
1787908800000,0.20508,0.20519,0.20324,0.20464,366580,74868.1665
1787909100000,0.20464,0.20524,0.20093,0.20269,510490,103461.2361
1787909400000,0.20269,0.20347,0.20176,0.20211,166380,33689.6935
1787909700000,0.20211,0.20239,0.19522,0.19689,2968330,588417.5657
1787910000000,0.19689,0.20075,0.19689,0.20008,555220,110261.329
1787910300000,0.20008,0.20117,0.19956,0.20112,305700,61329.4656
1787910600000,0.20112,0.20112,0.19977,0.19999,150210,30134.6934
1787910900000,0.19999,0.20059,0.18422,0.19686,4602460,885715.001
1787911200000,0.19686,0.2004,0.19521,0.19735,880490,174419.1687
1787911500000,0.19735,0.19909,0.195,0.19549,342350,67309.6355
1787911800000,0.19549,0.19961,0.19527,0.19951,188700,37224.6456
1787912100000,0.19951,0.20178,0.19946,0.20119,272090,54539.9428
1787912400000,0.20119,0.20238,0.2007,0.20162,216360,43655.6134
1787912700000,0.20162,0.20179,0.19905,0.20007,336960,67462.3883
1787913000000,0.20007,0.20137,0.19972,0.201,228580,45897.6053
1787913300000,0.201,0.20141,0.19957,0.20045,211070,42304.4055
1787913600000,0.20045,0.2019,0.2004,0.20127,129560,26077.176
1787913900000,0.20127,0.20473,0.20113,0.20306,628820,127585.1575
1787914200000,0.20306,0.20344,0.20165,0.20222,89090,18044.2399
1787914500000,0.20222,0.20393,0.20165,0.20388,172310,34888.7167
1787914800000,0.20388,0.20597,0.20292,0.20371,281970,57696.8289
1787915100000,0.20371,0.20497,0.20335,0.20424,172160,35127.3067
1787915400000,0.20424,0.20441,0.20336,0.20385,172810,35234.5121
1787915700000,0.20385,0.20464,0.2026,0.20425,202600,41235.899
1787916000000,0.20425,0.206,0.20406,0.2059,82230,16876.041
1787916300000,0.2059,0.206,0.204,0.204,131020,26882.9048
1787916600000,0.204,0.20401,0.20071,0.20347,214770,43411.7438
1787916900000,0.20347,0.20352,0.20278,0.20285,33770,6856.55
1787917200000,0.20285,0.2034,0.20188,0.20323,96930,19644.0307
1787917500000,0.20323,0.2069,0.20323,0.20624,404860,83186.0659
1787917800000,0.20624,0.20624,0.20125,0.20308,703860,142910.3396
1787918100000,0.20308,0.20327,0.20132,0.20242,128720,26059.9831
1787918400000,0.20242,0.20394,0.20184,0.20354,183010,37166.2072
1787918700000,0.20354,0.20699,0.20324,0.20489,525850,108071.9979
1787919000000,0.20489,0.20667,0.20415,0.2063,264790,54409.4355
1787919300000,0.2063,0.20825,0.20592,0.20733,149090,30877.0227
1787919600000,0.20733,0.20807,0.20707,0.20738,117210,24325.3013
1787919900000,0.20738,0.20808,0.20707,0.2077,118280,24553.5058
1787920200000,0.2077,0.20788,0.20443,0.20443,155140,31993.5514
1787920500000,0.20443,0.2067,0.20402,0.20666,79490,16321.6349
1787920800000,0.20666,0.20669,0.20522,0.20568,51510,10605.7207
1787921100000,0.20568,0.20568,0.20373,0.20375,106860,21863.8724
1787921400000,0.20375,0.20388,0.20212,0.20327,291380,59193.8932
1787921700000,0.20327,0.20351,0.2017,0.20182,111880,22662.9124
1787922000000,0.20182,0.20361,0.20179,0.20338,75680,15323.183
1787922300000,0.20338,0.20443,0.20304,0.20354,59990,12215.1705
1787922600000,0.20354,0.20403,0.20273,0.20338,95650,19434.0552
1787922900000,0.20338,0.20436,0.20287,0.20341,59650,12146.2177
1787923200000,0.20341,0.20341,0.19927,0.19968,656000,131766.4221
1787923500000,0.19968,0.20024,0.19761,0.19767,371100,73922.0967
1787923800000,0.19767,0.20042,0.19658,0.1976,384120,76104.2681
1787924100000,0.1976,0.2016,0.19635,0.1985,467130,92952.313
1787924400000,0.1985,0.19888,0.19391,0.19522,413320,80829.5297
1787924700000,0.19522,0.19651,0.19409,0.19484,234390,45722.2759
1787925000000,0.19484,0.1985,0.19465,0.198,351080,68928.0074
1787925300000,0.198,0.20671,0.19776,0.20475,527730,106208.115
1787925600000,0.20475,0.2064,0.19901,0.1996,553100,112560.2124
1787925900000,0.1996,0.20023,0.1909,0.19675,1051610,204220.4183
1787926200000,0.19675,0.19769,0.19297,0.19339,328930,64233.9582
1787926500000,0.19339,0.19897,0.19198,0.19745,783020,152351.3184
1787926800000,0.19745,0.19945,0.1927,0.19271,730880,143072.714
1787927100000,0.19271,0.19309,0.18805,0.18962,794490,150592.1425
1787927400000,0.18962,0.19608,0.18888,0.1959,619370,118968.7215
1787927700000,0.1959,0.20459,0.1959,0.20197,1308760,263654.1714
1787928000000,0.20197,0.20694,0.20182,0.20653,815130,166588.897
1787928300000,0.20653,0.20684,0.20164,0.20197,362180,73939.8841
1787928600000,0.20197,0.20768,0.20197,0.2076,354010,73056.2238
1787928900000,0.2076,0.21,0.20615,0.21,606610,126052.1967
1787929200000,0.21,0.21189,0.20936,0.21151,448310,94406.1494
1787929500000,0.21151,0.21762,0.21111,0.21657,901030,193400.072
1787929800000,0.21657,0.21758,0.2138,0.21381,367110,79269.8109
1787930100000,0.21381,0.2161,0.21174,0.21509,328060,70194.8534
1787930400000,0.21509,0.21529,0.21205,0.21239,197240,42021.147
1787930700000,0.21239,0.21377,0.2096,0.20977,314390,66810.0014
1787931000000,0.20977,0.21067,0.20633,0.20715,323610,67518.7805
1787931300000,0.20715,0.2116,0.20645,0.21149,128750,26935.0538
1787931600000,0.21149,0.21149,0.20504,0.20582,221490,45880.7119
1787931900000,0.20582,0.20735,0.20429,0.20458,318290,65398.4507
1787932200000,0.20458,0.20477,0.20113,0.20183,277150,56147.9599
1787932500000,0.20183,0.2021,0.19739,0.19785,1058550,211202.9139
1787932800000,0.19785,0.19852,0.1924,0.19548,892260,174350.4466
1787933100000,0.19548,0.19988,0.195,0.19809,704080,138469.9416
1787933400000,0.19809,0.19822,0.18833,0.18871,534160,102386.3759
1787933700000,0.18871,0.18935,0.17975,0.18273,2885740,530661.5816
1787934000000,0.18273,0.18647,0.1772,0.17856,1756360,317840.4677
1787934300000,0.17856,0.18535,0.17676,0.18369,2274270,409161.3271
1787934600000,0.18369,0.19051,0.18317,0.18633,1082450,202699.3139
1787934900000,0.18633,0.19201,0.18372,0.1915,623000,117046.2986
1787935200000,0.1915,0.19195,0.18667,0.18864,349460,66031.3608
1787935500000,0.18864,0.19024,0.18674,0.18951,266240,50325.4998
1787935800000,0.18951,0.19338,0.18923,0.19172,294730,56297.8767
1787936100000,0.19172,0.19227,0.18849,0.18931,184500,35165.6694
1787936400000,0.18931,0.18953,0.18175,0.18678,1045950,193722.8443
1787936700000,0.18678,0.18997,0.18537,0.18969,396440,74555.9524
1787937000000,0.18969,0.19407,0.18806,0.19381,583870,111551.7362
1787937300000,0.19381,0.199,0.19175,0.19839,795210,155463.6902
1787937600000,0.19839,0.19884,0.1923,0.19257,1023760,199174.6778
1787937900000,0.19257,0.1938,0.18934,0.19335,729190,139818.9874
1787938200000,0.19335,0.1956,0.191,0.19196,592220,114816.827
1787938500000,0.19196,0.19316,0.18946,0.19158,630680,120224.1392
1787938800000,0.19158,0.19331,0.1908,0.1928,113900,21877.2294
1787939100000,0.1928,0.193,0.1888,0.18994,287900,54756.519
1787939400000,0.18994,0.19018,0.1884,0.19012,353760,66991.6386
1787939700000,0.19012,0.19061,0.18892,0.18911,74670,14168.214
1787940000000,0.18911,0.19059,0.18907,0.18934,96880,18408.7975
1787940300000,0.18934,0.19018,0.18715,0.1901,265530,50163.5879
1787940600000,0.1901,0.19025,0.18644,0.18834,598550,112833.7094
1787940900000,0.18834,0.18938,0.18698,0.18869,385790,72496.1758
1787941200000,0.18869,0.18897,0.186,0.18622,189290,35480.8314
1787941500000,0.18622,0.18866,0.18601,0.18698,94860,17755.9262
1787941800000,0.18698,0.18743,0.18318,0.18413,603480,111483.5991
1787942100000,0.18413,0.1862,0.18413,0.18605,169020,31274.6372
1787942400000,0.18605,0.19051,0.18596,0.18957,291180,55098.8328
1787942700000,0.18957,0.1904,0.18802,0.18802,103530,19620.3142
1787943000000,0.18802,0.189,0.18701,0.1877,89420,16799.3579
1787943300000,0.1877,0.19066,0.18744,0.19015,252970,47939.8166
1787943600000,0.19015,0.1912,0.18884,0.18912,342130,65097.3459
1787943900000,0.18912,0.19177,0.18869,0.19152,204020,38848.6253
1787944200000,0.19152,0.19214,0.19117,0.1921,130860,25087.6802
1787944500000,0.1921,0.1927,0.19001,0.19115,115740,22130.2256
1787944800000,0.19115,0.19297,0.19053,0.1911,163730,31395.4841
1787945100000,0.1911,0.19261,0.19096,0.19222,43450,8345.5184
1787945400000,0.19222,0.19226,0.18401,0.18442,323450,60534.2099
1787945700000,0.18442,0.18665,0.18414,0.18658,176680,32713.8825
1787946000000,0.18658,0.18722,0.18607,0.18642,30530,5700.1996
1787946300000,0.18642,0.18769,0.18146,0.18282,1138760,209685.5672
1787946600000,0.18282,0.18465,0.18282,0.18369,196250,36047.9931
1787946900000,0.18369,0.1842,0.17921,0.18072,365530,66219.1434
1787947200000,0.18072,0.1864,0.18072,0.18584,281520,51826.1509
1787947500000,0.18584,0.18713,0.18454,0.1862,111760,20759.1888
1787947800000,0.1862,0.18752,0.18605,0.1869,60800,11349.5722
1787948100000,0.1869,0.1869,0.18429,0.18511,131610,24391.6127
1787948400000,0.18511,0.18623,0.18444,0.18456,94670,17553.4259
1787948700000,0.18456,0.1864,0.18456,0.18461,106730,19796.1908
1787949000000,0.18461,0.18694,0.18461,0.18545,119070,22109.3969
1787949300000,0.18545,0.18758,0.18483,0.1862,713670,133340.1855
1787949600000,0.1862,0.18846,0.18579,0.18653,324540,60622.3685
1787949900000,0.18653,0.19037,0.18645,0.19027,815800,154599.3563
1787950200000,0.19027,0.1907,0.18862,0.18974,163760,31022.9646
1787950500000,0.18974,0.19004,0.1877,0.1895,90980,17184.4623
1787950800000,0.1895,0.19138,0.18926,0.19106,190070,36212.6184
1787951100000,0.19106,0.19176,0.18734,0.18959,249610,47468.4774
1787951400000,0.18959,0.18961,0.18723,0.1885,99070,18667.7231
1787951700000,0.1885,0.1897,0.18694,0.18704,80820,15224.3566
1787952000000,0.18704,0.18899,0.18686,0.18899,143560,26943.9557
1787952300000,0.18899,0.18917,0.18774,0.18917,22090,4164.5861
1787952600000,0.18917,0.18917,0.18716,0.18794,75370,14158.194
1787952900000,0.18794,0.1882,0.18687,0.18699,11540,2166.4232
1787953200000,0.18699,0.1875,0.186,0.1862,55130,10295.4861
1787953500000,0.1862,0.1862,0.1845,0.18495,32400,5997.2892
1787953800000,0.18495,0.18684,0.1835,0.18403,470580,87316.4243
1787954100000,0.18403,0.18479,0.18217,0.18479,301620,55419.4036
1787954400000,0.18479,0.1862,0.18377,0.18444,171980,31813.8732
1787954700000,0.18444,0.18574,0.18428,0.18481,79070,14639.8697
1787955000000,0.18481,0.18528,0.17731,0.17744,641160,115481.8514
1787955300000,0.17744,0.18343,0.17744,0.18342,520770,94275.8928
1787955600000,0.18342,0.1858,0.1827,0.18504,536720,98898.581
1787955900000,0.18504,0.18672,0.18475,0.1858,132720,24650.1153
1787956200000,0.1858,0.18744,0.18573,0.18718,256840,47875.0724
1787956500000,0.18718,0.18974,0.18686,0.18687,205180,38612.1748
1787956800000,0.18687,0.18807,0.1858,0.18801,145130,27108.4072
1787957100000,0.18801,0.19099,0.18781,0.18871,200100,37905.5986
1787957400000,0.18871,0.19005,0.187,0.18971,165490,31167.585
1787957700000,0.18971,0.19106,0.18831,0.18873,216050,40940.0887
1787958000000,0.18873,0.19109,0.1878,0.19078,114220,21620.7463
1787958300000,0.19078,0.1943,0.19032,0.19368,221510,42566.6409
1787958600000,0.19368,0.19529,0.1928,0.19404,431230,83679.5108
1787958900000,0.19404,0.19794,0.19397,0.19634,854480,167219.1744
1787959200000,0.19634,0.19864,0.1938,0.19562,385000,75515.2067
1787959500000,0.19562,0.19898,0.1956,0.1974,267620,52960.1148
1787959800000,0.1974,0.1975,0.19572,0.19644,253740,49931.7725
1787960100000,0.19644,0.20021,0.19602,0.19837,1197060,237801.0954
1787960400000,0.19837,0.20407,0.19726,0.20278,356040,71453.6916
1787960700000,0.20278,0.20436,0.1976,0.19909,1409140,282468.7205
1787961000000,0.19909,0.20072,0.19859,0.2,106050,21208.3932
1787961300000,0.2,0.20175,0.19917,0.20175,143020,28643.9607
1787961600000,0.20175,0.20583,0.20124,0.20385,607920,124060.5106
1787961900000,0.20385,0.20389,0.20075,0.20248,815770,164710.7812
1787962200000,0.20248,0.20364,0.20139,0.20248,127630,25844.6175
1787962500000,0.20248,0.20258,0.20021,0.20158,227400,45815.2099
1787962800000,0.20158,0.2029,0.20094,0.20275,135410,27349.0402
1787963100000,0.20275,0.20317,0.20178,0.20201,103040,20862.8562
1787963400000,0.20201,0.20201,0.19413,0.19673,1340700,263473.0296
1787963700000,0.19673,0.19849,0.19474,0.19524,172310,33874.1797
1787964000000,0.19524,0.19604,0.19343,0.19468,168000,32692.96
1787964300000,0.19468,0.19555,0.19366,0.1947,92340,17986.8271
1787964600000,0.1947,0.1954,0.19304,0.19505,118210,22997.3587
1787964900000,0.19505,0.19596,0.1946,0.1955,53540,10457.0198
1787965200000,0.1955,0.19582,0.19447,0.19508,47040,9184.3967
1787965500000,0.19508,0.19677,0.1945,0.19666,348680,68235.7531
1787965800000,0.19666,0.19666,0.1941,0.19421,392310,76682.1104
1787966100000,0.19421,0.1969,0.19363,0.1951,350940,68507.7667
1787966400000,0.1951,0.19862,0.19509,0.19722,546950,107898.0629
1787966700000,0.19722,0.19821,0.19667,0.1981,101660,20076.4683
1787967000000,0.1981,0.1986,0.19728,0.19732,102430,20270.2833
1787967300000,0.19732,0.19733,0.19539,0.19666,106450,20894.343
1787967600000,0.19666,0.19666,0.1958,0.1966,36890,7241.3126
1787967900000,0.1966,0.19662,0.19454,0.19593,87330,17058.9421
1787968200000,0.19593,0.19593,0.19525,0.1956,25090,4908.2632
1787968500000,0.1956,0.19581,0.19487,0.19572,48010,9379.583
1787968800000,0.19572,0.19667,0.19572,0.19627,46470,9116.6245
1787969100000,0.19627,0.19743,0.19551,0.196,106600,20922.1694
1787969400000,0.196,0.1965,0.1953,0.19553,50080,9816.9336
1787969700000,0.19553,0.19581,0.19206,0.19345,337840,65478.2465
1787970000000,0.19345,0.19406,0.19286,0.19294,70250,13587.9947
1787970300000,0.19294,0.19485,0.19281,0.19433,109850,21275.9347
1787970600000,0.19433,0.19465,0.19202,0.1928,70550,13645.2428
1787970900000,0.1928,0.1936,0.19232,0.19319,82210,15860.8186
1787971200000,0.19319,0.19417,0.19319,0.19359,93330,18075.1704
1787971500000,0.19359,0.1944,0.19288,0.19427,67820,13133.804
1787971800000,0.19427,0.19463,0.19319,0.1941,83020,16102.0725
1787972100000,0.1941,0.19427,0.1926,0.1933,42300,8179.7024
1787972400000,0.1933,0.19421,0.19324,0.19335,32430,6282.5765
1787972700000,0.19335,0.19394,0.19215,0.19378,103810,20033.2099
1787973000000,0.19378,0.19432,0.193,0.19348,55420,10725.771
1787973300000,0.19348,0.19475,0.19276,0.19276,136720,26493.1931
1787973600000,0.19276,0.19297,0.19125,0.19141,64770,12438.559
1787973900000,0.19141,0.19193,0.18939,0.18976,99000,18849.2716
1787974200000,0.18976,0.19042,0.18707,0.18971,471590,89031.1714
1787974500000,0.18971,0.19016,0.18891,0.18961,103500,19624.2756
1787974800000,0.18961,0.19038,0.18922,0.18974,70830,13433.2539
1787975100000,0.18974,0.19015,0.18874,0.18967,74370,14082.997
1787975400000,0.18967,0.19093,0.18952,0.19045,25570,4867.4652
1787975700000,0.19045,0.1906,0.19005,0.19052,23170,4412.1287
1787976000000,0.19052,0.19069,0.18969,0.19007,34920,6648.5821
1787976300000,0.19007,0.19019,0.18932,0.1901,47510,9021.6578
1787976600000,0.1901,0.19139,0.18924,0.18997,117540,22359.2245
1787976900000,0.18997,0.19004,0.1883,0.18875,42130,7960.6981
1787977200000,0.18875,0.1889,0.18822,0.18861,58150,10958.5694
1787977500000,0.18861,0.18867,0.18671,0.18724,179290,33566.4731
1787977800000,0.18724,0.18769,0.18615,0.18633,80130,14983.8169
1787978100000,0.18633,0.18675,0.18581,0.18644,106650,19872.1665
1787978400000,0.18644,0.18657,0.18586,0.18606,75100,13990.1014
1787978700000,0.18606,0.1869,0.1842,0.18572,518520,96186.8457
1787979000000,0.18572,0.18667,0.18513,0.1859,161500,30018.614
1787979300000,0.1859,0.18662,0.18571,0.18639,110790,20632.1053
1787979600000,0.18639,0.18639,0.18347,0.18461,381650,70405.126
1787979900000,0.18461,0.18599,0.18461,0.18569,69020,12797.1312
1787980200000,0.18569,0.18648,0.1854,0.18615,159780,29747.3344
1787980500000,0.18615,0.18639,0.18253,0.18291,165470,30442.5789
1787980800000,0.18291,0.18344,0.18102,0.18251,384530,70075.1862
1787981100000,0.18251,0.1846,0.1823,0.18451,115950,21258.6675
1787981400000,0.18451,0.1846,0.18381,0.1844,34640,6378.984
1787981700000,0.1844,0.18456,0.18309,0.18347,67030,12320.7114
1787982000000,0.18347,0.18526,0.18341,0.18441,73820,13623.8155
1787982300000,0.18441,0.18443,0.18355,0.18399,37170,6836.9077
1787982600000,0.18399,0.18645,0.18387,0.1853,123760,22962.5177
1787982900000,0.1853,0.18643,0.18492,0.18596,67080,12458.8021
1787983200000,0.18596,0.18747,0.18596,0.18747,110210,20566.6026
1787983500000,0.18747,0.18747,0.1851,0.18659,91010,16986.3049
1787983800000,0.18659,0.18715,0.18476,0.18496,119700,22252.2894
1787984100000,0.18496,0.18621,0.18432,0.18472,264370,48971.8693
1787984400000,0.18472,0.18524,0.18331,0.18408,123890,22831.7295
1787984700000,0.18408,0.18499,0.18374,0.1848,134850,24873.2083
1787985000000,0.1848,0.1868,0.18462,0.18531,176510,32817.5021
1787985300000,0.18531,0.18558,0.18447,0.1845,20520,3799.5895
1787985600000,0.1845,0.1845,0.18269,0.18295,140470,25801.9761
1787985900000,0.18295,0.18347,0.18278,0.18322,33110,6061.9492
1787986200000,0.18322,0.18407,0.18259,0.1837,173890,31940.4737
1787986500000,0.1837,0.1837,0.18247,0.18291,45600,8340.4461
1787986800000,0.18291,0.18422,0.18213,0.1823,95620,17534.1226
1787987100000,0.1823,0.18235,0.18084,0.18104,283150,51400.4344
1787987400000,0.18104,0.18123,0.17946,0.18123,344880,62171.2652
1787987700000,0.18123,0.18505,0.181,0.1828,289720,53118.0671
1787988000000,0.1828,0.18412,0.18254,0.18346,46460,8517.5698
1787988300000,0.18346,0.1836,0.18214,0.1826,125680,22962.9792
1787988600000,0.1826,0.1852,0.18243,0.18505,84190,15501.7365
1787988900000,0.18505,0.1861,0.1848,0.1861,117750,21825.0023
1787989200000,0.1861,0.18688,0.18515,0.18571,132570,24687.8742
1787989500000,0.18571,0.18632,0.18463,0.18582,93440,17334.2587
1787989800000,0.18582,0.18695,0.1857,0.18572,107750,20058.3508
1787990100000,0.18572,0.18576,0.18483,0.18493,137150,25431.1255
1787990400000,0.18493,0.1859,0.18199,0.18256,551430,101463.2904
1787990700000,0.18256,0.18363,0.18155,0.18175,357880,65450.9462
1787991000000,0.18175,0.1833,0.18088,0.18279,309930,56411.8403
1787991300000,0.18279,0.18327,0.1822,0.18281,106230,19439.9814
1787991600000,0.18281,0.18289,0.18134,0.18198,202700,36901.8681
1787991900000,0.18198,0.1824,0.18166,0.18236,40880,7446.7883
1787992200000,0.18236,0.18236,0.18044,0.1806,165600,29977.8997
1787992500000,0.1806,0.1806,0.17991,0.17992,113550,20459.6019
1787992800000,0.17992,0.18165,0.17873,0.18101,421500,75909.8094
1787993100000,0.18101,0.18105,0.1771,0.17996,658670,117874.2115
1787993400000,0.17996,0.18,0.1779,0.17982,233730,41859.1425
1787993700000,0.17982,0.18246,0.1794,0.18222,158920,28786.5901
1787994000000,0.18222,0.18299,0.18207,0.18209,179170,32724.3477
1787994300000,0.18209,0.18227,0.18092,0.18227,102920,18673.021
1787994600000,0.18227,0.1823,0.18097,0.181,91470,16588.666
1787994900000,0.181,0.181,0.1795,0.18062,86880,15658.434
1787995200000,0.18062,0.18187,0.18062,0.18149,61440,11145.9148
1787995500000,0.18149,0.1828,0.18143,0.18272,67020,12203.7234
1787995800000,0.18272,0.18326,0.18263,0.18317,63940,11701.6854
1787996100000,0.18317,0.18326,0.18247,0.18261,105330,19273.3142
1787996400000,0.18261,0.18336,0.18149,0.1832,174500,31897.8294
1787996700000,0.1832,0.18336,0.1828,0.18301,98000,17946.923
1787997000000,0.18301,0.18336,0.18301,0.18332,111600,20452.4148
1787997300000,0.18332,0.18354,0.18168,0.18209,306280,56078.5708
1787997600000,0.18209,0.18364,0.18181,0.18356,531340,97213.6626
1787997900000,0.18356,0.184,0.18318,0.18374,353940,65028.359
1787998200000,0.18374,0.18395,0.18335,0.18362,61720,11336.6267
1787998500000,0.18362,0.18596,0.18362,0.18523,1129800,208154.7059
1787998800000,0.18523,0.18673,0.18415,0.18586,346600,64339.9305
1787999100000,0.18586,0.18759,0.18586,0.18621,183170,34194.2367
1787999400000,0.18621,0.18682,0.1847,0.18665,161380,30032.383
1787999700000,0.18665,0.18779,0.18632,0.18663,162940,30472.5907
1788000000000,0.18663,0.18927,0.18605,0.18921,343010,64452.7
1788000300000,0.18921,0.1897,0.18666,0.18774,247340,46543.3132
1788000600000,0.18774,0.1888,0.18748,0.18829,99190,18643.8654
1788000900000,0.18829,0.18986,0.18776,0.18916,170920,32266.7575
1788001200000,0.18916,0.19,0.18828,0.18912,143390,27124.6166
1788001500000,0.18912,0.18987,0.18876,0.18931,59730,11302.4431
1788001800000,0.18931,0.19019,0.18918,0.18969,89000,16884.103
1788002100000,0.18969,0.19454,0.18959,0.19253,1008790,194559.3182
1788002400000,0.19253,0.19352,0.19188,0.19269,445880,85971.7765
1788002700000,0.19269,0.20015,0.19232,0.19588,2831580,557121.7243
1788003000000,0.19588,0.19864,0.19557,0.19783,614890,121350.9867
1788003300000,0.19783,0.1986,0.19528,0.19566,186120,36622.8919
1788003600000,0.19566,0.19863,0.194,0.19783,512390,100701.6552
1788003900000,0.19783,0.19941,0.19739,0.19923,216420,42961.976
1788004200000,0.19923,0.19942,0.19741,0.19823,162200,32168.3792
1788004500000,0.19823,0.20114,0.19719,0.1999,345430,68855.373
1788004800000,0.1999,0.20372,0.1973,0.19735,1164110,234870.4949
1788005100000,0.19735,0.2011,0.19655,0.2004,452810,89895.9298
1788005400000,0.2004,0.20195,0.19662,0.19686,752570,150180.0297
1788005700000,0.19686,0.20024,0.19631,0.19936,295230,58488.696
1788006000000,0.19936,0.19994,0.19772,0.19794,186200,36977.4677
1788006300000,0.19794,0.19835,0.19736,0.19776,66220,13097.9669
1788006600000,0.19776,0.198,0.19505,0.1958,334240,65574.9
1788006900000,0.1958,0.19835,0.19568,0.19692,256200,50507.5721
1788007200000,0.19692,0.19771,0.1953,0.1953,211250,41465.5085
1788007500000,0.1953,0.196,0.19465,0.1956,111390,21757.5585
1788007800000,0.1956,0.1968,0.19465,0.19469,127270,24918.6906
1788008100000,0.19469,0.19492,0.19233,0.19356,544720,105354.6561
1788008400000,0.19356,0.19966,0.19341,0.19553,960320,189271.0679
1788008700000,0.19553,0.19572,0.19277,0.19277,204690,39791.0523
1788009000000,0.19277,0.19436,0.19277,0.19395,120980,23422.6751
1788009300000,0.19395,0.1958,0.19313,0.19502,169250,32916.2902
1788009600000,0.19502,0.19576,0.1938,0.19482,151250,29490.5745
1788009900000,0.19482,0.19504,0.1923,0.19441,461120,89053.1326
1788010200000,0.19441,0.19517,0.19405,0.19427,86910,16910.7928
1788010500000,0.19427,0.19467,0.19281,0.19297,89310,17325.2509
1788010800000,0.19297,0.19478,0.19262,0.19478,84790,16430.3898
1788011100000,0.19478,0.19551,0.1944,0.19514,29410,5733.7795
1788011400000,0.19514,0.19596,0.19488,0.19555,39200,7661.3371
1788011700000,0.19555,0.19616,0.19494,0.19602,88590,17338.4333
1788012000000,0.19602,0.19646,0.19331,0.19488,148120,28859.6873
1788012300000,0.19488,0.19497,0.19368,0.19497,57560,11175.3737
1788012600000,0.19497,0.19785,0.19452,0.19764,121330,23833.562
1788012900000,0.19764,0.19858,0.19652,0.19773,120520,23788.6233
1788013200000,0.19773,0.20279,0.19635,0.2002,659450,132139.3405
1788013500000,0.2002,0.20474,0.19846,0.20358,312830,62835.932
1788013800000,0.20358,0.207,0.20335,0.20642,323990,66582.4015
1788014100000,0.20642,0.21036,0.20633,0.20949,298680,62203.0876
1788014400000,0.20949,0.20952,0.20572,0.2064,301670,62665.1715
1788014700000,0.2064,0.20904,0.20545,0.20813,259610,53710.5402
1788015000000,0.20813,0.20964,0.20692,0.20738,158780,33096.8031
1788015300000,0.20738,0.20949,0.20676,0.20873,213670,44515.9355
1788015600000,0.20873,0.216,0.20794,0.20949,1628960,345725.6128
1788015900000,0.20949,0.21,0.2054,0.20756,598250,124391.4385
1788016200000,0.20756,0.20821,0.20625,0.20645,124890,25905.7193
1788016500000,0.20645,0.21012,0.2063,0.20928,255100,53169.715
1788016800000,0.20928,0.21114,0.20778,0.20933,217980,45685.3443
1788017100000,0.20933,0.21072,0.20723,0.21,180340,37640.8637
1788017400000,0.21,0.21,0.204,0.20458,639440,131911.8341
1788017700000,0.20458,0.20659,0.20404,0.20613,113100,23210.0168
1788018000000,0.20613,0.20771,0.20428,0.20428,379490,78194.1812
1788018300000,0.20428,0.20876,0.20424,0.2082,231050,47567.0592
1788018600000,0.2082,0.20973,0.20664,0.20912,203480,42431.9842
1788018900000,0.20912,0.2094,0.20714,0.2076,124450,25926.6853
1788019200000,0.2076,0.20816,0.20678,0.20799,60890,12639.8726
1788019500000,0.20799,0.2102,0.20688,0.20976,123260,25702.8969
1788019800000,0.20976,0.21036,0.20778,0.20867,217400,45547.356
1788020100000,0.20867,0.2122,0.20865,0.21128,286420,60409.6192
1788020400000,0.21128,0.21238,0.20994,0.2106,348950,73714.783
1788020700000,0.2106,0.21121,0.20815,0.20879,473410,99326.7248
1788021000000,0.20879,0.21242,0.2066,0.212,454750,95252.5778
1788021300000,0.212,0.21302,0.20987,0.2107,300590,63665.7419
1788021600000,0.2107,0.21181,0.20905,0.21114,176400,37137.7134
1788021900000,0.21114,0.21212,0.20916,0.21212,183150,38535.387
1788022200000,0.21212,0.21226,0.20965,0.21161,124440,26265.6005
1788022500000,0.21161,0.21162,0.20645,0.20955,421460,88188.8016
1788022800000,0.20955,0.212,0.20886,0.21168,392230,82468.8134
1788023100000,0.21168,0.21184,0.20891,0.2094,316450,66412.9459
1788023400000,0.2094,0.2152,0.20896,0.21125,567430,120123.2225
1788023700000,0.21125,0.21717,0.21086,0.21567,677590,146005.0234
1788024000000,0.21567,0.21604,0.21045,0.21217,557990,119236.0104
1788024300000,0.21217,0.21334,0.21097,0.21221,146280,31023.7516
1788024600000,0.21221,0.21226,0.20866,0.21081,357290,75072.5628
1788024900000,0.21081,0.21386,0.21063,0.21324,360620,76741.5027
1788025200000,0.21324,0.21733,0.212,0.21564,440310,94901.8
1788025500000,0.21564,0.21912,0.21547,0.21625,525070,114058.5654
1788025800000,0.21625,0.2166,0.21531,0.21566,145910,31483.8684
1788026100000,0.21566,0.21566,0.21385,0.21505,144130,30971.147
1788026400000,0.21505,0.21505,0.21163,0.21256,140540,29918.9048
1788026700000,0.21256,0.216,0.21222,0.216,169350,36284.4741
1788027000000,0.216,0.21861,0.21486,0.2182,173300,37496.6108
1788027300000,0.2182,0.22057,0.21573,0.21677,347820,75916.3121
1788027600000,0.21677,0.2192,0.21582,0.21886,140970,30738.966
1788027900000,0.21886,0.22018,0.21744,0.21816,127390,27863.9351
1788028200000,0.21816,0.21997,0.21682,0.21836,146100,31903.022
1788028500000,0.21836,0.21949,0.2165,0.21949,67340,14645.9787
1788028800000,0.21949,0.22028,0.21898,0.2198,168900,37107.4785
1788029100000,0.2198,0.22825,0.21935,0.22251,1408360,316369.0667
1788029400000,0.22251,0.22468,0.21755,0.2244,1224250,270608.5035
1788029700000,0.2244,0.2265,0.22316,0.22434,361130,81119.0968
1788030000000,0.22434,0.22847,0.22033,0.22823,623380,140141.8421
1788030300000,0.22823,0.22933,0.22587,0.22742,277940,63370.3582
1788030600000,0.22742,0.22777,0.22559,0.22624,245750,55697.9483
1788030900000,0.22624,0.22652,0.22394,0.22394,134830,30365.1433
1788031200000,0.22394,0.22453,0.22303,0.22325,251410,56220.0824
1788031500000,0.22325,0.22475,0.21903,0.22415,573380,127401.0196
1788031800000,0.22415,0.22639,0.2209,0.22313,939660,210188.2719
1788032100000,0.22313,0.2233,0.2177,0.21865,456570,100618.5661
1788032400000,0.21865,0.2189,0.2153,0.21754,847850,184050.33
1788032700000,0.21754,0.21808,0.21458,0.21578,340930,73626.7054
1788033000000,0.21578,0.21736,0.21399,0.21653,363740,78419.0454
1788033300000,0.21653,0.21712,0.2143,0.2144,117660,25328.6469
1788033600000,0.2144,0.2154,0.2121,0.21351,409520,87358.0365
1788033900000,0.21351,0.2147,0.2105,0.21081,390720,83001.6408
1788034200000,0.21081,0.21321,0.21081,0.21312,138190,29244.8221
1788034500000,0.21312,0.21536,0.21299,0.21536,109500,23443.2672
1788034800000,0.21536,0.21564,0.21252,0.21469,179830,38560.4803
1788035100000,0.21469,0.21482,0.20979,0.2124,559320,118253.8681
1788035400000,0.2124,0.21318,0.2092,0.21119,199200,42039.6941
1788035700000,0.21119,0.2127,0.21116,0.21232,82340,17447.2863
1788036000000,0.21232,0.2129,0.2113,0.21237,133680,28365.9024
1788036300000,0.21237,0.21244,0.20874,0.21133,630300,132268.2972
1788036600000,0.21133,0.21194,0.20686,0.20891,245840,51357.1689
1788036900000,0.20891,0.2107,0.2088,0.2103,54300,11407.5758
1788037200000,0.2103,0.21073,0.2094,0.2102,148740,31209.0845
1788037500000,0.2102,0.2116,0.2101,0.2106,63690,13427.4829
1788037800000,0.2106,0.21112,0.20764,0.20869,109920,22983.3731
1788038100000,0.20869,0.20924,0.20735,0.2075,71110,14817.1327
1788038400000,0.2075,0.20964,0.20694,0.20956,100180,20814.7316
1788038700000,0.20956,0.20971,0.20879,0.20943,50070,10481.4687
1788039000000,0.20943,0.2106,0.209,0.21039,62490,13134.9524
1788039300000,0.21039,0.21193,0.20968,0.2111,111770,23582.2588
1788039600000,0.2111,0.2111,0.20921,0.20986,84510,17762.0723
1788039900000,0.20986,0.21058,0.20969,0.21048,30040,6313.8745
1788040200000,0.21048,0.21048,0.20658,0.20927,206200,42930.5449
1788040500000,0.20927,0.20927,0.20485,0.20618,227630,46968.5904
1788040800000,0.20618,0.20758,0.204,0.20699,325200,66769.9094
1788041100000,0.20699,0.2075,0.2045,0.2051,120800,24911.3721
1788041400000,0.2051,0.20542,0.19463,0.20324,3499920,698239.7456
1788041700000,0.20324,0.20408,0.20092,0.20239,302270,61269.8293
1788042000000,0.20239,0.20469,0.20186,0.20442,287940,58648.4883
1788042300000,0.20442,0.20567,0.20355,0.2051,167920,34354.1379
1788042600000,0.2051,0.20547,0.20433,0.20502,68080,13959.6948
1788042900000,0.20502,0.20518,0.20415,0.20473,70730,14472.9631
1788043200000,0.20473,0.2059,0.20473,0.2057,72310,14847.8461
1788043500000,0.2057,0.20646,0.20536,0.20642,94100,19384.1985
1788043800000,0.20642,0.20667,0.20395,0.20459,251580,51620.6958
1788044100000,0.20459,0.20514,0.2043,0.20467,46930,9608.2976
1788044400000,0.20467,0.21186,0.20452,0.2088,792250,164874.2891
1788044700000,0.2088,0.21156,0.2088,0.2113,117660,24816.2878
1788045000000,0.2113,0.2147,0.21104,0.21255,427240,90899.0978
1788045300000,0.21255,0.21317,0.21069,0.21244,214150,45387.2468
1788045600000,0.21244,0.21269,0.21004,0.21045,153770,32522.6012
1788045900000,0.21045,0.21192,0.21019,0.21171,144990,30616.3236
1788046200000,0.21171,0.21483,0.21168,0.21427,327020,69898.3733
1788046500000,0.21427,0.21476,0.21202,0.21289,200940,42853.4181
1788046800000,0.21289,0.21312,0.21159,0.21296,80340,17058.3282
1788047100000,0.21296,0.21569,0.2127,0.2152,233920,50171.201
1788047400000,0.2152,0.21542,0.214,0.21413,90120,19353.0159
1788047700000,0.21413,0.21426,0.21319,0.21356,42940,9184.2002
1788048000000,0.21356,0.21423,0.2123,0.2127,99730,21310.6715
1788048300000,0.2127,0.21274,0.2105,0.21082,180000,38057.6116
1788048600000,0.21082,0.21226,0.21071,0.21171,98150,20775.206
1788048900000,0.21171,0.21369,0.21158,0.21335,179680,38160.9203
1788049200000,0.21335,0.21347,0.21285,0.21303,70910,15115.6464
1788049500000,0.21303,0.21483,0.21233,0.2145,141500,30271.7812
1788049800000,0.2145,0.21461,0.2099,0.21007,149200,31574.3765
1788050100000,0.21007,0.2104,0.20976,0.20994,41770,8771.8672
1788050400000,0.20994,0.21018,0.20794,0.20949,192290,40210.6672
1788050700000,0.20949,0.2098,0.20844,0.2098,45670,9551.619
1788051000000,0.2098,0.211,0.20932,0.20932,90280,18972.5085
1788051300000,0.20932,0.20945,0.20768,0.20793,53930,11247.6959
1788051600000,0.20793,0.20823,0.20668,0.20743,70430,14620.8295
1788051900000,0.20743,0.2078,0.20676,0.20721,59730,12383.0759
1788052200000,0.20721,0.2075,0.20705,0.20728,31720,6573.3902
1788052500000,0.20728,0.20781,0.20526,0.20561,118120,24421.9726
1788052800000,0.20561,0.20623,0.20499,0.20587,166910,34308.2066
1788053100000,0.20587,0.20616,0.20402,0.20415,102700,21059.4743
1788053400000,0.20415,0.207,0.20377,0.20641,706490,145233.1333
1788053700000,0.20641,0.207,0.20581,0.20671,236970,48895.5541
1788054000000,0.20671,0.20708,0.2062,0.20621,44470,9188.9601
1788054300000,0.20621,0.20701,0.20545,0.20683,115660,23834.6048
1788054600000,0.20683,0.20835,0.20639,0.20725,221500,45958.4743
1788054900000,0.20725,0.20725,0.20604,0.2061,59970,12388.2107
1788055200000,0.2061,0.20856,0.20599,0.20832,165860,34414.0824
1788055500000,0.20832,0.20844,0.20562,0.20688,137360,28381.9101
1788055800000,0.20688,0.20768,0.20616,0.207,70140,14527.259
1788056100000,0.207,0.20711,0.20595,0.20637,35600,7352.621
1788056400000,0.20637,0.20668,0.20556,0.20578,63810,13151.2709
1788056700000,0.20578,0.20676,0.20416,0.20432,140270,28812.6238
1788057000000,0.20432,0.20633,0.20288,0.20607,176710,36151.1851
1788057300000,0.20607,0.20877,0.2055,0.2085,96450,20003.5265
1788057600000,0.2085,0.21167,0.20825,0.21062,550630,115974.2923
1788057900000,0.21062,0.21417,0.21012,0.21366,512640,108766.2544
1788058200000,0.21366,0.21984,0.21366,0.21796,660730,143441.3361
1788058500000,0.21796,0.22839,0.21694,0.22755,1936500,434402.5641
1788058800000,0.22755,0.23088,0.22182,0.2234,826000,187045.9107
1788059100000,0.2234,0.22352,0.2202,0.2215,323550,71876.8922
1788059400000,0.2215,0.23008,0.2215,0.229,452160,102129.8957
1788059700000,0.229,0.23215,0.22645,0.23005,1519840,349315.5863
1788060000000,0.23005,0.24102,0.22807,0.23273,2419380,569889.3606
1788060300000,0.23273,0.23672,0.22876,0.23483,1157490,269042.839
1788060600000,0.23483,0.23577,0.23134,0.23367,337080,78669.9443
1788060900000,0.23367,0.23402,0.23019,0.23279,494970,114723.7542
1788061200000,0.23279,0.23367,0.22982,0.23203,178530,41361.8446
1788061500000,0.23203,0.23331,0.23104,0.23172,257060,59638.9826
1788061800000,0.23172,0.23172,0.21991,0.23002,3056330,688408.4943
1788062100000,0.23002,0.23302,0.22674,0.22694,797220,183156.3539
1788062400000,0.22694,0.22749,0.2223,0.22398,431860,97042.6841
1788062700000,0.22398,0.2269,0.22256,0.22609,448880,101014.6184
1788063000000,0.22609,0.22766,0.2238,0.22761,192460,43467.4801
1788063300000,0.22761,0.22834,0.2202,0.22032,496440,111032.51
1788063600000,0.22032,0.222,0.21962,0.22049,246050,54340.6017
1788063900000,0.22049,0.22074,0.2169,0.21718,642180,140195.1385
1788064200000,0.21718,0.2212,0.21717,0.21946,355910,78027.3022
1788064500000,0.21946,0.22135,0.21716,0.21816,161470,35475.1519
1788064800000,0.21816,0.2202,0.21743,0.21917,193440,42264.8304
1788065100000,0.21917,0.21995,0.2169,0.21714,130690,28445.2754
1788065400000,0.21714,0.21913,0.2165,0.21882,173770,37774.7922
1788065700000,0.21882,0.2209,0.21812,0.22051,143650,31576.2604
1788066000000,0.22051,0.22131,0.21792,0.22119,230340,50575.2792
1788066300000,0.22119,0.2219,0.21864,0.21988,215460,47472.0942
1788066600000,0.21988,0.22075,0.21916,0.22045,99670,21938.6888
1788066900000,0.22045,0.22045,0.21913,0.22003,50540,11102.1796
1788067200000,0.22003,0.22004,0.21935,0.21973,62970,13838.6148
1788067500000,0.21973,0.22166,0.21938,0.22088,198480,43780.839
1788067800000,0.22088,0.22103,0.21917,0.2209,110460,24357.393
1788068100000,0.2209,0.22297,0.22047,0.22149,225280,49983.3971
1788068400000,0.22149,0.22149,0.22071,0.22131,61800,13662.403
1788068700000,0.22131,0.2231,0.22092,0.22176,188710,41896.0698
1788069000000,0.22176,0.22212,0.22074,0.22074,97020,21487.7704
1788069300000,0.22074,0.22164,0.21955,0.22158,66260,14602.8249
1788069600000,0.22158,0.22274,0.22068,0.22224,173700,38564.1413
1788069900000,0.22224,0.22542,0.22209,0.22332,307210,68667.362
1788070200000,0.22332,0.22332,0.2209,0.2215,202890,45052.1599
1788070500000,0.2215,0.22352,0.22123,0.22262,277880,61870.2579
1788070800000,0.22262,0.22427,0.22198,0.22264,93010,20740.679
1788071100000,0.22264,0.22486,0.22212,0.22448,75740,16918.3825
1788071400000,0.22448,0.2288,0.22366,0.22755,254650,57644.4743
1788071700000,0.22755,0.22881,0.22549,0.22586,149660,33977.7239
1788072000000,0.22586,0.22668,0.2234,0.2234,186660,42077.4995
1788072300000,0.2234,0.22544,0.22166,0.22513,198050,44233.0409
1788072600000,0.22513,0.22514,0.22434,0.22494,80370,18073.8206
1788072900000,0.22494,0.22494,0.22261,0.22265,55950,12504.1414
1788073200000,0.22265,0.22374,0.219,0.219,216440,48027.8281
1788073500000,0.219,0.219,0.21561,0.21704,299540,65084.8923
1788073800000,0.21704,0.21978,0.21697,0.21842,92790,20291.4467
1788074100000,0.21842,0.2189,0.21781,0.21812,49930,10900.5855
1788074400000,0.21812,0.21854,0.21716,0.21792,92140,20059.2292
1788074700000,0.21792,0.21847,0.21457,0.21457,218920,47320.6918
1788075000000,0.21457,0.2155,0.20884,0.21087,1241880,262941.0893
1788075300000,0.21087,0.213,0.21055,0.21137,222910,47146.9072
1788075600000,0.21137,0.21267,0.21034,0.21196,110580,23374.5466
1788075900000,0.21196,0.21281,0.2113,0.21268,54740,11610.7886
1788076200000,0.21268,0.21326,0.2115,0.21184,54580,11600.2918
1788076500000,0.21184,0.21379,0.21154,0.21306,172090,36650.6205
1788076800000,0.21306,0.2154,0.21283,0.21529,204060,43746.7457
1788077100000,0.21529,0.21649,0.21426,0.21426,135330,29155.2413
1788077400000,0.21426,0.21432,0.2118,0.21232,95010,20215.0995
1788077700000,0.21232,0.21345,0.21159,0.2127,92820,19746.0532
1788078000000,0.2127,0.2133,0.21145,0.21188,107770,22899.08
1788078300000,0.21188,0.21274,0.2113,0.2121,184240,39057.5545
1788078600000,0.2121,0.21247,0.20995,0.21052,220820,46674.0112
1788078900000,0.21052,0.21079,0.20724,0.20941,480520,100360.492
1788079200000,0.20941,0.21041,0.20927,0.2102,62560,13125.486
1788079500000,0.2102,0.21066,0.20944,0.21043,53160,11171.0719
1788079800000,0.21043,0.21362,0.2102,0.2133,126750,26837.7937
1788080100000,0.2133,0.21585,0.213,0.21496,192770,41371.4438
1788080400000,0.21496,0.21517,0.2129,0.21318,119970,25675.3654
1788080700000,0.21318,0.21437,0.21288,0.21396,30930,6602.745
1788081000000,0.21396,0.21415,0.21148,0.21159,95680,20361.3192
1788081300000,0.21159,0.2118,0.2094,0.21074,92210,19393.361
1788081600000,0.21074,0.21202,0.20976,0.21021,207680,43740.1929
1788081900000,0.21021,0.21063,0.20866,0.20904,74540,15635.1277
1788082200000,0.20904,0.21082,0.2085,0.21076,144790,30358.4646
1788082500000,0.21076,0.21403,0.21017,0.2135,188310,40014.2453
1788082800000,0.2135,0.2135,0.2123,0.21303,73600,15673.5321
1788083100000,0.21303,0.21426,0.21265,0.21294,64350,13744.9605
1788083400000,0.21294,0.21614,0.212,0.21476,342920,73221.7818
1788083700000,0.21476,0.21476,0.2131,0.21356,99960,21362.446
1788084000000,0.21356,0.21385,0.21214,0.2125,196150,41777.7779
1788084300000,0.2125,0.2137,0.21193,0.21301,71900,15298.6681
1788084600000,0.21301,0.2133,0.21064,0.21238,103750,21957.3034
1788084900000,0.21238,0.21386,0.21196,0.21377,62540,13318.585
1788085200000,0.21377,0.21607,0.21257,0.2144,226740,48689.6047
1788085500000,0.2144,0.21637,0.21428,0.21593,296630,63848.1669
1788085800000,0.21593,0.21827,0.21479,0.21539,236280,51108.2052
1788086100000,0.21539,0.21593,0.21495,0.2155,71710,15448.5952
1788086400000,0.2155,0.21726,0.2155,0.21705,87290,18893.3916
1788086700000,0.21705,0.21759,0.21536,0.21567,436430,94275.7815
1788087000000,0.21567,0.21567,0.21442,0.2145,128290,27542.0629
1788087300000,0.2145,0.21509,0.21429,0.21478,75830,16285.461
1788087600000,0.21478,0.21567,0.2126,0.21308,135140,28989.263
1788087900000,0.21308,0.21456,0.21287,0.21398,48330,10337.4414
1788088200000,0.21398,0.21426,0.2134,0.21391,24860,5316.5658
1788088500000,0.21391,0.21395,0.21284,0.21314,50150,10701.4063
1788088800000,0.21314,0.21406,0.21314,0.21383,15060,3219.4133
1788089100000,0.21383,0.21419,0.21245,0.21395,165340,35279.9412
1788089400000,0.21395,0.21437,0.21345,0.21397,31150,6664.3095
1788089700000,0.21397,0.21517,0.21322,0.21418,102740,22007.9816
1788090000000,0.21418,0.21806,0.214,0.21746,246890,53406.3043
1788090300000,0.21746,0.21869,0.21591,0.21834,229800,50015.4537
1788090600000,0.21834,0.21847,0.21264,0.21387,770540,165724.8045
1788090900000,0.21387,0.21567,0.21323,0.21459,155850,33413.2994
1788091200000,0.21459,0.2188,0.21459,0.21852,624680,135698.9582
1788091500000,0.21852,0.22116,0.218,0.22087,435640,95604.8917
1788091800000,0.22087,0.22175,0.21905,0.22,126230,27770.0605
1788092100000,0.22,0.22022,0.21331,0.2143,348600,75285.3299
1788092400000,0.2143,0.21541,0.21268,0.21305,150050,32155.3146
1788092700000,0.21305,0.21326,0.21003,0.2132,358480,75804.4934
1788093000000,0.2132,0.21358,0.21109,0.21226,183270,38877.5567
1788093300000,0.21226,0.21311,0.21143,0.21289,87900,18648.1557
1788093600000,0.21289,0.21289,0.21099,0.21148,87700,18554.249
1788093900000,0.21148,0.21309,0.21129,0.21255,56040,11915.469
1788094200000,0.21255,0.21436,0.2121,0.21391,51650,11021.1878
1788094500000,0.21391,0.21627,0.21333,0.21627,130410,28069.9944
1788094800000,0.21627,0.21627,0.2145,0.2148,60100,12925.7
1788095100000,0.2148,0.21512,0.21142,0.21152,112460,23949.394
1788095400000,0.21152,0.21172,0.20963,0.21109,104630,22032.2914
1788095700000,0.21109,0.21175,0.20998,0.2117,56180,11862.3083
1788096000000,0.2117,0.21247,0.21004,0.21132,238050,50296.4976
1788096300000,0.21132,0.21146,0.20979,0.20996,127300,26797.7544
1788096600000,0.20996,0.21223,0.20849,0.2111,141420,29728.7441
1788096900000,0.2111,0.21693,0.2101,0.21608,258330,55316.1203
1788097200000,0.21608,0.21615,0.21403,0.21484,113310,24363.5857
1788097500000,0.21484,0.2165,0.21468,0.21579,212200,45857.5307
1788097800000,0.21579,0.21579,0.21315,0.21556,842420,180473.7843
1788098100000,0.21556,0.2193,0.21409,0.21775,374070,81245.8366
1788098400000,0.21775,0.22152,0.21708,0.21868,367580,80458.0692
1788098700000,0.21868,0.22108,0.21739,0.21871,348480,76533.1569
1788099000000,0.21871,0.22165,0.21702,0.22069,356040,78016.8849
1788099300000,0.22069,0.22151,0.21755,0.21878,329640,72309.3641
1788099600000,0.21878,0.22001,0.21692,0.21696,444290,97407.507
1788099900000,0.21696,0.21791,0.21548,0.21637,235920,51135.9501
1788100200000,0.21637,0.21782,0.21546,0.21721,134330,29135.1258
1788100500000,0.21721,0.21743,0.21545,0.217,69440,15008.3093
1788100800000,0.217,0.22039,0.21486,0.21953,666650,145717.7313
1788101100000,0.21953,0.21971,0.21793,0.21868,107810,23597.9767
1788101400000,0.21868,0.22185,0.21857,0.22105,189140,41767.0347
1788101700000,0.22105,0.22286,0.22055,0.2217,147680,32783.8484
1788102000000,0.2217,0.22241,0.21968,0.2206,462060,102282.9367
1788102300000,0.2206,0.22233,0.2205,0.221,165030,36489.626
1788102600000,0.221,0.22167,0.22008,0.22073,74160,16398.6686
1788102900000,0.22073,0.22385,0.21983,0.2216,238710,53083.6196
1788103200000,0.2216,0.22292,0.22113,0.22161,225720,50094.4849
1788103500000,0.22161,0.22384,0.218,0.22277,661990,146277.7157
1788103800000,0.22277,0.22438,0.2213,0.2213,179630,40066.9619
1788104100000,0.2213,0.2221,0.21697,0.2196,754130,165657.6049
1788104400000,0.2196,0.2215,0.21768,0.22081,374940,82348.2532
1788104700000,0.22081,0.22143,0.21867,0.21867,142580,31383.7135
1788105000000,0.21867,0.2255,0.21867,0.22419,323640,72278.5197
1788105300000,0.22419,0.22597,0.223,0.22561,238850,53676.4387
1788105600000,0.22561,0.22714,0.22311,0.22609,288570,65003.9005
1788105900000,0.22609,0.22762,0.22573,0.22706,225090,51046.411
1788106200000,0.22706,0.22771,0.2238,0.2272,737160,166487.1998
1788106500000,0.2272,0.2274,0.22548,0.22699,241100,54615.1408
1788106800000,0.22699,0.2345,0.2267,0.23262,895800,207178.5955
1788107100000,0.23262,0.23381,0.22758,0.22933,434930,100490.3263
1788107400000,0.22933,0.23072,0.22561,0.22971,600640,136694.9758
1788107700000,0.22971,0.2322,0.22853,0.23201,327610,75682.4739
1788108000000,0.23201,0.23584,0.23116,0.23335,526900,123186.3943
1788108300000,0.23335,0.23865,0.23282,0.23697,663280,156679.9087
1788108600000,0.23697,0.24047,0.2358,0.23873,414520,99004.416
1788108900000,0.23873,0.24521,0.23832,0.24351,1669800,406072.26
1788109200000,0.24351,0.24351,0.23714,0.23784,792200,190465.0135
1788109500000,0.23784,0.24023,0.23433,0.23796,724490,172182.2064
1788109800000,0.23796,0.2388,0.23725,0.23797,77780,18499.8649
1788110100000,0.23797,0.23809,0.23344,0.23411,410510,96549.2208
1788110400000,0.23411,0.23734,0.23393,0.23393,256010,60386.6476
1788110700000,0.23393,0.23655,0.2299,0.23081,660070,153235.2481
1788111000000,0.23081,0.23341,0.23081,0.23232,215770,50129.7177
1788111300000,0.23232,0.23299,0.23161,0.23196,56980,13237.3388
1788111600000,0.23196,0.235,0.2309,0.23424,249360,58082.6784
1788111900000,0.23424,0.23536,0.2328,0.23472,179840,42081.6984
1788112200000,0.23472,0.23472,0.23094,0.23264,427700,99553.7616
1788112500000,0.23264,0.23388,0.23211,0.23268,58610,13664.4733
1788112800000,0.23268,0.23542,0.23268,0.2347,185810,43544.3674
1788113100000,0.2347,0.2351,0.23097,0.23146,440180,102446.0374
1788113400000,0.23146,0.23216,0.22826,0.22938,377300,86847.4834
1788113700000,0.22938,0.2316,0.22834,0.2315,127310,29251.3267
1788114000000,0.2315,0.23412,0.2315,0.23393,134700,31328.9937
1788114300000,0.23393,0.23446,0.23157,0.23246,225310,52416.5417
1788114600000,0.23246,0.234,0.23234,0.2335,116830,27256.6367
1788114900000,0.2335,0.23699,0.23288,0.23544,347010,81715.2745
1788115200000,0.23544,0.23565,0.23479,0.23558,78550,18475.802
1788115500000,0.23558,0.23871,0.23532,0.23654,348530,82793.9941
1788115800000,0.23654,0.23654,0.2349,0.23514,63900,15060.718
1788116100000,0.23514,0.23788,0.23488,0.23688,179760,42578.6067
1788116400000,0.23688,0.23698,0.23588,0.23629,70170,16586.9189
1788116700000,0.23629,0.23693,0.2349,0.23497,110740,26147.3303
1788117000000,0.23497,0.23593,0.23463,0.2356,40460,9512.348
1788117300000,0.2356,0.23608,0.23446,0.2346,81990,19267.1297
1788117600000,0.2346,0.23483,0.23009,0.231,150610,34966.4289
1788117900000,0.231,0.23209,0.22958,0.23078,102810,23704.0093
1788118200000,0.23078,0.23129,0.2281,0.23043,157930,36254.9108
1788118500000,0.23043,0.23204,0.2288,0.2316,216640,49860.249
1788118800000,0.2316,0.23508,0.231,0.23388,246980,57724.6617
1788119100000,0.23388,0.23546,0.2334,0.23494,87490,20514.9551
1788119400000,0.23494,0.24048,0.23416,0.23768,934680,222381.6519
1788119700000,0.23768,0.24223,0.23761,0.24001,736720,176677.6321
1788120000000,0.24001,0.241,0.23869,0.23939,579100,138942.6115
1788120300000,0.23939,0.24041,0.23808,0.23916,225550,53906.2817
1788120600000,0.23916,0.23953,0.23691,0.23723,230490,54745.8086
1788120900000,0.23723,0.23812,0.23707,0.23781,73470,17435.2159
1788121200000,0.23781,0.24284,0.23736,0.23753,1073600,258166.6375
1788121500000,0.23753,0.23763,0.23412,0.23421,331610,78337.1727
1788121800000,0.23421,0.23459,0.23202,0.23218,248600,58039.0663
1788122100000,0.23218,0.23367,0.23213,0.23268,120390,28026.9982
1788122400000,0.23268,0.23268,0.22685,0.2272,579200,132859.1444
1788122700000,0.2272,0.22919,0.22614,0.22692,288310,65594.728
1788123000000,0.22692,0.22885,0.22678,0.22683,69280,15778.5745
1788123300000,0.22683,0.22807,0.22587,0.22775,90820,20600.4056
1788123600000,0.22775,0.22831,0.22134,0.22524,480290,108048.7757
1788123900000,0.22524,0.22554,0.223,0.22542,168870,37894.4848
1788124200000,0.22542,0.22753,0.22177,0.22254,1815580,405625.2477
1788124500000,0.22254,0.22609,0.22254,0.22604,127260,28604.1485
1788124800000,0.22604,0.22718,0.22416,0.22487,113580,25647.5317
1788125100000,0.22487,0.22668,0.22457,0.22609,56280,12689.1338
1788125400000,0.22609,0.22851,0.22588,0.22728,244100,55382.8442
1788125700000,0.22728,0.22752,0.22635,0.22691,22020,4995.7637
1788126000000,0.22691,0.22693,0.22336,0.2238,128380,28907.1609
1788126300000,0.2238,0.22427,0.22196,0.22257,85000,18967.4843
1788126600000,0.22257,0.22298,0.21652,0.22016,1022240,224344.6808
1788126900000,0.22016,0.2265,0.21966,0.22636,304950,67918.9381
1788127200000,0.22636,0.22956,0.22446,0.22876,849680,193727.011
1788127500000,0.22876,0.23056,0.22789,0.22815,741020,170221.8173
1788127800000,0.22815,0.22815,0.22584,0.22588,139180,31555.7424
1788128100000,0.22588,0.22627,0.22403,0.22573,132890,29889.4718
1788128400000,0.22573,0.22661,0.21923,0.22077,1626450,360800.8763
1788128700000,0.22077,0.22372,0.22028,0.22332,162120,35992.507
1788129000000,0.22332,0.22338,0.22029,0.22055,95200,21111.0716
1788129300000,0.22055,0.22063,0.2184,0.21918,329030,72094.3718
1788129600000,0.21918,0.22217,0.21918,0.22198,112780,24938.4996
1788129900000,0.22198,0.22269,0.21878,0.22114,201430,44383.8757
1788130200000,0.22114,0.22135,0.21823,0.21855,63520,13941.0077
1788130500000,0.21855,0.21896,0.21553,0.21719,314170,68235.3979
1788130800000,0.21719,0.21977,0.21692,0.21912,143400,31293.1575
1788131100000,0.21912,0.2204,0.21862,0.2191,110600,24262.8389
1788131400000,0.2191,0.21945,0.21758,0.21804,88700,19388.6574
1788131700000,0.21804,0.21827,0.21598,0.21775,80310,17434.807
1788132000000,0.21775,0.21775,0.21079,0.21111,442380,94544.0337
1788132300000,0.21111,0.21383,0.20367,0.20829,2099040,438008.1558
1788132600000,0.20829,0.214,0.20656,0.21209,1091450,229414.7649
1788132900000,0.21209,0.21324,0.2092,0.21,320690,67720.6434
1788133200000,0.21,0.2118,0.20892,0.2107,353940,74356.9616
1788133500000,0.2107,0.21166,0.1903,0.19865,6785890,1336071.5732
1788133800000,0.19865,0.20419,0.19865,0.20172,540500,108900.7385
1788134100000,0.20172,0.206,0.20154,0.20329,817540,166963.0261
1788134400000,0.20329,0.20776,0.20244,0.20695,383840,78753.3131
1788134700000,0.20695,0.20712,0.20245,0.20278,307140,62970.4864
1788135000000,0.20278,0.20688,0.1998,0.20647,727670,147508.7408
1788135300000,0.20647,0.20951,0.20433,0.20454,766650,159213.7579
1788135600000,0.20454,0.21048,0.20268,0.21011,731600,151969.2445
1788135900000,0.21011,0.21011,0.2058,0.20699,252190,52565.8405
1788136200000,0.20699,0.2075,0.2057,0.20727,117060,24208.2143
1788136500000,0.20727,0.20981,0.20632,0.20822,123810,25775.5748
1788136800000,0.20822,0.21132,0.20787,0.20992,306280,64336.541
1788137100000,0.20992,0.20992,0.20618,0.20884,192640,40082.097
1788137400000,0.20884,0.20961,0.20764,0.20955,108130,22577.4491
1788137700000,0.20955,0.21115,0.20823,0.20869,162390,34134.9611
1788138000000,0.20869,0.20869,0.2048,0.20562,300040,61854.8692
1788138300000,0.20562,0.2069,0.20365,0.20402,325880,66929.5186
1788138600000,0.20402,0.20431,0.20188,0.20298,90170,18308.0599
1788138900000,0.20298,0.20455,0.20286,0.20412,134000,27321.4827
1788139200000,0.20412,0.2048,0.20297,0.20464,167890,34246.4488
1788139500000,0.20464,0.20546,0.20188,0.2024,178180,36187.3636
1788139800000,0.2024,0.20328,0.198,0.19865,298120,59579.9683
1788140100000,0.19865,0.20041,0.19649,0.19889,303740,60217.2269
1788140400000,0.19889,0.20016,0.19459,0.19515,977560,192309.1624
1788140700000,0.19515,0.197,0.195,0.19628,168510,33019.3094
1788141000000,0.19628,0.19809,0.19449,0.19464,176340,34531.5649
1788141300000,0.19464,0.19726,0.19259,0.1955,460310,89666.2252
1788141600000,0.1955,0.196,0.18316,0.18796,3047320,569626.9063
1788141900000,0.18796,0.19194,0.18782,0.19044,330640,62879.1372
1788142200000,0.19044,0.19289,0.18989,0.19197,256880,49173.3245
1788142500000,0.19197,0.19681,0.19127,0.19636,337220,65263.0345
1788142800000,0.19636,0.19636,0.19309,0.19418,196430,38303.0689
1788143100000,0.19418,0.19426,0.18493,0.19193,2584210,488593.241
1788143400000,0.19193,0.19587,0.18605,0.18895,1337100,255595.6363
1788143700000,0.18895,0.1908,0.1885,0.19067,181510,34428.0381
1788144000000,0.19067,0.19069,0.18485,0.19018,820160,154521.9671
1788144300000,0.19018,0.19169,0.18972,0.19011,281940,53735.0669
1788144600000,0.19011,0.19033,0.18683,0.18708,247530,46578.2625
1788144900000,0.18708,0.18986,0.18628,0.1887,185230,34844.2152
1788145200000,0.1887,0.19138,0.18817,0.19023,170970,32509.0963
1788145500000,0.19023,0.19058,0.18877,0.19058,60170,11399.9417
1788145800000,0.19058,0.19142,0.18981,0.1905,66880,12742.5407
1788146100000,0.1905,0.19332,0.1904,0.19258,281930,54145.3201
1788146400000,0.19258,0.1947,0.19235,0.1941,206280,39886.1431
1788146700000,0.1941,0.1955,0.19409,0.19526,144310,28134.86
1788147000000,0.19526,0.19823,0.19499,0.1967,412570,81159.9395
1788147300000,0.1967,0.19838,0.19585,0.19609,147090,29004.3917
1788147600000,0.19609,0.19609,0.19015,0.19416,1354410,261078.8231
1788147900000,0.19416,0.19725,0.1936,0.19574,937950,183936.9117
1788148200000,0.19574,0.19624,0.1952,0.19602,83370,16319.463
1788148500000,0.19602,0.19692,0.19586,0.19628,76770,15073.6123
1788148800000,0.19628,0.19628,0.19398,0.19464,259100,50559.9501
1788149100000,0.19464,0.19494,0.1936,0.19444,114010,22144.663
1788149400000,0.19444,0.19444,0.19325,0.19418,76370,14826.384
1788149700000,0.19418,0.19418,0.18912,0.19167,794980,151600.184
1788150000000,0.19167,0.19243,0.19034,0.19198,120590,23134.0284
1788150300000,0.19198,0.19323,0.191,0.19287,168540,32408.9596
1788150600000,0.19287,0.19363,0.1914,0.19193,138640,26624.2947
1788150900000,0.19193,0.19242,0.19028,0.19164,76570,14663.5735
1788151200000,0.19164,0.19181,0.18924,0.19116,108840,20754.5455
1788151500000,0.19116,0.19176,0.18556,0.18745,599490,112482.1802
1788151800000,0.18745,0.19108,0.18671,0.18928,509560,96402.0417
1788152100000,0.18928,0.19017,0.18724,0.18905,559810,105606.7255
1788152400000,0.18905,0.19327,0.18894,0.1926,99510,19043.9317
1788152700000,0.1926,0.19468,0.19175,0.1926,120920,23374.1459
1788153000000,0.1926,0.19489,0.1923,0.19401,178640,34680.1013
1788153300000,0.19401,0.19649,0.19376,0.1962,94430,18396.7421
1788153600000,0.1962,0.1978,0.19553,0.19736,139960,27550.4287
1788153900000,0.19736,0.20197,0.19587,0.19957,672770,134244.8045
1788154200000,0.19957,0.20317,0.19894,0.20277,735890,148047.5464
1788154500000,0.20277,0.204,0.20181,0.20349,303800,61709.8151
1788154800000,0.20349,0.20756,0.20304,0.20694,666720,137131.817
1788155100000,0.20694,0.20877,0.20418,0.2044,679720,140966.0978
1788155400000,0.2044,0.20593,0.20281,0.20475,159600,32679.1063
1788155700000,0.20475,0.20475,0.2035,0.20452,70820,14462.0659
1788156000000,0.20452,0.2081,0.20412,0.20767,251900,51877.3761
1788156300000,0.20767,0.20937,0.20548,0.20924,343880,71599.2042
1788156600000,0.20924,0.2102,0.2085,0.20976,188410,39485.0823
1788156900000,0.20976,0.21028,0.20648,0.20726,183960,38308.8609
1788157200000,0.20726,0.20736,0.20462,0.20463,293200,60401.1131
1788157500000,0.20463,0.20526,0.20184,0.20499,723690,147389.611
1788157800000,0.20499,0.20736,0.20432,0.20736,187550,38639.8687
1788158100000,0.20736,0.20991,0.20709,0.20897,210220,43802.004
1788158400000,0.20897,0.20987,0.20851,0.20915,90850,19023.9273
1788158700000,0.20915,0.2099,0.20824,0.20879,65220,13635.5398
1788159000000,0.20879,0.20879,0.20641,0.20729,199110,41289.1619
1788159300000,0.20729,0.20849,0.20668,0.20838,77350,16073.5319
1788159600000,0.20838,0.20958,0.20622,0.2071,87600,18212.5069
1788159900000,0.2071,0.2076,0.2065,0.2076,29590,6130.2117
1788160200000,0.2076,0.20836,0.20638,0.20811,122690,25486.1087
1788160500000,0.20811,0.21133,0.20799,0.2105,187970,39524.4402
1788160800000,0.2105,0.21229,0.2092,0.21199,250950,52883.2839
1788161100000,0.21199,0.21356,0.20942,0.21034,428000,90489.3095
1788161400000,0.21034,0.21226,0.20964,0.20987,167860,35473.2178
1788161700000,0.20987,0.20987,0.2079,0.2083,95810,20014.7241
1788162000000,0.2083,0.20909,0.2081,0.20841,54720,11411.2439
1788162300000,0.20841,0.20955,0.20814,0.20923,85570,17873.1064
1788162600000,0.20923,0.20923,0.2085,0.20906,41230,8612.3558
1788162900000,0.20906,0.2092,0.20824,0.20859,101850,21267.7634
1788163200000,0.20859,0.20922,0.20445,0.20533,314410,64888.5552
1788163500000,0.20533,0.2062,0.202,0.20252,343670,69952.1251
1788163800000,0.20252,0.20596,0.20252,0.20481,256570,52467.6791
1788164100000,0.20481,0.20555,0.20358,0.20404,135510,27693.3755
1788164400000,0.20404,0.20445,0.20194,0.20326,346560,70384.9568
1788164700000,0.20326,0.20437,0.20287,0.20404,60670,12348.9418
1788165000000,0.20404,0.20408,0.20228,0.20321,76540,15540.3542
1788165300000,0.20321,0.2037,0.20218,0.20305,60270,12223.8324
1788165600000,0.20305,0.20738,0.2028,0.20701,224920,46186.4739
1788165900000,0.20701,0.20738,0.20599,0.20621,153560,31705.3819
1788166200000,0.20621,0.21019,0.20602,0.20913,310170,64643.84
1788166500000,0.20913,0.21019,0.20867,0.20975,104850,21967.4894
1788166800000,0.20975,0.20984,0.20803,0.20857,68950,14401.3243
1788167100000,0.20857,0.20939,0.20776,0.20911,104170,21718.1645
1788167400000,0.20911,0.20971,0.2074,0.20767,92350,19231.4964
1788167700000,0.20767,0.20921,0.20767,0.2087,106700,22253.0596
1788168000000,0.2087,0.21261,0.20815,0.2118,470500,99337.3698
1788168300000,0.2118,0.21216,0.20918,0.21014,280270,59004.5273
1788168600000,0.21014,0.21136,0.20885,0.21098,105180,22112.7278
1788168900000,0.21098,0.21106,0.2079,0.20867,128620,26860.0125
1788169200000,0.20867,0.21199,0.2074,0.2112,159980,33570.4277
1788169500000,0.2112,0.21503,0.21065,0.21352,297170,63424.5923
1788169800000,0.21352,0.21651,0.21191,0.212,379570,81453.3556
1788170100000,0.212,0.212,0.20944,0.21016,116760,24548.1359
1788170400000,0.21016,0.21185,0.20859,0.20887,284020,59532.0981
1788170700000,0.20887,0.20919,0.20812,0.20886,121970,25452.8361
1788171000000,0.20886,0.21119,0.20828,0.21102,62800,13191.0121
1788171300000,0.21102,0.21162,0.209,0.20913,54500,11451.066
1788171600000,0.20913,0.20972,0.20683,0.20898,219820,45689.1618
1788171900000,0.20898,0.2098,0.20541,0.20582,115640,23904.1856
1788172200000,0.20582,0.2081,0.20429,0.20603,167080,34395.6813
1788172500000,0.20603,0.20751,0.20534,0.20748,58260,11989.2721
1788172800000,0.20748,0.20831,0.20695,0.20808,65340,13561.6295
1788173100000,0.20808,0.20896,0.20808,0.20895,41090,8571.2244
1788173400000,0.20895,0.21009,0.20816,0.20952,161400,33824.0254
1788173700000,0.20952,0.21074,0.20952,0.2107,74980,15765.5634
1788174000000,0.2107,0.21215,0.21024,0.21108,117420,24802.7308
1788174300000,0.21108,0.212,0.2108,0.21118,60850,12860.3589
1788174600000,0.21118,0.2117,0.21027,0.21137,68200,14370.3861
1788174900000,0.21137,0.21227,0.21025,0.21066,105040,22238.1154
1788175200000,0.21066,0.21075,0.20977,0.21062,41810,8792.1259
1788175500000,0.21062,0.21062,0.2089,0.20965,113420,23762.0292
1788175800000,0.20965,0.20978,0.20891,0.20896,22760,4763.4578
1788176100000,0.20896,0.209,0.20357,0.2042,503860,103871.5579
1788176400000,0.2042,0.20453,0.19697,0.19766,741850,148320.219
1788176700000,0.19766,0.20087,0.19765,0.20074,399860,79659.6896
1788177000000,0.20074,0.2012,0.19618,0.1969,647460,127913.9872
1788177300000,0.1969,0.1998,0.19684,0.19916,319750,63665.6163
1788177600000,0.19916,0.20226,0.1985,0.20205,132090,26461.2318
1788177900000,0.20205,0.20539,0.20185,0.20269,725430,147487.7836
1788178200000,0.20269,0.20288,0.20135,0.20179,155180,31357.1238
1788178500000,0.20179,0.20275,0.20075,0.2018,217690,43884.9491
1788178800000,0.2018,0.203,0.20149,0.203,79420,16058.4645
1788179100000,0.203,0.203,0.19772,0.1993,275700,55066.0009
1788179400000,0.1993,0.19953,0.1982,0.19877,118850,23642.9935
1788179700000,0.19877,0.20017,0.19757,0.199,237760,47364.7692
1788180000000,0.199,0.2003,0.19634,0.19895,465120,92463.5781
1788180300000,0.19895,0.19901,0.1975,0.19842,97380,19286.9926
1788180600000,0.19842,0.19889,0.1976,0.19839,95580,18945.3753
1788180900000,0.19839,0.19895,0.19749,0.19773,228940,45346.0693
1788181200000,0.19773,0.19864,0.19488,0.19728,395710,77929.143
1788181500000,0.19728,0.19765,0.19624,0.19674,61600,12141.9017
1788181800000,0.19674,0.1981,0.19563,0.19744,225720,44544.3953
1788182100000,0.19744,0.19832,0.19656,0.19672,221810,43814.3573
1788182400000,0.19672,0.19729,0.19509,0.19692,102050,20020.0368
1788182700000,0.19692,0.19777,0.19574,0.19732,85160,16759.4756
1788183000000,0.19732,0.2012,0.19726,0.19785,516620,103014.4449
1788183300000,0.19785,0.19891,0.19632,0.19868,138600,27401.2975
1788183600000,0.19868,0.20011,0.1986,0.19946,231900,46249.6056
1788183900000,0.19946,0.19996,0.1977,0.1989,128570,25532.0026
1788184200000,0.1989,0.19897,0.19645,0.1969,108630,21417.7907
1788184500000,0.1969,0.19723,0.1955,0.19667,176710,34662.1415
1788184800000,0.19667,0.19973,0.19658,0.19808,244860,48531.3506
1788185100000,0.19808,0.1984,0.19697,0.19733,291890,57649.8668
1788185400000,0.19733,0.19788,0.19236,0.1932,886640,172456.446
1788185700000,0.1932,0.19485,0.19051,0.19149,538420,103620.4319
1788186000000,0.19149,0.19458,0.19107,0.1911,348970,67183.5957
1788186300000,0.1911,0.1917,0.18648,0.18684,617410,116717.6501
1788186600000,0.18684,0.19043,0.18349,0.18864,1554750,291732.4694
1788186900000,0.18864,0.19047,0.18783,0.1882,188390,35677.7364
1788187200000,0.1882,0.19297,0.1876,0.19065,1351960,256745.2213
1788187500000,0.19065,0.19321,0.1905,0.19101,212180,40683.593
1788187800000,0.19101,0.19132,0.18722,0.18756,190290,35965.3061
1788188100000,0.18756,0.1908,0.187,0.18906,276990,52297.4159
1788188400000,0.18906,0.1919,0.1875,0.18835,432290,82174.8143
1788188700000,0.18835,0.19103,0.18669,0.18951,276460,52153.8129
1788189000000,0.18951,0.19339,0.18922,0.19262,189620,36312.0376
1788189300000,0.19262,0.19503,0.19137,0.19322,255840,49465.2963
1788189600000,0.19322,0.19548,0.19224,0.19525,228960,44416.9681
1788189900000,0.19525,0.20145,0.19469,0.20104,525360,104318.3959
1788190200000,0.20104,0.202,0.19843,0.19897,265930,53265.8656
1788190500000,0.19897,0.20217,0.19897,0.20092,833220,166868.6816
1788190800000,0.20092,0.20126,0.19904,0.20021,393980,78822.4761
1788191100000,0.20021,0.2012,0.19927,0.20102,551910,110416.2815
1788191400000,0.20102,0.20231,0.19943,0.20092,298450,60011.0765
1788191700000,0.20092,0.20101,0.19816,0.19859,180740,36051.1848
1788192000000,0.19859,0.20165,0.19845,0.201,358690,71691.0902
1788192300000,0.201,0.20469,0.201,0.2022,373960,75889.372
1788192600000,0.2022,0.2081,0.2018,0.20734,702900,144769.7646
1788192900000,0.20734,0.20949,0.20571,0.20895,454520,94464.6062
1788193200000,0.20895,0.21105,0.20774,0.20953,248460,52030.1353
1788193500000,0.20953,0.21261,0.20838,0.21214,584930,123319.4323
1788193800000,0.21214,0.2154,0.2111,0.21275,582730,124120.016
1788194100000,0.21275,0.21729,0.21089,0.21718,316080,67822.8565
1788194400000,0.21718,0.21798,0.21611,0.21678,400620,86967.0447
1788194700000,0.21678,0.217,0.21009,0.21295,375880,79859.3712
1788195000000,0.21295,0.213,0.20902,0.2107,608400,128038.2118
1788195300000,0.2107,0.21147,0.20957,0.2106,138800,29239.731
1788195600000,0.2106,0.21152,0.20878,0.20882,142910,30049.054
1788195900000,0.20882,0.21056,0.2081,0.21013,95390,19965.0865
1788196200000,0.21013,0.21013,0.20815,0.20873,63420,13255.0546
1788196500000,0.20873,0.21105,0.20753,0.21023,250820,52593.4599
1788196800000,0.21023,0.2116,0.20992,0.21102,57350,12103.1531
1788197100000,0.21102,0.21287,0.21015,0.21081,224610,47513.2471
1788197400000,0.21081,0.21107,0.20957,0.21005,69310,14572.8373
1788197700000,0.21005,0.21167,0.20902,0.21137,133970,28131.4415
1788198000000,0.21137,0.2123,0.21003,0.21137,85320,18037.125
1788198300000,0.21137,0.212,0.21093,0.21128,32280,6823.9907
1788198600000,0.21128,0.21128,0.20967,0.21044,86620,18209.2919
1788198900000,0.21044,0.21044,0.20825,0.20866,173600,36288.8379
1788199200000,0.20866,0.21575,0.20852,0.2127,1090480,230951.5781
1788199500000,0.2127,0.21317,0.20951,0.21104,371960,78543.2303
1788199800000,0.21104,0.21318,0.20988,0.21297,171730,36337.4207
1788200100000,0.21297,0.21416,0.21159,0.21416,165610,35269.3614
1788200400000,0.21416,0.2159,0.21291,0.21528,272080,58302.6596
1788200700000,0.21528,0.21528,0.21053,0.21169,317970,67484.7498
1788201000000,0.21169,0.21278,0.21007,0.21164,193510,40869.8188
1788201300000,0.21164,0.21183,0.21104,0.21169,47940,10136.9439
1788201600000,0.21169,0.21325,0.2112,0.21305,101000,21400.8027
1788201900000,0.21305,0.21509,0.21287,0.21336,224860,48100.0519
1788202200000,0.21336,0.21374,0.2112,0.21151,71990,15287.0892
1788202500000,0.21151,0.21323,0.20999,0.21313,104030,21964.024
1788202800000,0.21313,0.21568,0.21229,0.21305,223770,47908.8226
1788203100000,0.21305,0.21836,0.21296,0.21517,530830,114735.2445
1788203400000,0.21517,0.21597,0.214,0.21479,196390,42232.3993
1788203700000,0.21479,0.21479,0.21143,0.21264,168150,35839.13
1788204000000,0.21264,0.21596,0.21224,0.21535,155310,33276.5197
1788204300000,0.21535,0.21859,0.21483,0.21647,336520,73065.8661
1788204600000,0.21647,0.2166,0.21417,0.21485,154050,33168.8195
1788204900000,0.21485,0.21547,0.21341,0.2146,158250,33933.0583
1788205200000,0.2146,0.21467,0.21107,0.2113,204930,43584.136
1788205500000,0.2113,0.21329,0.21048,0.21323,66240,13992.3152
1788205800000,0.21323,0.21412,0.21237,0.21299,90090,19214.8398
1788206100000,0.21299,0.21316,0.21119,0.21186,110800,23529.2094
1788206400000,0.21186,0.21361,0.21186,0.21258,63920,13608.9277
1788206700000,0.21258,0.2155,0.21258,0.21461,125240,26819.1245
1788207000000,0.21461,0.2169,0.21428,0.21466,403830,87177.4858
1788207300000,0.21466,0.21507,0.21366,0.21431,91640,19621.6022
1788207600000,0.21431,0.21977,0.2143,0.21856,246790,53685.9147
1788207900000,0.21856,0.22,0.21686,0.21726,297700,64832.5717
1788208200000,0.21726,0.21958,0.21447,0.21495,462830,100355.3247
1788208500000,0.21495,0.2158,0.2137,0.2148,139550,29968.929
1788208800000,0.2148,0.21564,0.21368,0.21394,86500,18548.2547
1788209100000,0.21394,0.21531,0.21133,0.21233,183300,39109.5333
1788209400000,0.21233,0.21265,0.20925,0.20995,275110,58021.667
1788209700000,0.20995,0.21002,0.20448,0.20807,1004910,207872.6618
1788210000000,0.20807,0.20887,0.20201,0.2043,999890,204948.652
1788210300000,0.2043,0.20705,0.20353,0.20523,164680,33858.517
1788210600000,0.20523,0.20671,0.20421,0.2045,162890,33482.0802
1788210900000,0.2045,0.20715,0.20417,0.20588,142520,29266.8706
1788211200000,0.20588,0.20609,0.2033,0.20395,114900,23557.0661
1788211500000,0.20395,0.20787,0.20395,0.2061,311110,64182.4707
1788211800000,0.2061,0.20854,0.205,0.20805,245260,50683.1113
1788212100000,0.20805,0.2084,0.20484,0.20692,218770,45083.3668
1788212400000,0.20692,0.2083,0.20683,0.20763,122900,25507.5261
1788212700000,0.20763,0.2088,0.20621,0.20735,95930,19901.4432
1788213000000,0.20735,0.20779,0.2049,0.20541,56210,11594.8521
1788213300000,0.20541,0.20591,0.20472,0.20483,28760,5905.674
1788213600000,0.20483,0.20621,0.20355,0.20546,141560,29034.8089
1788213900000,0.20546,0.20546,0.2039,0.20449,53450,10924.1333
1788214200000,0.20449,0.20482,0.20206,0.20288,258980,52528.2161
1788214500000,0.20288,0.20355,0.20079,0.20155,283310,57190.7374
1788214800000,0.20155,0.20259,0.19682,0.20102,1808030,360593.8096
1788215100000,0.20102,0.20118,0.1951,0.19751,683840,135031.4203
1788215400000,0.19751,0.20335,0.19678,0.1977,1462460,292869.997
1788215700000,0.1977,0.19884,0.19751,0.19751,126410,25049.4879
1788216000000,0.19751,0.19762,0.19217,0.19452,1560540,303216.8412
1788216300000,0.19452,0.19586,0.19438,0.19556,190250,37123.1327
1788216600000,0.19556,0.19824,0.19556,0.198,458540,90252.5664
1788216900000,0.198,0.19838,0.1971,0.19759,113450,22435.0838
1788217200000,0.19759,0.19777,0.19117,0.19142,438720,85187.121
1788217500000,0.19142,0.19359,0.18583,0.18641,1571120,296608.3476
1788217800000,0.18641,0.19197,0.1841,0.19176,1236700,231522.4936
1788218100000,0.19176,0.19427,0.19137,0.19388,346830,66870.2622
1788218400000,0.19388,0.19503,0.19013,0.19066,372650,71996.9215
1788218700000,0.19066,0.19333,0.19051,0.19333,200010,38419.7861
1788219000000,0.19333,0.19567,0.19295,0.19439,259940,50524.253
1788219300000,0.19439,0.1953,0.1938,0.19405,109500,21290.8177
1788219600000,0.19405,0.19429,0.19352,0.19423,77090,14955.0271
1788219900000,0.19423,0.19437,0.1931,0.19355,46700,9043.1769
1788220200000,0.19355,0.19376,0.19243,0.19328,121920,23524.6931
1788220500000,0.19328,0.1962,0.19328,0.19478,171250,33381.5094
1788220800000,0.19478,0.19504,0.19261,0.19401,376150,72957.4832
1788221100000,0.19401,0.19427,0.19264,0.19302,145460,28137.6637
1788221400000,0.19302,0.1941,0.19302,0.1941,112870,21847.0241
1788221700000,0.1941,0.2,0.19386,0.19965,1119920,220626.358
1788222000000,0.19965,0.203,0.1993,0.20276,390240,78354.6714
1788222300000,0.20276,0.205,0.2005,0.20461,359470,73081.6793
1788222600000,0.20461,0.20737,0.20385,0.2066,830330,170880.1336
1788222900000,0.2066,0.20706,0.2043,0.20453,374740,77155.2391
1788223200000,0.20453,0.20473,0.20228,0.20303,190660,38819.1309
1788223500000,0.20303,0.20542,0.203,0.20459,151150,30866.3019
1788223800000,0.20459,0.205,0.20166,0.2018,215850,43781.5977
1788224100000,0.2018,0.20249,0.2005,0.20233,156330,31491.7316
1788224400000,0.20233,0.20581,0.20087,0.20541,384730,78198.9489
1788224700000,0.20541,0.21056,0.20485,0.2101,588260,122343.6041
1788225000000,0.2101,0.21174,0.2067,0.20895,619390,129779.9128
1788225300000,0.20895,0.2165,0.20837,0.21576,949540,202675.8756
1788225600000,0.21576,0.21751,0.21287,0.21732,346090,74405.6949
1788225900000,0.21732,0.2192,0.21356,0.21423,353710,76855.7974
1788226200000,0.21423,0.225,0.21232,0.22449,825830,181560.0986
1788226500000,0.22449,0.22788,0.22093,0.22511,951610,214194.7862
1788226800000,0.22511,0.22567,0.21994,0.22401,720050,160548.086
1788227100000,0.22401,0.22488,0.2195,0.22041,341360,75524.479
1788227400000,0.22041,0.22241,0.21637,0.21984,952310,208639.7113
1788227700000,0.21984,0.22051,0.21539,0.2187,224100,48751.1677
1788228000000,0.2187,0.21969,0.21564,0.21802,384180,83517.6176
1788228300000,0.21802,0.2192,0.21492,0.21492,314250,68114.7559
1788228600000,0.21492,0.2165,0.21413,0.21598,188560,40554.8668
1788228900000,0.21598,0.21626,0.21438,0.21564,72310,15598.7367
1788229200000,0.21564,0.21756,0.2148,0.21661,182150,39347.5934
1788229500000,0.21661,0.22055,0.21661,0.21936,604080,132370.4236
1788229800000,0.21936,0.22068,0.21716,0.21899,169300,37062.5633
1788230100000,0.21899,0.21912,0.21709,0.218,142710,31145.2931
1788230400000,0.218,0.21948,0.21701,0.21941,149610,32682.6228
1788230700000,0.21941,0.21976,0.21872,0.2191,48490,10624.9162
1788231000000,0.2191,0.22277,0.21876,0.22277,163840,36229.0878
1788231300000,0.22277,0.22746,0.22083,0.22486,875850,196720.3002
1788231600000,0.22486,0.2304,0.22379,0.22918,1645720,375978.6265
1788231900000,0.22918,0.23677,0.22747,0.23061,1687270,392642.3297
1788232200000,0.23061,0.23084,0.22915,0.23004,338490,77978.7269
1788232500000,0.23004,0.2384,0.2298,0.23747,637610,149515.693
1788232800000,0.23747,0.23752,0.23034,0.23143,373410,87184.9493
1788233100000,0.23143,0.23466,0.23095,0.2328,314970,73258.6346
1788233400000,0.2328,0.23929,0.2318,0.23858,902510,213337.2725
1788233700000,0.23858,0.242,0.23795,0.24126,797340,191094.8736
1788234000000,0.24126,0.24522,0.23888,0.2395,881350,213743.6126
1788234300000,0.2395,0.24267,0.23946,0.24213,276690,66856.0009
1788234600000,0.24213,0.24407,0.24074,0.24316,327720,79455.3293
1788234900000,0.24316,0.24316,0.23635,0.23742,759460,181473.0088
1788235200000,0.23742,0.24101,0.23634,0.23733,890260,212613.9882
1788235500000,0.23733,0.2382,0.23315,0.23478,1500000,352746.735
1788235800000,0.23478,0.24238,0.23449,0.24098,624700,148824.0091
1788236100000,0.24098,0.24326,0.23923,0.24134,631140,152440.2332
1788236400000,0.24134,0.24184,0.23954,0.23972,330080,79526.9783
1788236700000,0.23972,0.24751,0.23916,0.23968,675400,164594.9009
1788237000000,0.23968,0.24031,0.23648,0.23828,896330,213207.3527
1788237300000,0.23828,0.23873,0.23718,0.23767,186470,44370.8962
1788237600000,0.23767,0.23938,0.23528,0.23762,352090,83578.2384
1788237900000,0.23762,0.23856,0.23664,0.23715,175690,41750.7967
1788238200000,0.23715,0.238,0.23254,0.23352,390450,91699.3853
1788238500000,0.23352,0.23686,0.23287,0.23457,308610,72518.1156
1788238800000,0.23457,0.2362,0.23436,0.23494,315460,74249.5708
1788239100000,0.23494,0.238,0.23459,0.23751,377950,89120.2936
1788239400000,0.23751,0.23875,0.23516,0.23577,221540,52447.0
1788239700000,0.23577,0.23886,0.23454,0.23842,250190,59120.8182
1788240000000,0.23842,0.23865,0.23376,0.2338,177710,41982.7515
1788240300000,0.2338,0.23707,0.2329,0.2364,224620,52828.8079
1788240600000,0.2364,0.23663,0.2322,0.23267,249220,58263.3163
1788240900000,0.23267,0.23613,0.23267,0.23482,284050,66710.8483
1788241200000,0.23482,0.23639,0.23255,0.23495,192190,45114.0025
1788241500000,0.23495,0.23595,0.23436,0.23441,101360,23833.2807
1788241800000,0.23441,0.23643,0.23441,0.2347,94410,22236.7915
1788242100000,0.2347,0.2363,0.23402,0.23519,162110,38138.9262
1788242400000,0.23519,0.23535,0.23168,0.2333,187500,43676.332
1788242700000,0.2333,0.23392,0.23282,0.23315,68290,15925.0192
1788243000000,0.23315,0.23347,0.23285,0.2333,79590,18558.6782
1788243300000,0.2333,0.2345,0.23213,0.23415,217150,50701.9024
1788243600000,0.23415,0.2345,0.23329,0.23344,70360,16464.9941
1788243900000,0.23344,0.2345,0.23251,0.23431,79090,18492.7556
1788244200000,0.23431,0.2348,0.23315,0.23459,154620,36191.9144
1788244500000,0.23459,0.23498,0.23064,0.23091,342890,79495.8686
1788244800000,0.23091,0.23232,0.22951,0.23184,343980,79350.4103
1788245100000,0.23184,0.23304,0.23184,0.2327,62140,14451.351
1788245400000,0.2327,0.23314,0.231,0.23102,109550,25391.6687
1788245700000,0.23102,0.2316,0.2276,0.22893,581230,133351.1307
1788246000000,0.22893,0.23113,0.22893,0.23042,227070,52253.9801
1788246300000,0.23042,0.23285,0.23042,0.23243,210910,48862.9342
1788246600000,0.23243,0.23379,0.23221,0.23336,166520,38787.2158
1788246900000,0.23336,0.23397,0.23325,0.23347,79520,18572.9222
1788247200000,0.23347,0.23352,0.23147,0.23151,69110,16057.9151
1788247500000,0.23151,0.23169,0.2302,0.23089,128340,29640.1372
1788247800000,0.23089,0.23103,0.22859,0.22901,141650,32500.809
1788248100000,0.22901,0.22976,0.22734,0.22824,156710,35812.9264
1788248400000,0.22824,0.22824,0.22619,0.22649,407490,92469.7369
1788248700000,0.22649,0.22756,0.22619,0.2265,506560,115167.3072
1788249000000,0.2265,0.22715,0.22175,0.22238,1029840,230570.9872
1788249300000,0.22238,0.2251,0.22225,0.22438,156590,35096.4894
1788249600000,0.22438,0.22482,0.2234,0.22376,179080,40166.5767
1788249900000,0.22376,0.22402,0.21966,0.22052,608280,134751.9956
1788250200000,0.22052,0.22184,0.21654,0.22007,1426940,312526.564
1788250500000,0.22007,0.22076,0.21572,0.21598,427170,93329.325
1788250800000,0.21598,0.21864,0.21559,0.21591,357920,77707.7322
1788251100000,0.21591,0.21773,0.21531,0.21545,202610,43807.1558
1788251400000,0.21545,0.22031,0.21505,0.21975,773490,168878.7465
1788251700000,0.21975,0.22212,0.21973,0.22109,202350,44765.5228
1788252000000,0.22109,0.22109,0.21988,0.22025,219860,48444.9943
1788252300000,0.22025,0.22025,0.2187,0.21886,80300,17608.9924
1788252600000,0.21886,0.22032,0.21619,0.21826,707430,153945.369
1788252900000,0.21826,0.22,0.2181,0.21863,82140,17979.7641
1788253200000,0.21863,0.21891,0.21487,0.21628,454510,98352.3607
1788253500000,0.21628,0.21745,0.21427,0.21685,244540,52835.5849
1788253800000,0.21685,0.21718,0.21474,0.21555,98770,21337.1915
1788254100000,0.21555,0.21557,0.21313,0.2148,231860,49721.4016
1788254400000,0.2148,0.21596,0.21364,0.21386,241630,51938.0698
1788254700000,0.21386,0.21426,0.2112,0.21213,1000610,212695.5016
1788255000000,0.21213,0.21416,0.21,0.21361,879370,186506.2006
1788255300000,0.21361,0.2143,0.21341,0.21354,247550,52904.992
1788255600000,0.21354,0.21369,0.21061,0.21125,797760,169125.4336
1788255900000,0.21125,0.21153,0.21014,0.2105,175250,36932.913
1788256200000,0.2105,0.21133,0.20902,0.20962,183400,38556.8492
1788256500000,0.20962,0.21084,0.20961,0.20987,95830,20128.953
1788256800000,0.20987,0.21223,0.20946,0.21093,350750,73830.4375
1788257100000,0.21093,0.21256,0.21088,0.21136,129220,27345.96
1788257400000,0.21136,0.21137,0.21019,0.21019,94700,19984.7507
1788257700000,0.21019,0.21109,0.20444,0.21098,1182980,246322.8255
1788258000000,0.21098,0.21529,0.21041,0.21316,520380,110629.8978
1788258300000,0.21316,0.21405,0.21142,0.21363,169640,36055.3344
1788258600000,0.21363,0.2165,0.2131,0.21465,280270,60163.5729
1788258900000,0.21465,0.21544,0.21412,0.21457,96290,20676.7655
1788259200000,0.21457,0.21463,0.2134,0.21357,85140,18234.1535
1788259500000,0.21357,0.21405,0.21098,0.2117,775120,164660.8071
1788259800000,0.2117,0.21309,0.21076,0.21284,164600,34928.5237
1788260100000,0.21284,0.213,0.21222,0.21229,27230,5791.519
1788260400000,0.21229,0.21343,0.21192,0.21343,66970,14241.8718
1788260700000,0.21343,0.2139,0.21047,0.21054,56410,11985.5823
1788261000000,0.21054,0.2107,0.20935,0.20953,53780,11294.2591
1788261300000,0.20953,0.21106,0.20862,0.21033,194680,40765.332
1788261600000,0.21033,0.21085,0.20939,0.20939,76780,16153.6712
1788261900000,0.20939,0.20955,0.20816,0.20938,118770,24830.7475
1788262200000,0.20938,0.20997,0.20921,0.20974,73660,15439.7468
1788262500000,0.20974,0.21217,0.20897,0.21181,380520,80297.1605
1788262800000,0.21181,0.21627,0.2115,0.21376,1046080,223705.8443
1788263100000,0.21376,0.21557,0.21287,0.21488,423680,90994.699
1788263400000,0.21488,0.21932,0.21461,0.21891,502940,109335.7213
1788263700000,0.21891,0.21891,0.21538,0.21706,299510,65036.1672
1788264000000,0.21706,0.21711,0.21392,0.2149,174150,37532.3973
1788264300000,0.2149,0.21512,0.21405,0.21415,44520,9555.2608
1788264600000,0.21415,0.2142,0.21202,0.21235,177650,37880.8511
1788264900000,0.21235,0.21291,0.21063,0.2108,234200,49645.2424
1788265200000,0.2108,0.21245,0.20804,0.20927,1188430,249530.3373
1788265500000,0.20927,0.20991,0.209,0.20976,144720,30317.7534
1788265800000,0.20976,0.21,0.20669,0.20762,352080,73563.5646
1788266100000,0.20762,0.20762,0.20161,0.2037,1810420,369782.2493
1788266400000,0.2037,0.20557,0.2031,0.20444,110030,22513.9865
1788266700000,0.20444,0.20751,0.2042,0.20696,320100,66085.8148
1788267000000,0.20696,0.20714,0.20543,0.20556,97680,20197.7816
1788267300000,0.20556,0.20809,0.20556,0.20765,178070,36902.0803
1788267600000,0.20765,0.20765,0.20406,0.20491,197680,40670.7192
1788267900000,0.20491,0.20497,0.2,0.20283,747050,150830.3181
1788268200000,0.20283,0.20347,0.20226,0.20285,119660,24275.928
1788268500000,0.20285,0.20342,0.20077,0.20234,162460,32825.9
1788268800000,0.20234,0.20674,0.20035,0.20438,1252700,255097.2401
1788269100000,0.20438,0.20601,0.20259,0.2056,346080,70652.4727
1788269400000,0.2056,0.21024,0.20529,0.20825,412100,85589.2854
1788269700000,0.20825,0.20954,0.20568,0.2063,264390,54855.2711
1788270000000,0.2063,0.20779,0.20345,0.20744,626660,128769.672
1788270300000,0.20744,0.21039,0.20744,0.2102,261950,54789.3598
1788270600000,0.2102,0.21625,0.21,0.21502,1271210,271026.0668
1788270900000,0.21502,0.21529,0.21229,0.2126,407470,86835.7228
1788271200000,0.2126,0.21676,0.2125,0.215,884700,190398.575
1788271500000,0.215,0.2194,0.21462,0.2187,448670,97310.0619
1788271800000,0.2187,0.22021,0.2171,0.21823,691700,151245.0819
1788272100000,0.21823,0.21885,0.21588,0.2167,274540,59712.9318
1788272400000,0.2167,0.21737,0.21576,0.21737,193680,41954.5282
1788272700000,0.21737,0.21809,0.21621,0.21633,176650,38359.8066
1788273000000,0.21633,0.21766,0.21511,0.2171,92490,20014.3658
1788273300000,0.2171,0.21831,0.2154,0.21714,241530,52338.7048
1788273600000,0.21714,0.219,0.21607,0.21895,305230,66712.266
1788273900000,0.21895,0.219,0.21732,0.21806,318000,69409.3399
1788274200000,0.21806,0.22052,0.21726,0.22042,653090,142875.3353
1788274500000,0.22042,0.22088,0.21816,0.22066,304080,66797.6191
1788274800000,0.22066,0.22357,0.22045,0.22272,620270,137893.8125
1788275100000,0.22272,0.22272,0.2176,0.2203,778720,171424.2468
1788275400000,0.2203,0.22115,0.21732,0.21918,649040,142419.6074
1788275700000,0.21918,0.21918,0.21545,0.21663,659200,142922.5804
1788276000000,0.21663,0.21663,0.21342,0.21421,447460,96146.94
1788276300000,0.21421,0.21584,0.2134,0.21477,289990,62244.1461
1788276600000,0.21477,0.21731,0.21477,0.21646,265230,57297.2994
1788276900000,0.21646,0.21773,0.21511,0.21749,233710,50583.0662
1788277200000,0.21749,0.2186,0.21675,0.21754,90950,19794.848
1788277500000,0.21754,0.21799,0.21598,0.21617,57070,12364.2075
1788277800000,0.21617,0.21687,0.21576,0.21649,45830,9910.7449
1788278100000,0.21649,0.21972,0.21613,0.21636,196370,42721.9991
1788278400000,0.21636,0.21691,0.21413,0.21562,182630,39399.5063
1788278700000,0.21562,0.21598,0.21293,0.21453,170100,36403.0361
1788279000000,0.21453,0.2151,0.21381,0.21428,150750,32315.3187
1788279300000,0.21428,0.21463,0.21293,0.2131,149650,32023.1844
1788279600000,0.2131,0.2131,0.20717,0.20743,1260970,264577.4493
1788279900000,0.20743,0.2085,0.20622,0.20731,622210,129082.437
1788280200000,0.20731,0.20794,0.20525,0.20544,443620,91442.6468
1788280500000,0.20544,0.2069,0.20373,0.20561,500130,102746.1828
1788280800000,0.20561,0.20622,0.20193,0.20238,512990,104471.4518
1788281100000,0.20238,0.20348,0.19895,0.2002,1347030,270469.0657
1788281400000,0.2002,0.20235,0.1992,0.19965,162710,32712.5337
1788281700000,0.19965,0.20096,0.19862,0.2,442200,88429.5158
1788282000000,0.2,0.20233,0.19916,0.20057,391580,78547.6949
1788282300000,0.20057,0.20386,0.20023,0.20274,609680,123176.487
1788282600000,0.20274,0.20457,0.20156,0.20398,257420,52320.5196
1788282900000,0.20398,0.20398,0.20122,0.2014,297790,60224.1011
1788283200000,0.2014,0.20176,0.20026,0.20098,178930,35988.7906
1788283500000,0.20098,0.20235,0.19858,0.19889,455980,91010.3357
1788283800000,0.19889,0.19927,0.19561,0.19595,1127830,222798.0109
1788284100000,0.19595,0.19815,0.1957,0.1979,387840,76456.455
1788284400000,0.1979,0.19972,0.1976,0.1993,360540,71701.1784
1788284700000,0.1993,0.20013,0.19611,0.19626,257380,50986.8819
1788285000000,0.19626,0.19918,0.19615,0.19794,217430,42969.4799
1788285300000,0.19794,0.19861,0.19404,0.19435,749810,146327.6943
1788285600000,0.19435,0.1955,0.1921,0.19225,634580,122884.37
1788285900000,0.19225,0.19526,0.19154,0.19154,919790,177636.8268
1788286200000,0.19154,0.1924,0.19075,0.19096,644240,123312.5253
1788286500000,0.19096,0.1927,0.19051,0.19222,538410,103108.9857
1788286800000,0.19222,0.19373,0.19136,0.19303,622650,119863.2059
1788287100000,0.19303,0.19409,0.19115,0.1914,247440,47693.3651
1788287400000,0.1914,0.1929,0.19121,0.19204,175850,33753.3504
1788287700000,0.19204,0.19318,0.1895,0.1895,604810,115348.5396
1788288000000,0.1895,0.19113,0.1888,0.19081,810610,153631.4438
1788288300000,0.19081,0.19111,0.18911,0.18966,512270,97097.5425
1788288600000,0.18966,0.19708,0.18966,0.19587,937270,181716.5953
1788288900000,0.19587,0.20081,0.19578,0.19868,664080,132161.2225
1788289200000,0.19868,0.20237,0.1962,0.20219,984530,195845.549
1788289500000,0.20219,0.20473,0.19973,0.2044,1839690,372549.3374
1788289800000,0.2044,0.20765,0.20368,0.2048,1556050,320429.1066
1788290100000,0.2048,0.20908,0.20428,0.207,642770,133194.7708
1788290400000,0.207,0.20852,0.20327,0.20538,1176750,241954.7747
1788290700000,0.20538,0.20753,0.20395,0.2064,702400,144837.4154
1788291000000,0.2064,0.2102,0.2057,0.20906,968880,202391.8905
1788291300000,0.20906,0.2101,0.20603,0.2074,714030,148804.7684
1788291600000,0.2074,0.20925,0.20614,0.20779,367860,76458.1323
1788291900000,0.20779,0.20857,0.2055,0.20698,948280,196436.5867
1788292200000,0.20698,0.20834,0.20595,0.20691,698940,144952.079
1788292500000,0.20691,0.21794,0.20679,0.21115,3171940,676731.1029
1788292800000,0.21115,0.21388,0.21037,0.21169,798530,168983.0245
1788293100000,0.21169,0.2118,0.20571,0.20884,1088010,226461.4821
1788293400000,0.20884,0.21103,0.20863,0.2109,367550,77041.1077
1788293700000,0.2109,0.21352,0.20977,0.213,800420,169491.5797
1788294000000,0.213,0.21469,0.2107,0.21268,1143740,243599.6468
1788294300000,0.21268,0.21268,0.20722,0.20795,687640,144582.8003
1788294600000,0.20795,0.21067,0.205,0.20691,959860,199211.723
1788294900000,0.20691,0.20841,0.20632,0.20656,233720,48476.169
1788295200000,0.20656,0.20977,0.205,0.20773,526140,109029.0359
1788295500000,0.20773,0.21405,0.20773,0.21396,867970,183533.3771
1788295800000,0.21396,0.2195,0.21324,0.21816,2295370,498617.9013
1788296100000,0.21816,0.22269,0.21739,0.21856,1298920,285736.5914
1788296400000,0.21856,0.22458,0.21824,0.22061,1547510,341839.8428
1788296700000,0.22061,0.22989,0.21899,0.22942,3231030,723179.0571
1788297000000,0.22942,0.23346,0.226,0.23299,2735490,627584.5569
1788297300000,0.23299,0.23484,0.22653,0.22715,2718060,627196.9238
1788297600000,0.22715,0.23383,0.22684,0.22765,1419750,326187.6709
1788297900000,0.22765,0.22992,0.22523,0.22573,935830,212222.2011
1788298200000,0.22573,0.228,0.22382,0.22574,534780,120563.1662
1788298500000,0.22574,0.22971,0.224,0.22635,514130,116494.318
1788298800000,0.22635,0.22694,0.22333,0.22453,335290,75384.3595
1788299100000,0.22453,0.22524,0.22223,0.22441,540470,120749.8525
1788299400000,0.22441,0.2255,0.2214,0.2217,504900,112628.8714
1788299700000,0.2217,0.22232,0.22009,0.22013,605070,133624.7689
1788300000000,0.22013,0.22217,0.22013,0.22098,205230,45351.2728
1788300300000,0.22098,0.2276,0.2209,0.2264,594440,133515.2814
1788300600000,0.2264,0.22759,0.22332,0.22423,321060,72327.066
1788300900000,0.22423,0.23214,0.22385,0.2286,1482510,339032.5902
1788301200000,0.2286,0.22866,0.21859,0.2245,1636610,364975.2384
1788301500000,0.2245,0.22632,0.22214,0.22479,388250,87161.8013
1788301800000,0.22479,0.2253,0.22341,0.22488,185460,41640.7232
1788302100000,0.22488,0.22744,0.22407,0.22527,252510,57018.6137
1788302400000,0.22527,0.22709,0.22503,0.2264,77810,17598.0771
1788302700000,0.2264,0.23177,0.22616,0.22884,526730,120631.4986
1788303000000,0.22884,0.23431,0.22768,0.22846,1082540,250507.6376
1788303300000,0.22846,0.22888,0.22651,0.22869,207220,47193.3742
1788303600000,0.22869,0.23142,0.22488,0.22592,472820,107769.7735
1788303900000,0.22592,0.2273,0.224,0.22702,226510,51043.8519
1788304200000,0.22702,0.22758,0.22653,0.22677,50740,11516.0131
1788304500000,0.22677,0.22716,0.22132,0.22529,496900,111468.0804
1788304800000,0.22529,0.22564,0.21929,0.21965,907680,201526.329
1788305100000,0.21965,0.22275,0.21797,0.22141,646360,142279.5169
1788305400000,0.22141,0.22363,0.2209,0.22294,361500,80279.5564
1788305700000,0.22294,0.2236,0.2196,0.21984,420070,93046.067
1788306000000,0.21984,0.22086,0.21759,0.21986,691230,151453.7331
1788306300000,0.21986,0.2209,0.2177,0.21934,353770,77468.9011
1788306600000,0.21934,0.22164,0.21923,0.22129,135660,29903.2074
1788306900000,0.22129,0.22149,0.21924,0.21935,213540,46975.9131
1788307200000,0.21935,0.22372,0.21933,0.22303,390530,86569.9379
1788307500000,0.22303,0.22465,0.22092,0.22128,238230,53163.3802
1788307800000,0.22128,0.2253,0.22051,0.22155,455580,101534.1862
1788308100000,0.22155,0.2256,0.2214,0.22293,228730,51238.1661
1788308400000,0.22293,0.22457,0.22056,0.22344,275720,61218.2805
1788308700000,0.22344,0.22344,0.221,0.22107,49510,10991.7402
1788309000000,0.22107,0.22176,0.21913,0.22042,178450,39396.1888
1788309300000,0.22042,0.22042,0.21663,0.21716,245190,53506.1779
1788309600000,0.21716,0.21952,0.21658,0.21885,282600,61535.7631
1788309900000,0.21885,0.21917,0.2178,0.21826,75100,16410.0517
1788310200000,0.21826,0.21924,0.21743,0.21865,68370,14929.6756
1788310500000,0.21865,0.22028,0.2186,0.21974,190130,41752.1528
1788310800000,0.21974,0.22212,0.21871,0.21886,199800,44018.026
1788311100000,0.21886,0.22047,0.21836,0.22031,89010,19511.7214
1788311400000,0.22031,0.22605,0.21967,0.22408,617740,138231.4765
1788311700000,0.22408,0.22978,0.22288,0.22681,860940,195936.5608
1788312000000,0.22681,0.23186,0.22648,0.22828,1043200,239462.4865
1788312300000,0.22828,0.23057,0.22656,0.22993,171130,39110.8483
1788312600000,0.22993,0.23207,0.22929,0.23077,195790,45151.1994
1788312900000,0.23077,0.23294,0.22985,0.23144,308900,71431.9692
1788313200000,0.23144,0.23457,0.22956,0.23213,1269410,294524.9122
1788313500000,0.23213,0.23443,0.22668,0.22759,979750,225223.0159
1788313800000,0.22759,0.22774,0.22321,0.22635,450360,101752.3712
1788314100000,0.22635,0.22875,0.22578,0.22838,212450,48337.0051
1788314400000,0.22838,0.229,0.22585,0.22631,160650,36557.1737
1788314700000,0.22631,0.22681,0.22328,0.2238,827640,186120.3363
1788315000000,0.2238,0.22683,0.22177,0.22227,601990,135113.5402
1788315300000,0.22227,0.23768,0.2212,0.2349,1634380,377547.0
1788315600000,0.2349,0.23823,0.23275,0.2382,632360,149369.3028
1788315900000,0.2382,0.24079,0.23496,0.24005,847770,201709.7355
1788316200000,0.24005,0.24325,0.23911,0.24297,462220,111594.7241
1788316500000,0.24297,0.25202,0.24264,0.24921,1581200,391585.2603
1788316800000,0.24921,0.24964,0.23837,0.24753,1447160,351276.4906
1788317100000,0.24753,0.2536,0.24689,0.25223,1651500,415380.2611
1788317400000,0.25223,0.25765,0.2514,0.25669,1208900,308919.7197
1788317700000,0.25669,0.25996,0.25403,0.25864,2019460,519243.5887
1788318000000,0.25864,0.27272,0.25819,0.26249,3539970,944717.8176
1788318300000,0.26249,0.26953,0.2582,0.26677,2813690,742938.4027
1788318600000,0.26677,0.27197,0.26387,0.27179,1160810,311738.7859
1788318900000,0.27179,0.27428,0.26392,0.26805,2059530,554678.199
1788319200000,0.26805,0.27265,0.267,0.27111,1156680,311080.4724
1788319500000,0.27111,0.27603,0.27058,0.2736,1223090,334542.9339
1788319800000,0.2736,0.27374,0.26623,0.27024,1128620,304380.376
1788320100000,0.27024,0.27713,0.26782,0.27676,931660,255087.2497
1788320400000,0.27676,0.28,0.274,0.27944,969790,268522.2767
1788320700000,0.27944,0.285,0.27789,0.28221,963570,271327.8087
1788321000000,0.28221,0.28221,0.27016,0.27162,1271150,351562.2234
1788321300000,0.27162,0.27607,0.26885,0.27233,833970,226605.1614
1788321600000,0.27233,0.28131,0.27226,0.2807,1067980,295217.8542
1788321900000,0.2807,0.29148,0.27459,0.27735,4171220,1181393.5924
1788322200000,0.27735,0.2775,0.2651,0.26512,1994000,540521.7933
1788322500000,0.26512,0.27194,0.2651,0.27,1193860,320506.5938
1788322800000,0.27,0.27728,0.26967,0.27272,1310810,358009.6734
1788323100000,0.27272,0.27426,0.2651,0.26532,1357570,365796.2495
1788323400000,0.26532,0.2695,0.26328,0.2645,880580,234654.1169
1788323700000,0.2645,0.27322,0.2602,0.27056,1457240,389638.0816
1788324000000,0.27056,0.27607,0.26737,0.27194,1585220,432807.1404
1788324300000,0.27194,0.2736,0.26882,0.27009,556900,150637.6406
1788324600000,0.27009,0.2723,0.26908,0.27195,335060,90545.6961
1788324900000,0.27195,0.27195,0.26864,0.27113,478550,129197.9471
1788325200000,0.27113,0.27353,0.26499,0.26712,800490,213926.0016
1788325500000,0.26712,0.26945,0.26334,0.26361,533290,141846.612
1788325800000,0.26361,0.26755,0.2622,0.26697,547810,145126.5879
1788326100000,0.26697,0.28,0.26443,0.27548,1035610,284339.192
1788326400000,0.27548,0.28659,0.27523,0.28252,1445890,407742.1796
1788326700000,0.28252,0.28319,0.27764,0.28002,540400,151349.1002
1788327000000,0.28002,0.28028,0.2725,0.27772,1614920,443982.0617
1788327300000,0.27772,0.28059,0.27496,0.2789,426010,118466.0173
1788327600000,0.2789,0.28164,0.27319,0.27646,1045990,289407.4992
1788327900000,0.27646,0.28154,0.27571,0.27845,257370,71855.3883
1788328200000,0.27845,0.27865,0.27392,0.27529,647370,178611.2831
1788328500000,0.27529,0.27789,0.27054,0.2714,598330,164331.9012
1788328800000,0.2714,0.27779,0.26929,0.27066,1458820,398557.8071
1788329100000,0.27066,0.27455,0.27048,0.27429,263850,72038.4057
1788329400000,0.27429,0.27571,0.26982,0.2719,391360,106844.0637
1788329700000,0.2719,0.2748,0.27143,0.2743,223750,61172.2459
1788330000000,0.2743,0.2752,0.26692,0.26953,593880,160763.2353
1788330300000,0.26953,0.27432,0.26855,0.27062,628360,170985.0854
1788330600000,0.27062,0.27556,0.27043,0.27426,471450,128731.516
1788330900000,0.27426,0.27867,0.27373,0.27675,990880,273781.38
1788331200000,0.27675,0.2792,0.27529,0.27865,423710,117654.9156
1788331500000,0.27865,0.27959,0.27517,0.27704,528800,146861.3938
1788331800000,0.27704,0.27714,0.2718,0.27238,406710,111451.8497
1788332100000,0.27238,0.27294,0.266,0.27281,819410,221187.1296
1788332400000,0.27281,0.27683,0.27258,0.27618,256000,70365.2768
1788332700000,0.27618,0.282,0.27618,0.282,816930,228762.7068
1788333000000,0.282,0.28704,0.28157,0.28693,670050,190639.9087
1788333300000,0.28693,0.29116,0.28614,0.2907,1108890,320306.6883
1788333600000,0.2907,0.29107,0.28342,0.28667,1101890,315947.6652
1788333900000,0.28667,0.29091,0.28284,0.28877,1129800,325222.1813
1788334200000,0.28877,0.2914,0.287,0.288,721170,208685.9153
1788334500000,0.288,0.29163,0.28725,0.29107,538130,155689.3758
1788334800000,0.29107,0.29597,0.29031,0.29395,1335660,392636.505
1788335100000,0.29395,0.29441,0.28923,0.28982,775330,225752.6834
1788335400000,0.28982,0.29409,0.28732,0.28874,733140,213005.9061
1788335700000,0.28874,0.29017,0.28561,0.28899,528090,151967.5123
1788336000000,0.28899,0.29286,0.28749,0.29189,503730,146401.5366
1788336300000,0.29189,0.29217,0.28369,0.28378,1059380,304287.5984
1788336600000,0.28378,0.28607,0.28049,0.28226,655250,185861.1688
1788336900000,0.28226,0.28603,0.27905,0.28288,485320,137552.8638
1788337200000,0.28288,0.28467,0.28054,0.28072,226640,63988.6802
1788337500000,0.28072,0.2825,0.27605,0.27676,756970,210890.442
1788337800000,0.27676,0.27926,0.26837,0.27125,1230830,336868.8726
1788338100000,0.27125,0.27573,0.26741,0.2739,1579580,430788.3644
1788338400000,0.2739,0.27425,0.26938,0.27047,956970,260179.1641
1788338700000,0.27047,0.27241,0.26602,0.26701,1062140,285407.7625
1788339000000,0.26701,0.27039,0.26201,0.26994,1400140,372801.0443
1788339300000,0.26994,0.27547,0.26716,0.27524,1457490,396851.5446
1788339600000,0.27524,0.28065,0.27241,0.27799,1040930,287808.5331
1788339900000,0.27799,0.27853,0.27411,0.27611,460600,127105.4506
1788340200000,0.27611,0.281,0.27578,0.27722,477850,133140.1672
1788340500000,0.27722,0.27822,0.27409,0.27456,538720,148743.8494
1788340800000,0.27456,0.27951,0.27368,0.27442,329240,91225.9015
1788341100000,0.27442,0.27527,0.27304,0.27418,357440,97938.9529
1788341400000,0.27418,0.27472,0.26953,0.27191,769990,209591.8201
1788341700000,0.27191,0.27258,0.26489,0.26524,846710,227042.5953
1788342000000,0.26524,0.26727,0.2616,0.26376,450660,119052.3083
1788342300000,0.26376,0.26824,0.26323,0.2674,657470,174626.1998
1788342600000,0.2674,0.26942,0.2649,0.26866,689790,184126.0606
1788342900000,0.26866,0.27064,0.26773,0.26838,372060,100153.9203
1788343200000,0.26838,0.27065,0.26614,0.26651,342680,92032.188
1788343500000,0.26651,0.26981,0.26526,0.26795,378030,101036.6924
1788343800000,0.26795,0.26918,0.26544,0.26885,291390,77928.3719
1788344100000,0.26885,0.2702,0.2674,0.27001,262770,70665.9397
1788344400000,0.27001,0.27019,0.26188,0.26271,608170,161209.5323
1788344700000,0.26271,0.26456,0.26082,0.2614,497900,130848.0974
1788345000000,0.2614,0.26337,0.25555,0.2575,2283000,591009.5665
1788345300000,0.2575,0.26066,0.2555,0.25696,833590,215162.0419
1788345600000,0.25696,0.25741,0.24926,0.2553,2286730,578665.0931
1788345900000,0.2553,0.25558,0.24901,0.24981,993040,250215.6952
1788346200000,0.24981,0.25345,0.2484,0.25213,1012520,254409.5207
1788346500000,0.25213,0.25609,0.25086,0.25379,759670,192199.1478
1788346800000,0.25379,0.25927,0.25313,0.25628,1069340,274560.8249
1788347100000,0.25628,0.2598,0.25512,0.25731,665890,171249.0885
1788347400000,0.25731,0.25959,0.25556,0.25788,425710,109664.0971
1788347700000,0.25788,0.25953,0.24582,0.24662,1712900,429119.6874
1788348000000,0.24662,0.25539,0.24628,0.25058,872860,220031.7907
1788348300000,0.25058,0.25955,0.25058,0.25819,918730,235767.5142
1788348600000,0.25819,0.259,0.25202,0.25456,839970,214600.3626
1788348900000,0.25456,0.26152,0.25456,0.25932,1199540,309724.1541
1788349200000,0.25932,0.26372,0.25919,0.26279,534580,139790.9197
1788349500000,0.26279,0.26545,0.26199,0.26486,596330,157333.8463
1788349800000,0.26486,0.26982,0.26172,0.26715,1138240,302733.1432
1788350100000,0.26715,0.26792,0.26396,0.26732,648160,172223.7838
1788350400000,0.26732,0.26975,0.26483,0.26582,674380,180523.7663
1788350700000,0.26582,0.26713,0.26249,0.2631,617380,163163.1334
1788351000000,0.2631,0.26566,0.26214,0.26554,324750,85675.264
1788351300000,0.26554,0.27,0.26491,0.26984,541420,144918.5079
1788351600000,0.26984,0.27252,0.26461,0.26547,1624140,434595.6587
1788351900000,0.26547,0.26807,0.2634,0.26628,664670,176520.0819
1788352200000,0.26628,0.26852,0.26336,0.26562,749220,199756.1972
1788352500000,0.26562,0.26874,0.26474,0.26852,336320,89665.4201
1788352800000,0.26852,0.27082,0.26719,0.26977,182530,49113.306
1788353100000,0.26977,0.27,0.26365,0.26495,328840,87514.0062
1788353400000,0.26495,0.26505,0.26002,0.26088,422090,110495.7201
1788353700000,0.26088,0.2628,0.25796,0.25983,334110,86838.5691
1788354000000,0.25983,0.26484,0.25976,0.26462,249020,65478.6407
1788354300000,0.26462,0.26561,0.26415,0.26466,153050,40519.087
1788354600000,0.26466,0.26484,0.25957,0.26002,492500,129453.2385
1788354900000,0.26002,0.26476,0.25916,0.26328,306580,80254.1059
1788355200000,0.26328,0.26397,0.26076,0.26384,106410,27952.1079
1788355500000,0.26384,0.26461,0.26142,0.26301,332190,87397.2382
1788355800000,0.26301,0.2633,0.2499,0.25771,3053550,779979.8462
1788356100000,0.25771,0.26727,0.25771,0.26284,1619330,427417.873
1788356400000,0.26284,0.26432,0.2595,0.26287,1294530,339296.5905
1788356700000,0.26287,0.27258,0.26139,0.26839,1297200,348003.7811
1788357000000,0.26839,0.2832,0.26687,0.27458,2573830,708035.6737
1788357300000,0.27458,0.27916,0.27261,0.27883,1021400,281681.2924
1788357600000,0.27883,0.27911,0.27051,0.2738,1161540,318905.1281
1788357900000,0.2738,0.27528,0.27293,0.27374,362460,99249.9329
1788358200000,0.27374,0.27527,0.27141,0.27272,445760,121949.4856
1788358500000,0.27272,0.27272,0.26345,0.26703,1222220,327273.4296
1788358800000,0.26703,0.27008,0.26665,0.26688,519510,139346.1314
1788359100000,0.26688,0.26948,0.26331,0.26395,352600,93941.9035
1788359400000,0.26395,0.26515,0.24318,0.24594,4423590,1108592.9359
1788359700000,0.24594,0.24951,0.23907,0.24175,2995100,726445.2175
1788360000000,0.24175,0.24734,0.23691,0.23739,1463560,355071.8299
1788360300000,0.23739,0.23976,0.23425,0.23553,2269880,537244.0608
1788360600000,0.23553,0.24719,0.23553,0.24556,2114910,513139.8637
1788360900000,0.24556,0.2459,0.24097,0.24245,745620,181252.5344
1788361200000,0.24245,0.24669,0.23838,0.23974,831520,200904.9001
1788361500000,0.23974,0.24169,0.23748,0.24072,1254660,300477.905
1788361800000,0.24072,0.24384,0.23927,0.24238,775840,187875.9803
1788362100000,0.24238,0.24507,0.23776,0.24449,490320,118240.8471
1788362400000,0.24449,0.24817,0.24369,0.2444,495500,121672.6934
1788362700000,0.2444,0.24714,0.24354,0.24464,451020,110545.2144
1788363000000,0.24464,0.25502,0.24415,0.25315,1044660,262144.1202
1788363300000,0.25315,0.25523,0.25161,0.25284,899960,227871.8861
1788363600000,0.25284,0.25341,0.24544,0.25337,2242680,558549.8426
1788363900000,0.25337,0.25894,0.25017,0.25168,1905120,486875.6716
1788364200000,0.25168,0.25294,0.24219,0.24536,1890040,467754.8994
1788364500000,0.24536,0.2499,0.24397,0.24866,1430110,354589.5145
1788364800000,0.24866,0.24886,0.24477,0.24832,627640,154792.6225
1788365100000,0.24832,0.24905,0.24547,0.24763,255380,63158.3688
1788365400000,0.24763,0.25006,0.24627,0.24825,297500,73775.5887
1788365700000,0.24825,0.24959,0.24407,0.24959,965240,237274.8129
1788366000000,0.24959,0.25889,0.2487,0.25853,633290,161080.1733
1788366300000,0.25853,0.2589,0.25443,0.25749,480140,123041.9244
1788366600000,0.25749,0.25776,0.25467,0.25489,375540,96348.155
1788366900000,0.25489,0.25686,0.25178,0.25274,534350,136078.6641
1788367200000,0.25274,0.25274,0.25092,0.25207,221140,55717.0942
1788367500000,0.25207,0.26321,0.25155,0.26318,1020220,264317.3675
1788367800000,0.26318,0.265,0.25927,0.2645,955410,250752.5332
1788368100000,0.2645,0.2645,0.26041,0.26086,339850,88923.2071
1788368400000,0.26086,0.26332,0.25938,0.26253,576270,150420.0908
1788368700000,0.26253,0.26463,0.26076,0.26134,427730,112458.9504
1788369000000,0.26134,0.26424,0.2608,0.26208,208780,54928.6516
1788369300000,0.26208,0.265,0.2615,0.26216,277240,73023.6095
1788369600000,0.26216,0.26277,0.2542,0.25477,1351510,347561.3527
1788369900000,0.25477,0.25668,0.25191,0.25235,354510,90128.3647
1788370200000,0.25235,0.262,0.25235,0.26072,754920,195005.5256
1788370500000,0.26072,0.26188,0.25335,0.25551,992380,256511.0165
1788370800000,0.25551,0.25827,0.25334,0.25782,485010,124466.8285
1788371100000,0.25782,0.2586,0.2567,0.25732,332410,85733.1422
1788371400000,0.25732,0.25968,0.25699,0.25746,164710,42535.1207
1788371700000,0.25746,0.25813,0.25518,0.25696,198770,51012.0332
1788372000000,0.25696,0.25716,0.25308,0.25407,262740,66904.4297
1788372300000,0.25407,0.25536,0.25032,0.25394,648930,164108.0968
1788372600000,0.25394,0.2545,0.2514,0.25156,126990,32118.9396
1788372900000,0.25156,0.2522,0.24739,0.24819,495670,123763.6146
1788373200000,0.24819,0.24993,0.246,0.24897,343540,85180.3152
1788373500000,0.24897,0.25108,0.24881,0.25092,144660,36132.8485
1788373800000,0.25092,0.25228,0.25066,0.2508,226050,56853.3814
1788374100000,0.2508,0.2526,0.25063,0.25196,132940,33467.5833
1788374400000,0.25196,0.25295,0.24796,0.24968,547600,137239.1035
1788374700000,0.24968,0.25001,0.24118,0.24429,837230,205060.1752
1788375000000,0.24429,0.24616,0.24268,0.24561,757000,184384.9872
1788375300000,0.24561,0.25152,0.24468,0.25061,844510,209823.7746
1788375600000,0.25061,0.25209,0.24848,0.25044,170710,42685.1654
1788375900000,0.25044,0.25289,0.24932,0.25199,209510,52661.8607
1788376200000,0.25199,0.25247,0.24864,0.25023,238420,59542.9902
1788376500000,0.25023,0.25163,0.24795,0.2482,157640,39401.3563
1788376800000,0.2482,0.2565,0.24624,0.25616,900950,226692.4063
1788377100000,0.25616,0.25829,0.25429,0.25484,692820,177608.2266
1788377400000,0.25484,0.25491,0.2499,0.25058,723560,182706.3782
1788377700000,0.25058,0.25412,0.25032,0.25284,281640,71095.4158
1788378000000,0.25284,0.25398,0.25063,0.25327,215860,54430.2419
1788378300000,0.25327,0.2557,0.25293,0.25481,693290,176594.3626
1788378600000,0.25481,0.25998,0.25425,0.25606,391990,100824.5683
1788378900000,0.25606,0.25946,0.25505,0.25829,524970,135017.2357
1788379200000,0.25829,0.26203,0.25829,0.26071,455780,118590.6439
1788379500000,0.26071,0.26162,0.25707,0.25756,245990,63905.9291
1788379800000,0.25756,0.25974,0.2573,0.25929,164620,42513.0224
1788380100000,0.25929,0.26177,0.25783,0.25922,335640,87242.9203
1788380400000,0.25922,0.26517,0.25783,0.26218,894920,235175.4291
1788380700000,0.26218,0.2701,0.26159,0.26804,971620,258730.5567
1788381000000,0.26804,0.2703,0.26443,0.26936,460120,123174.8542
1788381300000,0.26936,0.27149,0.26421,0.26518,1428800,380856.0367
1788381600000,0.26518,0.26996,0.26487,0.26672,586280,156683.3642
1788381900000,0.26672,0.2713,0.26503,0.27036,326790,87698.6701
1788382200000,0.27036,0.27246,0.26915,0.27219,424310,114870.2658
1788382500000,0.27219,0.27997,0.27099,0.27864,1099440,301925.0786
1788382800000,0.27864,0.27918,0.27413,0.27446,455030,125605.725
1788383100000,0.27446,0.27604,0.27194,0.27499,296140,81102.1236
1788383400000,0.27499,0.27672,0.27137,0.2724,352790,96485.5031
1788383700000,0.2724,0.27342,0.27,0.2712,433300,117591.691
1788384000000,0.2712,0.27252,0.26945,0.27233,169860,46045.618
1788384300000,0.27233,0.27233,0.26556,0.26604,389870,104499.7598
1788384600000,0.26604,0.26809,0.26362,0.26721,653910,173630.5535
1788384900000,0.26721,0.26957,0.26635,0.26925,198110,53100.0163
1788385200000,0.26925,0.27595,0.26854,0.27417,891280,242474.7282
1788385500000,0.27417,0.27571,0.26904,0.27005,246070,67131.9001
1788385800000,0.27005,0.27256,0.26895,0.27031,221960,60127.4352
1788386100000,0.27031,0.27051,0.26854,0.26905,109080,29398.5863
1788386400000,0.26905,0.26905,0.26541,0.26596,343790,91979.7718
1788386700000,0.26596,0.27052,0.26468,0.26608,761910,203802.9796
1788387000000,0.26608,0.27041,0.26529,0.26907,497510,133232.6817
1788387300000,0.26907,0.27026,0.26802,0.27009,395130,106403.108
1788387600000,0.27009,0.27237,0.26887,0.2712,281270,76087.2819
1788387900000,0.2712,0.27237,0.26938,0.27058,252850,68508.7526
1788388200000,0.27058,0.27397,0.27029,0.27347,367370,99986.9087
1788388500000,0.27347,0.2772,0.27334,0.27456,388080,106767.375
1788388800000,0.27456,0.27734,0.27291,0.276,295330,81180.1249
1788389100000,0.276,0.27875,0.27491,0.27739,185450,51438.8241
1788389400000,0.27739,0.27739,0.27216,0.27275,240440,65988.591
1788389700000,0.27275,0.27297,0.27028,0.27094,122150,33172.6804
1788390000000,0.27094,0.27116,0.26919,0.27071,106380,28720.4916
1788390300000,0.27071,0.27474,0.2707,0.27301,295340,80730.9052
1788390600000,0.27301,0.27735,0.27301,0.2765,304710,83873.1289
1788390900000,0.2765,0.27695,0.2737,0.27474,787150,215867.2003
1788391200000,0.27474,0.28294,0.27381,0.27927,2155610,602597.3075
1788391500000,0.27927,0.28656,0.27691,0.28433,1008400,284532.2088
1788391800000,0.28433,0.2845,0.28123,0.28218,668580,189187.1744
1788392100000,0.28218,0.28301,0.2761,0.2827,656140,183147.3654
1788392400000,0.2827,0.28295,0.28113,0.28239,229410,64714.9182
1788392700000,0.28239,0.2832,0.27646,0.27981,351960,98619.9344
1788393000000,0.27981,0.28192,0.27823,0.27874,218600,61250.1729
1788393300000,0.27874,0.28027,0.27664,0.27983,360710,100548.543
1788393600000,0.27983,0.28142,0.27506,0.27737,503410,140184.2083
1788393900000,0.27737,0.27887,0.27553,0.27692,103890,28805.2291
1788394200000,0.27692,0.27697,0.2717,0.27475,694220,190143.769
1788394500000,0.27475,0.27722,0.27332,0.27411,303660,83662.8488
1788394800000,0.27411,0.27716,0.27348,0.27405,249920,68797.5789
1788395100000,0.27405,0.27737,0.27152,0.27172,499300,136898.7219
1788395400000,0.27172,0.27453,0.26806,0.26986,453390,122801.2526
1788395700000,0.26986,0.27217,0.26638,0.26741,1538810,412875.4788
1788396000000,0.26741,0.27047,0.26604,0.26679,627070,167974.0452
1788396300000,0.26679,0.26996,0.26641,0.26996,341040,91362.2906
1788396600000,0.26996,0.27118,0.26959,0.26962,155410,41979.4517
1788396900000,0.26962,0.27167,0.26824,0.26907,364310,98469.9946
1788397200000,0.26907,0.26968,0.26551,0.2678,427380,114418.0608
1788397500000,0.2678,0.27353,0.26764,0.27202,658980,178677.9087
1788397800000,0.27202,0.27459,0.27128,0.27331,195120,53266.8555
1788398100000,0.27331,0.2796,0.27306,0.2788,790250,219571.5794
1788398400000,0.2788,0.28566,0.27871,0.28456,650000,182881.0633
1788398700000,0.28456,0.2907,0.2812,0.28161,1985410,569925.2515
1788399000000,0.28161,0.28702,0.27816,0.28413,1257490,354319.8612
1788399300000,0.28413,0.28574,0.28006,0.28467,389180,109938.1423
1788399600000,0.28467,0.28974,0.28404,0.28424,621060,178071.86
1788399900000,0.28424,0.28858,0.28412,0.28693,283670,81315.3621
1788400200000,0.28693,0.29092,0.28518,0.28951,388520,111982.4135
1788400500000,0.28951,0.29173,0.28669,0.28733,886870,255853.107
1788400800000,0.28733,0.28987,0.28107,0.28654,1227410,350843.3166
1788401100000,0.28654,0.28654,0.28033,0.28057,387880,109728.3628
1788401400000,0.28057,0.28289,0.27951,0.28133,437000,122655.6608
1788401700000,0.28133,0.28334,0.278,0.27921,436980,122251.6774
1788402000000,0.27921,0.27995,0.27618,0.27756,485340,134837.2499
1788402300000,0.27756,0.27756,0.27247,0.27354,348670,95924.025
1788402600000,0.27354,0.27643,0.27277,0.27521,187130,51376.772
1788402900000,0.27521,0.27814,0.27408,0.27555,292950,80914.2492
1788403200000,0.27555,0.27937,0.27499,0.27822,258400,71822.3779
1788403500000,0.27822,0.28158,0.27757,0.281,270950,75871.9371
1788403800000,0.281,0.28107,0.27597,0.27646,162490,45276.3795
1788404100000,0.27646,0.27869,0.27573,0.27671,116270,32205.1584
1788404400000,0.27671,0.27853,0.27145,0.27497,566860,155484.329
1788404700000,0.27497,0.27538,0.27122,0.27167,182670,49779.6428
1788405000000,0.27167,0.27398,0.27063,0.27308,370290,100633.6563
1788405300000,0.27308,0.27318,0.27,0.27075,231570,62811.9551
1788405600000,0.27075,0.27141,0.26754,0.26963,179060,48243.3812
1788405900000,0.26963,0.26997,0.26383,0.26401,374450,99723.6296
1788406200000,0.26401,0.26918,0.26401,0.26874,1132420,300785.0928
1788406500000,0.26874,0.26915,0.26642,0.26665,170070,45561.8056
1788406800000,0.26665,0.26769,0.26452,0.267,174180,46342.2128
1788407100000,0.267,0.26785,0.26411,0.26488,251500,66824.8532
1788407400000,0.26488,0.26756,0.26488,0.26728,119090,31789.6939
1788407700000,0.26728,0.2681,0.26567,0.26669,200000,53364.1637
1788408000000,0.26669,0.26741,0.26522,0.26606,120260,31995.0723
1788408300000,0.26606,0.26635,0.2548,0.2587,1465850,380646.787
1788408600000,0.2587,0.26294,0.25815,0.25923,898460,234376.2891
1788408900000,0.25923,0.26188,0.25875,0.25889,291170,75788.5462
1788409200000,0.25889,0.26028,0.25848,0.26005,112980,29307.7368
1788409500000,0.26005,0.2608,0.25895,0.26002,371920,96554.6816
1788409800000,0.26002,0.26411,0.25964,0.26306,268350,70331.8567
1788410100000,0.26306,0.26306,0.26116,0.2623,97080,25432.8135
1788410400000,0.2623,0.26276,0.26023,0.26107,115860,30264.87
1788410700000,0.26107,0.26184,0.26033,0.2614,60950,15912.174
1788411000000,0.2614,0.2675,0.26125,0.26592,489820,129814.0329
1788411300000,0.26592,0.26732,0.26556,0.2664,131530,35050.7822
1788411600000,0.2664,0.26776,0.26581,0.2671,107940,28812.1665
1788411900000,0.2671,0.2691,0.26427,0.26809,190500,50873.3613
1788412200000,0.26809,0.26843,0.26327,0.26613,479800,127126.4953
1788412500000,0.26613,0.26751,0.26601,0.26682,134440,35890.6438
1788412800000,0.26682,0.26718,0.25929,0.26077,466390,122361.727
1788413100000,0.26077,0.26264,0.25968,0.2625,169970,44337.1958
1788413400000,0.2625,0.2625,0.25749,0.25749,370750,96545.7116
1788413700000,0.25749,0.26028,0.2573,0.25759,239320,61881.4939
1788414000000,0.25759,0.26045,0.25741,0.25982,124120,32142.5391
1788414300000,0.25982,0.26198,0.25896,0.2598,175530,45719.784
1788414600000,0.2598,0.26177,0.25929,0.26115,164430,42815.4157
1788414900000,0.26115,0.26346,0.261,0.26232,115920,30388.9637
1788415200000,0.26232,0.26244,0.26016,0.26158,92310,24106.9658
1788415500000,0.26158,0.26328,0.26111,0.26116,153860,40354.6591
1788415800000,0.26116,0.26469,0.26052,0.26204,492850,129577.6642
1788416100000,0.26204,0.26693,0.26167,0.26457,452610,119912.3497
1788416400000,0.26457,0.2646,0.26057,0.2613,344130,90209.127
1788416700000,0.2613,0.26216,0.26095,0.26123,36440,9533.0899
1788417000000,0.26123,0.2631,0.26123,0.26214,40820,10695.8485
1788417300000,0.26214,0.264,0.2615,0.26161,124720,32750.9113
1788417600000,0.26161,0.26168,0.2606,0.2611,40610,10599.5202
1788417900000,0.2611,0.26148,0.26077,0.261,33090,8639.7111
1788418200000,0.261,0.26105,0.25541,0.25802,471390,121785.5561
1788418500000,0.25802,0.25985,0.25474,0.25647,305460,78710.9374
1788418800000,0.25647,0.25896,0.25647,0.25862,135820,35047.5654
1788419100000,0.25862,0.26102,0.2576,0.25961,584230,151440.6452
1788419400000,0.25961,0.26028,0.25794,0.25864,195740,50689.3951
1788419700000,0.25864,0.25908,0.25625,0.25836,350280,90277.1698
1788420000000,0.25836,0.25848,0.25338,0.25536,368490,94128.2683
1788420300000,0.25536,0.25575,0.24188,0.24269,2805290,696514.1922
1788420600000,0.24269,0.24948,0.24269,0.24623,674010,165819.1752
1788420900000,0.24623,0.24982,0.24611,0.24651,738180,183123.5958
1788421200000,0.24651,0.24855,0.24615,0.24649,404710,100021.7856
1788421500000,0.24649,0.24778,0.24617,0.24749,179750,44421.834
1788421800000,0.24749,0.24749,0.24387,0.24414,292700,72010.844
1788422100000,0.24414,0.24534,0.24282,0.24325,245870,59937.0438
1788422400000,0.24325,0.2441,0.24241,0.24392,251460,61181.2354
1788422700000,0.24392,0.25011,0.24392,0.24646,650080,160750.9914
1788423000000,0.24646,0.25232,0.24474,0.25067,1003770,250803.7468
1788423300000,0.25067,0.25375,0.24938,0.25306,571130,143977.3655
1788423600000,0.25306,0.25336,0.25039,0.2508,167360,42162.2352
1788423900000,0.2508,0.25417,0.25044,0.25216,321200,81148.1812
1788424200000,0.25216,0.25333,0.25103,0.25315,129700,32736.8756
1788424500000,0.25315,0.25324,0.25107,0.25259,224450,56624.634
1788424800000,0.25259,0.25282,0.25108,0.25207,205300,51771.5864
1788425100000,0.25207,0.25535,0.25141,0.25199,267470,67835.0522
1788425400000,0.25199,0.25205,0.25047,0.25136,107100,26910.6827
1788425700000,0.25136,0.25336,0.25083,0.25254,64700,16311.9844
1788426000000,0.25254,0.2568,0.25136,0.25238,602110,153127.0255
1788426300000,0.25238,0.25267,0.25054,0.252,127290,31987.3343
1788426600000,0.252,0.25597,0.25182,0.25573,296980,75609.4484
1788426900000,0.25573,0.2568,0.25531,0.25639,191270,49006.1328
1788427200000,0.25639,0.25785,0.25389,0.25451,387010,99011.3408
1788427500000,0.25451,0.25782,0.25392,0.25765,116630,29784.6731
1788427800000,0.25765,0.25798,0.25522,0.25584,132510,34020.1472
1788428100000,0.25584,0.25841,0.25489,0.25632,189040,48501.648
1788428400000,0.25632,0.25876,0.25481,0.25567,389880,100083.3205
1788428700000,0.25567,0.25887,0.25511,0.25781,164050,42177.9914
1788429000000,0.25781,0.25782,0.25567,0.25717,137300,35317.9878
1788429300000,0.25717,0.25837,0.25554,0.25635,200540,51531.3638
1788429600000,0.25635,0.25646,0.2526,0.25289,268750,68494.469
1788429900000,0.25289,0.25503,0.25129,0.25347,181640,45987.3377
1788430200000,0.25347,0.25444,0.25248,0.25359,100650,25502.6023
1788430500000,0.25359,0.255,0.25279,0.25462,94310,23943.3277
1788430800000,0.25462,0.25674,0.25462,0.2555,128100,32767.2396
1788431100000,0.2555,0.25638,0.25462,0.25479,86350,22069.5586
1788431400000,0.25479,0.25575,0.25407,0.25428,85220,21700.6997
1788431700000,0.25428,0.25767,0.2539,0.2572,276150,70563.3719
1788432000000,0.2572,0.2578,0.25388,0.25437,190810,48790.3122
1788432300000,0.25437,0.25493,0.25387,0.25463,92470,23514.1476
1788432600000,0.25463,0.25785,0.25397,0.2574,186770,47853.2291
1788432900000,0.2574,0.26091,0.2574,0.25832,578460,149949.2994
1788433200000,0.25832,0.26388,0.25631,0.26255,1276030,333656.2824
1788433500000,0.26255,0.26512,0.26128,0.26193,592820,156090.0337
1788433800000,0.26193,0.26447,0.26086,0.26434,257440,67556.9422
1788434100000,0.26434,0.2658,0.25904,0.26382,961020,252608.8656
1788434400000,0.26382,0.26404,0.26004,0.2621,340320,89229.7076
1788434700000,0.2621,0.26494,0.26156,0.26383,355510,93619.5894
1788435000000,0.26383,0.26663,0.26238,0.26277,735730,194883.824
1788435300000,0.26277,0.26522,0.26182,0.26454,272760,71814.8101
1788435600000,0.26454,0.2695,0.26164,0.26624,1040330,277145.3884
1788435900000,0.26624,0.2704,0.26603,0.27014,989490,265626.4889
1788436200000,0.27014,0.273,0.26998,0.27222,655220,177745.4539
1788436500000,0.27222,0.2758,0.26962,0.26996,1175660,320877.3595
1788436800000,0.26996,0.2721,0.26728,0.26806,374000,100647.362
1788437100000,0.26806,0.27141,0.26703,0.27042,207160,55707.1987
1788437400000,0.27042,0.27438,0.27022,0.27194,291590,79524.7103
1788437700000,0.27194,0.27469,0.26937,0.2698,215870,58836.1755
1788438000000,0.2698,0.27075,0.26822,0.27022,104570,28156.9682
1788438300000,0.27022,0.27177,0.27,0.27138,139540,37816.2651
1788438600000,0.27138,0.27211,0.26812,0.27196,373740,100885.3365
1788438900000,0.27196,0.27573,0.27168,0.27477,360110,98626.8335
1788439200000,0.27477,0.2757,0.27394,0.27497,302880,83286.9117
1788439500000,0.27497,0.27556,0.27132,0.27316,356160,97442.1459
1788439800000,0.27316,0.27612,0.27154,0.27609,833520,228198.0341
1788440100000,0.27609,0.28002,0.27543,0.27701,801600,222299.1121
1788440400000,0.27701,0.27753,0.2729,0.27404,748060,205966.8955
1788440700000,0.27404,0.27404,0.26937,0.27195,396590,107697.9498
1788441000000,0.27195,0.27316,0.2628,0.26506,1143830,304363.3448
1788441300000,0.26506,0.26676,0.26318,0.26429,303610,80557.785
1788441600000,0.26429,0.26647,0.26129,0.26624,864610,228253.7796
1788441900000,0.26624,0.2686,0.26179,0.26279,594090,158250.5917
1788442200000,0.26279,0.26611,0.26177,0.26435,226760,59789.2265
1788442500000,0.26435,0.2687,0.26299,0.2687,219220,58331.9992
1788442800000,0.2687,0.27175,0.26801,0.27068,239050,64371.9188
1788443100000,0.27068,0.273,0.26716,0.26906,309770,83511.7487
1788443400000,0.26906,0.26944,0.262,0.26214,219180,58230.3716
1788443700000,0.26214,0.26701,0.2613,0.26604,504220,132733.2307
1788444000000,0.26604,0.26758,0.26156,0.26237,563940,148345.5324
1788444300000,0.26237,0.26838,0.26205,0.2659,494840,130853.6957
1788444600000,0.2659,0.26598,0.26172,0.26297,152210,40092.9936
1788444900000,0.26297,0.2633,0.2588,0.25938,443750,115749.3304
1788445200000,0.25938,0.26258,0.25856,0.26197,629790,163998.1359
1788445500000,0.26197,0.26445,0.2613,0.26404,301960,79496.1879
1788445800000,0.26404,0.267,0.26323,0.26363,277450,73617.3613
1788446100000,0.26363,0.26925,0.26327,0.26879,631020,169135.3863
1788446400000,0.26879,0.27,0.26334,0.26435,718180,192242.0986
1788446700000,0.26435,0.27,0.26369,0.26904,898660,241335.551
1788447000000,0.26904,0.27,0.26694,0.26929,694450,186994.2767
1788447300000,0.26929,0.2754,0.26866,0.27445,1071820,291687.872
1788447600000,0.27445,0.2767,0.27065,0.27378,899560,247000.3383
1788447900000,0.27378,0.275,0.26992,0.27214,277380,75475.8195
1788448200000,0.27214,0.27277,0.26827,0.27055,178670,48279.7834
1788448500000,0.27055,0.27283,0.26896,0.27246,101060,27356.3521
1788448800000,0.27246,0.27307,0.26958,0.2709,550050,149049.2242
1788449100000,0.2709,0.2749,0.27056,0.27381,105550,28854.7212
1788449400000,0.27381,0.28043,0.27374,0.27934,558250,155004.8871
1788449700000,0.27934,0.28526,0.27828,0.28023,1944180,547584.9403
1788450000000,0.28023,0.28885,0.27991,0.28563,1213700,346178.0639
1788450300000,0.28563,0.28619,0.28088,0.2816,374750,106350.5262
1788450600000,0.2816,0.2888,0.2816,0.28802,603850,173190.9666
1788450900000,0.28802,0.29226,0.28191,0.28448,1503800,432297.9988
1788451200000,0.28448,0.29273,0.28227,0.28921,1653350,476395.7448
1788451500000,0.28921,0.29366,0.28714,0.29104,895370,259972.6252
1788451800000,0.29104,0.305,0.29,0.29972,3753320,1121666.0188
1788452100000,0.29972,0.30429,0.29331,0.29805,1347060,402480.3671
1788452400000,0.29805,0.29859,0.28887,0.29036,1633690,478612.6687
1788452700000,0.29036,0.29343,0.28742,0.2891,439320,127406.9684
1788453000000,0.2891,0.29114,0.28236,0.28339,966980,275930.2559
1788453300000,0.28339,0.28413,0.28016,0.28249,620920,175089.5864
1788453600000,0.28249,0.28523,0.27436,0.27811,1284090,357617.9616
1788453900000,0.27811,0.28257,0.27811,0.28134,332320,93458.4564
1788454200000,0.28134,0.2832,0.27791,0.28196,770850,216108.8358
1788454500000,0.28196,0.28544,0.27917,0.2835,1504890,424416.5247
1788454800000,0.2835,0.28692,0.28048,0.28079,519350,147893.8096
1788455100000,0.28079,0.28231,0.27815,0.2791,315100,88067.2732
1788455400000,0.2791,0.28416,0.27876,0.28358,510030,143746.1689
1788455700000,0.28358,0.28713,0.28323,0.28518,265930,75985.7169
1788456000000,0.28518,0.2882,0.28398,0.28723,361370,103680.5417
1788456300000,0.28723,0.29018,0.28639,0.28832,477320,137670.9906
1788456600000,0.28832,0.29215,0.28643,0.291,984220,284998.8585
1788456900000,0.291,0.295,0.28986,0.29467,580910,170034.1987
1788457200000,0.29467,0.29619,0.28956,0.29535,1177940,344777.625
1788457500000,0.29535,0.30266,0.29499,0.3018,1829210,547139.2347
1788457800000,0.3018,0.3018,0.28761,0.28839,1043830,304474.6466
1788458100000,0.28839,0.29271,0.28724,0.28734,313950,90852.6274
1788458400000,0.28734,0.2924,0.2869,0.28964,530630,153428.3516
1788458700000,0.28964,0.2924,0.28949,0.29061,77890,22652.6264
1788459000000,0.29061,0.29792,0.28977,0.29435,1619150,476924.6088
1788459300000,0.29435,0.29598,0.29107,0.29288,289360,84806.0993
1788459600000,0.29288,0.2988,0.29195,0.2939,947000,279663.8991
1788459900000,0.2939,0.29467,0.28579,0.28736,1179670,341648.3041
1788460200000,0.28736,0.28762,0.27812,0.28297,2234960,633076.1804
1788460500000,0.28297,0.28657,0.28267,0.28627,229660,65332.0918
1788460800000,0.28627,0.28683,0.28074,0.28391,296260,83959.4485
1788461100000,0.28391,0.2865,0.27991,0.28146,478390,135492.6014
1788461400000,0.28146,0.2876,0.28119,0.28643,270550,76911.1749
1788461700000,0.28643,0.2889,0.28603,0.28838,212300,61054.7472
1788462000000,0.28838,0.29034,0.28745,0.29012,332090,95906.3133
1788462300000,0.29012,0.29351,0.28899,0.29333,623830,181750.5502
1788462600000,0.29333,0.29976,0.29041,0.29603,915510,270941.3781
1788462900000,0.29603,0.30197,0.29548,0.30011,649020,194023.4068
1788463200000,0.30011,0.30838,0.29947,0.30477,2827300,860136.6844
1788463500000,0.30477,0.3093,0.30067,0.30863,679740,207368.0156
1788463800000,0.30863,0.30943,0.29918,0.30185,536180,162398.8724
1788464100000,0.30185,0.30329,0.29898,0.3012,440170,132568.5084
1788464400000,0.3012,0.30456,0.30053,0.30429,331380,100249.6146
1788464700000,0.30429,0.30638,0.30272,0.30416,373840,113814.6018
1788465000000,0.30416,0.30436,0.29941,0.30041,1039650,312898.4456
1788465300000,0.30041,0.30141,0.29852,0.30015,385570,115772.0119
1788465600000,0.30015,0.30249,0.29916,0.30249,277450,83380.0958
1788465900000,0.30249,0.30464,0.3004,0.30284,360550,109285.8313
1788466200000,0.30284,0.30399,0.30012,0.30299,263350,79566.1759
1788466500000,0.30299,0.30299,0.29979,0.30079,389580,117337.2628
1788466800000,0.30079,0.30444,0.30036,0.30144,503070,152062.9617
1788467100000,0.30144,0.30657,0.30129,0.30548,289580,88173.2896
1788467400000,0.30548,0.306,0.30003,0.30121,817900,246931.9688
1788467700000,0.30121,0.30362,0.29988,0.30187,490410,147786.7557
1788468000000,0.30187,0.30288,0.3002,0.30093,405360,122125.1377
1788468300000,0.30093,0.30189,0.30049,0.30143,165150,49748.7855
1788468600000,0.30143,0.30165,0.29913,0.30027,412700,123949.1936
1788468900000,0.30027,0.30089,0.29898,0.30044,517040,154993.0282
1788469200000,0.30044,0.30529,0.2966,0.30216,1080050,324290.609
1788469500000,0.30216,0.31155,0.30168,0.3078,1134250,349486.5069
1788469800000,0.3078,0.30926,0.30503,0.3061,344200,105679.8899
1788470100000,0.3061,0.31024,0.30555,0.30877,270940,83520.3121
1788470400000,0.30877,0.31224,0.30475,0.3073,422560,130108.7778
1788470700000,0.3073,0.3087,0.30561,0.307,152230,46750.9532
1788471000000,0.307,0.3132,0.307,0.31125,838990,260858.323
1788471300000,0.31125,0.31321,0.3083,0.31148,837730,260445.4735
1788471600000,0.31148,0.31755,0.31019,0.31154,1005510,315757.1797
1788471900000,0.31154,0.31288,0.3056,0.30705,399560,123405.6286
1788472200000,0.30705,0.31141,0.30582,0.30973,318880,98343.9643
1788472500000,0.30973,0.30973,0.30742,0.30878,200940,62077.6113
1788472800000,0.30878,0.31043,0.30264,0.30629,447300,136801.3598
1788473100000,0.30629,0.30629,0.29827,0.30147,825280,248626.3356
1788473400000,0.30147,0.30574,0.30009,0.30283,322140,97778.788
1788473700000,0.30283,0.30654,0.30093,0.30186,305300,92868.3794
1788474000000,0.30186,0.30347,0.30098,0.30098,191800,57931.5597
1788474300000,0.30098,0.30229,0.29463,0.29691,836940,249990.3598
1788474600000,0.29691,0.29886,0.2944,0.29543,787520,232894.5935
1788474900000,0.29543,0.3002,0.2953,0.29899,263950,78489.0793
1788475200000,0.29899,0.3027,0.29882,0.30143,328920,98790.3626
1788475500000,0.30143,0.30176,0.29561,0.296,319610,95311.6971
1788475800000,0.296,0.29699,0.28811,0.29147,826970,241526.618
1788476100000,0.29147,0.29418,0.29048,0.29147,426060,124637.1819
1788476400000,0.29147,0.29526,0.29111,0.29154,298540,87371.3061
1788476700000,0.29154,0.29582,0.29154,0.29504,201960,59339.1199
1788477000000,0.29504,0.29623,0.29164,0.29581,488190,143474.1147
1788477300000,0.29581,0.30638,0.2957,0.30285,1002890,302223.5431
1788477600000,0.30285,0.30531,0.29833,0.29977,772950,233324.7162
1788477900000,0.29977,0.30044,0.29187,0.29363,349690,103524.4984
1788478200000,0.29363,0.29868,0.292,0.29667,661620,195573.1305
1788478500000,0.29667,0.30304,0.29633,0.3009,592710,177715.6471
1788478800000,0.3009,0.30458,0.29956,0.30072,856980,259592.6793
1788479100000,0.30072,0.30434,0.30009,0.30188,549590,165975.0383
1788479400000,0.30188,0.30519,0.29718,0.2985,429740,129634.8927
1788479700000,0.2985,0.29983,0.2961,0.29814,374060,111285.8912
1788480000000,0.29814,0.30052,0.29597,0.29645,444530,132540.9328
1788480300000,0.29645,0.29702,0.28517,0.28735,933680,270973.1639
1788480600000,0.28735,0.29098,0.2844,0.28588,1507790,432639.6634
1788480900000,0.28588,0.29117,0.28557,0.28827,579640,167011.7935
1788481200000,0.28827,0.28947,0.28592,0.28801,224710,64661.3169
1788481500000,0.28801,0.28865,0.2822,0.28314,653540,186850.1426
1788481800000,0.28314,0.28663,0.28314,0.28636,213560,60852.6917
1788482100000,0.28636,0.28798,0.28464,0.28705,227300,65088.7911
1788482400000,0.28705,0.29162,0.2864,0.2894,296550,85583.5903
1788482700000,0.2894,0.29006,0.28458,0.28557,316890,90857.3762
1788483000000,0.28557,0.28634,0.27786,0.27858,2061370,579386.2118
1788483300000,0.27858,0.2804,0.2731,0.27522,778420,214688.6856
1788483600000,0.27522,0.27912,0.27491,0.27707,703040,194598.1575
1788483900000,0.27707,0.27873,0.27482,0.2769,344010,95149.7159
1788484200000,0.2769,0.27967,0.27243,0.27282,656930,180965.9403
1788484500000,0.27282,0.27492,0.2691,0.27008,945380,256322.1061
1788484800000,0.27008,0.272,0.26466,0.26506,896870,240420.0145
1788485100000,0.26506,0.26788,0.261,0.26739,944210,248839.425
1788485400000,0.26739,0.27236,0.26598,0.27132,449880,121339.2491
1788485700000,0.27132,0.27803,0.27081,0.27767,374820,103177.6288
1788486000000,0.27767,0.28346,0.27487,0.27882,1183830,330826.339
1788486300000,0.27882,0.2828,0.27853,0.28032,341350,95701.4064
1788486600000,0.28032,0.28211,0.27883,0.28139,246750,69078.4835
1788486900000,0.28139,0.28403,0.28033,0.28377,66760,18836.25
1788487200000,0.28377,0.28413,0.27691,0.27724,233760,65542.5291
1788487500000,0.27724,0.27786,0.27423,0.27479,292450,80728.4193
1788487800000,0.27479,0.27764,0.27456,0.27668,83180,22956.3003
1788488100000,0.27668,0.27877,0.27621,0.27668,80790,22417.8706
1788488400000,0.27668,0.27714,0.27471,0.27504,115230,31761.6644
1788488700000,0.27504,0.27564,0.27077,0.27203,299230,81572.6202
1788489000000,0.27203,0.27269,0.26628,0.26714,1017970,272823.0887
1788489300000,0.26714,0.2701,0.26656,0.26789,200500,53736.3592
1788489600000,0.26789,0.27041,0.26789,0.27027,64190,17292.2782
1788489900000,0.27027,0.27262,0.2688,0.27228,242300,65369.6336
1788490200000,0.27228,0.27391,0.27077,0.27351,144280,39240.0876
1788490500000,0.27351,0.2778,0.27348,0.27588,211330,58266.5231
1788490800000,0.27588,0.27683,0.27279,0.27487,105950,29116.4021
1788491100000,0.27487,0.2764,0.27024,0.27095,390240,106475.5237
1788491400000,0.27095,0.27137,0.26655,0.2674,682470,183168.7086
1788491700000,0.2674,0.26844,0.26402,0.26801,616110,163821.7487
1788492000000,0.26801,0.26868,0.26556,0.26758,118410,31633.2493
1788492300000,0.26758,0.26824,0.26443,0.26556,344400,91716.1486
1788492600000,0.26556,0.26592,0.26236,0.26325,162160,42782.2651
1788492900000,0.26325,0.26561,0.2628,0.26561,116860,30889.9022
1788493200000,0.26561,0.27063,0.2628,0.27003,329390,87863.5992
1788493500000,0.27003,0.2704,0.26737,0.26999,335030,90186.8818
1788493800000,0.26999,0.27075,0.269,0.26998,206710,55768.9848
1788494100000,0.26998,0.27052,0.26963,0.27002,98690,26656.7358
1788494400000,0.27002,0.27025,0.2681,0.26823,244560,65815.4618
1788494700000,0.26823,0.2684,0.2634,0.26488,512080,135828.4965
1788495000000,0.26488,0.26616,0.26225,0.2648,157730,41669.6164
1788495300000,0.2648,0.26651,0.26424,0.26596,112650,29919.1448
1788495600000,0.26596,0.2674,0.26449,0.26677,116250,30934.815
1788495900000,0.26677,0.26937,0.26677,0.26937,84680,22687.6505
1788496200000,0.26937,0.27109,0.26814,0.27095,97430,26258.7672
1788496500000,0.27095,0.2745,0.27067,0.27354,1001550,274045.7085
1788496800000,0.27354,0.27449,0.2705,0.27102,169390,46166.4106
1788497100000,0.27102,0.27448,0.27093,0.27235,162280,44278.6669
1788497400000,0.27235,0.27235,0.26719,0.26888,360960,97325.6983
1788497700000,0.26888,0.27239,0.26849,0.27088,107900,29185.3124
1788498000000,0.27088,0.27157,0.26977,0.27071,49250,13327.3318
1788498300000,0.27071,0.27071,0.26762,0.27012,127980,34390.583
1788498600000,0.27012,0.27012,0.2662,0.26809,135100,36139.8007
1788498900000,0.26809,0.26911,0.26518,0.26584,167520,44698.8629
1788499200000,0.26584,0.26852,0.26526,0.26693,148810,39790.4556
1788499500000,0.26693,0.26709,0.26371,0.26498,161740,42910.2005
1788499800000,0.26498,0.26662,0.26214,0.26535,133280,35209.1601
1788500100000,0.26535,0.26598,0.26339,0.2653,125040,33096.482
1788500400000,0.2653,0.2655,0.26068,0.26177,647510,169996.2792
1788500700000,0.26177,0.26406,0.26102,0.26253,161840,42481.616
1788501000000,0.26253,0.26687,0.26253,0.2649,375790,99418.1469
1788501300000,0.2649,0.26536,0.26288,0.26449,151200,39866.5976
1788501600000,0.26449,0.26464,0.26149,0.26149,174660,45993.9261
1788501900000,0.26149,0.26246,0.25953,0.26244,255770,66696.8363
1788502200000,0.26244,0.26375,0.26203,0.26229,131640,34569.4343
1788502500000,0.26229,0.2623,0.26095,0.26137,54980,14376.341
1788502800000,0.26137,0.26226,0.25681,0.25834,399210,103361.2642
1788503100000,0.25834,0.26014,0.2571,0.25839,168670,43550.0266
1788503400000,0.25839,0.2597,0.2561,0.25664,674420,173198.6137
1788503700000,0.25664,0.25732,0.23566,0.24186,6074030,1498080.427
1788504000000,0.24186,0.24903,0.24093,0.24783,1845250,451346.6397
1788504300000,0.24783,0.24992,0.24479,0.2467,787100,194615.7546
1788504600000,0.2467,0.25095,0.2466,0.2499,1092970,272494.2747
1788504900000,0.2499,0.25555,0.24925,0.25519,1767970,446143.4255
1788505200000,0.25519,0.259,0.25456,0.2582,900610,231806.2615
1788505500000,0.2582,0.25946,0.25551,0.2583,1343510,346112.7334
1788505800000,0.2583,0.25909,0.25397,0.2573,1496270,385014.5611
1788506100000,0.2573,0.25763,0.25236,0.25493,500210,127525.978
1788506400000,0.25493,0.25572,0.25113,0.25168,378670,96006.7072
1788506700000,0.25168,0.25469,0.2488,0.25059,675560,170106.44
1788507000000,0.25059,0.25383,0.24825,0.25214,794140,199715.5659
1788507300000,0.25214,0.25579,0.252,0.25462,724760,184012.7478
1788507600000,0.25462,0.25697,0.25455,0.25575,442110,113017.8614
1788507900000,0.25575,0.26256,0.25526,0.26049,1444130,373886.7861
1788508200000,0.26049,0.26407,0.25844,0.25967,1009110,263135.93
1788508500000,0.25967,0.26327,0.25953,0.26264,832160,217529.9876
1788508800000,0.26264,0.26449,0.26176,0.26392,613620,161553.5385
1788509100000,0.26392,0.2644,0.26081,0.26098,447040,117391.9108
1788509400000,0.26098,0.26308,0.26026,0.26203,397580,103975.6786
1788509700000,0.26203,0.26203,0.25936,0.26018,221650,57689.4681
1788510000000,0.26018,0.26072,0.25845,0.25932,326380,84612.4144
1788510300000,0.25932,0.25951,0.2585,0.2593,52040,13479.995
1788510600000,0.2593,0.266,0.25896,0.26401,950730,250412.8472
1788510900000,0.26401,0.268,0.26227,0.26755,684840,181588.1557
1788511200000,0.26755,0.27089,0.26689,0.27078,574420,154402.3247
1788511500000,0.27078,0.27287,0.2679,0.26858,1296230,351089.2644
1788511800000,0.26858,0.27067,0.26695,0.2705,393330,105621.4878
1788512100000,0.2705,0.2705,0.26704,0.26764,323560,86877.857
1788512400000,0.26764,0.27297,0.26718,0.26889,682780,184701.3842
1788512700000,0.26889,0.27475,0.26839,0.27325,597200,162866.5178
1788513000000,0.27325,0.27555,0.27225,0.27308,644410,176556.4209
1788513300000,0.27308,0.27647,0.27284,0.27418,401690,110456.6659
1788513600000,0.27418,0.27546,0.27063,0.27116,433930,118309.5363
1788513900000,0.27116,0.27145,0.26556,0.26679,378430,101685.8562
1788514200000,0.26679,0.26856,0.26123,0.26339,783330,207001.3457
1788514500000,0.26339,0.26564,0.26267,0.26545,611910,161428.8022
1788514800000,0.26545,0.26611,0.26246,0.2646,213920,56628.5526
1788515100000,0.2646,0.26626,0.2602,0.26107,532030,139522.1768
1788515400000,0.26107,0.26154,0.26027,0.26074,153780,40113.5519
1788515700000,0.26074,0.26145,0.25681,0.25793,516110,133975.4407
1788516000000,0.25793,0.2598,0.25441,0.25665,1001830,257836.8279
1788516300000,0.25665,0.25697,0.25148,0.25491,2323510,588759.4374
1788516600000,0.25491,0.26016,0.25491,0.25704,526780,135776.4118
1788516900000,0.25704,0.2625,0.25604,0.25861,1629690,423567.7408
1788517200000,0.25861,0.25867,0.25584,0.25638,623600,160289.3378
1788517500000,0.25638,0.25801,0.2541,0.25509,286800,73403.1002
1788517800000,0.25509,0.25816,0.25437,0.25745,423720,108609.7579
1788518100000,0.25745,0.26061,0.2571,0.26033,229200,59296.7033
1788518400000,0.26033,0.26344,0.25999,0.26264,683920,179378.5436
1788518700000,0.26264,0.26373,0.26179,0.2625,221950,58330.1417
1788519000000,0.2625,0.27535,0.2614,0.27388,2997390,809364.0624
1788519300000,0.27388,0.2763,0.26466,0.26626,3135370,849287.3772
1788519600000,0.26626,0.2751,0.26569,0.27224,1222680,332227.7738
1788519900000,0.27224,0.2788,0.27098,0.27666,1438900,397891.6341
1788520200000,0.27666,0.2806,0.27489,0.27924,1069740,297245.469
1788520500000,0.27924,0.2849,0.27857,0.28328,679540,191849.5409
1788520800000,0.28328,0.284,0.28173,0.28332,204570,57934.0411
1788521100000,0.28332,0.28547,0.28067,0.28547,351110,99363.296
1788521400000,0.28547,0.28844,0.28464,0.28633,580740,166590.3674
1788521700000,0.28633,0.28734,0.28276,0.28566,530150,150904.9125
1788522000000,0.28566,0.28584,0.28438,0.28498,176330,50345.891
1788522300000,0.28498,0.28714,0.27786,0.27832,798850,225250.3129
1788522600000,0.27832,0.27913,0.27425,0.27429,991900,274644.8039
1788522900000,0.27429,0.27638,0.27003,0.27056,1080980,295270.7539
1788523200000,0.27056,0.27289,0.26753,0.27114,971950,262071.031
1788523500000,0.27114,0.2732,0.27007,0.27272,357420,97224.2078
1788523800000,0.27272,0.27348,0.27139,0.27154,172740,47114.556
1788524100000,0.27154,0.27275,0.27062,0.27258,78020,21198.2199
1788524400000,0.27258,0.28007,0.27146,0.27953,819580,227137.8404
1788524700000,0.27953,0.28218,0.2789,0.27967,337330,94534.0842
1788525000000,0.27967,0.27992,0.25839,0.26771,2569340,686375.9114
1788525300000,0.26771,0.27132,0.26329,0.26667,1584510,421354.0452
1788525600000,0.26667,0.26739,0.25622,0.2588,3522430,924879.165
1788525900000,0.2588,0.25975,0.24621,0.25245,3350840,845865.9197
1788526200000,0.25245,0.25832,0.24806,0.25027,2298000,579404.1076
1788526500000,0.25027,0.25105,0.24188,0.24717,3643500,899608.3182
1788526800000,0.24717,0.25355,0.24565,0.2468,2628090,656461.2856
1788527100000,0.2468,0.25085,0.23659,0.24251,3517380,854597.1546
1788527400000,0.24251,0.24829,0.24051,0.24706,2306650,561857.4739
1788527700000,0.24706,0.25588,0.24622,0.25527,1897130,477769.0622
1788528000000,0.25527,0.26134,0.2543,0.26053,900650,232240.7307
1788528300000,0.26053,0.2628,0.25712,0.26242,1153820,299929.1165
1788528600000,0.26242,0.26932,0.25848,0.26259,1737090,460417.8113
1788528900000,0.26259,0.26457,0.25844,0.26015,1199230,313264.9652
1788529200000,0.26015,0.26327,0.25891,0.26043,303430,79245.6709
1788529500000,0.26043,0.26612,0.26004,0.26262,423680,111678.6177
1788529800000,0.26262,0.26742,0.26158,0.26297,816360,216133.9391
1788530100000,0.26297,0.26352,0.26149,0.26181,270270,70926.6958
1788530400000,0.26181,0.2721,0.2613,0.27013,1022470,273577.2024
1788530700000,0.27013,0.2729,0.26592,0.26682,686500,184800.6024
1788531000000,0.26682,0.26793,0.26576,0.26756,430110,114792.0603
1788531300000,0.26756,0.2689,0.25983,0.26054,601660,158422.8462
1788531600000,0.26054,0.26235,0.2578,0.25995,452650,117522.0972
1788531900000,0.25995,0.26106,0.25595,0.25887,402820,103947.1783
1788532200000,0.25887,0.25901,0.25345,0.25486,562750,144215.1266
1788532500000,0.25486,0.25585,0.25197,0.25538,440530,112023.9143
1788532800000,0.25538,0.25885,0.25534,0.25649,399730,102834.8414
1788533100000,0.25649,0.25836,0.2531,0.25468,471700,120299.2313
1788533400000,0.25468,0.25536,0.25056,0.25124,1664790,420142.9636
1788533700000,0.25124,0.25487,0.25124,0.2535,314080,79604.0533
1788534000000,0.2535,0.25377,0.24936,0.25247,622530,156312.6162
1788534300000,0.25247,0.25332,0.25044,0.25117,249850,62813.4722
1788534600000,0.25117,0.25704,0.25109,0.25631,390330,99228.6249
1788534900000,0.25631,0.25732,0.25572,0.2567,146700,37630.3362
1788535200000,0.2567,0.25872,0.25632,0.25864,243630,62780.0128
1788535500000,0.25864,0.2602,0.25606,0.25819,862420,222711.1936
1788535800000,0.25819,0.25976,0.25764,0.25816,179560,46456.2844
1788536100000,0.25816,0.26032,0.25799,0.25989,278640,72200.191
1788536400000,0.25989,0.26169,0.25852,0.25943,456290,118948.1904
1788536700000,0.25943,0.2617,0.25885,0.26089,294810,76897.0571
1788537000000,0.26089,0.26233,0.25935,0.25953,125010,32642.1264
1788537300000,0.25953,0.261,0.25919,0.25919,241110,62696.0637
1788537600000,0.25919,0.26588,0.25868,0.26564,398860,104705.6109
1788537900000,0.26564,0.26698,0.26517,0.26685,200660,53448.0815
1788538200000,0.26685,0.27259,0.26656,0.27243,313940,84658.4293
1788538500000,0.27243,0.27311,0.26925,0.2705,330370,89500.3588
1788538800000,0.2705,0.27051,0.26724,0.26996,377960,101690.8765
1788539100000,0.26996,0.2704,0.26212,0.26299,417960,110957.5043
1788539400000,0.26299,0.26717,0.26147,0.26448,367310,97021.0112
1788539700000,0.26448,0.26688,0.26265,0.26502,204930,54268.81
1788540000000,0.26502,0.26556,0.25694,0.26268,1692550,440721.8699
1788540300000,0.26268,0.26458,0.26225,0.26389,138590,36526.6497
1788540600000,0.26389,0.26392,0.25406,0.25635,668280,172629.081
1788540900000,0.25635,0.26196,0.2562,0.26146,653320,169944.4716
1788541200000,0.26146,0.26547,0.26053,0.26129,484310,127103.1499
1788541500000,0.26129,0.26304,0.26039,0.26206,127610,33408.9759
1788541800000,0.26206,0.26261,0.25762,0.25784,364540,94566.3448
1788542100000,0.25784,0.25881,0.25608,0.25846,189360,48820.5517
1788542400000,0.25846,0.25981,0.25817,0.25952,120710,31285.8484
1788542700000,0.25952,0.2615,0.25722,0.26039,263440,68417.0011
1788543000000,0.26039,0.26058,0.25805,0.25881,155140,40182.3372
1788543300000,0.25881,0.25971,0.25704,0.2575,223720,57890.0274
1788543600000,0.2575,0.25842,0.25673,0.25706,263690,67933.2173
1788543900000,0.25706,0.25773,0.25324,0.2557,643740,164049.157
1788544200000,0.2557,0.25572,0.24815,0.25127,1636910,411781.3047
1788544500000,0.25127,0.2524,0.2476,0.25151,665830,166689.5777
1788544800000,0.25151,0.25174,0.24688,0.24799,730730,181930.7265
1788545100000,0.24799,0.25279,0.2473,0.25233,296240,73967.982
1788545400000,0.25233,0.25263,0.25019,0.25128,380400,95588.9285
1788545700000,0.25128,0.25236,0.2497,0.25215,143320,35985.9069
1788546000000,0.25215,0.25369,0.24936,0.25017,301050,75905.4548
1788546300000,0.25017,0.25017,0.24787,0.24813,88080,21917.6828
1788546600000,0.24813,0.24847,0.24628,0.24806,183530,45402.2447
1788546900000,0.24806,0.24834,0.2457,0.24776,141820,35035.1841
1788547200000,0.24776,0.24939,0.24761,0.24898,103810,25779.6045
1788547500000,0.24898,0.24976,0.2441,0.2472,364540,89786.2364
1788547800000,0.2472,0.24795,0.2441,0.24577,226160,55694.6305
1788548100000,0.24577,0.25099,0.24504,0.25032,316710,78735.8411
1788548400000,0.25032,0.2515,0.25004,0.25067,252020,63239.2224
1788548700000,0.25067,0.252,0.2506,0.252,120410,30293.8096
1788549000000,0.252,0.25308,0.25083,0.25236,228320,57570.731
1788549300000,0.25236,0.25552,0.2518,0.25548,192200,48722.1664
1788549600000,0.25548,0.25827,0.25487,0.25714,397800,102180.7574
1788549900000,0.25714,0.2587,0.25521,0.25596,232890,59935.8114
1788550200000,0.25596,0.25974,0.25512,0.25688,417160,107698.4838
1788550500000,0.25688,0.26353,0.25688,0.2605,551160,143982.0169
1788550800000,0.2605,0.2628,0.2597,0.26057,95670,24973.2449
1788551100000,0.26057,0.26415,0.25932,0.26276,359860,94372.6862
1788551400000,0.26276,0.26296,0.26024,0.26253,115750,30305.0736
1788551700000,0.26253,0.26412,0.26208,0.26264,78280,20590.0483
1788552000000,0.26264,0.26269,0.26005,0.26033,72850,19039.6157
1788552300000,0.26033,0.26249,0.25721,0.25737,490670,127070.2473
1788552600000,0.25737,0.25886,0.2553,0.25798,579540,148791.1388
1788552900000,0.25798,0.25798,0.25552,0.25692,98350,25230.6972
1788553200000,0.25692,0.2583,0.25529,0.25554,92720,23813.1891
1788553500000,0.25554,0.25651,0.25373,0.25468,398220,101419.6345
1788553800000,0.25468,0.25743,0.25453,0.2573,73090,18730.734
1788554100000,0.2573,0.25755,0.2551,0.25555,35600,9132.9885
1788554400000,0.25555,0.25609,0.25373,0.2544,80120,20425.8188
1788554700000,0.2544,0.25776,0.25431,0.25753,142420,36409.0966
1788555000000,0.25753,0.2582,0.25261,0.25368,308100,78355.673
1788555300000,0.25368,0.25529,0.25279,0.25283,187210,47601.2639
1788555600000,0.25283,0.25337,0.25186,0.25286,137700,34762.5731
1788555900000,0.25286,0.25442,0.25276,0.25433,41950,10652.6474
1788556200000,0.25433,0.25541,0.25402,0.2546,54210,13809.7066
1788556500000,0.2546,0.25586,0.25418,0.25488,61580,15702.4342
1788556800000,0.25488,0.25586,0.25284,0.25352,53050,13492.2916
1788557100000,0.25352,0.25369,0.25096,0.25121,151230,38109.3142
1788557400000,0.25121,0.25212,0.25012,0.25048,197700,49580.0006
1788557700000,0.25048,0.2538,0.25022,0.25303,212020,53416.7008
1788558000000,0.25303,0.25371,0.25243,0.25288,54680,13836.6177
1788558300000,0.25288,0.25366,0.25193,0.25201,35960,9105.2913
1788558600000,0.25201,0.25218,0.24758,0.25109,387160,96477.2054
1788558900000,0.25109,0.25134,0.24701,0.24885,154410,38400.0889
1788559200000,0.24885,0.25038,0.24639,0.24906,348680,86347.2548
1788559500000,0.24906,0.24912,0.24579,0.24628,209250,51665.5803
1788559800000,0.24628,0.2486,0.24558,0.24828,409450,101271.0626
1788560100000,0.24828,0.25026,0.24816,0.24965,324180,80916.9147
1788560400000,0.24965,0.24984,0.2478,0.24891,157450,39165.1804
1788560700000,0.24891,0.25038,0.24816,0.24908,68480,17073.1631
1788561000000,0.24908,0.25537,0.24908,0.25372,569770,144272.5958
1788561300000,0.25372,0.25737,0.25329,0.25637,777010,198389.4459
1788561600000,0.25637,0.25655,0.25248,0.25262,113070,28788.1409
1788561900000,0.25262,0.25396,0.2508,0.25129,131440,33178.533
1788562200000,0.25129,0.25129,0.24739,0.24994,361620,89931.6204
1788562500000,0.24994,0.25092,0.24795,0.24852,96510,24064.409
1788562800000,0.24852,0.25139,0.24828,0.25092,93130,23322.4199
1788563100000,0.25092,0.25275,0.25024,0.25212,118090,29703.9471
1788563400000,0.25212,0.25411,0.25203,0.25325,228710,57921.0616
1788563700000,0.25325,0.25386,0.25136,0.25283,65950,16657.9477
1788564000000,0.25283,0.25401,0.25266,0.25349,42820,10849.2164
1788564300000,0.25349,0.25462,0.25349,0.25392,71820,18256.92
1788564600000,0.25392,0.2542,0.25227,0.25293,55040,13932.8986
1788564900000,0.25293,0.2541,0.25116,0.25342,353530,89323.7566
1788565200000,0.25342,0.25373,0.24686,0.24776,394900,98797.6084
1788565500000,0.24776,0.24908,0.24609,0.24843,302090,74900.2765
1788565800000,0.24843,0.25263,0.24789,0.24919,1359290,340745.1091
1788566100000,0.24919,0.25061,0.24777,0.24906,226200,56367.2373
1788566400000,0.24906,0.25037,0.24635,0.24718,192490,47778.203
1788566700000,0.24718,0.24739,0.24103,0.24375,786790,191425.9971
1788567000000,0.24375,0.24732,0.24315,0.24724,432620,105937.5671
1788567300000,0.24724,0.24752,0.2453,0.24531,144590,35664.9065
1788567600000,0.24531,0.24815,0.2452,0.24642,97730,24106.9733
1788567900000,0.24642,0.24875,0.24642,0.24836,126260,31271.4192
1788568200000,0.24836,0.24878,0.24225,0.24559,453350,111228.4578
1788568500000,0.24559,0.24598,0.24001,0.24104,437390,105914.3303
1788568800000,0.24104,0.24122,0.23288,0.234,1945980,459979.8602
1788569100000,0.234,0.23488,0.22152,0.22958,6249870,1417624.8178
1788569400000,0.22958,0.23817,0.22848,0.23536,2169710,506411.1271
1788569700000,0.23536,0.23844,0.23245,0.23342,1342030,315974.3695
1788570000000,0.23342,0.23479,0.23079,0.2335,693010,160980.6319
1788570300000,0.2335,0.23361,0.22555,0.22604,2208330,505124.8905
1788570600000,0.22604,0.22925,0.22442,0.2252,961290,218589.3974
1788570900000,0.2252,0.22737,0.22387,0.22727,628910,141724.5815
1788571200000,0.22727,0.2291,0.22476,0.22556,696010,157893.8574
1788571500000,0.22556,0.2285,0.22511,0.22647,564110,127923.0195
1788571800000,0.22647,0.23,0.22647,0.2274,1110140,254031.6373
1788572100000,0.2274,0.22956,0.22666,0.22956,346460,79126.6862
1788572400000,0.22956,0.23401,0.22864,0.2339,1078470,249125.5046
1788572700000,0.2339,0.23438,0.23109,0.23272,998990,232455.4741
1788573000000,0.23272,0.23495,0.23208,0.23403,691460,161424.9124
1788573300000,0.23403,0.23412,0.23011,0.2314,361900,83763.7259
1788573600000,0.2314,0.2338,0.23045,0.23109,283730,65725.1156
1788573900000,0.23109,0.23256,0.23064,0.23219,58180,13490.8775
1788574200000,0.23219,0.23238,0.23027,0.2304,219220,50610.7191
1788574500000,0.2304,0.23046,0.22724,0.2292,498540,114301.9618
1788574800000,0.2292,0.2294,0.22806,0.22926,108340,24801.2299
1788575100000,0.22926,0.22942,0.22315,0.22544,727350,163856.8306
1788575400000,0.22544,0.22578,0.21467,0.22384,3274670,718576.1736
1788575700000,0.22384,0.22796,0.22347,0.22704,1072010,242268.8829
1788576000000,0.22704,0.22949,0.22153,0.22201,795820,179543.2999
1788576300000,0.22201,0.22513,0.22201,0.22457,322610,72206.014
1788576600000,0.22457,0.2256,0.22374,0.2253,180500,40537.3046
1788576900000,0.2253,0.22644,0.22432,0.22622,171180,38566.1969
1788577200000,0.22622,0.22691,0.2232,0.224,243610,54767.1352
1788577500000,0.224,0.22517,0.22215,0.22502,247510,55323.1181
1788577800000,0.22502,0.22524,0.22316,0.22336,346630,77702.8167
1788578100000,0.22336,0.22805,0.22327,0.2276,417070,94348.8602
1788578400000,0.2276,0.23054,0.22579,0.22989,431860,98421.2233
1788578700000,0.22989,0.2331,0.2293,0.23244,991880,229756.323
1788579000000,0.23244,0.23495,0.23165,0.23219,830790,193824.2686
1788579300000,0.23219,0.2355,0.2319,0.23515,285650,66958.0619
1788579600000,0.23515,0.2357,0.23371,0.23472,541330,127062.0458
1788579900000,0.23472,0.23494,0.23356,0.23409,309730,72535.5178
1788580200000,0.23409,0.23423,0.2308,0.2311,433830,100741.3998
1788580500000,0.2311,0.23267,0.2308,0.2317,206700,47880.7382
1788580800000,0.2317,0.23187,0.22908,0.2292,212120,48807.8528
1788581100000,0.2292,0.23079,0.2275,0.2276,378560,86823.6439
1788581400000,0.2276,0.22823,0.225,0.2251,810140,183071.7253
1788581700000,0.2251,0.22642,0.22307,0.22374,617290,138820.1749
1788582000000,0.22374,0.22462,0.21485,0.21485,4011260,882485.6685
1788582300000,0.21485,0.2174,0.21424,0.21728,1168570,251906.7049
1788582600000,0.21728,0.22124,0.21728,0.21804,1062460,233184.25
1788582900000,0.21804,0.21827,0.215,0.217,524830,113502.019
1788583200000,0.217,0.21847,0.21672,0.21675,714860,155508.3283
1788583500000,0.21675,0.21952,0.2165,0.21917,406580,88650.0434
1788583800000,0.21917,0.22251,0.21898,0.22243,306780,67697.7014
1788584100000,0.22243,0.22417,0.22225,0.2233,277780,61999.932
1788584400000,0.2233,0.22432,0.22137,0.22306,414900,92443.7673
1788584700000,0.22306,0.22478,0.21867,0.22021,563750,124609.8143
1788585000000,0.22021,0.22119,0.21709,0.21816,794810,173723.7471
1788585300000,0.21816,0.22126,0.21815,0.22099,238550,52457.9605
1788585600000,0.22099,0.22144,0.22006,0.22115,174230,38443.4266
1788585900000,0.22115,0.22163,0.22018,0.2208,217630,48076.4316
1788586200000,0.2208,0.22155,0.21925,0.21949,242270,53321.3773
1788586500000,0.21949,0.22169,0.21935,0.22103,199170,43992.9444
1788586800000,0.22103,0.22259,0.21936,0.22225,332590,73533.7776
1788587100000,0.22225,0.22504,0.22185,0.22448,1161580,260063.1802
1788587400000,0.22448,0.22544,0.2238,0.22416,319070,71731.3646
1788587700000,0.22416,0.22648,0.22359,0.22462,454350,102222.247
1788588000000,0.22462,0.22629,0.22388,0.22596,225510,50777.0185
1788588300000,0.22596,0.22763,0.22551,0.2276,455480,103226.5485
1788588600000,0.2276,0.23044,0.22687,0.23003,1106340,253438.9645
1788588900000,0.23003,0.2384,0.22954,0.23818,1651830,388621.7707
1788589200000,0.23818,0.2395,0.2353,0.2381,1018570,242363.9032
1788589500000,0.2381,0.23858,0.23613,0.23767,408190,96966.923
1788589800000,0.23767,0.238,0.23366,0.23696,529200,124824.523
1788590100000,0.23696,0.2391,0.2359,0.23886,285320,67842.0852
1788590400000,0.23886,0.23997,0.2384,0.23911,361510,86471.3754
1788590700000,0.23911,0.23916,0.2358,0.23836,676100,160619.8492
1788591000000,0.23836,0.23976,0.2379,0.23965,151030,36099.9713
1788591300000,0.23965,0.23997,0.23871,0.23924,218540,52316.0864
1788591600000,0.23924,0.23996,0.23734,0.23925,344510,82198.3937
1788591900000,0.23925,0.24232,0.2389,0.23992,1105640,266138.7341
1788592200000,0.23992,0.24331,0.2392,0.24305,333550,80573.1485
1788592500000,0.24305,0.24418,0.23972,0.24379,1030160,249286.6522
1788592800000,0.24379,0.245,0.24205,0.24273,486900,118755.7825
1788593100000,0.24273,0.2452,0.2423,0.24406,304520,74257.7484
1788593400000,0.24406,0.24582,0.24228,0.2437,534170,130539.9666
1788593700000,0.2437,0.24879,0.24315,0.24647,1199150,295500.0371
1788594000000,0.24647,0.24694,0.24399,0.24694,368150,90431.482
1788594300000,0.24694,0.24733,0.24496,0.2461,403860,99498.2135
1788594600000,0.2461,0.24633,0.24215,0.2433,449320,109608.9027
1788594900000,0.2433,0.2436,0.2406,0.24089,289500,70103.5531
1788595200000,0.24089,0.2417,0.23794,0.24089,540650,129627.1977
1788595500000,0.24089,0.2447,0.24061,0.24409,318820,77298.6269
1788595800000,0.24409,0.24474,0.24336,0.24363,140580,34316.9161
1788596100000,0.24363,0.24664,0.24363,0.24614,263500,64633.059
1788596400000,0.24614,0.24667,0.24266,0.24566,643010,156912.4606
1788596700000,0.24566,0.2465,0.24476,0.24624,278250,68373.3709
1788597000000,0.24624,0.24702,0.24523,0.24523,253970,62591.1484
1788597300000,0.24523,0.24909,0.24523,0.24878,441260,109468.957
1788597600000,0.24878,0.24981,0.24559,0.24657,1141620,283323.2676
1788597900000,0.24657,0.2499,0.24643,0.24958,427500,106430.9766
1788598200000,0.24958,0.25118,0.24761,0.2496,966980,241234.0118
1788598500000,0.2496,0.25442,0.24888,0.25347,918940,231461.7683
1788598800000,0.25347,0.2601,0.25256,0.25719,1692590,436023.8415
1788599100000,0.25719,0.26064,0.25644,0.25838,1310280,339534.3275
1788599400000,0.25838,0.25922,0.2564,0.25825,338390,87223.5771
1788599700000,0.25825,0.2584,0.254,0.25679,437900,112330.0223
1788600000000,0.25679,0.25679,0.25343,0.2562,347300,88598.9752
1788600300000,0.2562,0.25663,0.25565,0.25634,108670,27844.5267
1788600600000,0.25634,0.2582,0.254,0.25494,609330,156151.4748
1788600900000,0.25494,0.25601,0.25343,0.25504,282390,71916.5136
1788601200000,0.25504,0.25598,0.2534,0.2541,265840,67722.5947
1788601500000,0.2541,0.25588,0.2534,0.2536,627270,159788.8533
1788601800000,0.2536,0.25406,0.25331,0.2536,156610,39707.1426
1788602100000,0.2536,0.25366,0.25158,0.25192,203080,51259.3963
1788602400000,0.25192,0.25252,0.25121,0.25203,178820,45054.5517
1788602700000,0.25203,0.25476,0.25089,0.25439,284130,71840.285
1788603000000,0.25439,0.25504,0.25258,0.25291,183500,46647.2898
1788603300000,0.25291,0.25646,0.25236,0.25564,383300,97789.7456
1788603600000,0.25564,0.25643,0.25382,0.25401,164350,41944.1864
1788603900000,0.25401,0.25407,0.25291,0.25336,86300,21875.458
1788604200000,0.25336,0.25564,0.25336,0.25415,128930,32832.2855
1788604500000,0.25415,0.25425,0.25119,0.25146,297500,75081.76
1788604800000,0.25146,0.25146,0.24686,0.24718,595610,148144.333
1788605100000,0.24718,0.24941,0.24681,0.2489,354100,87785.0937
1788605400000,0.2489,0.25376,0.24888,0.25298,577800,145526.6929
1788605700000,0.25298,0.25329,0.25206,0.25227,83060,20990.2972
1788606000000,0.25227,0.25227,0.24764,0.25082,492580,123026.2171
1788606300000,0.25082,0.25115,0.24952,0.25056,112840,28223.8719
1788606600000,0.25056,0.25182,0.24968,0.25141,226880,56932.2522
1788606900000,0.25141,0.25141,0.24402,0.24753,746800,184084.5047
1788607200000,0.24753,0.24816,0.246,0.24604,128280,31730.3326
1788607500000,0.24604,0.2494,0.24588,0.24939,132750,32912.0831
1788607800000,0.24939,0.24941,0.24725,0.24808,87480,21725.247
1788608100000,0.24808,0.24885,0.2474,0.24769,76020,18850.745
1788608400000,0.24769,0.2484,0.24758,0.24759,67760,16791.1627
1788608700000,0.24759,0.24941,0.24753,0.2491,103530,25697.4496
1788609000000,0.2491,0.2501,0.24781,0.24821,148120,36883.8936
1788609300000,0.24821,0.25116,0.24803,0.25075,399490,100055.2307
1788609600000,0.25075,0.25201,0.25066,0.2515,156040,39213.6708
1788609900000,0.2515,0.25436,0.25102,0.25241,395290,99999.577
1788610200000,0.25241,0.25378,0.25209,0.25224,180500,45633.6506
1788610500000,0.25224,0.25352,0.25212,0.25327,178720,45172.8817
1788610800000,0.25327,0.25443,0.25296,0.25328,260720,66128.3291
1788611100000,0.25328,0.25368,0.25162,0.25195,215540,54452.2188
1788611400000,0.25195,0.25201,0.2496,0.25024,280170,70241.8628
1788611700000,0.25024,0.25318,0.24994,0.25054,393180,98818.5499
1788612000000,0.25054,0.2508,0.24992,0.2508,23280,5825.5969
1788612300000,0.2508,0.25138,0.24639,0.24646,726150,180527.0718
1788612600000,0.24646,0.24809,0.24521,0.24749,169320,41664.5962
1788612900000,0.24749,0.24884,0.24698,0.24819,100970,25045.8991
1788613200000,0.24819,0.24862,0.24767,0.24828,55700,13823.6712
1788613500000,0.24828,0.24828,0.2455,0.24758,150040,37027.4471
1788613800000,0.24758,0.25128,0.24696,0.25092,423650,105519.7334
1788614100000,0.25092,0.25192,0.24954,0.25066,328520,82536.591
1788614400000,0.25066,0.25066,0.24942,0.24979,58610,14656.3781
1788614700000,0.24979,0.25092,0.24961,0.25088,41800,10466.7501
1788615000000,0.25088,0.25118,0.24983,0.25006,80080,20082.0712
1788615300000,0.25006,0.25293,0.25006,0.25176,193990,48864.8544
1788615600000,0.25176,0.25449,0.25175,0.25436,459360,116226.5814
1788615900000,0.25436,0.2568,0.25338,0.25587,574840,146765.7475
1788616200000,0.25587,0.26021,0.25472,0.2594,746140,192799.2833
1788616500000,0.2594,0.26003,0.25536,0.25896,584350,150695.6901
1788616800000,0.25896,0.25926,0.2551,0.25765,246470,63402.2625
1788617100000,0.25765,0.25907,0.2568,0.25856,152130,39263.7047
1788617400000,0.25856,0.26349,0.25856,0.26229,665590,173767.2387
1788617700000,0.26229,0.2644,0.26005,0.26354,476950,125143.1174
1788618000000,0.26354,0.26423,0.26079,0.263,350800,92139.442
1788618300000,0.263,0.26617,0.26125,0.264,938130,247675.9158
1788618600000,0.264,0.26757,0.26208,0.26643,404180,106769.5097
1788618900000,0.26643,0.26697,0.2634,0.26628,592710,157341.2204
1788619200000,0.26628,0.26825,0.26412,0.26754,621200,165456.5642
1788619500000,0.26754,0.27118,0.26669,0.27,498440,134294.2399
1788619800000,0.27,0.27065,0.26725,0.26815,390500,105025.3606
1788620100000,0.26815,0.27054,0.26729,0.26729,420940,113072.5816
1788620400000,0.26729,0.27072,0.26714,0.2699,383640,103218.1114
1788620700000,0.2699,0.273,0.2695,0.27132,446160,121136.562
1788621000000,0.27132,0.27245,0.27048,0.27097,177970,48320.581
1788621300000,0.27097,0.27663,0.2691,0.2691,1549360,423962.6535
1788621600000,0.2691,0.27075,0.26724,0.26997,421040,113126.2131
1788621900000,0.26997,0.27085,0.26919,0.27019,247240,66761.4264
1788622200000,0.27019,0.27294,0.26906,0.27117,338590,91708.3224
1788622500000,0.27117,0.27264,0.27072,0.27102,197220,53556.4025
1788622800000,0.27102,0.2715,0.26697,0.26866,611830,164843.032
1788623100000,0.26866,0.27152,0.26713,0.27098,224970,60614.558
1788623400000,0.27098,0.27177,0.26947,0.27148,274950,74450.6161
1788623700000,0.27148,0.27236,0.26559,0.26677,565120,151689.8351
1788624000000,0.26677,0.26721,0.26562,0.26616,246180,65556.4517
1788624300000,0.26616,0.2676,0.26445,0.26459,254360,67546.7606
1788624600000,0.26459,0.26647,0.26407,0.26599,300950,79769.4204
1788624900000,0.26599,0.26858,0.26599,0.26775,386190,103423.1289
1788625200000,0.26775,0.27112,0.26744,0.27026,403970,108905.6984
1788625500000,0.27026,0.27072,0.26678,0.26922,694120,186821.7912
1788625800000,0.26922,0.27005,0.26528,0.26574,262380,70301.747
1788626100000,0.26574,0.26655,0.26184,0.26548,777580,205504.4715
1788626400000,0.26548,0.26548,0.25727,0.25972,1463020,380727.3458
1788626700000,0.25972,0.26062,0.25873,0.26018,415400,107878.5935
1788627000000,0.26018,0.26279,0.26007,0.26084,313930,82010.8343
1788627300000,0.26084,0.26111,0.25865,0.2606,272730,70818.6337
1788627600000,0.2606,0.26458,0.26054,0.26429,574380,150777.3275
1788627900000,0.26429,0.26676,0.26388,0.26552,248840,66034.4036
1788628200000,0.26552,0.2668,0.26364,0.26442,264100,69980.8706
1788628500000,0.26442,0.26457,0.26212,0.26367,176460,46451.6852
1788628800000,0.26367,0.26793,0.26341,0.26649,288820,76718.274
1788629100000,0.26649,0.26665,0.26403,0.26489,162780,43186.672
1788629400000,0.26489,0.26706,0.26448,0.26645,122400,32569.1543
1788629700000,0.26645,0.26655,0.26392,0.26437,96100,25528.637
1788630000000,0.26437,0.26853,0.26395,0.26816,259890,69209.9676
1788630300000,0.26816,0.27014,0.26708,0.26954,206700,55470.402
1788630600000,0.26954,0.2745,0.26754,0.27289,768650,208544.099
1788630900000,0.27289,0.28148,0.27288,0.2784,1457880,405665.6045
1788631200000,0.2784,0.28243,0.27216,0.27548,2324870,645298.1851
1788631500000,0.27548,0.27657,0.27144,0.27516,973790,266821.0293
1788631800000,0.27516,0.276,0.27457,0.27501,132100,36372.2324
1788632100000,0.27501,0.27507,0.27055,0.27297,301980,82262.5908
1788632400000,0.27297,0.27314,0.26501,0.26774,1033670,276308.0455
1788632700000,0.26774,0.26841,0.26607,0.26643,200000,53478.2453
1788633000000,0.26643,0.26936,0.26577,0.26778,201590,53917.0984
1788633300000,0.26778,0.26999,0.26713,0.26923,183830,49448.3845
1788633600000,0.26923,0.26951,0.26712,0.26859,154600,41495.2811
1788633900000,0.26859,0.26908,0.26441,0.26551,462710,122930.4003
1788634200000,0.26551,0.26627,0.26423,0.26482,112260,29795.3929
1788634500000,0.26482,0.26786,0.2642,0.2662,278810,74278.9904
1788634800000,0.2662,0.26862,0.26432,0.26838,398210,105864.4458
1788635100000,0.26838,0.26856,0.26618,0.26772,118830,31760.3509
1788635400000,0.26772,0.26772,0.26629,0.26663,45550,12150.6008
1788635700000,0.26663,0.26686,0.26574,0.26615,65600,17467.2062
1788636000000,0.26615,0.26688,0.2634,0.26548,156340,41438.1568
1788636300000,0.26548,0.26692,0.26496,0.26639,124040,33003.8489
1788636600000,0.26639,0.2671,0.26464,0.26472,367350,97553.6691
1788636900000,0.26472,0.26516,0.25774,0.25838,1255250,326579.7957
1788637200000,0.25838,0.25972,0.25232,0.25435,2415050,616159.5469
1788637500000,0.25435,0.25511,0.25069,0.25332,851060,214597.4107
1788637800000,0.25332,0.25373,0.24697,0.25356,2211710,552400.6916
1788638100000,0.25356,0.25645,0.25356,0.25591,305870,78020.1765
1788638400000,0.25591,0.25802,0.25579,0.25611,249540,64106.9357
1788638700000,0.25611,0.25801,0.25463,0.2575,205350,52588.5777
1788639000000,0.2575,0.26034,0.25691,0.25919,211530,54779.0985
1788639300000,0.25919,0.25919,0.25811,0.25839,114190,29532.1604
1788639600000,0.25839,0.25956,0.25813,0.25843,107900,27922.7532
1788639900000,0.25843,0.25879,0.25784,0.25822,70290,18160.9959
1788640200000,0.25822,0.25873,0.25788,0.25828,73220,18913.142
1788640500000,0.25828,0.26043,0.25792,0.25995,282650,73373.8331
1788640800000,0.25995,0.26085,0.25883,0.26025,228280,59250.743
1788641100000,0.26025,0.26165,0.25974,0.26056,83080,21676.0024
1788641400000,0.26056,0.261,0.25835,0.25866,68520,17796.8092
1788641700000,0.25866,0.25871,0.25684,0.25685,80450,20742.6167
1788642000000,0.25685,0.25709,0.25184,0.25185,427440,108424.6726
1788642300000,0.25185,0.25382,0.25111,0.25337,146380,36921.4682
1788642600000,0.25337,0.25397,0.24883,0.24962,331200,82976.9534
1788642900000,0.24962,0.25107,0.24939,0.25039,195390,48927.5338
1788643200000,0.25039,0.2543,0.25036,0.25335,259020,65358.64
1788643500000,0.25335,0.25396,0.25011,0.25071,124210,31294.7277
1788643800000,0.25071,0.25313,0.25028,0.25289,142220,35776.4073
1788644100000,0.25289,0.25776,0.25241,0.25734,365440,93166.7325
1788644400000,0.25734,0.25819,0.25548,0.25777,299920,77062.7718
1788644700000,0.25777,0.2586,0.25732,0.25773,116780,30120.4691
1788645000000,0.25773,0.26063,0.25738,0.26045,170310,44117.1651
1788645300000,0.26045,0.26118,0.25758,0.25828,132940,34525.7925
1788645600000,0.25828,0.25886,0.2581,0.25844,76640,19811.1138
1788645900000,0.25844,0.25876,0.25703,0.25771,102310,26391.5535
1788646200000,0.25771,0.26053,0.25659,0.25701,187090,48397.9158
1788646500000,0.25701,0.25703,0.25406,0.25415,270960,69209.7084
1788646800000,0.25415,0.25483,0.25294,0.25341,69230,17565.9554
1788647100000,0.25341,0.25341,0.25096,0.25184,126210,31770.204
1788647400000,0.25184,0.2544,0.25184,0.25301,103540,26204.5507
1788647700000,0.25301,0.25436,0.25213,0.25303,292250,73959.4313
1788648000000,0.25303,0.25372,0.25236,0.25372,45670,11552.7208
1788648300000,0.25372,0.25396,0.25119,0.25133,94790,23947.9035
1788648600000,0.25133,0.25263,0.25057,0.251,140370,35249.2649
1788648900000,0.251,0.25435,0.25085,0.25401,120740,30519.5836
1788649200000,0.25401,0.25404,0.25085,0.25228,139310,35141.4183
1788649500000,0.25228,0.25365,0.25228,0.25299,77430,19575.2093
1788649800000,0.25299,0.25346,0.25275,0.25315,28520,7216.7121
1788650100000,0.25315,0.25371,0.25204,0.25256,82920,20955.8001
1788650400000,0.25256,0.25478,0.25256,0.25339,166960,42338.0678
1788650700000,0.25339,0.25533,0.25317,0.25341,84330,21454.1756
1788651000000,0.25341,0.25421,0.25319,0.25392,11560,2932.3293
1788651300000,0.25392,0.25528,0.25392,0.25505,65640,16726.7673
1788651600000,0.25505,0.25507,0.25194,0.25254,107990,27353.1219
1788651900000,0.25254,0.254,0.2523,0.2535,42710,10824.3422
1788652200000,0.2535,0.25541,0.25276,0.25531,125150,31807.6461
1788652500000,0.25531,0.2563,0.25504,0.25531,108680,27780.5276
1788652800000,0.25531,0.25608,0.25244,0.25274,143730,36578.5631
1788653100000,0.25274,0.25313,0.25241,0.25311,97420,24632.4546
1788653400000,0.25311,0.25375,0.25007,0.25052,275050,69096.9039
1788653700000,0.25052,0.25057,0.24658,0.24928,328590,81684.4892
1788654000000,0.24928,0.24972,0.24193,0.2468,1908250,468546.458
1788654300000,0.2468,0.24997,0.24352,0.24509,620280,153113.328
1788654600000,0.24509,0.247,0.24473,0.24559,237850,58482.7847
1788654900000,0.24559,0.24814,0.24556,0.2475,199130,49196.4004
1788655200000,0.2475,0.2483,0.24736,0.24781,57660,14296.1635
1788655500000,0.24781,0.24857,0.24631,0.24669,136650,33779.2368
1788655800000,0.24669,0.24893,0.24659,0.2472,95130,23570.3222
1788656100000,0.2472,0.24997,0.24706,0.24771,179570,44639.218
1788656400000,0.24771,0.25025,0.24705,0.24803,321280,80021.2146
1788656700000,0.24803,0.2506,0.24722,0.24897,873650,217675.1046
1788657000000,0.24897,0.24919,0.24618,0.24757,466840,115582.7273
1788657300000,0.24757,0.24776,0.24501,0.2456,357270,88092.2889
1788657600000,0.2456,0.24603,0.24457,0.24547,274060,67275.5062
1788657900000,0.24547,0.24683,0.24538,0.24655,216790,53338.0325
1788658200000,0.24655,0.2471,0.2393,0.24296,1585310,384588.4473
1788658500000,0.24296,0.24519,0.24264,0.24444,386770,94487.5832
1788658800000,0.24444,0.24507,0.24346,0.24393,188050,45920.4978
1788659100000,0.24393,0.24454,0.24295,0.24391,164490,40111.2304
1788659400000,0.24391,0.24484,0.24228,0.2424,75910,18520.0857
1788659700000,0.2424,0.24289,0.24119,0.24122,155150,37529.0976
1788660000000,0.24122,0.24328,0.24075,0.24268,178420,43160.6579
1788660300000,0.24268,0.24307,0.23621,0.23929,1216130,291027.8619
1788660600000,0.23929,0.23968,0.23705,0.23957,335990,80166.2264
1788660900000,0.23957,0.24086,0.23704,0.23709,442060,105645.7065
1788661200000,0.23709,0.24251,0.23691,0.24138,281570,67337.9287
1788661500000,0.24138,0.2431,0.2387,0.23974,227580,54866.3
1788661800000,0.23974,0.24108,0.23856,0.24057,88980,21302.9343
1788662100000,0.24057,0.24204,0.24016,0.24073,165520,39952.1009
1788662400000,0.24073,0.24106,0.2401,0.24083,93220,22433.9399
1788662700000,0.24083,0.24317,0.23971,0.24203,386330,93298.7226
1788663000000,0.24203,0.24348,0.24008,0.24026,158530,38448.203
1788663300000,0.24026,0.24127,0.23973,0.24121,67250,16168.9783
1788663600000,0.24121,0.24229,0.23667,0.23722,206450,49348.9871
1788663900000,0.23722,0.23903,0.23688,0.23739,119110,28334.5366
1788664200000,0.23739,0.23798,0.23669,0.2376,188360,44703.2622
1788664500000,0.2376,0.24053,0.23745,0.23966,351580,83888.9026
1788664800000,0.23966,0.23966,0.23533,0.23602,174610,41389.2645
1788665100000,0.23602,0.23702,0.2346,0.23487,274560,64674.4003
1788665400000,0.23487,0.2376,0.23487,0.23703,116050,27420.5778
1788665700000,0.23703,0.2376,0.236,0.23735,90350,21418.9853
1788666000000,0.23735,0.23946,0.23725,0.23823,253010,60409.2126
1788666300000,0.23823,0.23881,0.23772,0.23843,70210,16729.6096
1788666600000,0.23843,0.23966,0.23777,0.23883,241390,57681.3361
1788666900000,0.23883,0.24012,0.2382,0.23992,66550,15940.1964
1788667200000,0.23992,0.24042,0.23957,0.23995,49370,11843.3708
1788667500000,0.23995,0.24011,0.2391,0.23913,39330,9417.5173
1788667800000,0.23913,0.24058,0.239,0.23954,127440,30522.4748
1788668100000,0.23954,0.24081,0.2391,0.23918,188570,45268.2316
1788668400000,0.23918,0.23929,0.23807,0.23922,77270,18440.1368
1788668700000,0.23922,0.24,0.23922,0.24,31960,7659.8083
1788669000000,0.24,0.24185,0.23973,0.24161,348030,83914.2765
1788669300000,0.24161,0.24508,0.24096,0.24233,460280,111967.8017
1788669600000,0.24233,0.24516,0.24184,0.24513,241190,58766.4962
1788669900000,0.24513,0.24514,0.2411,0.2422,301430,73156.2556
1788670200000,0.2422,0.24643,0.24106,0.24468,502610,122713.4138
1788670500000,0.24468,0.24987,0.24352,0.24944,415910,102582.1825
1788670800000,0.24944,0.25072,0.2477,0.25035,273340,68210.1849
1788671100000,0.25035,0.25244,0.2496,0.25202,254920,63966.567
1788671400000,0.25202,0.25465,0.24982,0.25293,917540,231452.9446
1788671700000,0.25293,0.25493,0.25044,0.25224,391600,99052.7364
1788672000000,0.25224,0.25453,0.25081,0.25453,162380,40981.4891
1788672300000,0.25453,0.25509,0.25209,0.25291,120500,30538.9466
1788672600000,0.25291,0.25561,0.25203,0.25296,305970,77710.6094
1788672900000,0.25296,0.2543,0.25156,0.25422,122730,31011.5798
1788673200000,0.25422,0.25568,0.25296,0.25324,388220,98840.2983
1788673500000,0.25324,0.25337,0.24552,0.2468,1096430,272552.0297
1788673800000,0.2468,0.25022,0.24564,0.24753,541650,134568.6055
1788674100000,0.24753,0.24855,0.24635,0.24746,377830,93578.0185
1788674400000,0.24746,0.24746,0.24434,0.24474,191800,47061.2184
1788674700000,0.24474,0.24796,0.24474,0.24628,89820,22170.6423
1788675000000,0.24628,0.24642,0.24447,0.24557,205460,50412.7387
1788675300000,0.24557,0.24632,0.24429,0.24465,170600,41807.0693
1788675600000,0.24465,0.24537,0.24153,0.24413,587820,143006.9131
1788675900000,0.24413,0.24606,0.24402,0.24504,117510,28811.1972
1788676200000,0.24504,0.24564,0.2436,0.24448,173900,42516.9811
1788676500000,0.24448,0.24545,0.24118,0.24134,314210,76238.744
1788676800000,0.24134,0.24159,0.23741,0.24093,1677710,402046.3233
1788677100000,0.24093,0.24241,0.24022,0.24192,328440,79137.6291
1788677400000,0.24192,0.24333,0.24093,0.24317,153890,37305.1843
1788677700000,0.24317,0.24351,0.24144,0.24168,57170,13851.2851
1788678000000,0.24168,0.24192,0.23916,0.2394,167280,40261.2714
1788678300000,0.2394,0.23993,0.23671,0.23793,614260,146264.6478
1788678600000,0.23793,0.238,0.23055,0.23168,4139330,967123.7803
1788678900000,0.23168,0.23373,0.22533,0.22719,1527630,349723.9259
1788679200000,0.22719,0.22818,0.22191,0.22581,1903830,427752.452
1788679500000,0.22581,0.22694,0.22406,0.22538,770130,173587.1285
1788679800000,0.22538,0.22659,0.22075,0.22405,868060,194106.5721
1788680100000,0.22405,0.22694,0.22356,0.22607,432800,97725.3755
1788680400000,0.22607,0.23368,0.22607,0.22983,725370,166838.6816
1788680700000,0.22983,0.22996,0.22727,0.22848,453310,103499.2844
1788681000000,0.22848,0.22972,0.2276,0.22798,449640,102826.6568
1788681300000,0.22798,0.2283,0.22653,0.22781,264180,60094.6095
1788681600000,0.22781,0.2289,0.22605,0.2262,227070,51708.5559
1788681900000,0.2262,0.22784,0.224,0.2268,386290,87271.4452
1788682200000,0.2268,0.22711,0.22427,0.22516,229190,51596.3799
1788682500000,0.22516,0.22807,0.22493,0.2279,220060,49826.8626
1788682800000,0.2279,0.22866,0.22717,0.22817,145540,33170.873
1788683100000,0.22817,0.22968,0.22653,0.22666,414550,94473.0439
1788683400000,0.22666,0.2304,0.22593,0.22943,290290,66284.714
1788683700000,0.22943,0.23066,0.22889,0.22967,278470,64026.9299
1788684000000,0.22967,0.23042,0.22874,0.2298,173620,39879.7256
1788684300000,0.2298,0.23025,0.2281,0.23007,126200,28926.6446
1788684600000,0.23007,0.23259,0.22971,0.23246,239480,55385.3706
1788684900000,0.23246,0.23386,0.23181,0.23359,309300,72007.9536
1788685200000,0.23359,0.23555,0.23273,0.23482,401150,93940.8729
1788685500000,0.23482,0.23484,0.2308,0.23152,391410,90910.7775
1788685800000,0.23152,0.23305,0.23025,0.23282,213890,49475.226
1788686100000,0.23282,0.23324,0.23073,0.23145,82190,19093.3465
1788686400000,0.23145,0.23687,0.2306,0.23513,626020,146151.3783
1788686700000,0.23513,0.23624,0.23337,0.23443,218970,51398.6751
1788687000000,0.23443,0.23793,0.23337,0.23602,396830,93619.2586
1788687300000,0.23602,0.2361,0.23408,0.23444,277150,65266.7016
1788687600000,0.23444,0.2372,0.23375,0.23679,471560,110831.7874
1788687900000,0.23679,0.23679,0.22823,0.23042,3293570,761334.7363
1788688200000,0.23042,0.23048,0.22805,0.22983,259410,59594.8529
1788688500000,0.22983,0.23087,0.22694,0.22896,406120,93044.5385
1788688800000,0.22896,0.23082,0.22883,0.2298,326950,75193.4827
1788689100000,0.2298,0.23026,0.22896,0.22957,145500,33438.8011
1788689400000,0.22957,0.23,0.22928,0.22928,101900,23402.284
1788689700000,0.22928,0.23152,0.22859,0.23055,258550,59485.3747
1788690000000,0.23055,0.2317,0.2286,0.22981,284610,65524.9473
1788690300000,0.22981,0.2308,0.22826,0.22972,192230,44171.6255
1788690600000,0.22972,0.2309,0.22905,0.22993,330510,76027.3143
1788690900000,0.22993,0.22993,0.22426,0.22653,1909980,431146.5242
1788691200000,0.22653,0.22692,0.22493,0.22683,147290,33288.6231
1788691500000,0.22683,0.22804,0.22673,0.22798,78640,17874.1255
1788691800000,0.22798,0.22871,0.22547,0.22646,208410,47290.8582
1788692100000,0.22646,0.22907,0.22511,0.22645,236340,53686.0139
1788692400000,0.22645,0.22847,0.22273,0.2282,373360,84056.9702
1788692700000,0.2282,0.22898,0.2267,0.22827,116940,26661.7321
1788693000000,0.22827,0.22853,0.22745,0.22843,70260,16025.2688
1788693300000,0.22843,0.22999,0.22824,0.22989,69190,15853.0205
1788693600000,0.22989,0.23119,0.22904,0.23059,345200,79506.5774
1788693900000,0.23059,0.23241,0.22896,0.23217,289140,66841.7875
1788694200000,0.23217,0.23304,0.23189,0.23243,48940,11383.8863
1788694500000,0.23243,0.23303,0.23195,0.23295,64300,14961.0454
1788694800000,0.23295,0.23616,0.23227,0.23323,466350,109115.9636
1788695100000,0.23323,0.23589,0.23292,0.23508,115800,27106.4216
1788695400000,0.23508,0.2353,0.23154,0.23293,294010,68527.4815
1788695700000,0.23293,0.23341,0.23184,0.23255,65520,15235.4139
1788696000000,0.23255,0.23338,0.23157,0.23178,140060,32566.1612
1788696300000,0.23178,0.23222,0.22865,0.23184,245110,56447.0653
1788696600000,0.23184,0.23455,0.23144,0.23447,104750,24431.6872
1788696900000,0.23447,0.23568,0.23417,0.23436,82550,19390.6142
1788697200000,0.23436,0.23522,0.2334,0.23481,87660,20534.188
1788697500000,0.23481,0.23529,0.23245,0.23508,361860,84570.5958
1788697800000,0.23508,0.23535,0.23278,0.23318,60070,14043.0033
1788698100000,0.23318,0.2341,0.23214,0.23387,195140,45456.0738
1788698400000,0.23387,0.2346,0.23288,0.23353,264590,61858.6238
1788698700000,0.23353,0.23465,0.23292,0.23455,72370,16912.0777
1788699000000,0.23455,0.23484,0.23355,0.23368,59190,13858.1745
1788699300000,0.23368,0.23404,0.23265,0.23328,135920,31733.7502
1788699600000,0.23328,0.23344,0.23153,0.23314,176670,41071.3129
1788699900000,0.23314,0.23333,0.22955,0.23056,160750,37120.4357
1788700200000,0.23056,0.2307,0.22701,0.22723,179240,41038.4186
1788700500000,0.22723,0.22772,0.22569,0.22736,221790,50354.2976
1788700800000,0.22736,0.22872,0.22378,0.22631,685630,154573.6043
1788701100000,0.22631,0.22643,0.22261,0.22597,382240,85846.3762
1788701400000,0.22597,0.22643,0.22333,0.22407,299160,67479.4116
1788701700000,0.22407,0.22833,0.22405,0.22743,202940,45872.0529
1788702000000,0.22743,0.22846,0.22428,0.22466,251300,57042.8711
1788702300000,0.22466,0.22498,0.22128,0.22301,322230,71754.7447
1788702600000,0.22301,0.22317,0.21918,0.22144,948080,209064.5273
1788702900000,0.22144,0.22252,0.22052,0.22236,127410,28226.1502
1788703200000,0.22236,0.22726,0.22228,0.22588,257110,57733.8571
1788703500000,0.22588,0.22717,0.2256,0.22615,168200,38102.4431
1788703800000,0.22615,0.22754,0.22502,0.22633,163050,36893.4896
1788704100000,0.22633,0.22652,0.22448,0.22547,139200,31387.4452
1788704400000,0.22547,0.22596,0.22438,0.22513,286280,64460.3226
1788704700000,0.22513,0.22537,0.22213,0.22331,803480,179688.5767
1788705000000,0.22331,0.22474,0.21972,0.22191,725920,161422.3142
1788705300000,0.22191,0.22392,0.21979,0.2207,526140,116745.7618
1788705600000,0.2207,0.22412,0.21981,0.22245,517620,114812.8938
1788705900000,0.22245,0.22585,0.22056,0.22531,1243940,277353.3511
1788706200000,0.22531,0.22664,0.22118,0.22267,532030,119278.5125
1788706500000,0.22267,0.22356,0.21824,0.22156,509240,112198.6206
1788706800000,0.22156,0.22156,0.21673,0.21846,614480,134132.3634
1788707100000,0.21846,0.22013,0.21766,0.21927,270390,59202.6845
1788707400000,0.21927,0.22048,0.21781,0.21852,330650,72435.1562
1788707700000,0.21852,0.226,0.21752,0.2242,666470,148195.5129
1788708000000,0.2242,0.22557,0.22309,0.22395,245280,55021.795
1788708300000,0.22395,0.2269,0.22369,0.2263,189990,42865.3295
1788708600000,0.2263,0.22653,0.2251,0.22572,219620,49615.3327
1788708900000,0.22572,0.2261,0.22337,0.22397,254680,57316.1614
1788709200000,0.22397,0.2247,0.22161,0.22432,172690,38533.0151
1788709500000,0.22432,0.22475,0.22248,0.2226,122720,27469.6587
1788709800000,0.2226,0.22397,0.22,0.22085,228430,50674.5486
1788710100000,0.22085,0.222,0.2181,0.2188,340250,74818.0396
1788710400000,0.2188,0.22015,0.2157,0.21601,337670,73573.9553
1788710700000,0.21601,0.22095,0.2138,0.21965,1820800,394844.9606
1788711000000,0.21965,0.22788,0.21935,0.2249,1562520,350150.979
1788711300000,0.2249,0.22504,0.22103,0.22351,410610,91387.3586
1788711600000,0.22351,0.22433,0.22005,0.22045,226400,50292.9484
1788711900000,0.22045,0.22212,0.21977,0.22044,215150,47494.1755
1788712200000,0.22044,0.22083,0.21943,0.22001,130930,28834.9595
1788712500000,0.22001,0.22192,0.21747,0.21784,307500,67576.4987
1788712800000,0.21784,0.22085,0.21771,0.22055,364690,79721.7769
1788713100000,0.22055,0.22162,0.21832,0.21913,193240,42512.9614
1788713400000,0.21913,0.21994,0.21693,0.21889,282180,61654.1896
1788713700000,0.21889,0.21942,0.21651,0.21723,257540,56113.8348
1788714000000,0.21723,0.21858,0.21572,0.21584,155630,33746.8205
1788714300000,0.21584,0.21658,0.21379,0.21396,261080,56154.8194
1788714600000,0.21396,0.21437,0.21031,0.21241,1875600,397097.6769
1788714900000,0.21241,0.2156,0.21184,0.21537,213440,45548.5832
1788715200000,0.21537,0.21823,0.21515,0.21799,246470,53424.3748
1788715500000,0.21799,0.21943,0.21705,0.21837,203860,44452.1622
1788715800000,0.21837,0.21899,0.2173,0.21794,179940,39236.3754
1788716100000,0.21794,0.21875,0.21597,0.21768,134770,29304.4361
1788716400000,0.21768,0.2188,0.21768,0.21858,118300,25827.5015
1788716700000,0.21858,0.21952,0.21711,0.21855,104220,22733.833
1788717000000,0.21855,0.21958,0.21797,0.21838,123760,27082.8669
1788717300000,0.21838,0.22104,0.21717,0.21758,248240,54463.5429
1788717600000,0.21758,0.21795,0.2155,0.21629,109170,23684.8521
1788717900000,0.21629,0.21849,0.2159,0.21798,88870,19293.4414
1788718200000,0.21798,0.22088,0.21776,0.21948,165550,36358.3492
1788718500000,0.21948,0.22141,0.21913,0.22094,94940,20961.6258
1788718800000,0.22094,0.22359,0.22038,0.22107,275680,61141.3544
1788719100000,0.22107,0.22303,0.22105,0.2219,180810,40175.7162
1788719400000,0.2219,0.22266,0.2206,0.22139,233980,51832.0774
1788719700000,0.22139,0.22489,0.22067,0.22425,252970,56355.6347
1788720000000,0.22425,0.22447,0.22277,0.22331,83930,18766.8579
1788720300000,0.22331,0.22457,0.22227,0.22415,373370,83478.6875
1788720600000,0.22415,0.22547,0.22351,0.2251,262100,58812.615
1788720900000,0.2251,0.2267,0.22475,0.22638,257130,58028.3316
1788721200000,0.22638,0.22835,0.22607,0.22615,690560,157036.441
1788721500000,0.22615,0.22662,0.22402,0.22402,330680,74584.4223
1788721800000,0.22402,0.22422,0.22251,0.22297,212640,47487.1962
1788722100000,0.22297,0.22302,0.21685,0.21946,2373370,521273.8405
1788722400000,0.21946,0.22064,0.211,0.21139,992130,212538.7086
1788722700000,0.21139,0.21466,0.21039,0.21071,662520,141178.7301
1788723000000,0.21071,0.21624,0.20784,0.21399,3665900,774851.5974
1788723300000,0.21399,0.21421,0.21098,0.211,390820,83032.8254
1788723600000,0.211,0.21271,0.21059,0.21178,170120,36047.9201
1788723900000,0.21178,0.22298,0.21174,0.22075,1438810,316281.3291
1788724200000,0.22075,0.22464,0.21954,0.22418,1201380,266652.1789
1788724500000,0.22418,0.22497,0.22116,0.22264,479560,107095.1984
1788724800000,0.22264,0.2235,0.22018,0.22075,146810,32601.0129
1788725100000,0.22075,0.22585,0.2198,0.22487,754910,168728.5742
1788725400000,0.22487,0.2265,0.22436,0.2262,152870,34428.6761
1788725700000,0.2262,0.22665,0.22428,0.22458,150560,34021.377
1788726000000,0.22458,0.2287,0.22456,0.2277,237740,53967.2357
1788726300000,0.2277,0.22909,0.22309,0.22362,228020,51463.4686
1788726600000,0.22362,0.22418,0.22267,0.22314,185190,41392.7075
1788726900000,0.22314,0.2244,0.22228,0.22263,137000,30561.1928
1788727200000,0.22263,0.22269,0.2204,0.22082,75080,16625.0123
1788727500000,0.22082,0.2218,0.21967,0.22116,149660,33026.4537
1788727800000,0.22116,0.2243,0.22054,0.22239,732820,162769.7358
1788728100000,0.22239,0.22257,0.22018,0.22131,87810,19406.9764
1788728400000,0.22131,0.22617,0.22131,0.22385,693260,155546.4282
1788728700000,0.22385,0.22675,0.22357,0.22551,168460,37915.5401
1788729000000,0.22551,0.22633,0.22284,0.22336,104640,23530.833
1788729300000,0.22336,0.22581,0.22314,0.22492,65130,14642.3004
1788729600000,0.22492,0.22538,0.2232,0.22452,49410,11076.5608
1788729900000,0.22452,0.22531,0.22392,0.22392,42400,9522.7243
1788730200000,0.22392,0.22461,0.22224,0.22353,76800,17166.792
1788730500000,0.22353,0.22616,0.22344,0.22521,57590,12951.5053
1788730800000,0.22521,0.22712,0.22492,0.22544,168300,38065.8679
1788731100000,0.22544,0.22596,0.225,0.225,22840,5149.7471
1788731400000,0.225,0.22504,0.22337,0.22416,53460,11972.0709
1788731700000,0.22416,0.22432,0.22246,0.2236,84100,18759.1382
1788732000000,0.2236,0.22434,0.22272,0.22321,144860,32390.8103
1788732300000,0.22321,0.22385,0.22209,0.22234,160100,35684.9102
1788732600000,0.22234,0.22324,0.21543,0.21811,1017800,222775.0806
1788732900000,0.21811,0.21889,0.21441,0.21567,631280,136172.9575
1788733200000,0.21567,0.2186,0.21528,0.21835,197950,42988.4791
1788733500000,0.21835,0.21992,0.21835,0.21948,136810,30004.563
1788733800000,0.21948,0.22213,0.21936,0.22186,171290,37838.5193
1788734100000,0.22186,0.22204,0.2196,0.22094,213870,47127.6318
1788734400000,0.22094,0.2214,0.21953,0.22079,125840,27729.9955
1788734700000,0.22079,0.22136,0.21779,0.2183,204840,44962.5594
1788735000000,0.2183,0.21876,0.21568,0.21622,540670,117476.5925
1788735300000,0.21622,0.2173,0.21522,0.21675,326090,70453.473
1788735600000,0.21675,0.22142,0.21675,0.22109,184950,40622.0293
1788735900000,0.22109,0.2219,0.21864,0.22171,206730,45612.7933
1788736200000,0.22171,0.22308,0.2212,0.22255,99670,22124.4461
1788736500000,0.22255,0.2269,0.22197,0.22634,724350,162206.0758
1788736800000,0.22634,0.22951,0.2245,0.22817,974430,221873.1448
1788737100000,0.22817,0.23063,0.22716,0.22959,1057790,242756.7819
1788737400000,0.22959,0.22961,0.226,0.22869,399980,91257.8223
1788737700000,0.22869,0.22977,0.2263,0.22872,195020,44445.64
1788738000000,0.22872,0.22919,0.22732,0.22877,239670,54718.9559
1788738300000,0.22877,0.22906,0.22781,0.22851,115530,26401.4011
1788738600000,0.22851,0.22851,0.22487,0.22517,231800,52476.537
1788738900000,0.22517,0.22584,0.22401,0.22449,143210,32205.951
1788739200000,0.22449,0.22867,0.22394,0.22748,359960,81821.0144
1788739500000,0.22748,0.22814,0.22698,0.2271,111870,25462.7121
1788739800000,0.2271,0.23032,0.2267,0.22928,307500,70346.7437
1788740100000,0.22928,0.23147,0.22778,0.22815,303870,69884.7938
1788740400000,0.22815,0.22862,0.22691,0.22766,99670,22702.5184
1788740700000,0.22766,0.2315,0.22718,0.2304,289390,66570.6669
1788741000000,0.2304,0.23229,0.22918,0.23088,415800,96147.9876
1788741300000,0.23088,0.23088,0.22921,0.23087,221550,50975.0393
1788741600000,0.23087,0.23088,0.228,0.22859,233510,53524.2855
1788741900000,0.22859,0.23166,0.22723,0.22944,757270,174301.1017
1788742200000,0.22944,0.2316,0.2285,0.23097,174280,40057.7274
1788742500000,0.23097,0.23108,0.22849,0.23057,290830,66845.4975
1788742800000,0.23057,0.23239,0.22872,0.23143,534310,123414.185
1788743100000,0.23143,0.23184,0.22738,0.2274,381730,87542.9761
1788743400000,0.2274,0.22836,0.22545,0.22765,321140,72917.5837
1788743700000,0.22765,0.22849,0.22503,0.22766,290670,65942.3231
1788744000000,0.22766,0.22766,0.22527,0.22601,88670,20051.2834
1788744300000,0.22601,0.22834,0.22597,0.22766,191280,43514.2708
1788744600000,0.22766,0.23029,0.22646,0.2297,474930,108618.1091
1788744900000,0.2297,0.23037,0.2268,0.22844,136560,31170.9837
1788745200000,0.22844,0.22845,0.22027,0.22305,688520,153936.3709
1788745500000,0.22305,0.22357,0.22056,0.22181,144160,32071.0898
1788745800000,0.22181,0.22361,0.22103,0.22273,147340,32799.1761
1788746100000,0.22273,0.22481,0.22261,0.22413,81400,18212.968
1788746400000,0.22413,0.22584,0.22393,0.22561,48500,10913.6315
1788746700000,0.22561,0.22608,0.22471,0.22529,99330,22392.8257
1788747000000,0.22529,0.22708,0.22339,0.22608,115760,26080.1387
1788747300000,0.22608,0.2294,0.22575,0.22722,375470,85355.2791
1788747600000,0.22722,0.22846,0.22457,0.22525,222890,50465.3602
1788747900000,0.22525,0.22724,0.22488,0.2257,149510,33811.6151
1788748200000,0.2257,0.22647,0.2238,0.22381,109080,24602.9379
1788748500000,0.22381,0.23096,0.22331,0.23048,495330,113122.2193
1788748800000,0.23048,0.23199,0.22976,0.23048,244140,56347.7291
1788749100000,0.23048,0.23282,0.22984,0.23194,386500,89453.7578
1788749400000,0.23194,0.23285,0.2274,0.23002,669100,153792.8198
1788749700000,0.23002,0.23053,0.227,0.22782,75930,17340.1226
1788750000000,0.22782,0.23006,0.22628,0.22967,206240,47071.119
1788750300000,0.22967,0.22998,0.2292,0.22967,40970,9407.132
1788750600000,0.22967,0.23029,0.22933,0.22977,53420,12272.6391
1788750900000,0.22977,0.23096,0.22712,0.22899,157330,36099.8347
1788751200000,0.22899,0.23021,0.2275,0.22887,126940,29064.5509
1788751500000,0.22887,0.22988,0.22737,0.22901,90390,20672.6168
1788751800000,0.22901,0.23029,0.2266,0.22815,173890,39684.927
1788752100000,0.22815,0.22957,0.22803,0.22933,25150,5762.5034
1788752400000,0.22933,0.23028,0.2277,0.228,152150,34885.4523
1788752700000,0.228,0.22918,0.22572,0.22846,423010,96100.8975
1788753000000,0.22846,0.22953,0.22664,0.22753,138540,31595.1743
1788753300000,0.22753,0.22896,0.22736,0.22765,90880,20727.1105
1788753600000,0.22765,0.22834,0.22552,0.22834,142440,32287.6141
1788753900000,0.22834,0.22867,0.22792,0.22867,29210,6667.6444
1788754200000,0.22867,0.22986,0.22796,0.22954,123520,28275.2087
1788754500000,0.22954,0.23034,0.22772,0.22911,142060,32546.6026
1788754800000,0.22911,0.23044,0.22887,0.22955,106490,24452.6544
1788755100000,0.22955,0.23081,0.22955,0.23049,31280,7202.3557
1788755400000,0.23049,0.23105,0.22675,0.22787,319180,72887.3797
1788755700000,0.22787,0.22884,0.22567,0.22862,248080,56265.588
1788756000000,0.22862,0.22872,0.22702,0.22765,105140,23939.0412
1788756300000,0.22765,0.22826,0.2255,0.2282,223020,50608.529
1788756600000,0.2282,0.22842,0.2278,0.22818,51910,11841.2953
1788756900000,0.22818,0.22854,0.22544,0.22638,183240,41574.4088
1788757200000,0.22638,0.22708,0.22515,0.22638,148960,33672.1834
1788757500000,0.22638,0.22854,0.22635,0.22846,100330,22850.7842
1788757800000,0.22846,0.23087,0.22838,0.2305,242780,55721.4783
1788758100000,0.2305,0.23237,0.22839,0.23081,1142090,263255.2411
1788758400000,0.23081,0.23264,0.22993,0.23215,265880,61523.1964
1788758700000,0.23215,0.23385,0.2311,0.23326,270750,62990.65
1788759000000,0.23326,0.23429,0.23244,0.23324,139490,32561.2563
1788759300000,0.23324,0.23363,0.2315,0.2317,125660,29221.4577
1788759600000,0.2317,0.23222,0.22915,0.22966,478880,110368.2621
1788759900000,0.22966,0.23222,0.22923,0.23046,316880,73246.5401
1788760200000,0.23046,0.23137,0.22819,0.23005,278100,63874.2668
1788760500000,0.23005,0.23114,0.22846,0.2295,146070,33550.949
1788760800000,0.2295,0.23197,0.22886,0.23127,164920,38014.4938
1788761100000,0.23127,0.2324,0.22988,0.23044,214590,49562.0706
1788761400000,0.23044,0.23247,0.23038,0.23157,86870,20105.14
1788761700000,0.23157,0.23189,0.22823,0.22913,162670,37353.3423
1788762000000,0.22913,0.2293,0.22664,0.22677,274490,62559.783
1788762300000,0.22677,0.22762,0.22604,0.22729,211660,48015.3302
1788762600000,0.22729,0.2276,0.22385,0.22688,481330,108798.6723
1788762900000,0.22688,0.22719,0.22206,0.22479,534680,119940.5166
1788763200000,0.22479,0.22493,0.22243,0.22289,201100,45057.523
1788763500000,0.22289,0.22457,0.2215,0.22307,271300,60472.8417
1788763800000,0.22307,0.2245,0.22241,0.2238,101200,22607.9006
1788764100000,0.2238,0.2241,0.22137,0.22337,185170,41228.6804
1788764400000,0.22337,0.22344,0.21707,0.22018,872220,192019.8883
1788764700000,0.22018,0.22023,0.21702,0.21761,449480,97852.5362
1788765000000,0.21761,0.21852,0.21613,0.21691,283350,61489.6563
1788765300000,0.21691,0.21718,0.21079,0.21464,1357120,289717.4255
1788765600000,0.21464,0.21504,0.21189,0.2119,231270,49394.7633
1788765900000,0.2119,0.2139,0.21156,0.21264,240170,51055.1378
1788766200000,0.21264,0.21458,0.21237,0.21354,168100,35924.0802
1788766500000,0.21354,0.2136,0.209,0.20975,668360,140740.1158
1788766800000,0.20975,0.21008,0.20713,0.2092,845340,176235.8628
1788767100000,0.2092,0.20942,0.2073,0.2085,332280,69179.5426
1788767400000,0.2085,0.20962,0.20822,0.20934,125000,26119.0445
1788767700000,0.20934,0.21133,0.20872,0.21023,187190,39334.223
1788768000000,0.21023,0.21043,0.20717,0.20962,389670,81235.1938
1788768300000,0.20962,0.21384,0.20952,0.21359,375130,79480.3987
1788768600000,0.21359,0.21442,0.21229,0.21371,162350,34684.414
1788768900000,0.21371,0.21568,0.21332,0.21528,185990,39893.8362
1788769200000,0.21528,0.21737,0.21456,0.2148,405310,87516.4236
1788769500000,0.2148,0.21727,0.21465,0.21724,184150,39762.0225
1788769800000,0.21724,0.21777,0.215,0.21538,192660,41649.5147
1788770100000,0.21538,0.21831,0.21449,0.215,349140,75563.1072
1788770400000,0.215,0.2181,0.215,0.21658,327250,70870.5397
1788770700000,0.21658,0.21732,0.21612,0.217,84950,18397.032
1788771000000,0.217,0.21861,0.21588,0.21737,128430,27873.6455
1788771300000,0.21737,0.21966,0.21722,0.21731,112750,24607.1955
1788771600000,0.21731,0.21883,0.21687,0.21785,91710,19975.3629
1788771900000,0.21785,0.21883,0.21672,0.21796,76120,16564.1691
1788772200000,0.21796,0.22078,0.21796,0.2201,370000,81309.7398
1788772500000,0.2201,0.2206,0.21673,0.21797,327640,71524.1727
1788772800000,0.21797,0.21873,0.21642,0.21722,468280,101875.2755
1788773100000,0.21722,0.21893,0.21655,0.2186,100470,21852.7144
1788773400000,0.2186,0.21912,0.21809,0.21839,65060,14222.9465
1788773700000,0.21839,0.21842,0.2162,0.21673,80620,17493.3628
1788774000000,0.21673,0.21857,0.21673,0.21786,202210,44045.2517
1788774300000,0.21786,0.21824,0.21723,0.21768,76060,16567.1088
1788774600000,0.21768,0.21872,0.21269,0.21287,502370,108335.8454
1788774900000,0.21287,0.2154,0.21277,0.21533,263290,56495.842
1788775200000,0.21533,0.21806,0.21527,0.21736,644630,139695.3177
1788775500000,0.21736,0.21748,0.21538,0.21722,195030,42232.2388
1788775800000,0.21722,0.21819,0.21607,0.21677,59860,12990.001
1788776100000,0.21677,0.21782,0.21292,0.21541,1435700,308637.9953
1788776400000,0.21541,0.21587,0.21044,0.21275,850320,180740.476
1788776700000,0.21275,0.21356,0.21058,0.21241,289150,61245.4399
1788777000000,0.21241,0.21309,0.21198,0.21249,98670,20971.3042
1788777300000,0.21249,0.21369,0.21249,0.21298,106760,22757.5261
1788777600000,0.21298,0.2153,0.21298,0.21508,280190,60009.5093
1788777900000,0.21508,0.21638,0.215,0.21622,177030,38189.2595
1788778200000,0.21622,0.21709,0.216,0.21665,231930,50200.2493
1788778500000,0.21665,0.21713,0.2139,0.21543,126770,27300.6316
1788778800000,0.21543,0.21608,0.21256,0.21288,118270,25317.8675
1788779100000,0.21288,0.21288,0.20958,0.21117,522120,110137.307
1788779400000,0.21117,0.21305,0.21109,0.21278,134420,28514.9108
1788779700000,0.21278,0.21404,0.21112,0.2135,279100,59329.7745
1788780000000,0.2135,0.2152,0.21186,0.21256,238380,50934.4965
1788780300000,0.21256,0.21346,0.21194,0.21253,121920,25925.3778
1788780600000,0.21253,0.21504,0.21253,0.21488,144910,31053.4578
1788780900000,0.21488,0.21523,0.21418,0.21452,42370,9096.7049
1788781200000,0.21452,0.21481,0.21308,0.21343,108700,23271.509
1788781500000,0.21343,0.21471,0.21188,0.21202,136820,29171.067
1788781800000,0.21202,0.21295,0.2119,0.21233,105000,22316.7576
1788782100000,0.21233,0.21305,0.21194,0.21213,80040,17013.4655
1788782400000,0.21213,0.21375,0.21176,0.21288,239600,50998.6667
1788782700000,0.21288,0.21429,0.21245,0.21362,104370,22296.3002
1788783000000,0.21362,0.21384,0.21193,0.21252,32310,6879.3555
1788783300000,0.21252,0.21524,0.21241,0.21489,105240,22555.5148
1788783600000,0.21489,0.21528,0.21328,0.21354,78670,16878.56
1788783900000,0.21354,0.21549,0.21354,0.21485,94400,20281.6848
1788784200000,0.21485,0.21504,0.21079,0.21352,331520,70428.0238
1788784500000,0.21352,0.21371,0.21221,0.21359,142200,30322.9843
1788784800000,0.21359,0.21499,0.21295,0.21414,130010,27816.7452
1788785100000,0.21414,0.21518,0.21329,0.21476,79740,17086.4672
1788785400000,0.21476,0.21628,0.2138,0.2152,184210,39648.3447
1788785700000,0.2152,0.21739,0.21357,0.21502,716110,154084.5306
1788786000000,0.21502,0.216,0.21438,0.21532,68230,14685.2751
1788786300000,0.21532,0.21637,0.215,0.21625,92500,19925.2496
1788786600000,0.21625,0.21677,0.21315,0.21353,193260,41581.495
1788786900000,0.21353,0.21485,0.21305,0.21316,122390,26225.4301
1788787200000,0.21316,0.21476,0.21288,0.21475,52000,11104.6007
1788787500000,0.21475,0.21476,0.21353,0.21418,50870,10895.8752
1788787800000,0.21418,0.2148,0.21109,0.21152,74890,15953.0304
1788788100000,0.21152,0.21293,0.21084,0.21284,144160,30567.7166
1788788400000,0.21284,0.21284,0.21231,0.21246,31780,6756.1564
1788788700000,0.21246,0.21298,0.21135,0.21265,59340,12595.8472
1788789000000,0.21265,0.21313,0.21134,0.2122,51300,10890.8492
1788789300000,0.2122,0.21294,0.21196,0.2126,18580,3948.6397
1788789600000,0.2126,0.21344,0.2123,0.2128,37150,7910.3437
1788789900000,0.2128,0.21286,0.2097,0.21234,385270,81352.7709
1788790200000,0.21234,0.2129,0.2109,0.21199,241810,51244.1493
1788790500000,0.21199,0.21292,0.21071,0.2119,80650,17073.5756
1788790800000,0.2119,0.21204,0.20929,0.21024,136390,28707.797
1788791100000,0.21024,0.2124,0.2079,0.20908,601460,126652.5395
1788791400000,0.20908,0.2101,0.2077,0.20893,386540,80817.2399
1788791700000,0.20893,0.20907,0.20546,0.20882,764280,158307.7679
1788792000000,0.20882,0.2089,0.20695,0.20846,186760,38810.0138
1788792300000,0.20846,0.20896,0.2076,0.20885,245480,51134.6321
1788792600000,0.20885,0.2106,0.20799,0.20941,478780,100320.2323
1788792900000,0.20941,0.21025,0.20762,0.20794,280740,58746.267
1788793200000,0.20794,0.20863,0.2068,0.20685,209630,43545.2996
1788793500000,0.20685,0.20935,0.20634,0.20718,577320,119775.8022
1788793800000,0.20718,0.2077,0.20507,0.20596,652400,134661.1458
1788794100000,0.20596,0.20846,0.2057,0.20818,345710,71663.1575
1788794400000,0.20818,0.20873,0.20575,0.20635,526380,108945.6528
1788794700000,0.20635,0.20645,0.19511,0.19873,7422950,1479534.929
1788795000000,0.19873,0.19946,0.19621,0.19663,996520,196922.8646
1788795300000,0.19663,0.19777,0.19307,0.19364,1160330,226461.5224
1788795600000,0.19364,0.19498,0.18657,0.19365,4618640,879510.5217
1788795900000,0.19365,0.19498,0.18972,0.19286,1837610,353487.977
1788796200000,0.19286,0.19435,0.1911,0.19402,796530,153622.3682
1788796500000,0.19402,0.19559,0.18851,0.1933,1597280,307023.1529
1788796800000,0.1933,0.19801,0.1933,0.1935,1591210,311533.6152
1788797100000,0.1935,0.19597,0.1935,0.19386,284750,55491.7498
1788797400000,0.19386,0.19673,0.19368,0.1966,249990,48682.4076
1788797700000,0.1966,0.1978,0.19491,0.19593,466260,91773.9735
1788798000000,0.19593,0.19617,0.1941,0.19456,473890,92475.7592
1788798300000,0.19456,0.19632,0.19366,0.19408,166510,32487.1296
1788798600000,0.19408,0.19419,0.19043,0.19275,751710,144384.0434
1788798900000,0.19275,0.19708,0.19231,0.19504,1160290,226691.1572
1788799200000,0.19504,0.19591,0.1941,0.19482,248340,48506.1235
1788799500000,0.19482,0.19674,0.19385,0.19531,299400,58424.4271
1788799800000,0.19531,0.19633,0.19401,0.19562,261230,50970.1808
1788800100000,0.19562,0.19641,0.19448,0.19523,114230,22306.0903
1788800400000,0.19523,0.19538,0.1937,0.19443,250030,48722.3673
1788800700000,0.19443,0.19849,0.19422,0.19849,686380,135100.95
1788801000000,0.19849,0.20024,0.19797,0.20011,313540,62480.4541
1788801300000,0.20011,0.20244,0.19959,0.20231,349510,70298.9006
1788801600000,0.20231,0.20243,0.19974,0.19998,304650,61286.7619
1788801900000,0.19998,0.20306,0.19945,0.20218,583040,117332.2562
1788802200000,0.20218,0.20334,0.20099,0.2017,369550,74777.8971
1788802500000,0.2017,0.20222,0.20036,0.20206,180010,36218.1235
1788802800000,0.20206,0.20266,0.20068,0.20093,247280,49927.8285
1788803100000,0.20093,0.20133,0.19943,0.19975,254700,51025.5967
1788803400000,0.19975,0.2003,0.19904,0.1991,240230,48020.876
1788803700000,0.1991,0.1998,0.19754,0.19961,358880,71183.8176
1788804000000,0.19961,0.19985,0.19848,0.19985,186400,37157.5098
1788804300000,0.19985,0.20043,0.19811,0.19833,176430,35242.3637
1788804600000,0.19833,0.1992,0.19791,0.19852,95780,19007.9323
1788804900000,0.19852,0.19858,0.19662,0.19675,115060,22766.005
1788805200000,0.19675,0.19751,0.1895,0.1918,1539190,296705.5942
1788805500000,0.1918,0.19413,0.19127,0.19376,187060,36071.0754
1788805800000,0.19376,0.19487,0.19226,0.19458,350070,67644.0566
1788806100000,0.19458,0.19614,0.19426,0.19448,254410,49679.9445
1788806400000,0.19448,0.19616,0.19448,0.19544,77470,15133.8305
1788806700000,0.19544,0.19547,0.19173,0.19352,530120,102448.6141
1788807000000,0.19352,0.19361,0.19144,0.19168,446870,85907.5509
1788807300000,0.19168,0.19348,0.19082,0.19311,153090,29370.6802
1788807600000,0.19311,0.19352,0.19145,0.19193,125350,24161.3232
1788807900000,0.19193,0.19244,0.19155,0.19158,77870,14945.7332
1788808200000,0.19158,0.19179,0.19097,0.19132,120280,23009.7737
1788808500000,0.19132,0.19426,0.19107,0.19382,392800,75946.4362
1788808800000,0.19382,0.19494,0.19376,0.1945,281990,54842.7219
1788809100000,0.1945,0.19514,0.19278,0.19452,299890,58236.6998
1788809400000,0.19452,0.19611,0.19391,0.19509,357860,69916.9106
1788809700000,0.19509,0.19731,0.19494,0.19595,465580,91449.7684
1788810000000,0.19595,0.196,0.18797,0.19196,2715170,517927.2068
1788810300000,0.19196,0.19279,0.19092,0.19252,179180,34366.004
1788810600000,0.19252,0.19308,0.19206,0.19262,211100,40625.4384
1788810900000,0.19262,0.1928,0.19104,0.1926,158750,30449.5383
1788811200000,0.1926,0.19308,0.18784,0.189,864490,163901.7679
1788811500000,0.189,0.19052,0.18688,0.18744,414490,78278.5618
1788811800000,0.18744,0.18983,0.18733,0.18976,561280,105767.3388
1788812100000,0.18976,0.19033,0.18872,0.18912,168740,31957.0418
1788812400000,0.18912,0.1902,0.1886,0.18959,162790,30828.0601
1788812700000,0.18959,0.19051,0.18959,0.18999,93690,17798.2867
1788813000000,0.18999,0.19063,0.1892,0.18954,130720,24820.3182
1788813300000,0.18954,0.19396,0.18954,0.19381,1349270,259522.6789
1788813600000,0.19381,0.19427,0.19338,0.19415,96390,18686.1944
1788813900000,0.19415,0.19438,0.19117,0.19162,214020,41208.9443
1788814200000,0.19162,0.19323,0.1912,0.19192,229990,44233.941
1788814500000,0.19192,0.19269,0.19177,0.1926,71170,13683.1523
1788814800000,0.1926,0.19272,0.19106,0.19167,105750,20278.0904
1788815100000,0.19167,0.19322,0.19108,0.19129,106470,20452.265
1788815400000,0.19129,0.19342,0.19119,0.19327,106270,20427.8501
1788815700000,0.19327,0.19387,0.19173,0.19247,139520,26921.1827
1788816000000,0.19247,0.19346,0.19197,0.19308,68940,13286.0353
1788816300000,0.19308,0.19431,0.1927,0.19291,106010,20525.5044
1788816600000,0.19291,0.19345,0.19242,0.1929,88210,17014.2892
1788816900000,0.1929,0.1933,0.19131,0.19323,140680,27072.759
1788817200000,0.19323,0.194,0.1927,0.19359,174610,33749.9201
1788817500000,0.19359,0.19359,0.1927,0.19299,81020,15654.8319
1788817800000,0.19299,0.19371,0.19246,0.19251,72690,14033.4082
1788818100000,0.19251,0.19505,0.19193,0.19322,129340,24989.6839
1788818400000,0.19322,0.19402,0.1929,0.1938,127040,24565.8849
1788818700000,0.1938,0.194,0.19216,0.1936,75920,14666.4392
1788819000000,0.1936,0.19517,0.1935,0.19474,73230,14242.7465
1788819300000,0.19474,0.19649,0.19431,0.19482,200360,39115.4589
1788819600000,0.19482,0.19674,0.19421,0.19641,195890,38336.3923
1788819900000,0.19641,0.1965,0.19442,0.19529,103040,20126.7316
1788820200000,0.19529,0.19557,0.19177,0.19213,383380,74156.655
1788820500000,0.19213,0.1927,0.18922,0.18957,335790,64009.2162
1788820800000,0.18957,0.1904,0.18848,0.18895,585730,110787.3733
1788821100000,0.18895,0.18949,0.18387,0.1848,1339130,248809.822
1788821400000,0.1848,0.18956,0.18443,0.18784,691690,129497.4197
1788821700000,0.18784,0.1893,0.1878,0.1893,132290,24986.4738
1788822000000,0.1893,0.19082,0.18911,0.19065,303900,57731.0922
1788822300000,0.19065,0.191,0.18804,0.1895,334510,63459.0499
1788822600000,0.1895,0.18973,0.18718,0.1883,537170,101066.6851
1788822900000,0.1883,0.18911,0.1873,0.18797,188100,35366.9616
1788823200000,0.18797,0.1888,0.18782,0.18848,111650,21020.1921
1788823500000,0.18848,0.18868,0.1868,0.18709,289680,54311.9833
1788823800000,0.18709,0.18753,0.18476,0.18575,1176860,218982.3359
1788824100000,0.18575,0.18964,0.18443,0.18908,917770,171696.5024
1788824400000,0.18908,0.19226,0.18902,0.19139,1331660,253871.9294
1788824700000,0.19139,0.19244,0.19069,0.19243,273190,52300.9097
1788825000000,0.19243,0.195,0.19243,0.19419,364740,70693.0314
1788825300000,0.19419,0.19529,0.1932,0.1942,293000,56885.4263
1788825600000,0.1942,0.19431,0.19155,0.1932,279070,53918.7952
1788825900000,0.1932,0.19393,0.19227,0.19385,79470,15368.0143
1788826200000,0.19385,0.19407,0.18802,0.18884,605530,115446.0098
1788826500000,0.18884,0.1915,0.1885,0.19046,342490,64995.1818
1788826800000,0.19046,0.19073,0.18738,0.1882,492400,93091.4323
1788827100000,0.1882,0.1882,0.18545,0.18582,235160,44023.6276
1788827400000,0.18582,0.18787,0.18384,0.18711,630560,116662.0368
1788827700000,0.18711,0.18897,0.187,0.18897,124890,23458.2814
1788828000000,0.18897,0.19097,0.18897,0.18983,273360,52017.8513
1788828300000,0.18983,0.19153,0.18938,0.19127,122340,23331.8443
1788828600000,0.19127,0.19217,0.18929,0.1917,267380,50854.2592
1788828900000,0.1917,0.19424,0.1917,0.19409,251600,48633.0403
1788829200000,0.19409,0.19528,0.19014,0.19091,515540,99538.506
1788829500000,0.19091,0.19111,0.18864,0.1905,341340,64866.6077
1788829800000,0.1905,0.19335,0.19001,0.19312,140310,26888.0655
1788830100000,0.19312,0.1939,0.19133,0.19291,222480,42857.4548
1788830400000,0.19291,0.19864,0.19291,0.19758,600770,117992.5297
1788830700000,0.19758,0.19925,0.1931,0.19563,905840,177495.3871
1788831000000,0.19563,0.2,0.19442,0.19987,555670,109982.1057
1788831300000,0.19987,0.20001,0.19761,0.19936,454060,90351.9326
1788831600000,0.19936,0.19955,0.19713,0.1991,404240,80223.7551
1788831900000,0.1991,0.1991,0.19704,0.19744,163920,32485.9719
1788832200000,0.19744,0.198,0.19549,0.19772,155190,30554.1904
1788832500000,0.19772,0.19982,0.1968,0.19764,284340,56453.9424
1788832800000,0.19764,0.19873,0.19651,0.19698,100110,19793.0214
1788833100000,0.19698,0.19874,0.19581,0.19799,166500,32772.7414
1788833400000,0.19799,0.19862,0.19588,0.19862,119040,23478.8166
1788833700000,0.19862,0.19936,0.19795,0.19904,116660,23174.7046
1788834000000,0.19904,0.20031,0.19832,0.19971,421080,83850.9451
1788834300000,0.19971,0.19994,0.19765,0.19975,285310,56757.544
1788834600000,0.19975,0.19975,0.19517,0.19704,444820,87823.3774
1788834900000,0.19704,0.19723,0.19565,0.19704,168910,33216.64
1788835200000,0.19704,0.19704,0.19508,0.19548,162830,31946.8662
1788835500000,0.19548,0.19634,0.19363,0.19392,359090,69923.9648
1788835800000,0.19392,0.19725,0.19273,0.19716,505000,98444.792
1788836100000,0.19716,0.19716,0.1942,0.19498,354620,69362.7967
1788836400000,0.19498,0.19498,0.19025,0.19085,674360,129701.3283
1788836700000,0.19085,0.19296,0.19068,0.192,254280,48683.5772
1788837000000,0.192,0.192,0.18973,0.19033,187540,35794.9088
1788837300000,0.19033,0.19157,0.18915,0.19072,151890,28915.7427
1788837600000,0.19072,0.19258,0.19013,0.19221,176680,33839.7624
1788837900000,0.19221,0.19326,0.19195,0.19274,98910,19047.7046
1788838200000,0.19274,0.19444,0.1925,0.19383,112940,21886.0479
1788838500000,0.19383,0.19418,0.19264,0.19416,126150,24393.2705
1788838800000,0.19416,0.19458,0.19214,0.19259,135350,26159.0162
1788839100000,0.19259,0.19283,0.19021,0.1908,143060,27313.5388
1788839400000,0.1908,0.19097,0.18902,0.18941,225290,42824.2673
1788839700000,0.18941,0.19097,0.1891,0.19025,133010,25328.5116
1788840000000,0.19025,0.19061,0.18893,0.18906,184600,35029.5351
1788840300000,0.18906,0.19073,0.18893,0.19016,127190,24133.2369
1788840600000,0.19016,0.1909,0.18966,0.19078,108160,20580.5065
1788840900000,0.19078,0.192,0.19041,0.19126,101740,19451.6446
1788841200000,0.19126,0.19133,0.18845,0.1887,125160,23721.8939
1788841500000,0.1887,0.18904,0.1876,0.1876,52270,9840.9732
1788841800000,0.1876,0.18802,0.18452,0.18488,392560,72999.7047
1788842100000,0.18488,0.18617,0.1848,0.18564,163270,30258.663
1788842400000,0.18564,0.18597,0.18433,0.18521,240820,44568.3436
1788842700000,0.18521,0.18749,0.18471,0.18471,339730,63269.5424
1788843000000,0.18471,0.18505,0.18159,0.18299,959290,175359.0547
1788843300000,0.18299,0.18353,0.18031,0.18108,533640,96875.5171
1788843600000,0.18108,0.18226,0.18,0.18033,609520,110167.091
1788843900000,0.18033,0.18251,0.18022,0.18208,363920,65957.8404
1788844200000,0.18208,0.18302,0.18208,0.18222,151340,27621.7971
1788844500000,0.18222,0.18281,0.18088,0.18113,323400,58874.0615
1788844800000,0.18113,0.18188,0.1787,0.18071,1568140,282390.9229
1788845100000,0.18071,0.18271,0.17889,0.17906,379180,68616.4719
1788845400000,0.17906,0.18114,0.17906,0.18005,218990,39457.1923
1788845700000,0.18005,0.18087,0.178,0.18062,617080,110356.7279
1788846000000,0.18062,0.18507,0.18061,0.18329,434580,79637.9474
1788846300000,0.18329,0.1878,0.18329,0.18693,453000,84314.1452
1788846600000,0.18693,0.18813,0.18678,0.18756,157640,29563.6345
1788846900000,0.18756,0.18756,0.186,0.18677,120490,22481.1537
1788847200000,0.18677,0.18792,0.18074,0.18269,1144160,209912.2101
1788847500000,0.18269,0.18558,0.18216,0.18373,319630,58784.7902
1788847800000,0.18373,0.18437,0.18214,0.18341,232350,42603.8114
1788848100000,0.18341,0.18353,0.18082,0.18108,281810,51225.6721
1788848400000,0.18108,0.18335,0.18015,0.18173,482660,87614.9552
1788848700000,0.18173,0.18754,0.18155,0.18462,1695960,314327.4344
1788849000000,0.18462,0.18524,0.1828,0.18449,450020,82893.0534
1788849300000,0.18449,0.18537,0.18372,0.1849,220640,40760.4954
1788849600000,0.1849,0.18617,0.18325,0.18472,417260,77224.7766
1788849900000,0.18472,0.18533,0.18307,0.18383,225240,41512.7947
1788850200000,0.18383,0.18383,0.1819,0.18235,193660,35386.4689
1788850500000,0.18235,0.18362,0.18202,0.18332,104680,19129.3656
1788850800000,0.18332,0.18355,0.18206,0.18341,109580,20043.7161
1788851100000,0.18341,0.18504,0.18326,0.18418,232610,42908.76
1788851400000,0.18418,0.18504,0.18372,0.18472,139730,25760.9962
1788851700000,0.18472,0.186,0.18377,0.18503,255590,47283.3262
1788852000000,0.18503,0.1851,0.18265,0.18313,163130,29912.7495
1788852300000,0.18313,0.18472,0.18217,0.18333,574970,105297.0645
1788852600000,0.18333,0.18365,0.18224,0.18299,186360,34093.0101
1788852900000,0.18299,0.18377,0.18269,0.18321,114710,21020.4761
1788853200000,0.18321,0.18339,0.18072,0.18152,234010,42595.3303
1788853500000,0.18152,0.18256,0.18099,0.18237,174270,31680.6156
1788853800000,0.18237,0.18314,0.18131,0.18225,236580,43104.0749
1788854100000,0.18225,0.18373,0.18214,0.18373,180220,32995.3114
1788854400000,0.18373,0.18417,0.17904,0.17955,929220,168352.4335
1788854700000,0.17955,0.18111,0.17907,0.17965,246100,44253.2775
1788855000000,0.17965,0.17993,0.17841,0.17993,267670,47936.1176
1788855300000,0.17993,0.18017,0.17838,0.17928,188540,33804.2677
1788855600000,0.17928,0.18009,0.17837,0.17982,217150,38895.4782
1788855900000,0.17982,0.18297,0.17945,0.18172,693230,125528.0054
1788856200000,0.18172,0.18354,0.1815,0.1827,336370,61449.2293
1788856500000,0.1827,0.18537,0.1827,0.18498,610980,112621.2649
1788856800000,0.18498,0.18588,0.18349,0.18403,440320,81428.837
1788857100000,0.18403,0.18604,0.18285,0.18289,280360,51742.8855
1788857400000,0.18289,0.18317,0.18188,0.18196,194340,35493.073
1788857700000,0.18196,0.183,0.18067,0.18141,286230,51994.7143
1788858000000,0.18141,0.1836,0.18124,0.18146,195650,35667.9468
1788858300000,0.18146,0.18335,0.18144,0.1828,105580,19272.2858
1788858600000,0.1828,0.18338,0.1821,0.18271,194250,35460.324
1788858900000,0.18271,0.18329,0.18188,0.18188,150740,27540.6957
1788859200000,0.18188,0.18252,0.18053,0.18125,137940,25034.8819
1788859500000,0.18125,0.18159,0.18082,0.18082,64450,11685.5343
1788859800000,0.18082,0.1835,0.18004,0.18278,288260,52436.6957
1788860100000,0.18278,0.18354,0.18217,0.18225,131390,24040.5441
1788860400000,0.18225,0.18529,0.18162,0.18353,616750,112989.2686
1788860700000,0.18353,0.1851,0.18221,0.18232,199480,36659.7093
1788861000000,0.18232,0.185,0.1821,0.18385,339950,62421.6409
1788861300000,0.18385,0.18431,0.18296,0.18347,145900,26777.0604
1788861600000,0.18347,0.18369,0.18184,0.18206,83450,15239.7488
1788861900000,0.18206,0.18206,0.18065,0.18111,132080,23958.6158
1788862200000,0.18111,0.18202,0.17973,0.18162,177220,32027.0347
1788862500000,0.18162,0.18502,0.18021,0.18478,451830,82675.9904
1788862800000,0.18478,0.18744,0.18451,0.18485,683130,126966.9448
1788863100000,0.18485,0.18529,0.18423,0.18452,158640,29308.6266
1788863400000,0.18452,0.18557,0.1824,0.18273,362460,66684.5192
1788863700000,0.18273,0.18273,0.1804,0.18046,280970,50953.5859
1788864000000,0.18046,0.18081,0.17945,0.18028,402960,72589.0768
1788864300000,0.18028,0.18125,0.17755,0.17821,804960,144165.9987
1788864600000,0.17821,0.17987,0.177,0.17724,501040,89207.5845
1788864900000,0.17724,0.17849,0.1772,0.178,213250,37909.0576
1788865200000,0.178,0.17851,0.1767,0.17828,484590,85952.203
1788865500000,0.17828,0.17882,0.17727,0.17741,469020,83437.4273
1788865800000,0.17741,0.17758,0.17652,0.17671,746900,132009.0362
1788866100000,0.17671,0.17848,0.17653,0.17825,514440,91264.5505
1788866400000,0.17825,0.17951,0.17659,0.17928,781340,139186.4187
1788866700000,0.17928,0.17948,0.1776,0.17801,276920,49486.4136
1788867000000,0.17801,0.1783,0.17622,0.17661,721400,127700.5076
1788867300000,0.17661,0.17773,0.17616,0.17632,676660,119491.4816
1788867600000,0.17632,0.1777,0.17623,0.17693,283950,50276.0117
1788867900000,0.17693,0.17712,0.17624,0.17658,192610,34018.9616
1788868200000,0.17658,0.17891,0.17657,0.17828,633060,112644.8002
1788868500000,0.17828,0.17996,0.17822,0.17895,878240,157500.0866
1788868800000,0.17895,0.17902,0.17628,0.17657,1319860,234005.31
1788869100000,0.17657,0.17687,0.1762,0.17638,577630,101904.6963
1788869400000,0.17638,0.17658,0.176,0.17614,1184790,208703.2605
1788869700000,0.17614,0.17656,0.17562,0.17578,1919590,337751.5828
1788870000000,0.17578,0.1768,0.17561,0.17561,1410860,248080.2468
1788870300000,0.17561,0.17594,0.17236,0.17333,2911190,507196.0218
1788870600000,0.17333,0.17543,0.17172,0.17466,1823650,316350.6754
1788870900000,0.17466,0.17733,0.17332,0.17732,894200,157038.634
1788871200000,0.17732,0.17785,0.17545,0.17676,356810,63016.0996
1788871500000,0.17676,0.1771,0.1751,0.17669,337090,59428.1757
1788871800000,0.17669,0.17786,0.17623,0.17733,315320,55845.1377
1788872100000,0.17733,0.17763,0.17627,0.17686,189240,33467.5661
1788872400000,0.17686,0.17717,0.17639,0.17662,154780,27361.9666
1788872700000,0.17662,0.1793,0.17652,0.17874,571710,101990.2413
1788873000000,0.17874,0.18044,0.17791,0.17887,1183570,212228.2056
1788873300000,0.17887,0.18369,0.17803,0.18194,1723450,313227.224
1788873600000,0.18194,0.18228,0.1776,0.18006,1697450,305344.2313
1788873900000,0.18006,0.1804,0.17726,0.17748,195670,34928.6451
1788874200000,0.17748,0.17758,0.1743,0.17477,741600,130268.0782
1788874500000,0.17477,0.17477,0.17184,0.17226,514690,89029.112
1788874800000,0.17226,0.17275,0.16537,0.16817,5952610,1004069.1087
1788875100000,0.16817,0.17416,0.16529,0.17187,6236960,1058966.4324
1788875400000,0.17187,0.17227,0.16856,0.1718,1324300,225485.9694
1788875700000,0.1718,0.17447,0.17159,0.17292,1043730,180766.7296
1788876000000,0.17292,0.1734,0.16844,0.17159,2066910,352005.7077
1788876300000,0.17159,0.17529,0.17159,0.1735,953350,165646.9302
1788876600000,0.1735,0.1762,0.17334,0.17421,311490,54474.83
1788876900000,0.17421,0.17692,0.17411,0.1765,646420,113652.3781
1788877200000,0.1765,0.17911,0.17621,0.17635,1247530,221379.7662
1788877500000,0.17635,0.17779,0.17516,0.17779,685250,120628.6269
1788877800000,0.17779,0.17823,0.17624,0.1769,181020,32067.4902
1788878100000,0.1769,0.17748,0.17633,0.17711,322740,57140.4399
1788878400000,0.17711,0.17711,0.17243,0.17291,1062160,185115.6654
1788878700000,0.17291,0.1777,0.17291,0.17648,538100,94669.701
1788879000000,0.17648,0.17744,0.17521,0.176,308790,54429.6361
1788879300000,0.176,0.17808,0.17509,0.17557,258950,45699.4977
1788879600000,0.17557,0.177,0.17535,0.17627,240110,42324.6739
1788879900000,0.17627,0.178,0.17548,0.17647,502350,88704.2812
1788880200000,0.17647,0.18084,0.17641,0.17969,686690,122842.8022
1788880500000,0.17969,0.18051,0.1783,0.18035,463090,83148.54
1788880800000,0.18035,0.18053,0.17884,0.18012,239540,43082.3771
1788881100000,0.18012,0.18105,0.17863,0.17895,420860,75667.1465
1788881400000,0.17895,0.1819,0.17895,0.18137,451370,81346.3005
1788881700000,0.18137,0.18959,0.18125,0.18933,2250710,418275.5079
1788882000000,0.18933,0.1924,0.1875,0.19085,1720700,326961.2976
1788882300000,0.19085,0.19151,0.18855,0.19072,1214920,230889.2851
1788882600000,0.19072,0.19184,0.18901,0.19154,644740,122692.9257
1788882900000,0.19154,0.1929,0.18975,0.19196,737770,141128.4222
1788883200000,0.19196,0.19221,0.188,0.18903,1064050,201910.3954
1788883500000,0.18903,0.18949,0.18576,0.18778,1064310,199312.9673
1788883800000,0.18778,0.18932,0.18631,0.18759,487440,91350.296
1788884100000,0.18759,0.18792,0.18589,0.18607,416770,78011.9837
1788884400000,0.18607,0.18757,0.18446,0.18552,692710,128617.8541
1788884700000,0.18552,0.18971,0.18545,0.18869,554390,104081.8589
1788885000000,0.18869,0.1928,0.18827,0.1928,855440,162781.7446
1788885300000,0.1928,0.19566,0.19238,0.19534,815400,158309.3297
1788885600000,0.19534,0.19751,0.19291,0.19566,1037790,202989.0779
1788885900000,0.19566,0.19566,0.19133,0.19344,578560,111884.206
1788886200000,0.19344,0.19371,0.19001,0.19136,821340,157737.8082
1788886500000,0.19136,0.19552,0.1909,0.19292,931820,180546.8607
1788886800000,0.19292,0.19619,0.1918,0.19431,985570,191815.5737
1788887100000,0.19431,0.19431,0.19194,0.19216,261700,50634.9228
1788887400000,0.19216,0.19216,0.18668,0.18927,1441980,272020.5762
1788887700000,0.18927,0.19097,0.18905,0.1901,561210,106769.6071
1788888000000,0.1901,0.19246,0.18865,0.19179,501590,95725.2872
1788888300000,0.19179,0.19179,0.18874,0.18912,131530,24954.7175
1788888600000,0.18912,0.19049,0.18855,0.19049,95280,18055.8474
1788888900000,0.19049,0.19108,0.18956,0.18996,403060,76749.5445
1788889200000,0.18996,0.18996,0.18718,0.18791,517520,97833.493
1788889500000,0.18791,0.18905,0.18554,0.18701,481360,89837.2948
1788889800000,0.18701,0.18847,0.18549,0.188,448060,83652.5304
1788890100000,0.188,0.189,0.18757,0.18814,129530,24403.9605
1788890400000,0.18814,0.18955,0.18749,0.18881,135320,25525.6294
1788890700000,0.18881,0.1902,0.18745,0.18792,238790,45129.6431
1788891000000,0.18792,0.18856,0.185,0.1885,358450,66950.5883
1788891300000,0.1885,0.18873,0.1862,0.18694,236320,44280.6341
1788891600000,0.18694,0.18739,0.1858,0.18674,122490,22853.0844
1788891900000,0.18674,0.18754,0.1859,0.18618,276900,51710.9797
1788892200000,0.18618,0.18816,0.18583,0.18784,138060,25826.6444
1788892500000,0.18784,0.18822,0.18583,0.18611,87800,16434.0496
1788892800000,0.18611,0.18677,0.18495,0.18593,140790,26152.8887
1788893100000,0.18593,0.18806,0.18377,0.18425,427360,79253.271
1788893400000,0.18425,0.18678,0.18408,0.18475,376170,69811.3262
1788893700000,0.18475,0.18498,0.18015,0.18321,1624110,295419.8922
1788894000000,0.18321,0.18376,0.17933,0.18172,1778470,321561.4143
1788894300000,0.18172,0.18344,0.18123,0.18252,280750,51163.2749
1788894600000,0.18252,0.18257,0.18023,0.18088,352800,63864.1312
1788894900000,0.18088,0.18192,0.18038,0.18132,217250,39363.8164
1788895200000,0.18132,0.18268,0.17941,0.17941,408980,74207.1934
1788895500000,0.17941,0.1807,0.17646,0.1796,2260040,402603.8411
1788895800000,0.1796,0.1822,0.1796,0.18079,660840,119580.2049
1788896100000,0.18079,0.18088,0.17823,0.1784,238540,42860.467
1788896400000,0.1784,0.18025,0.1784,0.17874,275390,49389.4957
1788896700000,0.17874,0.17949,0.17515,0.17657,767500,135665.1324
1788897000000,0.17657,0.17657,0.17412,0.17569,908660,159028.7763
1788897300000,0.17569,0.17592,0.17149,0.17258,935840,162241.8573
1788897600000,0.17258,0.17664,0.17253,0.17548,428360,75022.1326
1788897900000,0.17548,0.17981,0.17547,0.17949,676240,120133.597
1788898200000,0.17949,0.18121,0.17755,0.18009,498260,89551.8602
1788898500000,0.18009,0.18025,0.17772,0.17789,223290,39987.0059
1788898800000,0.17789,0.18025,0.1776,0.17829,252420,45141.7539
1788899100000,0.17829,0.17922,0.17749,0.17849,196050,34926.7388
1788899400000,0.17849,0.17951,0.17801,0.1785,153830,27509.1197
1788899700000,0.1785,0.18075,0.17837,0.18061,413970,74543.3648
1788900000000,0.18061,0.18172,0.17984,0.18101,209740,37919.9566
1788900300000,0.18101,0.18321,0.18071,0.18247,334640,60901.2223
1788900600000,0.18247,0.18432,0.18133,0.18389,441220,80784.3183
1788900900000,0.18389,0.18405,0.18286,0.18381,220330,40442.5877
1788901200000,0.18381,0.18382,0.18133,0.18273,465520,84943.8831
1788901500000,0.18273,0.18341,0.18113,0.18147,135330,24649.5753
1788901800000,0.18147,0.18245,0.18106,0.18136,66480,12078.9198
1788902100000,0.18136,0.18401,0.18101,0.18243,195710,35732.6116
1788902400000,0.18243,0.18608,0.18197,0.18547,1006900,185866.7231
1788902700000,0.18547,0.18674,0.18462,0.18531,503470,93591.3427
1788903000000,0.18531,0.18538,0.18368,0.18496,154780,28542.424
1788903300000,0.18496,0.18775,0.18462,0.18775,245510,45775.0709
1788903600000,0.18775,0.18974,0.18719,0.18858,598710,112806.6579
1788903900000,0.18858,0.19182,0.18823,0.1912,447710,85220.8624
1788904200000,0.1912,0.19508,0.1899,0.19296,1502330,289431.4332
1788904500000,0.19296,0.19509,0.19187,0.19384,641650,124150.1195
1788904800000,0.19384,0.20011,0.19366,0.19706,2055870,407868.8608
1788905100000,0.19706,0.1975,0.19483,0.19523,504010,98768.5588
1788905400000,0.19523,0.19596,0.19123,0.19225,1361790,262534.2035
1788905700000,0.19225,0.19301,0.1922,0.19247,97630,18802.4548
1788906000000,0.19247,0.19364,0.19121,0.1922,216350,41634.002
1788906300000,0.1922,0.19249,0.18861,0.18997,704150,133832.5446
1788906600000,0.18997,0.1904,0.18756,0.18782,271910,51349.8037
1788906900000,0.18782,0.18848,0.18745,0.1876,72840,13681.7461
1788907200000,0.1876,0.18932,0.1876,0.18925,102960,19389.6673
1788907500000,0.18925,0.19051,0.18894,0.19004,200700,38093.7731
1788907800000,0.19004,0.19176,0.18919,0.1916,180200,34413.7406
1788908100000,0.1916,0.19263,0.19078,0.1923,243410,46666.2434
1788908400000,0.1923,0.19268,0.19031,0.1926,226620,43404.7303
1788908700000,0.1926,0.19357,0.1904,0.19072,300320,57808.4492
1788909000000,0.19072,0.19216,0.19038,0.19144,120510,23090.6093
1788909300000,0.19144,0.19168,0.1904,0.19124,162870,31114.0329
1788909600000,0.19124,0.19136,0.18938,0.18962,487110,92704.7547
1788909900000,0.18962,0.19015,0.18923,0.19006,125280,23760.8234
1788910200000,0.19006,0.19017,0.18915,0.18956,176410,33512.6361
1788910500000,0.18956,0.19011,0.18661,0.18788,1149820,216426.6889
1788910800000,0.18788,0.18816,0.18454,0.18652,1578100,293474.9741
1788911100000,0.18652,0.18763,0.1862,0.18756,163280,30547.3107
1788911400000,0.18756,0.1877,0.18573,0.18573,131480,24577.0819
1788911700000,0.18573,0.18698,0.18433,0.18673,290280,53811.0002
1788912000000,0.18673,0.18983,0.18673,0.18846,323290,61030.7486
1788912300000,0.18846,0.18868,0.18568,0.18639,458550,85591.5516
1788912600000,0.18639,0.18727,0.18636,0.18668,92160,17225.9896
1788912900000,0.18668,0.18669,0.18364,0.18461,118970,22011.7158
1788913200000,0.18461,0.18467,0.18335,0.18424,140180,25793.8619
1788913500000,0.18424,0.18429,0.1817,0.18192,155960,28516.149
1788913800000,0.18192,0.18497,0.18027,0.18424,845990,154013.3222
1788914100000,0.18424,0.18424,0.182,0.18321,116340,21300.468
1788914400000,0.18321,0.18397,0.18233,0.18376,86180,15776.9035
1788914700000,0.18376,0.18471,0.18353,0.18362,124230,22847.4231
1788915000000,0.18362,0.18442,0.1833,0.18363,108140,19873.1738
1788915300000,0.18363,0.18363,0.18288,0.18332,92940,17035.2126
1788915600000,0.18332,0.18461,0.1825,0.18419,86290,15857.3423
1788915900000,0.18419,0.18536,0.18333,0.18378,93380,17202.5907
1788916200000,0.18378,0.18401,0.18299,0.18317,81170,14897.2861
1788916500000,0.18317,0.18339,0.18193,0.18215,116560,21269.6134
1788916800000,0.18215,0.18222,0.18007,0.18079,147830,26758.3288
1788917100000,0.18079,0.18093,0.17881,0.18008,736960,132550.4879
1788917400000,0.18008,0.1806,0.17985,0.18051,76560,13794.6136
1788917700000,0.18051,0.18321,0.18047,0.18307,169730,30839.251
1788918000000,0.18307,0.18654,0.18291,0.18597,509180,94014.9449
1788918300000,0.18597,0.1894,0.18512,0.18887,1091830,205159.0621
1788918600000,0.18887,0.19152,0.1878,0.19118,1174950,223113.6634
1788918900000,0.19118,0.19296,0.19049,0.19247,473900,90941.8986
1788919200000,0.19247,0.19329,0.19012,0.19025,271650,52200.5549
1788919500000,0.19025,0.1918,0.18857,0.19092,327080,62026.4268
1788919800000,0.19092,0.19161,0.18867,0.1896,126060,23996.0102
1788920100000,0.1896,0.18989,0.18821,0.18841,93320,17643.2862
1788920400000,0.18841,0.18977,0.18799,0.18957,112480,21241.2729
1788920700000,0.18957,0.18965,0.18839,0.18914,78490,14846.351
1788921000000,0.18914,0.18946,0.18761,0.18761,79390,14982.7712
1788921300000,0.18761,0.18794,0.18669,0.18763,77400,14484.8918
1788921600000,0.18763,0.18879,0.18735,0.1874,77480,14572.2105
1788921900000,0.1874,0.18919,0.18616,0.18855,115410,21624.9414
1788922200000,0.18855,0.19092,0.18828,0.18916,118930,22562.3986
1788922500000,0.18916,0.19184,0.18844,0.18946,251120,47852.8705
1788922800000,0.18946,0.18946,0.18597,0.18624,194180,36428.0111
1788923100000,0.18624,0.18624,0.18518,0.1854,136250,25285.7909
1788923400000,0.1854,0.18712,0.18449,0.1868,198170,36755.7925
1788923700000,0.1868,0.1873,0.18485,0.18615,127190,23748.9786
1788924000000,0.18615,0.18619,0.18477,0.18512,41880,7759.2606
1788924300000,0.18512,0.18512,0.18422,0.18437,55510,10244.6585
1788924600000,0.18437,0.18476,0.18294,0.18394,209670,38541.7442
1788924900000,0.18394,0.18547,0.18251,0.18465,278140,51157.7226
1788925200000,0.18465,0.18576,0.18454,0.1851,54370,10064.9938
1788925500000,0.1851,0.18536,0.18459,0.18467,60900,11261.534
1788925800000,0.18467,0.18558,0.18358,0.18368,126080,23263.483
1788926100000,0.18368,0.18383,0.18257,0.18323,181540,33225.6741
1788926400000,0.18323,0.18537,0.18204,0.18479,518210,95001.5001
1788926700000,0.18479,0.18576,0.18347,0.18347,245030,45311.8454
1788927000000,0.18347,0.18495,0.18286,0.18467,144160,26487.0292
1788927300000,0.18467,0.18467,0.18265,0.18302,154420,28322.9883
1788927600000,0.18302,0.18443,0.18288,0.18436,102700,18878.274
1788927900000,0.18436,0.18478,0.18325,0.18468,155360,28564.1521
1788928200000,0.18468,0.18515,0.18331,0.18437,210290,38790.6802
1788928500000,0.18437,0.1871,0.18418,0.18663,199570,37143.0903
1788928800000,0.18663,0.18803,0.18593,0.18772,223640,41826.8683
1788929100000,0.18772,0.18908,0.18675,0.18883,242500,45544.7413
1788929400000,0.18883,0.19013,0.18876,0.18996,316440,59947.2103
1788929700000,0.18996,0.19123,0.18894,0.19037,569940,108420.4595
1788930000000,0.19037,0.1935,0.18932,0.19183,518720,99628.3811
1788930300000,0.19183,0.19485,0.19169,0.19484,310320,59980.3549
1788930600000,0.19484,0.19581,0.19359,0.19539,544160,105988.8995
1788930900000,0.19539,0.19539,0.19087,0.19269,380540,73588.7496
1788931200000,0.19269,0.19435,0.19084,0.19162,254710,49059.4766
1788931500000,0.19162,0.19377,0.19119,0.19352,159700,30791.5391
1788931800000,0.19352,0.19413,0.19193,0.19314,241200,46561.9909
1788932100000,0.19314,0.19494,0.19231,0.19305,297100,57585.4289
1788932400000,0.19305,0.19455,0.19287,0.19327,268760,51993.8378
1788932700000,0.19327,0.19521,0.192,0.19404,710740,137563.2152
1788933000000,0.19404,0.19581,0.19357,0.19512,631800,123173.0476
1788933300000,0.19512,0.19649,0.19408,0.1964,308470,60236.0751
1788933600000,0.1964,0.1964,0.1941,0.19488,242690,47391.8027
1788933900000,0.19488,0.1973,0.1947,0.19695,153910,30234.1663
1788934200000,0.19695,0.19779,0.19569,0.19766,300840,59310.182
1788934500000,0.19766,0.20647,0.19686,0.20334,4093720,830381.3251
1788934800000,0.20334,0.20571,0.20087,0.2031,1146920,233293.5064
1788935100000,0.2031,0.20544,0.20183,0.20329,394110,80338.9085
1788935400000,0.20329,0.20536,0.20043,0.20069,1053790,214431.9924
1788935700000,0.20069,0.20273,0.20018,0.20129,343700,69184.2343
1788936000000,0.20129,0.20245,0.20055,0.20189,231640,46683.6145
1788936300000,0.20189,0.20219,0.2007,0.20189,363100,73208.8792
1788936600000,0.20189,0.20476,0.20139,0.20463,901350,183338.8858
1788936900000,0.20463,0.20464,0.20124,0.20127,335970,68193.9463
1788937200000,0.20127,0.20464,0.20115,0.20381,266720,54114.1667
1788937500000,0.20381,0.20502,0.20304,0.2034,175360,35732.6932
1788937800000,0.2034,0.20493,0.2018,0.20221,258480,52511.1222
1788938100000,0.20221,0.20221,0.1996,0.20067,733770,146978.6762
1788938400000,0.20067,0.20342,0.19994,0.20203,337820,68236.8519
1788938700000,0.20203,0.20396,0.20125,0.20384,271020,54943.6628
1788939000000,0.20384,0.20455,0.20271,0.20354,365130,74448.5224
1788939300000,0.20354,0.20532,0.20323,0.20362,384530,78568.771
1788939600000,0.20362,0.2045,0.2018,0.20358,464740,94406.4421
1788939900000,0.20358,0.20483,0.20147,0.20159,294090,59809.0092
1788940200000,0.20159,0.20185,0.19783,0.20064,819040,163511.8732
1788940500000,0.20064,0.20266,0.20016,0.20266,581030,116956.044
1788940800000,0.20266,0.20344,0.2015,0.20238,293030,59359.0049
1788941100000,0.20238,0.20418,0.20151,0.20372,157910,32038.5912
1788941400000,0.20372,0.20506,0.20258,0.20298,296720,60468.4365
1788941700000,0.20298,0.20494,0.20266,0.20409,254170,51829.9634
1788942000000,0.20409,0.20506,0.20291,0.2032,379160,77367.0449
1788942300000,0.2032,0.2035,0.20102,0.20127,310980,62826.1651
1788942600000,0.20127,0.20156,0.19959,0.20023,389790,78138.9415
1788942900000,0.20023,0.20133,0.19868,0.1994,262010,52390.1912
1788943200000,0.1994,0.20097,0.19889,0.19984,134510,26919.8506
1788943500000,0.19984,0.19984,0.19816,0.19935,168440,33521.4237
1788943800000,0.19935,0.1998,0.19757,0.19808,338110,67047.0798
1788944100000,0.19808,0.19846,0.19613,0.19665,340000,67086.3728
1788944400000,0.19665,0.19881,0.19609,0.19881,265100,52258.0626
1788944700000,0.19881,0.199,0.19704,0.19729,113660,22476.7103
1788945000000,0.19729,0.19729,0.19279,0.19413,1308420,254284.6058
1788945300000,0.19413,0.19543,0.19387,0.19395,235310,45780.7512
1788945600000,0.19395,0.19465,0.19368,0.19443,134410,26104.1318
1788945900000,0.19443,0.19507,0.193,0.19351,196800,38208.6558
1788946200000,0.19351,0.19523,0.19295,0.19523,245680,47638.7652
1788946500000,0.19523,0.19534,0.18955,0.18981,2138590,408593.1574
1788946800000,0.18981,0.19009,0.18631,0.18739,1601280,300660.1201
1788947100000,0.18739,0.1884,0.18655,0.18705,427170,80030.2637
1788947400000,0.18705,0.18873,0.18689,0.18756,388410,73016.2523
1788947700000,0.18756,0.18761,0.18473,0.18533,1072810,199266.8961
1788948000000,0.18533,0.18741,0.18497,0.18705,242150,45160.2369
1788948300000,0.18705,0.18729,0.18565,0.18574,186610,34798.6301
1788948600000,0.18574,0.18745,0.18545,0.18718,157980,29454.0037
1788948900000,0.18718,0.18806,0.18672,0.18774,240930,45174.2973
1788949200000,0.18774,0.18857,0.18737,0.18822,184690,34738.2425
1788949500000,0.18822,0.1892,0.18396,0.18447,1230640,229028.8073
1788949800000,0.18447,0.18467,0.17742,0.17989,4102710,740093.3953
1788950100000,0.17989,0.18163,0.17923,0.18072,910420,164535.9791
1788950400000,0.18072,0.18106,0.17935,0.17982,445040,80189.6593
1788950700000,0.17982,0.17982,0.17803,0.1784,682250,121887.7444
1788951000000,0.1784,0.1827,0.1784,0.18202,370180,66800.2885
1788951300000,0.18202,0.18587,0.18187,0.18563,571100,105349.3851
1788951600000,0.18563,0.18563,0.18319,0.18459,402890,74319.0667
1788951900000,0.18459,0.18459,0.1824,0.18398,180070,33040.205
1788952200000,0.18398,0.18423,0.18172,0.18213,213740,39073.8052
1788952500000,0.18213,0.1823,0.17995,0.18036,460050,83083.9682
1788952800000,0.18036,0.182,0.18022,0.18183,191520,34707.2846
1788953100000,0.18183,0.18446,0.18183,0.18438,361660,66335.8795
1788953400000,0.18438,0.1851,0.18351,0.18486,134640,24838.3921
1788953700000,0.18486,0.18585,0.18357,0.18421,405440,74930.9531
1788954000000,0.18421,0.18506,0.18372,0.18464,142140,26213.3173
1788954300000,0.18464,0.18624,0.18431,0.18624,148610,27538.2428
1788954600000,0.18624,0.18766,0.18591,0.18724,427150,79893.5517
1788954900000,0.18724,0.18731,0.18557,0.18649,199030,37074.692
1788955200000,0.18649,0.18702,0.18509,0.18674,300790,55934.5872
1788955500000,0.18674,0.18697,0.18524,0.1853,261130,48652.5214
1788955800000,0.1853,0.18597,0.18497,0.1857,86940,16125.3262
1788956100000,0.1857,0.18786,0.18568,0.18786,197610,36870.3617
1788956400000,0.18786,0.18963,0.18696,0.18932,375120,70610.4801
1788956700000,0.18932,0.19054,0.18875,0.19013,277110,52603.1718
1788957000000,0.19013,0.19428,0.18975,0.19291,1357780,261128.6124
1788957300000,0.19291,0.19671,0.19248,0.19574,1098700,214393.7631
1788957600000,0.19574,0.19634,0.19207,0.19283,1096950,212317.4948
1788957900000,0.19283,0.19416,0.1921,0.19339,233920,45216.5413
1788958200000,0.19339,0.19739,0.19338,0.19591,1504380,294139.3609
1788958500000,0.19591,0.19868,0.19338,0.19482,783410,153738.9579
1788958800000,0.19482,0.1956,0.19344,0.19532,225110,43801.2567
1788959100000,0.19532,0.19585,0.19341,0.19379,153590,29927.8122
1788959400000,0.19379,0.1943,0.1894,0.19092,1760640,336591.6495
1788959700000,0.19092,0.19275,0.1888,0.19043,439500,83809.5903
1788960000000,0.19043,0.19127,0.19012,0.1903,132980,25367.0019
1788960300000,0.1903,0.19121,0.1875,0.18781,242840,45965.468
1788960600000,0.18781,0.18873,0.18594,0.18789,670990,125728.1989
1788960900000,0.18789,0.18796,0.1845,0.18505,453830,84239.0435
1788961200000,0.18505,0.18629,0.18204,0.18396,595100,109131.334
1788961500000,0.18396,0.18583,0.18324,0.1837,450020,83192.2313
1788961800000,0.1837,0.18425,0.1821,0.18281,247430,45385.9578
1788962100000,0.18281,0.18437,0.18251,0.18273,177070,32475.9708
1788962400000,0.18273,0.18403,0.18221,0.18223,310060,56742.7409
1788962700000,0.18223,0.18339,0.18193,0.18283,281090,51356.4763
1788963000000,0.18283,0.1862,0.18022,0.18575,639510,116868.5004
1788963300000,0.18575,0.18611,0.18351,0.18541,630610,116467.9975
1788963600000,0.18541,0.18575,0.18296,0.18329,304660,56071.5382
1788963900000,0.18329,0.18395,0.18247,0.18307,391780,71750.3504
1788964200000,0.18307,0.18405,0.181,0.18186,516970,94130.0762
1788964500000,0.18186,0.18343,0.18106,0.18287,315080,57389.8501
1788964800000,0.18287,0.18508,0.18216,0.1822,342090,62836.4295
1788965100000,0.1822,0.18316,0.18071,0.18082,659260,119968.7432
1788965400000,0.18082,0.18153,0.1794,0.18021,529570,95593.7026
1788965700000,0.18021,0.18106,0.17806,0.17977,690250,123884.2558
1788966000000,0.17977,0.18251,0.17859,0.18001,531800,95990.2955
1788966300000,0.18001,0.18055,0.17609,0.17774,942700,167400.5502
1788966600000,0.17774,0.1782,0.16797,0.17065,4130570,708810.098
1788966900000,0.17065,0.17456,0.16981,0.17387,801450,138310.6129
1788967200000,0.17387,0.17453,0.16874,0.16875,1263710,216906.938
1788967500000,0.16875,0.17081,0.16734,0.1697,1695220,286363.3666
1788967800000,0.1697,0.17332,0.16941,0.1702,792480,135566.2669
1788968100000,0.1702,0.17379,0.16964,0.17363,717370,123071.6508
1788968400000,0.17363,0.17601,0.17216,0.17488,619950,108151.0992
1788968700000,0.17488,0.17686,0.17449,0.17681,501160,88059.5525
1788969000000,0.17681,0.17692,0.17494,0.17655,508740,89482.0466
1788969300000,0.17655,0.17756,0.17485,0.17712,510280,89968.7319
1788969600000,0.17712,0.17969,0.17543,0.17599,2261370,400659.9157
1788969900000,0.17599,0.17668,0.17127,0.17427,1722830,298520.9402
1788970200000,0.17427,0.18126,0.17405,0.18085,1264190,224706.4638
1788970500000,0.18085,0.18513,0.18027,0.18297,2095080,381713.4973
1788970800000,0.18297,0.18326,0.18099,0.18311,1207430,219911.8677
1788971100000,0.18311,0.18407,0.1805,0.18162,607310,110426.0596
1788971400000,0.18162,0.18301,0.18029,0.18102,464670,84365.3836
1788971700000,0.18102,0.1837,0.18068,0.18263,449730,82054.7869
1788972000000,0.18263,0.18502,0.18135,0.18448,501230,91600.0743
1788972300000,0.18448,0.18498,0.18297,0.1832,278790,51305.1917
1788972600000,0.1832,0.18369,0.18233,0.18291,200040,36647.0071
1788972900000,0.18291,0.1833,0.18173,0.18312,228410,41697.8898
1788973200000,0.18312,0.18363,0.18101,0.18158,200950,36681.2132
1788973500000,0.18158,0.18334,0.18101,0.18254,137160,25012.0746
1788973800000,0.18254,0.18328,0.18216,0.183,178700,32667.3804
1788974100000,0.183,0.18321,0.18177,0.18234,110030,20059.7362
1788974400000,0.18234,0.18239,0.18186,0.18239,34330,6252.6996
1788974700000,0.18239,0.18291,0.18031,0.18056,96580,17522.9106
1788975000000,0.18056,0.18076,0.17873,0.1803,398560,71679.4501
1788975300000,0.1803,0.1803,0.17457,0.17532,1049730,185179.4046
1788975600000,0.17532,0.17644,0.17532,0.1764,166180,29225.1014
1788975900000,0.1764,0.17726,0.17569,0.17595,147850,26096.1014
1788976200000,0.17595,0.17882,0.17566,0.17859,274110,48677.8586
1788976500000,0.17859,0.17886,0.1775,0.17836,177910,31694.962
1788976800000,0.17836,0.17901,0.17457,0.17525,291670,51508.4109
1788977100000,0.17525,0.17734,0.1751,0.17714,373060,65797.6768
1788977400000,0.17714,0.17736,0.17483,0.17563,215920,38098.0701
1788977700000,0.17563,0.17657,0.17533,0.17557,150850,26561.8839
1788978000000,0.17557,0.17679,0.17459,0.17613,512480,90159.7739
1788978300000,0.17613,0.17692,0.17528,0.17576,140030,24683.9856
1788978600000,0.17576,0.17633,0.17445,0.17455,106840,18750.3422
1788978900000,0.17455,0.17461,0.17074,0.17116,630570,108826.9393
1788979200000,0.17116,0.17284,0.17035,0.17035,407890,70042.3839
1788979500000,0.17035,0.1716,0.16884,0.17033,531060,90411.0521
1788979800000,0.17033,0.17058,0.168,0.16835,842460,142033.8116
1788980100000,0.16835,0.17128,0.16801,0.17077,1039230,176134.3813
1788980400000,0.17077,0.17306,0.16652,0.168,1959340,331191.4204
1788980700000,0.168,0.17103,0.16744,0.16921,661410,112061.6956
1788981000000,0.16921,0.17003,0.16684,0.16995,434200,73107.2637
1788981300000,0.16995,0.17262,0.16928,0.17235,246580,42197.5623
1788981600000,0.17235,0.17427,0.17126,0.17367,443110,76579.1075
1788981900000,0.17367,0.17377,0.17143,0.17206,499400,86219.466
1788982200000,0.17206,0.17217,0.17096,0.17131,90450,15537.848
1788982500000,0.17131,0.17137,0.16746,0.16829,436960,73963.1273
1788982800000,0.16829,0.17,0.16769,0.16837,668560,112802.6527
1788983100000,0.16837,0.16918,0.16795,0.16863,408590,68915.4214
1788983400000,0.16863,0.16863,0.15701,0.15789,7427410,1200165.234
1788983700000,0.15789,0.16351,0.15701,0.16291,2595730,417449.6052
1788984000000,0.16291,0.16732,0.16271,0.16454,2277910,376493.0445
1788984300000,0.16454,0.16624,0.16325,0.16589,1100900,181158.6396
1788984600000,0.16589,0.16677,0.1652,0.16636,736810,122266.7722
1788984900000,0.16636,0.16815,0.16428,0.16497,823600,137197.1584
1788985200000,0.16497,0.16517,0.16223,0.16334,519980,85107.6821
1788985500000,0.16334,0.16435,0.15999,0.16282,1244010,201864.8134
1788985800000,0.16282,0.16404,0.16231,0.16367,477240,77987.6318
1788986100000,0.16367,0.16517,0.16324,0.16452,786690,129101.373
1788986400000,0.16452,0.16512,0.16382,0.16417,444820,73195.0277
1788986700000,0.16417,0.1648,0.16256,0.16304,308650,50598.6417
1788987000000,0.16304,0.16513,0.163,0.16414,241680,39672.1702
1788987300000,0.16414,0.16494,0.16287,0.16466,345530,56645.2053
1788987600000,0.16466,0.16543,0.16401,0.16486,472110,77766.8112
1788987900000,0.16486,0.16608,0.16475,0.16531,262820,43488.548
1788988200000,0.16531,0.16546,0.1633,0.16365,227940,37433.8093
1788988500000,0.16365,0.16422,0.16261,0.16289,258350,42190.9361
1788988800000,0.16289,0.16432,0.162,0.16432,270460,44067.2789
1788989100000,0.16432,0.16489,0.16227,0.16254,225680,36923.2604
1788989400000,0.16254,0.16337,0.15951,0.15951,296160,47736.8803
1788989700000,0.15951,0.16,0.1578,0.15837,660060,104697.0152
1788990000000,0.15837,0.15864,0.1564,0.15837,704840,111316.6881
1788990300000,0.15837,0.15869,0.15501,0.15738,1165070,182714.0908
1788990600000,0.15738,0.15742,0.15561,0.15637,584350,91216.1178
1788990900000,0.15637,0.15971,0.15603,0.15947,427150,67182.4764
1788991200000,0.15947,0.15985,0.15775,0.15816,776370,123401.4391
1788991500000,0.15816,0.15823,0.15479,0.15743,965510,150901.237
1788991800000,0.15743,0.15965,0.15633,0.15642,800960,126672.1553
1788992100000,0.15642,0.16011,0.15541,0.15892,1026580,162645.2779
1788992400000,0.15892,0.16249,0.15875,0.16168,1117530,179668.8162
1788992700000,0.16168,0.1627,0.15934,0.15995,1058490,169833.5282
1788993000000,0.15995,0.1608,0.15938,0.15987,412750,66030.5077
1788993300000,0.15987,0.16037,0.15813,0.1583,293180,46682.4734
1788993600000,0.1583,0.15897,0.15755,0.15868,232760,36828.9042
1788993900000,0.15868,0.16156,0.15851,0.16052,303590,48832.6691
1788994200000,0.16052,0.16249,0.16044,0.16193,427900,69249.1572
1788994500000,0.16193,0.16246,0.161,0.16232,101070,16328.5436
1788994800000,0.16232,0.16311,0.16121,0.16248,298010,48379.3821
1788995100000,0.16248,0.16751,0.16191,0.16743,971880,160683.5618
1788995400000,0.16743,0.16773,0.16548,0.16563,571020,95237.0332
1788995700000,0.16563,0.16843,0.16492,0.16597,674040,112372.4856
1788996000000,0.16597,0.16912,0.16544,0.16835,1344380,225545.7193
1788996300000,0.16835,0.17075,0.16658,0.168,1199620,201770.5093
1788996600000,0.168,0.17043,0.16786,0.16945,391830,66327.3296
1788996900000,0.16945,0.17077,0.16861,0.16861,278370,47292.0551
1788997200000,0.16861,0.1702,0.16646,0.16788,618630,104280.7134
1788997500000,0.16788,0.16909,0.1664,0.16901,282100,47382.6204
1788997800000,0.16901,0.16961,0.16755,0.16802,260570,44012.6432
1788998100000,0.16802,0.16802,0.16715,0.16749,135290,22670.2355
1788998400000,0.16749,0.16791,0.16432,0.16553,550090,91079.2255
1788998700000,0.16553,0.16671,0.16008,0.1608,1109130,179947.6777
1788999000000,0.1608,0.16248,0.1608,0.16218,334530,54098.357
1788999300000,0.16218,0.16296,0.16113,0.1626,176310,28548.1492
1788999600000,0.1626,0.16355,0.1619,0.163,208600,33940.0884
1788999900000,0.163,0.16338,0.16185,0.16311,240220,39014.0628
1789000200000,0.16311,0.16352,0.16144,0.16289,278970,45362.4095
1789000500000,0.16289,0.16439,0.16271,0.16439,203050,33207.1824
1789000800000,0.16439,0.16448,0.16152,0.16208,187190,30495.8438
1789001100000,0.16208,0.16357,0.16172,0.16352,99930,16264.9785
1789001400000,0.16352,0.16362,0.16081,0.1609,129930,21090.2631
1789001700000,0.1609,0.16146,0.15965,0.15988,195100,31288.4222
1789002000000,0.15988,0.16157,0.1588,0.16057,803000,128435.7529
1789002300000,0.16057,0.16266,0.16057,0.16239,710650,115015.8974
1789002600000,0.16239,0.1667,0.16132,0.1665,385550,63215.5813
1789002900000,0.1665,0.16883,0.16551,0.16608,697280,116495.407
1789003200000,0.16608,0.16619,0.16443,0.16465,127790,21127.2424
1789003500000,0.16465,0.16576,0.16387,0.16412,253250,41712.2533
1789003800000,0.16412,0.16471,0.16124,0.16171,168590,27483.8831
1789004100000,0.16171,0.16171,0.15968,0.16047,409290,65659.6925
1789004400000,0.16047,0.1628,0.16042,0.16225,184540,29871.0811
1789004700000,0.16225,0.16414,0.1615,0.16342,140050,22807.9953
1789005000000,0.16342,0.16346,0.15968,0.16225,441900,71123.9934
1789005300000,0.16225,0.16335,0.16174,0.16222,145350,23602.8851
1789005600000,0.16222,0.16295,0.161,0.1624,121420,19695.3763
1789005900000,0.1624,0.16322,0.16212,0.16269,92830,15098.2456
1789006200000,0.16269,0.16338,0.16097,0.16296,134140,21766.8131
1789006500000,0.16296,0.16563,0.16285,0.16523,152530,25092.2985
1789006800000,0.16523,0.16591,0.16469,0.16523,339250,56171.8216
1789007100000,0.16523,0.16791,0.16474,0.16779,240910,40078.5764
1789007400000,0.16779,0.16816,0.16656,0.1672,196220,32863.9982
1789007700000,0.1672,0.16858,0.16638,0.16832,160640,26877.8332
1789008000000,0.16832,0.16982,0.1676,0.16888,319370,53901.0495
1789008300000,0.16888,0.17063,0.16847,0.17055,300390,51001.9046
1789008600000,0.17055,0.1708,0.16957,0.1706,156350,26598.4824
1789008900000,0.1706,0.17142,0.17054,0.17096,196820,33675.397
1789009200000,0.17096,0.17168,0.17,0.17145,211650,36159.0684
1789009500000,0.17145,0.17262,0.16851,0.17236,741190,126418.2944
1789009800000,0.17236,0.17537,0.17158,0.17389,541360,93870.3904
1789010100000,0.17389,0.17694,0.17304,0.1764,779180,136728.3963
1789010400000,0.1764,0.17683,0.17543,0.17666,645570,113647.9426
1789010700000,0.17666,0.17686,0.17488,0.1762,300920,52917.5235
1789011000000,0.1762,0.17663,0.17441,0.17536,352950,61948.3675
1789011300000,0.17536,0.1764,0.1748,0.17552,213050,37393.3351
1789011600000,0.17552,0.17679,0.17316,0.17392,261790,45782.6838
1789011900000,0.17392,0.17394,0.17136,0.17172,297670,51280.7675
1789012200000,0.17172,0.17211,0.16995,0.17094,250710,42872.7144
1789012500000,0.17094,0.17223,0.1704,0.17092,179410,30744.5752
1789012800000,0.17092,0.17271,0.17087,0.17257,80570,13857.3721
1789013100000,0.17257,0.17356,0.1722,0.17343,133700,23147.5679
1789013400000,0.17343,0.1743,0.17321,0.17372,111850,19430.1458
1789013700000,0.17372,0.17431,0.17277,0.17315,231060,40091.4975
1789014000000,0.17315,0.17329,0.17158,0.17213,83810,14465.5217
1789014300000,0.17213,0.17301,0.17168,0.17273,128730,22190.6029
1789014600000,0.17273,0.17312,0.16922,0.16984,197310,33651.1428
1789014900000,0.16984,0.17024,0.16895,0.16952,142440,24143.1826
1789015200000,0.16952,0.17048,0.16944,0.17015,100260,17052.3083
1789015500000,0.17015,0.17028,0.16912,0.17005,110520,18750.2223
1789015800000,0.17005,0.1704,0.16909,0.16961,59510,10092.5605
1789016100000,0.16961,0.16981,0.1665,0.16736,678230,113554.2772
1789016400000,0.16736,0.16789,0.16674,0.16689,161890,27118.4828
1789016700000,0.16689,0.16785,0.16671,0.16783,87340,14600.2478
