2026-06-18 10:38:07,932 - INFO - Trading loop started.
2026-06-18 10:38:08,084 - INFO - Error processing ADAUSDT: coroutine ignored GeneratorExit
2026-06-18 10:38:08,084 - INFO - Error processing BNBUSDT: coroutine ignored GeneratorExit
2026-06-18 10:38:08,085 - INFO - Error processing BTCUSDT: coroutine ignored GeneratorExit
2026-06-18 10:38:08,085 - INFO - Error processing SOLUSDT: coroutine ignored GeneratorExit
2026-06-18 10:38:08,085 - INFO - Error processing CHZUSDT: coroutine ignored GeneratorExit
2026-06-18 10:38:08,085 - INFO - Error processing HBARUSDT: coroutine ignored GeneratorExit
2026-06-18 10:38:08,086 - INFO - Error processing ALGOUSDT: coroutine ignored GeneratorExit
2026-06-18 10:38:08,086 - INFO - Error processing AAVEUSDT: coroutine ignored GeneratorExit
2026-06-18 10:39:19,803 - INFO - Trading loop started.
2026-06-18 10:39:20,200 - INFO - Error processing ADAUSDT: 'BotSettings' object has no attribute 'rsi_oversold'
2026-06-18 10:39:20,240 - INFO - EMA filter rejected bearish FVG: close 74.7100 > EMA 74.6661 or Fast EMA > Slow EMA
2026-06-18 10:39:20,249 - INFO - Error processing ENJUSDT: 'BotSettings' object has no attribute 'rsi_overbought'
2026-06-18 10:39:20,304 - INFO - Error processing VETUSDT: 'BotSettings' object has no attribute 'rsi_oversold'
2026-06-18 10:39:20,329 - INFO - EMA filter rejected bearish FVG: close 0.2373 > EMA 0.2282 or Fast EMA > Slow EMA
2026-06-18 10:39:20,961 - INFO - Error processing DOGEUSDT: 'BotSettings' object has no attribute 'rsi_oversold'
2026-06-18 10:39:36,266 - INFO - Error processing ENJUSDT: 'BotSettings' object has no attribute 'rsi_overbought'
2026-06-18 10:39:36,280 - INFO - EMA filter rejected bearish FVG: close 0.2373 > EMA 0.2282 or Fast EMA > Slow EMA
2026-06-18 10:39:36,337 - INFO - EMA filter rejected bearish FVG: close 74.7100 > EMA 74.6661 or Fast EMA > Slow EMA
2026-06-18 10:39:36,354 - INFO - Error processing ADAUSDT: 'BotSettings' object has no attribute 'rsi_oversold'
2026-06-18 10:39:36,379 - INFO - Error processing DOGEUSDT: 'BotSettings' object has no attribute 'rsi_oversold'
2026-06-18 10:39:36,412 - INFO - Error processing VETUSDT: 'BotSettings' object has no attribute 'rsi_oversold'
2026-06-18 10:39:52,394 - INFO - Error processing ADAUSDT: 'BotSettings' object has no attribute 'rsi_oversold'
2026-06-18 10:39:52,413 - INFO - Error processing ENJUSDT: 'BotSettings' object has no attribute 'rsi_overbought'
2026-06-18 10:39:52,428 - INFO - EMA filter rejected bearish FVG: close 0.2377 > EMA 0.2282 or Fast EMA > Slow EMA
2026-06-18 10:39:52,497 - INFO - Error processing DOGEUSDT: 'BotSettings' object has no attribute 'rsi_oversold'
2026-06-18 10:39:52,531 - INFO - Error processing VETUSDT: 'BotSettings' object has no attribute 'rsi_oversold'
2026-06-18 10:39:52,545 - INFO - EMA filter rejected bearish FVG: close 74.7800 > EMA 74.6668 or Fast EMA > Slow EMA
2026-06-18 10:40:08,727 - INFO - Error processing ADAUSDT: 'BotSettings' object has no attribute 'rsi_oversold'
2026-06-18 10:40:08,794 - INFO - EMA filter rejected bearish FVG: close 0.2377 > EMA 0.2282 or Fast EMA > Slow EMA
2026-06-18 10:40:08,807 - INFO - Error processing ENJUSDT: 'BotSettings' object has no attribute 'rsi_overbought'
2026-06-18 10:40:08,828 - INFO - EMA filter rejected bearish FVG: close 74.7500 > EMA 74.6665 or Fast EMA > Slow EMA
2026-06-18 10:40:08,865 - INFO - Error processing VETUSDT: 'BotSettings' object has no attribute 'rsi_oversold'
2026-06-18 10:40:08,892 - INFO - Error processing DOGEUSDT: 'BotSettings' object has no attribute 'rsi_oversold'
2026-06-18 10:40:24,666 - INFO - Error processing ENJUSDT: 'BotSettings' object has no attribute 'rsi_overbought'
2026-06-18 10:40:24,687 - INFO - Error processing DOGEUSDT: 'BotSettings' object has no attribute 'rsi_oversold'
2026-06-18 10:40:24,742 - INFO - Error processing ADAUSDT: 'BotSettings' object has no attribute 'rsi_oversold'
2026-06-18 10:40:24,759 - INFO - EMA filter rejected bearish FVG: close 74.6800 > EMA 74.6658 or Fast EMA > Slow EMA
2026-06-18 10:40:24,786 - INFO - EMA filter rejected bearish FVG: close 0.2375 > EMA 0.2282 or Fast EMA > Slow EMA
2026-06-18 10:40:24,819 - INFO - Error processing VETUSDT: 'BotSettings' object has no attribute 'rsi_oversold'
2026-06-18 10:40:40,613 - INFO - Error processing ENJUSDT: 'BotSettings' object has no attribute 'rsi_overbought'
2026-06-18 10:40:40,690 - INFO - Error processing ADAUSDT: 'BotSettings' object has no attribute 'rsi_oversold'
2026-06-18 10:40:40,707 - INFO - Error processing DOGEUSDT: 'BotSettings' object has no attribute 'rsi_oversold'
2026-06-18 10:40:40,744 - INFO - EMA filter rejected bearish FVG: close 74.6800 > EMA 74.6658 or Fast EMA > Slow EMA
2026-06-18 10:40:40,771 - INFO - EMA filter rejected bearish FVG: close 0.2370 > EMA 0.2282 or Fast EMA > Slow EMA
2026-06-18 10:40:40,798 - INFO - Error processing VETUSDT: 'BotSettings' object has no attribute 'rsi_oversold'
2026-06-18 10:40:56,563 - INFO - Error processing ENJUSDT: 'BotSettings' object has no attribute 'rsi_overbought'
2026-06-18 10:40:56,653 - INFO - Error processing ADAUSDT: 'BotSettings' object has no attribute 'rsi_oversold'
2026-06-18 10:40:56,677 - INFO - Error processing AAVEUSDT: 'BotSettings' object has no attribute 'rsi_oversold'
2026-06-18 10:40:56,695 - INFO - Error processing DOGEUSDT: 'BotSettings' object has no attribute 'rsi_oversold'
2026-06-18 10:40:56,705 - INFO - EMA filter rejected bearish FVG: close 0.2370 > EMA 0.2282 or Fast EMA > Slow EMA
2026-06-18 10:40:56,726 - INFO - Error processing VETUSDT: 'BotSettings' object has no attribute 'rsi_oversold'
2026-06-18 10:41:12,517 - INFO - Error processing ENJUSDT: 'BotSettings' object has no attribute 'rsi_overbought'
2026-06-18 10:41:12,558 - INFO - EMA filter rejected bearish FVG: close 0.2370 > EMA 0.2282 or Fast EMA > Slow EMA
2026-06-18 10:41:12,604 - INFO - Error processing AAVEUSDT: 'BotSettings' object has no attribute 'rsi_oversold'
2026-06-18 10:41:12,612 - INFO - Error processing ADAUSDT: 'BotSettings' object has no attribute 'rsi_oversold'
2026-06-18 10:41:12,638 - INFO - Error processing DOGEUSDT: 'BotSettings' object has no attribute 'rsi_oversold'
2026-06-18 10:41:12,655 - INFO - Error processing VETUSDT: 'BotSettings' object has no attribute 'rsi_oversold'
2026-06-18 10:41:28,464 - INFO - Error processing AAVEUSDT: 'BotSettings' object has no attribute 'rsi_oversold'
2026-06-18 10:41:28,474 - INFO - Error processing ENJUSDT: 'BotSettings' object has no attribute 'rsi_overbought'
2026-06-18 10:41:28,557 - INFO - Error processing DOGEUSDT: 'BotSettings' object has no attribute 'rsi_oversold'
2026-06-18 10:41:28,570 - INFO - EMA filter rejected bearish FVG: close 0.2371 > EMA 0.2282 or Fast EMA > Slow EMA
2026-06-18 10:41:28,578 - INFO - Error processing ADAUSDT: 'BotSettings' object has no attribute 'rsi_oversold'
2026-06-18 10:41:28,606 - INFO - Error processing VETUSDT: 'BotSettings' object has no attribute 'rsi_oversold'
2026-06-18 10:41:44,376 - INFO - Error processing ADAUSDT: 'BotSettings' object has no attribute 'rsi_oversold'
2026-06-18 10:41:44,444 - INFO - Error processing DOGEUSDT: 'BotSettings' object has no attribute 'rsi_oversold'
2026-06-18 10:41:44,461 - INFO - EMA filter rejected bearish FVG: close 0.2368 > EMA 0.2282 or Fast EMA > Slow EMA
2026-06-18 10:41:44,470 - INFO - Error processing ENJUSDT: 'BotSettings' object has no attribute 'rsi_overbought'
2026-06-18 10:41:44,506 - INFO - Error processing VETUSDT: 'BotSettings' object has no attribute 'rsi_oversold'
2026-06-18 10:41:44,828 - INFO - Error processing AAVEUSDT: 'BotSettings' object has no attribute 'rsi_oversold'
2026-06-18 10:42:00,319 - INFO - Error processing ADAUSDT: 'BotSettings' object has no attribute 'rsi_oversold'
2026-06-18 10:42:00,329 - INFO - Error processing DOGEUSDT: 'BotSettings' object has no attribute 'rsi_oversold'
2026-06-18 10:42:00,337 - INFO - Error processing ENJUSDT: 'BotSettings' object has no attribute 'rsi_overbought'
2026-06-18 10:42:00,427 - INFO - Error processing AAVEUSDT: 'BotSettings' object has no attribute 'rsi_oversold'
2026-06-18 10:42:00,476 - INFO - Error processing VETUSDT: 'BotSettings' object has no attribute 'rsi_oversold'
2026-06-18 10:42:00,485 - INFO - EMA filter rejected bearish FVG: close 0.2370 > EMA 0.2282 or Fast EMA > Slow EMA
2026-06-18 10:42:16,224 - INFO - Error processing ADAUSDT: 'BotSettings' object has no attribute 'rsi_oversold'
2026-06-18 10:42:16,277 - INFO - Error processing AAVEUSDT: 'BotSettings' object has no attribute 'rsi_oversold'
2026-06-18 10:42:16,343 - INFO - Error processing DOGEUSDT: 'BotSettings' object has no attribute 'rsi_oversold'
2026-06-18 10:42:16,367 - INFO - EMA filter rejected bearish FVG: close 0.2369 > EMA 0.2282 or Fast EMA > Slow EMA
2026-06-18 10:42:16,384 - INFO - Error processing VETUSDT: 'BotSettings' object has no attribute 'rsi_oversold'
2026-06-18 10:42:16,404 - INFO - Error processing ENJUSDT: 'BotSettings' object has no attribute 'rsi_overbought'
2026-06-18 10:42:32,226 - INFO - Error processing ENJUSDT: 'BotSettings' object has no attribute 'rsi_overbought'
2026-06-18 10:42:32,243 - INFO - Error processing ADAUSDT: 'BotSettings' object has no attribute 'rsi_oversold'
2026-06-18 10:42:32,268 - INFO - EMA filter rejected bearish FVG: close 0.2369 > EMA 0.2282 or Fast EMA > Slow EMA
2026-06-18 10:42:32,277 - INFO - Error processing DOGEUSDT: 'BotSettings' object has no attribute 'rsi_oversold'
2026-06-18 10:42:32,297 - INFO - Error processing VETUSDT: 'BotSettings' object has no attribute 'rsi_oversold'
2026-06-18 10:42:32,579 - INFO - Error processing AAVEUSDT: 'BotSettings' object has no attribute 'rsi_oversold'
2026-06-18 10:42:48,050 - INFO - Error processing ADAUSDT: 'BotSettings' object has no attribute 'rsi_oversold'
2026-06-18 10:42:48,132 - INFO - Error processing AAVEUSDT: 'BotSettings' object has no attribute 'rsi_oversold'
2026-06-18 10:42:48,145 - INFO - EMA filter rejected bearish FVG: close 0.2370 > EMA 0.2282 or Fast EMA > Slow EMA
2026-06-18 10:42:48,162 - INFO - Error processing ENJUSDT: 'BotSettings' object has no attribute 'rsi_overbought'
2026-06-18 10:42:48,179 - INFO - Error processing DOGEUSDT: 'BotSettings' object has no attribute 'rsi_oversold'
2026-06-18 10:42:48,496 - INFO - Error processing VETUSDT: 'BotSettings' object has no attribute 'rsi_oversold'
2026-06-18 10:43:04,266 - INFO - Error processing ADAUSDT: 'BotSettings' object has no attribute 'rsi_oversold'
2026-06-18 10:43:04,279 - INFO - Error processing ENJUSDT: 'BotSettings' object has no attribute 'rsi_overbought'
2026-06-18 10:43:04,361 - INFO - EMA filter rejected bearish FVG: close 0.2372 > EMA 0.2282 or Fast EMA > Slow EMA
2026-06-18 10:43:04,378 - INFO - Error processing DOGEUSDT: 'BotSettings' object has no attribute 'rsi_oversold'
2026-06-18 10:43:04,391 - INFO - Error processing AAVEUSDT: 'BotSettings' object has no attribute 'rsi_oversold'
2026-06-18 10:43:04,423 - INFO - Error processing VETUSDT: 'BotSettings' object has no attribute 'rsi_oversold'
2026-06-18 10:43:20,321 - INFO - Error processing ADAUSDT: 'BotSettings' object has no attribute 'rsi_oversold'
2026-06-18 10:43:20,404 - INFO - Error processing ENJUSDT: 'BotSettings' object has no attribute 'rsi_overbought'
2026-06-18 10:43:20,413 - INFO - EMA filter rejected bearish FVG: close 0.2373 > EMA 0.2282 or Fast EMA > Slow EMA
2026-06-18 10:43:20,425 - INFO - Error processing DOGEUSDT: 'BotSettings' object has no attribute 'rsi_oversold'
2026-06-18 10:43:20,438 - INFO - Error processing AAVEUSDT: 'BotSettings' object has no attribute 'rsi_oversold'
2026-06-18 10:43:20,468 - INFO - Error processing VETUSDT: 'BotSettings' object has no attribute 'rsi_oversold'
2026-06-18 10:43:36,305 - INFO - Error processing ENJUSDT: 'BotSettings' object has no attribute 'rsi_overbought'
2026-06-18 10:43:36,324 - INFO - Error processing ADAUSDT: 'BotSettings' object has no attribute 'rsi_oversold'
2026-06-18 10:43:36,348 - INFO - Error processing AAVEUSDT: 'BotSettings' object has no attribute 'rsi_oversold'
2026-06-18 10:43:36,386 - INFO - EMA filter rejected bearish FVG: close 0.2377 > EMA 0.2282 or Fast EMA > Slow EMA
2026-06-18 10:43:36,407 - INFO - Error processing DOGEUSDT: 'BotSettings' object has no attribute 'rsi_oversold'
2026-06-18 10:43:36,662 - INFO - Error processing VETUSDT: 'BotSettings' object has no attribute 'rsi_oversold'
2026-06-18 10:43:52,540 - INFO - Error processing ADAUSDT: 'BotSettings' object has no attribute 'rsi_oversold'
2026-06-18 10:43:52,557 - INFO - Error processing ENJUSDT: 'BotSettings' object has no attribute 'rsi_overbought'
2026-06-18 10:43:52,590 - INFO - Error processing AAVEUSDT: 'BotSettings' object has no attribute 'rsi_oversold'
2026-06-18 10:43:52,652 - INFO - EMA filter rejected bearish FVG: close 0.2376 > EMA 0.2282 or Fast EMA > Slow EMA
2026-06-18 10:43:52,664 - INFO - Error processing DOGEUSDT: 'BotSettings' object has no attribute 'rsi_oversold'
2026-06-18 10:43:52,692 - INFO - Error processing VETUSDT: 'BotSettings' object has no attribute 'rsi_oversold'
2026-06-18 10:44:08,473 - INFO - Error processing ENJUSDT: 'BotSettings' object has no attribute 'rsi_overbought'
2026-06-18 10:44:08,534 - INFO - Error processing ADAUSDT: 'BotSettings' object has no attribute 'rsi_oversold'
2026-06-18 10:44:08,544 - INFO - EMA filter rejected bearish FVG: close 0.2375 > EMA 0.2282 or Fast EMA > Slow EMA
2026-06-18 10:44:08,560 - INFO - Error processing AAVEUSDT: 'BotSettings' object has no attribute 'rsi_oversold'
2026-06-18 10:44:08,600 - INFO - Error processing VETUSDT: 'BotSettings' object has no attribute 'rsi_oversold'
2026-06-18 10:44:08,626 - INFO - Error processing DOGEUSDT: 'BotSettings' object has no attribute 'rsi_oversold'
2026-06-18 10:44:15,640 - INFO - Trading loop started.
2026-06-18 10:44:16,307 - INFO - Error processing BNBUSDT: 'BotSettings' object has no attribute 'rsi_oversold'
2026-06-18 10:44:16,320 - INFO - Error processing BTCUSDT: 'BotSettings' object has no attribute 'rsi_oversold'
2026-06-18 10:44:16,333 - INFO - Error processing XRPUSDT: 'BotSettings' object has no attribute 'rsi_oversold'
2026-06-18 10:44:16,345 - INFO - Error processing CHZUSDT: 'BotSettings' object has no attribute 'rsi_oversold'
2026-06-18 10:44:16,356 - INFO - Error processing AVAXUSDT: 'BotSettings' object has no attribute 'rsi_oversold'
2026-06-18 10:44:16,412 - INFO - Error processing AAVEUSDT: 'BotSettings' object has no attribute 'rsi_oversold'
2026-06-18 10:44:16,434 - INFO - Error processing ENJUSDT: 'BotSettings' object has no attribute 'rsi_overbought'
2026-06-18 10:44:16,451 - INFO - Error processing LTCUSDT: 'BotSettings' object has no attribute 'rsi_oversold'
2026-06-18 10:44:16,467 - INFO - Error processing DOTUSDT: 'BotSettings' object has no attribute 'rsi_oversold'
2026-06-18 10:44:16,483 - INFO - Error processing VETUSDT: 'BotSettings' object has no attribute 'rsi_oversold'
2026-06-18 10:44:16,498 - INFO - Error processing THETAUSDT: 'BotSettings' object has no attribute 'rsi_oversold'
2026-06-18 10:44:16,511 - INFO - Error processing FILUSDT: 'BotSettings' object has no attribute 'rsi_oversold'
2026-06-18 10:44:16,525 - INFO - Error processing LINKUSDT: 'BotSettings' object has no attribute 'rsi_oversold'
2026-06-18 10:44:16,563 - INFO - Error processing DOGEUSDT: 'BotSettings' object has no attribute 'rsi_oversold'
2026-06-18 10:44:16,575 - INFO - Error processing ADAUSDT: 'BotSettings' object has no attribute 'rsi_oversold'
2026-06-18 10:44:16,587 - INFO - Error processing GRTUSDT: 'BotSettings' object has no attribute 'rsi_oversold'
2026-06-18 10:44:16,599 - INFO - Error processing ICPUSDT: 'BotSettings' object has no attribute 'rsi_oversold'
2026-06-18 10:44:16,609 - INFO - Error processing HBARUSDT: 'BotSettings' object has no attribute 'rsi_oversold'
2026-06-18 10:44:16,621 - INFO - Error processing UNIUSDT: 'BotSettings' object has no attribute 'rsi_oversold'
2026-06-18 10:44:16,650 - INFO - Error processing SOLUSDT: 'BotSettings' object has no attribute 'rsi_oversold'
2026-06-18 10:44:16,662 - INFO - Error processing XTZUSDT: 'BotSettings' object has no attribute 'rsi_oversold'
2026-06-18 10:44:32,453 - INFO - Error processing HBARUSDT: 'BotSettings' object has no attribute 'rsi_oversold'
2026-06-18 10:44:32,471 - INFO - Error processing ENJUSDT: 'BotSettings' object has no attribute 'rsi_overbought'
2026-06-18 10:44:32,481 - INFO - Error processing CHZUSDT: 'BotSettings' object has no attribute 'rsi_oversold'
2026-06-18 10:44:32,491 - INFO - Error processing BNBUSDT: 'BotSettings' object has no attribute 'rsi_oversold'
2026-06-18 10:44:32,503 - INFO - Error processing SOLUSDT: 'BotSettings' object has no attribute 'rsi_oversold'
2026-06-18 10:44:32,563 - INFO - Error processing ADAUSDT: 'BotSettings' object has no attribute 'rsi_oversold'
2026-06-18 10:44:32,574 - INFO - Error processing AAVEUSDT: 'BotSettings' object has no attribute 'rsi_oversold'
2026-06-18 10:44:32,585 - INFO - Error processing XRPUSDT: 'BotSettings' object has no attribute 'rsi_oversold'
2026-06-18 10:44:32,596 - INFO - Error processing DOGEUSDT: 'BotSettings' object has no attribute 'rsi_oversold'
2026-06-18 10:44:32,612 - INFO - Error processing AVAXUSDT: 'BotSettings' object has no attribute 'rsi_oversold'
2026-06-18 10:44:32,623 - INFO - Error processing FILUSDT: 'BotSettings' object has no attribute 'rsi_oversold'
2026-06-18 10:44:32,633 - INFO - Error processing THETAUSDT: 'BotSettings' object has no attribute 'rsi_oversold'
2026-06-18 10:44:32,654 - INFO - Error processing BTCUSDT: 'BotSettings' object has no attribute 'rsi_oversold'
2026-06-18 10:44:32,665 - INFO - Error processing XTZUSDT: 'BotSettings' object has no attribute 'rsi_oversold'
2026-06-18 10:44:32,676 - INFO - Error processing GRTUSDT: 'BotSettings' object has no attribute 'rsi_oversold'
2026-06-18 10:44:32,687 - INFO - Error processing LTCUSDT: 'BotSettings' object has no attribute 'rsi_oversold'
2026-06-18 10:44:32,697 - INFO - Error processing UNIUSDT: 'BotSettings' object has no attribute 'rsi_oversold'
2026-06-18 10:44:32,708 - INFO - Error processing ICPUSDT: 'BotSettings' object has no attribute 'rsi_oversold'
2026-06-18 10:44:32,719 - INFO - Error processing VETUSDT: 'BotSettings' object has no attribute 'rsi_oversold'
2026-06-18 10:44:32,745 - INFO - Error processing LINKUSDT: 'BotSettings' object has no attribute 'rsi_oversold'
2026-06-18 10:44:32,884 - INFO - Error processing DOTUSDT: 'BotSettings' object has no attribute 'rsi_oversold'
2026-06-18 10:44:48,616 - INFO - Error processing ENJUSDT: 'BotSettings' object has no attribute 'rsi_overbought'
2026-06-18 10:44:48,640 - INFO - Error processing ADAUSDT: 'BotSettings' object has no attribute 'rsi_oversold'
2026-06-18 10:44:48,694 - INFO - Error processing ICPUSDT: 'BotSettings' object has no attribute 'rsi_oversold'
2026-06-18 10:44:48,704 - INFO - Error processing HBARUSDT: 'BotSettings' object has no attribute 'rsi_oversold'
2026-06-18 10:44:48,720 - INFO - Error processing AAVEUSDT: 'BotSettings' object has no attribute 'rsi_oversold'
2026-06-18 10:44:48,740 - INFO - Error processing BTCUSDT: 'BotSettings' object has no attribute 'rsi_oversold'
2026-06-18 10:44:48,751 - INFO - Error processing SOLUSDT: 'BotSettings' object has no attribute 'rsi_oversold'
2026-06-18 10:44:48,762 - INFO - Error processing BNBUSDT: 'BotSettings' object has no attribute 'rsi_oversold'
2026-06-18 10:44:48,777 - INFO - Error processing DOGEUSDT: 'BotSettings' object has no attribute 'rsi_oversold'
2026-06-18 10:44:48,788 - INFO - Error processing XRPUSDT: 'BotSettings' object has no attribute 'rsi_oversold'
2026-06-18 10:44:48,799 - INFO - Error processing FILUSDT: 'BotSettings' object has no attribute 'rsi_oversold'
2026-06-18 10:44:48,810 - INFO - Error processing XTZUSDT: 'BotSettings' object has no attribute 'rsi_oversold'
2026-06-18 10:44:48,821 - INFO - Error processing LTCUSDT: 'BotSettings' object has no attribute 'rsi_oversold'
2026-06-18 10:44:48,851 - INFO - Error processing LINKUSDT: 'BotSettings' object has no attribute 'rsi_oversold'
2026-06-18 10:44:48,861 - INFO - Error processing UNIUSDT: 'BotSettings' object has no attribute 'rsi_oversold'
2026-06-18 10:44:48,871 - INFO - Error processing CHZUSDT: 'BotSettings' object has no attribute 'rsi_oversold'
2026-06-18 10:44:48,880 - INFO - Error processing AVAXUSDT: 'BotSettings' object has no attribute 'rsi_oversold'
2026-06-18 10:44:48,891 - INFO - Error processing VETUSDT: 'BotSettings' object has no attribute 'rsi_oversold'
2026-06-18 10:44:48,902 - INFO - Error processing GRTUSDT: 'BotSettings' object has no attribute 'rsi_oversold'
2026-06-18 10:44:48,913 - INFO - Error processing DOTUSDT: 'BotSettings' object has no attribute 'rsi_oversold'
2026-06-18 10:44:48,923 - INFO - Error processing THETAUSDT: 'BotSettings' object has no attribute 'rsi_oversold'
2026-06-18 10:45:04,675 - INFO - Error processing BTCUSDT: 'BotSettings' object has no attribute 'rsi_oversold'
2026-06-18 10:45:04,685 - INFO - Error processing HBARUSDT: 'BotSettings' object has no attribute 'rsi_oversold'
2026-06-18 10:45:04,697 - INFO - Error processing SOLUSDT: 'BotSettings' object has no attribute 'rsi_oversold'
2026-06-18 10:45:04,762 - INFO - Error processing DOGEUSDT: 'BotSettings' object has no attribute 'rsi_oversold'
2026-06-18 10:45:04,783 - INFO - Error processing ADAUSDT: 'BotSettings' object has no attribute 'rsi_oversold'
2026-06-18 10:45:04,798 - INFO - Error processing CHZUSDT: 'BotSettings' object has no attribute 'rsi_oversold'
2026-06-18 10:45:04,811 - INFO - Error processing XRPUSDT: 'BotSettings' object has no attribute 'rsi_oversold'
2026-06-18 10:45:04,823 - INFO - Error processing LTCUSDT: 'BotSettings' object has no attribute 'rsi_oversold'
2026-06-18 10:45:04,833 - INFO - Error processing ENJUSDT: 'BotSettings' object has no attribute 'rsi_overbought'
2026-06-18 10:45:04,845 - INFO - Error processing FILUSDT: 'BotSettings' object has no attribute 'rsi_oversold'
2026-06-18 10:45:04,865 - INFO - Error processing GRTUSDT: 'BotSettings' object has no attribute 'rsi_oversold'
2026-06-18 10:45:04,877 - INFO - Error processing XTZUSDT: 'BotSettings' object has no attribute 'rsi_oversold'
2026-06-18 10:45:04,889 - INFO - Error processing TRXUSDT: 'BotSettings' object has no attribute 'rsi_oversold'
2026-06-18 10:45:04,899 - INFO - Error processing BNBUSDT: 'BotSettings' object has no attribute 'rsi_oversold'
2026-06-18 10:45:04,912 - INFO - Error processing DOTUSDT: 'BotSettings' object has no attribute 'rsi_oversold'
2026-06-18 10:45:04,931 - INFO - Error processing LINKUSDT: 'BotSettings' object has no attribute 'rsi_oversold'
2026-06-18 10:45:04,944 - INFO - Error processing ICPUSDT: 'BotSettings' object has no attribute 'rsi_oversold'
2026-06-18 10:45:04,955 - INFO - Error processing AAVEUSDT: 'BotSettings' object has no attribute 'rsi_oversold'
2026-06-18 10:45:04,967 - INFO - Error processing VETUSDT: 'BotSettings' object has no attribute 'rsi_oversold'
2026-06-18 10:45:04,977 - INFO - Error processing UNIUSDT: 'BotSettings' object has no attribute 'rsi_oversold'
2026-06-18 10:45:04,988 - INFO - Error processing THETAUSDT: 'BotSettings' object has no attribute 'rsi_oversold'
2026-06-18 10:45:05,100 - INFO - Error processing AVAXUSDT: 'BotSettings' object has no attribute 'rsi_oversold'
2026-06-18 10:45:20,744 - INFO - Error processing ENJUSDT: 'BotSettings' object has no attribute 'rsi_overbought'
2026-06-18 10:45:20,758 - INFO - Error processing XRPUSDT: 'BotSettings' object has no attribute 'rsi_oversold'
2026-06-18 10:45:20,769 - INFO - Error processing BNBUSDT: 'BotSettings' object has no attribute 'rsi_oversold'
2026-06-18 10:45:20,833 - INFO - Error processing THETAUSDT: 'BotSettings' object has no attribute 'rsi_oversold'
2026-06-18 10:45:20,844 - INFO - Error processing DOTUSDT: 'BotSettings' object has no attribute 'rsi_oversold'
2026-06-18 10:45:20,857 - INFO - Error processing BTCUSDT: 'BotSettings' object has no attribute 'rsi_oversold'
2026-06-18 10:45:20,868 - INFO - Error processing CHZUSDT: 'BotSettings' object has no attribute 'rsi_oversold'
2026-06-18 10:45:20,885 - INFO - Error processing AAVEUSDT: 'BotSettings' object has no attribute 'rsi_oversold'
2026-06-18 10:45:20,904 - INFO - Error processing SOLUSDT: 'BotSettings' object has no attribute 'rsi_oversold'
2026-06-18 10:45:20,923 - INFO - Error processing DOGEUSDT: 'BotSettings' object has no attribute 'rsi_oversold'
2026-06-18 10:45:20,935 - INFO - Error processing VETUSDT: 'BotSettings' object has no attribute 'rsi_oversold'
2026-06-18 10:45:20,946 - INFO - Error processing ICPUSDT: 'BotSettings' object has no attribute 'rsi_oversold'
2026-06-18 10:45:20,958 - INFO - Error processing LINKUSDT: 'BotSettings' object has no attribute 'rsi_oversold'
2026-06-18 10:45:20,969 - INFO - Error processing XTZUSDT: 'BotSettings' object has no attribute 'rsi_oversold'
2026-06-18 10:45:20,980 - INFO - Error processing FILUSDT: 'BotSettings' object has no attribute 'rsi_oversold'
2026-06-18 10:45:21,000 - INFO - Error processing TRXUSDT: 'BotSettings' object has no attribute 'rsi_oversold'
2026-06-18 10:45:21,010 - INFO - Error processing AVAXUSDT: 'BotSettings' object has no attribute 'rsi_oversold'
2026-06-18 10:45:21,022 - INFO - Error processing LTCUSDT: 'BotSettings' object has no attribute 'rsi_oversold'
2026-06-18 10:45:21,153 - INFO - Error processing HBARUSDT: 'BotSettings' object has no attribute 'rsi_oversold'
2026-06-18 10:45:21,165 - INFO - Error processing ADAUSDT: 'BotSettings' object has no attribute 'rsi_oversold'
2026-06-18 10:45:21,183 - INFO - Error processing GRTUSDT: 'BotSettings' object has no attribute 'rsi_oversold'
2026-06-18 10:45:21,194 - INFO - Error processing UNIUSDT: 'BotSettings' object has no attribute 'rsi_oversold'
2026-06-18 10:45:37,170 - INFO - Error processing SOLUSDT: 'BotSettings' object has no attribute 'rsi_oversold'
2026-06-18 10:45:37,182 - INFO - Error processing XRPUSDT: 'BotSettings' object has no attribute 'rsi_oversold'
2026-06-18 10:45:37,194 - INFO - Error processing ADAUSDT: 'BotSettings' object has no attribute 'rsi_oversold'
2026-06-18 10:45:37,206 - INFO - Error processing BTCUSDT: 'BotSettings' object has no attribute 'rsi_oversold'
2026-06-18 10:45:37,272 - INFO - Error processing LINKUSDT: 'BotSettings' object has no attribute 'rsi_oversold'
2026-06-18 10:45:37,283 - INFO - Error processing CHZUSDT: 'BotSettings' object has no attribute 'rsi_oversold'
2026-06-18 10:45:37,308 - INFO - Error processing ENJUSDT: 'BotSettings' object has no attribute 'rsi_overbought'
2026-06-18 10:45:37,319 - INFO - Error processing HBARUSDT: 'BotSettings' object has no attribute 'rsi_oversold'
2026-06-18 10:45:37,339 - INFO - Error processing DOTUSDT: 'BotSettings' object has no attribute 'rsi_oversold'
2026-06-18 10:45:37,350 - INFO - Error processing BNBUSDT: 'BotSettings' object has no attribute 'rsi_oversold'
2026-06-18 10:45:37,362 - INFO - Error processing DOGEUSDT: 'BotSettings' object has no attribute 'rsi_oversold'
2026-06-18 10:45:37,375 - INFO - Error processing FILUSDT: 'BotSettings' object has no attribute 'rsi_oversold'
2026-06-18 10:45:37,387 - INFO - Error processing VETUSDT: 'BotSettings' object has no attribute 'rsi_oversold'
2026-06-18 10:45:37,407 - INFO - Error processing LTCUSDT: 'BotSettings' object has no attribute 'rsi_oversold'
2026-06-18 10:45:37,423 - INFO - Error processing ICPUSDT: 'BotSettings' object has no attribute 'rsi_oversold'
2026-06-18 10:45:37,437 - INFO - Error processing AAVEUSDT: 'BotSettings' object has no attribute 'rsi_oversold'
2026-06-18 10:45:37,449 - INFO - Error processing XTZUSDT: 'BotSettings' object has no attribute 'rsi_oversold'
2026-06-18 10:45:37,463 - INFO - Error processing THETAUSDT: 'BotSettings' object has no attribute 'rsi_oversold'
2026-06-18 10:45:37,476 - INFO - Error processing GRTUSDT: 'BotSettings' object has no attribute 'rsi_oversold'
2026-06-18 10:45:37,489 - INFO - Error processing TRXUSDT: 'BotSettings' object has no attribute 'rsi_oversold'
2026-06-18 10:45:37,500 - INFO - Error processing AVAXUSDT: 'BotSettings' object has no attribute 'rsi_oversold'
2026-06-18 10:45:37,511 - INFO - Error processing UNIUSDT: 'BotSettings' object has no attribute 'rsi_oversold'
2026-06-18 10:45:53,254 - INFO - Error processing ENJUSDT: 'BotSettings' object has no attribute 'rsi_overbought'
2026-06-18 10:45:53,266 - INFO - Error processing SOLUSDT: 'BotSettings' object has no attribute 'rsi_oversold'
2026-06-18 10:45:53,279 - INFO - Error processing CHZUSDT: 'BotSettings' object has no attribute 'rsi_oversold'
2026-06-18 10:45:53,341 - INFO - Error processing ADAUSDT: 'BotSettings' object has no attribute 'rsi_oversold'
2026-06-18 10:45:53,353 - INFO - Error processing AVAXUSDT: 'BotSettings' object has no attribute 'rsi_oversold'
2026-06-18 10:45:53,365 - INFO - Error processing XRPUSDT: 'BotSettings' object has no attribute 'rsi_oversold'
2026-06-18 10:45:53,384 - INFO - Error processing LTCUSDT: 'BotSettings' object has no attribute 'rsi_oversold'
2026-06-18 10:45:53,395 - INFO - Error processing LINKUSDT: 'BotSettings' object has no attribute 'rsi_oversold'
2026-06-18 10:45:53,417 - INFO - Error processing BTCUSDT: 'BotSettings' object has no attribute 'rsi_oversold'
2026-06-18 10:45:53,427 - INFO - Error processing BNBUSDT: 'BotSettings' object has no attribute 'rsi_oversold'
2026-06-18 10:45:53,443 - INFO - Error processing DOGEUSDT: 'BotSettings' object has no attribute 'rsi_oversold'
2026-06-18 10:45:53,454 - INFO - Error processing XTZUSDT: 'BotSettings' object has no attribute 'rsi_oversold'
2026-06-18 10:45:53,465 - INFO - Error processing VETUSDT: 'BotSettings' object has no attribute 'rsi_oversold'
2026-06-18 10:45:53,477 - INFO - Error processing FILUSDT: 'BotSettings' object has no attribute 'rsi_oversold'
2026-06-18 10:45:53,495 - INFO - Error processing HBARUSDT: 'BotSettings' object has no attribute 'rsi_oversold'
2026-06-18 10:45:53,506 - INFO - Error processing ICPUSDT: 'BotSettings' object has no attribute 'rsi_oversold'
2026-06-18 10:45:53,517 - INFO - Error processing AAVEUSDT: 'BotSettings' object has no attribute 'rsi_oversold'
2026-06-18 10:45:53,527 - INFO - Error processing THETAUSDT: 'BotSettings' object has no attribute 'rsi_oversold'
2026-06-18 10:45:53,538 - INFO - Error processing UNIUSDT: 'BotSettings' object has no attribute 'rsi_oversold'
2026-06-18 10:45:53,549 - INFO - Error processing DOTUSDT: 'BotSettings' object has no attribute 'rsi_oversold'
2026-06-18 10:45:53,561 - INFO - Error processing TRXUSDT: 'BotSettings' object has no attribute 'rsi_oversold'
2026-06-18 10:45:53,573 - INFO - Error processing GRTUSDT: 'BotSettings' object has no attribute 'rsi_oversold'
2026-06-18 10:46:09,306 - INFO - Error processing BTCUSDT: 'BotSettings' object has no attribute 'rsi_oversold'
2026-06-18 10:46:09,338 - INFO - Error processing LTCUSDT: 'BotSettings' object has no attribute 'rsi_oversold'
2026-06-18 10:46:09,350 - INFO - Error processing BNBUSDT: 'BotSettings' object has no attribute 'rsi_oversold'
2026-06-18 10:46:09,361 - INFO - Error processing XRPUSDT: 'BotSettings' object has no attribute 'rsi_oversold'
2026-06-18 10:46:09,380 - INFO - Error processing DOTUSDT: 'BotSettings' object has no attribute 'rsi_oversold'
2026-06-18 10:46:09,429 - INFO - Error processing TRXUSDT: 'BotSettings' object has no attribute 'rsi_oversold'
2026-06-18 10:46:09,440 - INFO - Error processing UNIUSDT: 'BotSettings' object has no attribute 'rsi_oversold'
2026-06-18 10:46:09,450 - INFO - Error processing ADAUSDT: 'BotSettings' object has no attribute 'rsi_oversold'
2026-06-18 10:46:09,460 - INFO - Error processing THETAUSDT: 'BotSettings' object has no attribute 'rsi_oversold'
2026-06-18 10:46:09,472 - INFO - Error processing VETUSDT: 'BotSettings' object has no attribute 'rsi_oversold'
2026-06-18 10:46:09,483 - INFO - Error processing XTZUSDT: 'BotSettings' object has no attribute 'rsi_oversold'
2026-06-18 10:46:09,495 - INFO - Error processing GRTUSDT: 'BotSettings' object has no attribute 'rsi_oversold'
2026-06-18 10:46:09,506 - INFO - Error processing ICPUSDT: 'BotSettings' object has no attribute 'rsi_oversold'
2026-06-18 10:46:09,518 - INFO - Error processing AAVEUSDT: 'BotSettings' object has no attribute 'rsi_oversold'
2026-06-18 10:46:09,529 - INFO - Error processing FILUSDT: 'BotSettings' object has no attribute 'rsi_oversold'
2026-06-18 10:46:09,540 - INFO - Error processing AVAXUSDT: 'BotSettings' object has no attribute 'rsi_oversold'
2026-06-18 10:46:09,564 - INFO - Error processing DOGEUSDT: 'BotSettings' object has no attribute 'rsi_oversold'
2026-06-18 10:46:09,575 - INFO - Error processing HBARUSDT: 'BotSettings' object has no attribute 'rsi_oversold'
2026-06-18 10:46:09,584 - INFO - Error processing ENJUSDT: 'BotSettings' object has no attribute 'rsi_overbought'
2026-06-18 10:46:09,594 - INFO - Error processing CHZUSDT: 'BotSettings' object has no attribute 'rsi_oversold'
2026-06-18 10:46:09,736 - INFO - Error processing LINKUSDT: 'BotSettings' object has no attribute 'rsi_oversold'
2026-06-18 10:46:09,747 - INFO - Error processing SOLUSDT: 'BotSettings' object has no attribute 'rsi_oversold'
2026-06-18 10:46:25,353 - INFO - Error processing BTCUSDT: 'BotSettings' object has no attribute 'rsi_oversold'
2026-06-18 10:46:25,372 - INFO - Error processing ADAUSDT: 'BotSettings' object has no attribute 'rsi_oversold'
2026-06-18 10:46:25,403 - INFO - Error processing XRPUSDT: 'BotSettings' object has no attribute 'rsi_oversold'
2026-06-18 10:46:25,413 - INFO - Error processing BNBUSDT: 'BotSettings' object has no attribute 'rsi_oversold'
2026-06-18 10:46:25,454 - INFO - Error processing SOLUSDT: 'BotSettings' object has no attribute 'rsi_oversold'
2026-06-18 10:46:25,465 - INFO - Error processing AVAXUSDT: 'BotSettings' object has no attribute 'rsi_oversold'
2026-06-18 10:46:25,477 - INFO - Error processing DOGEUSDT: 'BotSettings' object has no attribute 'rsi_oversold'
2026-06-18 10:46:25,488 - INFO - Error processing DOTUSDT: 'BotSettings' object has no attribute 'rsi_oversold'
2026-06-18 10:46:25,498 - INFO - Error processing CHZUSDT: 'BotSettings' object has no attribute 'rsi_oversold'
2026-06-18 10:46:25,510 - INFO - Error processing ICPUSDT: 'BotSettings' object has no attribute 'rsi_oversold'
2026-06-18 10:46:25,522 - INFO - Error processing FILUSDT: 'BotSettings' object has no attribute 'rsi_oversold'
2026-06-18 10:46:25,534 - INFO - Error processing VETUSDT: 'BotSettings' object has no attribute 'rsi_oversold'
2026-06-18 10:46:25,545 - INFO - Error processing GRTUSDT: 'BotSettings' object has no attribute 'rsi_oversold'
2026-06-18 10:46:25,557 - INFO - Error processing AAVEUSDT: 'BotSettings' object has no attribute 'rsi_oversold'
2026-06-18 10:46:25,567 - INFO - Error processing ENJUSDT: 'BotSettings' object has no attribute 'rsi_overbought'
2026-06-18 10:46:25,579 - INFO - Error processing LTCUSDT: 'BotSettings' object has no attribute 'rsi_oversold'
2026-06-18 10:46:25,589 - INFO - Error processing HBARUSDT: 'BotSettings' object has no attribute 'rsi_oversold'
2026-06-18 10:46:25,601 - INFO - Error processing XTZUSDT: 'BotSettings' object has no attribute 'rsi_oversold'
2026-06-18 10:46:25,621 - INFO - Error processing LINKUSDT: 'BotSettings' object has no attribute 'rsi_oversold'
2026-06-18 10:46:25,632 - INFO - Error processing UNIUSDT: 'BotSettings' object has no attribute 'rsi_oversold'
2026-06-18 10:46:25,644 - INFO - Error processing TRXUSDT: 'BotSettings' object has no attribute 'rsi_oversold'
2026-06-18 10:46:25,775 - INFO - Error processing THETAUSDT: 'BotSettings' object has no attribute 'rsi_oversold'
2026-06-18 10:46:41,405 - INFO - Error processing ADAUSDT: 'BotSettings' object has no attribute 'rsi_oversold'
2026-06-18 10:46:41,424 - INFO - Error processing HBARUSDT: 'BotSettings' object has no attribute 'rsi_oversold'
2026-06-18 10:46:41,437 - INFO - Error processing ENJUSDT: 'BotSettings' object has no attribute 'rsi_overbought'
2026-06-18 10:46:41,448 - INFO - Error processing CHZUSDT: 'BotSettings' object has no attribute 'rsi_oversold'
2026-06-18 10:46:41,464 - INFO - Error processing BTCUSDT: 'BotSettings' object has no attribute 'rsi_oversold'
2026-06-18 10:46:41,536 - INFO - Error processing TRXUSDT: 'BotSettings' object has no attribute 'rsi_oversold'
2026-06-18 10:46:41,549 - INFO - Error processing UNIUSDT: 'BotSettings' object has no attribute 'rsi_oversold'
2026-06-18 10:46:41,561 - INFO - Error processing LINKUSDT: 'BotSettings' object has no attribute 'rsi_oversold'
2026-06-18 10:46:41,576 - INFO - Error processing SOLUSDT: 'BotSettings' object has no attribute 'rsi_oversold'
2026-06-18 10:46:41,588 - INFO - Error processing XTZUSDT: 'BotSettings' object has no attribute 'rsi_oversold'
2026-06-18 10:46:41,599 - INFO - Error processing THETAUSDT: 'BotSettings' object has no attribute 'rsi_oversold'
2026-06-18 10:46:41,610 - INFO - Error processing BNBUSDT: 'BotSettings' object has no attribute 'rsi_oversold'
2026-06-18 10:46:41,623 - INFO - Error processing DOGEUSDT: 'BotSettings' object has no attribute 'rsi_oversold'
2026-06-18 10:46:41,636 - INFO - Error processing GRTUSDT: 'BotSettings' object has no attribute 'rsi_oversold'
2026-06-18 10:46:41,649 - INFO - Error processing LTCUSDT: 'BotSettings' object has no attribute 'rsi_oversold'
2026-06-18 10:46:41,668 - INFO - Error processing AVAXUSDT: 'BotSettings' object has no attribute 'rsi_oversold'
2026-06-18 10:46:41,681 - INFO - Error processing DOTUSDT: 'BotSettings' object has no attribute 'rsi_oversold'
2026-06-18 10:46:41,698 - INFO - Error processing AAVEUSDT: 'BotSettings' object has no attribute 'rsi_oversold'
2026-06-18 10:46:41,713 - INFO - Error processing XRPUSDT: 'BotSettings' object has no attribute 'rsi_oversold'
2026-06-18 10:46:41,832 - INFO - Error processing VETUSDT: 'BotSettings' object has no attribute 'rsi_oversold'
2026-06-18 10:46:41,862 - INFO - Error processing ICPUSDT: 'BotSettings' object has no attribute 'rsi_oversold'
2026-06-18 10:46:41,879 - INFO - Error processing FILUSDT: 'BotSettings' object has no attribute 'rsi_oversold'
2026-06-18 10:46:57,465 - INFO - Error processing ENJUSDT: 'BotSettings' object has no attribute 'rsi_overbought'
2026-06-18 10:46:57,476 - INFO - Error processing CHZUSDT: 'BotSettings' object has no attribute 'rsi_oversold'
2026-06-18 10:46:57,550 - INFO - Error processing BTCUSDT: 'BotSettings' object has no attribute 'rsi_oversold'
2026-06-18 10:46:57,562 - INFO - Error processing XRPUSDT: 'BotSettings' object has no attribute 'rsi_oversold'
2026-06-18 10:46:57,573 - INFO - Error processing AAVEUSDT: 'BotSettings' object has no attribute 'rsi_oversold'
2026-06-18 10:46:57,583 - INFO - Error processing HBARUSDT: 'BotSettings' object has no attribute 'rsi_oversold'
2026-06-18 10:46:57,609 - INFO - Error processing ADAUSDT: 'BotSettings' object has no attribute 'rsi_oversold'
2026-06-18 10:46:57,623 - INFO - Error processing LTCUSDT: 'BotSettings' object has no attribute 'rsi_oversold'
2026-06-18 10:46:57,635 - INFO - Error processing XTZUSDT: 'BotSettings' object has no attribute 'rsi_oversold'
2026-06-18 10:46:57,646 - INFO - Error processing UNIUSDT: 'BotSettings' object has no attribute 'rsi_oversold'
2026-06-18 10:46:57,662 - INFO - Error processing GRTUSDT: 'BotSettings' object has no attribute 'rsi_oversold'
2026-06-18 10:46:57,673 - INFO - Error processing VETUSDT: 'BotSettings' object has no attribute 'rsi_oversold'
2026-06-18 10:46:57,683 - INFO - Error processing THETAUSDT: 'BotSettings' object has no attribute 'rsi_oversold'
2026-06-18 10:46:57,694 - INFO - Error processing DOTUSDT: 'BotSettings' object has no attribute 'rsi_oversold'
2026-06-18 10:46:57,706 - INFO - Error processing DOGEUSDT: 'BotSettings' object has no attribute 'rsi_oversold'
2026-06-18 10:46:57,717 - INFO - Error processing TRXUSDT: 'BotSettings' object has no attribute 'rsi_oversold'
2026-06-18 10:46:57,728 - INFO - Error processing AVAXUSDT: 'BotSettings' object has no attribute 'rsi_oversold'
2026-06-18 10:46:57,738 - INFO - Error processing BNBUSDT: 'BotSettings' object has no attribute 'rsi_oversold'
2026-06-18 10:46:57,750 - INFO - Error processing FILUSDT: 'BotSettings' object has no attribute 'rsi_oversold'
2026-06-18 10:46:57,762 - INFO - Error processing LINKUSDT: 'BotSettings' object has no attribute 'rsi_oversold'
2026-06-18 10:46:57,773 - INFO - Error processing ICPUSDT: 'BotSettings' object has no attribute 'rsi_oversold'
2026-06-18 10:46:57,784 - INFO - Error processing SOLUSDT: 'BotSettings' object has no attribute 'rsi_oversold'
2026-06-18 10:47:13,534 - INFO - Error processing BTCUSDT: 'BotSettings' object has no attribute 'rsi_oversold'
2026-06-18 10:47:13,559 - INFO - Error processing ENJUSDT: 'BotSettings' object has no attribute 'rsi_overbought'
2026-06-18 10:47:13,613 - INFO - Error processing BNBUSDT: 'BotSettings' object has no attribute 'rsi_oversold'
2026-06-18 10:47:13,626 - INFO - Error processing CHZUSDT: 'BotSettings' object has no attribute 'rsi_oversold'
2026-06-18 10:47:13,656 - INFO - Error processing XRPUSDT: 'BotSettings' object has no attribute 'rsi_oversold'
2026-06-18 10:47:13,668 - INFO - Error processing HBARUSDT: 'BotSettings' object has no attribute 'rsi_oversold'
2026-06-18 10:47:13,678 - INFO - Error processing AVAXUSDT: 'BotSettings' object has no attribute 'rsi_oversold'
2026-06-18 10:47:13,690 - INFO - Error processing DOTUSDT: 'BotSettings' object has no attribute 'rsi_oversold'
2026-06-18 10:47:13,702 - INFO - Error processing DOGEUSDT: 'BotSettings' object has no attribute 'rsi_oversold'
2026-06-18 10:47:13,714 - INFO - Error processing LINKUSDT: 'BotSettings' object has no attribute 'rsi_oversold'
2026-06-18 10:47:13,723 - INFO - Error processing THETAUSDT: 'BotSettings' object has no attribute 'rsi_oversold'
2026-06-18 10:47:13,735 - INFO - Error processing LTCUSDT: 'BotSettings' object has no attribute 'rsi_oversold'
2026-06-18 10:47:13,746 - INFO - Error processing AAVEUSDT: 'BotSettings' object has no attribute 'rsi_oversold'
2026-06-18 10:47:13,757 - INFO - Error processing ICPUSDT: 'BotSettings' object has no attribute 'rsi_oversold'
2026-06-18 10:47:13,769 - INFO - Error processing FILUSDT: 'BotSettings' object has no attribute 'rsi_oversold'
2026-06-18 10:47:13,780 - INFO - Error processing ADAUSDT: 'BotSettings' object has no attribute 'rsi_oversold'
2026-06-18 10:47:13,790 - INFO - Error processing UNIUSDT: 'BotSettings' object has no attribute 'rsi_oversold'
2026-06-18 10:47:13,801 - INFO - Error processing SOLUSDT: 'BotSettings' object has no attribute 'rsi_oversold'
2026-06-18 10:47:13,814 - INFO - Error processing TRXUSDT: 'BotSettings' object has no attribute 'rsi_oversold'
2026-06-18 10:47:13,825 - INFO - Error processing VETUSDT: 'BotSettings' object has no attribute 'rsi_oversold'
2026-06-18 10:47:13,965 - INFO - Error processing GRTUSDT: 'BotSettings' object has no attribute 'rsi_oversold'
2026-06-18 10:47:13,978 - INFO - Error processing XTZUSDT: 'BotSettings' object has no attribute 'rsi_oversold'
2026-06-18 10:47:29,578 - INFO - Error processing ENJUSDT: 'BotSettings' object has no attribute 'rsi_overbought'
2026-06-18 10:47:29,599 - INFO - Error processing BNBUSDT: 'BotSettings' object has no attribute 'rsi_oversold'
2026-06-18 10:47:29,611 - INFO - Error processing DOTUSDT: 'BotSettings' object has no attribute 'rsi_oversold'
2026-06-18 10:47:29,622 - INFO - Error processing SOLUSDT: 'BotSettings' object has no attribute 'rsi_oversold'
2026-06-18 10:47:29,635 - INFO - Error processing BTCUSDT: 'BotSettings' object has no attribute 'rsi_oversold'
2026-06-18 10:47:29,697 - INFO - Error processing CHZUSDT: 'BotSettings' object has no attribute 'rsi_oversold'
2026-06-18 10:47:29,708 - INFO - Error processing LTCUSDT: 'BotSettings' object has no attribute 'rsi_oversold'
2026-06-18 10:47:29,719 - INFO - Error processing THETAUSDT: 'BotSettings' object has no attribute 'rsi_oversold'
2026-06-18 10:47:29,735 - INFO - Error processing DOGEUSDT: 'BotSettings' object has no attribute 'rsi_oversold'
2026-06-18 10:47:29,756 - INFO - Error processing VETUSDT: 'BotSettings' object has no attribute 'rsi_oversold'
2026-06-18 10:47:29,767 - INFO - Error processing XRPUSDT: 'BotSettings' object has no attribute 'rsi_oversold'
2026-06-18 10:47:29,779 - INFO - Error processing AAVEUSDT: 'BotSettings' object has no attribute 'rsi_oversold'
2026-06-18 10:47:29,797 - INFO - Error processing LINKUSDT: 'BotSettings' object has no attribute 'rsi_oversold'
2026-06-18 10:47:29,809 - INFO - Error processing XTZUSDT: 'BotSettings' object has no attribute 'rsi_oversold'
2026-06-18 10:47:29,820 - INFO - Error processing GRTUSDT: 'BotSettings' object has no attribute 'rsi_oversold'
2026-06-18 10:47:29,830 - INFO - Error processing ADAUSDT: 'BotSettings' object has no attribute 'rsi_oversold'
2026-06-18 10:47:29,842 - INFO - Error processing TRXUSDT: 'BotSettings' object has no attribute 'rsi_oversold'
2026-06-18 10:47:29,853 - INFO - Error processing FILUSDT: 'BotSettings' object has no attribute 'rsi_oversold'
2026-06-18 10:47:29,864 - INFO - Error processing UNIUSDT: 'BotSettings' object has no attribute 'rsi_oversold'
2026-06-18 10:47:29,875 - INFO - Error processing HBARUSDT: 'BotSettings' object has no attribute 'rsi_oversold'
2026-06-18 10:47:29,887 - INFO - Error processing ICPUSDT: 'BotSettings' object has no attribute 'rsi_oversold'
2026-06-18 10:47:30,015 - INFO - Error processing AVAXUSDT: 'BotSettings' object has no attribute 'rsi_oversold'
2026-06-18 10:47:45,650 - INFO - Error processing SOLUSDT: 'BotSettings' object has no attribute 'rsi_oversold'
2026-06-18 10:47:45,664 - INFO - Error processing ENJUSDT: 'BotSettings' object has no attribute 'rsi_overbought'
2026-06-18 10:47:45,679 - INFO - Error processing BTCUSDT: 'BotSettings' object has no attribute 'rsi_oversold'
2026-06-18 10:47:45,752 - INFO - Error processing AVAXUSDT: 'BotSettings' object has no attribute 'rsi_oversold'
2026-06-18 10:47:45,763 - INFO - Error processing AAVEUSDT: 'BotSettings' object has no attribute 'rsi_oversold'
2026-06-18 10:47:45,774 - INFO - Error processing VETUSDT: 'BotSettings' object has no attribute 'rsi_oversold'
2026-06-18 10:47:45,792 - INFO - Error processing CHZUSDT: 'BotSettings' object has no attribute 'rsi_oversold'
2026-06-18 10:47:45,805 - INFO - Error processing ADAUSDT: 'BotSettings' object has no attribute 'rsi_oversold'
2026-06-18 10:47:45,817 - INFO - Error processing ICPUSDT: 'BotSettings' object has no attribute 'rsi_oversold'
2026-06-18 10:47:45,828 - INFO - Error processing XRPUSDT: 'BotSettings' object has no attribute 'rsi_oversold'
2026-06-18 10:47:45,838 - INFO - Error processing THETAUSDT: 'BotSettings' object has no attribute 'rsi_oversold'
2026-06-18 10:47:45,849 - INFO - Error processing GRTUSDT: 'BotSettings' object has no attribute 'rsi_oversold'
2026-06-18 10:47:45,871 - INFO - Error processing DOTUSDT: 'BotSettings' object has no attribute 'rsi_oversold'
2026-06-18 10:47:45,882 - INFO - Error processing TRXUSDT: 'BotSettings' object has no attribute 'rsi_oversold'
2026-06-18 10:47:45,893 - INFO - Error processing LTCUSDT: 'BotSettings' object has no attribute 'rsi_oversold'
2026-06-18 10:47:45,905 - INFO - Error processing UNIUSDT: 'BotSettings' object has no attribute 'rsi_oversold'
2026-06-18 10:47:45,917 - INFO - Error processing LINKUSDT: 'BotSettings' object has no attribute 'rsi_oversold'
2026-06-18 10:47:45,929 - INFO - Error processing XTZUSDT: 'BotSettings' object has no attribute 'rsi_oversold'
2026-06-18 10:47:45,939 - INFO - Error processing BNBUSDT: 'BotSettings' object has no attribute 'rsi_oversold'
2026-06-18 10:47:45,951 - INFO - Error processing HBARUSDT: 'BotSettings' object has no attribute 'rsi_oversold'
2026-06-18 10:47:45,962 - INFO - Error processing FILUSDT: 'BotSettings' object has no attribute 'rsi_oversold'
2026-06-18 10:47:46,087 - INFO - Error processing DOGEUSDT: 'BotSettings' object has no attribute 'rsi_oversold'
2026-06-18 10:48:01,728 - INFO - Error processing BTCUSDT: 'BotSettings' object has no attribute 'rsi_oversold'
2026-06-18 10:48:01,762 - INFO - Error processing ENJUSDT: 'BotSettings' object has no attribute 'rsi_overbought'
2026-06-18 10:48:01,777 - INFO - Error processing SOLUSDT: 'BotSettings' object has no attribute 'rsi_oversold'
2026-06-18 10:48:01,838 - INFO - Error processing AVAXUSDT: 'BotSettings' object has no attribute 'rsi_oversold'
2026-06-18 10:48:01,854 - INFO - Error processing DOGEUSDT: 'BotSettings' object has no attribute 'rsi_oversold'
2026-06-18 10:48:01,869 - INFO - Error processing HBARUSDT: 'BotSettings' object has no attribute 'rsi_oversold'
2026-06-18 10:48:01,882 - INFO - Error processing AAVEUSDT: 'BotSettings' object has no attribute 'rsi_oversold'
2026-06-18 10:48:01,908 - INFO - Error processing THETAUSDT: 'BotSettings' object has no attribute 'rsi_oversold'
2026-06-18 10:48:01,923 - INFO - Error processing LTCUSDT: 'BotSettings' object has no attribute 'rsi_oversold'
2026-06-18 10:48:01,936 - INFO - Error processing GRTUSDT: 'BotSettings' object has no attribute 'rsi_oversold'
2026-06-18 10:48:01,951 - INFO - Error processing VETUSDT: 'BotSettings' object has no attribute 'rsi_oversold'
2026-06-18 10:48:01,964 - INFO - Error processing TRXUSDT: 'BotSettings' object has no attribute 'rsi_oversold'
2026-06-18 10:48:01,978 - INFO - Error processing DOTUSDT: 'BotSettings' object has no attribute 'rsi_oversold'
2026-06-18 10:48:01,992 - INFO - Error processing FILUSDT: 'BotSettings' object has no attribute 'rsi_oversold'
2026-06-18 10:48:02,005 - INFO - Error processing ADAUSDT: 'BotSettings' object has no attribute 'rsi_oversold'
2026-06-18 10:48:02,019 - INFO - Error processing ICPUSDT: 'BotSettings' object has no attribute 'rsi_oversold'
2026-06-18 10:48:02,032 - INFO - Error processing CHZUSDT: 'BotSettings' object has no attribute 'rsi_oversold'
2026-06-18 10:48:02,050 - INFO - Error processing XTZUSDT: 'BotSettings' object has no attribute 'rsi_oversold'
2026-06-18 10:48:02,062 - INFO - Error processing LINKUSDT: 'BotSettings' object has no attribute 'rsi_oversold'
2026-06-18 10:48:02,089 - INFO - Error processing XRPUSDT: 'BotSettings' object has no attribute 'rsi_oversold'
2026-06-18 10:48:02,106 - INFO - Error processing BNBUSDT: 'BotSettings' object has no attribute 'rsi_oversold'
2026-06-18 10:48:02,146 - INFO - Error processing UNIUSDT: 'BotSettings' object has no attribute 'rsi_oversold'
2026-06-18 10:48:18,396 - INFO - Error processing ADAUSDT: 'BotSettings' object has no attribute 'rsi_oversold'
2026-06-18 10:48:18,413 - INFO - Error processing DOGEUSDT: 'BotSettings' object has no attribute 'rsi_oversold'
2026-06-18 10:48:18,431 - INFO - Error processing HBARUSDT: 'BotSettings' object has no attribute 'rsi_oversold'
2026-06-18 10:48:18,506 - INFO - Error processing CHZUSDT: 'BotSettings' object has no attribute 'rsi_oversold'
2026-06-18 10:48:18,522 - INFO - Error processing XRPUSDT: 'BotSettings' object has no attribute 'rsi_oversold'
2026-06-18 10:48:18,543 - INFO - Error processing BNBUSDT: 'BotSettings' object has no attribute 'rsi_oversold'
2026-06-18 10:48:18,571 - INFO - Error processing AAVEUSDT: 'BotSettings' object has no attribute 'rsi_oversold'
2026-06-18 10:48:18,592 - INFO - Error processing DOTUSDT: 'BotSettings' object has no attribute 'rsi_oversold'
2026-06-18 10:48:18,607 - INFO - Error processing THETAUSDT: 'BotSettings' object has no attribute 'rsi_oversold'
2026-06-18 10:48:18,624 - INFO - Error processing LINKUSDT: 'BotSettings' object has no attribute 'rsi_oversold'
2026-06-18 10:48:18,643 - INFO - Error processing TRXUSDT: 'BotSettings' object has no attribute 'rsi_oversold'
2026-06-18 10:48:18,660 - INFO - Error processing ICPUSDT: 'BotSettings' object has no attribute 'rsi_oversold'
2026-06-18 10:48:18,680 - INFO - Error processing XTZUSDT: 'BotSettings' object has no attribute 'rsi_oversold'
2026-06-18 10:48:18,715 - INFO - Error processing SOLUSDT: 'BotSettings' object has no attribute 'rsi_oversold'
2026-06-18 10:48:18,728 - INFO - Error processing ENJUSDT: 'BotSettings' object has no attribute 'rsi_overbought'
2026-06-18 10:48:18,744 - INFO - Error processing BTCUSDT: 'BotSettings' object has no attribute 'rsi_oversold'
2026-06-18 10:48:18,757 - INFO - Error processing AVAXUSDT: 'BotSettings' object has no attribute 'rsi_oversold'
2026-06-18 10:48:18,771 - INFO - Error processing VETUSDT: 'BotSettings' object has no attribute 'rsi_oversold'
2026-06-18 10:48:18,789 - INFO - Error processing FILUSDT: 'BotSettings' object has no attribute 'rsi_oversold'
2026-06-18 10:48:18,814 - INFO - Error processing LTCUSDT: 'BotSettings' object has no attribute 'rsi_oversold'
2026-06-18 10:48:18,827 - INFO - Error processing GRTUSDT: 'BotSettings' object has no attribute 'rsi_oversold'
2026-06-18 10:48:18,843 - INFO - Error processing UNIUSDT: 'BotSettings' object has no attribute 'rsi_oversold'
2026-06-18 10:48:34,660 - INFO - Error processing BTCUSDT: 'BotSettings' object has no attribute 'rsi_oversold'
2026-06-18 10:48:34,687 - INFO - Error processing SOLUSDT: 'BotSettings' object has no attribute 'rsi_oversold'
2026-06-18 10:48:34,700 - INFO - Error processing XRPUSDT: 'BotSettings' object has no attribute 'rsi_oversold'
2026-06-18 10:48:34,713 - INFO - Error processing AAVEUSDT: 'BotSettings' object has no attribute 'rsi_oversold'
2026-06-18 10:48:34,725 - INFO - Error processing ADAUSDT: 'BotSettings' object has no attribute 'rsi_oversold'
2026-06-18 10:48:34,736 - INFO - Error processing CHZUSDT: 'BotSettings' object has no attribute 'rsi_oversold'
2026-06-18 10:48:34,802 - INFO - Error processing ICPUSDT: 'BotSettings' object has no attribute 'rsi_oversold'
2026-06-18 10:48:34,827 - INFO - Error processing UNIUSDT: 'BotSettings' object has no attribute 'rsi_oversold'
2026-06-18 10:48:34,839 - INFO - Error processing DOTUSDT: 'BotSettings' object has no attribute 'rsi_oversold'
2026-06-18 10:48:34,851 - INFO - Error processing DOGEUSDT: 'BotSettings' object has no attribute 'rsi_oversold'
2026-06-18 10:48:34,864 - INFO - Error processing LINKUSDT: 'BotSettings' object has no attribute 'rsi_oversold'
2026-06-18 10:48:34,874 - INFO - Error processing AVAXUSDT: 'BotSettings' object has no attribute 'rsi_oversold'
2026-06-18 10:48:34,888 - INFO - Error processing XTZUSDT: 'BotSettings' object has no attribute 'rsi_oversold'
2026-06-18 10:48:34,899 - INFO - Error processing BNBUSDT: 'BotSettings' object has no attribute 'rsi_oversold'
2026-06-18 10:48:34,910 - INFO - Error processing FILUSDT: 'BotSettings' object has no attribute 'rsi_oversold'
2026-06-18 10:48:34,920 - INFO - Error processing ENJUSDT: 'BotSettings' object has no attribute 'rsi_overbought'
2026-06-18 10:48:34,932 - INFO - Error processing VETUSDT: 'BotSettings' object has no attribute 'rsi_oversold'
2026-06-18 10:48:34,943 - INFO - Error processing THETAUSDT: 'BotSettings' object has no attribute 'rsi_oversold'
2026-06-18 10:48:34,955 - INFO - Error processing GRTUSDT: 'BotSettings' object has no attribute 'rsi_oversold'
2026-06-18 10:48:34,968 - INFO - Error processing TRXUSDT: 'BotSettings' object has no attribute 'rsi_oversold'
2026-06-18 10:48:34,988 - INFO - Error processing LTCUSDT: 'BotSettings' object has no attribute 'rsi_oversold'
2026-06-18 10:48:34,999 - INFO - Error processing HBARUSDT: 'BotSettings' object has no attribute 'rsi_oversold'
2026-06-18 10:48:50,775 - INFO - Error processing XRPUSDT: 'BotSettings' object has no attribute 'rsi_oversold'
2026-06-18 10:48:50,795 - INFO - Error processing BNBUSDT: 'BotSettings' object has no attribute 'rsi_oversold'
2026-06-18 10:48:50,861 - INFO - Error processing DOGEUSDT: 'BotSettings' object has no attribute 'rsi_oversold'
2026-06-18 10:48:50,879 - INFO - Error processing AAVEUSDT: 'BotSettings' object has no attribute 'rsi_oversold'
2026-06-18 10:48:50,901 - INFO - Error processing ADAUSDT: 'BotSettings' object has no attribute 'rsi_oversold'
2026-06-18 10:48:50,914 - INFO - Error processing VETUSDT: 'BotSettings' object has no attribute 'rsi_oversold'
2026-06-18 10:48:50,925 - INFO - Error processing CHZUSDT: 'BotSettings' object has no attribute 'rsi_oversold'
2026-06-18 10:48:50,938 - INFO - Error processing HBARUSDT: 'BotSettings' object has no attribute 'rsi_oversold'
2026-06-18 10:48:50,951 - INFO - Error processing LTCUSDT: 'BotSettings' object has no attribute 'rsi_oversold'
2026-06-18 10:48:50,972 - INFO - Error processing SOLUSDT: 'BotSettings' object has no attribute 'rsi_oversold'
2026-06-18 10:48:50,987 - INFO - Error processing BTCUSDT: 'BotSettings' object has no attribute 'rsi_oversold'
2026-06-18 10:48:50,997 - INFO - Error processing ENJUSDT: 'BotSettings' object has no attribute 'rsi_overbought'
2026-06-18 10:48:51,008 - INFO - Error processing UNIUSDT: 'BotSettings' object has no attribute 'rsi_oversold'
2026-06-18 10:48:51,021 - INFO - Error processing ICPUSDT: 'BotSettings' object has no attribute 'rsi_oversold'
2026-06-18 10:48:51,032 - INFO - Error processing THETAUSDT: 'BotSettings' object has no attribute 'rsi_oversold'
2026-06-18 10:48:51,045 - INFO - Error processing XTZUSDT: 'BotSettings' object has no attribute 'rsi_oversold'
2026-06-18 10:48:51,056 - INFO - Error processing DOTUSDT: 'BotSettings' object has no attribute 'rsi_oversold'
2026-06-18 10:48:51,068 - INFO - Error processing GRTUSDT: 'BotSettings' object has no attribute 'rsi_oversold'
2026-06-18 10:48:51,079 - INFO - Error processing AVAXUSDT: 'BotSettings' object has no attribute 'rsi_oversold'
2026-06-18 10:48:51,092 - INFO - Error processing FILUSDT: 'BotSettings' object has no attribute 'rsi_oversold'
2026-06-18 10:48:51,104 - INFO - Error processing LINKUSDT: 'BotSettings' object has no attribute 'rsi_oversold'
2026-06-18 10:48:51,116 - INFO - Error processing TRXUSDT: 'BotSettings' object has no attribute 'rsi_oversold'
2026-06-18 10:49:06,845 - INFO - Error processing BTCUSDT: 'BotSettings' object has no attribute 'rsi_oversold'
2026-06-18 10:49:06,864 - INFO - Error processing ENJUSDT: 'BotSettings' object has no attribute 'rsi_overbought'
2026-06-18 10:49:06,885 - INFO - Error processing HBARUSDT: 'BotSettings' object has no attribute 'rsi_oversold'
2026-06-18 10:49:06,899 - INFO - Error processing ADAUSDT: 'BotSettings' object has no attribute 'rsi_oversold'
2026-06-18 10:49:06,955 - INFO - Error processing SOLUSDT: 'BotSettings' object has no attribute 'rsi_oversold'
2026-06-18 10:49:06,968 - INFO - Error processing FILUSDT: 'BotSettings' object has no attribute 'rsi_oversold'
2026-06-18 10:49:06,988 - INFO - Error processing DOTUSDT: 'BotSettings' object has no attribute 'rsi_oversold'
2026-06-18 10:49:07,001 - INFO - Error processing GRTUSDT: 'BotSettings' object has no attribute 'rsi_oversold'
2026-06-18 10:49:07,012 - INFO - Error processing CHZUSDT: 'BotSettings' object has no attribute 'rsi_oversold'
2026-06-18 10:49:07,025 - INFO - Error processing LTCUSDT: 'BotSettings' object has no attribute 'rsi_oversold'
2026-06-18 10:49:07,037 - INFO - Error processing UNIUSDT: 'BotSettings' object has no attribute 'rsi_oversold'
2026-06-18 10:49:07,049 - INFO - Error processing LINKUSDT: 'BotSettings' object has no attribute 'rsi_oversold'
2026-06-18 10:49:07,065 - INFO - Error processing TRXUSDT: 'BotSettings' object has no attribute 'rsi_oversold'
2026-06-18 10:49:07,077 - INFO - Error processing VETUSDT: 'BotSettings' object has no attribute 'rsi_oversold'
2026-06-18 10:49:07,089 - INFO - Error processing AAVEUSDT: 'BotSettings' object has no attribute 'rsi_oversold'
2026-06-18 10:49:07,100 - INFO - Error processing THETAUSDT: 'BotSettings' object has no attribute 'rsi_oversold'
2026-06-18 10:49:07,111 - INFO - Error processing AVAXUSDT: 'BotSettings' object has no attribute 'rsi_oversold'
2026-06-18 10:49:07,130 - INFO - Error processing DOGEUSDT: 'BotSettings' object has no attribute 'rsi_oversold'
2026-06-18 10:49:07,143 - INFO - Error processing ICPUSDT: 'BotSettings' object has no attribute 'rsi_oversold'
2026-06-18 10:49:07,156 - INFO - Error processing XTZUSDT: 'BotSettings' object has no attribute 'rsi_oversold'
2026-06-18 10:49:07,169 - INFO - Error processing BNBUSDT: 'BotSettings' object has no attribute 'rsi_oversold'
2026-06-18 10:49:07,326 - INFO - Error processing XRPUSDT: 'BotSettings' object has no attribute 'rsi_oversold'
2026-06-18 10:49:22,929 - INFO - Error processing CHZUSDT: 'BotSettings' object has no attribute 'rsi_oversold'
2026-06-18 10:49:22,942 - INFO - Error processing HBARUSDT: 'BotSettings' object has no attribute 'rsi_oversold'
2026-06-18 10:49:22,956 - INFO - Error processing AAVEUSDT: 'BotSettings' object has no attribute 'rsi_oversold'
2026-06-18 10:49:22,968 - INFO - Error processing AVAXUSDT: 'BotSettings' object has no attribute 'rsi_oversold'
2026-06-18 10:49:23,027 - INFO - Error processing LTCUSDT: 'BotSettings' object has no attribute 'rsi_oversold'
2026-06-18 10:49:23,039 - INFO - Error processing ADAUSDT: 'BotSettings' object has no attribute 'rsi_oversold'
2026-06-18 10:49:23,060 - INFO - Error processing LINKUSDT: 'BotSettings' object has no attribute 'rsi_oversold'
2026-06-18 10:49:23,077 - INFO - Error processing XTZUSDT: 'BotSettings' object has no attribute 'rsi_oversold'
2026-06-18 10:49:23,109 - INFO - Error processing THETAUSDT: 'BotSettings' object has no attribute 'rsi_oversold'
2026-06-18 10:49:23,124 - INFO - Error processing BNBUSDT: 'BotSettings' object has no attribute 'rsi_oversold'
2026-06-18 10:49:23,139 - INFO - Error processing VETUSDT: 'BotSettings' object has no attribute 'rsi_oversold'
2026-06-18 10:49:23,159 - INFO - Error processing XRPUSDT: 'BotSettings' object has no attribute 'rsi_oversold'
2026-06-18 10:49:23,177 - INFO - Error processing SOLUSDT: 'BotSettings' object has no attribute 'rsi_oversold'
2026-06-18 10:49:23,199 - INFO - Error processing FILUSDT: 'BotSettings' object has no attribute 'rsi_oversold'
2026-06-18 10:49:23,215 - INFO - Error processing DOTUSDT: 'BotSettings' object has no attribute 'rsi_oversold'
2026-06-18 10:49:23,228 - INFO - Error processing GRTUSDT: 'BotSettings' object has no attribute 'rsi_oversold'
2026-06-18 10:49:23,246 - INFO - Error processing DOGEUSDT: 'BotSettings' object has no attribute 'rsi_oversold'
2026-06-18 10:49:23,265 - INFO - Error processing ENJUSDT: 'BotSettings' object has no attribute 'rsi_overbought'
2026-06-18 10:49:23,279 - INFO - Error processing TRXUSDT: 'BotSettings' object has no attribute 'rsi_oversold'
2026-06-18 10:49:23,293 - INFO - Error processing BTCUSDT: 'BotSettings' object has no attribute 'rsi_oversold'
2026-06-18 10:49:23,360 - INFO - Error processing ICPUSDT: 'BotSettings' object has no attribute 'rsi_oversold'
2026-06-18 10:49:23,378 - INFO - Error processing UNIUSDT: 'BotSettings' object has no attribute 'rsi_oversold'
2026-06-18 10:49:39,068 - INFO - Error processing XRPUSDT: 'BotSettings' object has no attribute 'rsi_oversold'
2026-06-18 10:49:39,089 - INFO - Error processing AAVEUSDT: 'BotSettings' object has no attribute 'rsi_oversold'
2026-06-18 10:49:39,103 - INFO - Error processing BTCUSDT: 'BotSettings' object has no attribute 'rsi_oversold'
2026-06-18 10:49:39,169 - INFO - Error processing THETAUSDT: 'BotSettings' object has no attribute 'rsi_oversold'
2026-06-18 10:49:39,181 - INFO - Error processing GRTUSDT: 'BotSettings' object has no attribute 'rsi_oversold'
2026-06-18 10:49:39,193 - INFO - Error processing TRXUSDT: 'BotSettings' object has no attribute 'rsi_oversold'
2026-06-18 10:49:39,205 - INFO - Error processing LTCUSDT: 'BotSettings' object has no attribute 'rsi_oversold'
2026-06-18 10:49:39,218 - INFO - Error processing DOTUSDT: 'BotSettings' object has no attribute 'rsi_oversold'
2026-06-18 10:49:39,231 - INFO - Error processing SOLUSDT: 'BotSettings' object has no attribute 'rsi_oversold'
2026-06-18 10:49:39,242 - INFO - Error processing ADAUSDT: 'BotSettings' object has no attribute 'rsi_oversold'
2026-06-18 10:49:39,253 - INFO - Error processing HBARUSDT: 'BotSettings' object has no attribute 'rsi_oversold'
2026-06-18 10:49:39,264 - INFO - Error processing UNIUSDT: 'BotSettings' object has no attribute 'rsi_oversold'
2026-06-18 10:49:39,274 - INFO - Error processing ENJUSDT: 'BotSettings' object has no attribute 'rsi_overbought'
2026-06-18 10:49:39,284 - INFO - Error processing CHZUSDT: 'BotSettings' object has no attribute 'rsi_oversold'
2026-06-18 10:49:39,296 - INFO - Error processing LINKUSDT: 'BotSettings' object has no attribute 'rsi_oversold'
2026-06-18 10:49:39,306 - INFO - Error processing AVAXUSDT: 'BotSettings' object has no attribute 'rsi_oversold'
2026-06-18 10:49:39,319 - INFO - Error processing DOGEUSDT: 'BotSettings' object has no attribute 'rsi_oversold'
2026-06-18 10:49:39,331 - INFO - Error processing ICPUSDT: 'BotSettings' object has no attribute 'rsi_oversold'
2026-06-18 10:49:39,356 - INFO - Error processing XTZUSDT: 'BotSettings' object has no attribute 'rsi_oversold'
2026-06-18 10:49:39,367 - INFO - Error processing BNBUSDT: 'BotSettings' object has no attribute 'rsi_oversold'
2026-06-18 10:49:39,380 - INFO - Error processing VETUSDT: 'BotSettings' object has no attribute 'rsi_oversold'
2026-06-18 10:49:39,393 - INFO - Error processing FILUSDT: 'BotSettings' object has no attribute 'rsi_oversold'
2026-06-18 10:49:55,151 - INFO - Error processing SOLUSDT: 'BotSettings' object has no attribute 'rsi_oversold'
2026-06-18 10:49:55,172 - INFO - Error processing XRPUSDT: 'BotSettings' object has no attribute 'rsi_oversold'
2026-06-18 10:49:55,183 - INFO - Error processing HBARUSDT: 'BotSettings' object has no attribute 'rsi_oversold'
2026-06-18 10:49:55,195 - INFO - Error processing ADAUSDT: 'BotSettings' object has no attribute 'rsi_oversold'
2026-06-18 10:49:55,246 - INFO - Error processing BNBUSDT: 'BotSettings' object has no attribute 'rsi_oversold'
2026-06-18 10:49:55,259 - INFO - Error processing BTCUSDT: 'BotSettings' object has no attribute 'rsi_oversold'
2026-06-18 10:49:55,271 - INFO - Error processing LTCUSDT: 'BotSettings' object has no attribute 'rsi_oversold'
2026-06-18 10:49:55,282 - INFO - Error processing AVAXUSDT: 'BotSettings' object has no attribute 'rsi_oversold'
2026-06-18 10:49:55,294 - INFO - Error processing VETUSDT: 'BotSettings' object has no attribute 'rsi_oversold'
2026-06-18 10:49:55,306 - INFO - Error processing FILUSDT: 'BotSettings' object has no attribute 'rsi_oversold'
2026-06-18 10:49:55,318 - INFO - Error processing THETAUSDT: 'BotSettings' object has no attribute 'rsi_oversold'
2026-06-18 10:49:55,330 - INFO - Error processing DOTUSDT: 'BotSettings' object has no attribute 'rsi_oversold'
2026-06-18 10:49:55,343 - INFO - Error processing DOGEUSDT: 'BotSettings' object has no attribute 'rsi_oversold'
2026-06-18 10:49:55,355 - INFO - Error processing XTZUSDT: 'BotSettings' object has no attribute 'rsi_oversold'
2026-06-18 10:49:55,374 - INFO - Error processing GRTUSDT: 'BotSettings' object has no attribute 'rsi_oversold'
2026-06-18 10:49:55,386 - INFO - Error processing LINKUSDT: 'BotSettings' object has no attribute 'rsi_oversold'
2026-06-18 10:49:55,398 - INFO - Error processing UNIUSDT: 'BotSettings' object has no attribute 'rsi_oversold'
2026-06-18 10:49:55,408 - INFO - Error processing CHZUSDT: 'BotSettings' object has no attribute 'rsi_oversold'
2026-06-18 10:49:55,418 - INFO - Error processing ENJUSDT: 'BotSettings' object has no attribute 'rsi_overbought'
2026-06-18 10:49:55,430 - INFO - Error processing ICPUSDT: 'BotSettings' object has no attribute 'rsi_oversold'
2026-06-18 10:49:55,443 - INFO - Error processing TRXUSDT: 'BotSettings' object has no attribute 'rsi_oversold'
2026-06-18 10:49:55,637 - INFO - Error processing AAVEUSDT: 'BotSettings' object has no attribute 'rsi_oversold'
2026-06-18 10:50:11,370 - INFO - Error processing BNBUSDT: 'BotSettings' object has no attribute 'rsi_oversold'
2026-06-18 10:50:11,383 - INFO - Error processing XRPUSDT: 'BotSettings' object has no attribute 'rsi_oversold'
2026-06-18 10:50:11,457 - INFO - Error processing XTZUSDT: 'BotSettings' object has no attribute 'rsi_oversold'
2026-06-18 10:50:11,470 - INFO - Error processing BTCUSDT: 'BotSettings' object has no attribute 'rsi_oversold'
2026-06-18 10:50:11,497 - INFO - Error processing DOGEUSDT: 'BotSettings' object has no attribute 'rsi_oversold'
2026-06-18 10:50:11,510 - INFO - Error processing AAVEUSDT: 'BotSettings' object has no attribute 'rsi_oversold'
2026-06-18 10:50:11,522 - INFO - Error processing THETAUSDT: 'BotSettings' object has no attribute 'rsi_oversold'
2026-06-18 10:50:11,544 - INFO - Error processing ADAUSDT: 'BotSettings' object has no attribute 'rsi_oversold'
2026-06-18 10:50:11,556 - INFO - Error processing HBARUSDT: 'BotSettings' object has no attribute 'rsi_oversold'
2026-06-18 10:50:11,572 - INFO - Error processing CHZUSDT: 'BotSettings' object has no attribute 'rsi_oversold'
2026-06-18 10:50:11,585 - INFO - Error processing SOLUSDT: 'BotSettings' object has no attribute 'rsi_oversold'
2026-06-18 10:50:11,603 - INFO - Error processing DOTUSDT: 'BotSettings' object has no attribute 'rsi_oversold'
2026-06-18 10:50:11,616 - INFO - Error processing LINKUSDT: 'BotSettings' object has no attribute 'rsi_oversold'
2026-06-18 10:50:11,628 - INFO - Error processing ENJUSDT: 'BotSettings' object has no attribute 'rsi_overbought'
2026-06-18 10:50:11,641 - INFO - Error processing ICPUSDT: 'BotSettings' object has no attribute 'rsi_oversold'
2026-06-18 10:50:11,661 - INFO - Error processing LTCUSDT: 'BotSettings' object has no attribute 'rsi_oversold'
2026-06-18 10:50:11,674 - INFO - Error processing UNIUSDT: 'BotSettings' object has no attribute 'rsi_oversold'
2026-06-18 10:50:11,688 - INFO - Error processing VETUSDT: 'BotSettings' object has no attribute 'rsi_oversold'
2026-06-18 10:50:11,704 - INFO - Error processing FILUSDT: 'BotSettings' object has no attribute 'rsi_oversold'
2026-06-18 10:50:11,720 - INFO - Error processing GRTUSDT: 'BotSettings' object has no attribute 'rsi_oversold'
2026-06-18 10:50:11,731 - INFO - Error processing AVAXUSDT: 'BotSettings' object has no attribute 'rsi_oversold'
2026-06-18 10:50:11,747 - INFO - Error processing TRXUSDT: 'BotSettings' object has no attribute 'rsi_oversold'
2026-06-18 10:50:27,506 - INFO - Error processing ADAUSDT: 'BotSettings' object has no attribute 'rsi_oversold'
2026-06-18 10:50:27,516 - INFO - Error processing ENJUSDT: 'BotSettings' object has no attribute 'rsi_overbought'
2026-06-18 10:50:27,550 - INFO - Error processing TRXUSDT: 'BotSettings' object has no attribute 'rsi_oversold'
2026-06-18 10:50:27,563 - INFO - Error processing FILUSDT: 'BotSettings' object has no attribute 'rsi_oversold'
2026-06-18 10:50:27,575 - INFO - Error processing GRTUSDT: 'BotSettings' object has no attribute 'rsi_oversold'
2026-06-18 10:50:27,587 - INFO - Error processing XRPUSDT: 'BotSettings' object has no attribute 'rsi_oversold'
2026-06-18 10:50:27,599 - INFO - Error processing BNBUSDT: 'BotSettings' object has no attribute 'rsi_oversold'
2026-06-18 10:50:27,615 - INFO - Error processing BTCUSDT: 'BotSettings' object has no attribute 'rsi_oversold'
2026-06-18 10:50:27,672 - INFO - Error processing LTCUSDT: 'BotSettings' object has no attribute 'rsi_oversold'
2026-06-18 10:50:27,685 - INFO - Error processing VETUSDT: 'BotSettings' object has no attribute 'rsi_oversold'
2026-06-18 10:50:27,705 - INFO - Error processing DOTUSDT: 'BotSettings' object has no attribute 'rsi_oversold'
2026-06-18 10:50:27,718 - INFO - Error processing ICPUSDT: 'BotSettings' object has no attribute 'rsi_oversold'
2026-06-18 10:50:27,730 - INFO - Error processing AAVEUSDT: 'BotSettings' object has no attribute 'rsi_oversold'
2026-06-18 10:50:27,740 - INFO - Error processing HBARUSDT: 'BotSettings' object has no attribute 'rsi_oversold'
2026-06-18 10:50:27,750 - INFO - Error processing THETAUSDT: 'BotSettings' object has no attribute 'rsi_oversold'
2026-06-18 10:50:27,762 - INFO - Error processing CHZUSDT: 'BotSettings' object has no attribute 'rsi_oversold'
2026-06-18 10:50:27,774 - INFO - Error processing SOLUSDT: 'BotSettings' object has no attribute 'rsi_oversold'
2026-06-18 10:50:27,787 - INFO - Error processing DOGEUSDT: 'BotSettings' object has no attribute 'rsi_oversold'
2026-06-18 10:50:27,799 - INFO - Error processing LINKUSDT: 'BotSettings' object has no attribute 'rsi_oversold'
2026-06-18 10:50:27,812 - INFO - Error processing XTZUSDT: 'BotSettings' object has no attribute 'rsi_oversold'
2026-06-18 10:50:27,822 - INFO - Error processing UNIUSDT: 'BotSettings' object has no attribute 'rsi_oversold'
2026-06-18 10:50:27,834 - INFO - Error processing AVAXUSDT: 'BotSettings' object has no attribute 'rsi_oversold'
2026-06-18 10:50:43,656 - INFO - Error processing ENJUSDT: 'BotSettings' object has no attribute 'rsi_overbought'
2026-06-18 10:50:43,686 - INFO - Error processing BTCUSDT: 'BotSettings' object has no attribute 'rsi_oversold'
2026-06-18 10:50:43,735 - INFO - Error processing AVAXUSDT: 'BotSettings' object has no attribute 'rsi_oversold'
2026-06-18 10:50:43,745 - INFO - Error processing BNBUSDT: 'BotSettings' object has no attribute 'rsi_oversold'
2026-06-18 10:50:43,756 - INFO - Error processing DOTUSDT: 'BotSettings' object has no attribute 'rsi_oversold'
2026-06-18 10:50:43,768 - INFO - Error processing DOGEUSDT: 'BotSettings' object has no attribute 'rsi_oversold'
2026-06-18 10:50:43,801 - INFO - Error processing HBARUSDT: 'BotSettings' object has no attribute 'rsi_oversold'
2026-06-18 10:50:43,812 - INFO - Error processing GRTUSDT: 'BotSettings' object has no attribute 'rsi_oversold'
2026-06-18 10:50:43,822 - INFO - Error processing ADAUSDT: 'BotSettings' object has no attribute 'rsi_oversold'
2026-06-18 10:50:43,834 - INFO - Error processing FILUSDT: 'BotSettings' object has no attribute 'rsi_oversold'
2026-06-18 10:50:43,845 - INFO - Error processing LINKUSDT: 'BotSettings' object has no attribute 'rsi_oversold'
2026-06-18 10:50:43,860 - INFO - Error processing XTZUSDT: 'BotSettings' object has no attribute 'rsi_oversold'
2026-06-18 10:50:43,870 - INFO - Error processing CHZUSDT: 'BotSettings' object has no attribute 'rsi_oversold'
2026-06-18 10:50:43,881 - INFO - Error processing LTCUSDT: 'BotSettings' object has no attribute 'rsi_oversold'
2026-06-18 10:50:43,892 - INFO - Error processing VETUSDT: 'BotSettings' object has no attribute 'rsi_oversold'
2026-06-18 10:50:43,905 - INFO - Error processing TRXUSDT: 'BotSettings' object has no attribute 'rsi_oversold'
2026-06-18 10:50:43,916 - INFO - Error processing ICPUSDT: 'BotSettings' object has no attribute 'rsi_oversold'
2026-06-18 10:50:44,037 - INFO - Error processing XRPUSDT: 'BotSettings' object has no attribute 'rsi_oversold'
2026-06-18 10:50:44,067 - INFO - Error processing SOLUSDT: 'BotSettings' object has no attribute 'rsi_oversold'
2026-06-18 10:50:44,079 - INFO - Error processing UNIUSDT: 'BotSettings' object has no attribute 'rsi_oversold'
2026-06-18 10:50:44,092 - INFO - Error processing THETAUSDT: 'BotSettings' object has no attribute 'rsi_oversold'
2026-06-18 10:50:59,828 - INFO - Error processing ENJUSDT: 'BotSettings' object has no attribute 'rsi_overbought'
2026-06-18 10:50:59,850 - INFO - Error processing CHZUSDT: 'BotSettings' object has no attribute 'rsi_oversold'
2026-06-18 10:50:59,861 - INFO - Error processing BNBUSDT: 'BotSettings' object has no attribute 'rsi_oversold'
2026-06-18 10:50:59,872 - INFO - Error processing SOLUSDT: 'BotSettings' object has no attribute 'rsi_oversold'
2026-06-18 10:50:59,897 - INFO - Error processing HBARUSDT: 'BotSettings' object has no attribute 'rsi_oversold'
2026-06-18 10:50:59,938 - INFO - Error processing THETAUSDT: 'BotSettings' object has no attribute 'rsi_oversold'
2026-06-18 10:50:59,949 - INFO - Error processing UNIUSDT: 'BotSettings' object has no attribute 'rsi_oversold'
2026-06-18 10:50:59,959 - INFO - Error processing AVAXUSDT: 'BotSettings' object has no attribute 'rsi_oversold'
2026-06-18 10:50:59,971 - INFO - Error processing DOTUSDT: 'BotSettings' object has no attribute 'rsi_oversold'
2026-06-18 10:50:59,981 - INFO - Error processing GRTUSDT: 'BotSettings' object has no attribute 'rsi_oversold'
2026-06-18 10:50:59,993 - INFO - Error processing TRXUSDT: 'BotSettings' object has no attribute 'rsi_oversold'
2026-06-18 10:51:00,004 - INFO - Error processing XRPUSDT: 'BotSettings' object has no attribute 'rsi_oversold'
2026-06-18 10:51:00,023 - INFO - Error processing BTCUSDT: 'BotSettings' object has no attribute 'rsi_oversold'
2026-06-18 10:51:00,034 - INFO - Error processing DOGEUSDT: 'BotSettings' object has no attribute 'rsi_oversold'
2026-06-18 10:51:00,045 - INFO - Error processing VETUSDT: 'BotSettings' object has no attribute 'rsi_oversold'
2026-06-18 10:51:00,056 - INFO - Error processing LTCUSDT: 'BotSettings' object has no attribute 'rsi_oversold'
2026-06-18 10:51:00,067 - INFO - Error processing ICPUSDT: 'BotSettings' object has no attribute 'rsi_oversold'
2026-06-18 10:51:00,089 - INFO - Error processing XTZUSDT: 'BotSettings' object has no attribute 'rsi_oversold'
2026-06-18 10:51:00,246 - INFO - Error processing FILUSDT: 'BotSettings' object has no attribute 'rsi_oversold'
2026-06-18 10:51:00,265 - INFO - Error processing LINKUSDT: 'BotSettings' object has no attribute 'rsi_oversold'
2026-06-18 10:51:00,275 - INFO - Error processing ADAUSDT: 'BotSettings' object has no attribute 'rsi_oversold'
2026-06-18 10:51:16,030 - INFO - Error processing HBARUSDT: 'BotSettings' object has no attribute 'rsi_oversold'
2026-06-18 10:51:16,041 - INFO - Error processing BTCUSDT: 'BotSettings' object has no attribute 'rsi_oversold'
2026-06-18 10:51:16,052 - INFO - Error processing BNBUSDT: 'BotSettings' object has no attribute 'rsi_oversold'
2026-06-18 10:51:16,063 - INFO - Error processing CHZUSDT: 'BotSettings' object has no attribute 'rsi_oversold'
2026-06-18 10:51:16,121 - INFO - Error processing GRTUSDT: 'BotSettings' object has no attribute 'rsi_oversold'
2026-06-18 10:51:16,138 - INFO - Error processing AVAXUSDT: 'BotSettings' object has no attribute 'rsi_oversold'
2026-06-18 10:51:16,150 - INFO - Error processing DOTUSDT: 'BotSettings' object has no attribute 'rsi_oversold'
2026-06-18 10:51:16,162 - INFO - Error processing SOLUSDT: 'BotSettings' object has no attribute 'rsi_oversold'
2026-06-18 10:51:16,173 - INFO - Error processing DOGEUSDT: 'BotSettings' object has no attribute 'rsi_oversold'
2026-06-18 10:51:16,183 - INFO - Error processing ENJUSDT: 'BotSettings' object has no attribute 'rsi_overbought'
2026-06-18 10:51:16,209 - INFO - Error processing XRPUSDT: 'BotSettings' object has no attribute 'rsi_oversold'
2026-06-18 10:51:16,230 - INFO - Error processing TRXUSDT: 'BotSettings' object has no attribute 'rsi_oversold'
2026-06-18 10:51:16,241 - INFO - Error processing FILUSDT: 'BotSettings' object has no attribute 'rsi_oversold'
2026-06-18 10:51:16,252 - INFO - Error processing VETUSDT: 'BotSettings' object has no attribute 'rsi_oversold'
2026-06-18 10:51:16,270 - INFO - Error processing UNIUSDT: 'BotSettings' object has no attribute 'rsi_oversold'
2026-06-18 10:51:16,281 - INFO - Error processing LINKUSDT: 'BotSettings' object has no attribute 'rsi_oversold'
2026-06-18 10:51:16,292 - INFO - Error processing LTCUSDT: 'BotSettings' object has no attribute 'rsi_oversold'
2026-06-18 10:51:16,303 - INFO - Error processing XTZUSDT: 'BotSettings' object has no attribute 'rsi_oversold'
2026-06-18 10:51:16,313 - INFO - Error processing THETAUSDT: 'BotSettings' object has no attribute 'rsi_oversold'
2026-06-18 10:51:16,324 - INFO - Error processing ADAUSDT: 'BotSettings' object has no attribute 'rsi_oversold'
2026-06-18 10:51:16,335 - INFO - Error processing ICPUSDT: 'BotSettings' object has no attribute 'rsi_oversold'
2026-06-18 10:51:32,064 - INFO - Error processing ADAUSDT: 'BotSettings' object has no attribute 'rsi_oversold'
2026-06-18 10:51:32,082 - INFO - Error processing BTCUSDT: 'BotSettings' object has no attribute 'rsi_oversold'
2026-06-18 10:51:32,093 - INFO - Error processing BNBUSDT: 'BotSettings' object has no attribute 'rsi_oversold'
2026-06-18 10:51:32,104 - INFO - Error processing SOLUSDT: 'BotSettings' object has no attribute 'rsi_oversold'
2026-06-18 10:51:32,163 - INFO - Error processing XTZUSDT: 'BotSettings' object has no attribute 'rsi_oversold'
2026-06-18 10:51:32,173 - INFO - Error processing CHZUSDT: 'BotSettings' object has no attribute 'rsi_oversold'
2026-06-18 10:51:32,184 - INFO - Error processing DOTUSDT: 'BotSettings' object has no attribute 'rsi_oversold'
2026-06-18 10:51:32,203 - INFO - Error processing DOGEUSDT: 'BotSettings' object has no attribute 'rsi_oversold'
2026-06-18 10:51:32,215 - INFO - Error processing TRXUSDT: 'BotSettings' object has no attribute 'rsi_oversold'
2026-06-18 10:51:32,225 - INFO - Error processing HBARUSDT: 'BotSettings' object has no attribute 'rsi_oversold'
2026-06-18 10:51:32,235 - INFO - Error processing AVAXUSDT: 'BotSettings' object has no attribute 'rsi_oversold'
2026-06-18 10:51:32,250 - INFO - Error processing UNIUSDT: 'BotSettings' object has no attribute 'rsi_oversold'
2026-06-18 10:51:32,258 - INFO - Error processing ENJUSDT: 'BotSettings' object has no attribute 'rsi_overbought'
2026-06-18 10:51:32,269 - INFO - Error processing LTCUSDT: 'BotSettings' object has no attribute 'rsi_oversold'
2026-06-18 10:51:32,281 - INFO - Error processing GRTUSDT: 'BotSettings' object has no attribute 'rsi_oversold'
2026-06-18 10:51:32,292 - INFO - Error processing AAVEUSDT: 'BotSettings' object has no attribute 'rsi_oversold'
2026-06-18 10:51:32,303 - INFO - Error processing FILUSDT: 'BotSettings' object has no attribute 'rsi_oversold'
2026-06-18 10:51:32,315 - INFO - Error processing LINKUSDT: 'BotSettings' object has no attribute 'rsi_oversold'
2026-06-18 10:51:32,326 - INFO - Error processing ICPUSDT: 'BotSettings' object has no attribute 'rsi_oversold'
2026-06-18 10:51:32,336 - INFO - Error processing XRPUSDT: 'BotSettings' object has no attribute 'rsi_oversold'
2026-06-18 10:51:32,365 - INFO - Error processing VETUSDT: 'BotSettings' object has no attribute 'rsi_oversold'
2026-06-18 10:51:32,375 - INFO - Error processing THETAUSDT: 'BotSettings' object has no attribute 'rsi_oversold'
2026-06-18 10:51:48,127 - INFO - Error processing SOLUSDT: 'BotSettings' object has no attribute 'rsi_oversold'
2026-06-18 10:51:48,139 - INFO - Error processing BTCUSDT: 'BotSettings' object has no attribute 'rsi_oversold'
2026-06-18 10:51:48,177 - INFO - Error processing CHZUSDT: 'BotSettings' object has no attribute 'rsi_oversold'
2026-06-18 10:51:48,188 - INFO - Error processing ADAUSDT: 'BotSettings' object has no attribute 'rsi_oversold'
2026-06-18 10:51:48,197 - INFO - Error processing ENJUSDT: 'BotSettings' object has no attribute 'rsi_overbought'
2026-06-18 10:51:48,209 - INFO - Error processing DOGEUSDT: 'BotSettings' object has no attribute 'rsi_oversold'
2026-06-18 10:51:48,220 - INFO - Error processing ICPUSDT: 'BotSettings' object has no attribute 'rsi_oversold'
2026-06-18 10:51:48,232 - INFO - Error processing LTCUSDT: 'BotSettings' object has no attribute 'rsi_oversold'
2026-06-18 10:51:48,242 - INFO - Error processing HBARUSDT: 'BotSettings' object has no attribute 'rsi_oversold'
2026-06-18 10:51:48,252 - INFO - Error processing AVAXUSDT: 'BotSettings' object has no attribute 'rsi_oversold'
2026-06-18 10:51:48,264 - INFO - Error processing XRPUSDT: 'BotSettings' object has no attribute 'rsi_oversold'
2026-06-18 10:51:48,290 - INFO - Error processing BNBUSDT: 'BotSettings' object has no attribute 'rsi_oversold'
2026-06-18 10:51:48,329 - INFO - Error processing DOTUSDT: 'BotSettings' object has no attribute 'rsi_oversold'
2026-06-18 10:51:48,339 - INFO - Error processing UNIUSDT: 'BotSettings' object has no attribute 'rsi_oversold'
2026-06-18 10:51:48,350 - INFO - Error processing LINKUSDT: 'BotSettings' object has no attribute 'rsi_oversold'
2026-06-18 10:51:48,361 - INFO - Error processing AAVEUSDT: 'BotSettings' object has no attribute 'rsi_oversold'
2026-06-18 10:51:48,371 - INFO - Error processing THETAUSDT: 'BotSettings' object has no attribute 'rsi_oversold'
2026-06-18 10:51:48,383 - INFO - Error processing TRXUSDT: 'BotSettings' object has no attribute 'rsi_oversold'
2026-06-18 10:51:48,395 - INFO - Error processing XTZUSDT: 'BotSettings' object has no attribute 'rsi_oversold'
2026-06-18 10:51:48,406 - INFO - Error processing VETUSDT: 'BotSettings' object has no attribute 'rsi_oversold'
2026-06-18 10:51:48,618 - INFO - Error processing FILUSDT: 'BotSettings' object has no attribute 'rsi_oversold'
2026-06-18 10:51:48,631 - INFO - Error processing GRTUSDT: 'BotSettings' object has no attribute 'rsi_oversold'
2026-06-18 10:52:04,287 - INFO - Error processing SOLUSDT: 'BotSettings' object has no attribute 'rsi_oversold'
2026-06-18 10:52:04,310 - INFO - Error processing BNBUSDT: 'BotSettings' object has no attribute 'rsi_oversold'
2026-06-18 10:52:04,418 - INFO - Error processing LTCUSDT: 'BotSettings' object has no attribute 'rsi_oversold'
2026-06-18 10:52:04,452 - INFO - Error processing HBARUSDT: 'BotSettings' object has no attribute 'rsi_oversold'
2026-06-18 10:52:04,480 - INFO - Error processing XRPUSDT: 'BotSettings' object has no attribute 'rsi_oversold'
2026-06-18 10:52:04,503 - INFO - Error processing AAVEUSDT: 'BotSettings' object has no attribute 'rsi_oversold'
2026-06-18 10:52:04,529 - INFO - Error processing BTCUSDT: 'BotSettings' object has no attribute 'rsi_oversold'
2026-06-18 10:52:04,547 - INFO - Error processing TRXUSDT: 'BotSettings' object has no attribute 'rsi_oversold'
2026-06-18 10:52:04,635 - INFO - Error processing XTZUSDT: 'BotSettings' object has no attribute 'rsi_oversold'
2026-06-18 10:52:04,655 - INFO - Error processing UNIUSDT: 'BotSettings' object has no attribute 'rsi_oversold'
2026-06-18 10:52:04,675 - INFO - Error processing LINKUSDT: 'BotSettings' object has no attribute 'rsi_oversold'
2026-06-18 10:52:04,689 - INFO - Error processing THETAUSDT: 'BotSettings' object has no attribute 'rsi_oversold'
2026-06-18 10:52:04,708 - INFO - Error processing VETUSDT: 'BotSettings' object has no attribute 'rsi_oversold'
2026-06-18 10:52:04,728 - INFO - Error processing ICPUSDT: 'BotSettings' object has no attribute 'rsi_oversold'
2026-06-18 10:52:04,747 - INFO - Error processing GRTUSDT: 'BotSettings' object has no attribute 'rsi_oversold'
2026-06-18 10:52:04,764 - INFO - Error processing FILUSDT: 'BotSettings' object has no attribute 'rsi_oversold'
2026-06-18 10:52:04,795 - INFO - Error processing DOTUSDT: 'BotSettings' object has no attribute 'rsi_oversold'
2026-06-18 10:52:04,808 - INFO - Error processing ENJUSDT: 'BotSettings' object has no attribute 'rsi_overbought'
2026-06-18 10:52:04,824 - INFO - Error processing AVAXUSDT: 'BotSettings' object has no attribute 'rsi_oversold'
2026-06-18 10:52:04,836 - INFO - Error processing DOGEUSDT: 'BotSettings' object has no attribute 'rsi_oversold'
2026-06-18 10:52:04,856 - INFO - Error processing ADAUSDT: 'BotSettings' object has no attribute 'rsi_oversold'
2026-06-18 10:52:04,868 - INFO - Error processing CHZUSDT: 'BotSettings' object has no attribute 'rsi_oversold'
2026-06-18 10:52:20,726 - INFO - Error processing FILUSDT: 'BotSettings' object has no attribute 'rsi_oversold'
2026-06-18 10:52:20,801 - INFO - Error processing BNBUSDT: 'BotSettings' object has no attribute 'rsi_oversold'
2026-06-18 10:52:20,947 - INFO - Error processing CHZUSDT: 'BotSettings' object has no attribute 'rsi_oversold'
2026-06-18 10:52:21,010 - INFO - Error processing ENJUSDT: 'BotSettings' object has no attribute 'rsi_overbought'
2026-06-18 10:52:21,105 - INFO - Error processing SOLUSDT: 'BotSettings' object has no attribute 'rsi_oversold'
2026-06-18 10:52:21,148 - INFO - Error processing THETAUSDT: 'BotSettings' object has no attribute 'rsi_oversold'
2026-06-18 10:52:21,283 - INFO - Error processing DOGEUSDT: 'BotSettings' object has no attribute 'rsi_oversold'
2026-06-18 10:52:21,336 - INFO - Error processing ADAUSDT: 'BotSettings' object has no attribute 'rsi_oversold'
2026-06-18 10:52:21,356 - INFO - Error processing HBARUSDT: 'BotSettings' object has no attribute 'rsi_oversold'
2026-06-18 10:52:21,375 - INFO - Error processing LINKUSDT: 'BotSettings' object has no attribute 'rsi_oversold'
2026-06-18 10:52:21,402 - INFO - Error processing AVAXUSDT: 'BotSettings' object has no attribute 'rsi_oversold'
2026-06-18 10:52:21,417 - INFO - Error processing DOTUSDT: 'BotSettings' object has no attribute 'rsi_oversold'
2026-06-18 10:52:21,449 - INFO - Error processing LTCUSDT: 'BotSettings' object has no attribute 'rsi_oversold'
2026-06-18 10:52:21,585 - INFO - Error processing BTCUSDT: 'BotSettings' object has no attribute 'rsi_oversold'
2026-06-18 10:52:21,650 - INFO - Error processing TRXUSDT: 'BotSettings' object has no attribute 'rsi_oversold'
2026-06-18 10:52:21,671 - INFO - Error processing UNIUSDT: 'BotSettings' object has no attribute 'rsi_oversold'
2026-06-18 10:52:21,688 - INFO - Error processing GRTUSDT: 'BotSettings' object has no attribute 'rsi_oversold'
2026-06-18 10:52:21,708 - INFO - Error processing ICPUSDT: 'BotSettings' object has no attribute 'rsi_oversold'
2026-06-18 10:52:21,728 - INFO - Error processing XTZUSDT: 'BotSettings' object has no attribute 'rsi_oversold'
2026-06-18 10:52:21,744 - INFO - Error processing XRPUSDT: 'BotSettings' object has no attribute 'rsi_oversold'
2026-06-18 10:52:21,762 - INFO - Error processing VETUSDT: 'BotSettings' object has no attribute 'rsi_oversold'
2026-06-18 10:52:37,842 - INFO - Error processing BTCUSDT: 'BotSettings' object has no attribute 'rsi_oversold'
2026-06-18 10:52:37,912 - INFO - Error processing BNBUSDT: 'BotSettings' object has no attribute 'rsi_oversold'
2026-06-18 10:52:37,993 - INFO - Error processing ADAUSDT: 'BotSettings' object has no attribute 'rsi_oversold'
2026-06-18 10:52:38,049 - INFO - Error processing DOTUSDT: 'BotSettings' object has no attribute 'rsi_oversold'
2026-06-18 10:52:38,125 - INFO - Error processing DOGEUSDT: 'BotSettings' object has no attribute 'rsi_oversold'
2026-06-18 10:52:38,188 - INFO - Error processing AAVEUSDT: 'BotSettings' object has no attribute 'rsi_oversold'
2026-06-18 10:52:38,241 - INFO - Error processing HBARUSDT: 'BotSettings' object has no attribute 'rsi_oversold'
2026-06-18 10:52:38,308 - INFO - Error processing TRXUSDT: 'BotSettings' object has no attribute 'rsi_oversold'
2026-06-18 10:52:38,339 - INFO - Error processing LINKUSDT: 'BotSettings' object has no attribute 'rsi_oversold'
2026-06-18 10:52:38,369 - INFO - Error processing ICPUSDT: 'BotSettings' object has no attribute 'rsi_oversold'
2026-06-18 10:52:38,398 - INFO - Error processing AVAXUSDT: 'BotSettings' object has no attribute 'rsi_oversold'
2026-06-18 10:52:38,567 - INFO - Error processing GRTUSDT: 'BotSettings' object has no attribute 'rsi_oversold'
2026-06-18 10:52:38,593 - INFO - Error processing FILUSDT: 'BotSettings' object has no attribute 'rsi_oversold'
2026-06-18 10:52:38,625 - INFO - Error processing VETUSDT: 'BotSettings' object has no attribute 'rsi_oversold'
2026-06-18 10:52:38,654 - INFO - Error processing XTZUSDT: 'BotSettings' object has no attribute 'rsi_oversold'
2026-06-18 10:52:38,673 - INFO - Error processing CHZUSDT: 'BotSettings' object has no attribute 'rsi_oversold'
2026-06-18 10:52:38,708 - INFO - Error processing UNIUSDT: 'BotSettings' object has no attribute 'rsi_oversold'
2026-06-18 10:52:38,740 - INFO - Error processing LTCUSDT: 'BotSettings' object has no attribute 'rsi_oversold'
2026-06-18 10:52:38,767 - INFO - Error processing XRPUSDT: 'BotSettings' object has no attribute 'rsi_oversold'
2026-06-18 10:52:38,816 - INFO - Error processing THETAUSDT: 'BotSettings' object has no attribute 'rsi_oversold'
2026-06-18 10:52:38,905 - INFO - Error processing SOLUSDT: 'BotSettings' object has no attribute 'rsi_oversold'
2026-06-18 10:52:38,929 - INFO - Error processing ENJUSDT: 'BotSettings' object has no attribute 'rsi_overbought'
2026-06-18 10:52:54,684 - INFO - Error processing BTCUSDT: 'BotSettings' object has no attribute 'rsi_oversold'
2026-06-18 10:52:54,765 - INFO - Error processing ENJUSDT: 'BotSettings' object has no attribute 'rsi_overbought'
2026-06-18 10:52:54,785 - INFO - Error processing SOLUSDT: 'BotSettings' object has no attribute 'rsi_oversold'
2026-06-18 10:52:54,796 - INFO - Error processing ADAUSDT: 'BotSettings' object has no attribute 'rsi_oversold'
2026-06-18 10:52:54,808 - INFO - Error processing XRPUSDT: 'BotSettings' object has no attribute 'rsi_oversold'
2026-06-18 10:52:54,865 - INFO - Error processing AVAXUSDT: 'BotSettings' object has no attribute 'rsi_oversold'
2026-06-18 10:52:54,876 - INFO - Error processing HBARUSDT: 'BotSettings' object has no attribute 'rsi_oversold'
2026-06-18 10:52:54,887 - INFO - Error processing BNBUSDT: 'BotSettings' object has no attribute 'rsi_oversold'
2026-06-18 10:52:54,897 - INFO - Error processing THETAUSDT: 'BotSettings' object has no attribute 'rsi_oversold'
2026-06-18 10:52:54,910 - INFO - Error processing ICPUSDT: 'BotSettings' object has no attribute 'rsi_oversold'
2026-06-18 10:52:54,921 - INFO - Error processing VETUSDT: 'BotSettings' object has no attribute 'rsi_oversold'
2026-06-18 10:52:54,933 - INFO - Error processing AAVEUSDT: 'BotSettings' object has no attribute 'rsi_oversold'
2026-06-18 10:52:54,943 - INFO - Error processing CHZUSDT: 'BotSettings' object has no attribute 'rsi_oversold'
2026-06-18 10:52:54,954 - INFO - Error processing UNIUSDT: 'BotSettings' object has no attribute 'rsi_oversold'
2026-06-18 10:52:54,967 - INFO - Error processing GRTUSDT: 'BotSettings' object has no attribute 'rsi_oversold'
2026-06-18 10:52:54,983 - INFO - Error processing LINKUSDT: 'BotSettings' object has no attribute 'rsi_oversold'
2026-06-18 10:52:54,994 - INFO - Error processing LTCUSDT: 'BotSettings' object has no attribute 'rsi_oversold'
2026-06-18 10:52:55,006 - INFO - Error processing DOGEUSDT: 'BotSettings' object has no attribute 'rsi_oversold'
2026-06-18 10:52:55,045 - INFO - Error processing TRXUSDT: 'BotSettings' object has no attribute 'rsi_oversold'
2026-06-18 10:52:55,057 - INFO - Error processing FILUSDT: 'BotSettings' object has no attribute 'rsi_oversold'
2026-06-18 10:52:55,068 - INFO - Error processing DOTUSDT: 'BotSettings' object has no attribute 'rsi_oversold'
2026-06-18 10:52:55,089 - INFO - Error processing XTZUSDT: 'BotSettings' object has no attribute 'rsi_oversold'
2026-06-18 10:53:10,834 - INFO - Error processing ADAUSDT: 'BotSettings' object has no attribute 'rsi_oversold'
2026-06-18 10:53:10,857 - INFO - Error processing BNBUSDT: 'BotSettings' object has no attribute 'rsi_oversold'
2026-06-18 10:53:10,870 - INFO - Error processing BTCUSDT: 'BotSettings' object has no attribute 'rsi_oversold'
2026-06-18 10:53:10,882 - INFO - Error processing SOLUSDT: 'BotSettings' object has no attribute 'rsi_oversold'
2026-06-18 10:53:10,938 - INFO - Error processing DOTUSDT: 'BotSettings' object has no attribute 'rsi_oversold'
2026-06-18 10:53:10,967 - INFO - Error processing ICPUSDT: 'BotSettings' object has no attribute 'rsi_oversold'
2026-06-18 10:53:10,980 - INFO - Error processing LTCUSDT: 'BotSettings' object has no attribute 'rsi_oversold'
2026-06-18 10:53:10,992 - INFO - Error processing AAVEUSDT: 'BotSettings' object has no attribute 'rsi_oversold'
2026-06-18 10:53:11,013 - INFO - Error processing DOGEUSDT: 'BotSettings' object has no attribute 'rsi_oversold'
2026-06-18 10:53:11,024 - INFO - Error processing CHZUSDT: 'BotSettings' object has no attribute 'rsi_oversold'
2026-06-18 10:53:11,038 - INFO - Error processing HBARUSDT: 'BotSettings' object has no attribute 'rsi_oversold'
2026-06-18 10:53:11,051 - INFO - Error processing XRPUSDT: 'BotSettings' object has no attribute 'rsi_oversold'
2026-06-18 10:53:11,062 - INFO - Error processing GRTUSDT: 'BotSettings' object has no attribute 'rsi_oversold'
2026-06-18 10:53:11,082 - INFO - Error processing AVAXUSDT: 'BotSettings' object has no attribute 'rsi_oversold'
2026-06-18 10:53:11,093 - INFO - Error processing ENJUSDT: 'BotSettings' object has no attribute 'rsi_overbought'
2026-06-18 10:53:11,104 - INFO - Error processing UNIUSDT: 'BotSettings' object has no attribute 'rsi_oversold'
2026-06-18 10:53:11,117 - INFO - Error processing VETUSDT: 'BotSettings' object has no attribute 'rsi_oversold'
2026-06-18 10:53:11,130 - INFO - Error processing FILUSDT: 'BotSettings' object has no attribute 'rsi_oversold'
2026-06-18 10:53:11,142 - INFO - Error processing THETAUSDT: 'BotSettings' object has no attribute 'rsi_oversold'
2026-06-18 10:53:11,154 - INFO - Error processing TRXUSDT: 'BotSettings' object has no attribute 'rsi_oversold'
2026-06-18 10:53:11,166 - INFO - Error processing LINKUSDT: 'BotSettings' object has no attribute 'rsi_oversold'
2026-06-18 10:53:11,178 - INFO - Error processing XTZUSDT: 'BotSettings' object has no attribute 'rsi_oversold'
2026-06-18 10:53:27,055 - INFO - Error processing XRPUSDT: 'BotSettings' object has no attribute 'rsi_oversold'
2026-06-18 10:53:27,069 - INFO - Error processing ENJUSDT: 'BotSettings' object has no attribute 'rsi_overbought'
2026-06-18 10:53:27,126 - INFO - Error processing AAVEUSDT: 'BotSettings' object has no attribute 'rsi_oversold'
2026-06-18 10:53:27,144 - INFO - Error processing CHZUSDT: 'BotSettings' object has no attribute 'rsi_oversold'
2026-06-18 10:53:27,220 - INFO - Error processing VETUSDT: 'BotSettings' object has no attribute 'rsi_oversold'
2026-06-18 10:53:27,241 - INFO - Error processing FILUSDT: 'BotSettings' object has no attribute 'rsi_oversold'
2026-06-18 10:53:27,261 - INFO - Error processing ICPUSDT: 'BotSettings' object has no attribute 'rsi_oversold'
2026-06-18 10:53:27,279 - INFO - Error processing LTCUSDT: 'BotSettings' object has no attribute 'rsi_oversold'
2026-06-18 10:53:27,296 - INFO - Error processing DOGEUSDT: 'BotSettings' object has no attribute 'rsi_oversold'
2026-06-18 10:53:27,313 - INFO - Error processing GRTUSDT: 'BotSettings' object has no attribute 'rsi_oversold'
2026-06-18 10:53:27,340 - INFO - Error processing THETAUSDT: 'BotSettings' object has no attribute 'rsi_oversold'
2026-06-18 10:53:27,355 - INFO - Error processing LINKUSDT: 'BotSettings' object has no attribute 'rsi_oversold'
2026-06-18 10:53:27,370 - INFO - Error processing BNBUSDT: 'BotSettings' object has no attribute 'rsi_oversold'
2026-06-18 10:53:27,381 - INFO - Error processing AVAXUSDT: 'BotSettings' object has no attribute 'rsi_oversold'
2026-06-18 10:53:27,395 - INFO - Error processing XTZUSDT: 'BotSettings' object has no attribute 'rsi_oversold'
2026-06-18 10:53:27,409 - INFO - Error processing DOTUSDT: 'BotSettings' object has no attribute 'rsi_oversold'
2026-06-18 10:53:27,421 - INFO - Error processing ADAUSDT: 'BotSettings' object has no attribute 'rsi_oversold'
2026-06-18 10:53:27,436 - INFO - Error processing BTCUSDT: 'BotSettings' object has no attribute 'rsi_oversold'
2026-06-18 10:53:27,453 - INFO - Error processing TRXUSDT: 'BotSettings' object has no attribute 'rsi_oversold'
2026-06-18 10:53:27,474 - INFO - Error processing UNIUSDT: 'BotSettings' object has no attribute 'rsi_oversold'
2026-06-18 10:53:27,561 - INFO - Error processing HBARUSDT: 'BotSettings' object has no attribute 'rsi_oversold'
2026-06-18 10:53:27,578 - INFO - Error processing SOLUSDT: 'BotSettings' object has no attribute 'rsi_oversold'
2026-06-18 10:53:43,305 - INFO - Error processing SOLUSDT: 'BotSettings' object has no attribute 'rsi_oversold'
2026-06-18 10:53:43,331 - INFO - Error processing BTCUSDT: 'BotSettings' object has no attribute 'rsi_oversold'
2026-06-18 10:53:43,342 - INFO - Error processing ADAUSDT: 'BotSettings' object has no attribute 'rsi_oversold'
2026-06-18 10:53:43,362 - INFO - Error processing DOGEUSDT: 'BotSettings' object has no attribute 'rsi_oversold'
2026-06-18 10:53:43,373 - INFO - Error processing BNBUSDT: 'BotSettings' object has no attribute 'rsi_oversold'
2026-06-18 10:53:43,432 - INFO - Error processing XTZUSDT: 'BotSettings' object has no attribute 'rsi_oversold'
2026-06-18 10:53:43,448 - INFO - Error processing CHZUSDT: 'BotSettings' object has no attribute 'rsi_oversold'
2026-06-18 10:53:43,471 - INFO - Error processing DOTUSDT: 'BotSettings' object has no attribute 'rsi_oversold'
2026-06-18 10:53:43,489 - INFO - Error processing ICPUSDT: 'BotSettings' object has no attribute 'rsi_oversold'
2026-06-18 10:53:43,500 - INFO - Error processing AVAXUSDT: 'BotSettings' object has no attribute 'rsi_oversold'
2026-06-18 10:53:43,509 - INFO - Error processing ENJUSDT: 'BotSettings' object has no attribute 'rsi_overbought'
2026-06-18 10:53:43,522 - INFO - Error processing GRTUSDT: 'BotSettings' object has no attribute 'rsi_oversold'
2026-06-18 10:53:43,532 - INFO - Error processing HBARUSDT: 'BotSettings' object has no attribute 'rsi_oversold'
2026-06-18 10:53:43,544 - INFO - Error processing TRXUSDT: 'BotSettings' object has no attribute 'rsi_oversold'
2026-06-18 10:53:43,556 - INFO - Error processing XRPUSDT: 'BotSettings' object has no attribute 'rsi_oversold'
2026-06-18 10:53:43,567 - INFO - Error processing AAVEUSDT: 'BotSettings' object has no attribute 'rsi_oversold'
2026-06-18 10:53:43,579 - INFO - Error processing THETAUSDT: 'BotSettings' object has no attribute 'rsi_oversold'
2026-06-18 10:53:43,591 - INFO - Error processing VETUSDT: 'BotSettings' object has no attribute 'rsi_oversold'
2026-06-18 10:53:43,602 - INFO - Error processing UNIUSDT: 'BotSettings' object has no attribute 'rsi_oversold'
2026-06-18 10:53:43,621 - INFO - Error processing FILUSDT: 'BotSettings' object has no attribute 'rsi_oversold'
2026-06-18 10:53:43,632 - INFO - Error processing LTCUSDT: 'BotSettings' object has no attribute 'rsi_oversold'
2026-06-18 10:53:43,644 - INFO - Error processing LINKUSDT: 'BotSettings' object has no attribute 'rsi_oversold'
2026-06-18 10:53:59,400 - INFO - Error processing XRPUSDT: 'BotSettings' object has no attribute 'rsi_oversold'
2026-06-18 10:53:59,430 - INFO - Error processing BNBUSDT: 'BotSettings' object has no attribute 'rsi_oversold'
2026-06-18 10:53:59,440 - INFO - Error processing CHZUSDT: 'BotSettings' object has no attribute 'rsi_oversold'
2026-06-18 10:53:59,451 - INFO - Error processing HBARUSDT: 'BotSettings' object has no attribute 'rsi_oversold'
2026-06-18 10:53:59,465 - INFO - Error processing SOLUSDT: 'BotSettings' object has no attribute 'rsi_oversold'
2026-06-18 10:53:59,478 - INFO - Error processing AAVEUSDT: 'BotSettings' object has no attribute 'rsi_oversold'
2026-06-18 10:53:59,501 - INFO - Error processing ADAUSDT: 'BotSettings' object has no attribute 'rsi_oversold'
2026-06-18 10:53:59,515 - INFO - Error processing BTCUSDT: 'BotSettings' object has no attribute 'rsi_oversold'
2026-06-18 10:53:59,558 - INFO - Error processing ICPUSDT: 'BotSettings' object has no attribute 'rsi_oversold'
2026-06-18 10:53:59,570 - INFO - Error processing DOGEUSDT: 'BotSettings' object has no attribute 'rsi_oversold'
2026-06-18 10:53:59,582 - INFO - Error processing UNIUSDT: 'BotSettings' object has no attribute 'rsi_oversold'
2026-06-18 10:53:59,591 - INFO - Error processing ENJUSDT: 'BotSettings' object has no attribute 'rsi_overbought'
2026-06-18 10:53:59,604 - INFO - Error processing XTZUSDT: 'BotSettings' object has no attribute 'rsi_oversold'
2026-06-18 10:53:59,619 - INFO - Error processing FILUSDT: 'BotSettings' object has no attribute 'rsi_oversold'
2026-06-18 10:53:59,632 - INFO - Error processing TRXUSDT: 'BotSettings' object has no attribute 'rsi_oversold'
2026-06-18 10:53:59,644 - INFO - Error processing LINKUSDT: 'BotSettings' object has no attribute 'rsi_oversold'
2026-06-18 10:53:59,655 - INFO - Error processing LTCUSDT: 'BotSettings' object has no attribute 'rsi_oversold'
2026-06-18 10:53:59,666 - INFO - Error processing THETAUSDT: 'BotSettings' object has no attribute 'rsi_oversold'
2026-06-18 10:53:59,692 - INFO - Error processing VETUSDT: 'BotSettings' object has no attribute 'rsi_oversold'
2026-06-18 10:53:59,836 - INFO - Error processing DOTUSDT: 'BotSettings' object has no attribute 'rsi_oversold'
2026-06-18 10:53:59,846 - INFO - Error processing AVAXUSDT: 'BotSettings' object has no attribute 'rsi_oversold'
2026-06-18 10:53:59,858 - INFO - Error processing GRTUSDT: 'BotSettings' object has no attribute 'rsi_oversold'
2026-06-18 10:54:15,479 - INFO - Error processing SOLUSDT: 'BotSettings' object has no attribute 'rsi_oversold'
2026-06-18 10:54:15,566 - INFO - Error processing LTCUSDT: 'BotSettings' object has no attribute 'rsi_oversold'
2026-06-18 10:54:15,587 - INFO - Error processing XRPUSDT: 'BotSettings' object has no attribute 'rsi_oversold'
2026-06-18 10:54:15,600 - INFO - Error processing ADAUSDT: 'BotSettings' object has no attribute 'rsi_oversold'
2026-06-18 10:54:15,622 - INFO - Error processing DOGEUSDT: 'BotSettings' object has no attribute 'rsi_oversold'
2026-06-18 10:54:15,635 - INFO - Error processing CHZUSDT: 'BotSettings' object has no attribute 'rsi_oversold'
2026-06-18 10:54:15,650 - INFO - Error processing ENJUSDT: 'BotSettings' object has no attribute 'rsi_overbought'
2026-06-18 10:54:15,664 - INFO - Error processing BTCUSDT: 'BotSettings' object has no attribute 'rsi_oversold'
2026-06-18 10:54:15,683 - INFO - Error processing BNBUSDT: 'BotSettings' object has no attribute 'rsi_oversold'
2026-06-18 10:54:15,696 - INFO - Error processing AAVEUSDT: 'BotSettings' object has no attribute 'rsi_oversold'
2026-06-18 10:54:15,724 - INFO - Error processing DOTUSDT: 'BotSettings' object has no attribute 'rsi_oversold'
2026-06-18 10:54:15,762 - INFO - Error processing HBARUSDT: 'BotSettings' object has no attribute 'rsi_oversold'
2026-06-18 10:54:15,786 - INFO - Error processing VETUSDT: 'BotSettings' object has no attribute 'rsi_oversold'
2026-06-18 10:54:15,804 - INFO - Error processing ICPUSDT: 'BotSettings' object has no attribute 'rsi_oversold'
2026-06-18 10:54:15,822 - INFO - Error processing XTZUSDT: 'BotSettings' object has no attribute 'rsi_oversold'
2026-06-18 10:54:15,839 - INFO - Error processing GRTUSDT: 'BotSettings' object has no attribute 'rsi_oversold'
2026-06-18 10:54:15,851 - INFO - Error processing AVAXUSDT: 'BotSettings' object has no attribute 'rsi_oversold'
2026-06-18 10:54:15,866 - INFO - Error processing FILUSDT: 'BotSettings' object has no attribute 'rsi_oversold'
2026-06-18 10:54:15,883 - INFO - Error processing LINKUSDT: 'BotSettings' object has no attribute 'rsi_oversold'
2026-06-18 10:54:15,898 - INFO - Error processing TRXUSDT: 'BotSettings' object has no attribute 'rsi_oversold'
2026-06-18 10:54:15,914 - INFO - Error processing UNIUSDT: 'BotSettings' object has no attribute 'rsi_oversold'
2026-06-18 10:54:15,929 - INFO - Error processing THETAUSDT: 'BotSettings' object has no attribute 'rsi_oversold'
2026-06-18 10:54:31,696 - INFO - Error processing SOLUSDT: 'BotSettings' object has no attribute 'rsi_oversold'
2026-06-18 10:54:31,804 - INFO - Error processing BNBUSDT: 'BotSettings' object has no attribute 'rsi_oversold'
2026-06-18 10:54:31,820 - INFO - Error processing ADAUSDT: 'BotSettings' object has no attribute 'rsi_oversold'
2026-06-18 10:54:31,834 - INFO - Error processing HBARUSDT: 'BotSettings' object has no attribute 'rsi_oversold'
2026-06-18 10:54:31,849 - INFO - Error processing XRPUSDT: 'BotSettings' object has no attribute 'rsi_oversold'
2026-06-18 10:54:31,866 - INFO - Error processing ENJUSDT: 'BotSettings' object has no attribute 'rsi_overbought'
2026-06-18 10:54:31,910 - INFO - Error processing XTZUSDT: 'BotSettings' object has no attribute 'rsi_oversold'
2026-06-18 10:54:31,925 - INFO - Error processing LINKUSDT: 'BotSettings' object has no attribute 'rsi_oversold'
2026-06-18 10:54:31,941 - INFO - Error processing GRTUSDT: 'BotSettings' object has no attribute 'rsi_oversold'
2026-06-18 10:54:31,958 - INFO - Error processing AAVEUSDT: 'BotSettings' object has no attribute 'rsi_oversold'
2026-06-18 10:54:31,973 - INFO - Error processing DOGEUSDT: 'BotSettings' object has no attribute 'rsi_oversold'
2026-06-18 10:54:31,989 - INFO - Error processing ICPUSDT: 'BotSettings' object has no attribute 'rsi_oversold'
2026-06-18 10:54:32,002 - INFO - Error processing FILUSDT: 'BotSettings' object has no attribute 'rsi_oversold'
2026-06-18 10:54:32,020 - INFO - Error processing TRXUSDT: 'BotSettings' object has no attribute 'rsi_oversold'
2026-06-18 10:54:32,036 - INFO - Error processing LTCUSDT: 'BotSettings' object has no attribute 'rsi_oversold'
2026-06-18 10:54:32,054 - INFO - Error processing CHZUSDT: 'BotSettings' object has no attribute 'rsi_oversold'
2026-06-18 10:54:32,074 - INFO - Error processing BTCUSDT: 'BotSettings' object has no attribute 'rsi_oversold'
2026-06-18 10:54:32,099 - INFO - Error processing AVAXUSDT: 'BotSettings' object has no attribute 'rsi_oversold'
2026-06-18 10:54:32,127 - INFO - Error processing VETUSDT: 'BotSettings' object has no attribute 'rsi_oversold'
2026-06-18 10:54:32,149 - INFO - Error processing UNIUSDT: 'BotSettings' object has no attribute 'rsi_oversold'
2026-06-18 10:54:32,184 - INFO - Error processing THETAUSDT: 'BotSettings' object has no attribute 'rsi_oversold'
2026-06-18 10:54:32,201 - INFO - Error processing DOTUSDT: 'BotSettings' object has no attribute 'rsi_oversold'
2026-06-18 10:54:47,938 - INFO - Error processing ADAUSDT: 'BotSettings' object has no attribute 'rsi_oversold'
2026-06-18 10:54:47,967 - INFO - Error processing BNBUSDT: 'BotSettings' object has no attribute 'rsi_oversold'
2026-06-18 10:54:48,022 - INFO - Error processing SOLUSDT: 'BotSettings' object has no attribute 'rsi_oversold'
2026-06-18 10:54:48,034 - INFO - Error processing FILUSDT: 'BotSettings' object has no attribute 'rsi_oversold'
2026-06-18 10:54:48,044 - INFO - Error processing ENJUSDT: 'BotSettings' object has no attribute 'rsi_overbought'
2026-06-18 10:54:48,070 - INFO - Error processing XRPUSDT: 'BotSettings' object has no attribute 'rsi_oversold'
2026-06-18 10:54:48,081 - INFO - Error processing CHZUSDT: 'BotSettings' object has no attribute 'rsi_oversold'
2026-06-18 10:54:48,095 - INFO - Error processing BTCUSDT: 'BotSettings' object has no attribute 'rsi_oversold'
2026-06-18 10:54:48,108 - INFO - Error processing DOGEUSDT: 'BotSettings' object has no attribute 'rsi_oversold'
2026-06-18 10:54:48,120 - INFO - Error processing TRXUSDT: 'BotSettings' object has no attribute 'rsi_oversold'
2026-06-18 10:54:48,136 - INFO - Error processing AAVEUSDT: 'BotSettings' object has no attribute 'rsi_oversold'
2026-06-18 10:54:48,147 - INFO - Error processing UNIUSDT: 'BotSettings' object has no attribute 'rsi_oversold'
2026-06-18 10:54:48,164 - INFO - Error processing XTZUSDT: 'BotSettings' object has no attribute 'rsi_oversold'
2026-06-18 10:54:48,186 - INFO - Error processing ICPUSDT: 'BotSettings' object has no attribute 'rsi_oversold'
2026-06-18 10:54:48,197 - INFO - Error processing HBARUSDT: 'BotSettings' object has no attribute 'rsi_oversold'
2026-06-18 10:54:48,210 - INFO - Error processing VETUSDT: 'BotSettings' object has no attribute 'rsi_oversold'
2026-06-18 10:54:48,224 - INFO - Error processing THETAUSDT: 'BotSettings' object has no attribute 'rsi_oversold'
2026-06-18 10:54:48,237 - INFO - Error processing DOTUSDT: 'BotSettings' object has no attribute 'rsi_oversold'
2026-06-18 10:54:48,251 - INFO - Error processing LINKUSDT: 'BotSettings' object has no attribute 'rsi_oversold'
2026-06-18 10:54:48,263 - INFO - Error processing GRTUSDT: 'BotSettings' object has no attribute 'rsi_oversold'
2026-06-18 10:54:48,278 - INFO - Error processing AVAXUSDT: 'BotSettings' object has no attribute 'rsi_oversold'
2026-06-18 10:54:48,367 - INFO - Error processing LTCUSDT: 'BotSettings' object has no attribute 'rsi_oversold'
2026-06-18 10:55:04,023 - INFO - Error processing ADAUSDT: 'BotSettings' object has no attribute 'rsi_oversold'
2026-06-18 10:55:04,071 - INFO - Error processing XRPUSDT: 'BotSettings' object has no attribute 'rsi_oversold'
2026-06-18 10:55:04,103 - INFO - Error processing AAVEUSDT: 'BotSettings' object has no attribute 'rsi_oversold'
2026-06-18 10:55:04,114 - INFO - Error processing HBARUSDT: 'BotSettings' object has no attribute 'rsi_oversold'
2026-06-18 10:55:04,125 - INFO - Error processing CHZUSDT: 'BotSettings' object has no attribute 'rsi_oversold'
2026-06-18 10:55:04,136 - INFO - Error processing DOTUSDT: 'BotSettings' object has no attribute 'rsi_oversold'
2026-06-18 10:55:04,147 - INFO - Error processing BTCUSDT: 'BotSettings' object has no attribute 'rsi_oversold'
2026-06-18 10:55:04,159 - INFO - Error processing XTZUSDT: 'BotSettings' object has no attribute 'rsi_oversold'
2026-06-18 10:55:04,168 - INFO - Error processing ENJUSDT: 'BotSettings' object has no attribute 'rsi_overbought'
2026-06-18 10:55:04,202 - INFO - Error processing DOGEUSDT: 'BotSettings' object has no attribute 'rsi_oversold'
2026-06-18 10:55:04,214 - INFO - Error processing SOLUSDT: 'BotSettings' object has no attribute 'rsi_oversold'
2026-06-18 10:55:04,226 - INFO - Error processing GRTUSDT: 'BotSettings' object has no attribute 'rsi_oversold'
2026-06-18 10:55:04,238 - INFO - Error processing UNIUSDT: 'BotSettings' object has no attribute 'rsi_oversold'
2026-06-18 10:55:04,261 - INFO - Error processing FILUSDT: 'BotSettings' object has no attribute 'rsi_oversold'
2026-06-18 10:55:04,271 - INFO - Error processing BNBUSDT: 'BotSettings' object has no attribute 'rsi_oversold'
2026-06-18 10:55:04,284 - INFO - Error processing ICPUSDT: 'BotSettings' object has no attribute 'rsi_oversold'
2026-06-18 10:55:04,301 - INFO - Error processing VETUSDT: 'BotSettings' object has no attribute 'rsi_oversold'
2026-06-18 10:55:04,311 - INFO - Error processing AVAXUSDT: 'BotSettings' object has no attribute 'rsi_oversold'
2026-06-18 10:55:04,323 - INFO - Error processing LTCUSDT: 'BotSettings' object has no attribute 'rsi_oversold'
2026-06-18 10:55:04,335 - INFO - Error processing LINKUSDT: 'BotSettings' object has no attribute 'rsi_oversold'
2026-06-18 10:55:04,346 - INFO - Error processing THETAUSDT: 'BotSettings' object has no attribute 'rsi_oversold'
2026-06-18 10:55:04,358 - INFO - Error processing TRXUSDT: 'BotSettings' object has no attribute 'rsi_oversold'
2026-06-18 10:55:20,109 - INFO - Error processing SOLUSDT: 'BotSettings' object has no attribute 'rsi_oversold'
2026-06-18 10:55:20,119 - INFO - Error processing HBARUSDT: 'BotSettings' object has no attribute 'rsi_oversold'
2026-06-18 10:55:20,160 - INFO - Error processing BNBUSDT: 'BotSettings' object has no attribute 'rsi_oversold'
2026-06-18 10:55:20,188 - INFO - Error processing VETUSDT: 'BotSettings' object has no attribute 'rsi_oversold'
2026-06-18 10:55:20,201 - INFO - Error processing LINKUSDT: 'BotSettings' object has no attribute 'rsi_oversold'
2026-06-18 10:55:20,213 - INFO - Error processing FILUSDT: 'BotSettings' object has no attribute 'rsi_oversold'
2026-06-18 10:55:20,225 - INFO - Error processing AAVEUSDT: 'BotSettings' object has no attribute 'rsi_oversold'
2026-06-18 10:55:20,237 - INFO - Error processing BTCUSDT: 'BotSettings' object has no attribute 'rsi_oversold'
2026-06-18 10:55:20,256 - INFO - Error processing DOTUSDT: 'BotSettings' object has no attribute 'rsi_oversold'
2026-06-18 10:55:20,274 - INFO - Error processing AVAXUSDT: 'BotSettings' object has no attribute 'rsi_oversold'
2026-06-18 10:55:20,295 - INFO - Error processing ENJUSDT: 'BotSettings' object has no attribute 'rsi_overbought'
2026-06-18 10:55:20,307 - INFO - Error processing UNIUSDT: 'BotSettings' object has no attribute 'rsi_oversold'
2026-06-18 10:55:20,325 - INFO - Error processing TRXUSDT: 'BotSettings' object has no attribute 'rsi_oversold'
2026-06-18 10:55:20,338 - INFO - Error processing DOGEUSDT: 'BotSettings' object has no attribute 'rsi_oversold'
2026-06-18 10:55:20,352 - INFO - Error processing LTCUSDT: 'BotSettings' object has no attribute 'rsi_oversold'
2026-06-18 10:55:20,363 - INFO - Error processing THETAUSDT: 'BotSettings' object has no attribute 'rsi_oversold'
2026-06-18 10:55:20,377 - INFO - Error processing ICPUSDT: 'BotSettings' object has no attribute 'rsi_oversold'
2026-06-18 10:55:20,391 - INFO - Error processing XTZUSDT: 'BotSettings' object has no attribute 'rsi_oversold'
2026-06-18 10:55:20,526 - INFO - Error processing ADAUSDT: 'BotSettings' object has no attribute 'rsi_oversold'
2026-06-18 10:55:20,653 - INFO - Error processing XRPUSDT: 'BotSettings' object has no attribute 'rsi_oversold'
2026-06-18 10:55:20,715 - INFO - Error processing CHZUSDT: 'BotSettings' object has no attribute 'rsi_oversold'
2026-06-18 10:55:20,756 - INFO - Error processing GRTUSDT: 'BotSettings' object has no attribute 'rsi_oversold'
2026-06-18 10:55:36,285 - INFO - Error processing ADAUSDT: 'BotSettings' object has no attribute 'rsi_oversold'
2026-06-18 10:55:36,304 - INFO - Error processing HBARUSDT: 'BotSettings' object has no attribute 'rsi_oversold'
2026-06-18 10:55:36,316 - INFO - Error processing XRPUSDT: 'BotSettings' object has no attribute 'rsi_oversold'
2026-06-18 10:55:36,328 - INFO - Error processing CHZUSDT: 'BotSettings' object has no attribute 'rsi_oversold'
2026-06-18 10:55:36,397 - INFO - Error processing XTZUSDT: 'BotSettings' object has no attribute 'rsi_oversold'
2026-06-18 10:55:36,409 - INFO - Error processing UNIUSDT: 'BotSettings' object has no attribute 'rsi_oversold'
2026-06-18 10:55:36,421 - INFO - Error processing DOGEUSDT: 'BotSettings' object has no attribute 'rsi_oversold'
2026-06-18 10:55:36,442 - INFO - Error processing VETUSDT: 'BotSettings' object has no attribute 'rsi_oversold'
2026-06-18 10:55:36,454 - INFO - Error processing AAVEUSDT: 'BotSettings' object has no attribute 'rsi_oversold'
2026-06-18 10:55:36,466 - INFO - Error processing LTCUSDT: 'BotSettings' object has no attribute 'rsi_oversold'
2026-06-18 10:55:36,475 - INFO - Error processing ENJUSDT: 'BotSettings' object has no attribute 'rsi_overbought'
2026-06-18 10:55:36,488 - INFO - Error processing ICPUSDT: 'BotSettings' object has no attribute 'rsi_oversold'
2026-06-18 10:55:36,501 - INFO - Error processing FILUSDT: 'BotSettings' object has no attribute 'rsi_oversold'
2026-06-18 10:55:36,513 - INFO - Error processing BTCUSDT: 'BotSettings' object has no attribute 'rsi_oversold'
2026-06-18 10:55:36,524 - INFO - Error processing GRTUSDT: 'BotSettings' object has no attribute 'rsi_oversold'
2026-06-18 10:55:36,536 - INFO - Error processing AVAXUSDT: 'BotSettings' object has no attribute 'rsi_oversold'
2026-06-18 10:55:36,560 - INFO - Error processing DOTUSDT: 'BotSettings' object has no attribute 'rsi_oversold'
2026-06-18 10:55:36,593 - INFO - Error processing BNBUSDT: 'BotSettings' object has no attribute 'rsi_oversold'
2026-06-18 10:55:36,614 - INFO - Error processing LINKUSDT: 'BotSettings' object has no attribute 'rsi_oversold'
2026-06-18 10:55:36,633 - INFO - Error processing SOLUSDT: 'BotSettings' object has no attribute 'rsi_oversold'
2026-06-18 10:55:36,747 - INFO - Error processing TRXUSDT: 'BotSettings' object has no attribute 'rsi_oversold'
2026-06-18 10:55:36,763 - INFO - Error processing THETAUSDT: 'BotSettings' object has no attribute 'rsi_oversold'
2026-06-18 10:55:52,486 - INFO - Error processing SOLUSDT: 'BotSettings' object has no attribute 'rsi_oversold'
2026-06-18 10:55:52,499 - INFO - Error processing XRPUSDT: 'BotSettings' object has no attribute 'rsi_oversold'
2026-06-18 10:55:52,564 - INFO - Error processing HBARUSDT: 'BotSettings' object has no attribute 'rsi_oversold'
2026-06-18 10:55:52,585 - INFO - Error processing BNBUSDT: 'BotSettings' object has no attribute 'rsi_oversold'
2026-06-18 10:55:52,599 - INFO - Error processing LTCUSDT: 'BotSettings' object has no attribute 'rsi_oversold'
2026-06-18 10:55:52,610 - INFO - Error processing BTCUSDT: 'BotSettings' object has no attribute 'rsi_oversold'
2026-06-18 10:55:52,623 - INFO - Error processing AAVEUSDT: 'BotSettings' object has no attribute 'rsi_oversold'
2026-06-18 10:55:52,634 - INFO - Error processing GRTUSDT: 'BotSettings' object has no attribute 'rsi_oversold'
2026-06-18 10:55:52,647 - INFO - Error processing DOGEUSDT: 'BotSettings' object has no attribute 'rsi_oversold'
2026-06-18 10:55:52,668 - INFO - Error processing ADAUSDT: 'BotSettings' object has no attribute 'rsi_oversold'
2026-06-18 10:55:52,680 - INFO - Error processing VETUSDT: 'BotSettings' object has no attribute 'rsi_oversold'
2026-06-18 10:55:52,697 - INFO - Error processing CHZUSDT: 'BotSettings' object has no attribute 'rsi_oversold'
2026-06-18 10:55:52,707 - INFO - Error processing ENJUSDT: 'BotSettings' object has no attribute 'rsi_overbought'
2026-06-18 10:55:52,718 - INFO - Error processing AVAXUSDT: 'BotSettings' object has no attribute 'rsi_oversold'
2026-06-18 10:55:52,730 - INFO - Error processing FILUSDT: 'BotSettings' object has no attribute 'rsi_oversold'
2026-06-18 10:55:52,742 - INFO - Error processing DOTUSDT: 'BotSettings' object has no attribute 'rsi_oversold'
2026-06-18 10:55:52,754 - INFO - Error processing TRXUSDT: 'BotSettings' object has no attribute 'rsi_oversold'
2026-06-18 10:55:52,767 - INFO - Error processing ICPUSDT: 'BotSettings' object has no attribute 'rsi_oversold'
2026-06-18 10:55:52,783 - INFO - Error processing XTZUSDT: 'BotSettings' object has no attribute 'rsi_oversold'
2026-06-18 10:55:52,794 - INFO - Error processing LINKUSDT: 'BotSettings' object has no attribute 'rsi_oversold'
2026-06-18 10:55:52,805 - INFO - Error processing THETAUSDT: 'BotSettings' object has no attribute 'rsi_oversold'
2026-06-18 10:55:52,816 - INFO - Error processing UNIUSDT: 'BotSettings' object has no attribute 'rsi_oversold'
2026-06-18 10:56:08,572 - INFO - Error processing BNBUSDT: 'BotSettings' object has no attribute 'rsi_oversold'
2026-06-18 10:56:08,602 - INFO - Error processing SOLUSDT: 'BotSettings' object has no attribute 'rsi_oversold'
2026-06-18 10:56:08,614 - INFO - Error processing BTCUSDT: 'BotSettings' object has no attribute 'rsi_oversold'
2026-06-18 10:56:08,625 - INFO - Error processing CHZUSDT: 'BotSettings' object has no attribute 'rsi_oversold'
2026-06-18 10:56:08,635 - INFO - Error processing HBARUSDT: 'BotSettings' object has no attribute 'rsi_oversold'
2026-06-18 10:56:08,648 - INFO - Error processing ADAUSDT: 'BotSettings' object has no attribute 'rsi_oversold'
2026-06-18 10:56:08,658 - INFO - Error processing ENJUSDT: 'BotSettings' object has no attribute 'rsi_overbought'
2026-06-18 10:56:08,716 - INFO - Error processing UNIUSDT: 'BotSettings' object has no attribute 'rsi_oversold'
2026-06-18 10:56:08,729 - INFO - Error processing DOGEUSDT: 'BotSettings' object has no attribute 'rsi_oversold'
2026-06-18 10:56:08,741 - INFO - Error processing LTCUSDT: 'BotSettings' object has no attribute 'rsi_oversold'
2026-06-18 10:56:08,754 - INFO - Error processing ICPUSDT: 'BotSettings' object has no attribute 'rsi_oversold'
2026-06-18 10:56:08,766 - INFO - Error processing TRXUSDT: 'BotSettings' object has no attribute 'rsi_oversold'
2026-06-18 10:56:08,782 - INFO - Error processing AAVEUSDT: 'BotSettings' object has no attribute 'rsi_oversold'
2026-06-18 10:56:08,792 - INFO - Error processing THETAUSDT: 'BotSettings' object has no attribute 'rsi_oversold'
2026-06-18 10:56:08,805 - INFO - Error processing VETUSDT: 'BotSettings' object has no attribute 'rsi_oversold'
2026-06-18 10:56:08,816 - INFO - Error processing XRPUSDT: 'BotSettings' object has no attribute 'rsi_oversold'
2026-06-18 10:56:08,828 - INFO - Error processing GRTUSDT: 'BotSettings' object has no attribute 'rsi_oversold'
2026-06-18 10:56:08,839 - INFO - Error processing FILUSDT: 'BotSettings' object has no attribute 'rsi_oversold'
2026-06-18 10:56:08,852 - INFO - Error processing LINKUSDT: 'BotSettings' object has no attribute 'rsi_oversold'
2026-06-18 10:56:08,881 - INFO - Error processing DOTUSDT: 'BotSettings' object has no attribute 'rsi_oversold'
2026-06-18 10:56:08,892 - INFO - Error processing AVAXUSDT: 'BotSettings' object has no attribute 'rsi_oversold'
2026-06-18 10:56:09,000 - INFO - Error processing XTZUSDT: 'BotSettings' object has no attribute 'rsi_oversold'
2026-06-18 10:56:24,778 - INFO - Error processing HBARUSDT: 'BotSettings' object has no attribute 'rsi_oversold'
2026-06-18 10:56:24,798 - INFO - Error processing SOLUSDT: 'BotSettings' object has no attribute 'rsi_oversold'
2026-06-18 10:56:24,812 - INFO - Error processing CHZUSDT: 'BotSettings' object has no attribute 'rsi_oversold'
2026-06-18 10:56:24,824 - INFO - Error processing ENJUSDT: 'BotSettings' object has no attribute 'rsi_overbought'
2026-06-18 10:56:24,839 - INFO - Error processing BTCUSDT: 'BotSettings' object has no attribute 'rsi_oversold'
2026-06-18 10:56:24,904 - INFO - Error processing TRXUSDT: 'BotSettings' object has no attribute 'rsi_oversold'
2026-06-18 10:56:24,926 - INFO - Error processing LTCUSDT: 'BotSettings' object has no attribute 'rsi_oversold'
2026-06-18 10:56:24,939 - INFO - Error processing DOGEUSDT: 'BotSettings' object has no attribute 'rsi_oversold'
2026-06-18 10:56:24,952 - INFO - Error processing BNBUSDT: 'BotSettings' object has no attribute 'rsi_oversold'
2026-06-18 10:56:24,965 - INFO - Error processing VETUSDT: 'BotSettings' object has no attribute 'rsi_oversold'
2026-06-18 10:56:24,978 - INFO - Error processing AAVEUSDT: 'BotSettings' object has no attribute 'rsi_oversold'
2026-06-18 10:56:24,993 - INFO - Error processing ICPUSDT: 'BotSettings' object has no attribute 'rsi_oversold'
2026-06-18 10:56:25,006 - INFO - Error processing THETAUSDT: 'BotSettings' object has no attribute 'rsi_oversold'
2026-06-18 10:56:25,018 - INFO - Error processing AVAXUSDT: 'BotSettings' object has no attribute 'rsi_oversold'
2026-06-18 10:56:25,032 - INFO - Error processing DOTUSDT: 'BotSettings' object has no attribute 'rsi_oversold'
2026-06-18 10:56:25,045 - INFO - Error processing LINKUSDT: 'BotSettings' object has no attribute 'rsi_oversold'
2026-06-18 10:56:25,056 - INFO - Error processing ADAUSDT: 'BotSettings' object has no attribute 'rsi_oversold'
2026-06-18 10:56:25,069 - INFO - Error processing XTZUSDT: 'BotSettings' object has no attribute 'rsi_oversold'
2026-06-18 10:56:25,083 - INFO - Error processing GRTUSDT: 'BotSettings' object has no attribute 'rsi_oversold'
2026-06-18 10:56:25,191 - INFO - Error processing FILUSDT: 'BotSettings' object has no attribute 'rsi_oversold'
2026-06-18 10:56:25,219 - INFO - Error processing XRPUSDT: 'BotSettings' object has no attribute 'rsi_oversold'
2026-06-18 10:56:25,230 - INFO - Error processing UNIUSDT: 'BotSettings' object has no attribute 'rsi_oversold'
2026-06-18 10:56:40,822 - INFO - Error processing BTCUSDT: 'BotSettings' object has no attribute 'rsi_oversold'
2026-06-18 10:56:40,843 - INFO - Error processing HBARUSDT: 'BotSettings' object has no attribute 'rsi_oversold'
2026-06-18 10:56:40,862 - INFO - Error processing CHZUSDT: 'BotSettings' object has no attribute 'rsi_oversold'
2026-06-18 10:56:40,877 - INFO - Error processing ADAUSDT: 'BotSettings' object has no attribute 'rsi_oversold'
2026-06-18 10:56:40,935 - INFO - Error processing LINKUSDT: 'BotSettings' object has no attribute 'rsi_oversold'
2026-06-18 10:56:40,947 - INFO - Error processing XTZUSDT: 'BotSettings' object has no attribute 'rsi_oversold'
2026-06-18 10:56:40,958 - INFO - Error processing THETAUSDT: 'BotSettings' object has no attribute 'rsi_oversold'
2026-06-18 10:56:40,970 - INFO - Error processing VETUSDT: 'BotSettings' object has no attribute 'rsi_oversold'
2026-06-18 10:56:40,981 - INFO - Error processing UNIUSDT: 'BotSettings' object has no attribute 'rsi_oversold'
2026-06-18 10:56:40,992 - INFO - Error processing AAVEUSDT: 'BotSettings' object has no attribute 'rsi_oversold'
2026-06-18 10:56:41,002 - INFO - Error processing ENJUSDT: 'BotSettings' object has no attribute 'rsi_overbought'
2026-06-18 10:56:41,014 - INFO - Error processing ICPUSDT: 'BotSettings' object has no attribute 'rsi_oversold'
2026-06-18 10:56:41,025 - INFO - Error processing GRTUSDT: 'BotSettings' object has no attribute 'rsi_oversold'
2026-06-18 10:56:41,037 - INFO - Error processing DOTUSDT: 'BotSettings' object has no attribute 'rsi_oversold'
2026-06-18 10:56:41,049 - INFO - Error processing LTCUSDT: 'BotSettings' object has no attribute 'rsi_oversold'
2026-06-18 10:56:41,061 - INFO - Error processing FILUSDT: 'BotSettings' object has no attribute 'rsi_oversold'
2026-06-18 10:56:41,073 - INFO - Error processing DOGEUSDT: 'BotSettings' object has no attribute 'rsi_oversold'
2026-06-18 10:56:41,085 - INFO - Error processing AVAXUSDT: 'BotSettings' object has no attribute 'rsi_oversold'
2026-06-18 10:56:41,096 - INFO - Error processing BNBUSDT: 'BotSettings' object has no attribute 'rsi_oversold'
2026-06-18 10:56:41,111 - INFO - Error processing XRPUSDT: 'BotSettings' object has no attribute 'rsi_oversold'
2026-06-18 10:56:41,134 - INFO - Error processing TRXUSDT: 'BotSettings' object has no attribute 'rsi_oversold'
2026-06-18 10:56:41,154 - INFO - Error processing SOLUSDT: 'BotSettings' object has no attribute 'rsi_oversold'
2026-06-18 10:56:56,905 - INFO - Error processing ENJUSDT: 'BotSettings' object has no attribute 'rsi_overbought'
2026-06-18 10:56:56,976 - INFO - Error processing BNBUSDT: 'BotSettings' object has no attribute 'rsi_oversold'
2026-06-18 10:56:56,987 - INFO - Error processing XRPUSDT: 'BotSettings' object has no attribute 'rsi_oversold'
2026-06-18 10:56:57,000 - INFO - Error processing AVAXUSDT: 'BotSettings' object has no attribute 'rsi_oversold'
2026-06-18 10:56:57,012 - INFO - Error processing DOTUSDT: 'BotSettings' object has no attribute 'rsi_oversold'
2026-06-18 10:56:57,035 - INFO - Error processing SOLUSDT: 'BotSettings' object has no attribute 'rsi_oversold'
2026-06-18 10:56:57,046 - INFO - Error processing HBARUSDT: 'BotSettings' object has no attribute 'rsi_oversold'
2026-06-18 10:56:57,059 - INFO - Error processing DOGEUSDT: 'BotSettings' object has no attribute 'rsi_oversold'
2026-06-18 10:56:57,077 - INFO - Error processing ADAUSDT: 'BotSettings' object has no attribute 'rsi_oversold'
2026-06-18 10:56:57,089 - INFO - Error processing LTCUSDT: 'BotSettings' object has no attribute 'rsi_oversold'
2026-06-18 10:56:57,101 - INFO - Error processing BTCUSDT: 'BotSettings' object has no attribute 'rsi_oversold'
2026-06-18 10:56:57,112 - INFO - Error processing ICPUSDT: 'BotSettings' object has no attribute 'rsi_oversold'
2026-06-18 10:56:57,123 - INFO - Error processing THETAUSDT: 'BotSettings' object has no attribute 'rsi_oversold'
2026-06-18 10:56:57,135 - INFO - Error processing FILUSDT: 'BotSettings' object has no attribute 'rsi_oversold'
2026-06-18 10:56:57,146 - INFO - Error processing UNIUSDT: 'BotSettings' object has no attribute 'rsi_oversold'
2026-06-18 10:56:57,161 - INFO - Error processing LINKUSDT: 'BotSettings' object has no attribute 'rsi_oversold'
2026-06-18 10:56:57,173 - INFO - Error processing AAVEUSDT: 'BotSettings' object has no attribute 'rsi_oversold'
2026-06-18 10:56:57,185 - INFO - Error processing XTZUSDT: 'BotSettings' object has no attribute 'rsi_oversold'
2026-06-18 10:56:57,197 - INFO - Error processing TRXUSDT: 'BotSettings' object has no attribute 'rsi_oversold'
2026-06-18 10:56:57,209 - INFO - Error processing VETUSDT: 'BotSettings' object has no attribute 'rsi_oversold'
2026-06-18 10:56:57,221 - INFO - Error processing GRTUSDT: 'BotSettings' object has no attribute 'rsi_oversold'
2026-06-18 10:56:57,376 - INFO - Error processing CHZUSDT: 'BotSettings' object has no attribute 'rsi_oversold'
2026-06-18 10:57:13,012 - INFO - Error processing AAVEUSDT: 'BotSettings' object has no attribute 'rsi_oversold'
2026-06-18 10:57:13,024 - INFO - Error processing ENJUSDT: 'BotSettings' object has no attribute 'rsi_overbought'
2026-06-18 10:57:13,071 - INFO - Error processing CHZUSDT: 'BotSettings' object has no attribute 'rsi_oversold'
2026-06-18 10:57:13,086 - INFO - Error processing BTCUSDT: 'BotSettings' object has no attribute 'rsi_oversold'
2026-06-18 10:57:13,101 - INFO - Error processing DOGEUSDT: 'BotSettings' object has no attribute 'rsi_oversold'
2026-06-18 10:57:13,114 - INFO - Error processing TRXUSDT: 'BotSettings' object has no attribute 'rsi_oversold'
2026-06-18 10:57:13,125 - INFO - Error processing UNIUSDT: 'BotSettings' object has no attribute 'rsi_oversold'
2026-06-18 10:57:13,137 - INFO - Error processing LINKUSDT: 'BotSettings' object has no attribute 'rsi_oversold'
2026-06-18 10:57:13,150 - INFO - Error processing VETUSDT: 'BotSettings' object has no attribute 'rsi_oversold'
2026-06-18 10:57:13,162 - INFO - Error processing BNBUSDT: 'BotSettings' object has no attribute 'rsi_oversold'
2026-06-18 10:57:13,174 - INFO - Error processing ICPUSDT: 'BotSettings' object has no attribute 'rsi_oversold'
2026-06-18 10:57:13,186 - INFO - Error processing XRPUSDT: 'BotSettings' object has no attribute 'rsi_oversold'
2026-06-18 10:57:13,197 - INFO - Error processing AVAXUSDT: 'BotSettings' object has no attribute 'rsi_oversold'
2026-06-18 10:57:13,215 - INFO - Error processing LTCUSDT: 'BotSettings' object has no attribute 'rsi_oversold'
2026-06-18 10:57:13,226 - INFO - Error processing HBARUSDT: 'BotSettings' object has no attribute 'rsi_oversold'
2026-06-18 10:57:13,239 - INFO - Error processing FILUSDT: 'BotSettings' object has no attribute 'rsi_oversold'
2026-06-18 10:57:13,252 - INFO - Error processing DOTUSDT: 'BotSettings' object has no attribute 'rsi_oversold'
2026-06-18 10:57:13,266 - INFO - Error processing ADAUSDT: 'BotSettings' object has no attribute 'rsi_oversold'
2026-06-18 10:57:13,411 - INFO - Error processing SOLUSDT: 'BotSettings' object has no attribute 'rsi_oversold'
2026-06-18 10:57:13,423 - INFO - Error processing XTZUSDT: 'BotSettings' object has no attribute 'rsi_oversold'
2026-06-18 10:57:13,440 - INFO - Error processing GRTUSDT: 'BotSettings' object has no attribute 'rsi_oversold'
2026-06-18 10:57:13,450 - INFO - Error processing THETAUSDT: 'BotSettings' object has no attribute 'rsi_oversold'
2026-06-18 10:57:29,203 - INFO - Error processing SOLUSDT: 'BotSettings' object has no attribute 'rsi_oversold'
2026-06-18 10:57:29,302 - INFO - Error processing BTCUSDT: 'BotSettings' object has no attribute 'rsi_oversold'
2026-06-18 10:57:29,316 - INFO - Error processing CHZUSDT: 'BotSettings' object has no attribute 'rsi_oversold'
2026-06-18 10:57:29,325 - INFO - Error processing ENJUSDT: 'BotSettings' object has no attribute 'rsi_overbought'
2026-06-18 10:57:29,391 - INFO - Error processing AAVEUSDT: 'BotSettings' object has no attribute 'rsi_oversold'
2026-06-18 10:57:29,407 - INFO - Error processing ADAUSDT: 'BotSettings' object has no attribute 'rsi_oversold'
2026-06-18 10:57:29,421 - INFO - Error processing AVAXUSDT: 'BotSettings' object has no attribute 'rsi_oversold'
2026-06-18 10:57:29,434 - INFO - Error processing FILUSDT: 'BotSettings' object has no attribute 'rsi_oversold'
2026-06-18 10:57:29,448 - INFO - Error processing LTCUSDT: 'BotSettings' object has no attribute 'rsi_oversold'
2026-06-18 10:57:29,459 - INFO - Error processing BNBUSDT: 'BotSettings' object has no attribute 'rsi_oversold'
2026-06-18 10:57:29,473 - INFO - Error processing TRXUSDT: 'BotSettings' object has no attribute 'rsi_oversold'
2026-06-18 10:57:29,493 - INFO - Error processing UNIUSDT: 'BotSettings' object has no attribute 'rsi_oversold'
2026-06-18 10:57:29,506 - INFO - Error processing XTZUSDT: 'BotSettings' object has no attribute 'rsi_oversold'
2026-06-18 10:57:29,522 - INFO - Error processing XRPUSDT: 'BotSettings' object has no attribute 'rsi_oversold'
2026-06-18 10:57:29,534 - INFO - Error processing VETUSDT: 'BotSettings' object has no attribute 'rsi_oversold'
2026-06-18 10:57:29,545 - INFO - Error processing DOTUSDT: 'BotSettings' object has no attribute 'rsi_oversold'
2026-06-18 10:57:29,558 - INFO - Error processing LINKUSDT: 'BotSettings' object has no attribute 'rsi_oversold'
2026-06-18 10:57:29,569 - INFO - Error processing THETAUSDT: 'BotSettings' object has no attribute 'rsi_oversold'
2026-06-18 10:57:29,580 - INFO - Error processing DOGEUSDT: 'BotSettings' object has no attribute 'rsi_oversold'
2026-06-18 10:57:29,591 - INFO - Error processing HBARUSDT: 'BotSettings' object has no attribute 'rsi_oversold'
2026-06-18 10:57:29,602 - INFO - Error processing ICPUSDT: 'BotSettings' object has no attribute 'rsi_oversold'
2026-06-18 10:57:29,614 - INFO - Error processing GRTUSDT: 'BotSettings' object has no attribute 'rsi_oversold'
2026-06-18 10:57:45,348 - INFO - Error processing CHZUSDT: 'BotSettings' object has no attribute 'rsi_oversold'
2026-06-18 10:57:45,380 - INFO - Error processing BNBUSDT: 'BotSettings' object has no attribute 'rsi_oversold'
2026-06-18 10:57:45,408 - INFO - Error processing AAVEUSDT: 'BotSettings' object has no attribute 'rsi_oversold'
2026-06-18 10:57:45,446 - INFO - Error processing ENJUSDT: 'BotSettings' object has no attribute 'rsi_overbought'
2026-06-18 10:57:45,459 - INFO - Error processing XRPUSDT: 'BotSettings' object has no attribute 'rsi_oversold'
2026-06-18 10:57:45,470 - INFO - Error processing HBARUSDT: 'BotSettings' object has no attribute 'rsi_oversold'
2026-06-18 10:57:45,482 - INFO - Error processing SOLUSDT: 'BotSettings' object has no attribute 'rsi_oversold'
2026-06-18 10:57:45,494 - INFO - Error processing ADAUSDT: 'BotSettings' object has no attribute 'rsi_oversold'
2026-06-18 10:57:45,517 - INFO - Error processing BTCUSDT: 'BotSettings' object has no attribute 'rsi_oversold'
2026-06-18 10:57:45,530 - INFO - Error processing TRXUSDT: 'BotSettings' object has no attribute 'rsi_oversold'
2026-06-18 10:57:45,542 - INFO - Error processing FILUSDT: 'BotSettings' object has no attribute 'rsi_oversold'
2026-06-18 10:57:45,553 - INFO - Error processing AVAXUSDT: 'BotSettings' object has no attribute 'rsi_oversold'
2026-06-18 10:57:45,566 - INFO - Error processing XTZUSDT: 'BotSettings' object has no attribute 'rsi_oversold'
2026-06-18 10:57:45,579 - INFO - Error processing LTCUSDT: 'BotSettings' object has no attribute 'rsi_oversold'
2026-06-18 10:57:45,590 - INFO - Error processing UNIUSDT: 'BotSettings' object has no attribute 'rsi_oversold'
2026-06-18 10:57:45,619 - INFO - Error processing LINKUSDT: 'BotSettings' object has no attribute 'rsi_oversold'
2026-06-18 10:57:45,633 - INFO - Error processing GRTUSDT: 'BotSettings' object has no attribute 'rsi_oversold'
2026-06-18 10:57:45,643 - INFO - Error processing THETAUSDT: 'BotSettings' object has no attribute 'rsi_oversold'
2026-06-18 10:57:45,656 - INFO - Error processing DOGEUSDT: 'BotSettings' object has no attribute 'rsi_oversold'
2026-06-18 10:57:45,668 - INFO - Error processing DOTUSDT: 'BotSettings' object has no attribute 'rsi_oversold'
2026-06-18 10:57:45,679 - INFO - Error processing ICPUSDT: 'BotSettings' object has no attribute 'rsi_oversold'
2026-06-18 10:57:45,781 - INFO - Error processing VETUSDT: 'BotSettings' object has no attribute 'rsi_oversold'
2026-06-18 10:58:01,422 - INFO - Error processing SOLUSDT: 'BotSettings' object has no attribute 'rsi_oversold'
2026-06-18 10:58:01,435 - INFO - Error processing ADAUSDT: 'BotSettings' object has no attribute 'rsi_oversold'
2026-06-18 10:58:01,497 - INFO - Error processing AVAXUSDT: 'BotSettings' object has no attribute 'rsi_oversold'
2026-06-18 10:58:01,511 - INFO - Error processing DOTUSDT: 'BotSettings' object has no attribute 'rsi_oversold'
2026-06-18 10:58:01,538 - INFO - Error processing AAVEUSDT: 'BotSettings' object has no attribute 'rsi_oversold'
2026-06-18 10:58:01,551 - INFO - Error processing ENJUSDT: 'BotSettings' object has no attribute 'rsi_overbought'
2026-06-18 10:58:01,574 - INFO - Error processing CHZUSDT: 'BotSettings' object has no attribute 'rsi_oversold'
2026-06-18 10:58:01,589 - INFO - Error processing HBARUSDT: 'BotSettings' object has no attribute 'rsi_oversold'
2026-06-18 10:58:01,604 - INFO - Error processing XRPUSDT: 'BotSettings' object has no attribute 'rsi_oversold'
2026-06-18 10:58:01,622 - INFO - Error processing DOGEUSDT: 'BotSettings' object has no attribute 'rsi_oversold'
2026-06-18 10:58:01,638 - INFO - Error processing BTCUSDT: 'BotSettings' object has no attribute 'rsi_oversold'
2026-06-18 10:58:01,651 - INFO - Error processing FILUSDT: 'BotSettings' object has no attribute 'rsi_oversold'
2026-06-18 10:58:01,665 - INFO - Error processing VETUSDT: 'BotSettings' object has no attribute 'rsi_oversold'
2026-06-18 10:58:01,679 - INFO - Error processing LINKUSDT: 'BotSettings' object has no attribute 'rsi_oversold'
2026-06-18 10:58:01,693 - INFO - Error processing LTCUSDT: 'BotSettings' object has no attribute 'rsi_oversold'
2026-06-18 10:58:01,706 - INFO - Error processing TRXUSDT: 'BotSettings' object has no attribute 'rsi_oversold'
2026-06-18 10:58:01,721 - INFO - Error processing GRTUSDT: 'BotSettings' object has no attribute 'rsi_oversold'
2026-06-18 10:58:01,732 - INFO - Error processing THETAUSDT: 'BotSettings' object has no attribute 'rsi_oversold'
2026-06-18 10:58:01,745 - INFO - Error processing ICPUSDT: 'BotSettings' object has no attribute 'rsi_oversold'
2026-06-18 10:58:01,759 - INFO - Error processing XTZUSDT: 'BotSettings' object has no attribute 'rsi_oversold'
2026-06-18 10:58:01,770 - INFO - Error processing UNIUSDT: 'BotSettings' object has no attribute 'rsi_oversold'
2026-06-18 10:58:01,816 - INFO - Error processing BNBUSDT: 'BotSettings' object has no attribute 'rsi_oversold'
2026-06-18 10:58:17,535 - INFO - Error processing CHZUSDT: 'BotSettings' object has no attribute 'rsi_oversold'
2026-06-18 10:58:17,547 - INFO - Error processing XRPUSDT: 'BotSettings' object has no attribute 'rsi_oversold'
2026-06-18 10:58:17,568 - INFO - Error processing BNBUSDT: 'BotSettings' object has no attribute 'rsi_oversold'
2026-06-18 10:58:17,627 - INFO - Error processing AAVEUSDT: 'BotSettings' object has no attribute 'rsi_oversold'
2026-06-18 10:58:17,636 - INFO - Error processing ENJUSDT: 'BotSettings' object has no attribute 'rsi_overbought'
2026-06-18 10:58:17,647 - INFO - Error processing FILUSDT: 'BotSettings' object has no attribute 'rsi_oversold'
2026-06-18 10:58:17,659 - INFO - Error processing LTCUSDT: 'BotSettings' object has no attribute 'rsi_oversold'
2026-06-18 10:58:17,671 - INFO - Error processing BTCUSDT: 'BotSettings' object has no attribute 'rsi_oversold'
2026-06-18 10:58:17,682 - INFO - Error processing AVAXUSDT: 'BotSettings' object has no attribute 'rsi_oversold'
2026-06-18 10:58:17,693 - INFO - Error processing ADAUSDT: 'BotSettings' object has no attribute 'rsi_oversold'
2026-06-18 10:58:17,706 - INFO - Error processing VETUSDT: 'BotSettings' object has no attribute 'rsi_oversold'
2026-06-18 10:58:17,719 - INFO - Error processing LINKUSDT: 'BotSettings' object has no attribute 'rsi_oversold'
2026-06-18 10:58:17,732 - INFO - Error processing DOTUSDT: 'BotSettings' object has no attribute 'rsi_oversold'
2026-06-18 10:58:17,746 - INFO - Error processing XTZUSDT: 'BotSettings' object has no attribute 'rsi_oversold'
2026-06-18 10:58:17,768 - INFO - Error processing GRTUSDT: 'BotSettings' object has no attribute 'rsi_oversold'
2026-06-18 10:58:17,781 - INFO - Error processing DOGEUSDT: 'BotSettings' object has no attribute 'rsi_oversold'
2026-06-18 10:58:17,791 - INFO - Error processing UNIUSDT: 'BotSettings' object has no attribute 'rsi_oversold'
2026-06-18 10:58:17,806 - INFO - Error processing HBARUSDT: 'BotSettings' object has no attribute 'rsi_oversold'
2026-06-18 10:58:17,829 - INFO - Error processing SOLUSDT: 'BotSettings' object has no attribute 'rsi_oversold'
2026-06-18 10:58:17,847 - INFO - Error processing ICPUSDT: 'BotSettings' object has no attribute 'rsi_oversold'
2026-06-18 10:58:17,949 - INFO - Error processing THETAUSDT: 'BotSettings' object has no attribute 'rsi_oversold'
2026-06-18 10:58:17,963 - INFO - Error processing TRXUSDT: 'BotSettings' object has no attribute 'rsi_oversold'
2026-06-18 10:58:33,614 - INFO - Error processing ENJUSDT: 'BotSettings' object has no attribute 'rsi_overbought'
2026-06-18 10:58:33,642 - INFO - Error processing AAVEUSDT: 'BotSettings' object has no attribute 'rsi_oversold'
2026-06-18 10:58:33,656 - INFO - Error processing CHZUSDT: 'BotSettings' object has no attribute 'rsi_oversold'
2026-06-18 10:58:33,680 - INFO - Error processing XRPUSDT: 'BotSettings' object has no attribute 'rsi_oversold'
2026-06-18 10:58:33,691 - INFO - Error processing ADAUSDT: 'BotSettings' object has no attribute 'rsi_oversold'
2026-06-18 10:58:33,703 - INFO - Error processing HBARUSDT: 'BotSettings' object has no attribute 'rsi_oversold'
2026-06-18 10:58:33,716 - INFO - Error processing BTCUSDT: 'BotSettings' object has no attribute 'rsi_oversold'
2026-06-18 10:58:33,766 - INFO - Error processing AVAXUSDT: 'BotSettings' object has no attribute 'rsi_oversold'
2026-06-18 10:58:33,777 - INFO - Error processing THETAUSDT: 'BotSettings' object has no attribute 'rsi_oversold'
2026-06-18 10:58:33,788 - INFO - Error processing BNBUSDT: 'BotSettings' object has no attribute 'rsi_oversold'
2026-06-18 10:58:33,801 - INFO - Error processing TRXUSDT: 'BotSettings' object has no attribute 'rsi_oversold'
2026-06-18 10:58:33,812 - INFO - Error processing FILUSDT: 'BotSettings' object has no attribute 'rsi_oversold'
2026-06-18 10:58:33,839 - INFO - Error processing ICPUSDT: 'BotSettings' object has no attribute 'rsi_oversold'
2026-06-18 10:58:33,850 - INFO - Error processing UNIUSDT: 'BotSettings' object has no attribute 'rsi_oversold'
2026-06-18 10:58:33,864 - INFO - Error processing GRTUSDT: 'BotSettings' object has no attribute 'rsi_oversold'
2026-06-18 10:58:33,877 - INFO - Error processing LTCUSDT: 'BotSettings' object has no attribute 'rsi_oversold'
2026-06-18 10:58:33,891 - INFO - Error processing DOGEUSDT: 'BotSettings' object has no attribute 'rsi_oversold'
2026-06-18 10:58:33,904 - INFO - Error processing VETUSDT: 'BotSettings' object has no attribute 'rsi_oversold'
2026-06-18 10:58:33,917 - INFO - Error processing XTZUSDT: 'BotSettings' object has no attribute 'rsi_oversold'
2026-06-18 10:58:33,928 - INFO - Error processing DOTUSDT: 'BotSettings' object has no attribute 'rsi_oversold'
2026-06-18 10:58:33,940 - INFO - Error processing SOLUSDT: 'BotSettings' object has no attribute 'rsi_oversold'
2026-06-18 10:58:33,951 - INFO - Error processing LINKUSDT: 'BotSettings' object has no attribute 'rsi_oversold'
2026-06-18 10:58:49,691 - INFO - Error processing SOLUSDT: 'BotSettings' object has no attribute 'rsi_oversold'
2026-06-18 10:58:49,721 - INFO - Error processing ADAUSDT: 'BotSettings' object has no attribute 'rsi_oversold'
2026-06-18 10:58:49,731 - INFO - Error processing CHZUSDT: 'BotSettings' object has no attribute 'rsi_oversold'
2026-06-18 10:58:49,741 - INFO - Error processing ENJUSDT: 'BotSettings' object has no attribute 'rsi_overbought'
2026-06-18 10:58:49,756 - INFO - Error processing BTCUSDT: 'BotSettings' object has no attribute 'rsi_oversold'
2026-06-18 10:58:49,819 - INFO - Error processing TRXUSDT: 'BotSettings' object has no attribute 'rsi_oversold'
2026-06-18 10:58:49,830 - INFO - Error processing VETUSDT: 'BotSettings' object has no attribute 'rsi_oversold'
2026-06-18 10:58:49,842 - INFO - Error processing AAVEUSDT: 'BotSettings' object has no attribute 'rsi_oversold'
2026-06-18 10:58:49,854 - INFO - Error processing FILUSDT: 'BotSettings' object has no attribute 'rsi_oversold'
2026-06-18 10:58:49,866 - INFO - Error processing XRPUSDT: 'BotSettings' object has no attribute 'rsi_oversold'
2026-06-18 10:58:49,876 - INFO - Error processing THETAUSDT: 'BotSettings' object has no attribute 'rsi_oversold'
2026-06-18 10:58:49,888 - INFO - Error processing UNIUSDT: 'BotSettings' object has no attribute 'rsi_oversold'
2026-06-18 10:58:49,903 - INFO - Error processing LTCUSDT: 'BotSettings' object has no attribute 'rsi_oversold'
2026-06-18 10:58:49,915 - INFO - Error processing GRTUSDT: 'BotSettings' object has no attribute 'rsi_oversold'
2026-06-18 10:58:49,927 - INFO - Error processing ICPUSDT: 'BotSettings' object has no attribute 'rsi_oversold'
2026-06-18 10:58:49,937 - INFO - Error processing AVAXUSDT: 'BotSettings' object has no attribute 'rsi_oversold'
2026-06-18 10:58:49,956 - INFO - Error processing LINKUSDT: 'BotSettings' object has no attribute 'rsi_oversold'
2026-06-18 10:58:49,968 - INFO - Error processing DOGEUSDT: 'BotSettings' object has no attribute 'rsi_oversold'
2026-06-18 10:58:49,980 - INFO - Error processing XTZUSDT: 'BotSettings' object has no attribute 'rsi_oversold'
2026-06-18 10:58:49,991 - INFO - Error processing BNBUSDT: 'BotSettings' object has no attribute 'rsi_oversold'
2026-06-18 10:58:50,002 - INFO - Error processing HBARUSDT: 'BotSettings' object has no attribute 'rsi_oversold'
2026-06-18 10:58:50,127 - INFO - Error processing DOTUSDT: 'BotSettings' object has no attribute 'rsi_oversold'
2026-06-18 10:59:05,843 - INFO - Error processing SOLUSDT: 'BotSettings' object has no attribute 'rsi_oversold'
2026-06-18 10:59:05,856 - INFO - Error processing CHZUSDT: 'BotSettings' object has no attribute 'rsi_oversold'
2026-06-18 10:59:05,879 - INFO - Error processing XRPUSDT: 'BotSettings' object has no attribute 'rsi_oversold'
2026-06-18 10:59:05,903 - INFO - Error processing DOTUSDT: 'BotSettings' object has no attribute 'rsi_oversold'
2026-06-18 10:59:05,916 - INFO - Error processing DOGEUSDT: 'BotSettings' object has no attribute 'rsi_oversold'
2026-06-18 10:59:05,927 - INFO - Error processing BNBUSDT: 'BotSettings' object has no attribute 'rsi_oversold'
2026-06-18 10:59:05,955 - INFO - Error processing BTCUSDT: 'BotSettings' object has no attribute 'rsi_oversold'
2026-06-18 10:59:05,967 - INFO - Error processing LINKUSDT: 'BotSettings' object has no attribute 'rsi_oversold'
2026-06-18 10:59:05,983 - INFO - Error processing AAVEUSDT: 'BotSettings' object has no attribute 'rsi_oversold'
2026-06-18 10:59:05,994 - INFO - Error processing ADAUSDT: 'BotSettings' object has no attribute 'rsi_oversold'
2026-06-18 10:59:06,004 - INFO - Error processing ENJUSDT: 'BotSettings' object has no attribute 'rsi_overbought'
2026-06-18 10:59:06,015 - INFO - Error processing GRTUSDT: 'BotSettings' object has no attribute 'rsi_oversold'
2026-06-18 10:59:06,026 - INFO - Error processing HBARUSDT: 'BotSettings' object has no attribute 'rsi_oversold'
2026-06-18 10:59:06,039 - INFO - Error processing FILUSDT: 'BotSettings' object has no attribute 'rsi_oversold'
2026-06-18 10:59:06,051 - INFO - Error processing TRXUSDT: 'BotSettings' object has no attribute 'rsi_oversold'
2026-06-18 10:59:06,063 - INFO - Error processing LTCUSDT: 'BotSettings' object has no attribute 'rsi_oversold'
2026-06-18 10:59:06,075 - INFO - Error processing UNIUSDT: 'BotSettings' object has no attribute 'rsi_oversold'
2026-06-18 10:59:06,087 - INFO - Error processing THETAUSDT: 'BotSettings' object has no attribute 'rsi_oversold'
2026-06-18 10:59:06,100 - INFO - Error processing VETUSDT: 'BotSettings' object has no attribute 'rsi_oversold'
2026-06-18 10:59:06,113 - INFO - Error processing AVAXUSDT: 'BotSettings' object has no attribute 'rsi_oversold'
2026-06-18 10:59:06,128 - INFO - Error processing ICPUSDT: 'BotSettings' object has no attribute 'rsi_oversold'
2026-06-18 10:59:06,184 - INFO - Error processing XTZUSDT: 'BotSettings' object has no attribute 'rsi_oversold'
2026-06-18 10:59:22,271 - INFO - Error processing ADAUSDT: 'BotSettings' object has no attribute 'rsi_oversold'
2026-06-18 10:59:22,283 - INFO - Error processing XRPUSDT: 'BotSettings' object has no attribute 'rsi_oversold'
2026-06-18 10:59:22,295 - INFO - Error processing BTCUSDT: 'BotSettings' object has no attribute 'rsi_oversold'
2026-06-18 10:59:22,360 - INFO - Error processing LTCUSDT: 'BotSettings' object has no attribute 'rsi_oversold'
2026-06-18 10:59:22,372 - INFO - Error processing VETUSDT: 'BotSettings' object has no attribute 'rsi_oversold'
2026-06-18 10:59:22,384 - INFO - Error processing HBARUSDT: 'BotSettings' object has no attribute 'rsi_oversold'
2026-06-18 10:59:22,399 - INFO - Error processing SOLUSDT: 'BotSettings' object has no attribute 'rsi_oversold'
2026-06-18 10:59:22,410 - INFO - Error processing UNIUSDT: 'BotSettings' object has no attribute 'rsi_oversold'
2026-06-18 10:59:22,422 - INFO - Error processing DOGEUSDT: 'BotSettings' object has no attribute 'rsi_oversold'
2026-06-18 10:59:22,433 - INFO - Error processing CHZUSDT: 'BotSettings' object has no attribute 'rsi_oversold'
2026-06-18 10:59:22,445 - INFO - Error processing AAVEUSDT: 'BotSettings' object has no attribute 'rsi_oversold'
2026-06-18 10:59:22,455 - INFO - Error processing BNBUSDT: 'BotSettings' object has no attribute 'rsi_oversold'
2026-06-18 10:59:22,465 - INFO - Error processing ENJUSDT: 'BotSettings' object has no attribute 'rsi_overbought'
2026-06-18 10:59:22,485 - INFO - Error processing LINKUSDT: 'BotSettings' object has no attribute 'rsi_oversold'
2026-06-18 10:59:22,496 - INFO - Error processing GRTUSDT: 'BotSettings' object has no attribute 'rsi_oversold'
2026-06-18 10:59:22,507 - INFO - Error processing THETAUSDT: 'BotSettings' object has no attribute 'rsi_oversold'
2026-06-18 10:59:22,526 - INFO - Error processing FILUSDT: 'BotSettings' object has no attribute 'rsi_oversold'
2026-06-18 10:59:22,538 - INFO - Error processing XTZUSDT: 'BotSettings' object has no attribute 'rsi_oversold'
2026-06-18 10:59:22,555 - INFO - Error processing TRXUSDT: 'BotSettings' object has no attribute 'rsi_oversold'
2026-06-18 10:59:22,566 - INFO - Error processing DOTUSDT: 'BotSettings' object has no attribute 'rsi_oversold'
2026-06-18 10:59:22,577 - INFO - Error processing AVAXUSDT: 'BotSettings' object has no attribute 'rsi_oversold'
2026-06-18 10:59:22,589 - INFO - Error processing ICPUSDT: 'BotSettings' object has no attribute 'rsi_oversold'
2026-06-18 10:59:38,499 - INFO - Error processing BNBUSDT: 'BotSettings' object has no attribute 'rsi_oversold'
2026-06-18 10:59:38,518 - INFO - Error processing SOLUSDT: 'BotSettings' object has no attribute 'rsi_oversold'
2026-06-18 10:59:38,593 - INFO - Error processing UNIUSDT: 'BotSettings' object has no attribute 'rsi_oversold'
2026-06-18 10:59:38,609 - INFO - Error processing BTCUSDT: 'BotSettings' object has no attribute 'rsi_oversold'
2026-06-18 10:59:38,620 - INFO - Error processing ADAUSDT: 'BotSettings' object has no attribute 'rsi_oversold'
2026-06-18 10:59:38,630 - INFO - Error processing ENJUSDT: 'BotSettings' object has no attribute 'rsi_overbought'
2026-06-18 10:59:38,647 - INFO - Error processing ICPUSDT: 'BotSettings' object has no attribute 'rsi_oversold'
2026-06-18 10:59:38,659 - INFO - Error processing GRTUSDT: 'BotSettings' object has no attribute 'rsi_oversold'
2026-06-18 10:59:38,672 - INFO - Error processing AAVEUSDT: 'BotSettings' object has no attribute 'rsi_oversold'
2026-06-18 10:59:38,684 - INFO - Error processing CHZUSDT: 'BotSettings' object has no attribute 'rsi_oversold'
2026-06-18 10:59:38,695 - INFO - Error processing AVAXUSDT: 'BotSettings' object has no attribute 'rsi_oversold'
2026-06-18 10:59:38,707 - INFO - Error processing DOTUSDT: 'BotSettings' object has no attribute 'rsi_oversold'
2026-06-18 10:59:38,719 - INFO - Error processing DOGEUSDT: 'BotSettings' object has no attribute 'rsi_oversold'
2026-06-18 10:59:38,730 - INFO - Error processing HBARUSDT: 'BotSettings' object has no attribute 'rsi_oversold'
2026-06-18 10:59:38,742 - INFO - Error processing XRPUSDT: 'BotSettings' object has no attribute 'rsi_oversold'
2026-06-18 10:59:38,776 - INFO - Error processing FILUSDT: 'BotSettings' object has no attribute 'rsi_oversold'
2026-06-18 10:59:38,789 - INFO - Error processing LINKUSDT: 'BotSettings' object has no attribute 'rsi_oversold'
2026-06-18 10:59:38,802 - INFO - Error processing LTCUSDT: 'BotSettings' object has no attribute 'rsi_oversold'
2026-06-18 10:59:38,814 - INFO - Error processing XTZUSDT: 'BotSettings' object has no attribute 'rsi_oversold'
2026-06-18 10:59:38,825 - INFO - Error processing VETUSDT: 'BotSettings' object has no attribute 'rsi_oversold'
2026-06-18 10:59:38,835 - INFO - Error processing THETAUSDT: 'BotSettings' object has no attribute 'rsi_oversold'
2026-06-18 10:59:38,847 - INFO - Error processing TRXUSDT: 'BotSettings' object has no attribute 'rsi_oversold'
2026-06-18 10:59:54,972 - INFO - Error processing ADAUSDT: 'BotSettings' object has no attribute 'rsi_oversold'
2026-06-18 10:59:54,986 - INFO - Error processing BNBUSDT: 'BotSettings' object has no attribute 'rsi_oversold'
2026-06-18 10:59:55,018 - INFO - Error processing XRPUSDT: 'BotSettings' object has no attribute 'rsi_oversold'
2026-06-18 10:59:55,033 - INFO - Error processing CHZUSDT: 'BotSettings' object has no attribute 'rsi_oversold'
2026-06-18 10:59:55,052 - INFO - Error processing ENJUSDT: 'BotSettings' object has no attribute 'rsi_overbought'
2026-06-18 10:59:55,064 - INFO - Error processing DOGEUSDT: 'BotSettings' object has no attribute 'rsi_oversold'
2026-06-18 10:59:55,077 - INFO - Error processing SOLUSDT: 'BotSettings' object has no attribute 'rsi_oversold'
2026-06-18 10:59:55,089 - INFO - Error processing AAVEUSDT: 'BotSettings' object has no attribute 'rsi_oversold'
2026-06-18 10:59:55,131 - INFO - Error processing LINKUSDT: 'BotSettings' object has no attribute 'rsi_oversold'
2026-06-18 10:59:55,144 - INFO - Error processing DOTUSDT: 'BotSettings' object has no attribute 'rsi_oversold'
2026-06-18 10:59:55,155 - INFO - Error processing XTZUSDT: 'BotSettings' object has no attribute 'rsi_oversold'
2026-06-18 10:59:55,166 - INFO - Error processing HBARUSDT: 'BotSettings' object has no attribute 'rsi_oversold'
2026-06-18 10:59:55,178 - INFO - Error processing FILUSDT: 'BotSettings' object has no attribute 'rsi_oversold'
2026-06-18 10:59:55,190 - INFO - Error processing LTCUSDT: 'BotSettings' object has no attribute 'rsi_oversold'
2026-06-18 10:59:55,202 - INFO - Error processing ICPUSDT: 'BotSettings' object has no attribute 'rsi_oversold'
2026-06-18 10:59:55,214 - INFO - Error processing GRTUSDT: 'BotSettings' object has no attribute 'rsi_oversold'
2026-06-18 10:59:55,226 - INFO - Error processing THETAUSDT: 'BotSettings' object has no attribute 'rsi_oversold'
2026-06-18 10:59:55,254 - INFO - Error processing VETUSDT: 'BotSettings' object has no attribute 'rsi_oversold'
2026-06-18 10:59:55,266 - INFO - Error processing AVAXUSDT: 'BotSettings' object has no attribute 'rsi_oversold'
2026-06-18 10:59:55,278 - INFO - Error processing UNIUSDT: 'BotSettings' object has no attribute 'rsi_oversold'
2026-06-18 10:59:55,293 - INFO - Error processing TRXUSDT: 'BotSettings' object has no attribute 'rsi_oversold'
2026-06-18 10:59:55,385 - INFO - Error processing BTCUSDT: 'BotSettings' object has no attribute 'rsi_oversold'
2026-06-18 11:00:11,128 - INFO - Error processing ENJUSDT: 'BotSettings' object has no attribute 'rsi_overbought'
2026-06-18 11:00:11,142 - INFO - Error processing AAVEUSDT: 'BotSettings' object has no attribute 'rsi_oversold'
2026-06-18 11:00:11,197 - INFO - Error processing GRTUSDT: 'BotSettings' object has no attribute 'rsi_oversold'
2026-06-18 11:00:11,210 - INFO - Error processing SOLUSDT: 'BotSettings' object has no attribute 'rsi_oversold'
2026-06-18 11:00:11,221 - INFO - Error processing CHZUSDT: 'BotSettings' object has no attribute 'rsi_oversold'
2026-06-18 11:00:11,242 - INFO - Error processing ADAUSDT: 'BotSettings' object has no attribute 'rsi_oversold'
2026-06-18 11:00:11,255 - INFO - Error processing FILUSDT: 'BotSettings' object has no attribute 'rsi_oversold'
2026-06-18 11:00:11,274 - INFO - Error processing BNBUSDT: 'BotSettings' object has no attribute 'rsi_oversold'
2026-06-18 11:00:11,297 - INFO - Error processing XTZUSDT: 'BotSettings' object has no attribute 'rsi_oversold'
2026-06-18 11:00:11,323 - INFO - Error processing LTCUSDT: 'BotSettings' object has no attribute 'rsi_oversold'
2026-06-18 11:00:11,334 - INFO - Error processing THETAUSDT: 'BotSettings' object has no attribute 'rsi_oversold'
2026-06-18 11:00:11,346 - INFO - Error processing DOTUSDT: 'BotSettings' object has no attribute 'rsi_oversold'
2026-06-18 11:00:11,358 - INFO - Error processing LINKUSDT: 'BotSettings' object has no attribute 'rsi_oversold'
2026-06-18 11:00:11,375 - INFO - Error processing VETUSDT: 'BotSettings' object has no attribute 'rsi_oversold'
2026-06-18 11:00:11,390 - INFO - Error processing DOGEUSDT: 'BotSettings' object has no attribute 'rsi_oversold'
2026-06-18 11:00:11,404 - INFO - Error processing HBARUSDT: 'BotSettings' object has no attribute 'rsi_oversold'
2026-06-18 11:00:11,648 - INFO - Error processing XRPUSDT: 'BotSettings' object has no attribute 'rsi_oversold'
2026-06-18 11:00:11,670 - INFO - Error processing AVAXUSDT: 'BotSettings' object has no attribute 'rsi_oversold'
2026-06-18 11:00:11,913 - INFO - Error processing UNIUSDT: 'BotSettings' object has no attribute 'rsi_oversold'
2026-06-18 11:00:27,222 - INFO - Error processing BNBUSDT: 'BotSettings' object has no attribute 'rsi_oversold'
2026-06-18 11:00:27,236 - INFO - Error processing AAVEUSDT: 'BotSettings' object has no attribute 'rsi_oversold'
2026-06-18 11:00:27,249 - INFO - Error processing ADAUSDT: 'BotSettings' object has no attribute 'rsi_oversold'
2026-06-18 11:00:27,262 - INFO - Error processing XRPUSDT: 'BotSettings' object has no attribute 'rsi_oversold'
2026-06-18 11:00:27,346 - INFO - Error processing THETAUSDT: 'BotSettings' object has no attribute 'rsi_oversold'
2026-06-18 11:00:27,360 - INFO - Error processing FILUSDT: 'BotSettings' object has no attribute 'rsi_oversold'
2026-06-18 11:00:27,383 - INFO - Error processing ENJUSDT: 'BotSettings' object has no attribute 'rsi_overbought'
2026-06-18 11:00:27,396 - INFO - Error processing LINKUSDT: 'BotSettings' object has no attribute 'rsi_oversold'
2026-06-18 11:00:27,413 - INFO - Error processing UNIUSDT: 'BotSettings' object has no attribute 'rsi_oversold'
2026-06-18 11:00:27,441 - INFO - Error processing GRTUSDT: 'BotSettings' object has no attribute 'rsi_oversold'
2026-06-18 11:00:27,467 - INFO - Error processing HBARUSDT: 'BotSettings' object has no attribute 'rsi_oversold'
2026-06-18 11:00:27,482 - INFO - Error processing VETUSDT: 'BotSettings' object has no attribute 'rsi_oversold'
2026-06-18 11:00:27,494 - INFO - Error processing SOLUSDT: 'BotSettings' object has no attribute 'rsi_oversold'
2026-06-18 11:00:27,506 - INFO - Error processing AVAXUSDT: 'BotSettings' object has no attribute 'rsi_oversold'
2026-06-18 11:00:27,520 - INFO - Error processing CHZUSDT: 'BotSettings' object has no attribute 'rsi_oversold'
2026-06-18 11:00:27,546 - INFO - Error processing LTCUSDT: 'BotSettings' object has no attribute 'rsi_oversold'
2026-06-18 11:00:27,559 - INFO - Error processing XTZUSDT: 'BotSettings' object has no attribute 'rsi_oversold'
2026-06-18 11:00:27,576 - INFO - Error processing DOTUSDT: 'BotSettings' object has no attribute 'rsi_oversold'
2026-06-18 11:00:27,589 - INFO - Error processing DOGEUSDT: 'BotSettings' object has no attribute 'rsi_oversold'
2026-06-18 11:00:43,334 - INFO - Error processing ADAUSDT: 'BotSettings' object has no attribute 'rsi_oversold'
2026-06-18 11:00:43,360 - INFO - Error processing BNBUSDT: 'BotSettings' object has no attribute 'rsi_oversold'
2026-06-18 11:00:43,373 - INFO - Error processing SOLUSDT: 'BotSettings' object has no attribute 'rsi_oversold'
2026-06-18 11:00:43,431 - INFO - Error processing THETAUSDT: 'BotSettings' object has no attribute 'rsi_oversold'
2026-06-18 11:00:43,443 - INFO - Error processing VETUSDT: 'BotSettings' object has no attribute 'rsi_oversold'
2026-06-18 11:00:43,457 - INFO - Error processing XTZUSDT: 'BotSettings' object has no attribute 'rsi_oversold'
2026-06-18 11:00:43,470 - INFO - Error processing CHZUSDT: 'BotSettings' object has no attribute 'rsi_oversold'
2026-06-18 11:00:43,492 - INFO - Error processing GRTUSDT: 'BotSettings' object has no attribute 'rsi_oversold'
2026-06-18 11:00:43,506 - INFO - Error processing DOGEUSDT: 'BotSettings' object has no attribute 'rsi_oversold'
2026-06-18 11:00:43,519 - INFO - Error processing LTCUSDT: 'BotSettings' object has no attribute 'rsi_oversold'
2026-06-18 11:00:43,532 - INFO - Error processing DOTUSDT: 'BotSettings' object has no attribute 'rsi_oversold'
2026-06-18 11:00:43,549 - INFO - Error processing XRPUSDT: 'BotSettings' object has no attribute 'rsi_oversold'
2026-06-18 11:00:43,562 - INFO - Error processing UNIUSDT: 'BotSettings' object has no attribute 'rsi_oversold'
2026-06-18 11:00:43,585 - INFO - Error processing AAVEUSDT: 'BotSettings' object has no attribute 'rsi_oversold'
2026-06-18 11:00:43,596 - INFO - Error processing ENJUSDT: 'BotSettings' object has no attribute 'rsi_overbought'
2026-06-18 11:00:43,608 - INFO - Error processing LINKUSDT: 'BotSettings' object has no attribute 'rsi_oversold'
2026-06-18 11:00:43,629 - INFO - Error processing HBARUSDT: 'BotSettings' object has no attribute 'rsi_oversold'
2026-06-18 11:00:43,640 - INFO - Error processing AVAXUSDT: 'BotSettings' object has no attribute 'rsi_oversold'
2026-06-18 11:00:43,652 - INFO - Error processing FILUSDT: 'BotSettings' object has no attribute 'rsi_oversold'
2026-06-18 11:00:59,801 - INFO - Error processing ADAUSDT: 'BotSettings' object has no attribute 'rsi_oversold'
2026-06-18 11:00:59,811 - INFO - Error processing ENJUSDT: 'BotSettings' object has no attribute 'rsi_overbought'
2026-06-18 11:00:59,824 - INFO - Error processing BNBUSDT: 'BotSettings' object has no attribute 'rsi_oversold'
2026-06-18 11:00:59,855 - INFO - Error processing AVAXUSDT: 'BotSettings' object has no attribute 'rsi_oversold'
2026-06-18 11:00:59,865 - INFO - Error processing HBARUSDT: 'BotSettings' object has no attribute 'rsi_oversold'
2026-06-18 11:00:59,877 - INFO - Error processing XRPUSDT: 'BotSettings' object has no attribute 'rsi_oversold'
2026-06-18 11:00:59,912 - INFO - Error processing SOLUSDT: 'BotSettings' object has no attribute 'rsi_oversold'
2026-06-18 11:00:59,925 - INFO - Error processing XTZUSDT: 'BotSettings' object has no attribute 'rsi_oversold'
2026-06-18 11:00:59,939 - INFO - Error processing FILUSDT: 'BotSettings' object has no attribute 'rsi_oversold'
2026-06-18 11:00:59,961 - INFO - Error processing VETUSDT: 'BotSettings' object has no attribute 'rsi_oversold'
2026-06-18 11:00:59,980 - INFO - Error processing DOGEUSDT: 'BotSettings' object has no attribute 'rsi_oversold'
2026-06-18 11:00:59,991 - INFO - Error processing CHZUSDT: 'BotSettings' object has no attribute 'rsi_oversold'
2026-06-18 11:01:00,003 - INFO - Error processing GRTUSDT: 'BotSettings' object has no attribute 'rsi_oversold'
2026-06-18 11:01:00,013 - INFO - Error processing THETAUSDT: 'BotSettings' object has no attribute 'rsi_oversold'
2026-06-18 11:01:00,031 - INFO - Error processing LTCUSDT: 'BotSettings' object has no attribute 'rsi_oversold'
2026-06-18 11:01:00,050 - INFO - Error processing UNIUSDT: 'BotSettings' object has no attribute 'rsi_oversold'
2026-06-18 11:01:00,063 - INFO - Error processing LINKUSDT: 'BotSettings' object has no attribute 'rsi_oversold'
2026-06-18 11:01:00,075 - INFO - Error processing DOTUSDT: 'BotSettings' object has no attribute 'rsi_oversold'
2026-06-18 11:01:00,092 - INFO - Error processing AAVEUSDT: 'BotSettings' object has no attribute 'rsi_oversold'
2026-06-18 11:01:15,862 - INFO - Error processing HBARUSDT: 'BotSettings' object has no attribute 'rsi_oversold'
2026-06-18 11:01:15,935 - INFO - Error processing XRPUSDT: 'BotSettings' object has no attribute 'rsi_oversold'
2026-06-18 11:01:15,946 - INFO - Error processing CHZUSDT: 'BotSettings' object has no attribute 'rsi_oversold'
2026-06-18 11:01:15,967 - INFO - Error processing ENJUSDT: 'BotSettings' object has no attribute 'rsi_overbought'
2026-06-18 11:01:15,990 - INFO - Error processing DOGEUSDT: 'BotSettings' object has no attribute 'rsi_oversold'
2026-06-18 11:01:16,024 - INFO - Error processing BNBUSDT: 'BotSettings' object has no attribute 'rsi_oversold'
2026-06-18 11:01:16,038 - INFO - Error processing ADAUSDT: 'BotSettings' object has no attribute 'rsi_oversold'
2026-06-18 11:01:16,054 - INFO - Error processing FILUSDT: 'BotSettings' object has no attribute 'rsi_oversold'
2026-06-18 11:01:16,071 - INFO - Error processing DOTUSDT: 'BotSettings' object has no attribute 'rsi_oversold'
2026-06-18 11:01:16,097 - INFO - Error processing THETAUSDT: 'BotSettings' object has no attribute 'rsi_oversold'
2026-06-18 11:01:16,122 - INFO - Error processing VETUSDT: 'BotSettings' object has no attribute 'rsi_oversold'
2026-06-18 11:01:16,134 - INFO - Error processing LINKUSDT: 'BotSettings' object has no attribute 'rsi_oversold'
2026-06-18 11:01:16,146 - INFO - Error processing SOLUSDT: 'BotSettings' object has no attribute 'rsi_oversold'
2026-06-18 11:01:16,157 - INFO - Error processing UNIUSDT: 'BotSettings' object has no attribute 'rsi_oversold'
2026-06-18 11:01:16,169 - INFO - Error processing AAVEUSDT: 'BotSettings' object has no attribute 'rsi_oversold'
2026-06-18 11:01:16,183 - INFO - Error processing LTCUSDT: 'BotSettings' object has no attribute 'rsi_oversold'
2026-06-18 11:01:16,197 - INFO - Error processing AVAXUSDT: 'BotSettings' object has no attribute 'rsi_oversold'
2026-06-18 11:01:16,210 - INFO - Error processing XTZUSDT: 'BotSettings' object has no attribute 'rsi_oversold'
2026-06-18 11:01:16,225 - INFO - Error processing GRTUSDT: 'BotSettings' object has no attribute 'rsi_oversold'
2026-06-18 11:01:32,272 - INFO - Error processing THETAUSDT: 'BotSettings' object has no attribute 'rsi_oversold'
2026-06-18 11:01:32,285 - INFO - Error processing SOLUSDT: 'BotSettings' object has no attribute 'rsi_oversold'
2026-06-18 11:01:32,304 - INFO - Error processing ENJUSDT: 'BotSettings' object has no attribute 'rsi_overbought'
2026-06-18 11:01:32,319 - INFO - Error processing BNBUSDT: 'BotSettings' object has no attribute 'rsi_oversold'
2026-06-18 11:01:32,335 - INFO - Error processing GRTUSDT: 'BotSettings' object has no attribute 'rsi_oversold'
2026-06-18 11:01:32,352 - INFO - Error processing UNIUSDT: 'BotSettings' object has no attribute 'rsi_oversold'
2026-06-18 11:01:32,364 - INFO - Error processing LINKUSDT: 'BotSettings' object has no attribute 'rsi_oversold'
2026-06-18 11:01:32,377 - INFO - Error processing XTZUSDT: 'BotSettings' object has no attribute 'rsi_oversold'
2026-06-18 11:01:32,389 - INFO - Error processing CHZUSDT: 'BotSettings' object has no attribute 'rsi_oversold'
2026-06-18 11:01:32,401 - INFO - Error processing XRPUSDT: 'BotSettings' object has no attribute 'rsi_oversold'
2026-06-18 11:01:32,422 - INFO - Error processing AAVEUSDT: 'BotSettings' object has no attribute 'rsi_oversold'
2026-06-18 11:01:32,437 - INFO - Error processing ADAUSDT: 'BotSettings' object has no attribute 'rsi_oversold'
2026-06-18 11:01:32,453 - INFO - Error processing FILUSDT: 'BotSettings' object has no attribute 'rsi_oversold'
2026-06-18 11:01:32,464 - INFO - Error processing AVAXUSDT: 'BotSettings' object has no attribute 'rsi_oversold'
2026-06-18 11:01:32,475 - INFO - Error processing HBARUSDT: 'BotSettings' object has no attribute 'rsi_oversold'
2026-06-18 11:01:32,494 - INFO - Error processing DOGEUSDT: 'BotSettings' object has no attribute 'rsi_oversold'
2026-06-18 11:01:32,516 - INFO - Error processing VETUSDT: 'BotSettings' object has no attribute 'rsi_oversold'
2026-06-18 11:01:32,528 - INFO - Error processing LTCUSDT: 'BotSettings' object has no attribute 'rsi_oversold'
2026-06-18 11:01:32,541 - INFO - Error processing DOTUSDT: 'BotSettings' object has no attribute 'rsi_oversold'
2026-06-18 11:01:48,298 - INFO - Error processing ADAUSDT: 'BotSettings' object has no attribute 'rsi_oversold'
2026-06-18 11:01:48,323 - INFO - Error processing DOGEUSDT: 'BotSettings' object has no attribute 'rsi_oversold'
2026-06-18 11:01:48,340 - INFO - Error processing SOLUSDT: 'BotSettings' object has no attribute 'rsi_oversold'
2026-06-18 11:01:48,352 - INFO - Error processing AAVEUSDT: 'BotSettings' object has no attribute 'rsi_oversold'
2026-06-18 11:01:48,434 - INFO - Error processing FILUSDT: 'BotSettings' object has no attribute 'rsi_oversold'
2026-06-18 11:01:48,447 - INFO - Error processing HBARUSDT: 'BotSettings' object has no attribute 'rsi_oversold'
2026-06-18 11:01:48,457 - INFO - Error processing ENJUSDT: 'BotSettings' object has no attribute 'rsi_overbought'
2026-06-18 11:01:48,479 - INFO - Error processing GRTUSDT: 'BotSettings' object has no attribute 'rsi_oversold'
2026-06-18 11:01:48,493 - INFO - Error processing VETUSDT: 'BotSettings' object has no attribute 'rsi_oversold'
2026-06-18 11:01:48,506 - INFO - Error processing XTZUSDT: 'BotSettings' object has no attribute 'rsi_oversold'
2026-06-18 11:01:48,519 - INFO - Error processing LINKUSDT: 'BotSettings' object has no attribute 'rsi_oversold'
2026-06-18 11:01:48,531 - INFO - Error processing THETAUSDT: 'BotSettings' object has no attribute 'rsi_oversold'
2026-06-18 11:01:48,543 - INFO - Error processing AVAXUSDT: 'BotSettings' object has no attribute 'rsi_oversold'
2026-06-18 11:01:48,558 - INFO - Error processing DOTUSDT: 'BotSettings' object has no attribute 'rsi_oversold'
2026-06-18 11:01:48,571 - INFO - Error processing CHZUSDT: 'BotSettings' object has no attribute 'rsi_oversold'
2026-06-18 11:01:48,592 - INFO - Error processing LTCUSDT: 'BotSettings' object has no attribute 'rsi_oversold'
2026-06-18 11:01:48,614 - INFO - Error processing XRPUSDT: 'BotSettings' object has no attribute 'rsi_oversold'
2026-06-18 11:01:48,645 - INFO - Error processing BNBUSDT: 'BotSettings' object has no attribute 'rsi_oversold'
2026-06-18 11:01:48,732 - INFO - Error processing UNIUSDT: 'BotSettings' object has no attribute 'rsi_oversold'
2026-06-18 11:02:04,386 - INFO - Error processing ADAUSDT: 'BotSettings' object has no attribute 'rsi_oversold'
2026-06-18 11:02:04,418 - INFO - Error processing CHZUSDT: 'BotSettings' object has no attribute 'rsi_oversold'
2026-06-18 11:02:04,430 - INFO - Error processing XRPUSDT: 'BotSettings' object has no attribute 'rsi_oversold'
2026-06-18 11:02:04,442 - INFO - Error processing AAVEUSDT: 'BotSettings' object has no attribute 'rsi_oversold'
2026-06-18 11:02:04,458 - INFO - Error processing HBARUSDT: 'BotSettings' object has no attribute 'rsi_oversold'
2026-06-18 11:02:04,516 - INFO - Error processing UNIUSDT: 'BotSettings' object has no attribute 'rsi_oversold'
2026-06-18 11:02:04,529 - INFO - Error processing XTZUSDT: 'BotSettings' object has no attribute 'rsi_oversold'
2026-06-18 11:02:04,540 - INFO - Error processing THETAUSDT: 'BotSettings' object has no attribute 'rsi_oversold'
2026-06-18 11:02:04,559 - INFO - Error processing VETUSDT: 'BotSettings' object has no attribute 'rsi_oversold'
2026-06-18 11:02:04,570 - INFO - Error processing LINKUSDT: 'BotSettings' object has no attribute 'rsi_oversold'
2026-06-18 11:02:04,582 - INFO - Error processing GRTUSDT: 'BotSettings' object has no attribute 'rsi_oversold'
2026-06-18 11:02:04,594 - INFO - Error processing LTCUSDT: 'BotSettings' object has no attribute 'rsi_oversold'
2026-06-18 11:02:04,607 - INFO - Error processing DOGEUSDT: 'BotSettings' object has no attribute 'rsi_oversold'
2026-06-18 11:02:04,619 - INFO - Error processing FILUSDT: 'BotSettings' object has no attribute 'rsi_oversold'
2026-06-18 11:02:04,632 - INFO - Error processing DOTUSDT: 'BotSettings' object has no attribute 'rsi_oversold'
2026-06-18 11:02:04,643 - INFO - Error processing AVAXUSDT: 'BotSettings' object has no attribute 'rsi_oversold'
2026-06-18 11:02:04,684 - INFO - Error processing SOLUSDT: 'BotSettings' object has no attribute 'rsi_oversold'
2026-06-18 11:02:04,695 - INFO - Error processing BNBUSDT: 'BotSettings' object has no attribute 'rsi_oversold'
2026-06-18 11:02:04,819 - INFO - Error processing ENJUSDT: 'BotSettings' object has no attribute 'rsi_overbought'
2026-06-18 11:02:20,596 - INFO - Error processing BNBUSDT: 'BotSettings' object has no attribute 'rsi_oversold'
2026-06-18 11:02:20,606 - INFO - Error processing ENJUSDT: 'BotSettings' object has no attribute 'rsi_overbought'
2026-06-18 11:02:20,617 - INFO - Error processing ADAUSDT: 'BotSettings' object has no attribute 'rsi_oversold'
2026-06-18 11:02:20,629 - INFO - Error processing AAVEUSDT: 'BotSettings' object has no attribute 'rsi_oversold'
2026-06-18 11:02:20,686 - INFO - Error processing XRPUSDT: 'BotSettings' object has no attribute 'rsi_oversold'
2026-06-18 11:02:20,705 - INFO - Error processing GRTUSDT: 'BotSettings' object has no attribute 'rsi_oversold'
2026-06-18 11:02:20,718 - INFO - Error processing UNIUSDT: 'BotSettings' object has no attribute 'rsi_oversold'
2026-06-18 11:02:20,732 - INFO - Error processing LTCUSDT: 'BotSettings' object has no attribute 'rsi_oversold'
2026-06-18 11:02:20,745 - INFO - Error processing XTZUSDT: 'BotSettings' object has no attribute 'rsi_oversold'
2026-06-18 11:02:20,757 - INFO - Error processing VETUSDT: 'BotSettings' object has no attribute 'rsi_oversold'
2026-06-18 11:02:20,768 - INFO - Error processing CHZUSDT: 'BotSettings' object has no attribute 'rsi_oversold'
2026-06-18 11:02:20,784 - INFO - Error processing LINKUSDT: 'BotSettings' object has no attribute 'rsi_oversold'
2026-06-18 11:02:20,795 - INFO - Error processing HBARUSDT: 'BotSettings' object has no attribute 'rsi_oversold'
2026-06-18 11:02:20,805 - INFO - Error processing THETAUSDT: 'BotSettings' object has no attribute 'rsi_oversold'
2026-06-18 11:02:20,817 - INFO - Error processing ICPUSDT: 'BotSettings' object has no attribute 'rsi_oversold'
2026-06-18 11:02:20,829 - INFO - Error processing FILUSDT: 'BotSettings' object has no attribute 'rsi_oversold'
2026-06-18 11:02:20,840 - INFO - Error processing AVAXUSDT: 'BotSettings' object has no attribute 'rsi_oversold'
2026-06-18 11:02:20,851 - INFO - Error processing DOTUSDT: 'BotSettings' object has no attribute 'rsi_oversold'
2026-06-18 11:02:20,863 - INFO - Error processing DOGEUSDT: 'BotSettings' object has no attribute 'rsi_oversold'
2026-06-18 11:02:20,875 - INFO - Error processing SOLUSDT: 'BotSettings' object has no attribute 'rsi_oversold'
2026-06-18 11:02:36,623 - INFO - Error processing BNBUSDT: 'BotSettings' object has no attribute 'rsi_oversold'
2026-06-18 11:02:36,652 - INFO - Error processing SOLUSDT: 'BotSettings' object has no attribute 'rsi_oversold'
2026-06-18 11:02:36,663 - INFO - Error processing ADAUSDT: 'BotSettings' object has no attribute 'rsi_oversold'
2026-06-18 11:02:36,673 - INFO - Error processing ENJUSDT: 'BotSettings' object has no attribute 'rsi_overbought'
2026-06-18 11:02:36,685 - INFO - Error processing CHZUSDT: 'BotSettings' object has no attribute 'rsi_oversold'
2026-06-18 11:02:36,730 - INFO - Error processing ICPUSDT: 'BotSettings' object has no attribute 'rsi_oversold'
2026-06-18 11:02:36,743 - INFO - Error processing DOTUSDT: 'BotSettings' object has no attribute 'rsi_oversold'
2026-06-18 11:02:36,755 - INFO - Error processing XRPUSDT: 'BotSettings' object has no attribute 'rsi_oversold'
2026-06-18 11:02:36,767 - INFO - Error processing VETUSDT: 'BotSettings' object has no attribute 'rsi_oversold'
2026-06-18 11:02:36,789 - INFO - Error processing XTZUSDT: 'BotSettings' object has no attribute 'rsi_oversold'
2026-06-18 11:02:36,800 - INFO - Error processing HBARUSDT: 'BotSettings' object has no attribute 'rsi_oversold'
2026-06-18 11:02:36,811 - INFO - Error processing DOGEUSDT: 'BotSettings' object has no attribute 'rsi_oversold'
2026-06-18 11:02:36,822 - INFO - Error processing AVAXUSDT: 'BotSettings' object has no attribute 'rsi_oversold'
2026-06-18 11:02:36,842 - INFO - Error processing FILUSDT: 'BotSettings' object has no attribute 'rsi_oversold'
2026-06-18 11:02:36,861 - INFO - Error processing THETAUSDT: 'BotSettings' object has no attribute 'rsi_oversold'
2026-06-18 11:02:36,873 - INFO - Error processing LTCUSDT: 'BotSettings' object has no attribute 'rsi_oversold'
2026-06-18 11:02:36,884 - INFO - Error processing UNIUSDT: 'BotSettings' object has no attribute 'rsi_oversold'
2026-06-18 11:02:37,071 - INFO - Error processing LINKUSDT: 'BotSettings' object has no attribute 'rsi_oversold'
2026-06-18 11:02:37,094 - INFO - Error processing GRTUSDT: 'BotSettings' object has no attribute 'rsi_oversold'
2026-06-18 11:02:37,111 - INFO - Error processing AAVEUSDT: 'BotSettings' object has no attribute 'rsi_oversold'
2026-06-18 11:02:52,864 - INFO - Error processing ENJUSDT: 'BotSettings' object has no attribute 'rsi_overbought'
2026-06-18 11:02:52,876 - INFO - Error processing BNBUSDT: 'BotSettings' object has no attribute 'rsi_oversold'
2026-06-18 11:02:52,897 - INFO - Error processing XRPUSDT: 'BotSettings' object has no attribute 'rsi_oversold'
2026-06-18 11:02:52,966 - INFO - Error processing GRTUSDT: 'BotSettings' object has no attribute 'rsi_oversold'
2026-06-18 11:02:52,978 - INFO - Error processing DOTUSDT: 'BotSettings' object has no attribute 'rsi_oversold'
2026-06-18 11:02:52,990 - INFO - Error processing HBARUSDT: 'BotSettings' object has no attribute 'rsi_oversold'
2026-06-18 11:02:53,002 - INFO - Error processing AVAXUSDT: 'BotSettings' object has no attribute 'rsi_oversold'
2026-06-18 11:02:53,014 - INFO - Error processing ICPUSDT: 'BotSettings' object has no attribute 'rsi_oversold'
2026-06-18 11:02:53,030 - INFO - Error processing ADAUSDT: 'BotSettings' object has no attribute 'rsi_oversold'
2026-06-18 11:02:53,042 - INFO - Error processing XTZUSDT: 'BotSettings' object has no attribute 'rsi_oversold'
2026-06-18 11:02:53,057 - INFO - Error processing FILUSDT: 'BotSettings' object has no attribute 'rsi_oversold'
2026-06-18 11:02:53,069 - INFO - Error processing DOGEUSDT: 'BotSettings' object has no attribute 'rsi_oversold'
2026-06-18 11:02:53,081 - INFO - Error processing AAVEUSDT: 'BotSettings' object has no attribute 'rsi_oversold'
2026-06-18 11:02:53,100 - INFO - Error processing UNIUSDT: 'BotSettings' object has no attribute 'rsi_oversold'
2026-06-18 11:02:53,111 - INFO - Error processing SOLUSDT: 'BotSettings' object has no attribute 'rsi_oversold'
2026-06-18 11:02:53,122 - INFO - Error processing THETAUSDT: 'BotSettings' object has no attribute 'rsi_oversold'
2026-06-18 11:02:53,132 - INFO - Error processing CHZUSDT: 'BotSettings' object has no attribute 'rsi_oversold'
2026-06-18 11:02:53,145 - INFO - Error processing LINKUSDT: 'BotSettings' object has no attribute 'rsi_oversold'
2026-06-18 11:02:53,162 - INFO - Error processing VETUSDT: 'BotSettings' object has no attribute 'rsi_oversold'
2026-06-18 11:02:53,174 - INFO - Error processing LTCUSDT: 'BotSettings' object has no attribute 'rsi_oversold'
2026-06-18 11:03:09,002 - INFO - Error processing CHZUSDT: 'BotSettings' object has no attribute 'rsi_oversold'
2026-06-18 11:03:09,020 - INFO - Error processing ENJUSDT: 'BotSettings' object has no attribute 'rsi_overbought'
2026-06-18 11:03:09,032 - INFO - Error processing ADAUSDT: 'BotSettings' object has no attribute 'rsi_oversold'
2026-06-18 11:03:09,053 - INFO - Error processing SOLUSDT: 'BotSettings' object has no attribute 'rsi_oversold'
2026-06-18 11:03:09,103 - INFO - Error processing UNIUSDT: 'BotSettings' object has no attribute 'rsi_oversold'
2026-06-18 11:03:09,115 - INFO - Error processing LTCUSDT: 'BotSettings' object has no attribute 'rsi_oversold'
2026-06-18 11:03:09,128 - INFO - Error processing FILUSDT: 'BotSettings' object has no attribute 'rsi_oversold'
2026-06-18 11:03:09,139 - INFO - Error processing THETAUSDT: 'BotSettings' object has no attribute 'rsi_oversold'
2026-06-18 11:03:09,159 - INFO - Error processing XRPUSDT: 'BotSettings' object has no attribute 'rsi_oversold'
2026-06-18 11:03:09,171 - INFO - Error processing VETUSDT: 'BotSettings' object has no attribute 'rsi_oversold'
2026-06-18 11:03:09,183 - INFO - Error processing DOTUSDT: 'BotSettings' object has no attribute 'rsi_oversold'
2026-06-18 11:03:09,200 - INFO - Error processing DOGEUSDT: 'BotSettings' object has no attribute 'rsi_oversold'
2026-06-18 11:03:09,218 - INFO - Error processing AAVEUSDT: 'BotSettings' object has no attribute 'rsi_oversold'
2026-06-18 11:03:09,237 - INFO - Error processing AVAXUSDT: 'BotSettings' object has no attribute 'rsi_oversold'
2026-06-18 11:03:09,248 - INFO - Error processing HBARUSDT: 'BotSettings' object has no attribute 'rsi_oversold'
2026-06-18 11:03:09,260 - INFO - Error processing GRTUSDT: 'BotSettings' object has no attribute 'rsi_oversold'
2026-06-18 11:03:09,275 - INFO - Error processing LINKUSDT: 'BotSettings' object has no attribute 'rsi_oversold'
2026-06-18 11:03:09,426 - INFO - Error processing BNBUSDT: 'BotSettings' object has no attribute 'rsi_oversold'
2026-06-18 11:03:09,444 - INFO - Error processing ICPUSDT: 'BotSettings' object has no attribute 'rsi_oversold'
2026-06-18 11:03:09,456 - INFO - Error processing XTZUSDT: 'BotSettings' object has no attribute 'rsi_oversold'
2026-06-18 11:03:25,212 - INFO - Error processing ENJUSDT: 'BotSettings' object has no attribute 'rsi_overbought'
2026-06-18 11:03:25,242 - INFO - Error processing SOLUSDT: 'BotSettings' object has no attribute 'rsi_oversold'
2026-06-18 11:03:25,301 - INFO - Error processing AVAXUSDT: 'BotSettings' object has no attribute 'rsi_oversold'
2026-06-18 11:03:25,316 - INFO - Error processing DOGEUSDT: 'BotSettings' object has no attribute 'rsi_oversold'
2026-06-18 11:03:25,333 - INFO - Error processing FILUSDT: 'BotSettings' object has no attribute 'rsi_oversold'
2026-06-18 11:03:25,344 - INFO - Error processing HBARUSDT: 'BotSettings' object has no attribute 'rsi_oversold'
2026-06-18 11:03:25,357 - INFO - Error processing VETUSDT: 'BotSettings' object has no attribute 'rsi_oversold'
2026-06-18 11:03:25,369 - INFO - Error processing ADAUSDT: 'BotSettings' object has no attribute 'rsi_oversold'
2026-06-18 11:03:25,382 - INFO - Error processing AAVEUSDT: 'BotSettings' object has no attribute 'rsi_oversold'
2026-06-18 11:03:25,396 - INFO - Error processing DOTUSDT: 'BotSettings' object has no attribute 'rsi_oversold'
2026-06-18 11:03:25,409 - INFO - Error processing XRPUSDT: 'BotSettings' object has no attribute 'rsi_oversold'
2026-06-18 11:03:25,432 - INFO - Error processing LINKUSDT: 'BotSettings' object has no attribute 'rsi_oversold'
2026-06-18 11:03:25,444 - INFO - Error processing UNIUSDT: 'BotSettings' object has no attribute 'rsi_oversold'
2026-06-18 11:03:25,458 - INFO - Error processing LTCUSDT: 'BotSettings' object has no attribute 'rsi_oversold'
2026-06-18 11:03:25,470 - INFO - Error processing GRTUSDT: 'BotSettings' object has no attribute 'rsi_oversold'
2026-06-18 11:03:25,484 - INFO - Error processing BNBUSDT: 'BotSettings' object has no attribute 'rsi_oversold'
2026-06-18 11:03:25,499 - INFO - Error processing ICPUSDT: 'BotSettings' object has no attribute 'rsi_oversold'
2026-06-18 11:03:25,632 - INFO - Error processing CHZUSDT: 'BotSettings' object has no attribute 'rsi_oversold'
2026-06-18 11:03:25,646 - INFO - Error processing XTZUSDT: 'BotSettings' object has no attribute 'rsi_oversold'
2026-06-18 11:03:25,660 - INFO - Error processing THETAUSDT: 'BotSettings' object has no attribute 'rsi_oversold'
2026-06-18 11:03:41,646 - INFO - Error processing XRPUSDT: 'BotSettings' object has no attribute 'rsi_oversold'
2026-06-18 11:03:41,685 - INFO - Error processing ADAUSDT: 'BotSettings' object has no attribute 'rsi_oversold'
2026-06-18 11:03:41,697 - INFO - Error processing BNBUSDT: 'BotSettings' object has no attribute 'rsi_oversold'
2026-06-18 11:03:41,751 - INFO - Error processing LTCUSDT: 'BotSettings' object has no attribute 'rsi_oversold'
2026-06-18 11:03:41,762 - INFO - Error processing ICPUSDT: 'BotSettings' object has no attribute 'rsi_oversold'
2026-06-18 11:03:41,774 - INFO - Error processing FILUSDT: 'BotSettings' object has no attribute 'rsi_oversold'
2026-06-18 11:03:41,786 - INFO - Error processing SOLUSDT: 'BotSettings' object has no attribute 'rsi_oversold'
2026-06-18 11:03:41,797 - INFO - Error processing AVAXUSDT: 'BotSettings' object has no attribute 'rsi_oversold'
2026-06-18 11:03:41,807 - INFO - Error processing CHZUSDT: 'BotSettings' object has no attribute 'rsi_oversold'
2026-06-18 11:03:41,820 - INFO - Error processing DOGEUSDT: 'BotSettings' object has no attribute 'rsi_oversold'
2026-06-18 11:03:41,834 - INFO - Error processing LINKUSDT: 'BotSettings' object has no attribute 'rsi_oversold'
2026-06-18 11:03:41,850 - INFO - Error processing HBARUSDT: 'BotSettings' object has no attribute 'rsi_oversold'
2026-06-18 11:03:41,866 - INFO - Error processing AAVEUSDT: 'BotSettings' object has no attribute 'rsi_oversold'
2026-06-18 11:03:41,878 - INFO - Error processing UNIUSDT: 'BotSettings' object has no attribute 'rsi_oversold'
2026-06-18 11:03:41,900 - INFO - Error processing XTZUSDT: 'BotSettings' object has no attribute 'rsi_oversold'
2026-06-18 11:03:41,910 - INFO - Error processing ENJUSDT: 'BotSettings' object has no attribute 'rsi_overbought'
2026-06-18 11:03:42,078 - INFO - Error processing VETUSDT: 'BotSettings' object has no attribute 'rsi_oversold'
2026-06-18 11:03:42,089 - INFO - Error processing GRTUSDT: 'BotSettings' object has no attribute 'rsi_oversold'
2026-06-18 11:03:42,100 - INFO - Error processing THETAUSDT: 'BotSettings' object has no attribute 'rsi_oversold'
2026-06-18 11:03:42,115 - INFO - Error processing DOTUSDT: 'BotSettings' object has no attribute 'rsi_oversold'
2026-06-18 11:03:57,855 - INFO - Error processing ADAUSDT: 'BotSettings' object has no attribute 'rsi_oversold'
2026-06-18 11:03:57,866 - INFO - Error processing HBARUSDT: 'BotSettings' object has no attribute 'rsi_oversold'
2026-06-18 11:03:57,877 - INFO - Error processing CHZUSDT: 'BotSettings' object has no attribute 'rsi_oversold'
2026-06-18 11:03:57,936 - INFO - Error processing ENJUSDT: 'BotSettings' object has no attribute 'rsi_overbought'
2026-06-18 11:03:57,967 - INFO - Error processing DOTUSDT: 'BotSettings' object has no attribute 'rsi_oversold'
2026-06-18 11:03:57,979 - INFO - Error processing LTCUSDT: 'BotSettings' object has no attribute 'rsi_oversold'
2026-06-18 11:03:57,998 - INFO - Error processing FILUSDT: 'BotSettings' object has no attribute 'rsi_oversold'
2026-06-18 11:03:58,009 - INFO - Error processing GRTUSDT: 'BotSettings' object has no attribute 'rsi_oversold'
2026-06-18 11:03:58,020 - INFO - Error processing BNBUSDT: 'BotSettings' object has no attribute 'rsi_oversold'
2026-06-18 11:03:58,031 - INFO - Error processing AVAXUSDT: 'BotSettings' object has no attribute 'rsi_oversold'
2026-06-18 11:03:58,049 - INFO - Error processing DOGEUSDT: 'BotSettings' object has no attribute 'rsi_oversold'
2026-06-18 11:03:58,068 - INFO - Error processing LINKUSDT: 'BotSettings' object has no attribute 'rsi_oversold'
2026-06-18 11:03:58,080 - INFO - Error processing UNIUSDT: 'BotSettings' object has no attribute 'rsi_oversold'
2026-06-18 11:03:58,090 - INFO - Error processing THETAUSDT: 'BotSettings' object has no attribute 'rsi_oversold'
2026-06-18 11:03:58,102 - INFO - Error processing XTZUSDT: 'BotSettings' object has no attribute 'rsi_oversold'
2026-06-18 11:03:58,114 - INFO - Error processing AAVEUSDT: 'BotSettings' object has no attribute 'rsi_oversold'
2026-06-18 11:03:58,126 - INFO - Error processing XRPUSDT: 'BotSettings' object has no attribute 'rsi_oversold'
2026-06-18 11:03:58,143 - INFO - Error processing SOLUSDT: 'BotSettings' object has no attribute 'rsi_oversold'
2026-06-18 11:03:58,155 - INFO - Error processing VETUSDT: 'BotSettings' object has no attribute 'rsi_oversold'
2026-06-18 11:03:58,168 - INFO - Error processing ICPUSDT: 'BotSettings' object has no attribute 'rsi_oversold'
2026-06-18 11:04:13,918 - INFO - Error processing XRPUSDT: 'BotSettings' object has no attribute 'rsi_oversold'
2026-06-18 11:04:13,991 - INFO - Error processing FILUSDT: 'BotSettings' object has no attribute 'rsi_oversold'
2026-06-18 11:04:14,002 - INFO - Error processing ADAUSDT: 'BotSettings' object has no attribute 'rsi_oversold'
2026-06-18 11:04:14,015 - INFO - Error processing AAVEUSDT: 'BotSettings' object has no attribute 'rsi_oversold'
2026-06-18 11:04:14,035 - INFO - Error processing BNBUSDT: 'BotSettings' object has no attribute 'rsi_oversold'
2026-06-18 11:04:14,048 - INFO - Error processing DOGEUSDT: 'BotSettings' object has no attribute 'rsi_oversold'
2026-06-18 11:04:14,059 - INFO - Error processing SOLUSDT: 'BotSettings' object has no attribute 'rsi_oversold'
2026-06-18 11:04:14,070 - INFO - Error processing ENJUSDT: 'BotSettings' object has no attribute 'rsi_overbought'
2026-06-18 11:04:14,083 - INFO - Error processing LTCUSDT: 'BotSettings' object has no attribute 'rsi_oversold'
2026-06-18 11:04:14,095 - INFO - Error processing HBARUSDT: 'BotSettings' object has no attribute 'rsi_oversold'
2026-06-18 11:04:14,108 - INFO - Error processing AVAXUSDT: 'BotSettings' object has no attribute 'rsi_oversold'
2026-06-18 11:04:14,120 - INFO - Error processing CHZUSDT: 'BotSettings' object has no attribute 'rsi_oversold'
2026-06-18 11:04:14,132 - INFO - Error processing LINKUSDT: 'BotSettings' object has no attribute 'rsi_oversold'
2026-06-18 11:04:14,150 - INFO - Error processing DOTUSDT: 'BotSettings' object has no attribute 'rsi_oversold'
2026-06-18 11:04:14,163 - INFO - Error processing VETUSDT: 'BotSettings' object has no attribute 'rsi_oversold'
2026-06-18 11:04:14,175 - INFO - Error processing GRTUSDT: 'BotSettings' object has no attribute 'rsi_oversold'
2026-06-18 11:04:14,192 - INFO - Error processing UNIUSDT: 'BotSettings' object has no attribute 'rsi_oversold'
2026-06-18 11:04:14,206 - INFO - Error processing ICPUSDT: 'BotSettings' object has no attribute 'rsi_oversold'
2026-06-18 11:04:14,218 - INFO - Error processing XTZUSDT: 'BotSettings' object has no attribute 'rsi_oversold'
2026-06-18 11:04:14,335 - INFO - Error processing THETAUSDT: 'BotSettings' object has no attribute 'rsi_oversold'
2026-06-18 11:04:29,963 - INFO - Error processing ENJUSDT: 'BotSettings' object has no attribute 'rsi_overbought'
2026-06-18 11:04:30,035 - INFO - Error processing HBARUSDT: 'BotSettings' object has no attribute 'rsi_oversold'
2026-06-18 11:04:30,058 - INFO - Error processing ADAUSDT: 'BotSettings' object has no attribute 'rsi_oversold'
2026-06-18 11:04:30,070 - INFO - Error processing XRPUSDT: 'BotSettings' object has no attribute 'rsi_oversold'
2026-06-18 11:04:30,081 - INFO - Error processing BNBUSDT: 'BotSettings' object has no attribute 'rsi_oversold'
2026-06-18 11:04:30,093 - INFO - Error processing DOGEUSDT: 'BotSettings' object has no attribute 'rsi_oversold'
2026-06-18 11:04:30,119 - INFO - Error processing SOLUSDT: 'BotSettings' object has no attribute 'rsi_oversold'
2026-06-18 11:04:30,138 - INFO - Error processing GRTUSDT: 'BotSettings' object has no attribute 'rsi_oversold'
2026-06-18 11:04:30,154 - INFO - Error processing CHZUSDT: 'BotSettings' object has no attribute 'rsi_oversold'
2026-06-18 11:04:30,164 - INFO - Error processing AVAXUSDT: 'BotSettings' object has no attribute 'rsi_oversold'
2026-06-18 11:04:30,175 - INFO - Error processing THETAUSDT: 'BotSettings' object has no attribute 'rsi_oversold'
2026-06-18 11:04:30,187 - INFO - Error processing AAVEUSDT: 'BotSettings' object has no attribute 'rsi_oversold'
2026-06-18 11:04:30,199 - INFO - Error processing DOTUSDT: 'BotSettings' object has no attribute 'rsi_oversold'
2026-06-18 11:04:30,211 - INFO - Error processing XTZUSDT: 'BotSettings' object has no attribute 'rsi_oversold'
2026-06-18 11:04:30,222 - INFO - Error processing LINKUSDT: 'BotSettings' object has no attribute 'rsi_oversold'
2026-06-18 11:04:30,235 - INFO - Error processing VETUSDT: 'BotSettings' object has no attribute 'rsi_oversold'
2026-06-18 11:04:30,247 - INFO - Error processing ICPUSDT: 'BotSettings' object has no attribute 'rsi_oversold'
2026-06-18 11:04:30,258 - INFO - Error processing UNIUSDT: 'BotSettings' object has no attribute 'rsi_oversold'
2026-06-18 11:04:30,270 - INFO - Error processing LTCUSDT: 'BotSettings' object has no attribute 'rsi_oversold'
2026-06-18 11:04:30,282 - INFO - Error processing FILUSDT: 'BotSettings' object has no attribute 'rsi_oversold'
2026-06-18 11:04:46,027 - INFO - Error processing SOLUSDT: 'BotSettings' object has no attribute 'rsi_oversold'
2026-06-18 11:04:46,085 - INFO - Error processing ENJUSDT: 'BotSettings' object has no attribute 'rsi_overbought'
2026-06-18 11:04:46,103 - INFO - Error processing BNBUSDT: 'BotSettings' object has no attribute 'rsi_oversold'
2026-06-18 11:04:46,115 - INFO - Error processing AAVEUSDT: 'BotSettings' object has no attribute 'rsi_oversold'
2026-06-18 11:04:46,126 - INFO - Error processing CHZUSDT: 'BotSettings' object has no attribute 'rsi_oversold'
2026-06-18 11:04:46,137 - INFO - Error processing HBARUSDT: 'BotSettings' object has no attribute 'rsi_oversold'
2026-06-18 11:04:46,183 - INFO - Error processing LTCUSDT: 'BotSettings' object has no attribute 'rsi_oversold'
2026-06-18 11:04:46,194 - INFO - Error processing AVAXUSDT: 'BotSettings' object has no attribute 'rsi_oversold'
2026-06-18 11:04:46,206 - INFO - Error processing ICPUSDT: 'BotSettings' object has no attribute 'rsi_oversold'
2026-06-18 11:04:46,218 - INFO - Error processing DOGEUSDT: 'BotSettings' object has no attribute 'rsi_oversold'
2026-06-18 11:04:46,234 - INFO - Error processing XTZUSDT: 'BotSettings' object has no attribute 'rsi_oversold'
2026-06-18 11:04:46,245 - INFO - Error processing ADAUSDT: 'BotSettings' object has no attribute 'rsi_oversold'
2026-06-18 11:04:46,257 - INFO - Error processing GRTUSDT: 'BotSettings' object has no attribute 'rsi_oversold'
2026-06-18 11:04:46,269 - INFO - Error processing DOTUSDT: 'BotSettings' object has no attribute 'rsi_oversold'
2026-06-18 11:04:46,279 - INFO - Error processing THETAUSDT: 'BotSettings' object has no attribute 'rsi_oversold'
2026-06-18 11:04:46,292 - INFO - Error processing LINKUSDT: 'BotSettings' object has no attribute 'rsi_oversold'
2026-06-18 11:04:46,305 - INFO - Error processing FILUSDT: 'BotSettings' object has no attribute 'rsi_oversold'
2026-06-18 11:04:46,318 - INFO - Error processing XRPUSDT: 'BotSettings' object has no attribute 'rsi_oversold'
2026-06-18 11:04:46,335 - INFO - Error processing VETUSDT: 'BotSettings' object has no attribute 'rsi_oversold'
2026-06-18 11:04:46,463 - INFO - Error processing UNIUSDT: 'BotSettings' object has no attribute 'rsi_oversold'
2026-06-18 11:05:02,088 - INFO - Error processing ADAUSDT: 'BotSettings' object has no attribute 'rsi_oversold'
2026-06-18 11:05:02,100 - INFO - Error processing SOLUSDT: 'BotSettings' object has no attribute 'rsi_oversold'
2026-06-18 11:05:02,112 - INFO - Error processing AAVEUSDT: 'BotSettings' object has no attribute 'rsi_oversold'
2026-06-18 11:05:02,176 - INFO - Error processing DOTUSDT: 'BotSettings' object has no attribute 'rsi_oversold'
2026-06-18 11:05:02,198 - INFO - Error processing XRPUSDT: 'BotSettings' object has no attribute 'rsi_oversold'
2026-06-18 11:05:02,207 - INFO - Error processing ENJUSDT: 'BotSettings' object has no attribute 'rsi_overbought'
2026-06-18 11:05:02,235 - INFO - Error processing LTCUSDT: 'BotSettings' object has no attribute 'rsi_oversold'
2026-06-18 11:05:02,256 - INFO - Error processing HBARUSDT: 'BotSettings' object has no attribute 'rsi_oversold'
2026-06-18 11:05:02,266 - INFO - Error processing CHZUSDT: 'BotSettings' object has no attribute 'rsi_oversold'
2026-06-18 11:05:02,277 - INFO - Error processing BNBUSDT: 'BotSettings' object has no attribute 'rsi_oversold'
2026-06-18 11:05:02,289 - INFO - Error processing FILUSDT: 'BotSettings' object has no attribute 'rsi_oversold'
2026-06-18 11:05:02,301 - INFO - Error processing XTZUSDT: 'BotSettings' object has no attribute 'rsi_oversold'
2026-06-18 11:05:02,318 - INFO - Error processing THETAUSDT: 'BotSettings' object has no attribute 'rsi_oversold'
2026-06-18 11:05:02,328 - INFO - Error processing AVAXUSDT: 'BotSettings' object has no attribute 'rsi_oversold'
2026-06-18 11:05:02,340 - INFO - Error processing VETUSDT: 'BotSettings' object has no attribute 'rsi_oversold'
2026-06-18 11:05:02,352 - INFO - Error processing ICPUSDT: 'BotSettings' object has no attribute 'rsi_oversold'
2026-06-18 11:05:02,363 - INFO - Error processing GRTUSDT: 'BotSettings' object has no attribute 'rsi_oversold'
2026-06-18 11:05:02,376 - INFO - Error processing LINKUSDT: 'BotSettings' object has no attribute 'rsi_oversold'
2026-06-18 11:05:02,389 - INFO - Error processing UNIUSDT: 'BotSettings' object has no attribute 'rsi_oversold'
2026-06-18 11:05:02,832 - INFO - Error processing DOGEUSDT: 'BotSettings' object has no attribute 'rsi_oversold'
2026-06-18 11:05:18,145 - INFO - Error processing ADAUSDT: 'BotSettings' object has no attribute 'rsi_oversold'
2026-06-18 11:05:18,156 - INFO - Error processing CHZUSDT: 'BotSettings' object has no attribute 'rsi_oversold'
2026-06-18 11:05:18,167 - INFO - Error processing SOLUSDT: 'BotSettings' object has no attribute 'rsi_oversold'
2026-06-18 11:05:18,231 - INFO - Error processing BNBUSDT: 'BotSettings' object has no attribute 'rsi_oversold'
2026-06-18 11:05:18,243 - INFO - Error processing XTZUSDT: 'BotSettings' object has no attribute 'rsi_oversold'
2026-06-18 11:05:18,273 - INFO - Error processing GRTUSDT: 'BotSettings' object has no attribute 'rsi_oversold'
2026-06-18 11:05:18,293 - INFO - Error processing LTCUSDT: 'BotSettings' object has no attribute 'rsi_oversold'
2026-06-18 11:05:18,311 - INFO - Error processing AAVEUSDT: 'BotSettings' object has no attribute 'rsi_oversold'
2026-06-18 11:05:18,322 - INFO - Error processing AVAXUSDT: 'BotSettings' object has no attribute 'rsi_oversold'
2026-06-18 11:05:18,340 - INFO - Error processing FILUSDT: 'BotSettings' object has no attribute 'rsi_oversold'
2026-06-18 11:05:18,352 - INFO - Error processing DOGEUSDT: 'BotSettings' object has no attribute 'rsi_oversold'
2026-06-18 11:05:18,365 - INFO - Error processing XRPUSDT: 'BotSettings' object has no attribute 'rsi_oversold'
2026-06-18 11:05:18,378 - INFO - Error processing HBARUSDT: 'BotSettings' object has no attribute 'rsi_oversold'
2026-06-18 11:05:18,388 - INFO - Error processing ENJUSDT: 'BotSettings' object has no attribute 'rsi_overbought'
2026-06-18 11:05:18,399 - INFO - Error processing VETUSDT: 'BotSettings' object has no attribute 'rsi_oversold'
2026-06-18 11:05:18,419 - INFO - Error processing DOTUSDT: 'BotSettings' object has no attribute 'rsi_oversold'
2026-06-18 11:05:18,431 - INFO - Error processing LINKUSDT: 'BotSettings' object has no attribute 'rsi_oversold'
2026-06-18 11:05:18,443 - INFO - Error processing UNIUSDT: 'BotSettings' object has no attribute 'rsi_oversold'
2026-06-18 11:05:18,454 - INFO - Error processing THETAUSDT: 'BotSettings' object has no attribute 'rsi_oversold'
2026-06-18 11:05:18,578 - INFO - Error processing ICPUSDT: 'BotSettings' object has no attribute 'rsi_oversold'
2026-06-18 11:05:34,209 - INFO - Error processing BNBUSDT: 'BotSettings' object has no attribute 'rsi_oversold'
2026-06-18 11:05:34,219 - INFO - Error processing ENJUSDT: 'BotSettings' object has no attribute 'rsi_overbought'
2026-06-18 11:05:34,230 - INFO - Error processing CHZUSDT: 'BotSettings' object has no attribute 'rsi_oversold'
2026-06-18 11:05:34,242 - INFO - Error processing SOLUSDT: 'BotSettings' object has no attribute 'rsi_oversold'
2026-06-18 11:05:34,318 - INFO - Error processing LINKUSDT: 'BotSettings' object has no attribute 'rsi_oversold'
2026-06-18 11:05:34,333 - INFO - Error processing THETAUSDT: 'BotSettings' object has no attribute 'rsi_oversold'
2026-06-18 11:05:34,344 - INFO - Error processing HBARUSDT: 'BotSettings' object has no attribute 'rsi_oversold'
2026-06-18 11:05:34,357 - INFO - Error processing VETUSDT: 'BotSettings' object has no attribute 'rsi_oversold'
2026-06-18 11:05:34,377 - INFO - Error processing AAVEUSDT: 'BotSettings' object has no attribute 'rsi_oversold'
2026-06-18 11:05:34,389 - INFO - Error processing ICPUSDT: 'BotSettings' object has no attribute 'rsi_oversold'
2026-06-18 11:05:34,401 - INFO - Error processing XTZUSDT: 'BotSettings' object has no attribute 'rsi_oversold'
2026-06-18 11:05:34,413 - INFO - Error processing UNIUSDT: 'BotSettings' object has no attribute 'rsi_oversold'
2026-06-18 11:05:34,424 - INFO - Error processing FILUSDT: 'BotSettings' object has no attribute 'rsi_oversold'
2026-06-18 11:05:34,435 - INFO - Error processing ADAUSDT: 'BotSettings' object has no attribute 'rsi_oversold'
2026-06-18 11:05:34,447 - INFO - Error processing GRTUSDT: 'BotSettings' object has no attribute 'rsi_oversold'
2026-06-18 11:05:34,458 - INFO - Error processing AVAXUSDT: 'BotSettings' object has no attribute 'rsi_oversold'
2026-06-18 11:05:34,470 - INFO - Error processing LTCUSDT: 'BotSettings' object has no attribute 'rsi_oversold'
2026-06-18 11:05:34,482 - INFO - Error processing DOTUSDT: 'BotSettings' object has no attribute 'rsi_oversold'
2026-06-18 11:05:34,494 - INFO - Error processing DOGEUSDT: 'BotSettings' object has no attribute 'rsi_oversold'
2026-06-18 11:05:34,506 - INFO - Error processing XRPUSDT: 'BotSettings' object has no attribute 'rsi_oversold'
2026-06-18 11:05:50,285 - INFO - Error processing XRPUSDT: 'BotSettings' object has no attribute 'rsi_oversold'
2026-06-18 11:05:50,299 - INFO - Error processing SOLUSDT: 'BotSettings' object has no attribute 'rsi_oversold'
2026-06-18 11:05:50,372 - INFO - Error processing ICPUSDT: 'BotSettings' object has no attribute 'rsi_oversold'
2026-06-18 11:05:50,386 - INFO - Error processing DOGEUSDT: 'BotSettings' object has no attribute 'rsi_oversold'
2026-06-18 11:05:50,399 - INFO - Error processing VETUSDT: 'BotSettings' object has no attribute 'rsi_oversold'
2026-06-18 11:05:50,414 - INFO - Error processing DOTUSDT: 'BotSettings' object has no attribute 'rsi_oversold'
2026-06-18 11:05:50,434 - INFO - Error processing AAVEUSDT: 'BotSettings' object has no attribute 'rsi_oversold'
2026-06-18 11:05:50,446 - INFO - Error processing ENJUSDT: 'BotSettings' object has no attribute 'rsi_overbought'
2026-06-18 11:05:50,474 - INFO - Error processing GRTUSDT: 'BotSettings' object has no attribute 'rsi_oversold'
2026-06-18 11:05:50,488 - INFO - Error processing CHZUSDT: 'BotSettings' object has no attribute 'rsi_oversold'
2026-06-18 11:05:50,499 - INFO - Error processing THETAUSDT: 'BotSettings' object has no attribute 'rsi_oversold'
2026-06-18 11:05:50,514 - INFO - Error processing LINKUSDT: 'BotSettings' object has no attribute 'rsi_oversold'
2026-06-18 11:05:50,535 - INFO - Error processing ADAUSDT: 'BotSettings' object has no attribute 'rsi_oversold'
2026-06-18 11:05:50,547 - INFO - Error processing BNBUSDT: 'BotSettings' object has no attribute 'rsi_oversold'
2026-06-18 11:05:50,558 - INFO - Error processing HBARUSDT: 'BotSettings' object has no attribute 'rsi_oversold'
2026-06-18 11:05:50,570 - INFO - Error processing AVAXUSDT: 'BotSettings' object has no attribute 'rsi_oversold'
2026-06-18 11:05:50,582 - INFO - Error processing UNIUSDT: 'BotSettings' object has no attribute 'rsi_oversold'
2026-06-18 11:05:50,594 - INFO - Error processing XTZUSDT: 'BotSettings' object has no attribute 'rsi_oversold'
2026-06-18 11:05:50,607 - INFO - Error processing LTCUSDT: 'BotSettings' object has no attribute 'rsi_oversold'
2026-06-18 11:05:50,619 - INFO - Error processing FILUSDT: 'BotSettings' object has no attribute 'rsi_oversold'
2026-06-18 11:06:06,537 - INFO - Error processing CHZUSDT: 'BotSettings' object has no attribute 'rsi_oversold'
2026-06-18 11:06:06,570 - INFO - Error processing AAVEUSDT: 'BotSettings' object has no attribute 'rsi_oversold'
2026-06-18 11:06:06,608 - INFO - Error processing DOTUSDT: 'BotSettings' object has no attribute 'rsi_oversold'
2026-06-18 11:06:06,632 - INFO - Error processing SOLUSDT: 'BotSettings' object has no attribute 'rsi_oversold'
2026-06-18 11:06:06,644 - INFO - Error processing BNBUSDT: 'BotSettings' object has no attribute 'rsi_oversold'
2026-06-18 11:06:06,656 - INFO - Error processing ADAUSDT: 'BotSettings' object has no attribute 'rsi_oversold'
2026-06-18 11:06:06,669 - INFO - Error processing DOGEUSDT: 'BotSettings' object has no attribute 'rsi_oversold'
2026-06-18 11:06:06,683 - INFO - Error processing AVAXUSDT: 'BotSettings' object has no attribute 'rsi_oversold'
2026-06-18 11:06:06,695 - INFO - Error processing XRPUSDT: 'BotSettings' object has no attribute 'rsi_oversold'
2026-06-18 11:06:06,707 - INFO - Error processing GRTUSDT: 'BotSettings' object has no attribute 'rsi_oversold'
2026-06-18 11:06:06,720 - INFO - Error processing VETUSDT: 'BotSettings' object has no attribute 'rsi_oversold'
2026-06-18 11:06:06,732 - INFO - Error processing ICPUSDT: 'BotSettings' object has no attribute 'rsi_oversold'
2026-06-18 11:06:06,752 - INFO - Error processing HBARUSDT: 'BotSettings' object has no attribute 'rsi_oversold'
2026-06-18 11:06:06,765 - INFO - Error processing LTCUSDT: 'BotSettings' object has no attribute 'rsi_oversold'
2026-06-18 11:06:06,782 - INFO - Error processing FILUSDT: 'BotSettings' object has no attribute 'rsi_oversold'
2026-06-18 11:06:06,791 - INFO - Error processing ENJUSDT: 'BotSettings' object has no attribute 'rsi_overbought'
2026-06-18 11:06:06,803 - INFO - Error processing UNIUSDT: 'BotSettings' object has no attribute 'rsi_oversold'
2026-06-18 11:06:06,813 - INFO - Error processing THETAUSDT: 'BotSettings' object has no attribute 'rsi_oversold'
2026-06-18 11:06:06,840 - INFO - Error processing LINKUSDT: 'BotSettings' object has no attribute 'rsi_oversold'
2026-06-18 11:06:06,853 - INFO - Error processing XTZUSDT: 'BotSettings' object has no attribute 'rsi_oversold'
2026-06-18 11:06:22,644 - INFO - Error processing ENJUSDT: 'BotSettings' object has no attribute 'rsi_overbought'
2026-06-18 11:06:22,685 - INFO - Error processing CHZUSDT: 'BotSettings' object has no attribute 'rsi_oversold'
2026-06-18 11:06:22,704 - INFO - Error processing XRPUSDT: 'BotSettings' object has no attribute 'rsi_oversold'
2026-06-18 11:06:22,716 - INFO - Error processing BNBUSDT: 'BotSettings' object has no attribute 'rsi_oversold'
2026-06-18 11:06:22,729 - INFO - Error processing AAVEUSDT: 'BotSettings' object has no attribute 'rsi_oversold'
2026-06-18 11:06:22,741 - INFO - Error processing SOLUSDT: 'BotSettings' object has no attribute 'rsi_oversold'
2026-06-18 11:06:22,754 - INFO - Error processing ADAUSDT: 'BotSettings' object has no attribute 'rsi_oversold'
2026-06-18 11:06:22,766 - INFO - Error processing HBARUSDT: 'BotSettings' object has no attribute 'rsi_oversold'
2026-06-18 11:06:22,799 - INFO - Error processing AVAXUSDT: 'BotSettings' object has no attribute 'rsi_oversold'
2026-06-18 11:06:22,810 - INFO - Error processing UNIUSDT: 'BotSettings' object has no attribute 'rsi_oversold'
2026-06-18 11:06:22,823 - INFO - Error processing VETUSDT: 'BotSettings' object has no attribute 'rsi_oversold'
2026-06-18 11:06:22,836 - INFO - Error processing DOGEUSDT: 'BotSettings' object has no attribute 'rsi_oversold'
2026-06-18 11:06:22,848 - INFO - Error processing ICPUSDT: 'BotSettings' object has no attribute 'rsi_oversold'
2026-06-18 11:06:22,860 - INFO - Error processing GRTUSDT: 'BotSettings' object has no attribute 'rsi_oversold'
2026-06-18 11:06:22,878 - INFO - Error processing DOTUSDT: 'BotSettings' object has no attribute 'rsi_oversold'
2026-06-18 11:06:22,891 - INFO - Error processing LTCUSDT: 'BotSettings' object has no attribute 'rsi_oversold'
2026-06-18 11:06:22,904 - INFO - Error processing FILUSDT: 'BotSettings' object has no attribute 'rsi_oversold'
2026-06-18 11:06:22,928 - INFO - Error processing LINKUSDT: 'BotSettings' object has no attribute 'rsi_oversold'
2026-06-18 11:06:22,939 - INFO - Error processing THETAUSDT: 'BotSettings' object has no attribute 'rsi_oversold'
2026-06-18 11:06:22,958 - INFO - Error processing XTZUSDT: 'BotSettings' object has no attribute 'rsi_oversold'
2026-06-18 11:06:38,735 - INFO - Error processing AAVEUSDT: 'BotSettings' object has no attribute 'rsi_oversold'
2026-06-18 11:06:38,745 - INFO - Error processing HBARUSDT: 'BotSettings' object has no attribute 'rsi_oversold'
2026-06-18 11:06:38,755 - INFO - Error processing ENJUSDT: 'BotSettings' object has no attribute 'rsi_overbought'
2026-06-18 11:06:38,811 - INFO - Error processing ICPUSDT: 'BotSettings' object has no attribute 'rsi_oversold'
2026-06-18 11:06:38,823 - INFO - Error processing DOTUSDT: 'BotSettings' object has no attribute 'rsi_oversold'
2026-06-18 11:06:38,834 - INFO - Error processing ADAUSDT: 'BotSettings' object has no attribute 'rsi_oversold'
2026-06-18 11:06:38,845 - INFO - Error processing BNBUSDT: 'BotSettings' object has no attribute 'rsi_oversold'
2026-06-18 11:06:38,858 - INFO - Error processing UNIUSDT: 'BotSettings' object has no attribute 'rsi_oversold'
2026-06-18 11:06:38,875 - INFO - Error processing LTCUSDT: 'BotSettings' object has no attribute 'rsi_oversold'
2026-06-18 11:06:38,886 - INFO - Error processing AVAXUSDT: 'BotSettings' object has no attribute 'rsi_oversold'
2026-06-18 11:06:38,898 - INFO - Error processing DOGEUSDT: 'BotSettings' object has no attribute 'rsi_oversold'
2026-06-18 11:06:38,910 - INFO - Error processing XRPUSDT: 'BotSettings' object has no attribute 'rsi_oversold'
2026-06-18 11:06:38,952 - INFO - Error processing SOLUSDT: 'BotSettings' object has no attribute 'rsi_oversold'
2026-06-18 11:06:38,972 - INFO - Error processing LINKUSDT: 'BotSettings' object has no attribute 'rsi_oversold'
2026-06-18 11:06:38,984 - INFO - Error processing VETUSDT: 'BotSettings' object has no attribute 'rsi_oversold'
2026-06-18 11:06:38,996 - INFO - Error processing XTZUSDT: 'BotSettings' object has no attribute 'rsi_oversold'
2026-06-18 11:06:39,008 - INFO - Error processing FILUSDT: 'BotSettings' object has no attribute 'rsi_oversold'
2026-06-18 11:06:39,019 - INFO - Error processing THETAUSDT: 'BotSettings' object has no attribute 'rsi_oversold'
2026-06-18 11:06:39,170 - INFO - Error processing GRTUSDT: 'BotSettings' object has no attribute 'rsi_oversold'
2026-06-18 11:06:39,180 - INFO - Error processing CHZUSDT: 'BotSettings' object has no attribute 'rsi_oversold'
2026-06-18 11:06:54,766 - INFO - Error processing ADAUSDT: 'BotSettings' object has no attribute 'rsi_oversold'
2026-06-18 11:06:54,792 - INFO - Error processing AAVEUSDT: 'BotSettings' object has no attribute 'rsi_oversold'
2026-06-18 11:06:54,859 - INFO - Error processing DOGEUSDT: 'BotSettings' object has no attribute 'rsi_oversold'
2026-06-18 11:06:54,872 - INFO - Error processing ICPUSDT: 'BotSettings' object has no attribute 'rsi_oversold'
2026-06-18 11:06:54,884 - INFO - Error processing DOTUSDT: 'BotSettings' object has no attribute 'rsi_oversold'
2026-06-18 11:06:54,905 - INFO - Error processing THETAUSDT: 'BotSettings' object has no attribute 'rsi_oversold'
2026-06-18 11:06:54,917 - INFO - Error processing SOLUSDT: 'BotSettings' object has no attribute 'rsi_oversold'
2026-06-18 11:06:54,937 - INFO - Error processing FILUSDT: 'BotSettings' object has no attribute 'rsi_oversold'
2026-06-18 11:06:54,949 - INFO - Error processing VETUSDT: 'BotSettings' object has no attribute 'rsi_oversold'
2026-06-18 11:06:54,960 - INFO - Error processing CHZUSDT: 'BotSettings' object has no attribute 'rsi_oversold'
2026-06-18 11:06:54,971 - INFO - Error processing AVAXUSDT: 'BotSettings' object has no attribute 'rsi_oversold'
2026-06-18 11:06:54,983 - INFO - Error processing LINKUSDT: 'BotSettings' object has no attribute 'rsi_oversold'
2026-06-18 11:06:54,994 - INFO - Error processing UNIUSDT: 'BotSettings' object has no attribute 'rsi_oversold'
2026-06-18 11:06:55,007 - INFO - Error processing GRTUSDT: 'BotSettings' object has no attribute 'rsi_oversold'
2026-06-18 11:06:55,019 - INFO - Error processing XRPUSDT: 'BotSettings' object has no attribute 'rsi_oversold'
2026-06-18 11:06:55,030 - INFO - Error processing HBARUSDT: 'BotSettings' object has no attribute 'rsi_oversold'
2026-06-18 11:06:55,042 - INFO - Error processing LTCUSDT: 'BotSettings' object has no attribute 'rsi_oversold'
2026-06-18 11:06:55,053 - INFO - Error processing BNBUSDT: 'BotSettings' object has no attribute 'rsi_oversold'
2026-06-18 11:06:55,071 - INFO - Error processing ENJUSDT: 'BotSettings' object has no attribute 'rsi_overbought'
2026-06-18 11:06:55,083 - INFO - Error processing XTZUSDT: 'BotSettings' object has no attribute 'rsi_oversold'
2026-06-18 11:07:10,815 - INFO - Error processing SOLUSDT: 'BotSettings' object has no attribute 'rsi_oversold'
2026-06-18 11:07:10,833 - INFO - Error processing BNBUSDT: 'BotSettings' object has no attribute 'rsi_oversold'
2026-06-18 11:07:10,845 - INFO - Error processing CHZUSDT: 'BotSettings' object has no attribute 'rsi_oversold'
2026-06-18 11:07:10,857 - INFO - Error processing AAVEUSDT: 'BotSettings' object has no attribute 'rsi_oversold'
2026-06-18 11:07:10,919 - INFO - Error processing LINKUSDT: 'BotSettings' object has no attribute 'rsi_oversold'
2026-06-18 11:07:10,931 - INFO - Error processing VETUSDT: 'BotSettings' object has no attribute 'rsi_oversold'
2026-06-18 11:07:10,943 - INFO - Error processing ICPUSDT: 'BotSettings' object has no attribute 'rsi_oversold'
2026-06-18 11:07:10,954 - INFO - Error processing AVAXUSDT: 'BotSettings' object has no attribute 'rsi_oversold'
2026-06-18 11:07:10,965 - INFO - Error processing ADAUSDT: 'BotSettings' object has no attribute 'rsi_oversold'
2026-06-18 11:07:10,983 - INFO - Error processing GRTUSDT: 'BotSettings' object has no attribute 'rsi_oversold'
2026-06-18 11:07:10,995 - INFO - Error processing FILUSDT: 'BotSettings' object has no attribute 'rsi_oversold'
2026-06-18 11:07:11,007 - INFO - Error processing DOTUSDT: 'BotSettings' object has no attribute 'rsi_oversold'
2026-06-18 11:07:11,026 - INFO - Error processing ENJUSDT: 'BotSettings' object has no attribute 'rsi_overbought'
2026-06-18 11:07:11,036 - INFO - Error processing HBARUSDT: 'BotSettings' object has no attribute 'rsi_oversold'
2026-06-18 11:07:11,048 - INFO - Error processing DOGEUSDT: 'BotSettings' object has no attribute 'rsi_oversold'
2026-06-18 11:07:11,241 - INFO - Error processing UNIUSDT: 'BotSettings' object has no attribute 'rsi_oversold'
2026-06-18 11:07:11,254 - INFO - Error processing XRPUSDT: 'BotSettings' object has no attribute 'rsi_oversold'
2026-06-18 11:07:11,271 - INFO - Error processing LTCUSDT: 'BotSettings' object has no attribute 'rsi_oversold'
2026-06-18 11:07:11,282 - INFO - Error processing THETAUSDT: 'BotSettings' object has no attribute 'rsi_oversold'
2026-06-18 11:07:11,293 - INFO - Error processing XTZUSDT: 'BotSettings' object has no attribute 'rsi_oversold'
2026-06-18 11:07:27,024 - INFO - Error processing BNBUSDT: 'BotSettings' object has no attribute 'rsi_oversold'
2026-06-18 11:07:27,034 - INFO - Error processing ENJUSDT: 'BotSettings' object has no attribute 'rsi_overbought'
2026-06-18 11:07:27,076 - INFO - Error processing SOLUSDT: 'BotSettings' object has no attribute 'rsi_oversold'
2026-06-18 11:07:27,088 - INFO - Error processing HBARUSDT: 'BotSettings' object has no attribute 'rsi_oversold'
2026-06-18 11:07:27,101 - INFO - Error processing CHZUSDT: 'BotSettings' object has no attribute 'rsi_oversold'
2026-06-18 11:07:27,114 - INFO - Error processing ADAUSDT: 'BotSettings' object has no attribute 'rsi_oversold'
2026-06-18 11:07:27,171 - INFO - Error processing UNIUSDT: 'BotSettings' object has no attribute 'rsi_oversold'
2026-06-18 11:07:27,189 - INFO - Error processing LINKUSDT: 'BotSettings' object has no attribute 'rsi_oversold'
2026-06-18 11:07:27,211 - INFO - Error processing XTZUSDT: 'BotSettings' object has no attribute 'rsi_oversold'
2026-06-18 11:07:27,224 - INFO - Error processing VETUSDT: 'BotSettings' object has no attribute 'rsi_oversold'
2026-06-18 11:07:27,237 - INFO - Error processing ICPUSDT: 'BotSettings' object has no attribute 'rsi_oversold'
2026-06-18 11:07:27,248 - INFO - Error processing THETAUSDT: 'BotSettings' object has no attribute 'rsi_oversold'
2026-06-18 11:07:27,259 - INFO - Error processing GRTUSDT: 'BotSettings' object has no attribute 'rsi_oversold'
2026-06-18 11:07:27,272 - INFO - Error processing FILUSDT: 'BotSettings' object has no attribute 'rsi_oversold'
2026-06-18 11:07:27,286 - INFO - Error processing LTCUSDT: 'BotSettings' object has no attribute 'rsi_oversold'
2026-06-18 11:07:27,301 - INFO - Error processing AAVEUSDT: 'BotSettings' object has no attribute 'rsi_oversold'
2026-06-18 11:07:27,313 - INFO - Error processing AVAXUSDT: 'BotSettings' object has no attribute 'rsi_oversold'
2026-06-18 11:07:27,325 - INFO - Error processing DOTUSDT: 'BotSettings' object has no attribute 'rsi_oversold'
2026-06-18 11:07:27,337 - INFO - Error processing DOGEUSDT: 'BotSettings' object has no attribute 'rsi_oversold'
2026-06-18 11:07:27,437 - INFO - Error processing XRPUSDT: 'BotSettings' object has no attribute 'rsi_oversold'
2026-06-18 11:07:44,656 - INFO - Error processing SOLUSDT: 'BotSettings' object has no attribute 'rsi_oversold'
2026-06-18 11:07:44,668 - INFO - Error processing XRPUSDT: 'BotSettings' object has no attribute 'rsi_oversold'
2026-06-18 11:07:44,706 - INFO - Error processing ENJUSDT: 'BotSettings' object has no attribute 'rsi_overbought'
2026-06-18 11:07:44,717 - INFO - Error processing ADAUSDT: 'BotSettings' object has no attribute 'rsi_oversold'
2026-06-18 11:07:44,738 - INFO - Error processing FILUSDT: 'BotSettings' object has no attribute 'rsi_oversold'
2026-06-18 11:07:44,773 - INFO - Error processing AAVEUSDT: 'BotSettings' object has no attribute 'rsi_oversold'
2026-06-18 11:07:44,785 - INFO - Error processing CHZUSDT: 'BotSettings' object has no attribute 'rsi_oversold'
2026-06-18 11:07:44,797 - INFO - Error processing GRTUSDT: 'BotSettings' object has no attribute 'rsi_oversold'
2026-06-18 11:07:44,808 - INFO - Error processing HBARUSDT: 'BotSettings' object has no attribute 'rsi_oversold'
2026-06-18 11:07:44,820 - INFO - Error processing LTCUSDT: 'BotSettings' object has no attribute 'rsi_oversold'
2026-06-18 11:07:44,832 - INFO - Error processing DOGEUSDT: 'BotSettings' object has no attribute 'rsi_oversold'
2026-06-18 11:07:44,849 - INFO - Error processing BNBUSDT: 'BotSettings' object has no attribute 'rsi_oversold'
2026-06-18 11:07:44,871 - INFO - Error processing LINKUSDT: 'BotSettings' object has no attribute 'rsi_oversold'
2026-06-18 11:07:44,884 - INFO - Error processing ICPUSDT: 'BotSettings' object has no attribute 'rsi_oversold'
2026-06-18 11:07:44,896 - INFO - Error processing VETUSDT: 'BotSettings' object has no attribute 'rsi_oversold'
2026-06-18 11:07:44,908 - INFO - Error processing THETAUSDT: 'BotSettings' object has no attribute 'rsi_oversold'
2026-06-18 11:07:44,919 - INFO - Error processing AVAXUSDT: 'BotSettings' object has no attribute 'rsi_oversold'
2026-06-18 11:07:44,931 - INFO - Error processing DOTUSDT: 'BotSettings' object has no attribute 'rsi_oversold'
2026-06-18 11:07:44,948 - INFO - Error processing UNIUSDT: 'BotSettings' object has no attribute 'rsi_oversold'
2026-06-18 11:07:44,960 - INFO - Error processing XTZUSDT: 'BotSettings' object has no attribute 'rsi_oversold'
2026-06-18 11:08:02,054 - INFO - Error processing CHZUSDT: 'BotSettings' object has no attribute 'rsi_oversold'
2026-06-18 11:08:02,096 - INFO - Error processing ADAUSDT: 'BotSettings' object has no attribute 'rsi_oversold'
2026-06-18 11:08:02,107 - INFO - Error processing BNBUSDT: 'BotSettings' object has no attribute 'rsi_oversold'
2026-06-18 11:08:02,121 - INFO - Error processing AVAXUSDT: 'BotSettings' object has no attribute 'rsi_oversold'
2026-06-18 11:08:02,133 - INFO - Error processing SOLUSDT: 'BotSettings' object has no attribute 'rsi_oversold'
2026-06-18 11:08:02,146 - INFO - Error processing AAVEUSDT: 'BotSettings' object has no attribute 'rsi_oversold'
2026-06-18 11:08:02,158 - INFO - Error processing XRPUSDT: 'BotSettings' object has no attribute 'rsi_oversold'
2026-06-18 11:08:02,169 - INFO - Error processing HBARUSDT: 'BotSettings' object has no attribute 'rsi_oversold'
2026-06-18 11:08:02,188 - INFO - Error processing ENJUSDT: 'BotSettings' object has no attribute 'rsi_overbought'
2026-06-18 11:08:02,221 - INFO - Error processing DOTUSDT: 'BotSettings' object has no attribute 'rsi_oversold'
2026-06-18 11:08:02,233 - INFO - Error processing LINKUSDT: 'BotSettings' object has no attribute 'rsi_oversold'
2026-06-18 11:08:02,250 - INFO - Error processing GRTUSDT: 'BotSettings' object has no attribute 'rsi_oversold'
2026-06-18 11:08:02,260 - INFO - Error processing THETAUSDT: 'BotSettings' object has no attribute 'rsi_oversold'
2026-06-18 11:08:02,272 - INFO - Error processing XTZUSDT: 'BotSettings' object has no attribute 'rsi_oversold'
2026-06-18 11:08:02,283 - INFO - Error processing UNIUSDT: 'BotSettings' object has no attribute 'rsi_oversold'
2026-06-18 11:08:02,297 - INFO - Error processing DOGEUSDT: 'BotSettings' object has no attribute 'rsi_oversold'
2026-06-18 11:08:02,311 - INFO - Error processing FILUSDT: 'BotSettings' object has no attribute 'rsi_oversold'
2026-06-18 11:08:02,323 - INFO - Error processing ICPUSDT: 'BotSettings' object has no attribute 'rsi_oversold'
2026-06-18 11:08:02,443 - INFO - Error processing LTCUSDT: 'BotSettings' object has no attribute 'rsi_oversold'
2026-06-18 11:08:02,537 - INFO - Error processing VETUSDT: 'BotSettings' object has no attribute 'rsi_oversold'
2026-06-18 11:08:18,545 - INFO - Error processing CHZUSDT: 'BotSettings' object has no attribute 'rsi_oversold'
2026-06-18 11:08:18,572 - INFO - Error processing BNBUSDT: 'BotSettings' object has no attribute 'rsi_oversold'
2026-06-18 11:08:18,641 - INFO - Error processing XTZUSDT: 'BotSettings' object has no attribute 'rsi_oversold'
2026-06-18 11:08:18,656 - INFO - Error processing ICPUSDT: 'BotSettings' object has no attribute 'rsi_oversold'
2026-06-18 11:08:18,668 - INFO - Error processing THETAUSDT: 'BotSettings' object has no attribute 'rsi_oversold'
2026-06-18 11:08:18,688 - INFO - Error processing DOGEUSDT: 'BotSettings' object has no attribute 'rsi_oversold'
2026-06-18 11:08:18,697 - INFO - Error processing ENJUSDT: 'BotSettings' object has no attribute 'rsi_overbought'
2026-06-18 11:08:18,712 - INFO - Error processing SOLUSDT: 'BotSettings' object has no attribute 'rsi_oversold'
2026-06-18 11:08:18,724 - INFO - Error processing VETUSDT: 'BotSettings' object has no attribute 'rsi_oversold'
2026-06-18 11:08:18,736 - INFO - Error processing LTCUSDT: 'BotSettings' object has no attribute 'rsi_oversold'
2026-06-18 11:08:18,747 - INFO - Error processing DOTUSDT: 'BotSettings' object has no attribute 'rsi_oversold'
2026-06-18 11:08:18,763 - INFO - Error processing ADAUSDT: 'BotSettings' object has no attribute 'rsi_oversold'
2026-06-18 11:08:18,774 - INFO - Error processing AVAXUSDT: 'BotSettings' object has no attribute 'rsi_oversold'
2026-06-18 11:08:18,786 - INFO - Error processing FILUSDT: 'BotSettings' object has no attribute 'rsi_oversold'
2026-06-18 11:08:18,798 - INFO - Error processing AAVEUSDT: 'BotSettings' object has no attribute 'rsi_oversold'
2026-06-18 11:08:18,810 - INFO - Error processing XRPUSDT: 'BotSettings' object has no attribute 'rsi_oversold'
2026-06-18 11:08:18,821 - INFO - Error processing UNIUSDT: 'BotSettings' object has no attribute 'rsi_oversold'
2026-06-18 11:08:18,838 - INFO - Error processing LINKUSDT: 'BotSettings' object has no attribute 'rsi_oversold'
2026-06-18 11:08:18,850 - INFO - Error processing GRTUSDT: 'BotSettings' object has no attribute 'rsi_oversold'
2026-06-18 11:08:34,586 - INFO - Error processing ADAUSDT: 'BotSettings' object has no attribute 'rsi_oversold'
2026-06-18 11:08:34,606 - INFO - Error processing SOLUSDT: 'BotSettings' object has no attribute 'rsi_oversold'
2026-06-18 11:08:34,619 - INFO - Error processing XRPUSDT: 'BotSettings' object has no attribute 'rsi_oversold'
2026-06-18 11:08:34,631 - INFO - Error processing BNBUSDT: 'BotSettings' object has no attribute 'rsi_oversold'
2026-06-18 11:08:34,699 - INFO - Error processing FILUSDT: 'BotSettings' object has no attribute 'rsi_oversold'
2026-06-18 11:08:34,713 - INFO - Error processing VETUSDT: 'BotSettings' object has no attribute 'rsi_oversold'
2026-06-18 11:08:34,725 - INFO - Error processing ICPUSDT: 'BotSettings' object has no attribute 'rsi_oversold'
2026-06-18 11:08:34,736 - INFO - Error processing AVAXUSDT: 'BotSettings' object has no attribute 'rsi_oversold'
2026-06-18 11:08:34,755 - INFO - Error processing DOGEUSDT: 'BotSettings' object has no attribute 'rsi_oversold'
2026-06-18 11:08:34,772 - INFO - Error processing ENJUSDT: 'BotSettings' object has no attribute 'rsi_overbought'
2026-06-18 11:08:34,784 - INFO - Error processing DOTUSDT: 'BotSettings' object has no attribute 'rsi_oversold'
2026-06-18 11:08:34,800 - INFO - Error processing XTZUSDT: 'BotSettings' object has no attribute 'rsi_oversold'
2026-06-18 11:08:34,812 - INFO - Error processing THETAUSDT: 'BotSettings' object has no attribute 'rsi_oversold'
2026-06-18 11:08:34,823 - INFO - Error processing GRTUSDT: 'BotSettings' object has no attribute 'rsi_oversold'
2026-06-18 11:08:34,839 - INFO - Error processing LTCUSDT: 'BotSettings' object has no attribute 'rsi_oversold'
2026-06-18 11:08:34,864 - INFO - Error processing AAVEUSDT: 'BotSettings' object has no attribute 'rsi_oversold'
2026-06-18 11:08:34,876 - INFO - Error processing UNIUSDT: 'BotSettings' object has no attribute 'rsi_oversold'
2026-06-18 11:08:34,888 - INFO - Error processing LINKUSDT: 'BotSettings' object has no attribute 'rsi_oversold'
2026-06-18 11:08:34,899 - INFO - Error processing CHZUSDT: 'BotSettings' object has no attribute 'rsi_oversold'
2026-06-18 11:08:50,670 - INFO - Error processing ADAUSDT: 'BotSettings' object has no attribute 'rsi_oversold'
2026-06-18 11:08:50,682 - INFO - Error processing AAVEUSDT: 'BotSettings' object has no attribute 'rsi_oversold'
2026-06-18 11:08:50,694 - INFO - Error processing CHZUSDT: 'BotSettings' object has no attribute 'rsi_oversold'
2026-06-18 11:08:50,706 - INFO - Error processing XRPUSDT: 'BotSettings' object has no attribute 'rsi_oversold'
2026-06-18 11:08:50,718 - INFO - Error processing SOLUSDT: 'BotSettings' object has no attribute 'rsi_oversold'
2026-06-18 11:08:50,781 - INFO - Error processing ICPUSDT: 'BotSettings' object has no attribute 'rsi_oversold'
2026-06-18 11:08:50,793 - INFO - Error processing AVAXUSDT: 'BotSettings' object has no attribute 'rsi_oversold'
2026-06-18 11:08:50,805 - INFO - Error processing VETUSDT: 'BotSettings' object has no attribute 'rsi_oversold'
2026-06-18 11:08:50,825 - INFO - Error processing FILUSDT: 'BotSettings' object has no attribute 'rsi_oversold'
2026-06-18 11:08:50,837 - INFO - Error processing DOTUSDT: 'BotSettings' object has no attribute 'rsi_oversold'
2026-06-18 11:08:50,850 - INFO - Error processing LTCUSDT: 'BotSettings' object has no attribute 'rsi_oversold'
2026-06-18 11:08:50,871 - INFO - Error processing UNIUSDT: 'BotSettings' object has no attribute 'rsi_oversold'
2026-06-18 11:08:50,888 - INFO - Error processing GRTUSDT: 'BotSettings' object has no attribute 'rsi_oversold'
2026-06-18 11:08:50,899 - INFO - Error processing BNBUSDT: 'BotSettings' object has no attribute 'rsi_oversold'
2026-06-18 11:08:50,909 - INFO - Error processing ENJUSDT: 'BotSettings' object has no attribute 'rsi_overbought'
2026-06-18 11:08:50,921 - INFO - Error processing XTZUSDT: 'BotSettings' object has no attribute 'rsi_oversold'
2026-06-18 11:08:50,933 - INFO - Error processing LINKUSDT: 'BotSettings' object has no attribute 'rsi_oversold'
2026-06-18 11:08:50,944 - INFO - Error processing THETAUSDT: 'BotSettings' object has no attribute 'rsi_oversold'
2026-06-18 11:08:50,962 - INFO - Error processing DOGEUSDT: 'BotSettings' object has no attribute 'rsi_oversold'
2026-06-18 11:09:06,732 - INFO - Error processing ADAUSDT: 'BotSettings' object has no attribute 'rsi_oversold'
2026-06-18 11:09:06,788 - INFO - Error processing BNBUSDT: 'BotSettings' object has no attribute 'rsi_oversold'
2026-06-18 11:09:06,799 - INFO - Error processing SOLUSDT: 'BotSettings' object has no attribute 'rsi_oversold'
2026-06-18 11:09:06,814 - INFO - Error processing DOGEUSDT: 'BotSettings' object has no attribute 'rsi_oversold'
2026-06-18 11:09:06,831 - INFO - Error processing GRTUSDT: 'BotSettings' object has no attribute 'rsi_oversold'
2026-06-18 11:09:06,861 - INFO - Error processing AAVEUSDT: 'BotSettings' object has no attribute 'rsi_oversold'
2026-06-18 11:09:06,872 - INFO - Error processing CHZUSDT: 'BotSettings' object has no attribute 'rsi_oversold'
2026-06-18 11:09:06,884 - INFO - Error processing DOTUSDT: 'BotSettings' object has no attribute 'rsi_oversold'
2026-06-18 11:09:06,893 - INFO - Error processing ENJUSDT: 'BotSettings' object has no attribute 'rsi_overbought'
2026-06-18 11:09:06,909 - INFO - Error processing AVAXUSDT: 'BotSettings' object has no attribute 'rsi_oversold'
2026-06-18 11:09:06,921 - INFO - Error processing LINKUSDT: 'BotSettings' object has no attribute 'rsi_oversold'
2026-06-18 11:09:06,939 - INFO - Error processing XTZUSDT: 'BotSettings' object has no attribute 'rsi_oversold'
2026-06-18 11:09:06,951 - INFO - Error processing VETUSDT: 'BotSettings' object has no attribute 'rsi_oversold'
2026-06-18 11:09:06,963 - INFO - Error processing XRPUSDT: 'BotSettings' object has no attribute 'rsi_oversold'
2026-06-18 11:09:07,160 - INFO - Error processing ICPUSDT: 'BotSettings' object has no attribute 'rsi_oversold'
2026-06-18 11:09:07,172 - INFO - Error processing LTCUSDT: 'BotSettings' object has no attribute 'rsi_oversold'
2026-06-18 11:09:07,183 - INFO - Error processing THETAUSDT: 'BotSettings' object has no attribute 'rsi_oversold'
2026-06-18 11:09:07,196 - INFO - Error processing UNIUSDT: 'BotSettings' object has no attribute 'rsi_oversold'
2026-06-18 11:09:07,210 - INFO - Error processing FILUSDT: 'BotSettings' object has no attribute 'rsi_oversold'
2026-06-18 11:09:22,769 - INFO - Error processing AVAXUSDT: 'BotSettings' object has no attribute 'rsi_oversold'
2026-06-18 11:09:22,827 - INFO - Error processing DOGEUSDT: 'BotSettings' object has no attribute 'rsi_oversold'
2026-06-18 11:09:22,837 - INFO - Error processing ENJUSDT: 'BotSettings' object has no attribute 'rsi_overbought'
2026-06-18 11:09:22,854 - INFO - Error processing CHZUSDT: 'BotSettings' object has no attribute 'rsi_oversold'
2026-06-18 11:09:22,866 - INFO - Error processing ADAUSDT: 'BotSettings' object has no attribute 'rsi_oversold'
2026-06-18 11:09:22,877 - INFO - Error processing BNBUSDT: 'BotSettings' object has no attribute 'rsi_oversold'
2026-06-18 11:09:22,889 - INFO - Error processing XRPUSDT: 'BotSettings' object has no attribute 'rsi_oversold'
2026-06-18 11:09:22,911 - INFO - Error processing AAVEUSDT: 'BotSettings' object has no attribute 'rsi_oversold'
2026-06-18 11:09:22,924 - INFO - Error processing XTZUSDT: 'BotSettings' object has no attribute 'rsi_oversold'
2026-06-18 11:09:22,937 - INFO - Error processing ICPUSDT: 'BotSettings' object has no attribute 'rsi_oversold'
2026-06-18 11:09:22,949 - INFO - Error processing DOTUSDT: 'BotSettings' object has no attribute 'rsi_oversold'
2026-06-18 11:09:22,962 - INFO - Error processing VETUSDT: 'BotSettings' object has no attribute 'rsi_oversold'
2026-06-18 11:09:22,975 - INFO - Error processing LTCUSDT: 'BotSettings' object has no attribute 'rsi_oversold'
2026-06-18 11:09:22,987 - INFO - Error processing FILUSDT: 'BotSettings' object has no attribute 'rsi_oversold'
2026-06-18 11:09:22,998 - INFO - Error processing UNIUSDT: 'BotSettings' object has no attribute 'rsi_oversold'
2026-06-18 11:09:23,016 - INFO - Error processing GRTUSDT: 'BotSettings' object has no attribute 'rsi_oversold'
2026-06-18 11:09:23,027 - INFO - Error processing THETAUSDT: 'BotSettings' object has no attribute 'rsi_oversold'
2026-06-18 11:09:23,041 - INFO - Error processing LINKUSDT: 'BotSettings' object has no attribute 'rsi_oversold'
2026-06-18 11:09:23,055 - INFO - Error processing SOLUSDT: 'BotSettings' object has no attribute 'rsi_oversold'
2026-06-18 11:09:38,797 - INFO - Error processing XRPUSDT: 'BotSettings' object has no attribute 'rsi_oversold'
2026-06-18 11:09:38,818 - INFO - Error processing BNBUSDT: 'BotSettings' object has no attribute 'rsi_oversold'
2026-06-18 11:09:38,836 - INFO - Error processing ADAUSDT: 'BotSettings' object has no attribute 'rsi_oversold'
2026-06-18 11:09:38,850 - INFO - Error processing SOLUSDT: 'BotSettings' object has no attribute 'rsi_oversold'
2026-06-18 11:09:38,905 - INFO - Error processing GRTUSDT: 'BotSettings' object has no attribute 'rsi_oversold'
2026-06-18 11:09:38,917 - INFO - Error processing LINKUSDT: 'BotSettings' object has no attribute 'rsi_oversold'
2026-06-18 11:09:38,929 - INFO - Error processing DOGEUSDT: 'BotSettings' object has no attribute 'rsi_oversold'
2026-06-18 11:09:38,941 - INFO - Error processing AAVEUSDT: 'BotSettings' object has no attribute 'rsi_oversold'
2026-06-18 11:09:38,957 - INFO - Error processing CHZUSDT: 'BotSettings' object has no attribute 'rsi_oversold'
2026-06-18 11:09:38,970 - INFO - Error processing UNIUSDT: 'BotSettings' object has no attribute 'rsi_oversold'
2026-06-18 11:09:38,980 - INFO - Error processing ENJUSDT: 'BotSettings' object has no attribute 'rsi_overbought'
2026-06-18 11:09:38,991 - INFO - Error processing FILUSDT: 'BotSettings' object has no attribute 'rsi_oversold'
2026-06-18 11:09:39,013 - INFO - Error processing DOTUSDT: 'BotSettings' object has no attribute 'rsi_oversold'
2026-06-18 11:09:39,030 - INFO - Error processing ICPUSDT: 'BotSettings' object has no attribute 'rsi_oversold'
2026-06-18 11:09:39,056 - INFO - Error processing XTZUSDT: 'BotSettings' object has no attribute 'rsi_oversold'
2026-06-18 11:09:39,067 - INFO - Error processing AVAXUSDT: 'BotSettings' object has no attribute 'rsi_oversold'
2026-06-18 11:09:39,085 - INFO - Error processing LTCUSDT: 'BotSettings' object has no attribute 'rsi_oversold'
2026-06-18 11:09:39,096 - INFO - Error processing THETAUSDT: 'BotSettings' object has no attribute 'rsi_oversold'
2026-06-18 11:09:39,108 - INFO - Error processing VETUSDT: 'BotSettings' object has no attribute 'rsi_oversold'
2026-06-18 11:09:54,848 - INFO - Error processing CHZUSDT: 'BotSettings' object has no attribute 'rsi_oversold'
2026-06-18 11:09:54,867 - INFO - Error processing XRPUSDT: 'BotSettings' object has no attribute 'rsi_oversold'
2026-06-18 11:09:54,933 - INFO - Error processing UNIUSDT: 'BotSettings' object has no attribute 'rsi_oversold'
2026-06-18 11:09:54,951 - INFO - Error processing DOTUSDT: 'BotSettings' object has no attribute 'rsi_oversold'
2026-06-18 11:09:54,963 - INFO - Error processing VETUSDT: 'BotSettings' object has no attribute 'rsi_oversold'
2026-06-18 11:09:54,974 - INFO - Error processing BNBUSDT: 'BotSettings' object has no attribute 'rsi_oversold'
2026-06-18 11:09:54,995 - INFO - Error processing ADAUSDT: 'BotSettings' object has no attribute 'rsi_oversold'
2026-06-18 11:09:55,012 - INFO - Error processing AAVEUSDT: 'BotSettings' object has no attribute 'rsi_oversold'
2026-06-18 11:09:55,034 - INFO - Error processing FILUSDT: 'BotSettings' object has no attribute 'rsi_oversold'
2026-06-18 11:09:55,045 - INFO - Error processing THETAUSDT: 'BotSettings' object has no attribute 'rsi_oversold'
2026-06-18 11:09:55,062 - INFO - Error processing SOLUSDT: 'BotSettings' object has no attribute 'rsi_oversold'
2026-06-18 11:09:55,075 - INFO - Error processing DOGEUSDT: 'BotSettings' object has no attribute 'rsi_oversold'
2026-06-18 11:09:55,086 - INFO - Error processing XTZUSDT: 'BotSettings' object has no attribute 'rsi_oversold'
2026-06-18 11:09:55,098 - INFO - Error processing LINKUSDT: 'BotSettings' object has no attribute 'rsi_oversold'
2026-06-18 11:09:55,109 - INFO - Error processing AVAXUSDT: 'BotSettings' object has no attribute 'rsi_oversold'
2026-06-18 11:09:55,121 - INFO - Error processing ICPUSDT: 'BotSettings' object has no attribute 'rsi_oversold'
2026-06-18 11:09:55,288 - INFO - Error processing ENJUSDT: 'BotSettings' object has no attribute 'rsi_overbought'
2026-06-18 11:09:55,300 - INFO - Error processing LTCUSDT: 'BotSettings' object has no attribute 'rsi_oversold'
2026-06-18 11:09:55,313 - INFO - Error processing GRTUSDT: 'BotSettings' object has no attribute 'rsi_oversold'
2026-06-18 11:10:10,962 - INFO - Error processing LTCUSDT: 'BotSettings' object has no attribute 'rsi_oversold'
2026-06-18 11:10:10,972 - INFO - Error processing ENJUSDT: 'BotSettings' object has no attribute 'rsi_overbought'
2026-06-18 11:10:11,012 - INFO - Error processing XRPUSDT: 'BotSettings' object has no attribute 'rsi_oversold'
2026-06-18 11:10:11,040 - INFO - Error processing BNBUSDT: 'BotSettings' object has no attribute 'rsi_oversold'
2026-06-18 11:10:11,052 - INFO - Error processing ADAUSDT: 'BotSettings' object has no attribute 'rsi_oversold'
2026-06-18 11:10:11,065 - INFO - Error processing XTZUSDT: 'BotSettings' object has no attribute 'rsi_oversold'
2026-06-18 11:10:11,082 - INFO - Error processing SOLUSDT: 'BotSettings' object has no attribute 'rsi_oversold'
2026-06-18 11:10:11,092 - INFO - Error processing AVAXUSDT: 'BotSettings' object has no attribute 'rsi_oversold'
2026-06-18 11:10:11,103 - INFO - Error processing UNIUSDT: 'BotSettings' object has no attribute 'rsi_oversold'
2026-06-18 11:10:11,115 - INFO - Error processing DOGEUSDT: 'BotSettings' object has no attribute 'rsi_oversold'
2026-06-18 11:10:11,128 - INFO - Error processing AAVEUSDT: 'BotSettings' object has no attribute 'rsi_oversold'
2026-06-18 11:10:11,140 - INFO - Error processing DOTUSDT: 'BotSettings' object has no attribute 'rsi_oversold'
2026-06-18 11:10:11,368 - INFO - Error processing LINKUSDT: 'BotSettings' object has no attribute 'rsi_oversold'
2026-06-18 11:10:11,380 - INFO - Error processing FILUSDT: 'BotSettings' object has no attribute 'rsi_oversold'
2026-06-18 11:10:11,437 - INFO - Error processing CHZUSDT: 'BotSettings' object has no attribute 'rsi_oversold'
2026-06-18 11:10:11,474 - INFO - Error processing GRTUSDT: 'BotSettings' object has no attribute 'rsi_oversold'
2026-06-18 11:10:11,486 - INFO - Error processing ICPUSDT: 'BotSettings' object has no attribute 'rsi_oversold'
2026-06-18 11:10:11,496 - INFO - Error processing THETAUSDT: 'BotSettings' object has no attribute 'rsi_oversold'
2026-06-18 11:10:11,510 - INFO - Error processing VETUSDT: 'BotSettings' object has no attribute 'rsi_oversold'
2026-06-18 11:10:27,120 - INFO - Error processing SOLUSDT: 'BotSettings' object has no attribute 'rsi_oversold'
2026-06-18 11:10:27,132 - INFO - Error processing ADAUSDT: 'BotSettings' object has no attribute 'rsi_oversold'
2026-06-18 11:10:27,201 - INFO - Error processing XRPUSDT: 'BotSettings' object has no attribute 'rsi_oversold'
2026-06-18 11:10:27,222 - INFO - Error processing DOTUSDT: 'BotSettings' object has no attribute 'rsi_oversold'
2026-06-18 11:10:27,233 - INFO - Error processing BNBUSDT: 'BotSettings' object has no attribute 'rsi_oversold'
2026-06-18 11:10:27,243 - INFO - Error processing ENJUSDT: 'BotSettings' object has no attribute 'rsi_overbought'
2026-06-18 11:10:27,257 - INFO - Error processing CHZUSDT: 'BotSettings' object has no attribute 'rsi_oversold'
2026-06-18 11:10:27,271 - INFO - Error processing GRTUSDT: 'BotSettings' object has no attribute 'rsi_oversold'
2026-06-18 11:10:27,283 - INFO - Error processing AVAXUSDT: 'BotSettings' object has no attribute 'rsi_oversold'
2026-06-18 11:10:27,310 - INFO - Error processing DOGEUSDT: 'BotSettings' object has no attribute 'rsi_oversold'
2026-06-18 11:10:27,346 - INFO - Error processing VETUSDT: 'BotSettings' object has no attribute 'rsi_oversold'
2026-06-18 11:10:27,358 - INFO - Error processing LINKUSDT: 'BotSettings' object has no attribute 'rsi_oversold'
2026-06-18 11:10:27,371 - INFO - Error processing FILUSDT: 'BotSettings' object has no attribute 'rsi_oversold'
2026-06-18 11:10:27,384 - INFO - Error processing AAVEUSDT: 'BotSettings' object has no attribute 'rsi_oversold'
2026-06-18 11:10:27,394 - INFO - Error processing THETAUSDT: 'BotSettings' object has no attribute 'rsi_oversold'
2026-06-18 11:10:27,406 - INFO - Error processing UNIUSDT: 'BotSettings' object has no attribute 'rsi_oversold'
2026-06-18 11:10:27,418 - INFO - Error processing ICPUSDT: 'BotSettings' object has no attribute 'rsi_oversold'
2026-06-18 11:10:27,430 - INFO - Error processing XTZUSDT: 'BotSettings' object has no attribute 'rsi_oversold'
2026-06-18 11:10:27,550 - INFO - Error processing LTCUSDT: 'BotSettings' object has no attribute 'rsi_oversold'
2026-06-18 11:10:43,181 - INFO - Error processing ADAUSDT: 'BotSettings' object has no attribute 'rsi_oversold'
2026-06-18 11:10:43,209 - INFO - Error processing BNBUSDT: 'BotSettings' object has no attribute 'rsi_oversold'
2026-06-18 11:10:43,229 - INFO - Error processing CHZUSDT: 'BotSettings' object has no attribute 'rsi_oversold'
2026-06-18 11:10:43,275 - INFO - Error processing LTCUSDT: 'BotSettings' object has no attribute 'rsi_oversold'
2026-06-18 11:10:43,285 - INFO - Error processing ENJUSDT: 'BotSettings' object has no attribute 'rsi_overbought'
2026-06-18 11:10:43,309 - INFO - Error processing VETUSDT: 'BotSettings' object has no attribute 'rsi_oversold'
2026-06-18 11:10:43,322 - INFO - Error processing ICPUSDT: 'BotSettings' object has no attribute 'rsi_oversold'
2026-06-18 11:10:43,334 - INFO - Error processing LINKUSDT: 'BotSettings' object has no attribute 'rsi_oversold'
2026-06-18 11:10:43,346 - INFO - Error processing SOLUSDT: 'BotSettings' object has no attribute 'rsi_oversold'
2026-06-18 11:10:43,357 - INFO - Error processing FILUSDT: 'BotSettings' object has no attribute 'rsi_oversold'
2026-06-18 11:10:43,369 - INFO - Error processing XTZUSDT: 'BotSettings' object has no attribute 'rsi_oversold'
2026-06-18 11:10:43,392 - INFO - Error processing AAVEUSDT: 'BotSettings' object has no attribute 'rsi_oversold'
2026-06-18 11:10:43,403 - INFO - Error processing DOGEUSDT: 'BotSettings' object has no attribute 'rsi_oversold'
2026-06-18 11:10:43,421 - INFO - Error processing AVAXUSDT: 'BotSettings' object has no attribute 'rsi_oversold'
2026-06-18 11:10:43,433 - INFO - Error processing XRPUSDT: 'BotSettings' object has no attribute 'rsi_oversold'
2026-06-18 11:10:43,445 - INFO - Error processing UNIUSDT: 'BotSettings' object has no attribute 'rsi_oversold'
2026-06-18 11:10:43,455 - INFO - Error processing THETAUSDT: 'BotSettings' object has no attribute 'rsi_oversold'
2026-06-18 11:10:43,603 - INFO - Error processing GRTUSDT: 'BotSettings' object has no attribute 'rsi_oversold'
2026-06-18 11:10:43,615 - INFO - Error processing DOTUSDT: 'BotSettings' object has no attribute 'rsi_oversold'
2026-06-18 11:10:59,188 - INFO - Error processing BNBUSDT: 'BotSettings' object has no attribute 'rsi_oversold'
2026-06-18 11:10:59,207 - INFO - Error processing AAVEUSDT: 'BotSettings' object has no attribute 'rsi_oversold'
2026-06-18 11:10:59,218 - INFO - Error processing DOGEUSDT: 'BotSettings' object has no attribute 'rsi_oversold'
2026-06-18 11:10:59,230 - INFO - Error processing ADAUSDT: 'BotSettings' object has no attribute 'rsi_oversold'
2026-06-18 11:10:59,293 - INFO - Error processing XRPUSDT: 'BotSettings' object has no attribute 'rsi_oversold'
2026-06-18 11:10:59,316 - INFO - Error processing CHZUSDT: 'BotSettings' object has no attribute 'rsi_oversold'
2026-06-18 11:10:59,333 - INFO - Error processing DOTUSDT: 'BotSettings' object has no attribute 'rsi_oversold'
2026-06-18 11:10:59,345 - INFO - Error processing LTCUSDT: 'BotSettings' object has no attribute 'rsi_oversold'
2026-06-18 11:10:59,354 - INFO - Error processing ENJUSDT: 'BotSettings' object has no attribute 'rsi_overbought'
2026-06-18 11:10:59,366 - INFO - Error processing LINKUSDT: 'BotSettings' object has no attribute 'rsi_oversold'
2026-06-18 11:10:59,379 - INFO - Error processing XTZUSDT: 'BotSettings' object has no attribute 'rsi_oversold'
2026-06-18 11:10:59,391 - INFO - Error processing GRTUSDT: 'BotSettings' object has no attribute 'rsi_oversold'
2026-06-18 11:10:59,401 - INFO - Error processing THETAUSDT: 'BotSettings' object has no attribute 'rsi_oversold'
2026-06-18 11:10:59,414 - INFO - Error processing ICPUSDT: 'BotSettings' object has no attribute 'rsi_oversold'
2026-06-18 11:10:59,425 - INFO - Error processing FILUSDT: 'BotSettings' object has no attribute 'rsi_oversold'
2026-06-18 11:10:59,437 - INFO - Error processing SOLUSDT: 'BotSettings' object has no attribute 'rsi_oversold'
2026-06-18 11:10:59,448 - INFO - Error processing AVAXUSDT: 'BotSettings' object has no attribute 'rsi_oversold'
2026-06-18 11:10:59,622 - INFO - Error processing VETUSDT: 'BotSettings' object has no attribute 'rsi_oversold'
2026-06-18 11:10:59,636 - INFO - Error processing UNIUSDT: 'BotSettings' object has no attribute 'rsi_oversold'
2026-06-18 11:11:15,301 - INFO - Error processing CHZUSDT: 'BotSettings' object has no attribute 'rsi_oversold'
2026-06-18 11:11:15,321 - INFO - Error processing ENJUSDT: 'BotSettings' object has no attribute 'rsi_overbought'
2026-06-18 11:11:15,333 - INFO - Error processing SOLUSDT: 'BotSettings' object has no attribute 'rsi_oversold'
2026-06-18 11:11:15,345 - INFO - Error processing XRPUSDT: 'BotSettings' object has no attribute 'rsi_oversold'
2026-06-18 11:11:15,356 - INFO - Error processing ADAUSDT: 'BotSettings' object has no attribute 'rsi_oversold'
2026-06-18 11:11:15,415 - INFO - Error processing DOGEUSDT: 'BotSettings' object has no attribute 'rsi_oversold'
2026-06-18 11:11:15,453 - INFO - Error processing VETUSDT: 'BotSettings' object has no attribute 'rsi_oversold'
2026-06-18 11:11:15,465 - INFO - Error processing FILUSDT: 'BotSettings' object has no attribute 'rsi_oversold'
2026-06-18 11:11:15,493 - INFO - Error processing ICPUSDT: 'BotSettings' object has no attribute 'rsi_oversold'
2026-06-18 11:11:15,505 - INFO - Error processing GRTUSDT: 'BotSettings' object has no attribute 'rsi_oversold'
2026-06-18 11:11:15,516 - INFO - Error processing AVAXUSDT: 'BotSettings' object has no attribute 'rsi_oversold'
2026-06-18 11:11:15,528 - INFO - Error processing XTZUSDT: 'BotSettings' object has no attribute 'rsi_oversold'
2026-06-18 11:11:15,539 - INFO - Error processing LINKUSDT: 'BotSettings' object has no attribute 'rsi_oversold'
2026-06-18 11:11:15,552 - INFO - Error processing UNIUSDT: 'BotSettings' object has no attribute 'rsi_oversold'
2026-06-18 11:11:15,563 - INFO - Error processing BNBUSDT: 'BotSettings' object has no attribute 'rsi_oversold'
2026-06-18 11:11:15,576 - INFO - Error processing LTCUSDT: 'BotSettings' object has no attribute 'rsi_oversold'
2026-06-18 11:11:15,592 - INFO - Error processing DOTUSDT: 'BotSettings' object has no attribute 'rsi_oversold'
2026-06-18 11:11:15,602 - INFO - Error processing THETAUSDT: 'BotSettings' object has no attribute 'rsi_oversold'
2026-06-18 11:11:15,615 - INFO - Error processing AAVEUSDT: 'BotSettings' object has no attribute 'rsi_oversold'
2026-06-18 11:11:31,364 - INFO - Error processing XRPUSDT: 'BotSettings' object has no attribute 'rsi_oversold'
2026-06-18 11:11:31,387 - INFO - Error processing SOLUSDT: 'BotSettings' object has no attribute 'rsi_oversold'
2026-06-18 11:11:31,404 - INFO - Error processing AAVEUSDT: 'BotSettings' object has no attribute 'rsi_oversold'
2026-06-18 11:11:31,420 - INFO - Error processing ENJUSDT: 'BotSettings' object has no attribute 'rsi_overbought'
2026-06-18 11:11:31,478 - INFO - Error processing UNIUSDT: 'BotSettings' object has no attribute 'rsi_oversold'
2026-06-18 11:11:31,489 - INFO - Error processing CHZUSDT: 'BotSettings' object has no attribute 'rsi_oversold'
2026-06-18 11:11:31,514 - INFO - Error processing LINKUSDT: 'BotSettings' object has no attribute 'rsi_oversold'
2026-06-18 11:11:31,526 - INFO - Error processing GRTUSDT: 'BotSettings' object has no attribute 'rsi_oversold'
2026-06-18 11:11:31,538 - INFO - Error processing XTZUSDT: 'BotSettings' object has no attribute 'rsi_oversold'
2026-06-18 11:11:31,556 - INFO - Error processing FILUSDT: 'BotSettings' object has no attribute 'rsi_oversold'
2026-06-18 11:11:31,568 - INFO - Error processing VETUSDT: 'BotSettings' object has no attribute 'rsi_oversold'
2026-06-18 11:11:31,580 - INFO - Error processing THETAUSDT: 'BotSettings' object has no attribute 'rsi_oversold'
2026-06-18 11:11:31,594 - INFO - Error processing ICPUSDT: 'BotSettings' object has no attribute 'rsi_oversold'
2026-06-18 11:11:31,607 - INFO - Error processing LTCUSDT: 'BotSettings' object has no attribute 'rsi_oversold'
2026-06-18 11:11:31,621 - INFO - Error processing DOGEUSDT: 'BotSettings' object has no attribute 'rsi_oversold'
2026-06-18 11:11:31,631 - INFO - Error processing AVAXUSDT: 'BotSettings' object has no attribute 'rsi_oversold'
2026-06-18 11:11:31,643 - INFO - Error processing BNBUSDT: 'BotSettings' object has no attribute 'rsi_oversold'
2026-06-18 11:11:31,655 - INFO - Error processing DOTUSDT: 'BotSettings' object has no attribute 'rsi_oversold'
2026-06-18 11:11:31,683 - INFO - Error processing ADAUSDT: 'BotSettings' object has no attribute 'rsi_oversold'
2026-06-18 11:11:47,450 - INFO - Error processing ENJUSDT: 'BotSettings' object has no attribute 'rsi_overbought'
2026-06-18 11:11:47,478 - INFO - Error processing ADAUSDT: 'BotSettings' object has no attribute 'rsi_oversold'
2026-06-18 11:11:47,488 - INFO - Error processing CHZUSDT: 'BotSettings' object has no attribute 'rsi_oversold'
2026-06-18 11:11:47,544 - INFO - Error processing SOLUSDT: 'BotSettings' object has no attribute 'rsi_oversold'
2026-06-18 11:11:47,557 - INFO - Error processing AAVEUSDT: 'BotSettings' object has no attribute 'rsi_oversold'
2026-06-18 11:11:47,569 - INFO - Error processing XTZUSDT: 'BotSettings' object has no attribute 'rsi_oversold'
2026-06-18 11:11:47,580 - INFO - Error processing THETAUSDT: 'BotSettings' object has no attribute 'rsi_oversold'
2026-06-18 11:11:47,592 - INFO - Error processing LTCUSDT: 'BotSettings' object has no attribute 'rsi_oversold'
2026-06-18 11:11:47,603 - INFO - Error processing GRTUSDT: 'BotSettings' object has no attribute 'rsi_oversold'
2026-06-18 11:11:47,616 - INFO - Error processing XRPUSDT: 'BotSettings' object has no attribute 'rsi_oversold'
2026-06-18 11:11:47,627 - INFO - Error processing UNIUSDT: 'BotSettings' object has no attribute 'rsi_oversold'
2026-06-18 11:11:47,643 - INFO - Error processing AVAXUSDT: 'BotSettings' object has no attribute 'rsi_oversold'
2026-06-18 11:11:47,654 - INFO - Error processing BNBUSDT: 'BotSettings' object has no attribute 'rsi_oversold'
2026-06-18 11:11:47,665 - INFO - Error processing LINKUSDT: 'BotSettings' object has no attribute 'rsi_oversold'
2026-06-18 11:11:47,677 - INFO - Error processing FILUSDT: 'BotSettings' object has no attribute 'rsi_oversold'
2026-06-18 11:11:47,869 - INFO - Error processing ICPUSDT: 'BotSettings' object has no attribute 'rsi_oversold'
2026-06-18 11:11:47,882 - INFO - Error processing DOGEUSDT: 'BotSettings' object has no attribute 'rsi_oversold'
2026-06-18 11:11:47,894 - INFO - Error processing DOTUSDT: 'BotSettings' object has no attribute 'rsi_oversold'
2026-06-18 11:11:47,917 - INFO - Error processing VETUSDT: 'BotSettings' object has no attribute 'rsi_oversold'
2026-06-18 11:12:03,631 - INFO - Error processing ADAUSDT: 'BotSettings' object has no attribute 'rsi_oversold'
2026-06-18 11:12:03,655 - INFO - Error processing XRPUSDT: 'BotSettings' object has no attribute 'rsi_oversold'
2026-06-18 11:12:03,737 - INFO - Error processing ENJUSDT: 'BotSettings' object has no attribute 'rsi_overbought'
2026-06-18 11:12:03,749 - INFO - Error processing AAVEUSDT: 'BotSettings' object has no attribute 'rsi_oversold'
2026-06-18 11:12:03,760 - INFO - Error processing ICPUSDT: 'BotSettings' object has no attribute 'rsi_oversold'
2026-06-18 11:12:03,773 - INFO - Error processing LINKUSDT: 'BotSettings' object has no attribute 'rsi_oversold'
2026-06-18 11:12:03,790 - INFO - Error processing CHZUSDT: 'BotSettings' object has no attribute 'rsi_oversold'
2026-06-18 11:12:03,803 - INFO - Error processing DOTUSDT: 'BotSettings' object has no attribute 'rsi_oversold'
2026-06-18 11:12:03,815 - INFO - Error processing GRTUSDT: 'BotSettings' object has no attribute 'rsi_oversold'
2026-06-18 11:12:03,835 - INFO - Error processing SOLUSDT: 'BotSettings' object has no attribute 'rsi_oversold'
2026-06-18 11:12:03,846 - INFO - Error processing BNBUSDT: 'BotSettings' object has no attribute 'rsi_oversold'
2026-06-18 11:12:03,858 - INFO - Error processing DOGEUSDT: 'BotSettings' object has no attribute 'rsi_oversold'
2026-06-18 11:12:03,869 - INFO - Error processing VETUSDT: 'BotSettings' object has no attribute 'rsi_oversold'
2026-06-18 11:12:03,881 - INFO - Error processing UNIUSDT: 'BotSettings' object has no attribute 'rsi_oversold'
2026-06-18 11:12:03,892 - INFO - Error processing THETAUSDT: 'BotSettings' object has no attribute 'rsi_oversold'
2026-06-18 11:12:03,902 - INFO - Error processing AVAXUSDT: 'BotSettings' object has no attribute 'rsi_oversold'
2026-06-18 11:12:03,919 - INFO - Error processing FILUSDT: 'BotSettings' object has no attribute 'rsi_oversold'
2026-06-18 11:12:03,931 - INFO - Error processing XTZUSDT: 'BotSettings' object has no attribute 'rsi_oversold'
2026-06-18 11:12:03,943 - INFO - Error processing LTCUSDT: 'BotSettings' object has no attribute 'rsi_oversold'
2026-06-18 11:12:19,762 - INFO - Error processing SOLUSDT: 'BotSettings' object has no attribute 'rsi_oversold'
2026-06-18 11:12:19,777 - INFO - Error processing XRPUSDT: 'BotSettings' object has no attribute 'rsi_oversold'
2026-06-18 11:12:19,844 - INFO - Error processing LINKUSDT: 'BotSettings' object has no attribute 'rsi_oversold'
2026-06-18 11:12:19,862 - INFO - Error processing DOTUSDT: 'BotSettings' object has no attribute 'rsi_oversold'
2026-06-18 11:12:19,879 - INFO - Error processing ICPUSDT: 'BotSettings' object has no attribute 'rsi_oversold'
2026-06-18 11:12:19,893 - INFO - Error processing AAVEUSDT: 'BotSettings' object has no attribute 'rsi_oversold'
2026-06-18 11:12:19,912 - INFO - Error processing LTCUSDT: 'BotSettings' object has no attribute 'rsi_oversold'
2026-06-18 11:12:19,923 - INFO - Error processing CHZUSDT: 'BotSettings' object has no attribute 'rsi_oversold'
2026-06-18 11:12:19,935 - INFO - Error processing BNBUSDT: 'BotSettings' object has no attribute 'rsi_oversold'
2026-06-18 11:12:19,945 - INFO - Error processing ENJUSDT: 'BotSettings' object has no attribute 'rsi_overbought'
2026-06-18 11:12:19,968 - INFO - Error processing AVAXUSDT: 'BotSettings' object has no attribute 'rsi_oversold'
2026-06-18 11:12:19,979 - INFO - Error processing ADAUSDT: 'BotSettings' object has no attribute 'rsi_oversold'
2026-06-18 11:12:19,992 - INFO - Error processing DOGEUSDT: 'BotSettings' object has no attribute 'rsi_oversold'
2026-06-18 11:12:20,005 - INFO - Error processing FILUSDT: 'BotSettings' object has no attribute 'rsi_oversold'
2026-06-18 11:12:20,016 - INFO - Error processing UNIUSDT: 'BotSettings' object has no attribute 'rsi_oversold'
2026-06-18 11:12:20,028 - INFO - Error processing XTZUSDT: 'BotSettings' object has no attribute 'rsi_oversold'
2026-06-18 11:12:20,040 - INFO - Error processing VETUSDT: 'BotSettings' object has no attribute 'rsi_oversold'
2026-06-18 11:12:20,050 - INFO - Error processing THETAUSDT: 'BotSettings' object has no attribute 'rsi_oversold'
2026-06-18 11:12:20,062 - INFO - Error processing GRTUSDT: 'BotSettings' object has no attribute 'rsi_oversold'
2026-06-18 11:12:35,813 - INFO - Error processing CHZUSDT: 'BotSettings' object has no attribute 'rsi_oversold'
2026-06-18 11:12:35,850 - INFO - Error processing BNBUSDT: 'BotSettings' object has no attribute 'rsi_oversold'
2026-06-18 11:12:35,864 - INFO - Error processing XRPUSDT: 'BotSettings' object has no attribute 'rsi_oversold'
2026-06-18 11:12:35,875 - INFO - Error processing ENJUSDT: 'BotSettings' object has no attribute 'rsi_overbought'
2026-06-18 11:12:35,934 - INFO - Error processing XTZUSDT: 'BotSettings' object has no attribute 'rsi_oversold'
2026-06-18 11:12:35,948 - INFO - Error processing DOGEUSDT: 'BotSettings' object has no attribute 'rsi_oversold'
2026-06-18 11:12:35,972 - INFO - Error processing DOTUSDT: 'BotSettings' object has no attribute 'rsi_oversold'
2026-06-18 11:12:35,984 - INFO - Error processing VETUSDT: 'BotSettings' object has no attribute 'rsi_oversold'
2026-06-18 11:12:35,997 - INFO - Error processing AAVEUSDT: 'BotSettings' object has no attribute 'rsi_oversold'
2026-06-18 11:12:36,008 - INFO - Error processing THETAUSDT: 'BotSettings' object has no attribute 'rsi_oversold'
2026-06-18 11:12:36,034 - INFO - Error processing ICPUSDT: 'BotSettings' object has no attribute 'rsi_oversold'
2026-06-18 11:12:36,047 - INFO - Error processing GRTUSDT: 'BotSettings' object has no attribute 'rsi_oversold'
2026-06-18 11:12:36,060 - INFO - Error processing ADAUSDT: 'BotSettings' object has no attribute 'rsi_oversold'
2026-06-18 11:12:36,084 - INFO - Error processing UNIUSDT: 'BotSettings' object has no attribute 'rsi_oversold'
2026-06-18 11:12:36,097 - INFO - Error processing FILUSDT: 'BotSettings' object has no attribute 'rsi_oversold'
2026-06-18 11:12:36,259 - INFO - Error processing AVAXUSDT: 'BotSettings' object has no attribute 'rsi_oversold'
2026-06-18 11:12:36,272 - INFO - Error processing LTCUSDT: 'BotSettings' object has no attribute 'rsi_oversold'
2026-06-18 11:12:36,286 - INFO - Error processing SOLUSDT: 'BotSettings' object has no attribute 'rsi_oversold'
2026-06-18 11:12:36,301 - INFO - Error processing LINKUSDT: 'BotSettings' object has no attribute 'rsi_oversold'
2026-06-18 11:12:51,837 - INFO - Error processing ENJUSDT: 'BotSettings' object has no attribute 'rsi_overbought'
2026-06-18 11:12:51,848 - INFO - Error processing CHZUSDT: 'BotSettings' object has no attribute 'rsi_oversold'
2026-06-18 11:12:51,863 - INFO - Error processing SOLUSDT: 'BotSettings' object has no attribute 'rsi_oversold'
2026-06-18 11:12:51,924 - INFO - Error processing ADAUSDT: 'BotSettings' object has no attribute 'rsi_oversold'
2026-06-18 11:12:51,954 - INFO - Error processing AVAXUSDT: 'BotSettings' object has no attribute 'rsi_oversold'
2026-06-18 11:12:51,967 - INFO - Error processing DOGEUSDT: 'BotSettings' object has no attribute 'rsi_oversold'
2026-06-18 11:12:51,982 - INFO - Error processing BNBUSDT: 'BotSettings' object has no attribute 'rsi_oversold'
2026-06-18 11:12:51,994 - INFO - Error processing DOTUSDT: 'BotSettings' object has no attribute 'rsi_oversold'
2026-06-18 11:12:52,023 - INFO - Error processing AAVEUSDT: 'BotSettings' object has no attribute 'rsi_oversold'
2026-06-18 11:12:52,035 - INFO - Error processing THETAUSDT: 'BotSettings' object has no attribute 'rsi_oversold'
2026-06-18 11:12:52,047 - INFO - Error processing ICPUSDT: 'BotSettings' object has no attribute 'rsi_oversold'
2026-06-18 11:12:52,060 - INFO - Error processing XRPUSDT: 'BotSettings' object has no attribute 'rsi_oversold'
2026-06-18 11:12:52,072 - INFO - Error processing LTCUSDT: 'BotSettings' object has no attribute 'rsi_oversold'
2026-06-18 11:12:52,083 - INFO - Error processing FILUSDT: 'BotSettings' object has no attribute 'rsi_oversold'
2026-06-18 11:12:52,095 - INFO - Error processing XTZUSDT: 'BotSettings' object has no attribute 'rsi_oversold'
2026-06-18 11:12:52,107 - INFO - Error processing LINKUSDT: 'BotSettings' object has no attribute 'rsi_oversold'
2026-06-18 11:12:52,119 - INFO - Error processing VETUSDT: 'BotSettings' object has no attribute 'rsi_oversold'
2026-06-18 11:12:52,130 - INFO - Error processing UNIUSDT: 'BotSettings' object has no attribute 'rsi_oversold'
2026-06-18 11:12:52,275 - INFO - Error processing GRTUSDT: 'BotSettings' object has no attribute 'rsi_oversold'
2026-06-18 11:13:07,880 - INFO - Error processing XRPUSDT: 'BotSettings' object has no attribute 'rsi_oversold'
2026-06-18 11:13:07,951 - INFO - Error processing ADAUSDT: 'BotSettings' object has no attribute 'rsi_oversold'
2026-06-18 11:13:07,974 - INFO - Error processing ENJUSDT: 'BotSettings' object has no attribute 'rsi_overbought'
2026-06-18 11:13:07,986 - INFO - Error processing BNBUSDT: 'BotSettings' object has no attribute 'rsi_oversold'
2026-06-18 11:13:07,997 - INFO - Error processing SOLUSDT: 'BotSettings' object has no attribute 'rsi_oversold'
2026-06-18 11:13:08,009 - INFO - Error processing DOTUSDT: 'BotSettings' object has no attribute 'rsi_oversold'
2026-06-18 11:13:08,022 - INFO - Error processing AAVEUSDT: 'BotSettings' object has no attribute 'rsi_oversold'
2026-06-18 11:13:08,034 - INFO - Error processing ICPUSDT: 'BotSettings' object has no attribute 'rsi_oversold'
2026-06-18 11:13:08,046 - INFO - Error processing THETAUSDT: 'BotSettings' object has no attribute 'rsi_oversold'
2026-06-18 11:13:08,057 - INFO - Error processing CHZUSDT: 'BotSettings' object has no attribute 'rsi_oversold'
2026-06-18 11:13:08,068 - INFO - Error processing FILUSDT: 'BotSettings' object has no attribute 'rsi_oversold'
2026-06-18 11:13:08,082 - INFO - Error processing VETUSDT: 'BotSettings' object has no attribute 'rsi_oversold'
2026-06-18 11:13:08,098 - INFO - Error processing XTZUSDT: 'BotSettings' object has no attribute 'rsi_oversold'
2026-06-18 11:13:08,110 - INFO - Error processing UNIUSDT: 'BotSettings' object has no attribute 'rsi_oversold'
2026-06-18 11:13:08,128 - INFO - Error processing LINKUSDT: 'BotSettings' object has no attribute 'rsi_oversold'
2026-06-18 11:13:08,139 - INFO - Error processing AVAXUSDT: 'BotSettings' object has no attribute 'rsi_oversold'
2026-06-18 11:13:08,151 - INFO - Error processing LTCUSDT: 'BotSettings' object has no attribute 'rsi_oversold'
2026-06-18 11:13:08,171 - INFO - Error processing DOGEUSDT: 'BotSettings' object has no attribute 'rsi_oversold'
2026-06-18 11:13:08,182 - INFO - Error processing GRTUSDT: 'BotSettings' object has no attribute 'rsi_oversold'
2026-06-18 11:13:24,436 - INFO - Error processing XRPUSDT: 'BotSettings' object has no attribute 'rsi_oversold'
2026-06-18 11:13:24,447 - INFO - Error processing CHZUSDT: 'BotSettings' object has no attribute 'rsi_oversold'
2026-06-18 11:13:24,462 - INFO - Error processing SOLUSDT: 'BotSettings' object has no attribute 'rsi_oversold'
2026-06-18 11:13:24,541 - INFO - Error processing DOGEUSDT: 'BotSettings' object has no attribute 'rsi_oversold'
2026-06-18 11:13:24,553 - INFO - Error processing LTCUSDT: 'BotSettings' object has no attribute 'rsi_oversold'
2026-06-18 11:13:24,567 - INFO - Error processing ENJUSDT: 'BotSettings' object has no attribute 'rsi_overbought'
2026-06-18 11:13:24,579 - INFO - Error processing VETUSDT: 'BotSettings' object has no attribute 'rsi_oversold'
2026-06-18 11:13:24,591 - INFO - Error processing FILUSDT: 'BotSettings' object has no attribute 'rsi_oversold'
2026-06-18 11:13:24,602 - INFO - Error processing ADAUSDT: 'BotSettings' object has no attribute 'rsi_oversold'
2026-06-18 11:13:24,613 - INFO - Error processing AVAXUSDT: 'BotSettings' object has no attribute 'rsi_oversold'
2026-06-18 11:13:24,628 - INFO - Error processing XTZUSDT: 'BotSettings' object has no attribute 'rsi_oversold'
2026-06-18 11:13:24,648 - INFO - Error processing UNIUSDT: 'BotSettings' object has no attribute 'rsi_oversold'
2026-06-18 11:13:24,659 - INFO - Error processing LINKUSDT: 'BotSettings' object has no attribute 'rsi_oversold'
2026-06-18 11:13:24,671 - INFO - Error processing ICPUSDT: 'BotSettings' object has no attribute 'rsi_oversold'
2026-06-18 11:13:24,683 - INFO - Error processing THETAUSDT: 'BotSettings' object has no attribute 'rsi_oversold'
2026-06-18 11:13:24,699 - INFO - Error processing BNBUSDT: 'BotSettings' object has no attribute 'rsi_oversold'
2026-06-18 11:13:24,869 - INFO - Error processing AAVEUSDT: 'BotSettings' object has no attribute 'rsi_oversold'
2026-06-18 11:13:24,890 - INFO - Error processing DOTUSDT: 'BotSettings' object has no attribute 'rsi_oversold'
2026-06-18 11:13:24,902 - INFO - Error processing GRTUSDT: 'BotSettings' object has no attribute 'rsi_oversold'
2026-06-18 11:13:40,636 - INFO - Error processing BNBUSDT: 'BotSettings' object has no attribute 'rsi_oversold'
2026-06-18 11:13:40,674 - INFO - Error processing ENJUSDT: 'BotSettings' object has no attribute 'rsi_overbought'
2026-06-18 11:13:40,693 - INFO - Error processing AAVEUSDT: 'BotSettings' object has no attribute 'rsi_oversold'
2026-06-18 11:13:40,742 - INFO - Error processing CHZUSDT: 'BotSettings' object has no attribute 'rsi_oversold'
2026-06-18 11:13:40,754 - INFO - Error processing DOGEUSDT: 'BotSettings' object has no attribute 'rsi_oversold'
2026-06-18 11:13:40,770 - INFO - Error processing XTZUSDT: 'BotSettings' object has no attribute 'rsi_oversold'
2026-06-18 11:13:40,781 - INFO - Error processing THETAUSDT: 'BotSettings' object has no attribute 'rsi_oversold'
2026-06-18 11:13:40,793 - INFO - Error processing SOLUSDT: 'BotSettings' object has no attribute 'rsi_oversold'
2026-06-18 11:13:40,805 - INFO - Error processing XRPUSDT: 'BotSettings' object has no attribute 'rsi_oversold'
2026-06-18 11:13:40,816 - INFO - Error processing ADAUSDT: 'BotSettings' object has no attribute 'rsi_oversold'
2026-06-18 11:13:40,828 - INFO - Error processing DOTUSDT: 'BotSettings' object has no attribute 'rsi_oversold'
2026-06-18 11:13:40,848 - INFO - Error processing VETUSDT: 'BotSettings' object has no attribute 'rsi_oversold'
2026-06-18 11:13:40,864 - INFO - Error processing ICPUSDT: 'BotSettings' object has no attribute 'rsi_oversold'
2026-06-18 11:13:40,876 - INFO - Error processing GRTUSDT: 'BotSettings' object has no attribute 'rsi_oversold'
2026-06-18 11:13:40,889 - INFO - Error processing AVAXUSDT: 'BotSettings' object has no attribute 'rsi_oversold'
2026-06-18 11:13:40,902 - INFO - Error processing LINKUSDT: 'BotSettings' object has no attribute 'rsi_oversold'
2026-06-18 11:13:40,914 - INFO - Error processing FILUSDT: 'BotSettings' object has no attribute 'rsi_oversold'
2026-06-18 11:13:40,926 - INFO - Error processing LTCUSDT: 'BotSettings' object has no attribute 'rsi_oversold'
2026-06-18 11:13:41,064 - INFO - Error processing UNIUSDT: 'BotSettings' object has no attribute 'rsi_oversold'
2026-06-18 11:13:56,712 - INFO - Error processing ADAUSDT: 'BotSettings' object has no attribute 'rsi_oversold'
2026-06-18 11:13:56,734 - INFO - Error processing XRPUSDT: 'BotSettings' object has no attribute 'rsi_oversold'
2026-06-18 11:13:56,751 - INFO - Error processing CHZUSDT: 'BotSettings' object has no attribute 'rsi_oversold'
2026-06-18 11:13:56,761 - INFO - Error processing ENJUSDT: 'BotSettings' object has no attribute 'rsi_overbought'
2026-06-18 11:13:56,775 - INFO - Error processing SOLUSDT: 'BotSettings' object has no attribute 'rsi_oversold'
2026-06-18 11:13:56,836 - INFO - Error processing AAVEUSDT: 'BotSettings' object has no attribute 'rsi_oversold'
2026-06-18 11:13:56,848 - INFO - Error processing AVAXUSDT: 'BotSettings' object has no attribute 'rsi_oversold'
2026-06-18 11:13:56,860 - INFO - Error processing VETUSDT: 'BotSettings' object has no attribute 'rsi_oversold'
2026-06-18 11:13:56,880 - INFO - Error processing DOGEUSDT: 'BotSettings' object has no attribute 'rsi_oversold'
2026-06-18 11:13:56,893 - INFO - Error processing ICPUSDT: 'BotSettings' object has no attribute 'rsi_oversold'
2026-06-18 11:13:56,921 - INFO - Error processing UNIUSDT: 'BotSettings' object has no attribute 'rsi_oversold'
2026-06-18 11:13:56,943 - INFO - Error processing XTZUSDT: 'BotSettings' object has no attribute 'rsi_oversold'
2026-06-18 11:13:56,954 - INFO - Error processing LTCUSDT: 'BotSettings' object has no attribute 'rsi_oversold'
2026-06-18 11:13:56,965 - INFO - Error processing THETAUSDT: 'BotSettings' object has no attribute 'rsi_oversold'
2026-06-18 11:13:56,976 - INFO - Error processing GRTUSDT: 'BotSettings' object has no attribute 'rsi_oversold'
2026-06-18 11:13:56,988 - INFO - Error processing LINKUSDT: 'BotSettings' object has no attribute 'rsi_oversold'
2026-06-18 11:13:57,000 - INFO - Error processing FILUSDT: 'BotSettings' object has no attribute 'rsi_oversold'
2026-06-18 11:13:57,011 - INFO - Error processing BNBUSDT: 'BotSettings' object has no attribute 'rsi_oversold'
2026-06-18 11:13:57,023 - INFO - Error processing DOTUSDT: 'BotSettings' object has no attribute 'rsi_oversold'
2026-06-18 11:14:12,761 - INFO - Error processing BNBUSDT: 'BotSettings' object has no attribute 'rsi_oversold'
2026-06-18 11:14:12,784 - INFO - Error processing ADAUSDT: 'BotSettings' object has no attribute 'rsi_oversold'
2026-06-18 11:14:12,795 - INFO - Error processing CHZUSDT: 'BotSettings' object has no attribute 'rsi_oversold'
2026-06-18 11:14:12,843 - INFO - Error processing LINKUSDT: 'BotSettings' object has no attribute 'rsi_oversold'
2026-06-18 11:14:12,855 - INFO - Error processing XTZUSDT: 'BotSettings' object has no attribute 'rsi_oversold'
2026-06-18 11:14:12,866 - INFO - Error processing THETAUSDT: 'BotSettings' object has no attribute 'rsi_oversold'
2026-06-18 11:14:12,884 - INFO - Error processing VETUSDT: 'BotSettings' object has no attribute 'rsi_oversold'
2026-06-18 11:14:12,896 - INFO - Error processing ICPUSDT: 'BotSettings' object has no attribute 'rsi_oversold'
2026-06-18 11:14:12,907 - INFO - Error processing UNIUSDT: 'BotSettings' object has no attribute 'rsi_oversold'
2026-06-18 11:14:12,919 - INFO - Error processing XRPUSDT: 'BotSettings' object has no attribute 'rsi_oversold'
2026-06-18 11:14:12,932 - INFO - Error processing SOLUSDT: 'BotSettings' object has no attribute 'rsi_oversold'
2026-06-18 11:14:12,958 - INFO - Error processing AAVEUSDT: 'BotSettings' object has no attribute 'rsi_oversold'
2026-06-18 11:14:12,975 - INFO - Error processing ENJUSDT: 'BotSettings' object has no attribute 'rsi_overbought'
2026-06-18 11:14:12,987 - INFO - Error processing LTCUSDT: 'BotSettings' object has no attribute 'rsi_oversold'
2026-06-18 11:14:12,999 - INFO - Error processing DOTUSDT: 'BotSettings' object has no attribute 'rsi_oversold'
2026-06-18 11:14:13,193 - INFO - Error processing GRTUSDT: 'BotSettings' object has no attribute 'rsi_oversold'
2026-06-18 11:14:13,204 - INFO - Error processing AVAXUSDT: 'BotSettings' object has no attribute 'rsi_oversold'
2026-06-18 11:14:13,216 - INFO - Error processing DOGEUSDT: 'BotSettings' object has no attribute 'rsi_oversold'
2026-06-18 11:14:13,230 - INFO - Error processing FILUSDT: 'BotSettings' object has no attribute 'rsi_oversold'
2026-06-18 11:14:28,760 - INFO - Error processing BNBUSDT: 'BotSettings' object has no attribute 'rsi_oversold'
2026-06-18 11:14:28,772 - INFO - Error processing XRPUSDT: 'BotSettings' object has no attribute 'rsi_oversold'
2026-06-18 11:14:28,782 - INFO - Error processing ENJUSDT: 'BotSettings' object has no attribute 'rsi_overbought'
2026-06-18 11:14:28,843 - INFO - Error processing DOTUSDT: 'BotSettings' object has no attribute 'rsi_oversold'
2026-06-18 11:14:28,865 - INFO - Error processing SOLUSDT: 'BotSettings' object has no attribute 'rsi_oversold'
2026-06-18 11:14:28,884 - INFO - Error processing CHZUSDT: 'BotSettings' object has no attribute 'rsi_oversold'
2026-06-18 11:14:28,903 - INFO - Error processing ADAUSDT: 'BotSettings' object has no attribute 'rsi_oversold'
2026-06-18 11:14:28,915 - INFO - Error processing DOGEUSDT: 'BotSettings' object has no attribute 'rsi_oversold'
2026-06-18 11:14:28,927 - INFO - Error processing XTZUSDT: 'BotSettings' object has no attribute 'rsi_oversold'
2026-06-18 11:14:28,940 - INFO - Error processing VETUSDT: 'BotSettings' object has no attribute 'rsi_oversold'
2026-06-18 11:14:28,952 - INFO - Error processing ICPUSDT: 'BotSettings' object has no attribute 'rsi_oversold'
2026-06-18 11:14:28,964 - INFO - Error processing LINKUSDT: 'BotSettings' object has no attribute 'rsi_oversold'
2026-06-18 11:14:28,976 - INFO - Error processing LTCUSDT: 'BotSettings' object has no attribute 'rsi_oversold'
2026-06-18 11:14:28,988 - INFO - Error processing FILUSDT: 'BotSettings' object has no attribute 'rsi_oversold'
2026-06-18 11:14:29,009 - INFO - Error processing GRTUSDT: 'BotSettings' object has no attribute 'rsi_oversold'
2026-06-18 11:14:29,034 - INFO - Error processing AAVEUSDT: 'BotSettings' object has no attribute 'rsi_oversold'
2026-06-18 11:14:29,046 - INFO - Error processing UNIUSDT: 'BotSettings' object has no attribute 'rsi_oversold'
2026-06-18 11:14:29,056 - INFO - Error processing AVAXUSDT: 'BotSettings' object has no attribute 'rsi_oversold'
2026-06-18 11:14:29,191 - INFO - Error processing THETAUSDT: 'BotSettings' object has no attribute 'rsi_oversold'
2026-06-18 11:14:45,202 - INFO - Error processing ENJUSDT: 'BotSettings' object has no attribute 'rsi_overbought'
2026-06-18 11:14:45,213 - INFO - Error processing ADAUSDT: 'BotSettings' object has no attribute 'rsi_oversold'
2026-06-18 11:14:45,224 - INFO - Error processing BNBUSDT: 'BotSettings' object has no attribute 'rsi_oversold'
2026-06-18 11:14:45,236 - INFO - Error processing SOLUSDT: 'BotSettings' object has no attribute 'rsi_oversold'
2026-06-18 11:14:45,248 - INFO - Error processing AAVEUSDT: 'BotSettings' object has no attribute 'rsi_oversold'
2026-06-18 11:14:45,301 - INFO - Error processing VETUSDT: 'BotSettings' object has no attribute 'rsi_oversold'
2026-06-18 11:14:45,319 - INFO - Error processing DOGEUSDT: 'BotSettings' object has no attribute 'rsi_oversold'
2026-06-18 11:14:45,331 - INFO - Error processing LTCUSDT: 'BotSettings' object has no attribute 'rsi_oversold'
2026-06-18 11:14:45,343 - INFO - Error processing CHZUSDT: 'BotSettings' object has no attribute 'rsi_oversold'
2026-06-18 11:14:45,354 - INFO - Error processing GRTUSDT: 'BotSettings' object has no attribute 'rsi_oversold'
2026-06-18 11:14:45,366 - INFO - Error processing XTZUSDT: 'BotSettings' object has no attribute 'rsi_oversold'
2026-06-18 11:14:45,378 - INFO - Error processing ICPUSDT: 'BotSettings' object has no attribute 'rsi_oversold'
2026-06-18 11:14:45,394 - INFO - Error processing DOTUSDT: 'BotSettings' object has no attribute 'rsi_oversold'
2026-06-18 11:14:45,405 - INFO - Error processing AVAXUSDT: 'BotSettings' object has no attribute 'rsi_oversold'
2026-06-18 11:14:45,417 - INFO - Error processing FILUSDT: 'BotSettings' object has no attribute 'rsi_oversold'
2026-06-18 11:14:45,428 - INFO - Error processing UNIUSDT: 'BotSettings' object has no attribute 'rsi_oversold'
2026-06-18 11:14:45,463 - INFO - Error processing LINKUSDT: 'BotSettings' object has no attribute 'rsi_oversold'
2026-06-18 11:14:45,474 - INFO - Error processing THETAUSDT: 'BotSettings' object has no attribute 'rsi_oversold'
2026-06-18 11:14:45,627 - INFO - Error processing XRPUSDT: 'BotSettings' object has no attribute 'rsi_oversold'
2026-06-18 11:15:01,207 - INFO - Error processing BNBUSDT: 'BotSettings' object has no attribute 'rsi_oversold'
2026-06-18 11:15:01,232 - INFO - Error processing AVAXUSDT: 'BotSettings' object has no attribute 'rsi_oversold'
2026-06-18 11:15:01,328 - INFO - Error processing CHZUSDT: 'BotSettings' object has no attribute 'rsi_oversold'
2026-06-18 11:15:01,339 - INFO - Error processing ADAUSDT: 'BotSettings' object has no attribute 'rsi_oversold'
2026-06-18 11:15:01,356 - INFO - Error processing AAVEUSDT: 'BotSettings' object has no attribute 'rsi_oversold'
2026-06-18 11:15:01,380 - INFO - Error processing ENJUSDT: 'BotSettings' object has no attribute 'rsi_overbought'
2026-06-18 11:15:01,409 - INFO - Error processing LINKUSDT: 'BotSettings' object has no attribute 'rsi_oversold'
2026-06-18 11:15:01,425 - INFO - Error processing THETAUSDT: 'BotSettings' object has no attribute 'rsi_oversold'
2026-06-18 11:15:17,196 - INFO - Error processing CHZUSDT: 'BotSettings' object has no attribute 'rsi_oversold'
2026-06-18 11:15:17,257 - INFO - Error processing XLMUSDT: 'BotSettings' object has no attribute 'rsi_overbought'
2026-06-18 11:15:17,575 - INFO - Error processing BNBUSDT: 'BotSettings' object has no attribute 'rsi_oversold'
2026-06-18 11:15:17,630 - INFO - Error processing AVAXUSDT: 'BotSettings' object has no attribute 'rsi_oversold'
2026-06-18 11:15:17,643 - INFO - Error processing ENJUSDT: 'BotSettings' object has no attribute 'rsi_overbought'
2026-06-18 11:15:17,658 - INFO - Error processing THETAUSDT: 'BotSettings' object has no attribute 'rsi_oversold'
2026-06-18 11:15:33,183 - INFO - Error processing BNBUSDT: 'BotSettings' object has no attribute 'rsi_oversold'
2026-06-18 11:15:33,267 - INFO - Error processing CHZUSDT: 'BotSettings' object has no attribute 'rsi_oversold'
2026-06-18 11:15:33,319 - INFO - Error processing AVAXUSDT: 'BotSettings' object has no attribute 'rsi_oversold'
2026-06-18 11:15:33,340 - INFO - Error processing THETAUSDT: 'BotSettings' object has no attribute 'rsi_oversold'
2026-06-18 11:15:33,353 - INFO - Error processing ENJUSDT: 'BotSettings' object has no attribute 'rsi_overbought'
2026-06-18 11:15:33,361 - INFO - Error processing XLMUSDT: 'BotSettings' object has no attribute 'rsi_overbought'
2026-06-18 11:15:49,097 - INFO - Error processing BNBUSDT: 'BotSettings' object has no attribute 'rsi_oversold'
2026-06-18 11:15:49,112 - INFO - Error processing CHZUSDT: 'BotSettings' object has no attribute 'rsi_oversold'
2026-06-18 11:15:49,121 - INFO - Error processing ENJUSDT: 'BotSettings' object has no attribute 'rsi_overbought'
2026-06-18 11:15:49,174 - INFO - Error processing AVAXUSDT: 'BotSettings' object has no attribute 'rsi_oversold'
2026-06-18 11:15:49,263 - INFO - Error processing XLMUSDT: 'BotSettings' object has no attribute 'rsi_overbought'
2026-06-18 11:15:49,543 - INFO - Error processing THETAUSDT: 'BotSettings' object has no attribute 'rsi_oversold'
2026-06-18 11:16:05,150 - INFO - Error processing ENJUSDT: 'BotSettings' object has no attribute 'rsi_overbought'
2026-06-18 11:16:05,197 - INFO - Error processing BNBUSDT: 'BotSettings' object has no attribute 'rsi_oversold'
2026-06-18 11:16:05,233 - INFO - Error processing AVAXUSDT: 'BotSettings' object has no attribute 'rsi_oversold'
2026-06-18 11:16:05,252 - INFO - Error processing XLMUSDT: 'BotSettings' object has no attribute 'rsi_overbought'
2026-06-18 11:16:05,263 - INFO - Error processing THETAUSDT: 'BotSettings' object has no attribute 'rsi_oversold'
2026-06-18 11:16:05,278 - INFO - Error processing CHZUSDT: 'BotSettings' object has no attribute 'rsi_oversold'
2026-06-18 11:16:21,053 - INFO - Error processing BNBUSDT: 'BotSettings' object has no attribute 'rsi_oversold'
2026-06-18 11:16:21,125 - INFO - Error processing XLMUSDT: 'BotSettings' object has no attribute 'rsi_overbought'
2026-06-18 11:16:21,162 - INFO - Error processing ENJUSDT: 'BotSettings' object has no attribute 'rsi_overbought'
2026-06-18 11:16:21,183 - INFO - Error processing AVAXUSDT: 'BotSettings' object has no attribute 'rsi_oversold'
2026-06-18 11:16:21,194 - INFO - Error processing THETAUSDT: 'BotSettings' object has no attribute 'rsi_oversold'
2026-06-18 11:16:21,240 - INFO - Error processing CHZUSDT: 'BotSettings' object has no attribute 'rsi_oversold'
2026-06-18 11:16:37,057 - INFO - Error processing BNBUSDT: 'BotSettings' object has no attribute 'rsi_oversold'
2026-06-18 11:16:37,159 - INFO - Error processing ENJUSDT: 'BotSettings' object has no attribute 'rsi_overbought'
2026-06-18 11:16:37,185 - INFO - Error processing XLMUSDT: 'BotSettings' object has no attribute 'rsi_overbought'
2026-06-18 11:16:37,200 - INFO - Error processing THETAUSDT: 'BotSettings' object has no attribute 'rsi_oversold'
2026-06-18 11:16:37,236 - INFO - Error processing AVAXUSDT: 'BotSettings' object has no attribute 'rsi_oversold'
2026-06-18 11:16:37,267 - INFO - Error processing CHZUSDT: 'BotSettings' object has no attribute 'rsi_oversold'
2026-06-18 11:16:53,045 - INFO - Error processing ENJUSDT: 'BotSettings' object has no attribute 'rsi_overbought'
2026-06-18 11:16:53,102 - INFO - Error processing BNBUSDT: 'BotSettings' object has no attribute 'rsi_oversold'
2026-06-18 11:16:53,113 - INFO - Error processing AVAXUSDT: 'BotSettings' object has no attribute 'rsi_oversold'
2026-06-18 11:16:53,191 - INFO - Error processing CHZUSDT: 'BotSettings' object has no attribute 'rsi_oversold'
2026-06-18 11:16:53,228 - INFO - Error processing XLMUSDT: 'BotSettings' object has no attribute 'rsi_overbought'
2026-06-18 11:16:53,246 - INFO - Error processing THETAUSDT: 'BotSettings' object has no attribute 'rsi_oversold'
2026-06-18 11:17:09,115 - INFO - Error processing ENJUSDT: 'BotSettings' object has no attribute 'rsi_overbought'
2026-06-18 11:17:09,169 - INFO - Error processing AVAXUSDT: 'BotSettings' object has no attribute 'rsi_oversold'
2026-06-18 11:17:09,187 - INFO - Error processing XLMUSDT: 'BotSettings' object has no attribute 'rsi_overbought'
2026-06-18 11:17:09,249 - INFO - Error processing BNBUSDT: 'BotSettings' object has no attribute 'rsi_oversold'
2026-06-18 11:17:09,260 - INFO - Error processing CHZUSDT: 'BotSettings' object has no attribute 'rsi_oversold'
2026-06-18 11:17:09,548 - INFO - Error processing THETAUSDT: 'BotSettings' object has no attribute 'rsi_oversold'
2026-06-18 11:17:25,299 - INFO - Error processing AVAXUSDT: 'BotSettings' object has no attribute 'rsi_oversold'
2026-06-18 11:17:25,354 - INFO - Error processing ENJUSDT: 'BotSettings' object has no attribute 'rsi_overbought'
2026-06-18 11:17:25,385 - INFO - Error processing CHZUSDT: 'BotSettings' object has no attribute 'rsi_oversold'
2026-06-18 11:17:25,404 - INFO - Error processing BNBUSDT: 'BotSettings' object has no attribute 'rsi_oversold'
2026-06-18 11:17:25,440 - INFO - Error processing XLMUSDT: 'BotSettings' object has no attribute 'rsi_overbought'
2026-06-18 11:17:25,474 - INFO - Error processing THETAUSDT: 'BotSettings' object has no attribute 'rsi_oversold'
2026-06-18 11:17:41,316 - INFO - Error processing CHZUSDT: 'BotSettings' object has no attribute 'rsi_oversold'
2026-06-18 11:17:41,344 - INFO - Error processing ENJUSDT: 'BotSettings' object has no attribute 'rsi_overbought'
2026-06-18 11:17:41,353 - INFO - Error processing XLMUSDT: 'BotSettings' object has no attribute 'rsi_overbought'
2026-06-18 11:17:41,394 - INFO - Error processing AVAXUSDT: 'BotSettings' object has no attribute 'rsi_oversold'
2026-06-18 11:17:41,435 - INFO - Error processing THETAUSDT: 'BotSettings' object has no attribute 'rsi_oversold'
2026-06-18 11:17:41,452 - INFO - Error processing BNBUSDT: 'BotSettings' object has no attribute 'rsi_oversold'
2026-06-18 11:17:57,263 - INFO - Error processing ENJUSDT: 'BotSettings' object has no attribute 'rsi_overbought'
2026-06-18 11:17:57,340 - INFO - Error processing BNBUSDT: 'BotSettings' object has no attribute 'rsi_oversold'
2026-06-18 11:17:57,386 - INFO - Error processing CHZUSDT: 'BotSettings' object has no attribute 'rsi_oversold'
2026-06-18 11:17:57,442 - INFO - Error processing XLMUSDT: 'BotSettings' object has no attribute 'rsi_overbought'
2026-06-18 11:17:57,458 - INFO - Error processing THETAUSDT: 'BotSettings' object has no attribute 'rsi_oversold'
2026-06-18 11:17:57,492 - INFO - Error processing AVAXUSDT: 'BotSettings' object has no attribute 'rsi_oversold'
2026-06-18 11:18:13,245 - INFO - Error processing CHZUSDT: 'BotSettings' object has no attribute 'rsi_oversold'
2026-06-18 11:18:13,272 - INFO - Error processing ENJUSDT: 'BotSettings' object has no attribute 'rsi_overbought'
2026-06-18 11:18:13,389 - INFO - Error processing THETAUSDT: 'BotSettings' object has no attribute 'rsi_oversold'
2026-06-18 11:18:13,407 - INFO - Error processing XLMUSDT: 'BotSettings' object has no attribute 'rsi_overbought'
2026-06-18 11:18:13,424 - INFO - Error processing AVAXUSDT: 'BotSettings' object has no attribute 'rsi_oversold'
2026-06-18 11:18:13,461 - INFO - Error processing BNBUSDT: 'BotSettings' object has no attribute 'rsi_oversold'
2026-06-18 11:18:29,313 - INFO - Error processing ENJUSDT: 'BotSettings' object has no attribute 'rsi_overbought'
2026-06-18 11:18:29,325 - INFO - Error processing THETAUSDT: 'BotSettings' object has no attribute 'rsi_oversold'
2026-06-18 11:18:29,356 - INFO - Error processing XLMUSDT: 'BotSettings' object has no attribute 'rsi_overbought'
2026-06-18 11:18:29,373 - INFO - Error processing BNBUSDT: 'BotSettings' object has no attribute 'rsi_oversold'
2026-06-18 11:18:29,389 - INFO - Error processing CHZUSDT: 'BotSettings' object has no attribute 'rsi_oversold'
2026-06-18 11:18:29,458 - INFO - Error processing AVAXUSDT: 'BotSettings' object has no attribute 'rsi_oversold'
2026-06-18 11:18:45,366 - INFO - Error processing ENJUSDT: 'BotSettings' object has no attribute 'rsi_overbought'
2026-06-18 11:18:45,460 - INFO - Error processing AVAXUSDT: 'BotSettings' object has no attribute 'rsi_oversold'
2026-06-18 11:18:45,502 - INFO - Error processing BNBUSDT: 'BotSettings' object has no attribute 'rsi_oversold'
2026-06-18 11:18:45,513 - INFO - Error processing CHZUSDT: 'BotSettings' object has no attribute 'rsi_oversold'
2026-06-18 11:18:45,525 - INFO - Error processing THETAUSDT: 'BotSettings' object has no attribute 'rsi_oversold'
2026-06-18 11:18:45,538 - INFO - Error processing XLMUSDT: 'BotSettings' object has no attribute 'rsi_overbought'
2026-06-18 11:19:01,383 - INFO - Error processing ENJUSDT: 'BotSettings' object has no attribute 'rsi_overbought'
2026-06-18 11:19:01,395 - INFO - Error processing BNBUSDT: 'BotSettings' object has no attribute 'rsi_oversold'
2026-06-18 11:19:01,405 - INFO - Error processing CHZUSDT: 'BotSettings' object has no attribute 'rsi_oversold'
2026-06-18 11:19:01,465 - INFO - Error processing XLMUSDT: 'BotSettings' object has no attribute 'rsi_overbought'
2026-06-18 11:19:01,493 - INFO - Error processing AVAXUSDT: 'BotSettings' object has no attribute 'rsi_oversold'
2026-06-18 11:19:01,521 - INFO - Error processing THETAUSDT: 'BotSettings' object has no attribute 'rsi_oversold'
2026-06-18 11:19:17,481 - INFO - Error processing ENJUSDT: 'BotSettings' object has no attribute 'rsi_overbought'
2026-06-18 11:19:17,575 - INFO - Error processing XLMUSDT: 'BotSettings' object has no attribute 'rsi_overbought'
2026-06-18 11:19:17,587 - INFO - Error processing BNBUSDT: 'BotSettings' object has no attribute 'rsi_oversold'
2026-06-18 11:19:17,603 - INFO - Error processing CHZUSDT: 'BotSettings' object has no attribute 'rsi_oversold'
2026-06-18 11:19:17,632 - INFO - Error processing AVAXUSDT: 'BotSettings' object has no attribute 'rsi_oversold'
2026-06-18 11:19:17,648 - INFO - Error processing THETAUSDT: 'BotSettings' object has no attribute 'rsi_oversold'
2026-06-18 11:19:33,561 - INFO - Error processing AVAXUSDT: 'BotSettings' object has no attribute 'rsi_oversold'
2026-06-18 11:19:33,585 - INFO - Error processing XLMUSDT: 'BotSettings' object has no attribute 'rsi_overbought'
2026-06-18 11:19:33,593 - INFO - Error processing ENJUSDT: 'BotSettings' object has no attribute 'rsi_overbought'
2026-06-18 11:19:33,604 - INFO - Error processing CHZUSDT: 'BotSettings' object has no attribute 'rsi_oversold'
2026-06-18 11:19:33,623 - INFO - Error processing BNBUSDT: 'BotSettings' object has no attribute 'rsi_oversold'
2026-06-18 11:19:33,635 - INFO - Error processing THETAUSDT: 'BotSettings' object has no attribute 'rsi_oversold'
2026-06-18 11:19:49,454 - INFO - Error processing ENJUSDT: 'BotSettings' object has no attribute 'rsi_overbought'
2026-06-18 11:19:49,529 - INFO - Error processing CHZUSDT: 'BotSettings' object has no attribute 'rsi_oversold'
2026-06-18 11:19:49,552 - INFO - Error processing AVAXUSDT: 'BotSettings' object has no attribute 'rsi_oversold'
2026-06-18 11:19:49,565 - INFO - Error processing XLMUSDT: 'BotSettings' object has no attribute 'rsi_overbought'
2026-06-18 11:19:49,833 - INFO - Error processing BNBUSDT: 'BotSettings' object has no attribute 'rsi_oversold'
2026-06-18 11:19:49,948 - INFO - Error processing THETAUSDT: 'BotSettings' object has no attribute 'rsi_oversold'
2026-06-18 11:20:05,515 - INFO - Error processing BNBUSDT: 'BotSettings' object has no attribute 'rsi_oversold'
2026-06-18 11:20:05,554 - INFO - Error processing CHZUSDT: 'BotSettings' object has no attribute 'rsi_oversold'
2026-06-18 11:20:05,570 - INFO - Error processing ENJUSDT: 'BotSettings' object has no attribute 'rsi_overbought'
2026-06-18 11:20:05,659 - INFO - Error processing THETAUSDT: 'BotSettings' object has no attribute 'rsi_oversold'
2026-06-18 11:20:05,704 - INFO - Error processing XLMUSDT: 'BotSettings' object has no attribute 'rsi_overbought'
2026-06-18 11:20:05,970 - INFO - Error processing AVAXUSDT: 'BotSettings' object has no attribute 'rsi_oversold'
2026-06-18 11:20:21,531 - INFO - Error processing ENJUSDT: 'BotSettings' object has no attribute 'rsi_overbought'
2026-06-18 11:20:21,582 - INFO - Error processing BNBUSDT: 'BotSettings' object has no attribute 'rsi_oversold'
2026-06-18 11:20:21,594 - INFO - Error processing CHZUSDT: 'BotSettings' object has no attribute 'rsi_oversold'
2026-06-18 11:20:21,644 - INFO - Error processing THETAUSDT: 'BotSettings' object has no attribute 'rsi_oversold'
2026-06-18 11:20:21,669 - INFO - Error processing AVAXUSDT: 'BotSettings' object has no attribute 'rsi_oversold'
2026-06-18 11:20:21,912 - INFO - Error processing XLMUSDT: 'BotSettings' object has no attribute 'rsi_overbought'
2026-06-18 11:20:37,446 - INFO - Error processing BNBUSDT: 'BotSettings' object has no attribute 'rsi_oversold'
2026-06-18 11:20:37,471 - INFO - Error processing ENJUSDT: 'BotSettings' object has no attribute 'rsi_overbought'
2026-06-18 11:20:37,603 - INFO - Error processing XLMUSDT: 'BotSettings' object has no attribute 'rsi_overbought'
2026-06-18 11:20:37,629 - INFO - Error processing AVAXUSDT: 'BotSettings' object has no attribute 'rsi_oversold'
2026-06-18 11:20:37,640 - INFO - Error processing THETAUSDT: 'BotSettings' object has no attribute 'rsi_oversold'
2026-06-18 11:20:37,658 - INFO - Error processing CHZUSDT: 'BotSettings' object has no attribute 'rsi_oversold'
2026-06-18 11:20:53,434 - INFO - Error processing ENJUSDT: 'BotSettings' object has no attribute 'rsi_overbought'
2026-06-18 11:20:53,524 - INFO - Error processing CHZUSDT: 'BotSettings' object has no attribute 'rsi_oversold'
2026-06-18 11:20:53,564 - INFO - Error processing BNBUSDT: 'BotSettings' object has no attribute 'rsi_oversold'
2026-06-18 11:20:53,597 - INFO - Error processing XLMUSDT: 'BotSettings' object has no attribute 'rsi_overbought'
2026-06-18 11:20:53,624 - INFO - Error processing AVAXUSDT: 'BotSettings' object has no attribute 'rsi_oversold'
2026-06-18 11:20:53,647 - INFO - Error processing THETAUSDT: 'BotSettings' object has no attribute 'rsi_oversold'
2026-06-18 11:21:09,465 - INFO - Error processing BNBUSDT: 'BotSettings' object has no attribute 'rsi_oversold'
2026-06-18 11:21:09,497 - INFO - Error processing CHZUSDT: 'BotSettings' object has no attribute 'rsi_oversold'
2026-06-18 11:21:09,536 - INFO - Error processing ENJUSDT: 'BotSettings' object has no attribute 'rsi_overbought'
2026-06-18 11:21:09,568 - INFO - Error processing THETAUSDT: 'BotSettings' object has no attribute 'rsi_oversold'
2026-06-18 11:21:09,618 - INFO - Error processing XLMUSDT: 'BotSettings' object has no attribute 'rsi_overbought'
2026-06-18 11:21:09,649 - INFO - Error processing AVAXUSDT: 'BotSettings' object has no attribute 'rsi_oversold'
2026-06-18 11:21:25,405 - INFO - Error processing XLMUSDT: 'BotSettings' object has no attribute 'rsi_overbought'
2026-06-18 11:21:25,483 - INFO - Error processing THETAUSDT: 'BotSettings' object has no attribute 'rsi_oversold'
2026-06-18 11:21:25,505 - INFO - Error processing CHZUSDT: 'BotSettings' object has no attribute 'rsi_oversold'
2026-06-18 11:21:25,516 - INFO - Error processing AVAXUSDT: 'BotSettings' object has no attribute 'rsi_oversold'
2026-06-18 11:21:25,528 - INFO - Error processing BNBUSDT: 'BotSettings' object has no attribute 'rsi_oversold'
2026-06-18 11:21:25,556 - INFO - Error processing ENJUSDT: 'BotSettings' object has no attribute 'rsi_overbought'
2026-06-18 11:21:41,353 - INFO - Error processing CHZUSDT: 'BotSettings' object has no attribute 'rsi_oversold'
2026-06-18 11:21:41,458 - INFO - Error processing XLMUSDT: 'BotSettings' object has no attribute 'rsi_overbought'
2026-06-18 11:21:41,474 - INFO - Error processing AVAXUSDT: 'BotSettings' object has no attribute 'rsi_oversold'
2026-06-18 11:21:41,525 - INFO - Error processing ENJUSDT: 'BotSettings' object has no attribute 'rsi_overbought'
2026-06-18 11:21:41,556 - INFO - Error processing BNBUSDT: 'BotSettings' object has no attribute 'rsi_oversold'
2026-06-18 11:21:41,587 - INFO - Error processing THETAUSDT: 'BotSettings' object has no attribute 'rsi_oversold'
2026-06-18 11:21:57,352 - INFO - Error processing ENJUSDT: 'BotSettings' object has no attribute 'rsi_overbought'
2026-06-18 11:21:57,469 - INFO - Error processing XLMUSDT: 'BotSettings' object has no attribute 'rsi_overbought'
2026-06-18 11:21:57,488 - INFO - Error processing BNBUSDT: 'BotSettings' object has no attribute 'rsi_oversold'
2026-06-18 11:21:57,505 - INFO - Error processing CHZUSDT: 'BotSettings' object has no attribute 'rsi_oversold'
2026-06-18 11:21:57,543 - INFO - Error processing AVAXUSDT: 'BotSettings' object has no attribute 'rsi_oversold'
2026-06-18 11:21:57,572 - INFO - Error processing THETAUSDT: 'BotSettings' object has no attribute 'rsi_oversold'
2026-06-18 11:22:13,326 - INFO - Error processing BNBUSDT: 'BotSettings' object has no attribute 'rsi_oversold'
2026-06-18 11:22:13,352 - INFO - Error processing ENJUSDT: 'BotSettings' object has no attribute 'rsi_overbought'
2026-06-18 11:22:13,370 - INFO - Error processing AVAXUSDT: 'BotSettings' object has no attribute 'rsi_oversold'
2026-06-18 11:22:13,482 - INFO - Error processing CHZUSDT: 'BotSettings' object has no attribute 'rsi_oversold'
2026-06-18 11:22:13,504 - INFO - Error processing XLMUSDT: 'BotSettings' object has no attribute 'rsi_overbought'
2026-06-18 11:22:13,552 - INFO - Error processing THETAUSDT: 'BotSettings' object has no attribute 'rsi_oversold'
2026-06-18 11:22:29,327 - INFO - Error processing ENJUSDT: 'BotSettings' object has no attribute 'rsi_overbought'
2026-06-18 11:22:29,422 - INFO - Error processing CHZUSDT: 'BotSettings' object has no attribute 'rsi_oversold'
2026-06-18 11:22:29,444 - INFO - Error processing BNBUSDT: 'BotSettings' object has no attribute 'rsi_oversold'
2026-06-18 11:22:29,465 - INFO - Error processing AVAXUSDT: 'BotSettings' object has no attribute 'rsi_oversold'
2026-06-18 11:22:29,497 - INFO - Error processing XLMUSDT: 'BotSettings' object has no attribute 'rsi_overbought'
2026-06-18 11:22:29,732 - INFO - Error processing THETAUSDT: 'BotSettings' object has no attribute 'rsi_oversold'
2026-06-18 11:22:45,328 - INFO - Error processing ENJUSDT: 'BotSettings' object has no attribute 'rsi_overbought'
2026-06-18 11:22:45,394 - INFO - Error processing CHZUSDT: 'BotSettings' object has no attribute 'rsi_oversold'
2026-06-18 11:22:45,405 - INFO - Error processing THETAUSDT: 'BotSettings' object has no attribute 'rsi_oversold'
2026-06-18 11:22:45,431 - INFO - Error processing XLMUSDT: 'BotSettings' object has no attribute 'rsi_overbought'
2026-06-18 11:22:45,465 - INFO - Error processing AVAXUSDT: 'BotSettings' object has no attribute 'rsi_oversold'
2026-06-18 11:22:45,496 - INFO - Error processing BNBUSDT: 'BotSettings' object has no attribute 'rsi_oversold'
2026-06-18 11:23:01,340 - INFO - Error processing CHZUSDT: 'BotSettings' object has no attribute 'rsi_oversold'
2026-06-18 11:23:01,456 - INFO - Error processing BNBUSDT: 'BotSettings' object has no attribute 'rsi_oversold'
2026-06-18 11:23:01,498 - INFO - Error processing XLMUSDT: 'BotSettings' object has no attribute 'rsi_overbought'
2026-06-18 11:23:01,544 - INFO - Error processing ENJUSDT: 'BotSettings' object has no attribute 'rsi_overbought'
2026-06-18 11:23:01,560 - INFO - Error processing AVAXUSDT: 'BotSettings' object has no attribute 'rsi_oversold'
2026-06-18 11:23:01,776 - INFO - Error processing THETAUSDT: 'BotSettings' object has no attribute 'rsi_oversold'
2026-06-18 11:23:17,332 - INFO - Error processing BNBUSDT: 'BotSettings' object has no attribute 'rsi_oversold'
2026-06-18 11:23:17,420 - INFO - Error processing THETAUSDT: 'BotSettings' object has no attribute 'rsi_oversold'
2026-06-18 11:23:17,472 - INFO - Error processing CHZUSDT: 'BotSettings' object has no attribute 'rsi_oversold'
2026-06-18 11:23:17,480 - INFO - Error processing XLMUSDT: 'BotSettings' object has no attribute 'rsi_overbought'
2026-06-18 11:23:17,498 - INFO - Error processing AVAXUSDT: 'BotSettings' object has no attribute 'rsi_oversold'
2026-06-18 11:23:17,513 - INFO - Error processing ENJUSDT: 'BotSettings' object has no attribute 'rsi_overbought'
2026-06-18 11:23:33,304 - INFO - Error processing ENJUSDT: 'BotSettings' object has no attribute 'rsi_overbought'
2026-06-18 11:23:33,389 - INFO - Error processing BNBUSDT: 'BotSettings' object has no attribute 'rsi_oversold'
2026-06-18 11:23:33,434 - INFO - Error processing CHZUSDT: 'BotSettings' object has no attribute 'rsi_oversold'
2026-06-18 11:23:33,473 - INFO - Error processing XLMUSDT: 'BotSettings' object has no attribute 'rsi_overbought'
2026-06-18 11:23:33,485 - INFO - Error processing AVAXUSDT: 'BotSettings' object has no attribute 'rsi_oversold'
2026-06-18 11:23:33,517 - INFO - Error processing THETAUSDT: 'BotSettings' object has no attribute 'rsi_oversold'
2026-06-18 11:23:49,283 - INFO - Error processing CHZUSDT: 'BotSettings' object has no attribute 'rsi_oversold'
2026-06-18 11:23:49,405 - INFO - Error processing AVAXUSDT: 'BotSettings' object has no attribute 'rsi_oversold'
2026-06-18 11:23:49,424 - INFO - Error processing BNBUSDT: 'BotSettings' object has no attribute 'rsi_oversold'
2026-06-18 11:23:49,433 - INFO - Error processing XLMUSDT: 'BotSettings' object has no attribute 'rsi_overbought'
2026-06-18 11:23:49,478 - INFO - Error processing THETAUSDT: 'BotSettings' object has no attribute 'rsi_oversold'
2026-06-18 11:23:49,522 - INFO - Error processing ENJUSDT: 'BotSettings' object has no attribute 'rsi_overbought'
2026-06-18 11:24:05,303 - INFO - Error processing ENJUSDT: 'BotSettings' object has no attribute 'rsi_overbought'
2026-06-18 11:24:05,340 - INFO - Error processing BNBUSDT: 'BotSettings' object has no attribute 'rsi_oversold'
2026-06-18 11:24:05,351 - INFO - Error processing CHZUSDT: 'BotSettings' object has no attribute 'rsi_oversold'
2026-06-18 11:24:05,402 - INFO - Error processing THETAUSDT: 'BotSettings' object has no attribute 'rsi_oversold'
2026-06-18 11:24:05,477 - INFO - Error processing AVAXUSDT: 'BotSettings' object has no attribute 'rsi_oversold'
2026-06-18 11:24:05,494 - INFO - Error processing XLMUSDT: 'BotSettings' object has no attribute 'rsi_overbought'
2026-06-18 11:24:21,282 - INFO - Error processing ENJUSDT: 'BotSettings' object has no attribute 'rsi_overbought'
2026-06-18 11:24:21,365 - INFO - Error processing BNBUSDT: 'BotSettings' object has no attribute 'rsi_oversold'
2026-06-18 11:24:21,405 - INFO - Error processing CHZUSDT: 'BotSettings' object has no attribute 'rsi_oversold'
2026-06-18 11:24:21,426 - INFO - Error processing XLMUSDT: 'BotSettings' object has no attribute 'rsi_overbought'
2026-06-18 11:24:21,447 - INFO - Error processing AVAXUSDT: 'BotSettings' object has no attribute 'rsi_oversold'
2026-06-18 11:24:21,468 - INFO - Error processing THETAUSDT: 'BotSettings' object has no attribute 'rsi_oversold'
2026-06-18 11:24:37,255 - INFO - Error processing CHZUSDT: 'BotSettings' object has no attribute 'rsi_oversold'
2026-06-18 11:24:37,278 - INFO - Error processing ENJUSDT: 'BotSettings' object has no attribute 'rsi_overbought'
2026-06-18 11:24:37,288 - INFO - Error processing XLMUSDT: 'BotSettings' object has no attribute 'rsi_overbought'
2026-06-18 11:24:37,366 - INFO - Error processing AVAXUSDT: 'BotSettings' object has no attribute 'rsi_oversold'
2026-06-18 11:24:37,414 - INFO - Error processing THETAUSDT: 'BotSettings' object has no attribute 'rsi_oversold'
2026-06-18 11:24:37,438 - INFO - Error processing BNBUSDT: 'BotSettings' object has no attribute 'rsi_oversold'
2026-06-18 11:24:53,240 - INFO - Error processing BNBUSDT: 'BotSettings' object has no attribute 'rsi_oversold'
2026-06-18 11:24:53,369 - INFO - Error processing XLMUSDT: 'BotSettings' object has no attribute 'rsi_overbought'
2026-06-18 11:24:53,392 - INFO - Error processing CHZUSDT: 'BotSettings' object has no attribute 'rsi_oversold'
2026-06-18 11:24:53,400 - INFO - Error processing ENJUSDT: 'BotSettings' object has no attribute 'rsi_overbought'
2026-06-18 11:24:53,411 - INFO - Error processing AVAXUSDT: 'BotSettings' object has no attribute 'rsi_oversold'
2026-06-18 11:24:53,445 - INFO - Error processing THETAUSDT: 'BotSettings' object has no attribute 'rsi_oversold'
2026-06-18 11:25:09,236 - INFO - Error processing ENJUSDT: 'BotSettings' object has no attribute 'rsi_overbought'
2026-06-18 11:25:09,299 - INFO - Error processing CHZUSDT: 'BotSettings' object has no attribute 'rsi_oversold'
2026-06-18 11:25:09,326 - INFO - Error processing BNBUSDT: 'BotSettings' object has no attribute 'rsi_oversold'
2026-06-18 11:25:09,354 - INFO - Error processing XLMUSDT: 'BotSettings' object has no attribute 'rsi_overbought'
2026-06-18 11:25:09,426 - INFO - Error processing AVAXUSDT: 'BotSettings' object has no attribute 'rsi_oversold'
2026-06-18 11:25:09,455 - INFO - Error processing THETAUSDT: 'BotSettings' object has no attribute 'rsi_oversold'
2026-06-18 11:25:25,284 - INFO - Error processing THETAUSDT: 'BotSettings' object has no attribute 'rsi_oversold'
2026-06-18 11:25:25,324 - INFO - Error processing AVAXUSDT: 'BotSettings' object has no attribute 'rsi_oversold'
2026-06-18 11:25:25,334 - INFO - Error processing CHZUSDT: 'BotSettings' object has no attribute 'rsi_oversold'
2026-06-18 11:25:25,348 - INFO - Error processing XLMUSDT: 'BotSettings' object has no attribute 'rsi_overbought'
2026-06-18 11:25:25,360 - INFO - Error processing BNBUSDT: 'BotSettings' object has no attribute 'rsi_oversold'
2026-06-18 11:25:25,388 - INFO - Error processing ENJUSDT: 'BotSettings' object has no attribute 'rsi_overbought'
2026-06-18 11:25:41,364 - INFO - Error processing ENJUSDT: 'BotSettings' object has no attribute 'rsi_overbought'
2026-06-18 11:25:41,478 - INFO - Error processing CHZUSDT: 'BotSettings' object has no attribute 'rsi_oversold'
2026-06-18 11:25:41,495 - INFO - Error processing THETAUSDT: 'BotSettings' object has no attribute 'rsi_oversold'
2026-06-18 11:25:41,517 - INFO - Error processing BNBUSDT: 'BotSettings' object has no attribute 'rsi_oversold'
2026-06-18 11:25:41,544 - INFO - Error processing AVAXUSDT: 'BotSettings' object has no attribute 'rsi_oversold'
2026-06-18 11:25:41,563 - INFO - Error processing XLMUSDT: 'BotSettings' object has no attribute 'rsi_overbought'
2026-06-18 11:25:57,332 - INFO - Error processing BNBUSDT: 'BotSettings' object has no attribute 'rsi_oversold'
2026-06-18 11:25:57,443 - INFO - Error processing ENJUSDT: 'BotSettings' object has no attribute 'rsi_overbought'
2026-06-18 11:25:57,474 - INFO - Error processing THETAUSDT: 'BotSettings' object has no attribute 'rsi_oversold'
2026-06-18 11:25:57,516 - INFO - Error processing XLMUSDT: 'BotSettings' object has no attribute 'rsi_overbought'
2026-06-18 11:25:57,547 - INFO - Error processing CHZUSDT: 'BotSettings' object has no attribute 'rsi_oversold'
2026-06-18 11:25:57,558 - INFO - Error processing AVAXUSDT: 'BotSettings' object has no attribute 'rsi_oversold'
2026-06-18 11:26:13,320 - INFO - Error processing BNBUSDT: 'BotSettings' object has no attribute 'rsi_oversold'
2026-06-18 11:26:13,328 - INFO - Error processing ENJUSDT: 'BotSettings' object has no attribute 'rsi_overbought'
2026-06-18 11:26:13,404 - INFO - Error processing CHZUSDT: 'BotSettings' object has no attribute 'rsi_oversold'
2026-06-18 11:26:13,417 - INFO - Error processing XLMUSDT: 'BotSettings' object has no attribute 'rsi_overbought'
2026-06-18 11:26:13,518 - INFO - Error processing AVAXUSDT: 'BotSettings' object has no attribute 'rsi_oversold'
2026-06-18 11:26:13,536 - INFO - Error processing THETAUSDT: 'BotSettings' object has no attribute 'rsi_oversold'
2026-06-18 11:26:29,450 - INFO - Error processing BNBUSDT: 'BotSettings' object has no attribute 'rsi_oversold'
2026-06-18 11:26:29,578 - INFO - Error processing CHZUSDT: 'BotSettings' object has no attribute 'rsi_oversold'
2026-06-18 11:26:29,589 - INFO - Error processing AVAXUSDT: 'BotSettings' object has no attribute 'rsi_oversold'
2026-06-18 11:26:29,608 - INFO - Error processing XLMUSDT: 'BotSettings' object has no attribute 'rsi_overbought'
2026-06-18 11:26:29,631 - INFO - Error processing ENJUSDT: 'BotSettings' object has no attribute 'rsi_overbought'
2026-06-18 11:26:29,650 - INFO - Error processing THETAUSDT: 'BotSettings' object has no attribute 'rsi_oversold'
2026-06-18 11:26:45,467 - INFO - Error processing BNBUSDT: 'BotSettings' object has no attribute 'rsi_oversold'
2026-06-18 11:26:45,483 - INFO - Error processing CHZUSDT: 'BotSettings' object has no attribute 'rsi_oversold'
2026-06-18 11:26:45,492 - INFO - Error processing ENJUSDT: 'BotSettings' object has no attribute 'rsi_overbought'
2026-06-18 11:26:45,578 - INFO - Error processing XLMUSDT: 'BotSettings' object has no attribute 'rsi_overbought'
2026-06-18 11:26:45,597 - INFO - Error processing AVAXUSDT: 'BotSettings' object has no attribute 'rsi_oversold'
2026-06-18 11:26:45,621 - INFO - Error processing THETAUSDT: 'BotSettings' object has no attribute 'rsi_oversold'
2026-06-18 11:27:01,562 - INFO - Error processing BNBUSDT: 'BotSettings' object has no attribute 'rsi_oversold'
2026-06-18 11:27:01,658 - INFO - Error processing CHZUSDT: 'BotSettings' object has no attribute 'rsi_oversold'
2026-06-18 11:27:01,720 - INFO - Error processing XLMUSDT: 'BotSettings' object has no attribute 'rsi_overbought'
2026-06-18 11:27:01,757 - INFO - Error processing AVAXUSDT: 'BotSettings' object has no attribute 'rsi_oversold'
2026-06-18 11:27:01,786 - INFO - Error processing THETAUSDT: 'BotSettings' object has no attribute 'rsi_oversold'
2026-06-18 11:27:01,984 - INFO - Error processing ENJUSDT: 'BotSettings' object has no attribute 'rsi_overbought'
2026-06-18 11:27:17,585 - INFO - Error processing BNBUSDT: 'BotSettings' object has no attribute 'rsi_oversold'
2026-06-18 11:27:17,643 - INFO - Error processing AVAXUSDT: 'BotSettings' object has no attribute 'rsi_oversold'
2026-06-18 11:27:17,667 - INFO - Error processing XLMUSDT: 'BotSettings' object has no attribute 'rsi_overbought'
2026-06-18 11:27:17,678 - INFO - Error processing CHZUSDT: 'BotSettings' object has no attribute 'rsi_oversold'
2026-06-18 11:27:17,693 - INFO - Error processing THETAUSDT: 'BotSettings' object has no attribute 'rsi_oversold'
2026-06-18 11:27:17,761 - INFO - Error processing ENJUSDT: 'BotSettings' object has no attribute 'rsi_overbought'
2026-06-18 11:27:33,556 - INFO - Error processing BNBUSDT: 'BotSettings' object has no attribute 'rsi_oversold'
2026-06-18 11:27:33,572 - INFO - Error processing CHZUSDT: 'BotSettings' object has no attribute 'rsi_oversold'
2026-06-18 11:27:33,663 - INFO - Error processing THETAUSDT: 'BotSettings' object has no attribute 'rsi_oversold'
2026-06-18 11:27:33,687 - INFO - Error processing AVAXUSDT: 'BotSettings' object has no attribute 'rsi_oversold'
2026-06-18 11:27:33,717 - INFO - Error processing ENJUSDT: 'BotSettings' object has no attribute 'rsi_overbought'
2026-06-18 11:27:33,954 - INFO - Error processing XLMUSDT: 'BotSettings' object has no attribute 'rsi_overbought'
2026-06-18 11:27:49,509 - INFO - Error processing BNBUSDT: 'BotSettings' object has no attribute 'rsi_oversold'
2026-06-18 11:27:49,554 - INFO - Error processing CHZUSDT: 'BotSettings' object has no attribute 'rsi_oversold'
2026-06-18 11:27:49,627 - INFO - Error processing XLMUSDT: 'BotSettings' object has no attribute 'rsi_overbought'
2026-06-18 11:27:49,661 - INFO - Error processing ENJUSDT: 'BotSettings' object has no attribute 'rsi_overbought'
2026-06-18 11:27:49,685 - INFO - Error processing THETAUSDT: 'BotSettings' object has no attribute 'rsi_oversold'
2026-06-18 11:27:49,710 - INFO - Error processing AVAXUSDT: 'BotSettings' object has no attribute 'rsi_oversold'
2026-06-18 11:28:05,440 - INFO - Error processing BNBUSDT: 'BotSettings' object has no attribute 'rsi_oversold'
2026-06-18 11:28:05,448 - INFO - Error processing ENJUSDT: 'BotSettings' object has no attribute 'rsi_overbought'
2026-06-18 11:28:05,585 - INFO - Error processing THETAUSDT: 'BotSettings' object has no attribute 'rsi_oversold'
2026-06-18 11:28:05,632 - INFO - Error processing XLMUSDT: 'BotSettings' object has no attribute 'rsi_overbought'
2026-06-18 11:28:05,643 - INFO - Error processing AVAXUSDT: 'BotSettings' object has no attribute 'rsi_oversold'
2026-06-18 11:28:05,654 - INFO - Error processing CHZUSDT: 'BotSettings' object has no attribute 'rsi_oversold'
2026-06-18 11:28:21,456 - INFO - Error processing BNBUSDT: 'BotSettings' object has no attribute 'rsi_oversold'
2026-06-18 11:28:21,484 - INFO - Error processing CHZUSDT: 'BotSettings' object has no attribute 'rsi_oversold'
2026-06-18 11:28:21,580 - INFO - Error processing ENJUSDT: 'BotSettings' object has no attribute 'rsi_overbought'
2026-06-18 11:28:21,596 - INFO - Error processing XLMUSDT: 'BotSettings' object has no attribute 'rsi_overbought'
2026-06-18 11:28:21,625 - INFO - Error processing THETAUSDT: 'BotSettings' object has no attribute 'rsi_oversold'
2026-06-18 11:28:21,646 - INFO - Error processing AVAXUSDT: 'BotSettings' object has no attribute 'rsi_oversold'
2026-06-18 11:28:37,424 - INFO - Error processing BNBUSDT: 'BotSettings' object has no attribute 'rsi_oversold'
2026-06-18 11:28:37,432 - INFO - Error processing ENJUSDT: 'BotSettings' object has no attribute 'rsi_overbought'
2026-06-18 11:28:37,453 - INFO - Error processing CHZUSDT: 'BotSettings' object has no attribute 'rsi_oversold'
2026-06-18 11:28:37,508 - INFO - Error processing XLMUSDT: 'BotSettings' object has no attribute 'rsi_overbought'
2026-06-18 11:28:37,583 - INFO - Error processing THETAUSDT: 'BotSettings' object has no attribute 'rsi_oversold'
2026-06-18 11:28:37,609 - INFO - Error processing AVAXUSDT: 'BotSettings' object has no attribute 'rsi_oversold'
2026-06-18 11:28:54,051 - INFO - Error processing BNBUSDT: 'BotSettings' object has no attribute 'rsi_oversold'
2026-06-18 11:28:54,083 - INFO - Error processing CHZUSDT: 'BotSettings' object has no attribute 'rsi_oversold'
2026-06-18 11:28:54,173 - INFO - Error processing THETAUSDT: 'BotSettings' object has no attribute 'rsi_oversold'
2026-06-18 11:28:54,230 - INFO - Error processing XLMUSDT: 'BotSettings' object has no attribute 'rsi_overbought'
2026-06-18 11:28:54,495 - INFO - Error processing ENJUSDT: 'BotSettings' object has no attribute 'rsi_overbought'
2026-06-18 11:28:54,507 - INFO - Error processing AVAXUSDT: 'BotSettings' object has no attribute 'rsi_oversold'
2026-06-18 11:29:10,627 - INFO - Error processing ENJUSDT: 'BotSettings' object has no attribute 'rsi_overbought'
2026-06-18 11:29:10,771 - INFO - Error processing THETAUSDT: 'BotSettings' object has no attribute 'rsi_oversold'
2026-06-18 11:29:10,814 - INFO - Error processing AVAXUSDT: 'BotSettings' object has no attribute 'rsi_oversold'
2026-06-18 11:29:10,824 - INFO - Error processing XLMUSDT: 'BotSettings' object has no attribute 'rsi_overbought'
2026-06-18 11:29:10,850 - INFO - Error processing BNBUSDT: 'BotSettings' object has no attribute 'rsi_oversold'
2026-06-18 11:29:10,873 - INFO - Error processing CHZUSDT: 'BotSettings' object has no attribute 'rsi_oversold'
2026-06-18 11:29:26,640 - INFO - Error processing ENJUSDT: 'BotSettings' object has no attribute 'rsi_overbought'
2026-06-18 11:29:26,652 - INFO - Error processing BNBUSDT: 'BotSettings' object has no attribute 'rsi_oversold'
2026-06-18 11:29:26,748 - INFO - Error processing XLMUSDT: 'BotSettings' object has no attribute 'rsi_overbought'
2026-06-18 11:29:26,779 - INFO - Error processing CHZUSDT: 'BotSettings' object has no attribute 'rsi_oversold'
2026-06-18 11:29:26,811 - INFO - Error processing THETAUSDT: 'BotSettings' object has no attribute 'rsi_oversold'
2026-06-18 11:29:26,845 - INFO - Error processing AVAXUSDT: 'BotSettings' object has no attribute 'rsi_oversold'
2026-06-18 11:29:42,649 - INFO - Error processing ENJUSDT: 'BotSettings' object has no attribute 'rsi_overbought'
2026-06-18 11:29:42,754 - INFO - Error processing AVAXUSDT: 'BotSettings' object has no attribute 'rsi_oversold'
2026-06-18 11:29:42,793 - INFO - Error processing CHZUSDT: 'BotSettings' object has no attribute 'rsi_oversold'
2026-06-18 11:29:42,827 - INFO - Error processing XLMUSDT: 'BotSettings' object has no attribute 'rsi_overbought'
2026-06-18 11:29:42,846 - INFO - Error processing BNBUSDT: 'BotSettings' object has no attribute 'rsi_oversold'
2026-06-18 11:29:42,857 - INFO - Error processing THETAUSDT: 'BotSettings' object has no attribute 'rsi_oversold'
2026-06-18 11:29:59,125 - INFO - Error processing ENJUSDT: 'BotSettings' object has no attribute 'rsi_overbought'
2026-06-18 11:29:59,145 - INFO - Error processing CHZUSDT: 'BotSettings' object has no attribute 'rsi_oversold'
2026-06-18 11:29:59,228 - INFO - Error processing AVAXUSDT: 'BotSettings' object has no attribute 'rsi_oversold'
2026-06-18 11:29:59,252 - INFO - Error processing BNBUSDT: 'BotSettings' object has no attribute 'rsi_oversold'
2026-06-18 11:29:59,311 - INFO - Error processing THETAUSDT: 'BotSettings' object has no attribute 'rsi_oversold'
2026-06-18 11:29:59,324 - INFO - Error processing XLMUSDT: 'BotSettings' object has no attribute 'rsi_overbought'
2026-06-18 11:30:15,078 - INFO - Error processing ENJUSDT: 'BotSettings' object has no attribute 'rsi_overbought'
2026-06-18 11:30:15,145 - INFO - Error processing CHZUSDT: 'BotSettings' object has no attribute 'rsi_oversold'
2026-06-18 11:30:15,153 - INFO - Error processing XLMUSDT: 'BotSettings' object has no attribute 'rsi_overbought'
2026-06-18 11:30:15,184 - INFO - Error processing BNBUSDT: 'BotSettings' object has no attribute 'rsi_oversold'
2026-06-18 11:30:15,228 - INFO - Error processing AVAXUSDT: 'BotSettings' object has no attribute 'rsi_oversold'
2026-06-18 11:30:15,262 - INFO - Error processing THETAUSDT: 'BotSettings' object has no attribute 'rsi_oversold'
2026-06-18 11:30:31,236 - INFO - Error processing ENJUSDT: 'BotSettings' object has no attribute 'rsi_overbought'
2026-06-18 11:30:31,328 - INFO - Error processing CHZUSDT: 'BotSettings' object has no attribute 'rsi_oversold'
2026-06-18 11:30:31,354 - INFO - Error processing THETAUSDT: 'BotSettings' object has no attribute 'rsi_oversold'
2026-06-18 11:30:31,366 - INFO - Error processing AVAXUSDT: 'BotSettings' object has no attribute 'rsi_oversold'
2026-06-18 11:30:31,419 - INFO - Error processing XLMUSDT: 'BotSettings' object has no attribute 'rsi_overbought'
2026-06-18 11:30:31,447 - INFO - Error processing BNBUSDT: 'BotSettings' object has no attribute 'rsi_oversold'
2026-06-18 11:30:47,238 - INFO - Error processing BNBUSDT: 'BotSettings' object has no attribute 'rsi_oversold'
2026-06-18 11:30:47,255 - INFO - Error processing ENJUSDT: 'BotSettings' object has no attribute 'rsi_overbought'
2026-06-18 11:30:47,372 - INFO - Error processing CHZUSDT: 'BotSettings' object has no attribute 'rsi_oversold'
2026-06-18 11:30:47,405 - INFO - Error processing THETAUSDT: 'BotSettings' object has no attribute 'rsi_oversold'
2026-06-18 11:30:47,413 - INFO - Error processing XLMUSDT: 'BotSettings' object has no attribute 'rsi_overbought'
2026-06-18 11:30:47,662 - INFO - Error processing AVAXUSDT: 'BotSettings' object has no attribute 'rsi_oversold'
2026-06-18 11:31:03,435 - INFO - Error processing CHZUSDT: 'BotSettings' object has no attribute 'rsi_oversold'
2026-06-18 11:31:03,515 - INFO - Error processing AVAXUSDT: 'BotSettings' object has no attribute 'rsi_oversold'
2026-06-18 11:31:03,543 - INFO - Error processing XLMUSDT: 'BotSettings' object has no attribute 'rsi_overbought'
2026-06-18 11:31:03,579 - INFO - Error processing ENJUSDT: 'BotSettings' object has no attribute 'rsi_overbought'
2026-06-18 11:31:03,591 - INFO - Error processing THETAUSDT: 'BotSettings' object has no attribute 'rsi_oversold'
2026-06-18 11:31:03,610 - INFO - Error processing BNBUSDT: 'BotSettings' object has no attribute 'rsi_oversold'
2026-06-18 11:31:19,389 - INFO - Error processing ENJUSDT: 'BotSettings' object has no attribute 'rsi_overbought'
2026-06-18 11:31:19,456 - INFO - Error processing BNBUSDT: 'BotSettings' object has no attribute 'rsi_oversold'
2026-06-18 11:31:19,529 - INFO - Error processing THETAUSDT: 'BotSettings' object has no attribute 'rsi_oversold'
2026-06-18 11:31:19,537 - INFO - Error processing XLMUSDT: 'BotSettings' object has no attribute 'rsi_overbought'
2026-06-18 11:31:19,556 - INFO - Error processing CHZUSDT: 'BotSettings' object has no attribute 'rsi_oversold'
2026-06-18 11:31:19,584 - INFO - Error processing AVAXUSDT: 'BotSettings' object has no attribute 'rsi_oversold'
2026-06-18 11:31:35,378 - INFO - Error processing ENJUSDT: 'BotSettings' object has no attribute 'rsi_overbought'
2026-06-18 11:31:35,398 - INFO - Error processing XLMUSDT: 'BotSettings' object has no attribute 'rsi_overbought'
2026-06-18 11:31:35,453 - INFO - Error processing BNBUSDT: 'BotSettings' object has no attribute 'rsi_oversold'
2026-06-18 11:31:35,489 - INFO - Error processing AVAXUSDT: 'BotSettings' object has no attribute 'rsi_oversold'
2026-06-18 11:31:35,505 - INFO - Error processing CHZUSDT: 'BotSettings' object has no attribute 'rsi_oversold'
2026-06-18 11:31:35,528 - INFO - Error processing THETAUSDT: 'BotSettings' object has no attribute 'rsi_oversold'
2026-06-18 11:31:51,396 - INFO - Error processing ENJUSDT: 'BotSettings' object has no attribute 'rsi_overbought'
2026-06-18 11:31:51,469 - INFO - Error processing BNBUSDT: 'BotSettings' object has no attribute 'rsi_oversold'
2026-06-18 11:31:51,487 - INFO - Error processing CHZUSDT: 'BotSettings' object has no attribute 'rsi_oversold'
2026-06-18 11:31:51,514 - INFO - Error processing AVAXUSDT: 'BotSettings' object has no attribute 'rsi_oversold'
2026-06-18 11:31:51,523 - INFO - Error processing XLMUSDT: 'BotSettings' object has no attribute 'rsi_overbought'
2026-06-18 11:31:51,575 - INFO - Error processing THETAUSDT: 'BotSettings' object has no attribute 'rsi_oversold'
2026-06-18 11:32:07,334 - INFO - Error processing CHZUSDT: 'BotSettings' object has no attribute 'rsi_oversold'
2026-06-18 11:32:07,356 - INFO - Error processing BNBUSDT: 'BotSettings' object has no attribute 'rsi_oversold'
2026-06-18 11:32:07,430 - INFO - Error processing ENJUSDT: 'BotSettings' object has no attribute 'rsi_overbought'
2026-06-18 11:32:07,488 - INFO - Error processing THETAUSDT: 'BotSettings' object has no attribute 'rsi_oversold'
2026-06-18 11:32:07,526 - INFO - Error processing XLMUSDT: 'BotSettings' object has no attribute 'rsi_overbought'
2026-06-18 11:32:07,545 - INFO - Error processing AVAXUSDT: 'BotSettings' object has no attribute 'rsi_oversold'
2026-06-18 11:32:23,322 - INFO - Error processing BNBUSDT: 'BotSettings' object has no attribute 'rsi_oversold'
2026-06-18 11:32:23,430 - INFO - Error processing XLMUSDT: 'BotSettings' object has no attribute 'rsi_overbought'
2026-06-18 11:32:23,445 - INFO - Error processing AVAXUSDT: 'BotSettings' object has no attribute 'rsi_oversold'
2026-06-18 11:32:23,461 - INFO - Error processing THETAUSDT: 'BotSettings' object has no attribute 'rsi_oversold'
2026-06-18 11:32:23,514 - INFO - Error processing CHZUSDT: 'BotSettings' object has no attribute 'rsi_oversold'
2026-06-18 11:32:23,532 - INFO - Error processing ENJUSDT: 'BotSettings' object has no attribute 'rsi_overbought'
2026-06-18 11:32:39,281 - INFO - Error processing ENJUSDT: 'BotSettings' object has no attribute 'rsi_overbought'
2026-06-18 11:32:39,377 - INFO - Error processing BNBUSDT: 'BotSettings' object has no attribute 'rsi_oversold'
2026-06-18 11:32:39,405 - INFO - Error processing CHZUSDT: 'BotSettings' object has no attribute 'rsi_oversold'
2026-06-18 11:32:39,448 - INFO - Error processing AVAXUSDT: 'BotSettings' object has no attribute 'rsi_oversold'
2026-06-18 11:32:39,518 - INFO - Error processing XLMUSDT: 'BotSettings' object has no attribute 'rsi_overbought'
2026-06-18 11:32:39,716 - INFO - Error processing THETAUSDT: 'BotSettings' object has no attribute 'rsi_oversold'
2026-06-18 11:32:55,500 - INFO - Error processing CHZUSDT: 'BotSettings' object has no attribute 'rsi_oversold'
2026-06-18 11:32:55,526 - INFO - Error processing XLMUSDT: 'BotSettings' object has no attribute 'rsi_overbought'
2026-06-18 11:32:55,586 - INFO - Error processing THETAUSDT: 'BotSettings' object has no attribute 'rsi_oversold'
2026-06-18 11:32:55,607 - INFO - Error processing AVAXUSDT: 'BotSettings' object has no attribute 'rsi_oversold'
2026-06-18 11:32:55,682 - INFO - Error processing BNBUSDT: 'BotSettings' object has no attribute 'rsi_oversold'
2026-06-18 11:32:55,693 - INFO - Error processing ENJUSDT: 'BotSettings' object has no attribute 'rsi_overbought'
2026-06-18 11:33:11,452 - INFO - Error processing BNBUSDT: 'BotSettings' object has no attribute 'rsi_oversold'
2026-06-18 11:33:11,463 - INFO - Error processing ENJUSDT: 'BotSettings' object has no attribute 'rsi_overbought'
2026-06-18 11:33:11,567 - INFO - Error processing CHZUSDT: 'BotSettings' object has no attribute 'rsi_oversold'
2026-06-18 11:33:11,590 - INFO - Error processing AVAXUSDT: 'BotSettings' object has no attribute 'rsi_oversold'
2026-06-18 11:33:11,601 - INFO - Error processing THETAUSDT: 'BotSettings' object has no attribute 'rsi_oversold'
2026-06-18 11:33:11,630 - INFO - Error processing XLMUSDT: 'BotSettings' object has no attribute 'rsi_overbought'
2026-06-18 11:33:27,496 - INFO - Error processing ENJUSDT: 'BotSettings' object has no attribute 'rsi_overbought'
2026-06-18 11:33:27,515 - INFO - Error processing CHZUSDT: 'BotSettings' object has no attribute 'rsi_oversold'
2026-06-18 11:33:27,559 - INFO - Error processing THETAUSDT: 'BotSettings' object has no attribute 'rsi_oversold'
2026-06-18 11:33:27,580 - INFO - Error processing AVAXUSDT: 'BotSettings' object has no attribute 'rsi_oversold'
2026-06-18 11:33:27,616 - INFO - Error processing BNBUSDT: 'BotSettings' object has no attribute 'rsi_oversold'
2026-06-18 11:33:27,662 - INFO - Error processing XLMUSDT: 'BotSettings' object has no attribute 'rsi_overbought'
2026-06-18 11:33:43,622 - INFO - Error processing CHZUSDT: 'BotSettings' object has no attribute 'rsi_oversold'
2026-06-18 11:33:43,673 - INFO - Error processing ENJUSDT: 'BotSettings' object has no attribute 'rsi_overbought'
2026-06-18 11:33:43,705 - INFO - Error processing BNBUSDT: 'BotSettings' object has no attribute 'rsi_oversold'
2026-06-18 11:33:43,723 - INFO - Error processing XLMUSDT: 'BotSettings' object has no attribute 'rsi_overbought'
2026-06-18 11:33:43,772 - INFO - Error processing THETAUSDT: 'BotSettings' object has no attribute 'rsi_oversold'
2026-06-18 11:33:43,816 - INFO - Error processing AVAXUSDT: 'BotSettings' object has no attribute 'rsi_oversold'
2026-06-18 11:33:59,748 - INFO - Error processing ENJUSDT: 'BotSettings' object has no attribute 'rsi_overbought'
2026-06-18 11:33:59,776 - INFO - Error processing CHZUSDT: 'BotSettings' object has no attribute 'rsi_oversold'
2026-06-18 11:33:59,839 - INFO - Error processing AVAXUSDT: 'BotSettings' object has no attribute 'rsi_oversold'
2026-06-18 11:33:59,858 - INFO - Error processing XLMUSDT: 'BotSettings' object has no attribute 'rsi_overbought'
2026-06-18 11:33:59,871 - INFO - Error processing BNBUSDT: 'BotSettings' object has no attribute 'rsi_oversold'
2026-06-18 11:33:59,895 - INFO - Error processing THETAUSDT: 'BotSettings' object has no attribute 'rsi_oversold'
2026-06-18 11:34:15,773 - INFO - Error processing BNBUSDT: 'BotSettings' object has no attribute 'rsi_oversold'
2026-06-18 11:34:15,871 - INFO - Error processing THETAUSDT: 'BotSettings' object has no attribute 'rsi_oversold'
2026-06-18 11:34:15,894 - INFO - Error processing XLMUSDT: 'BotSettings' object has no attribute 'rsi_overbought'
2026-06-18 11:34:15,905 - INFO - Error processing AVAXUSDT: 'BotSettings' object has no attribute 'rsi_oversold'
2026-06-18 11:34:15,930 - INFO - Error processing CHZUSDT: 'BotSettings' object has no attribute 'rsi_oversold'
2026-06-18 11:34:16,182 - INFO - Error processing ENJUSDT: 'BotSettings' object has no attribute 'rsi_overbought'
2026-06-18 11:34:31,792 - INFO - Error processing ENJUSDT: 'BotSettings' object has no attribute 'rsi_overbought'
2026-06-18 11:34:31,847 - INFO - Error processing BNBUSDT: 'BotSettings' object has no attribute 'rsi_oversold'
2026-06-18 11:34:31,873 - INFO - Error processing CHZUSDT: 'BotSettings' object has no attribute 'rsi_oversold'
2026-06-18 11:34:31,918 - INFO - Error processing THETAUSDT: 'BotSettings' object has no attribute 'rsi_oversold'
2026-06-18 11:34:31,941 - INFO - Error processing AVAXUSDT: 'BotSettings' object has no attribute 'rsi_oversold'
2026-06-18 11:34:32,133 - INFO - Error processing XLMUSDT: 'BotSettings' object has no attribute 'rsi_overbought'
2026-06-18 11:34:47,707 - INFO - Error processing BNBUSDT: 'BotSettings' object has no attribute 'rsi_oversold'
2026-06-18 11:34:47,845 - INFO - Error processing AVAXUSDT: 'BotSettings' object has no attribute 'rsi_oversold'
2026-06-18 11:34:47,853 - INFO - Error processing XLMUSDT: 'BotSettings' object has no attribute 'rsi_overbought'
2026-06-18 11:34:47,905 - INFO - Error processing ENJUSDT: 'BotSettings' object has no attribute 'rsi_overbought'
2026-06-18 11:34:47,922 - INFO - Error processing THETAUSDT: 'BotSettings' object has no attribute 'rsi_oversold'
2026-06-18 11:34:48,120 - INFO - Error processing CHZUSDT: 'BotSettings' object has no attribute 'rsi_oversold'
2026-06-18 11:35:03,685 - INFO - Error processing BNBUSDT: 'BotSettings' object has no attribute 'rsi_oversold'
2026-06-18 11:35:03,696 - INFO - Error processing ENJUSDT: 'BotSettings' object has no attribute 'rsi_overbought'
2026-06-18 11:35:03,822 - INFO - Error processing AVAXUSDT: 'BotSettings' object has no attribute 'rsi_oversold'
2026-06-18 11:35:03,834 - INFO - Error processing CHZUSDT: 'BotSettings' object has no attribute 'rsi_oversold'
2026-06-18 11:35:03,876 - INFO - Error processing THETAUSDT: 'BotSettings' object has no attribute 'rsi_oversold'
2026-06-18 11:35:03,893 - INFO - Error processing XLMUSDT: 'BotSettings' object has no attribute 'rsi_overbought'
2026-06-18 11:35:19,687 - INFO - Error processing BNBUSDT: 'BotSettings' object has no attribute 'rsi_oversold'
2026-06-18 11:35:19,778 - INFO - Error processing XLMUSDT: 'BotSettings' object has no attribute 'rsi_overbought'
2026-06-18 11:35:19,822 - INFO - Error processing CHZUSDT: 'BotSettings' object has no attribute 'rsi_oversold'
2026-06-18 11:35:19,833 - INFO - Error processing ENJUSDT: 'BotSettings' object has no attribute 'rsi_overbought'
2026-06-18 11:35:19,988 - INFO - Error processing AVAXUSDT: 'BotSettings' object has no attribute 'rsi_oversold'
2026-06-18 11:35:19,999 - INFO - Error processing THETAUSDT: 'BotSettings' object has no attribute 'rsi_oversold'
2026-06-18 11:35:35,749 - INFO - Error processing XLMUSDT: 'BotSettings' object has no attribute 'rsi_overbought'
2026-06-18 11:35:35,848 - INFO - Error processing BNBUSDT: 'BotSettings' object has no attribute 'rsi_oversold'
2026-06-18 11:35:35,860 - INFO - Error processing AVAXUSDT: 'BotSettings' object has no attribute 'rsi_oversold'
2026-06-18 11:35:35,872 - INFO - Error processing THETAUSDT: 'BotSettings' object has no attribute 'rsi_oversold'
2026-06-18 11:35:35,897 - INFO - Error processing CHZUSDT: 'BotSettings' object has no attribute 'rsi_oversold'
2026-06-18 11:35:35,919 - INFO - Error processing ENJUSDT: 'BotSettings' object has no attribute 'rsi_overbought'
2026-06-18 11:35:51,720 - INFO - Error processing CHZUSDT: 'BotSettings' object has no attribute 'rsi_oversold'
2026-06-18 11:35:51,751 - INFO - Error processing ENJUSDT: 'BotSettings' object has no attribute 'rsi_overbought'
2026-06-18 11:35:51,763 - INFO - Error processing BNBUSDT: 'BotSettings' object has no attribute 'rsi_oversold'
2026-06-18 11:35:51,855 - INFO - Error processing THETAUSDT: 'BotSettings' object has no attribute 'rsi_oversold'
2026-06-18 11:35:51,895 - INFO - Error processing AVAXUSDT: 'BotSettings' object has no attribute 'rsi_oversold'
2026-06-18 11:35:51,923 - INFO - Error processing XLMUSDT: 'BotSettings' object has no attribute 'rsi_overbought'
2026-06-18 11:36:07,789 - INFO - Error processing BNBUSDT: 'BotSettings' object has no attribute 'rsi_oversold'
2026-06-18 11:36:07,806 - INFO - Error processing ENJUSDT: 'BotSettings' object has no attribute 'rsi_overbought'
2026-06-18 11:36:07,825 - INFO - Error processing XLMUSDT: 'BotSettings' object has no attribute 'rsi_overbought'
2026-06-18 11:36:07,859 - INFO - Error processing AVAXUSDT: 'BotSettings' object has no attribute 'rsi_oversold'
2026-06-18 11:36:07,889 - INFO - Error processing THETAUSDT: 'BotSettings' object has no attribute 'rsi_oversold'
2026-06-18 11:36:07,908 - INFO - Error processing CHZUSDT: 'BotSettings' object has no attribute 'rsi_oversold'
2026-06-18 11:36:23,677 - INFO - Error processing ENJUSDT: 'BotSettings' object has no attribute 'rsi_overbought'
2026-06-18 11:36:23,690 - INFO - Error processing BNBUSDT: 'BotSettings' object has no attribute 'rsi_oversold'
2026-06-18 11:36:23,758 - INFO - Error processing XLMUSDT: 'BotSettings' object has no attribute 'rsi_overbought'
2026-06-18 11:36:23,827 - INFO - Error processing CHZUSDT: 'BotSettings' object has no attribute 'rsi_oversold'
2026-06-18 11:36:23,882 - INFO - Error processing AVAXUSDT: 'BotSettings' object has no attribute 'rsi_oversold'
2026-06-18 11:36:23,893 - INFO - Error processing THETAUSDT: 'BotSettings' object has no attribute 'rsi_oversold'
2026-06-18 11:36:39,917 - INFO - Error processing ENJUSDT: 'BotSettings' object has no attribute 'rsi_overbought'
2026-06-18 11:36:39,943 - INFO - Error processing BNBUSDT: 'BotSettings' object has no attribute 'rsi_oversold'
2026-06-18 11:36:39,966 - INFO - Error processing CHZUSDT: 'BotSettings' object has no attribute 'rsi_oversold'
2026-06-18 11:36:39,989 - INFO - Error processing AVAXUSDT: 'BotSettings' object has no attribute 'rsi_oversold'
2026-06-18 11:36:40,018 - INFO - Error processing THETAUSDT: 'BotSettings' object has no attribute 'rsi_oversold'
2026-06-18 11:36:40,032 - INFO - Error processing XLMUSDT: 'BotSettings' object has no attribute 'rsi_overbought'
2026-06-18 11:36:55,898 - INFO - Error processing CHZUSDT: 'BotSettings' object has no attribute 'rsi_oversold'
2026-06-18 11:36:55,910 - INFO - Error processing BNBUSDT: 'BotSettings' object has no attribute 'rsi_oversold'
2026-06-18 11:36:55,918 - INFO - Error processing XLMUSDT: 'BotSettings' object has no attribute 'rsi_overbought'
2026-06-18 11:36:55,936 - INFO - Error processing ENJUSDT: 'BotSettings' object has no attribute 'rsi_overbought'
2026-06-18 11:36:55,983 - INFO - Error processing AVAXUSDT: 'BotSettings' object has no attribute 'rsi_oversold'
2026-06-18 11:36:56,002 - INFO - Error processing THETAUSDT: 'BotSettings' object has no attribute 'rsi_oversold'
2026-06-18 11:37:11,901 - INFO - Error processing AVAXUSDT: 'BotSettings' object has no attribute 'rsi_oversold'
2026-06-18 11:37:11,925 - INFO - Error processing BNBUSDT: 'BotSettings' object has no attribute 'rsi_oversold'
2026-06-18 11:37:11,949 - INFO - Error processing XLMUSDT: 'BotSettings' object has no attribute 'rsi_overbought'
2026-06-18 11:37:11,986 - INFO - Error processing ENJUSDT: 'BotSettings' object has no attribute 'rsi_overbought'
2026-06-18 11:37:12,027 - INFO - Error processing THETAUSDT: 'BotSettings' object has no attribute 'rsi_oversold'
2026-06-18 11:37:12,214 - INFO - Error processing CHZUSDT: 'BotSettings' object has no attribute 'rsi_oversold'
2026-06-18 11:37:28,047 - INFO - Error processing AVAXUSDT: 'BotSettings' object has no attribute 'rsi_oversold'
2026-06-18 11:37:28,076 - INFO - Error processing XLMUSDT: 'BotSettings' object has no attribute 'rsi_overbought'
2026-06-18 11:37:28,092 - INFO - Error processing ENJUSDT: 'BotSettings' object has no attribute 'rsi_overbought'
2026-06-18 11:37:28,128 - INFO - Error processing BNBUSDT: 'BotSettings' object has no attribute 'rsi_oversold'
2026-06-18 11:37:28,144 - INFO - Error processing CHZUSDT: 'BotSettings' object has no attribute 'rsi_oversold'
2026-06-18 11:37:28,387 - INFO - Error processing THETAUSDT: 'BotSettings' object has no attribute 'rsi_oversold'
2026-06-18 11:37:43,936 - INFO - Error processing BNBUSDT: 'BotSettings' object has no attribute 'rsi_oversold'
2026-06-18 11:37:43,964 - INFO - Error processing ENJUSDT: 'BotSettings' object has no attribute 'rsi_overbought'
2026-06-18 11:37:43,972 - INFO - Error processing XLMUSDT: 'BotSettings' object has no attribute 'rsi_overbought'
2026-06-18 11:37:44,046 - INFO - Error processing THETAUSDT: 'BotSettings' object has no attribute 'rsi_oversold'
2026-06-18 11:37:44,107 - INFO - Error processing AVAXUSDT: 'BotSettings' object has no attribute 'rsi_oversold'
2026-06-18 11:37:44,137 - INFO - Error processing CHZUSDT: 'BotSettings' object has no attribute 'rsi_oversold'
2026-06-18 11:37:59,948 - INFO - Error processing CHZUSDT: 'BotSettings' object has no attribute 'rsi_oversold'
2026-06-18 11:38:00,034 - INFO - Error processing ENJUSDT: 'BotSettings' object has no attribute 'rsi_overbought'
2026-06-18 11:38:00,045 - INFO - Error processing AVAXUSDT: 'BotSettings' object has no attribute 'rsi_oversold'
2026-06-18 11:38:00,088 - INFO - Error processing XLMUSDT: 'BotSettings' object has no attribute 'rsi_overbought'
2026-06-18 11:38:00,391 - INFO - Error processing BNBUSDT: 'BotSettings' object has no attribute 'rsi_oversold'
2026-06-18 11:38:00,407 - INFO - Error processing THETAUSDT: 'BotSettings' object has no attribute 'rsi_oversold'
2026-06-18 11:38:16,134 - INFO - Error processing ENJUSDT: 'BotSettings' object has no attribute 'rsi_overbought'
2026-06-18 11:38:16,156 - INFO - Error processing BNBUSDT: 'BotSettings' object has no attribute 'rsi_oversold'
2026-06-18 11:38:16,241 - INFO - Error processing XLMUSDT: 'BotSettings' object has no attribute 'rsi_overbought'
2026-06-18 11:38:16,303 - INFO - Error processing THETAUSDT: 'BotSettings' object has no attribute 'rsi_oversold'
2026-06-18 11:38:16,339 - INFO - Error processing AVAXUSDT: 'BotSettings' object has no attribute 'rsi_oversold'
2026-06-18 11:38:16,350 - INFO - Error processing CHZUSDT: 'BotSettings' object has no attribute 'rsi_oversold'
2026-06-18 11:38:32,128 - INFO - Error processing BNBUSDT: 'BotSettings' object has no attribute 'rsi_oversold'
2026-06-18 11:38:32,234 - INFO - Error processing ENJUSDT: 'BotSettings' object has no attribute 'rsi_overbought'
2026-06-18 11:38:32,247 - INFO - Error processing XLMUSDT: 'BotSettings' object has no attribute 'rsi_overbought'
2026-06-18 11:38:32,269 - INFO - Error processing CHZUSDT: 'BotSettings' object has no attribute 'rsi_oversold'
2026-06-18 11:38:32,297 - INFO - Error processing THETAUSDT: 'BotSettings' object has no attribute 'rsi_oversold'
2026-06-18 11:38:32,344 - INFO - Error processing AVAXUSDT: 'BotSettings' object has no attribute 'rsi_oversold'
2026-06-18 11:38:48,132 - INFO - Error processing BNBUSDT: 'BotSettings' object has no attribute 'rsi_oversold'
2026-06-18 11:38:48,160 - INFO - Error processing ENJUSDT: 'BotSettings' object has no attribute 'rsi_overbought'
2026-06-18 11:38:48,212 - INFO - Error processing AVAXUSDT: 'BotSettings' object has no attribute 'rsi_oversold'
2026-06-18 11:38:48,224 - INFO - Error processing THETAUSDT: 'BotSettings' object has no attribute 'rsi_oversold'
2026-06-18 11:38:48,250 - INFO - Error processing XLMUSDT: 'BotSettings' object has no attribute 'rsi_overbought'
2026-06-18 11:38:48,274 - INFO - Error processing CHZUSDT: 'BotSettings' object has no attribute 'rsi_oversold'
2026-06-18 11:39:04,505 - INFO - Error processing ENJUSDT: 'BotSettings' object has no attribute 'rsi_overbought'
2026-06-18 11:39:04,526 - INFO - Error processing CHZUSDT: 'BotSettings' object has no attribute 'rsi_oversold'
2026-06-18 11:39:04,587 - INFO - Error processing XLMUSDT: 'BotSettings' object has no attribute 'rsi_overbought'
2026-06-18 11:39:04,612 - INFO - Error processing BNBUSDT: 'BotSettings' object has no attribute 'rsi_oversold'
2026-06-18 11:39:04,670 - INFO - Error processing THETAUSDT: 'BotSettings' object has no attribute 'rsi_oversold'
2026-06-18 11:39:04,875 - INFO - Error processing AVAXUSDT: 'BotSettings' object has no attribute 'rsi_oversold'
2026-06-18 11:39:20,433 - INFO - Error processing BNBUSDT: 'BotSettings' object has no attribute 'rsi_oversold'
2026-06-18 11:39:20,464 - INFO - Error processing ENJUSDT: 'BotSettings' object has no attribute 'rsi_overbought'
2026-06-18 11:39:20,472 - INFO - Error processing XLMUSDT: 'BotSettings' object has no attribute 'rsi_overbought'
2026-06-18 11:39:20,491 - INFO - Error processing CHZUSDT: 'BotSettings' object has no attribute 'rsi_oversold'
2026-06-18 11:39:20,576 - INFO - Error processing AVAXUSDT: 'BotSettings' object has no attribute 'rsi_oversold'
2026-06-18 11:39:20,636 - INFO - Error processing THETAUSDT: 'BotSettings' object has no attribute 'rsi_oversold'
2026-06-18 11:39:36,493 - INFO - Error processing ENJUSDT: 'BotSettings' object has no attribute 'rsi_overbought'
2026-06-18 11:39:36,534 - INFO - Error processing CHZUSDT: 'BotSettings' object has no attribute 'rsi_oversold'
2026-06-18 11:39:36,580 - INFO - Error processing XLMUSDT: 'BotSettings' object has no attribute 'rsi_overbought'
2026-06-18 11:39:36,619 - INFO - Error processing AVAXUSDT: 'BotSettings' object has no attribute 'rsi_oversold'
2026-06-18 11:39:36,631 - INFO - Error processing BNBUSDT: 'BotSettings' object has no attribute 'rsi_oversold'
2026-06-18 11:39:36,955 - INFO - Error processing THETAUSDT: 'BotSettings' object has no attribute 'rsi_oversold'
2026-06-18 11:39:52,398 - INFO - Error processing ENJUSDT: 'BotSettings' object has no attribute 'rsi_overbought'
2026-06-18 11:39:52,416 - INFO - Error processing BNBUSDT: 'BotSettings' object has no attribute 'rsi_oversold'
2026-06-18 11:39:52,539 - INFO - Error processing AVAXUSDT: 'BotSettings' object has no attribute 'rsi_oversold'
2026-06-18 11:39:52,547 - INFO - Error processing XLMUSDT: 'BotSettings' object has no attribute 'rsi_overbought'
2026-06-18 11:39:52,591 - INFO - Error processing THETAUSDT: 'BotSettings' object has no attribute 'rsi_oversold'
2026-06-18 11:39:52,827 - INFO - Error processing CHZUSDT: 'BotSettings' object has no attribute 'rsi_oversold'
2026-06-18 11:40:08,365 - INFO - Error processing ENJUSDT: 'BotSettings' object has no attribute 'rsi_overbought'
2026-06-18 11:40:08,386 - INFO - Error processing BNBUSDT: 'BotSettings' object has no attribute 'rsi_oversold'
2026-06-18 11:40:08,446 - INFO - Error processing THETAUSDT: 'BotSettings' object has no attribute 'rsi_oversold'
2026-06-18 11:40:08,483 - INFO - Error processing CHZUSDT: 'BotSettings' object has no attribute 'rsi_oversold'
2026-06-18 11:40:08,797 - INFO - Error processing XLMUSDT: 'BotSettings' object has no attribute 'rsi_overbought'
2026-06-18 11:40:24,579 - INFO - Error processing ENJUSDT: 'BotSettings' object has no attribute 'rsi_overbought'
2026-06-18 11:40:24,663 - INFO - Error processing AVAXUSDT: 'BotSettings' object has no attribute 'rsi_oversold'
2026-06-18 11:40:24,674 - INFO - Error processing CHZUSDT: 'BotSettings' object has no attribute 'rsi_oversold'
2026-06-18 11:40:24,685 - INFO - Error processing BNBUSDT: 'BotSettings' object has no attribute 'rsi_oversold'
2026-06-18 11:40:24,696 - INFO - Error processing THETAUSDT: 'BotSettings' object has no attribute 'rsi_oversold'
2026-06-18 11:40:24,718 - INFO - Error processing XLMUSDT: 'BotSettings' object has no attribute 'rsi_overbought'
2026-06-18 11:40:40,541 - INFO - Error processing BNBUSDT: 'BotSettings' object has no attribute 'rsi_oversold'
2026-06-18 11:40:40,567 - INFO - Error processing CHZUSDT: 'BotSettings' object has no attribute 'rsi_oversold'
2026-06-18 11:40:40,647 - INFO - Error processing AVAXUSDT: 'BotSettings' object has no attribute 'rsi_oversold'
2026-06-18 11:40:40,669 - INFO - Error processing THETAUSDT: 'BotSettings' object has no attribute 'rsi_oversold'
2026-06-18 11:40:40,969 - INFO - Error processing XLMUSDT: 'BotSettings' object has no attribute 'rsi_overbought'
2026-06-18 11:40:40,993 - INFO - Error processing ENJUSDT: 'BotSettings' object has no attribute 'rsi_overbought'
2026-06-18 11:40:56,442 - INFO - Error processing BNBUSDT: 'BotSettings' object has no attribute 'rsi_oversold'
2026-06-18 11:40:56,469 - INFO - Error processing CHZUSDT: 'BotSettings' object has no attribute 'rsi_oversold'
2026-06-18 11:40:56,542 - INFO - Error processing THETAUSDT: 'BotSettings' object has no attribute 'rsi_oversold'
2026-06-18 11:40:56,559 - INFO - Error processing XLMUSDT: 'BotSettings' object has no attribute 'rsi_overbought'
2026-06-18 11:40:56,637 - INFO - Error processing AVAXUSDT: 'BotSettings' object has no attribute 'rsi_oversold'
2026-06-18 11:40:56,668 - INFO - Error processing ENJUSDT: 'BotSettings' object has no attribute 'rsi_overbought'
2026-06-18 11:41:12,460 - INFO - Error processing BNBUSDT: 'BotSettings' object has no attribute 'rsi_oversold'
2026-06-18 11:41:12,582 - INFO - Error processing THETAUSDT: 'BotSettings' object has no attribute 'rsi_oversold'
2026-06-18 11:41:12,603 - INFO - Error processing AVAXUSDT: 'BotSettings' object has no attribute 'rsi_oversold'
2026-06-18 11:41:12,625 - INFO - Error processing XLMUSDT: 'BotSettings' object has no attribute 'rsi_overbought'
2026-06-18 11:41:12,649 - INFO - Error processing ENJUSDT: 'BotSettings' object has no attribute 'rsi_overbought'
2026-06-18 11:41:12,661 - INFO - Error processing CHZUSDT: 'BotSettings' object has no attribute 'rsi_oversold'
2026-06-18 11:41:28,418 - INFO - Error processing BNBUSDT: 'BotSettings' object has no attribute 'rsi_oversold'
2026-06-18 11:41:28,458 - INFO - Error processing CHZUSDT: 'BotSettings' object has no attribute 'rsi_oversold'
2026-06-18 11:41:28,546 - INFO - Error processing AVAXUSDT: 'BotSettings' object has no attribute 'rsi_oversold'
2026-06-18 11:41:28,581 - INFO - Error processing THETAUSDT: 'BotSettings' object has no attribute 'rsi_oversold'
2026-06-18 11:41:28,610 - INFO - Error processing ENJUSDT: 'BotSettings' object has no attribute 'rsi_overbought'
2026-06-18 11:41:28,630 - INFO - Error processing XLMUSDT: 'BotSettings' object has no attribute 'rsi_overbought'
2026-06-18 11:41:44,435 - INFO - Error processing ENJUSDT: 'BotSettings' object has no attribute 'rsi_overbought'
2026-06-18 11:41:44,514 - INFO - Error processing BNBUSDT: 'BotSettings' object has no attribute 'rsi_oversold'
2026-06-18 11:41:44,558 - INFO - Error processing XLMUSDT: 'BotSettings' object has no attribute 'rsi_overbought'
2026-06-18 11:41:44,579 - INFO - Error processing THETAUSDT: 'BotSettings' object has no attribute 'rsi_oversold'
2026-06-18 11:41:44,590 - INFO - Error processing AVAXUSDT: 'BotSettings' object has no attribute 'rsi_oversold'
2026-06-18 11:41:44,792 - INFO - Error processing CHZUSDT: 'BotSettings' object has no attribute 'rsi_oversold'
2026-06-18 11:42:00,347 - INFO - Error processing BNBUSDT: 'BotSettings' object has no attribute 'rsi_oversold'
2026-06-18 11:42:00,358 - INFO - Error processing CHZUSDT: 'BotSettings' object has no attribute 'rsi_oversold'
2026-06-18 11:42:00,443 - INFO - Error processing ENJUSDT: 'BotSettings' object has no attribute 'rsi_overbought'
2026-06-18 11:42:00,518 - INFO - Error processing THETAUSDT: 'BotSettings' object has no attribute 'rsi_oversold'
2026-06-18 11:42:00,538 - INFO - Error processing XLMUSDT: 'BotSettings' object has no attribute 'rsi_overbought'
2026-06-18 11:42:00,771 - INFO - Error processing AVAXUSDT: 'BotSettings' object has no attribute 'rsi_oversold'
2026-06-18 11:42:16,300 - INFO - Error processing CHZUSDT: 'BotSettings' object has no attribute 'rsi_oversold'
2026-06-18 11:42:16,462 - INFO - Error processing ENJUSDT: 'BotSettings' object has no attribute 'rsi_overbought'
2026-06-18 11:42:16,537 - INFO - Error processing BNBUSDT: 'BotSettings' object has no attribute 'rsi_oversold'
2026-06-18 11:42:16,556 - INFO - Error processing AVAXUSDT: 'BotSettings' object has no attribute 'rsi_oversold'
2026-06-18 11:42:16,567 - INFO - Error processing THETAUSDT: 'BotSettings' object has no attribute 'rsi_oversold'
2026-06-18 11:42:16,588 - INFO - Error processing XLMUSDT: 'BotSettings' object has no attribute 'rsi_overbought'
2026-06-18 11:42:32,393 - INFO - Error processing BNBUSDT: 'BotSettings' object has no attribute 'rsi_oversold'
2026-06-18 11:42:32,448 - INFO - Error processing XLMUSDT: 'BotSettings' object has no attribute 'rsi_overbought'
2026-06-18 11:42:32,482 - INFO - Error processing ENJUSDT: 'BotSettings' object has no attribute 'rsi_overbought'
2026-06-18 11:42:32,504 - INFO - Error processing AVAXUSDT: 'BotSettings' object has no attribute 'rsi_oversold'
2026-06-18 11:42:32,516 - INFO - Error processing THETAUSDT: 'BotSettings' object has no attribute 'rsi_oversold'
2026-06-18 11:42:32,560 - INFO - Error processing CHZUSDT: 'BotSettings' object has no attribute 'rsi_oversold'
2026-06-18 11:42:48,499 - INFO - Error processing ENJUSDT: 'BotSettings' object has no attribute 'rsi_overbought'
2026-06-18 11:42:48,525 - INFO - Error processing BNBUSDT: 'BotSettings' object has no attribute 'rsi_oversold'
2026-06-18 11:42:48,542 - INFO - Error processing XLMUSDT: 'BotSettings' object has no attribute 'rsi_overbought'
2026-06-18 11:42:48,666 - INFO - Error processing AVAXUSDT: 'BotSettings' object has no attribute 'rsi_oversold'
2026-06-18 11:42:48,685 - INFO - Error processing CHZUSDT: 'BotSettings' object has no attribute 'rsi_oversold'
2026-06-18 11:42:48,944 - INFO - Error processing THETAUSDT: 'BotSettings' object has no attribute 'rsi_oversold'
2026-06-18 11:43:04,576 - INFO - Error processing ENJUSDT: 'BotSettings' object has no attribute 'rsi_overbought'
2026-06-18 11:43:04,588 - INFO - Error processing BNBUSDT: 'BotSettings' object has no attribute 'rsi_oversold'
2026-06-18 11:43:04,599 - INFO - Error processing CHZUSDT: 'BotSettings' object has no attribute 'rsi_oversold'
2026-06-18 11:43:04,632 - INFO - Error processing AVAXUSDT: 'BotSettings' object has no attribute 'rsi_oversold'
2026-06-18 11:43:04,646 - INFO - Error processing XLMUSDT: 'BotSettings' object has no attribute 'rsi_overbought'
2026-06-18 11:43:04,670 - INFO - Error processing THETAUSDT: 'BotSettings' object has no attribute 'rsi_oversold'
2026-06-18 11:43:20,581 - INFO - Error processing AVAXUSDT: 'BotSettings' object has no attribute 'rsi_oversold'
2026-06-18 11:43:20,592 - INFO - Error processing ENJUSDT: 'BotSettings' object has no attribute 'rsi_overbought'
2026-06-18 11:43:20,609 - INFO - Error processing BNBUSDT: 'BotSettings' object has no attribute 'rsi_oversold'
2026-06-18 11:43:20,663 - INFO - Error processing CHZUSDT: 'BotSettings' object has no attribute 'rsi_oversold'
2026-06-18 11:43:20,671 - INFO - Error processing XLMUSDT: 'BotSettings' object has no attribute 'rsi_overbought'
2026-06-18 11:43:20,704 - INFO - Error processing THETAUSDT: 'BotSettings' object has no attribute 'rsi_oversold'
2026-06-18 11:43:36,502 - INFO - Error processing ENJUSDT: 'BotSettings' object has no attribute 'rsi_overbought'
2026-06-18 11:43:36,623 - INFO - Error processing THETAUSDT: 'BotSettings' object has no attribute 'rsi_oversold'
2026-06-18 11:43:36,644 - INFO - Error processing BNBUSDT: 'BotSettings' object has no attribute 'rsi_oversold'
2026-06-18 11:43:36,655 - INFO - Error processing CHZUSDT: 'BotSettings' object has no attribute 'rsi_oversold'
2026-06-18 11:43:36,671 - INFO - Error processing AVAXUSDT: 'BotSettings' object has no attribute 'rsi_oversold'
2026-06-18 11:43:36,712 - INFO - Error processing XLMUSDT: 'BotSettings' object has no attribute 'rsi_overbought'
2026-06-18 11:43:52,497 - INFO - Error processing BNBUSDT: 'BotSettings' object has no attribute 'rsi_oversold'
2026-06-18 11:43:52,522 - INFO - Error processing ENJUSDT: 'BotSettings' object has no attribute 'rsi_overbought'
2026-06-18 11:43:52,611 - INFO - Error processing XLMUSDT: 'BotSettings' object has no attribute 'rsi_overbought'
2026-06-18 11:43:52,652 - INFO - Error processing CHZUSDT: 'BotSettings' object has no attribute 'rsi_oversold'
2026-06-18 11:43:52,683 - INFO - Error processing THETAUSDT: 'BotSettings' object has no attribute 'rsi_oversold'
2026-06-18 11:43:52,913 - INFO - Error processing AVAXUSDT: 'BotSettings' object has no attribute 'rsi_oversold'
2026-06-18 11:44:08,443 - INFO - Error processing ENJUSDT: 'BotSettings' object has no attribute 'rsi_overbought'
2026-06-18 11:44:08,466 - INFO - Error processing XLMUSDT: 'BotSettings' object has no attribute 'rsi_overbought'
2026-06-18 11:44:08,567 - INFO - Error processing CHZUSDT: 'BotSettings' object has no attribute 'rsi_oversold'
2026-06-18 11:44:08,626 - INFO - Error processing AVAXUSDT: 'BotSettings' object has no attribute 'rsi_oversold'
2026-06-18 11:44:08,647 - INFO - Error processing BNBUSDT: 'BotSettings' object has no attribute 'rsi_oversold'
2026-06-18 11:44:08,663 - INFO - Error processing THETAUSDT: 'BotSettings' object has no attribute 'rsi_oversold'
2026-06-18 11:44:24,462 - INFO - Error processing ENJUSDT: 'BotSettings' object has no attribute 'rsi_overbought'
2026-06-18 11:44:24,483 - INFO - Error processing BNBUSDT: 'BotSettings' object has no attribute 'rsi_oversold'
2026-06-18 11:44:24,570 - INFO - Error processing AVAXUSDT: 'BotSettings' object has no attribute 'rsi_oversold'
2026-06-18 11:44:24,593 - INFO - Error processing XLMUSDT: 'BotSettings' object has no attribute 'rsi_overbought'
2026-06-18 11:44:24,610 - INFO - Error processing CHZUSDT: 'BotSettings' object has no attribute 'rsi_oversold'
2026-06-18 11:44:24,634 - INFO - Error processing THETAUSDT: 'BotSettings' object has no attribute 'rsi_oversold'
2026-06-18 11:44:40,387 - INFO - Error processing BNBUSDT: 'BotSettings' object has no attribute 'rsi_oversold'
2026-06-18 11:44:40,492 - INFO - Error processing CHZUSDT: 'BotSettings' object has no attribute 'rsi_oversold'
2026-06-18 11:44:40,502 - INFO - Error processing ENJUSDT: 'BotSettings' object has no attribute 'rsi_overbought'
2026-06-18 11:44:40,572 - INFO - Error processing THETAUSDT: 'BotSettings' object has no attribute 'rsi_oversold'
2026-06-18 11:44:40,816 - INFO - Error processing AVAXUSDT: 'BotSettings' object has no attribute 'rsi_oversold'
2026-06-18 11:44:40,827 - INFO - Error processing XLMUSDT: 'BotSettings' object has no attribute 'rsi_overbought'
2026-06-18 11:44:56,367 - INFO - Error processing ENJUSDT: 'BotSettings' object has no attribute 'rsi_overbought'
2026-06-18 11:44:56,485 - INFO - Error processing CHZUSDT: 'BotSettings' object has no attribute 'rsi_oversold'
2026-06-18 11:44:56,494 - INFO - Error processing XLMUSDT: 'BotSettings' object has no attribute 'rsi_overbought'
2026-06-18 11:44:56,505 - INFO - Error processing BNBUSDT: 'BotSettings' object has no attribute 'rsi_oversold'
2026-06-18 11:44:56,554 - INFO - Error processing THETAUSDT: 'BotSettings' object has no attribute 'rsi_oversold'
2026-06-18 11:44:56,594 - INFO - Error processing AVAXUSDT: 'BotSettings' object has no attribute 'rsi_oversold'
2026-06-18 11:45:12,719 - INFO - Error processing BNBUSDT: 'BotSettings' object has no attribute 'rsi_oversold'
2026-06-18 11:45:12,800 - INFO - Error processing AVAXUSDT: 'BotSettings' object has no attribute 'rsi_oversold'
2026-06-18 11:45:12,817 - INFO - Error processing CHZUSDT: 'BotSettings' object has no attribute 'rsi_oversold'
2026-06-18 11:45:12,875 - INFO - Error processing THETAUSDT: 'BotSettings' object has no attribute 'rsi_oversold'
2026-06-18 11:45:13,112 - INFO - Error processing XLMUSDT: 'BotSettings' object has no attribute 'rsi_overbought'
2026-06-18 11:45:13,141 - INFO - Error processing ENJUSDT: 'BotSettings' object has no attribute 'rsi_overbought'
2026-06-18 11:45:29,077 - INFO - Error processing BNBUSDT: 'BotSettings' object has no attribute 'rsi_oversold'
2026-06-18 11:45:29,141 - INFO - Error processing XLMUSDT: 'BotSettings' object has no attribute 'rsi_overbought'
2026-06-18 11:45:29,161 - INFO - Error processing CHZUSDT: 'BotSettings' object has no attribute 'rsi_oversold'
2026-06-18 11:45:29,176 - INFO - Error processing ENJUSDT: 'BotSettings' object has no attribute 'rsi_overbought'
2026-06-18 11:45:29,228 - INFO - Error processing AVAXUSDT: 'BotSettings' object has no attribute 'rsi_oversold'
2026-06-18 11:45:29,266 - INFO - Error processing THETAUSDT: 'BotSettings' object has no attribute 'rsi_oversold'
2026-06-18 11:45:45,035 - INFO - Error processing XLMUSDT: 'BotSettings' object has no attribute 'rsi_overbought'
2026-06-18 11:45:45,047 - INFO - Error processing CHZUSDT: 'BotSettings' object has no attribute 'rsi_oversold'
2026-06-18 11:45:45,071 - INFO - Error processing ENJUSDT: 'BotSettings' object has no attribute 'rsi_overbought'
2026-06-18 11:45:45,195 - INFO - Error processing AVAXUSDT: 'BotSettings' object has no attribute 'rsi_oversold'
2026-06-18 11:45:45,230 - INFO - Error processing THETAUSDT: 'BotSettings' object has no attribute 'rsi_oversold'
2026-06-18 11:45:45,253 - INFO - Error processing BNBUSDT: 'BotSettings' object has no attribute 'rsi_oversold'
2026-06-18 11:46:01,022 - INFO - Error processing ENJUSDT: 'BotSettings' object has no attribute 'rsi_overbought'
2026-06-18 11:46:01,107 - INFO - Error processing CHZUSDT: 'BotSettings' object has no attribute 'rsi_oversold'
2026-06-18 11:46:01,132 - INFO - Error processing AVAXUSDT: 'BotSettings' object has no attribute 'rsi_oversold'
2026-06-18 11:46:01,162 - INFO - Error processing THETAUSDT: 'BotSettings' object has no attribute 'rsi_oversold'
2026-06-18 11:46:01,174 - INFO - Error processing BNBUSDT: 'BotSettings' object has no attribute 'rsi_oversold'
2026-06-18 11:46:01,184 - INFO - Error processing XLMUSDT: 'BotSettings' object has no attribute 'rsi_overbought'
2026-06-18 11:46:16,975 - INFO - Error processing CHZUSDT: 'BotSettings' object has no attribute 'rsi_oversold'
2026-06-18 11:46:17,028 - INFO - Error processing ENJUSDT: 'BotSettings' object has no attribute 'rsi_overbought'
2026-06-18 11:46:17,076 - INFO - Error processing BNBUSDT: 'BotSettings' object has no attribute 'rsi_oversold'
2026-06-18 11:46:17,087 - INFO - Error processing AVAXUSDT: 'BotSettings' object has no attribute 'rsi_oversold'
2026-06-18 11:46:17,101 - INFO - Error processing XLMUSDT: 'BotSettings' object has no attribute 'rsi_overbought'
2026-06-18 11:46:17,411 - INFO - Error processing THETAUSDT: 'BotSettings' object has no attribute 'rsi_oversold'
2026-06-18 11:46:32,982 - INFO - Error processing BNBUSDT: 'BotSettings' object has no attribute 'rsi_oversold'
2026-06-18 11:46:33,041 - INFO - Error processing ENJUSDT: 'BotSettings' object has no attribute 'rsi_overbought'
2026-06-18 11:46:33,066 - INFO - Error processing CHZUSDT: 'BotSettings' object has no attribute 'rsi_oversold'
2026-06-18 11:46:33,147 - INFO - Error processing AVAXUSDT: 'BotSettings' object has no attribute 'rsi_oversold'
2026-06-18 11:46:33,161 - INFO - Error processing XLMUSDT: 'BotSettings' object has no attribute 'rsi_overbought'
2026-06-18 11:46:33,173 - INFO - Error processing THETAUSDT: 'BotSettings' object has no attribute 'rsi_oversold'
2026-06-18 11:46:48,931 - INFO - Error processing BNBUSDT: 'BotSettings' object has no attribute 'rsi_oversold'
2026-06-18 11:46:48,969 - INFO - Error processing ENJUSDT: 'BotSettings' object has no attribute 'rsi_overbought'
2026-06-18 11:46:49,009 - INFO - Error processing CHZUSDT: 'BotSettings' object has no attribute 'rsi_oversold'
2026-06-18 11:46:49,075 - INFO - Error processing AVAXUSDT: 'BotSettings' object has no attribute 'rsi_oversold'
2026-06-18 11:46:49,130 - INFO - Error processing THETAUSDT: 'BotSettings' object has no attribute 'rsi_oversold'
2026-06-18 11:46:49,155 - INFO - Error processing XLMUSDT: 'BotSettings' object has no attribute 'rsi_overbought'
2026-06-18 11:47:05,093 - INFO - Error processing ENJUSDT: 'BotSettings' object has no attribute 'rsi_overbought'
2026-06-18 11:47:05,160 - INFO - Error processing XLMUSDT: 'BotSettings' object has no attribute 'rsi_overbought'
2026-06-18 11:47:05,177 - INFO - Error processing AVAXUSDT: 'BotSettings' object has no attribute 'rsi_oversold'
2026-06-18 11:47:05,193 - INFO - Error processing CHZUSDT: 'BotSettings' object has no attribute 'rsi_oversold'
2026-06-18 11:47:05,205 - INFO - Error processing BNBUSDT: 'BotSettings' object has no attribute 'rsi_oversold'
2026-06-18 11:47:05,291 - INFO - Error processing THETAUSDT: 'BotSettings' object has no attribute 'rsi_oversold'
2026-06-18 11:47:21,059 - INFO - Error processing XLMUSDT: 'BotSettings' object has no attribute 'rsi_overbought'
2026-06-18 11:47:21,079 - INFO - Error processing CHZUSDT: 'BotSettings' object has no attribute 'rsi_oversold'
2026-06-18 11:47:21,200 - INFO - Error processing BNBUSDT: 'BotSettings' object has no attribute 'rsi_oversold'
2026-06-18 11:47:21,210 - INFO - Error processing ENJUSDT: 'BotSettings' object has no attribute 'rsi_overbought'
2026-06-18 11:47:21,230 - INFO - Error processing AVAXUSDT: 'BotSettings' object has no attribute 'rsi_oversold'
2026-06-18 11:47:21,247 - INFO - Error processing THETAUSDT: 'BotSettings' object has no attribute 'rsi_oversold'
2026-06-18 11:47:37,012 - INFO - Error processing CHZUSDT: 'BotSettings' object has no attribute 'rsi_oversold'
2026-06-18 11:47:37,024 - INFO - Error processing ENJUSDT: 'BotSettings' object has no attribute 'rsi_overbought'
2026-06-18 11:47:37,101 - INFO - Error processing BNBUSDT: 'BotSettings' object has no attribute 'rsi_oversold'
2026-06-18 11:47:37,183 - INFO - Error processing AVAXUSDT: 'BotSettings' object has no attribute 'rsi_oversold'
2026-06-18 11:47:37,221 - INFO - Error processing THETAUSDT: 'BotSettings' object has no attribute 'rsi_oversold'
2026-06-18 11:47:37,247 - INFO - Error processing XLMUSDT: 'BotSettings' object has no attribute 'rsi_overbought'
2026-06-18 11:47:52,973 - INFO - Error processing ENJUSDT: 'BotSettings' object has no attribute 'rsi_overbought'
2026-06-18 11:47:53,017 - INFO - Error processing BNBUSDT: 'BotSettings' object has no attribute 'rsi_oversold'
2026-06-18 11:47:53,106 - INFO - Error processing CHZUSDT: 'BotSettings' object has no attribute 'rsi_oversold'
2026-06-18 11:47:53,149 - INFO - Error processing THETAUSDT: 'BotSettings' object has no attribute 'rsi_oversold'
2026-06-18 11:47:53,166 - INFO - Error processing AVAXUSDT: 'BotSettings' object has no attribute 'rsi_oversold'
2026-06-18 11:47:53,215 - INFO - Error processing XLMUSDT: 'BotSettings' object has no attribute 'rsi_overbought'
2026-06-18 11:48:09,012 - INFO - Error processing CHZUSDT: 'BotSettings' object has no attribute 'rsi_oversold'
2026-06-18 11:48:09,055 - INFO - Error processing BNBUSDT: 'BotSettings' object has no attribute 'rsi_oversold'
2026-06-18 11:48:09,094 - INFO - Error processing AVAXUSDT: 'BotSettings' object has no attribute 'rsi_oversold'
2026-06-18 11:48:09,136 - INFO - Error processing XLMUSDT: 'BotSettings' object has no attribute 'rsi_overbought'
2026-06-18 11:48:09,327 - INFO - Error processing ENJUSDT: 'BotSettings' object has no attribute 'rsi_overbought'
2026-06-18 11:48:09,381 - INFO - Error processing THETAUSDT: 'BotSettings' object has no attribute 'rsi_oversold'
2026-06-18 11:48:24,951 - INFO - Error processing XLMUSDT: 'BotSettings' object has no attribute 'rsi_overbought'
2026-06-18 11:48:24,969 - INFO - Error processing ENJUSDT: 'BotSettings' object has no attribute 'rsi_overbought'
2026-06-18 11:48:24,982 - INFO - Error processing BNBUSDT: 'BotSettings' object has no attribute 'rsi_oversold'
2026-06-18 11:48:25,054 - INFO - Error processing THETAUSDT: 'BotSettings' object has no attribute 'rsi_oversold'
2026-06-18 11:48:25,080 - INFO - Error processing CHZUSDT: 'BotSettings' object has no attribute 'rsi_oversold'
2026-06-18 11:48:25,112 - INFO - Error processing AVAXUSDT: 'BotSettings' object has no attribute 'rsi_oversold'
2026-06-18 11:48:40,886 - INFO - Error processing BNBUSDT: 'BotSettings' object has no attribute 'rsi_oversold'
2026-06-18 11:48:41,031 - INFO - Error processing THETAUSDT: 'BotSettings' object has no attribute 'rsi_oversold'
2026-06-18 11:48:41,052 - INFO - Error processing XLMUSDT: 'BotSettings' object has no attribute 'rsi_overbought'
2026-06-18 11:48:41,075 - INFO - Error processing ENJUSDT: 'BotSettings' object has no attribute 'rsi_overbought'
2026-06-18 11:48:41,109 - INFO - Error processing AVAXUSDT: 'BotSettings' object has no attribute 'rsi_oversold'
2026-06-18 11:48:41,120 - INFO - Error processing CHZUSDT: 'BotSettings' object has no attribute 'rsi_oversold'
2026-06-18 11:48:56,904 - INFO - Error processing ENJUSDT: 'BotSettings' object has no attribute 'rsi_overbought'
2026-06-18 11:48:56,938 - INFO - Error processing BNBUSDT: 'BotSettings' object has no attribute 'rsi_oversold'
2026-06-18 11:48:56,950 - INFO - Error processing CHZUSDT: 'BotSettings' object has no attribute 'rsi_oversold'
2026-06-18 11:48:57,060 - INFO - Error processing XLMUSDT: 'BotSettings' object has no attribute 'rsi_overbought'
2026-06-18 11:48:57,077 - INFO - Error processing THETAUSDT: 'BotSettings' object has no attribute 'rsi_oversold'
2026-06-18 11:48:57,299 - INFO - Error processing AVAXUSDT: 'BotSettings' object has no attribute 'rsi_oversold'
2026-06-18 11:49:12,822 - INFO - Error processing BNBUSDT: 'BotSettings' object has no attribute 'rsi_oversold'
2026-06-18 11:49:12,848 - INFO - Error processing CHZUSDT: 'BotSettings' object has no attribute 'rsi_oversold'
2026-06-18 11:49:12,942 - INFO - Error processing ENJUSDT: 'BotSettings' object has no attribute 'rsi_overbought'
2026-06-18 11:49:12,971 - INFO - Error processing XLMUSDT: 'BotSettings' object has no attribute 'rsi_overbought'
2026-06-18 11:49:13,021 - INFO - Error processing THETAUSDT: 'BotSettings' object has no attribute 'rsi_oversold'
2026-06-18 11:49:13,273 - INFO - Error processing AVAXUSDT: 'BotSettings' object has no attribute 'rsi_oversold'
2026-06-18 11:49:28,805 - INFO - Error processing ENJUSDT: 'BotSettings' object has no attribute 'rsi_overbought'
2026-06-18 11:49:28,816 - INFO - Error processing CHZUSDT: 'BotSettings' object has no attribute 'rsi_oversold'
2026-06-18 11:49:28,889 - INFO - Error processing BNBUSDT: 'BotSettings' object has no attribute 'rsi_oversold'
2026-06-18 11:49:28,925 - INFO - Error processing XLMUSDT: 'BotSettings' object has no attribute 'rsi_overbought'
2026-06-18 11:49:29,007 - INFO - Error processing THETAUSDT: 'BotSettings' object has no attribute 'rsi_oversold'
2026-06-18 11:49:29,018 - INFO - Error processing AVAXUSDT: 'BotSettings' object has no attribute 'rsi_oversold'
2026-06-18 11:49:44,810 - INFO - Error processing BNBUSDT: 'BotSettings' object has no attribute 'rsi_oversold'
2026-06-18 11:49:44,882 - INFO - Error processing THETAUSDT: 'BotSettings' object has no attribute 'rsi_oversold'
2026-06-18 11:49:44,924 - INFO - Error processing XLMUSDT: 'BotSettings' object has no attribute 'rsi_overbought'
2026-06-18 11:49:44,969 - INFO - Error processing AVAXUSDT: 'BotSettings' object has no attribute 'rsi_oversold'
2026-06-18 11:49:45,198 - INFO - Error processing CHZUSDT: 'BotSettings' object has no attribute 'rsi_oversold'
2026-06-18 11:49:45,208 - INFO - Error processing ENJUSDT: 'BotSettings' object has no attribute 'rsi_overbought'
2026-06-18 11:50:01,141 - INFO - Error processing CHZUSDT: 'BotSettings' object has no attribute 'rsi_oversold'
2026-06-18 11:50:01,163 - INFO - Error processing BNBUSDT: 'BotSettings' object has no attribute 'rsi_oversold'
2026-06-18 11:50:01,238 - INFO - Error processing THETAUSDT: 'BotSettings' object has no attribute 'rsi_oversold'
2026-06-18 11:50:01,274 - INFO - Error processing ENJUSDT: 'BotSettings' object has no attribute 'rsi_overbought'
2026-06-18 11:50:01,300 - INFO - Error processing XLMUSDT: 'BotSettings' object has no attribute 'rsi_overbought'
2026-06-18 11:50:01,335 - INFO - Error processing AVAXUSDT: 'BotSettings' object has no attribute 'rsi_oversold'
2026-06-18 11:50:17,100 - INFO - Error processing ENJUSDT: 'BotSettings' object has no attribute 'rsi_overbought'
2026-06-18 11:50:17,112 - INFO - Error processing CHZUSDT: 'BotSettings' object has no attribute 'rsi_oversold'
2026-06-18 11:50:17,230 - INFO - Error processing AVAXUSDT: 'BotSettings' object has no attribute 'rsi_oversold'
2026-06-18 11:50:17,246 - INFO - Error processing XLMUSDT: 'BotSettings' object has no attribute 'rsi_overbought'
2026-06-18 11:50:17,294 - INFO - Error processing THETAUSDT: 'BotSettings' object has no attribute 'rsi_oversold'
2026-06-18 11:50:17,317 - INFO - Error processing BNBUSDT: 'BotSettings' object has no attribute 'rsi_oversold'
2026-06-18 11:50:33,058 - INFO - Error processing BNBUSDT: 'BotSettings' object has no attribute 'rsi_oversold'
2026-06-18 11:50:33,086 - INFO - Error processing CHZUSDT: 'BotSettings' object has no attribute 'rsi_oversold'
2026-06-18 11:50:33,107 - INFO - Error processing ENJUSDT: 'BotSettings' object has no attribute 'rsi_overbought'
2026-06-18 11:50:33,191 - INFO - Error processing THETAUSDT: 'BotSettings' object has no attribute 'rsi_oversold'
2026-06-18 11:50:33,220 - INFO - Error processing AVAXUSDT: 'BotSettings' object has no attribute 'rsi_oversold'
2026-06-18 11:50:33,228 - INFO - Error processing XLMUSDT: 'BotSettings' object has no attribute 'rsi_overbought'
2026-06-18 11:50:49,103 - INFO - Error processing XLMUSDT: 'BotSettings' object has no attribute 'rsi_overbought'
2026-06-18 11:50:49,113 - INFO - Error processing ENJUSDT: 'BotSettings' object has no attribute 'rsi_overbought'
2026-06-18 11:50:49,124 - INFO - Error processing CHZUSDT: 'BotSettings' object has no attribute 'rsi_oversold'
2026-06-18 11:50:49,157 - INFO - Error processing BNBUSDT: 'BotSettings' object has no attribute 'rsi_oversold'
2026-06-18 11:50:49,218 - INFO - Error processing AVAXUSDT: 'BotSettings' object has no attribute 'rsi_oversold'
2026-06-18 11:50:49,229 - INFO - Error processing THETAUSDT: 'BotSettings' object has no attribute 'rsi_oversold'
2026-06-18 11:51:05,222 - INFO - Error processing BNBUSDT: 'BotSettings' object has no attribute 'rsi_oversold'
2026-06-18 11:51:05,252 - INFO - Error processing ENJUSDT: 'BotSettings' object has no attribute 'rsi_overbought'
2026-06-18 11:51:05,264 - INFO - Error processing CHZUSDT: 'BotSettings' object has no attribute 'rsi_oversold'
2026-06-18 11:51:05,352 - INFO - Error processing XLMUSDT: 'BotSettings' object has no attribute 'rsi_overbought'
2026-06-18 11:51:05,398 - INFO - Error processing AVAXUSDT: 'BotSettings' object has no attribute 'rsi_oversold'
2026-06-18 11:51:05,433 - INFO - Error processing THETAUSDT: 'BotSettings' object has no attribute 'rsi_oversold'
2026-06-18 11:51:21,214 - INFO - Error processing ENJUSDT: 'BotSettings' object has no attribute 'rsi_overbought'
2026-06-18 11:51:21,238 - INFO - Error processing BNBUSDT: 'BotSettings' object has no attribute 'rsi_oversold'
2026-06-18 11:51:21,250 - INFO - Error processing CHZUSDT: 'BotSettings' object has no attribute 'rsi_oversold'
2026-06-18 11:51:21,299 - INFO - Error processing AVAXUSDT: 'BotSettings' object has no attribute 'rsi_oversold'
2026-06-18 11:51:21,329 - INFO - Error processing XLMUSDT: 'BotSettings' object has no attribute 'rsi_overbought'
2026-06-18 11:51:21,371 - INFO - Error processing THETAUSDT: 'BotSettings' object has no attribute 'rsi_oversold'
2026-06-18 11:51:37,270 - INFO - Error processing ENJUSDT: 'BotSettings' object has no attribute 'rsi_overbought'
2026-06-18 11:51:37,281 - INFO - Error processing CHZUSDT: 'BotSettings' object has no attribute 'rsi_oversold'
2026-06-18 11:51:37,299 - INFO - Error processing XLMUSDT: 'BotSettings' object has no attribute 'rsi_overbought'
2026-06-18 11:51:37,354 - INFO - Error processing AVAXUSDT: 'BotSettings' object has no attribute 'rsi_oversold'
2026-06-18 11:51:37,370 - INFO - Error processing THETAUSDT: 'BotSettings' object has no attribute 'rsi_oversold'
2026-06-18 11:51:37,392 - INFO - Error processing BNBUSDT: 'BotSettings' object has no attribute 'rsi_oversold'
2026-06-18 11:51:53,208 - INFO - Error processing ENJUSDT: 'BotSettings' object has no attribute 'rsi_overbought'
2026-06-18 11:51:53,220 - INFO - Error processing BNBUSDT: 'BotSettings' object has no attribute 'rsi_oversold'
2026-06-18 11:51:53,231 - INFO - Error processing CHZUSDT: 'BotSettings' object has no attribute 'rsi_oversold'
2026-06-18 11:51:53,340 - INFO - Error processing AVAXUSDT: 'BotSettings' object has no attribute 'rsi_oversold'
2026-06-18 11:51:53,377 - INFO - Error processing THETAUSDT: 'BotSettings' object has no attribute 'rsi_oversold'
2026-06-18 11:51:53,386 - INFO - Error processing XLMUSDT: 'BotSettings' object has no attribute 'rsi_overbought'
2026-06-18 11:52:09,173 - INFO - Error processing BNBUSDT: 'BotSettings' object has no attribute 'rsi_oversold'
2026-06-18 11:52:09,211 - INFO - Error processing CHZUSDT: 'BotSettings' object has no attribute 'rsi_oversold'
2026-06-18 11:52:09,316 - INFO - Error processing THETAUSDT: 'BotSettings' object has no attribute 'rsi_oversold'
2026-06-18 11:52:09,377 - INFO - Error processing ENJUSDT: 'BotSettings' object has no attribute 'rsi_overbought'
2026-06-18 11:52:09,385 - INFO - Error processing XLMUSDT: 'BotSettings' object has no attribute 'rsi_overbought'
2026-06-18 11:52:09,410 - INFO - Error processing AVAXUSDT: 'BotSettings' object has no attribute 'rsi_oversold'
2026-06-18 11:52:25,378 - INFO - Error processing BNBUSDT: 'BotSettings' object has no attribute 'rsi_oversold'
2026-06-18 11:52:25,464 - INFO - Error processing THETAUSDT: 'BotSettings' object has no attribute 'rsi_oversold'
2026-06-18 11:52:25,500 - INFO - Error processing CHZUSDT: 'BotSettings' object has no attribute 'rsi_oversold'
2026-06-18 11:52:25,512 - INFO - Error processing AVAXUSDT: 'BotSettings' object has no attribute 'rsi_oversold'
2026-06-18 11:52:25,528 - INFO - Error processing ENJUSDT: 'BotSettings' object has no attribute 'rsi_overbought'
2026-06-18 11:52:25,537 - INFO - Error processing XLMUSDT: 'BotSettings' object has no attribute 'rsi_overbought'
2026-06-18 11:52:41,723 - INFO - Error processing BNBUSDT: 'BotSettings' object has no attribute 'rsi_oversold'
2026-06-18 11:52:41,853 - INFO - Error processing THETAUSDT: 'BotSettings' object has no attribute 'rsi_oversold'
2026-06-18 11:52:41,880 - INFO - Error processing AVAXUSDT: 'BotSettings' object has no attribute 'rsi_oversold'
2026-06-18 11:52:41,895 - INFO - Error processing ENJUSDT: 'BotSettings' object has no attribute 'rsi_overbought'
2026-06-18 11:52:41,906 - INFO - Error processing CHZUSDT: 'BotSettings' object has no attribute 'rsi_oversold'
2026-06-18 11:52:41,923 - INFO - Error processing XLMUSDT: 'BotSettings' object has no attribute 'rsi_overbought'
2026-06-18 11:52:57,737 - INFO - Error processing ENJUSDT: 'BotSettings' object has no attribute 'rsi_overbought'
2026-06-18 11:52:57,751 - INFO - Error processing BNBUSDT: 'BotSettings' object has no attribute 'rsi_oversold'
2026-06-18 11:52:57,812 - INFO - Error processing THETAUSDT: 'BotSettings' object has no attribute 'rsi_oversold'
2026-06-18 11:52:57,858 - INFO - Error processing AVAXUSDT: 'BotSettings' object has no attribute 'rsi_oversold'
2026-06-18 11:52:57,871 - INFO - Error processing XLMUSDT: 'BotSettings' object has no attribute 'rsi_overbought'
2026-06-18 11:52:57,933 - INFO - Error processing CHZUSDT: 'BotSettings' object has no attribute 'rsi_oversold'
2026-06-18 11:53:13,742 - INFO - Error processing CHZUSDT: 'BotSettings' object has no attribute 'rsi_oversold'
2026-06-18 11:53:13,752 - INFO - Error processing ENJUSDT: 'BotSettings' object has no attribute 'rsi_overbought'
2026-06-18 11:53:13,771 - INFO - Error processing BNBUSDT: 'BotSettings' object has no attribute 'rsi_oversold'
2026-06-18 11:53:13,846 - INFO - Error processing THETAUSDT: 'BotSettings' object has no attribute 'rsi_oversold'
2026-06-18 11:53:13,855 - INFO - Error processing XLMUSDT: 'BotSettings' object has no attribute 'rsi_overbought'
2026-06-18 11:53:13,914 - INFO - Error processing AVAXUSDT: 'BotSettings' object has no attribute 'rsi_oversold'
2026-06-18 11:53:29,775 - INFO - Error processing CHZUSDT: 'BotSettings' object has no attribute 'rsi_oversold'
2026-06-18 11:53:29,786 - INFO - Error processing ENJUSDT: 'BotSettings' object has no attribute 'rsi_overbought'
2026-06-18 11:53:29,879 - INFO - Error processing BNBUSDT: 'BotSettings' object has no attribute 'rsi_oversold'
2026-06-18 11:53:29,917 - INFO - Error processing XLMUSDT: 'BotSettings' object has no attribute 'rsi_overbought'
2026-06-18 11:53:29,951 - INFO - Error processing AVAXUSDT: 'BotSettings' object has no attribute 'rsi_oversold'
2026-06-18 11:53:30,194 - INFO - Error processing THETAUSDT: 'BotSettings' object has no attribute 'rsi_oversold'
2026-06-18 11:53:46,153 - INFO - Error processing BNBUSDT: 'BotSettings' object has no attribute 'rsi_oversold'
2026-06-18 11:53:46,162 - INFO - Error processing XLMUSDT: 'BotSettings' object has no attribute 'rsi_overbought'
2026-06-18 11:53:46,181 - INFO - Error processing CHZUSDT: 'BotSettings' object has no attribute 'rsi_oversold'
2026-06-18 11:53:46,200 - INFO - Error processing ENJUSDT: 'BotSettings' object has no attribute 'rsi_overbought'
2026-06-18 11:53:46,273 - INFO - Error processing AVAXUSDT: 'BotSettings' object has no attribute 'rsi_oversold'
2026-06-18 11:53:46,291 - INFO - Error processing THETAUSDT: 'BotSettings' object has no attribute 'rsi_oversold'
2026-06-18 11:54:02,106 - INFO - Error processing BNBUSDT: 'BotSettings' object has no attribute 'rsi_oversold'
2026-06-18 11:54:02,117 - INFO - Error processing XLMUSDT: 'BotSettings' object has no attribute 'rsi_overbought'
2026-06-18 11:54:02,213 - INFO - Error processing CHZUSDT: 'BotSettings' object has no attribute 'rsi_oversold'
2026-06-18 11:54:02,228 - INFO - Error processing ENJUSDT: 'BotSettings' object has no attribute 'rsi_overbought'
2026-06-18 11:54:02,240 - INFO - Error processing AVAXUSDT: 'BotSettings' object has no attribute 'rsi_oversold'
2026-06-18 11:54:02,295 - INFO - Error processing THETAUSDT: 'BotSettings' object has no attribute 'rsi_oversold'
2026-06-18 11:54:18,078 - INFO - Error processing CHZUSDT: 'BotSettings' object has no attribute 'rsi_oversold'
2026-06-18 11:54:18,135 - INFO - Error processing XLMUSDT: 'BotSettings' object has no attribute 'rsi_overbought'
2026-06-18 11:54:18,151 - INFO - Error processing BNBUSDT: 'BotSettings' object has no attribute 'rsi_oversold'
2026-06-18 11:54:18,211 - INFO - Error processing ENJUSDT: 'BotSettings' object has no attribute 'rsi_overbought'
2026-06-18 11:54:18,240 - INFO - Error processing THETAUSDT: 'BotSettings' object has no attribute 'rsi_oversold'
2026-06-18 11:54:18,511 - INFO - Error processing AVAXUSDT: 'BotSettings' object has no attribute 'rsi_oversold'
2026-06-18 11:54:34,383 - INFO - Error processing ENJUSDT: 'BotSettings' object has no attribute 'rsi_overbought'
2026-06-18 11:54:34,471 - INFO - Error processing AVAXUSDT: 'BotSettings' object has no attribute 'rsi_oversold'
2026-06-18 11:54:34,489 - INFO - Error processing CHZUSDT: 'BotSettings' object has no attribute 'rsi_oversold'
2026-06-18 11:54:34,530 - INFO - Error processing XLMUSDT: 'BotSettings' object has no attribute 'rsi_overbought'
2026-06-18 11:54:34,542 - INFO - Error processing BNBUSDT: 'BotSettings' object has no attribute 'rsi_oversold'
2026-06-18 11:54:34,582 - INFO - Error processing THETAUSDT: 'BotSettings' object has no attribute 'rsi_oversold'
2026-06-18 11:54:50,377 - INFO - Error processing CHZUSDT: 'BotSettings' object has no attribute 'rsi_oversold'
2026-06-18 11:54:50,390 - INFO - Error processing BNBUSDT: 'BotSettings' object has no attribute 'rsi_oversold'
2026-06-18 11:54:50,464 - INFO - Error processing ENJUSDT: 'BotSettings' object has no attribute 'rsi_overbought'
2026-06-18 11:54:50,507 - INFO - Error processing AVAXUSDT: 'BotSettings' object has no attribute 'rsi_oversold'
2026-06-18 11:54:50,548 - INFO - Error processing XLMUSDT: 'BotSettings' object has no attribute 'rsi_overbought'
2026-06-18 11:54:50,785 - INFO - Error processing THETAUSDT: 'BotSettings' object has no attribute 'rsi_oversold'
2026-06-18 11:55:06,336 - INFO - Error processing BNBUSDT: 'BotSettings' object has no attribute 'rsi_oversold'
2026-06-18 11:55:06,412 - INFO - Error processing CHZUSDT: 'BotSettings' object has no attribute 'rsi_oversold'
2026-06-18 11:55:06,466 - INFO - Error processing AVAXUSDT: 'BotSettings' object has no attribute 'rsi_oversold'
2026-06-18 11:55:06,482 - INFO - Error processing THETAUSDT: 'BotSettings' object has no attribute 'rsi_oversold'
2026-06-18 11:55:06,502 - INFO - Error processing XLMUSDT: 'BotSettings' object has no attribute 'rsi_overbought'
2026-06-18 11:55:06,753 - INFO - Error processing ENJUSDT: 'BotSettings' object has no attribute 'rsi_overbought'
2026-06-18 11:55:22,305 - INFO - Error processing BNBUSDT: 'BotSettings' object has no attribute 'rsi_oversold'
2026-06-18 11:55:22,391 - INFO - Error processing AVAXUSDT: 'BotSettings' object has no attribute 'rsi_oversold'
2026-06-18 11:55:22,406 - INFO - Error processing XLMUSDT: 'BotSettings' object has no attribute 'rsi_overbought'
2026-06-18 11:55:22,422 - INFO - Error processing ENJUSDT: 'BotSettings' object has no attribute 'rsi_overbought'
2026-06-18 11:55:22,504 - INFO - Error processing CHZUSDT: 'BotSettings' object has no attribute 'rsi_oversold'
2026-06-18 11:55:22,529 - INFO - Error processing THETAUSDT: 'BotSettings' object has no attribute 'rsi_oversold'
2026-06-18 11:55:38,293 - INFO - Error processing BNBUSDT: 'BotSettings' object has no attribute 'rsi_oversold'
2026-06-18 11:55:38,361 - INFO - Error processing CHZUSDT: 'BotSettings' object has no attribute 'rsi_oversold'
2026-06-18 11:55:38,376 - INFO - Error processing ENJUSDT: 'BotSettings' object has no attribute 'rsi_overbought'
2026-06-18 11:55:38,421 - INFO - Error processing XLMUSDT: 'BotSettings' object has no attribute 'rsi_overbought'
2026-06-18 11:55:38,468 - INFO - Error processing AVAXUSDT: 'BotSettings' object has no attribute 'rsi_oversold'
2026-06-18 11:55:38,480 - INFO - Error processing THETAUSDT: 'BotSettings' object has no attribute 'rsi_oversold'
2026-06-18 11:55:54,371 - INFO - Error processing BNBUSDT: 'BotSettings' object has no attribute 'rsi_oversold'
2026-06-18 11:55:54,468 - INFO - Error processing XLMUSDT: 'BotSettings' object has no attribute 'rsi_overbought'
2026-06-18 11:55:54,479 - INFO - Error processing ENJUSDT: 'BotSettings' object has no attribute 'rsi_overbought'
2026-06-18 11:55:54,508 - INFO - Error processing THETAUSDT: 'BotSettings' object has no attribute 'rsi_oversold'
2026-06-18 11:55:54,530 - INFO - Error processing CHZUSDT: 'BotSettings' object has no attribute 'rsi_oversold'
2026-06-18 11:55:54,558 - INFO - Error processing AVAXUSDT: 'BotSettings' object has no attribute 'rsi_oversold'
2026-06-18 11:56:10,346 - INFO - Error processing BNBUSDT: 'BotSettings' object has no attribute 'rsi_oversold'
2026-06-18 11:56:10,401 - INFO - Error processing CHZUSDT: 'BotSettings' object has no attribute 'rsi_oversold'
2026-06-18 11:56:10,511 - INFO - Error processing AVAXUSDT: 'BotSettings' object has no attribute 'rsi_oversold'
2026-06-18 11:56:10,546 - INFO - Error processing THETAUSDT: 'BotSettings' object has no attribute 'rsi_oversold'
2026-06-18 11:56:10,765 - INFO - Error processing XLMUSDT: 'BotSettings' object has no attribute 'rsi_overbought'
2026-06-18 11:56:10,780 - INFO - Error processing ENJUSDT: 'BotSettings' object has no attribute 'rsi_overbought'
2026-06-18 11:56:26,418 - INFO - Error processing CHZUSDT: 'BotSettings' object has no attribute 'rsi_oversold'
2026-06-18 11:56:26,447 - INFO - Error processing BNBUSDT: 'BotSettings' object has no attribute 'rsi_oversold'
2026-06-18 11:56:26,473 - INFO - Error processing ENJUSDT: 'BotSettings' object has no attribute 'rsi_overbought'
2026-06-18 11:56:26,493 - INFO - Error processing AVAXUSDT: 'BotSettings' object has no attribute 'rsi_oversold'
2026-06-18 11:56:26,514 - INFO - Error processing THETAUSDT: 'BotSettings' object has no attribute 'rsi_oversold'
2026-06-18 11:56:26,557 - INFO - Error processing XLMUSDT: 'BotSettings' object has no attribute 'rsi_overbought'
2026-06-18 11:56:42,322 - INFO - Error processing ENJUSDT: 'BotSettings' object has no attribute 'rsi_overbought'
2026-06-18 11:56:42,419 - INFO - Error processing CHZUSDT: 'BotSettings' object has no attribute 'rsi_oversold'
2026-06-18 11:56:42,468 - INFO - Error processing BNBUSDT: 'BotSettings' object has no attribute 'rsi_oversold'
2026-06-18 11:56:42,490 - INFO - Error processing THETAUSDT: 'BotSettings' object has no attribute 'rsi_oversold'
2026-06-18 11:56:42,509 - INFO - Error processing XLMUSDT: 'BotSettings' object has no attribute 'rsi_overbought'
2026-06-18 11:56:42,544 - INFO - Error processing AVAXUSDT: 'BotSettings' object has no attribute 'rsi_oversold'
2026-06-18 11:56:58,334 - INFO - Error processing BNBUSDT: 'BotSettings' object has no attribute 'rsi_oversold'
2026-06-18 11:56:58,414 - INFO - Error processing THETAUSDT: 'BotSettings' object has no attribute 'rsi_oversold'
2026-06-18 11:56:58,431 - INFO - Error processing CHZUSDT: 'BotSettings' object has no attribute 'rsi_oversold'
2026-06-18 11:56:58,468 - INFO - Error processing ENJUSDT: 'BotSettings' object has no attribute 'rsi_overbought'
2026-06-18 11:56:58,485 - INFO - Error processing AVAXUSDT: 'BotSettings' object has no attribute 'rsi_oversold'
2026-06-18 11:56:58,513 - INFO - Error processing XLMUSDT: 'BotSettings' object has no attribute 'rsi_overbought'
2026-06-18 11:57:14,292 - INFO - Error processing ENJUSDT: 'BotSettings' object has no attribute 'rsi_overbought'
2026-06-18 11:57:14,312 - INFO - Error processing CHZUSDT: 'BotSettings' object has no attribute 'rsi_oversold'
2026-06-18 11:57:14,455 - INFO - Error processing AVAXUSDT: 'BotSettings' object has no attribute 'rsi_oversold'
2026-06-18 11:57:14,485 - INFO - Error processing BNBUSDT: 'BotSettings' object has no attribute 'rsi_oversold'
2026-06-18 11:57:14,497 - INFO - Error processing THETAUSDT: 'BotSettings' object has no attribute 'rsi_oversold'
2026-06-18 11:57:14,506 - INFO - Error processing XLMUSDT: 'BotSettings' object has no attribute 'rsi_overbought'
2026-06-18 11:57:30,309 - INFO - Error processing ENJUSDT: 'BotSettings' object has no attribute 'rsi_overbought'
2026-06-18 11:57:30,383 - INFO - Error processing AVAXUSDT: 'BotSettings' object has no attribute 'rsi_oversold'
2026-06-18 11:57:30,449 - INFO - Error processing THETAUSDT: 'BotSettings' object has no attribute 'rsi_oversold'
2026-06-18 11:57:30,483 - INFO - Error processing XLMUSDT: 'BotSettings' object has no attribute 'rsi_overbought'
2026-06-18 11:57:30,495 - INFO - Error processing BNBUSDT: 'BotSettings' object has no attribute 'rsi_oversold'
2026-06-18 11:57:30,515 - INFO - Error processing CHZUSDT: 'BotSettings' object has no attribute 'rsi_oversold'
2026-06-18 11:57:46,352 - INFO - Error processing CHZUSDT: 'BotSettings' object has no attribute 'rsi_oversold'
2026-06-18 11:57:46,377 - INFO - Error processing BNBUSDT: 'BotSettings' object has no attribute 'rsi_oversold'
2026-06-18 11:57:46,447 - INFO - Error processing THETAUSDT: 'BotSettings' object has no attribute 'rsi_oversold'
2026-06-18 11:57:46,479 - INFO - Error processing AVAXUSDT: 'BotSettings' object has no attribute 'rsi_oversold'
2026-06-18 11:57:46,495 - INFO - Error processing ENJUSDT: 'BotSettings' object has no attribute 'rsi_overbought'
2026-06-18 11:57:46,505 - INFO - Error processing XLMUSDT: 'BotSettings' object has no attribute 'rsi_overbought'
2026-06-18 11:58:02,285 - INFO - Error processing CHZUSDT: 'BotSettings' object has no attribute 'rsi_oversold'
2026-06-18 11:58:02,308 - INFO - Error processing ENJUSDT: 'BotSettings' object has no attribute 'rsi_overbought'
2026-06-18 11:58:02,320 - INFO - Error processing BNBUSDT: 'BotSettings' object has no attribute 'rsi_oversold'
2026-06-18 11:58:02,391 - INFO - Error processing AVAXUSDT: 'BotSettings' object has no attribute 'rsi_oversold'
2026-06-18 11:58:02,420 - INFO - Error processing XLMUSDT: 'BotSettings' object has no attribute 'rsi_overbought'
2026-06-18 11:58:02,454 - INFO - Error processing THETAUSDT: 'BotSettings' object has no attribute 'rsi_oversold'
2026-06-18 11:58:18,254 - INFO - Error processing BNBUSDT: 'BotSettings' object has no attribute 'rsi_oversold'
2026-06-18 11:58:18,281 - INFO - Error processing ENJUSDT: 'BotSettings' object has no attribute 'rsi_overbought'
2026-06-18 11:58:18,412 - INFO - Error processing THETAUSDT: 'BotSettings' object has no attribute 'rsi_oversold'
2026-06-18 11:58:18,420 - INFO - Error processing XLMUSDT: 'BotSettings' object has no attribute 'rsi_overbought'
2026-06-18 11:58:18,442 - INFO - Error processing AVAXUSDT: 'BotSettings' object has no attribute 'rsi_oversold'
2026-06-18 11:58:18,468 - INFO - Error processing CHZUSDT: 'BotSettings' object has no attribute 'rsi_oversold'
2026-06-18 11:58:34,255 - INFO - Error processing ENJUSDT: 'BotSettings' object has no attribute 'rsi_overbought'
2026-06-18 11:58:34,321 - INFO - Error processing THETAUSDT: 'BotSettings' object has no attribute 'rsi_oversold'
2026-06-18 11:58:34,378 - INFO - Error processing AVAXUSDT: 'BotSettings' object has no attribute 'rsi_oversold'
2026-06-18 11:58:34,415 - INFO - Error processing CHZUSDT: 'BotSettings' object has no attribute 'rsi_oversold'
2026-06-18 11:58:34,448 - INFO - Error processing BNBUSDT: 'BotSettings' object has no attribute 'rsi_oversold'
2026-06-18 11:58:34,461 - INFO - Error processing XLMUSDT: 'BotSettings' object has no attribute 'rsi_overbought'
2026-06-18 11:58:50,227 - INFO - Error processing BNBUSDT: 'BotSettings' object has no attribute 'rsi_oversold'
2026-06-18 11:58:50,297 - INFO - Error processing CHZUSDT: 'BotSettings' object has no attribute 'rsi_oversold'
2026-06-18 11:58:50,310 - INFO - Error processing ENJUSDT: 'BotSettings' object has no attribute 'rsi_overbought'
2026-06-18 11:58:50,337 - INFO - Error processing THETAUSDT: 'BotSettings' object has no attribute 'rsi_oversold'
2026-06-18 11:58:50,348 - INFO - Error processing AVAXUSDT: 'BotSettings' object has no attribute 'rsi_oversold'
2026-06-18 11:58:50,631 - INFO - Error processing XLMUSDT: 'BotSettings' object has no attribute 'rsi_overbought'
2026-06-18 11:59:06,269 - INFO - Error processing BNBUSDT: 'BotSettings' object has no attribute 'rsi_oversold'
2026-06-18 11:59:06,294 - INFO - Error processing CHZUSDT: 'BotSettings' object has no attribute 'rsi_oversold'
2026-06-18 11:59:06,334 - INFO - Error processing ENJUSDT: 'BotSettings' object has no attribute 'rsi_overbought'
2026-06-18 11:59:06,394 - INFO - Error processing AVAXUSDT: 'BotSettings' object has no attribute 'rsi_oversold'
2026-06-18 11:59:06,402 - INFO - Error processing XLMUSDT: 'BotSettings' object has no attribute 'rsi_overbought'
2026-06-18 11:59:06,419 - INFO - Error processing THETAUSDT: 'BotSettings' object has no attribute 'rsi_oversold'
2026-06-18 11:59:22,256 - INFO - Error processing CHZUSDT: 'BotSettings' object has no attribute 'rsi_oversold'
2026-06-18 11:59:22,292 - INFO - Error processing BNBUSDT: 'BotSettings' object has no attribute 'rsi_oversold'
2026-06-18 11:59:22,319 - INFO - Error processing ENJUSDT: 'BotSettings' object has no attribute 'rsi_overbought'
2026-06-18 11:59:22,392 - INFO - Error processing THETAUSDT: 'BotSettings' object has no attribute 'rsi_oversold'
2026-06-18 11:59:22,425 - INFO - Error processing XLMUSDT: 'BotSettings' object has no attribute 'rsi_overbought'
2026-06-18 11:59:22,515 - INFO - Error processing AVAXUSDT: 'BotSettings' object has no attribute 'rsi_oversold'
2026-06-18 11:59:38,675 - INFO - Error processing ENJUSDT: 'BotSettings' object has no attribute 'rsi_overbought'
2026-06-18 11:59:38,692 - INFO - Error processing XLMUSDT: 'BotSettings' object has no attribute 'rsi_overbought'
2026-06-18 11:59:38,776 - INFO - Error processing CHZUSDT: 'BotSettings' object has no attribute 'rsi_oversold'
2026-06-18 11:59:38,817 - INFO - Error processing THETAUSDT: 'BotSettings' object has no attribute 'rsi_oversold'
2026-06-18 11:59:38,861 - INFO - Error processing AVAXUSDT: 'BotSettings' object has no attribute 'rsi_oversold'
2026-06-18 11:59:38,873 - INFO - Error processing BNBUSDT: 'BotSettings' object has no attribute 'rsi_oversold'
2026-06-18 11:59:54,634 - INFO - Error processing BNBUSDT: 'BotSettings' object has no attribute 'rsi_oversold'
2026-06-18 11:59:54,699 - INFO - Error processing ENJUSDT: 'BotSettings' object has no attribute 'rsi_overbought'
2026-06-18 11:59:54,708 - INFO - Error processing XLMUSDT: 'BotSettings' object has no attribute 'rsi_overbought'
2026-06-18 11:59:54,719 - INFO - Error processing THETAUSDT: 'BotSettings' object has no attribute 'rsi_oversold'
2026-06-18 11:59:54,792 - INFO - Error processing CHZUSDT: 'BotSettings' object has no attribute 'rsi_oversold'
2026-06-18 11:59:55,060 - INFO - Error processing AVAXUSDT: 'BotSettings' object has no attribute 'rsi_oversold'
2026-06-18 12:00:11,013 - INFO - Error processing ENJUSDT: 'BotSettings' object has no attribute 'rsi_overbought'
2026-06-18 12:00:11,272 - INFO - Error processing XLMUSDT: 'BotSettings' object has no attribute 'rsi_overbought'
2026-06-18 12:00:26,849 - INFO - Error processing ENJUSDT: 'BotSettings' object has no attribute 'rsi_overbought'
2026-06-18 12:00:27,043 - INFO - Error processing XLMUSDT: 'BotSettings' object has no attribute 'rsi_overbought'
2026-06-18 12:00:42,913 - INFO - Error processing ENJUSDT: 'BotSettings' object has no attribute 'rsi_overbought'
2026-06-18 12:00:43,015 - INFO - Error processing XLMUSDT: 'BotSettings' object has no attribute 'rsi_overbought'
2026-06-18 12:00:58,798 - INFO - Error processing XLMUSDT: 'BotSettings' object has no attribute 'rsi_overbought'
2026-06-18 12:00:58,869 - INFO - Error processing ENJUSDT: 'BotSettings' object has no attribute 'rsi_overbought'
2026-06-18 12:01:15,033 - INFO - Error processing XLMUSDT: 'BotSettings' object has no attribute 'rsi_overbought'
2026-06-18 12:01:15,334 - INFO - Error processing ENJUSDT: 'BotSettings' object has no attribute 'rsi_overbought'
2026-06-18 12:01:30,932 - INFO - Error processing XLMUSDT: 'BotSettings' object has no attribute 'rsi_overbought'
2026-06-18 12:01:31,031 - INFO - Error processing ENJUSDT: 'BotSettings' object has no attribute 'rsi_overbought'
2026-06-18 12:01:46,821 - INFO - Error processing ENJUSDT: 'BotSettings' object has no attribute 'rsi_overbought'
2026-06-18 12:01:46,944 - INFO - Error processing XLMUSDT: 'BotSettings' object has no attribute 'rsi_overbought'
2026-06-18 12:02:12,237 - INFO - Trading loop started.
