timestamp,open,high,low,close,volume,turnover
1782172800000,2.0013,2.0342,1.9977,2.0162,30934.6,62334.83169
1782176400000,2.0162,2.059,2.0162,2.0379,28257.4,57614.73093
1782180000000,2.0379,2.0412,2.0062,2.0165,14568.5,29406.47862
1782183600000,2.0165,2.032,2.0036,2.032,9697.1,19538.9975
1782187200000,2.032,2.0345,2.0045,2.0055,10569.8,21359.7262
1782190800000,2.0055,2.0072,1.9896,2.0022,22204.0,44368.90954
1782194400000,2.0022,2.0022,1.9295,1.9561,141853.5,277452.34025
1782198000000,1.9561,1.9662,1.9434,1.946,24746.7,48381.78579
1782201600000,1.946,1.9617,1.8981,1.9234,73585.4,141470.29053
1782205200000,1.9234,1.941,1.9234,1.933,27709.2,53612.50991
1782208800000,1.933,1.941,1.923,1.9266,20109.5,38807.63498
1782212400000,1.9266,1.9426,1.9223,1.9392,16857.9,32622.65171
1782216000000,1.9392,1.9459,1.9303,1.9318,19741.5,38306.188
1782219600000,1.9318,1.9664,1.9227,1.9588,28047.7,54547.30968
1782223200000,1.9588,2.0004,1.956,1.9909,40760.6,80674.49852
1782226800000,1.9909,2.0108,1.9881,2.0069,39629.1,79289.83809
1782230400000,2.0069,2.0253,1.9914,1.995,27208.6,54625.53861
1782234000000,1.995,2.0234,1.9881,1.9969,14583.9,29253.03806
1782237600000,1.9969,2.0136,1.9884,2.003,14528.5,29084.20534
1782241200000,2.003,2.0461,2.0016,2.02,33369.1,67737.84655
1782244800000,2.02,2.0425,2.0195,2.0292,10087.9,20482.56788
1782248400000,2.0292,2.0347,2.0131,2.0211,9799.4,19825.54169
1782252000000,2.0211,2.0278,2.006,2.0093,9345.1,18842.04923
1782255600000,2.0093,2.0144,2.0022,2.008,13313.4,26722.14981
1782259200000,2.008,2.0106,1.9904,1.9946,12944.8,25887.95642
1782262800000,1.9946,2.0024,1.984,1.9953,15674.3,31246.08771
1782266400000,1.9953,2.0102,1.9873,1.9964,10546.7,21104.84242
1782270000000,1.9964,2.0062,1.9874,1.9895,6169.6,12309.19369
1782273600000,1.9895,1.9952,1.9677,1.9833,33223.2,65699.60157
1782277200000,1.9833,1.9981,1.9803,1.997,7757.3,15427.43561
1782280800000,1.997,1.9999,1.9901,1.9989,6221.2,12420.78332
1782284400000,1.9989,2.0017,1.9901,1.9979,13419.7,26795.08606
1782288000000,1.9979,2.0016,1.9861,1.9933,9986.6,19911.08252
1782291600000,1.9933,1.996,1.9775,1.981,14716.5,29178.67962
1782295200000,1.981,1.981,1.9673,1.9745,11170.8,22042.72269
1782298800000,1.9745,1.9973,1.96,1.9902,12791.9,25319.59075
1782302400000,1.9902,2.0318,1.9884,1.992,28116.7,56309.14177
1782306000000,1.992,1.9942,1.939,1.961,42843.5,84000.43367
1782309600000,1.961,1.979,1.9471,1.971,40896.2,80151.74345
1782313200000,1.971,1.971,1.9079,1.911,64173.8,124065.84348
1782316800000,1.911,1.9166,1.8222,1.8451,208465.6,391271.45553
1782320400000,1.8451,1.8559,1.8031,1.814,133242.6,243261.38438
1782324000000,1.814,1.8277,1.7736,1.8032,126063.0,226765.39026
1782327600000,1.8032,1.8209,1.7864,1.8209,57942.6,104403.1678
1782331200000,1.8209,1.8741,1.8169,1.8687,82406.9,152623.02282
1782334800000,1.8687,1.8781,1.857,1.8781,12683.1,23675.90352
1782338400000,1.8781,1.8935,1.8674,1.8724,18235.1,34281.80285
1782342000000,1.8724,1.8836,1.8689,1.883,9698.0,18199.03776
1782345600000,1.883,1.8849,1.8561,1.8583,16800.6,31428.02093
1782349200000,1.8583,1.8635,1.8429,1.861,22613.0,41850.81643
1782352800000,1.861,1.8713,1.8592,1.8654,9974.3,18611.03658
1782356400000,1.8654,1.8702,1.8602,1.8702,10028.5,18707.32335
1782360000000,1.8702,1.8927,1.8675,1.8899,12655.3,23770.74913
1782363600000,1.8899,1.9456,1.8899,1.9455,38140.5,73331.79137
1782367200000,1.9455,1.9639,1.9219,1.9242,30724.3,59586.36453
1782370800000,1.9242,1.9413,1.9182,1.9398,18661.5,35959.01561
1782374400000,1.9398,1.9566,1.926,1.9296,32267.1,62669.87526
1782378000000,1.9296,1.9354,1.9145,1.9244,15105.6,29051.2804
1782381600000,1.9244,1.925,1.8834,1.8858,16904.0,32119.73213
1782385200000,1.8858,1.886,1.8714,1.8802,14117.2,26518.2382
1782388800000,1.8802,1.898,1.8633,1.8898,26476.5,49835.91493
1782392400000,1.8898,1.9089,1.7458,1.754,124233.4,225700.64857
1782396000000,1.754,1.8473,1.754,1.8128,77317.9,139574.74614
1782399600000,1.8128,1.8211,1.7839,1.8182,25428.5,45936.8535
1782403200000,1.8182,1.829,1.7894,1.7934,20883.6,37733.92722
1782406800000,1.7934,1.8222,1.7877,1.8222,17283.6,31282.65068
1782410400000,1.8222,1.8246,1.7921,1.7974,19533.8,35320.49845
1782414000000,1.7974,1.7977,1.7747,1.786,18414.8,32842.4829
1782417600000,1.786,1.8046,1.7806,1.7856,16441.5,29505.54847
1782421200000,1.7856,1.8328,1.7851,1.8307,11050.2,19964.83229
1782424800000,1.8307,1.8347,1.8195,1.8219,9511.4,17355.31028
1782428400000,1.8219,1.828,1.8142,1.8221,12248.9,22274.4727
1782432000000,1.8221,1.8259,1.804,1.8075,11411.7,20698.43179
1782435600000,1.8075,1.813,1.7965,1.8005,17536.9,31621.75305
1782439200000,1.8005,1.817,1.7507,1.7653,54102.0,96116.80759
1782442800000,1.7653,1.8288,1.7521,1.8234,29570.7,53167.235
1782446400000,1.8234,1.8415,1.8097,1.8135,32876.3,59980.36742
1782450000000,1.8135,1.8268,1.81,1.818,7414.2,13464.27814
1782453600000,1.818,1.8538,1.8122,1.8488,15406.5,28196.23587
1782457200000,1.8488,1.8757,1.8445,1.8661,24841.9,46287.74688
1782460800000,1.8661,1.9372,1.865,1.8927,73840.6,140423.77927
1782464400000,1.8927,1.8935,1.8578,1.859,22134.5,41499.75811
1782468000000,1.859,1.8634,1.8472,1.8488,9503.7,17622.04939
1782471600000,1.8488,1.854,1.8291,1.8397,16082.3,29618.95938
1782475200000,1.8397,1.8613,1.8182,1.8318,21426.5,39490.93173
1782478800000,1.8318,1.8759,1.8153,1.8743,25026.2,46050.03129
1782482400000,1.8743,1.88,1.8508,1.8668,17975.0,33529.18187
1782486000000,1.8668,1.8991,1.856,1.8876,22454.7,42201.90846
1782489600000,1.8876,1.9055,1.8712,1.8812,19848.6,37547.69931
1782493200000,1.8812,1.8969,1.8812,1.8878,3435.4,6494.89454
1782496800000,1.8878,1.8955,1.8768,1.8789,8053.9,15183.70877
1782500400000,1.8789,1.9013,1.875,1.8781,9627.8,18217.193
1782504000000,1.8781,1.8982,1.8705,1.8773,17080.2,32155.85081
1782507600000,1.8773,1.8889,1.8686,1.8781,7337.1,13772.28697
1782511200000,1.8781,1.8781,1.8568,1.8693,3803.7,7097.9237
1782514800000,1.8693,1.8776,1.868,1.8726,5792.1,10849.74807
1782518400000,1.8726,1.877,1.8611,1.8758,4482.1,8372.81819
1782522000000,1.8758,1.8817,1.8731,1.8756,3722.2,6987.16534
1782525600000,1.8756,1.8913,1.8742,1.89,8909.1,16795.7585
1782529200000,1.89,1.89,1.8758,1.881,8988.6,16920.2253
1782532800000,1.881,1.8995,1.8769,1.8797,11678.1,22031.69085
1782536400000,1.8797,1.8874,1.8746,1.8874,2464.7,4631.10609
1782540000000,1.8874,1.8968,1.8722,1.8832,7964.6,14986.48605
1782543600000,1.8832,1.8902,1.8746,1.878,2842.0,5355.83216
1782547200000,1.878,1.8808,1.8687,1.877,4972.8,9322.7647
1782550800000,1.877,1.8795,1.8644,1.8693,3812.7,7129.37758
1782554400000,1.8693,1.8701,1.8608,1.8623,3317.9,6188.67418
1782558000000,1.8623,1.864,1.8502,1.8634,8018.2,14899.23629
1782561600000,1.8634,1.8648,1.8545,1.8565,3506.3,6523.17105
1782565200000,1.8565,1.8592,1.8533,1.8562,4039.9,7498.74683
1782568800000,1.8562,1.8595,1.8458,1.8475,4198.6,7786.26935
1782572400000,1.8475,1.8701,1.8448,1.8693,11738.2,21838.79276
1782576000000,1.8693,1.8704,1.8593,1.8656,4704.7,8781.59093
1782579600000,1.8656,1.8656,1.8383,1.8422,7898.7,14565.86072
1782583200000,1.8422,1.8569,1.8404,1.8544,6889.2,12711.99159
1782586800000,1.8544,1.8566,1.8242,1.8338,8288.1,15227.23983
1782590400000,1.8338,1.837,1.8246,1.8334,5259.7,9636.02334
1782594000000,1.8334,1.8395,1.8188,1.8251,17530.2,32088.53267
1782597600000,1.8251,1.8296,1.8052,1.8296,5185.2,9429.3734
1782601200000,1.8296,1.8313,1.8198,1.8235,4162.2,7592.81418
1782604800000,1.8235,1.8406,1.8226,1.831,6448.4,11817.00096
1782608400000,1.831,1.8429,1.8276,1.837,2335.6,4287.84016
1782612000000,1.837,1.8472,1.8314,1.8438,4949.6,9113.83414
1782615600000,1.8438,1.849,1.8406,1.8484,7740.8,14286.61956
1782619200000,1.8484,1.8632,1.8463,1.856,3075.8,5705.38289
1782622800000,1.856,1.8561,1.8371,1.848,3402.9,6282.23001
1782626400000,1.848,1.851,1.8285,1.838,4560.4,8387.60008
1782630000000,1.838,1.8516,1.838,1.8463,5642.5,10417.06665
1782633600000,1.8463,1.8582,1.8416,1.8541,4101.5,7584.45369
1782637200000,1.8541,1.8558,1.8374,1.8386,2801.7,5181.4015
1782640800000,1.8386,1.8424,1.8296,1.835,3761.9,6907.76467
1782644400000,1.835,1.8442,1.835,1.8423,7334.1,13490.69574
1782648000000,1.8423,1.8555,1.836,1.846,4600.2,8484.6631
1782651600000,1.846,1.846,1.8296,1.8302,4282.4,7863.8314
1782655200000,1.8302,1.8447,1.8301,1.841,5215.6,9591.84615
1782658800000,1.841,1.8431,1.8288,1.8333,3614.6,6636.46577
1782662400000,1.8333,1.8357,1.819,1.8225,4511.8,8242.53045
1782666000000,1.8225,1.829,1.8134,1.8237,9370.4,17028.18292
1782669600000,1.8237,1.8355,1.8186,1.829,9861.2,18005.19312
1782673200000,1.829,1.8461,1.8165,1.8212,23190.7,42471.28569
1782676800000,1.8212,1.8353,1.8207,1.8323,2164.4,3961.64485
1782680400000,1.8323,1.8339,1.8072,1.8135,7845.9,14255.8656
1782684000000,1.8135,1.8326,1.8018,1.8159,14857.2,26930.79013
1782687600000,1.8159,1.846,1.8118,1.8385,8890.3,16259.77718
1782691200000,1.8385,1.8455,1.8169,1.8436,6905.2,12647.17304
1782694800000,1.8436,1.8555,1.8332,1.8547,13522.1,25007.21217
1782698400000,1.8547,1.8644,1.8345,1.8604,12079.7,22428.1929
1782702000000,1.8604,1.881,1.8588,1.8766,9303.7,17422.79354
1782705600000,1.8766,1.9109,1.8697,1.8758,22692.4,42862.55617
1782709200000,1.8758,1.896,1.8637,1.8937,11103.2,20868.6746
1782712800000,1.8937,1.9126,1.8893,1.9107,7698.2,14631.2842
1782716400000,1.9107,1.9479,1.9041,1.9161,28333.3,54669.20641
1782720000000,1.9161,1.9453,1.9142,1.9448,15391.2,29652.08442
1782723600000,1.9448,1.9597,1.9282,1.95,40708.9,79254.72138
1782727200000,1.95,2.0022,1.95,1.9697,62714.7,123911.86739
1782730800000,1.9697,1.9748,1.9383,1.94,35651.2,69762.70392
1782734400000,1.94,1.9832,1.931,1.9823,31938.4,62700.39061
1782738000000,1.9823,2.0025,1.9614,1.9753,56774.6,112256.42889
1782741600000,1.9753,1.9957,1.9546,1.9842,25022.5,49356.85361
1782745200000,1.9842,1.9976,1.9603,1.9858,18871.0,37469.1344
1782748800000,1.9858,2.0559,1.9855,2.013,63358.2,128257.16148
1782752400000,2.013,2.0349,2.002,2.0052,22616.4,45625.81112
1782756000000,2.0052,2.02,1.9972,2.0186,14239.7,28534.41515
1782759600000,2.0186,2.0254,1.9981,2.0043,8730.9,17550.61513
1782763200000,2.0043,2.0125,1.9902,1.9947,10423.5,20832.61314
1782766800000,1.9947,2.0002,1.9828,1.9892,26953.4,53611.31638
1782770400000,1.9892,1.9922,1.9783,1.986,5681.6,11275.48536
1782774000000,1.986,2.0145,1.9811,2.0119,7447.6,14837.64665
1782777600000,2.0119,2.0415,1.972,1.9806,22955.9,46011.23463
1782781200000,1.9806,1.9913,1.9754,1.9853,10219.6,20272.68318
1782784800000,1.9853,1.986,1.9633,1.9665,15358.5,30305.89152
1782788400000,1.9665,1.9786,1.9665,1.971,7464.0,14732.28522
1782792000000,1.971,1.9792,1.9665,1.9766,4960.8,9793.48697
1782795600000,1.9766,1.9773,1.9686,1.9763,2757.5,5442.97874
1782799200000,1.9763,1.9789,1.9634,1.9669,5777.9,11386.99696
1782802800000,1.9669,1.9669,1.9421,1.945,15677.2,30576.75166
1782806400000,1.945,1.9483,1.9348,1.9441,12120.6,23559.06249
1782810000000,1.9441,1.9524,1.9401,1.9524,3843.6,7474.61376
1782813600000,1.9524,1.9562,1.945,1.9527,2857.0,5579.51327
1782817200000,1.9527,1.9545,1.9289,1.9339,4805.8,9336.35238
1782820800000,1.9339,1.9437,1.924,1.924,14008.5,27099.59044
1782824400000,1.924,1.938,1.9098,1.9268,14076.7,27116.56273
1782828000000,1.9268,1.9462,1.9196,1.927,14409.2,27821.56936
1782831600000,1.927,1.9287,1.9081,1.9101,6004.9,11537.10627
1782835200000,1.9101,1.9287,1.9085,1.9265,5300.1,10165.84198
1782838800000,1.9265,1.9304,1.9173,1.9274,5909.2,11380.49728
1782842400000,1.9274,1.9465,1.9248,1.9456,11058.4,21394.60532
1782846000000,1.9456,1.9523,1.9376,1.948,7723.5,15023.78644
1782849600000,1.948,1.9589,1.9375,1.9378,4254.9,8287.4418
1782853200000,1.9378,1.9384,1.9204,1.9261,5111.6,9844.27095
1782856800000,1.9261,1.9571,1.9229,1.957,21117.9,40975.62706
1782860400000,1.957,1.9954,1.9518,1.9937,31641.9,62351.08838
1782864000000,1.9937,2.0211,1.9906,2.0168,36190.1,72478.51359
1782867600000,2.0168,2.0238,1.9531,1.9972,43558.2,86530.78065
1782871200000,1.9972,2.0136,1.9785,2.0082,17163.4,34284.72549
1782874800000,2.0082,2.014,1.986,2.0002,10397.7,20796.06245
1782878400000,2.0002,2.063,1.9976,2.0373,29649.7,60322.29745
1782882000000,2.0373,2.0451,2.018,2.036,15258.7,30951.25959
1782885600000,2.036,2.0386,2.0015,2.0089,37202.4,75072.55787
1782889200000,2.0089,2.0102,1.991,2.0102,8265.8,16541.05401
1782892800000,2.0102,2.0125,1.988,2.0058,16798.7,33575.89702
1782896400000,2.0058,2.0092,1.9899,1.9993,6526.3,13067.17241
1782900000000,1.9993,2.0091,1.9861,1.9928,12781.9,25484.94779
1782903600000,1.9928,2.0022,1.9863,2.002,5203.9,10383.98863
1782907200000,2.002,2.0196,1.9801,1.9852,38745.0,77421.81973
1782910800000,1.9852,2.0045,1.9549,2.0025,27969.1,55412.23048
1782914400000,2.0025,2.0215,1.992,1.9938,12562.9,25203.98026
1782918000000,1.9938,2.02,1.9863,1.9994,13281.9,26613.31309
1782921600000,1.9994,2.0078,1.9908,1.9908,4498.3,8989.35821
1782925200000,1.9908,1.9959,1.9774,1.9919,7555.5,15010.89844
1782928800000,1.9919,1.9919,1.9615,1.9648,11326.1,22353.55717
1782932400000,1.9648,1.9656,1.9135,1.943,40529.6,78721.02007
1782936000000,1.943,1.9646,1.9363,1.9578,12100.5,23590.55553
1782939600000,1.9578,1.9851,1.9536,1.9801,13380.9,26337.67313
1782943200000,1.9801,1.996,1.9692,1.9763,12956.2,25657.79632
1782946800000,1.9763,1.9763,1.9544,1.9547,9558.5,18774.3216
1782950400000,1.9547,1.9596,1.9471,1.9577,4468.0,8720.54183
1782954000000,1.9577,1.9788,1.9541,1.9728,7002.7,13798.75516
1782957600000,1.9728,1.9809,1.9692,1.978,6446.5,12729.33695
1782961200000,1.978,2.0069,1.978,2.0048,12561.5,25012.24107
1782964800000,2.0048,2.0056,1.9886,1.9902,6764.0,13498.95406
1782968400000,1.9902,1.9931,1.9733,1.9764,3595.2,7129.58994
1782972000000,1.9764,1.9768,1.9561,1.9591,4403.1,8643.37965
1782975600000,1.9591,1.988,1.956,1.9698,11561.5,22806.67773
1782979200000,1.9698,1.9757,1.9616,1.9757,5051.8,9937.99864
1782982800000,1.9757,1.9903,1.9653,1.9883,9953.9,19692.97603
1782986400000,1.9883,1.9967,1.9807,1.987,12601.8,25035.53172
1782990000000,1.987,1.9913,1.9736,1.9808,14690.2,29113.50139
1782993600000,1.9808,2.0102,1.9767,2.0008,25183.6,50295.25117
1782997200000,2.0008,2.0446,1.9919,2.041,26303.6,53025.18041
1783000800000,2.041,2.0505,1.9937,1.9988,32249.0,64847.47048
1783004400000,1.9988,2.013,1.9915,2.0096,14228.5,28513.93524
1783008000000,2.0096,2.0204,1.9964,2.0034,9570.9,19232.6496
1783011600000,2.0034,2.0185,2.0034,2.0053,9128.1,18344.88854
1783015200000,2.0053,2.0182,2.0032,2.006,4512.4,9069.78953
1783018800000,2.006,2.0083,1.9918,1.9981,10878.8,21734.65014
1783022400000,1.9981,2.0084,1.9926,2.0041,4567.3,9136.78858
1783026000000,2.0041,2.0102,1.9935,2.0102,3241.0,6477.03023
1783029600000,2.0102,2.0115,1.9931,2.0059,8757.8,17513.96455
1783033200000,2.0059,2.0086,1.9976,2.0009,3403.1,6815.41493
1783036800000,2.0009,2.0087,1.9977,2.0017,3906.3,7825.10996
1783040400000,2.0017,2.0277,1.9998,2.0137,6353.5,12795.88342
1783044000000,2.0137,2.0177,2.0061,2.0149,4347.1,8747.1785
1783047600000,2.0149,2.0326,2.007,2.0265,4402.4,8899.57404
1783051200000,2.0265,2.0354,2.0201,2.0231,9561.9,19396.34295
1783054800000,2.0231,2.0281,2.0074,2.0272,7018.7,14131.27853
1783058400000,2.0272,2.031,2.0196,2.0202,4676.2,9470.60183
1783062000000,2.0202,2.0283,2.0135,2.0242,4025.9,8137.86326
1783065600000,2.0242,2.043,2.016,2.0161,12265.6,24906.19013
1783069200000,2.0161,2.0231,2.0107,2.0192,8095.5,16330.39766
1783072800000,2.0192,2.0357,2.0136,2.03,12022.4,24346.07232
1783076400000,2.03,2.0331,2.0169,2.0218,11806.4,23912.82157
1783080000000,2.0218,2.0277,2.0042,2.0097,21689.1,43674.8328
1783083600000,2.0097,2.0327,2.0097,2.0271,9812.9,19850.79882
1783087200000,2.0271,2.0331,2.0141,2.0296,7848.1,15893.73703
1783090800000,2.0296,2.0368,2.022,2.0283,62032.5,125894.63181
1783094400000,2.0283,2.0301,2.0159,2.0181,8028.6,16235.0439
1783098000000,2.0181,2.0325,2.0151,2.0233,6596.7,13365.22545
1783101600000,2.0233,2.0243,2.0162,2.0212,2975.7,6008.99427
1783105200000,2.0212,2.0251,2.0093,2.0171,8726.8,17603.79155
1783108800000,2.0171,2.04,2.0167,2.0305,13469.1,27328.85534
1783112400000,2.0305,2.0462,2.027,2.0435,4957.5,10091.94369
1783116000000,2.0435,2.0435,2.0243,2.026,4119.5,8380.5244
1783119600000,2.026,2.0342,2.0218,2.0315,7121.1,14448.31393
1783123200000,2.0315,2.0431,2.0208,2.0221,6411.6,13016.62768
1783126800000,2.0221,2.0233,2.0001,2.0138,15235.6,30595.7516
1783130400000,2.0138,2.0247,2.0094,2.0173,3078.6,6208.32467
1783134000000,2.0173,2.024,2.0134,2.0189,13168.6,26573.41005
1783137600000,2.0189,2.0216,2.0077,2.0189,11500.2,23185.23044
1783141200000,2.0189,2.0191,2.0069,2.0075,5594.7,11252.22222
1783144800000,2.0075,2.0117,1.988,2.001,14112.3,28187.7288
1783148400000,2.001,2.0123,1.9912,2.01,9782.8,19570.23301
1783152000000,2.01,2.0168,1.999,2.0168,3668.5,7363.73258
1783155600000,2.0168,2.0611,2.0141,2.0176,24919.9,50761.6403
1783159200000,2.0176,2.042,2.016,2.037,35087.2,71144.20454
1783162800000,2.037,2.0979,2.037,2.095,37952.7,78757.88476
1783166400000,2.095,2.102,2.0514,2.0658,39630.2,82503.11921
1783170000000,2.0658,2.0987,2.0655,2.085,22145.9,46239.79609
1783173600000,2.085,2.0915,2.068,2.0815,15380.6,31940.64467
1783177200000,2.0815,2.0918,2.0723,2.0864,16144.1,33592.0447
1783180800000,2.0864,2.1499,2.0848,2.1049,38032.0,80394.81452
1783184400000,2.1049,2.1464,2.1046,2.1309,33748.8,71902.27859
1783188000000,2.1309,2.1345,2.1112,2.121,7091.1,15037.39758
1783191600000,2.121,2.1258,2.1027,2.107,15867.6,33504.05457
1783195200000,2.107,2.1165,2.0976,2.1069,16294.0,34313.48327
1783198800000,2.1069,2.1431,2.1069,2.1186,8775.0,18644.77345
1783202400000,2.1186,2.1248,2.1,2.1112,80234.5,169454.57549
1783206000000,2.1112,2.1221,2.0985,2.1133,19682.7,41535.59913
1783209600000,2.1133,2.1157,2.0792,2.0935,30598.1,63995.5979
1783213200000,2.0935,2.0998,2.0624,2.0704,22558.8,46791.62088
1783216800000,2.0704,2.0717,2.0483,2.056,7682.9,15803.79339
1783220400000,2.056,2.0621,2.044,2.045,9322.8,19121.26739
1783224000000,2.045,2.0497,2.0305,2.0442,16590.6,33862.43334
1783227600000,2.0442,2.0654,2.0144,2.0383,69520.0,141803.53751
1783231200000,2.0383,2.0394,2.0,2.0262,34597.8,69815.20117
1783234800000,2.0262,2.0416,2.02,2.0337,12882.4,26145.89182
1783238400000,2.0337,2.0357,2.0242,2.025,5731.8,11636.48605
1783242000000,2.025,2.0278,1.9973,1.9988,14851.2,29806.81282
1783245600000,1.9988,2.002,1.9813,1.9974,21944.3,43747.74701
1783249200000,1.9974,2.0058,1.9931,2.0026,12199.6,24393.66954
1783252800000,2.0026,2.0223,1.9994,2.0205,6450.6,12977.80421
1783256400000,2.0205,2.0234,2.0067,2.0212,9683.0,19511.97619
1783260000000,2.0212,2.0229,2.004,2.0192,7843.2,15767.30541
1783263600000,2.0192,2.022,2.0026,2.007,4183.2,8414.16178
1783267200000,2.007,2.0224,2.0022,2.02,9448.7,19011.79157
1783270800000,2.02,2.0365,2.02,2.0295,9611.4,19487.69435
1783274400000,2.0295,2.04,2.0241,2.0241,5220.7,10611.28619
1783278000000,2.0241,2.03,2.0134,2.0159,4910.5,9923.02454
1783281600000,2.0159,2.0231,2.014,2.0174,4257.7,8594.62054
1783285200000,2.0174,2.0346,2.0054,2.0285,4847.0,9795.10059
1783288800000,2.0285,2.0481,2.0197,2.036,11448.0,23303.65245
1783292400000,2.036,2.0452,2.0253,2.0337,4547.5,9259.87677
1783296000000,2.0337,2.0359,2.0122,2.0238,7192.2,14539.05704
1783299600000,2.0238,2.0305,2.012,2.0145,4941.4,9986.30231
1783303200000,2.0145,2.0233,2.0061,2.0115,5444.7,10957.14222
1783306800000,2.0115,2.015,1.9909,1.9958,15202.7,30409.55462
1783310400000,1.9958,2.0002,1.9848,1.9859,4792.6,9531.10637
1783314000000,1.9859,1.9861,1.9608,1.981,25217.3,49776.29744
1783317600000,1.981,1.9842,1.9698,1.9808,10099.0,19969.44994
1783321200000,1.9808,2.0059,1.9779,2.0025,18489.7,36876.49133
1783324800000,2.0025,2.0051,1.9844,1.9878,18700.8,37195.73056
1783328400000,1.9878,1.9958,1.9764,1.9811,6899.9,13713.10865
1783332000000,1.9811,2.0131,1.9788,2.0071,21505.1,42970.43398
1783335600000,2.0071,2.0092,1.9801,1.9816,5439.9,10882.99649
1783339200000,1.9816,1.9816,1.9262,1.9663,77634.5,151854.2709
1783342800000,1.9663,1.9984,1.9488,1.9871,36883.4,72347.13814
1783346400000,1.9871,2.0021,1.9838,1.9958,23290.5,46450.39534
1783350000000,1.9958,2.0429,1.9958,2.0324,35900.3,72461.13432
1783353600000,2.0324,2.063,2.029,2.0495,42097.2,86088.76967
1783357200000,2.0495,2.0541,2.035,2.0393,17407.3,35600.97534
1783360800000,2.0393,2.0575,2.039,2.0485,6442.6,13203.42603
1783364400000,2.0485,2.05,2.0383,2.0456,7356.8,15038.91435
1783368000000,2.0456,2.0468,2.0238,2.028,13719.2,27900.61543
1783371600000,2.028,2.0651,2.0273,2.044,8672.3,17747.43007
1783375200000,2.044,2.0444,2.0286,2.0307,1504.5,3063.9359
1783378800000,2.0307,2.0322,2.0175,2.0186,3927.3,7955.88346
1783382400000,2.0186,2.047,2.0179,2.023,19964.6,40598.63548
1783386000000,2.023,2.023,2.0017,2.0099,7125.2,14328.8082
1783389600000,2.0099,2.0123,1.9926,1.993,8287.9,16576.19889
1783393200000,1.993,2.0,1.9908,1.9933,7280.4,14526.14262
1783396800000,1.9933,2.0003,1.9901,1.9961,6519.9,13012.4638
1783400400000,1.9961,2.0053,1.9822,1.9976,10714.7,21415.70722
1783404000000,1.9976,2.0121,1.989,2.0117,10088.4,20140.83153
1783407600000,2.0117,2.0117,1.9896,1.991,3910.9,7838.08095
1783411200000,1.991,1.9969,1.9836,1.9903,12685.8,25224.99301
1783414800000,1.9903,1.997,1.9852,1.9961,6599.5,13153.14067
1783418400000,1.9961,2.0064,1.988,1.9901,7780.4,15529.45065
1783422000000,1.9901,1.9987,1.9818,1.9977,8297.7,16543.7409
1783425600000,1.9977,2.0107,1.9975,2.0034,4466.4,8957.59648
1783429200000,2.0034,2.0034,1.971,1.9798,14402.3,28601.57221
1783432800000,1.9798,2.0015,1.972,1.9972,14297.6,28386.26725
1783436400000,1.9972,2.018,1.9933,2.0147,11966.6,23991.97362
1783440000000,2.0147,2.0206,2.0045,2.0092,7484.8,15057.51193
1783443600000,2.0092,2.0148,2.0022,2.008,12814.7,25732.15305
1783447200000,2.008,2.0086,1.9807,1.9808,7890.0,15746.64551
1783450800000,1.9808,1.9882,1.9638,1.981,18298.7,36129.30799
1783454400000,1.981,1.9887,1.9707,1.9761,4814.3,9524.07179
1783458000000,1.9761,1.9856,1.9611,1.9651,4436.4,8754.38328
1783461600000,1.9651,1.9721,1.9475,1.9707,11512.5,22575.05268
1783465200000,1.9707,1.9885,1.97,1.9737,4274.8,8457.04603
1783468800000,1.9737,2.0102,1.9706,2.0014,14357.9,28649.04952
1783472400000,2.0014,2.0014,1.9435,1.9496,20150.7,39575.75493
1783476000000,1.9496,1.9636,1.9382,1.9602,7665.6,14932.10312
1783479600000,1.9602,1.9744,1.9572,1.9586,3391.0,6666.17222
1783483200000,1.9586,1.9679,1.9523,1.964,3221.7,6323.39233
1783486800000,1.964,1.9775,1.9625,1.9698,4839.6,9549.0723
1783490400000,1.9698,1.9735,1.9619,1.9724,2827.2,5563.14961
1783494000000,1.9724,1.9844,1.9661,1.9766,2664.2,5264.25615
1783497600000,1.9766,1.9792,1.9306,1.946,10881.5,21269.50738
1783501200000,1.946,1.9482,1.9288,1.9355,7479.7,14499.80408
1783504800000,1.9355,1.9541,1.933,1.95,4187.1,8138.59492
1783508400000,1.95,1.9763,1.949,1.9653,8238.7,16176.17955
1783512000000,1.9653,1.974,1.9576,1.9576,7764.1,15289.30579
1783515600000,1.9576,1.9592,1.928,1.9558,29684.4,57636.23557
1783519200000,1.9558,1.9656,1.9326,1.9414,8958.9,17488.67096
1783522800000,1.9414,1.9423,1.9226,1.925,24379.6,47005.43482
1783526400000,1.925,1.9552,1.9232,1.9505,11703.3,22739.59572
1783530000000,1.9505,1.9605,1.9432,1.9438,8004.7,15604.68368
1783533600000,1.9438,1.9604,1.9438,1.9585,10624.6,20714.14122
1783537200000,1.9585,1.9637,1.9574,1.9613,2002.5,3924.55849
1783540800000,1.9613,1.9637,1.9476,1.9476,1628.8,3187.97309
1783544400000,1.9476,1.9519,1.9354,1.948,13466.7,26154.51324
1783548000000,1.948,1.9543,1.9448,1.948,3081.1,6009.65894
1783551600000,1.948,1.9541,1.9456,1.951,5653.1,11017.21275
1783555200000,1.951,1.9526,1.9367,1.944,5743.5,11169.64667
1783558800000,1.944,1.9701,1.9418,1.9479,11627.4,22757.62724
1783562400000,1.9479,1.9712,1.9442,1.9544,1332.3,2606.77877
1783566000000,1.9544,1.9613,1.9391,1.9613,2169.2,4223.15226
1783569600000,1.9613,1.9901,1.956,1.9882,14381.4,28363.3197
1783573200000,1.9882,2.002,1.9725,1.9895,9337.6,18554.67001
1783576800000,1.9895,1.9946,1.9859,1.989,2708.0,5393.33366
1783580400000,1.989,1.9958,1.9794,1.9807,1091.6,2165.77876
1783584000000,1.9807,1.9867,1.9807,1.9838,972.6,1929.91812
1783587600000,1.9838,1.9904,1.9736,1.9859,9250.2,18363.19998
1783591200000,1.9859,1.9871,1.9665,1.9703,2030.8,4019.37835
1783594800000,1.9703,1.9812,1.9642,1.9784,9722.5,19149.2439
1783598400000,1.9784,1.991,1.975,1.9806,17425.6,34528.53961
1783602000000,1.9806,1.9982,1.9747,1.9927,17177.3,34198.62759
1783605600000,1.9927,1.9951,1.9789,1.9872,11821.6,23449.12042
1783609200000,1.9872,2.0103,1.9741,1.9761,11822.4,23515.5175
1783612800000,1.9761,1.9801,1.9605,1.9674,19990.7,39372.10368
1783616400000,1.9674,1.9825,1.9674,1.9773,1425.2,2816.86836
1783620000000,1.9773,1.9878,1.9773,1.9781,3230.5,6409.40826
1783623600000,1.9781,1.9792,1.9724,1.974,4635.9,9164.98102
1783627200000,1.974,1.981,1.9711,1.9792,1084.8,2145.98866
1783630800000,1.9792,1.9855,1.972,1.9723,2630.9,5206.6785
1783634400000,1.9723,1.9801,1.9671,1.9671,15947.8,31433.7103
1783638000000,1.9671,1.9771,1.9618,1.9618,12874.1,25304.6793
1783641600000,1.9618,1.988,1.9599,1.9735,8659.2,17059.08796
1783645200000,1.9735,2.0046,1.9672,1.9925,7024.8,13965.87584
1783648800000,1.9925,1.9942,1.9837,1.988,3075.3,6114.88475
1783652400000,1.988,1.988,1.9791,1.9856,1104.5,2191.29519
1783656000000,1.9856,1.9917,1.9821,1.9889,2964.5,5890.94003
1783659600000,1.9889,1.9978,1.9889,1.9954,3287.4,6552.9666
1783663200000,1.9954,1.9971,1.98,1.9853,27774.9,55143.47095
1783666800000,1.9853,1.9967,1.9824,1.9926,19535.2,38875.50753
1783670400000,1.9926,2.0041,1.9926,1.9964,19295.0,38524.8183
1783674000000,1.9964,2.0168,1.9883,1.9994,40512.8,81007.83914
1783677600000,1.9994,2.0037,1.9902,1.9952,4256.9,8489.17271
1783681200000,1.9952,2.0103,1.9849,2.0103,20430.7,40749.95342
1783684800000,2.0103,2.0118,1.9906,1.991,14120.6,28262.00459
1783688400000,1.991,1.9958,1.9873,1.9909,3825.7,7624.06834
1783692000000,1.9909,1.9926,1.954,1.9712,12527.9,24728.40288
1783695600000,1.9712,1.9802,1.969,1.9802,3109.3,6138.35393
1783699200000,1.9802,1.9879,1.9753,1.9866,2504.4,4956.50252
1783702800000,1.9866,1.9884,1.972,1.9759,27235.2,53776.82002
1783706400000,1.9759,1.9842,1.9671,1.9711,2429.0,4797.82111
1783710000000,1.9711,1.9824,1.9704,1.9783,3471.1,6870.37103
1783713600000,1.9783,1.9823,1.9736,1.9756,1345.4,2660.89258
1783717200000,1.9756,1.996,1.9756,1.995,7963.2,15862.27257
1783720800000,1.995,2.0116,1.9924,2.0083,16563.7,33098.90636
1783724400000,2.0083,2.0098,2.0,2.003,10759.1,21560.36517
1783728000000,2.003,2.0077,1.9911,2.0056,7987.2,15979.22219
1783731600000,2.0056,2.0083,1.9955,1.9982,5883.5,11772.72068
1783735200000,1.9982,2.0093,1.997,2.006,3609.5,7228.7659
1783738800000,2.006,2.0061,1.996,1.9999,3388.6,6780.10135
1783742400000,1.9999,2.001,1.9918,1.9945,3804.9,7595.02946
1783746000000,1.9945,1.9994,1.9921,1.9952,877.9,1752.50733
1783749600000,1.9952,2.0025,1.9936,1.9983,1574.1,3144.03799
1783753200000,1.9983,2.0005,1.9977,1.9989,1796.3,3591.07709
1783756800000,1.9989,2.0023,1.9932,2.002,5109.1,10211.08458
1783760400000,2.002,2.0046,1.9963,1.9972,8643.8,17275.31145
1783764000000,1.9972,2.0016,1.994,2.0016,2124.1,4242.93839
1783767600000,2.0016,2.0062,1.998,2.0002,2258.3,4521.10807
1783771200000,2.0002,2.008,1.9893,1.9955,8584.9,17168.42705
1783774800000,1.9955,2.0039,1.9949,1.999,2252.0,4501.70673
1783778400000,1.999,2.0208,1.999,2.0056,12732.0,25611.61925
1783782000000,2.0056,2.0234,1.9894,1.9955,8613.9,17260.08319
1783785600000,1.9955,2.0032,1.9872,2.0008,4593.7,9163.4277
1783789200000,2.0008,2.0039,1.9945,1.9946,1255.2,2507.35102
1783792800000,1.9946,2.0023,1.9903,2.0002,4770.2,9526.80913
1783796400000,2.0002,2.0046,1.9962,2.0046,4456.1,8917.42359
1783800000000,2.0046,2.0101,1.9982,1.9999,14033.2,28092.22662
1783803600000,1.9999,2.012,1.9964,2.0023,24546.4,49118.20444
1783807200000,2.0023,2.0059,1.9688,1.9847,14240.7,28259.24048
1783810800000,1.9847,1.9913,1.9642,1.969,7712.4,15234.8655
1783814400000,1.969,1.9726,1.9542,1.9684,8155.5,16029.66582
1783818000000,1.9684,1.984,1.9683,1.9827,3607.7,7137.69571
1783821600000,1.9827,1.9831,1.9766,1.9773,2711.6,5369.99281
1783825200000,1.9773,1.987,1.9762,1.9822,3968.3,7865.60698
1783828800000,1.9822,1.9882,1.9738,1.9783,6299.3,12459.66369
1783832400000,1.9783,1.9832,1.9752,1.98,2211.6,4376.68531
1783836000000,1.98,1.98,1.9632,1.9718,2925.6,5761.43101
1783839600000,1.9718,1.9793,1.9692,1.9736,2014.2,3978.46278
1783843200000,1.9736,1.9799,1.9716,1.9776,1964.3,3882.04372
1783846800000,1.9776,1.9785,1.9677,1.9764,2642.7,5217.51501
1783850400000,1.9764,1.9778,1.9704,1.9707,763.2,1506.1793
1783854000000,1.9707,1.9775,1.9661,1.9737,1376.2,2713.28594
1783857600000,1.9737,1.9791,1.9707,1.9733,1799.6,3554.97722
1783861200000,1.9733,1.979,1.9707,1.9723,1835.0,3625.95505
1783864800000,1.9723,1.9819,1.9695,1.979,3191.0,6310.466
1783868400000,1.979,1.9816,1.9719,1.9728,3123.0,6174.6206
1783872000000,1.9728,1.9765,1.9692,1.9744,2087.3,4118.3966
1783875600000,1.9744,1.9798,1.9707,1.9743,1389.5,2748.26692
1783879200000,1.9743,1.9799,1.9743,1.9773,2788.8,5518.28806
1783882800000,1.9773,1.981,1.9737,1.9771,3378.7,6677.2659
1783886400000,1.9771,1.9786,1.9697,1.9736,5964.9,11771.83894
1783890000000,1.9736,1.9779,1.9641,1.9648,6396.8,12599.51025
1783893600000,1.9648,1.9653,1.9462,1.9549,12241.1,23916.04751
1783897200000,1.9549,1.9549,1.9376,1.9497,6592.1,12822.94963
1783900800000,1.9497,1.9737,1.9406,1.9585,5084.8,9954.91683
1783904400000,1.9585,1.9615,1.9183,1.9269,47953.3,92407.57986
1783908000000,1.9269,1.9414,1.9239,1.937,7872.9,15216.08584
1783911600000,1.937,1.9381,1.905,1.9185,12163.8,23297.07134
1783915200000,1.9185,1.9286,1.9148,1.9227,11312.8,21770.14819
1783918800000,1.9227,1.9372,1.9173,1.9321,3753.3,7240.07144
1783922400000,1.9321,1.937,1.9302,1.9337,7892.8,15263.94996
1783926000000,1.9337,1.944,1.93,1.943,2686.3,5209.41208
1783929600000,1.943,1.9446,1.9341,1.936,5433.4,10539.20923
1783933200000,1.936,1.9385,1.9342,1.935,3373.1,6531.64589
1783936800000,1.935,1.9406,1.9318,1.9326,19975.8,38702.27027
1783940400000,1.9326,1.9376,1.9312,1.9312,1412.9,2734.34507
1783944000000,1.9312,1.9312,1.9148,1.9238,9270.9,17832.04358
1783947600000,1.9238,1.9262,1.9142,1.9214,6721.9,12915.13188
1783951200000,1.9214,1.9397,1.91,1.939,9721.8,18768.78777
1783954800000,1.939,1.9419,1.9288,1.9295,5808.3,11251.55994
1783958400000,1.9295,1.9459,1.9291,1.932,8894.1,17211.32797
1783962000000,1.932,1.9331,1.9088,1.9088,23425.1,44886.11806
1783965600000,1.9088,1.9197,1.9056,1.914,25456.0,48744.67565
1783969200000,1.914,1.9216,1.911,1.9205,6144.6,11764.73458
1783972800000,1.9205,1.922,1.904,1.9095,56866.9,108801.86688
1783976400000,1.9095,1.9105,1.8908,1.8994,26108.4,49612.8214
1783980000000,1.8994,1.9007,1.8659,1.8865,99168.2,186854.63176
1783983600000,1.8865,1.897,1.8814,1.8962,31563.5,59524.05519
1783987200000,1.8962,1.9128,1.8895,1.9128,7574.1,14404.78396
1783990800000,1.9128,1.9154,1.9051,1.9079,12126.7,23141.21483
1783994400000,1.9079,1.914,1.901,1.9126,4912.5,9371.6324
1783998000000,1.9126,1.9154,1.9012,1.9154,6509.3,12416.67753
1784001600000,1.9154,1.9292,1.9147,1.9238,6538.2,12573.29179
1784005200000,1.9238,1.9424,1.9237,1.9412,5955.2,11512.38631
1784008800000,1.9412,1.9558,1.9412,1.9508,2951.0,5751.673
1784012400000,1.9508,1.9519,1.9312,1.9312,4336.3,8423.90503
1784016000000,1.9312,1.9353,1.9279,1.9282,1972.1,3808.46151
1784019600000,1.9282,1.9355,1.9241,1.9277,6226.3,12020.8064
1784023200000,1.9277,1.9306,1.9187,1.9274,7027.0,13544.55763
1784026800000,1.9274,1.9289,1.9211,1.9248,4226.5,8137.60214
1784030400000,1.9248,1.9587,1.921,1.9559,25226.8,48984.95308
1784034000000,1.9559,1.9716,1.9512,1.9602,19208.4,37704.05558
1784037600000,1.9602,1.9751,1.9549,1.9741,11766.0,23088.30209
1784041200000,1.9741,1.9804,1.9645,1.9742,4814.0,9500.97266
1784044800000,1.9742,1.9855,1.9705,1.9807,10140.1,20058.62411
1784048400000,1.9807,2.0138,1.9746,1.9949,15841.4,31545.85142
1784052000000,1.9949,2.0182,1.9924,2.0027,21516.7,43141.27114
1784055600000,2.0027,2.0029,1.9829,1.991,7201.9,14332.34425
1784059200000,1.991,1.991,1.9825,1.9864,4388.6,8717.41802
1784062800000,1.9864,1.9981,1.982,1.9897,7812.8,15562.55773
1784066400000,1.9897,1.9963,1.9825,1.9856,6935.6,13785.64259
1784070000000,1.9856,1.992,1.9826,1.9826,9872.2,19613.4287
1784073600000,1.9826,2.015,1.9826,2.015,14210.4,28404.18934
1784077200000,2.015,2.0646,2.015,2.0279,50270.6,102601.19741
1784080800000,2.0279,2.0314,2.0109,2.013,25127.1,50674.63248
1784084400000,2.013,2.0142,1.9979,2.0128,13788.9,27623.52879
1784088000000,2.0128,2.0184,2.0006,2.0019,5453.8,10937.64133
1784091600000,2.0019,2.008,1.9939,2.008,11599.5,23198.96934
1784095200000,2.008,2.0118,1.9932,1.995,10844.8,21730.11899
1784098800000,1.995,2.0082,1.9779,1.9874,18359.3,36589.19928
1784102400000,1.9874,1.9921,1.9814,1.9913,5211.8,10353.94734
1784106000000,1.9913,1.9945,1.9788,1.9812,2560.6,5090.30551
1784109600000,1.9812,1.9911,1.9793,1.985,6439.1,12788.00664
1784113200000,1.985,1.9901,1.9731,1.9894,4568.1,9057.86531
1784116800000,1.9894,2.0185,1.9868,2.016,12156.4,24274.08254
1784120400000,2.016,2.0269,2.0017,2.0104,8884.9,17943.38764
1784124000000,2.0104,2.0105,1.9979,2.0051,2811.1,5632.05359
1784127600000,2.0051,2.0051,1.9915,1.9926,4038.2,8074.74676
1784131200000,1.9926,1.9926,1.9729,1.9847,19525.0,38708.76642
1784134800000,1.9847,1.9942,1.9837,1.9934,6532.2,12998.29461
1784138400000,1.9934,2.0037,1.9849,1.9849,7881.4,15730.7699
1784142000000,1.9849,1.9903,1.9753,1.9808,3198.9,6346.95631
1784145600000,1.9808,1.9949,1.9808,1.9945,2742.7,5456.54019
1784149200000,1.9945,1.9985,1.9883,1.9957,5335.2,10643.06746
1784152800000,1.9957,1.9988,1.9908,1.993,3182.1,6347.52829
1784156400000,1.993,1.9946,1.9848,1.9887,2394.0,4767.85126
1784160000000,1.9887,1.9938,1.9802,1.9848,4755.3,9453.77796
1784163600000,1.9848,1.9933,1.9755,1.9918,5993.1,11871.49776
1784167200000,1.9918,1.9998,1.9852,1.995,4760.1,9486.32695
1784170800000,1.995,2.0011,1.9892,2.0002,5049.4,10070.99647
1784174400000,2.0002,2.0043,1.9931,1.9967,3644.0,7275.04785
1784178000000,1.9967,2.0052,1.995,1.9971,3888.3,7770.41367
1784181600000,1.9971,2.0025,1.987,1.9914,3871.4,7724.71823
1784185200000,1.9914,1.9927,1.9731,1.9823,9635.3,19088.76541
1784188800000,1.9823,1.9872,1.957,1.9806,12409.2,24460.33476
1784192400000,1.9806,1.9825,1.9711,1.9766,3271.6,6465.00811
1784196000000,1.9766,1.9898,1.9765,1.98,8926.1,17683.19571
1784199600000,1.98,1.9839,1.9733,1.9824,3065.2,6064.08269
1784203200000,1.9824,1.9882,1.9698,1.9744,5712.9,11304.36692
1784206800000,1.9744,1.9957,1.9732,1.9895,6660.8,13262.00213
1784210400000,1.9895,2.0071,1.9886,1.9939,11144.2,22283.15508
1784214000000,1.9939,2.005,1.9837,2.0016,2242.5,4480.95014
1784217600000,2.0016,2.0016,1.9855,1.9917,1908.9,3808.8158
1784221200000,1.9917,2.0004,1.9741,1.9819,10523.3,20911.37325
1784224800000,1.9819,1.9853,1.9753,1.9779,2361.6,4676.23496
1784228400000,1.9779,1.9847,1.9763,1.98,2340.8,4638.6809
1784232000000,1.98,1.9817,1.9742,1.9798,1640.8,3246.54806
1784235600000,1.9798,1.9905,1.9777,1.9807,1699.4,3373.22555
1784239200000,1.9807,1.9844,1.9657,1.9679,3002.9,5932.87369
1784242800000,1.9679,1.9693,1.9413,1.9484,9667.3,18908.1809
1784246400000,1.9484,1.9501,1.9205,1.9466,91535.3,177169.12454
1784250000000,1.9466,1.949,1.9266,1.9285,7557.3,14691.50112
1784253600000,1.9285,1.9325,1.918,1.9258,9454.1,18198.36979
1784257200000,1.9258,1.9555,1.925,1.9428,10202.3,19825.72337
1784260800000,1.9428,1.9485,1.9387,1.9466,2270.2,4411.50621
1784264400000,1.9466,1.9484,1.9228,1.9274,4768.1,9238.8005
1784268000000,1.9274,1.9336,1.9248,1.9298,9629.5,18595.60341
1784271600000,1.9298,1.9298,1.918,1.9207,1447.3,2783.26403
1784275200000,1.9207,1.9319,1.915,1.929,8244.8,15869.6298
1784278800000,1.929,1.9378,1.9268,1.9351,3144.2,6075.35856
1784282400000,1.9351,1.9438,1.934,1.9386,7239.0,14048.43486
1784286000000,1.9386,1.9389,1.9307,1.9343,4321.0,8353.02691
1784289600000,1.9343,1.9343,1.9165,1.9259,5128.0,9861.87345
1784293200000,1.9259,1.9259,1.8769,1.914,138451.2,262853.48686
1784296800000,1.914,1.9282,1.914,1.917,15171.6,29151.54229
1784300400000,1.917,1.9171,1.901,1.9163,18673.7,35581.24884
1784304000000,1.9163,1.9227,1.9086,1.9151,19571.4,37477.58992
1784307600000,1.9151,1.9304,1.9151,1.9228,7927.1,15262.99677
1784311200000,1.9228,1.9447,1.9212,1.9297,74219.7,143443.87167
1784314800000,1.9297,1.9318,1.9172,1.9216,5221.2,10040.42202
1784318400000,1.9216,1.931,1.9126,1.916,10737.9,20607.15563
1784322000000,1.916,1.9199,1.9126,1.9154,1026.7,1968.45351
1784325600000,1.9154,1.9154,1.9072,1.9122,5541.3,10588.49662
1784329200000,1.9122,1.9132,1.9048,1.913,1391.0,2655.11439
1784332800000,1.913,1.9205,1.9101,1.914,5823.8,11166.20052
1784336400000,1.914,1.9157,1.9117,1.9139,1623.2,3106.10339
1784340000000,1.9139,1.9205,1.912,1.9126,1138.0,2180.41138
1784343600000,1.9126,1.9174,1.906,1.9086,4656.3,8895.62766
1784347200000,1.9086,1.9115,1.9013,1.9044,2978.3,5682.8512
1784350800000,1.9044,1.906,1.8957,1.897,2548.9,4845.41953
1784354400000,1.897,1.9078,1.8952,1.9045,4639.9,8837.23484
1784358000000,1.9045,1.9079,1.9011,1.9047,2364.3,4501.48609
1784361600000,1.9047,1.9066,1.8972,1.8974,2574.2,4897.23132
1784365200000,1.8974,1.8985,1.8842,1.894,33772.5,63755.71696
1784368800000,1.894,1.8966,1.8746,1.8879,94144.1,177468.09672
1784372400000,1.8879,1.8913,1.8861,1.8893,8741.5,16514.04207
1784376000000,1.8893,1.8954,1.8774,1.8879,13827.6,26044.25661
1784379600000,1.8879,1.8987,1.8793,1.8934,7683.6,14506.85201
1784383200000,1.8934,1.9013,1.8911,1.8951,3868.0,7337.89073
1784386800000,1.8951,1.8987,1.888,1.8987,3916.6,7415.99841
1784390400000,1.8987,1.9136,1.8948,1.9067,11617.1,22131.5668
1784394000000,1.9067,1.9173,1.9029,1.9167,13312.2,25444.84629
1784397600000,1.9167,1.9276,1.912,1.9255,24621.5,47322.40444
1784401200000,1.9255,1.9345,1.9228,1.9325,7729.3,14903.02381
1784404800000,1.9325,1.9374,1.9253,1.9292,5060.8,9781.22046
1784408400000,1.9292,1.9374,1.9245,1.9337,3422.3,6602.75275
1784412000000,1.9337,1.9353,1.9241,1.9288,2206.0,4253.8983
1784415600000,1.9288,1.9288,1.9192,1.9228,2530.9,4866.16099
1784419200000,1.9228,1.9247,1.9163,1.9196,6747.4,12959.57124
1784422800000,1.9196,1.9196,1.9103,1.912,1361.0,2604.49736
1784426400000,1.912,1.9184,1.9064,1.9102,3323.9,6351.66561
1784430000000,1.9102,1.9135,1.9022,1.9046,4051.1,7720.15382
1784433600000,1.9046,1.9046,1.8951,1.8952,8067.4,15314.79513
1784437200000,1.8952,1.9041,1.8952,1.8974,2253.3,4281.66825
1784440800000,1.8974,1.91,1.8965,1.909,7048.0,13399.97677
1784444400000,1.909,1.9095,1.9023,1.9055,2424.7,4623.33705
1784448000000,1.9055,1.9099,1.9031,1.9051,1803.4,3439.93624
1784451600000,1.9051,1.9075,1.8989,1.903,6064.3,11539.84776
1784455200000,1.903,1.9087,1.8989,1.9036,10510.4,20014.28034
1784458800000,1.9036,1.9061,1.893,1.8954,3549.1,6744.56358
1784462400000,1.8954,1.8981,1.8889,1.8923,10829.7,20490.6493
1784466000000,1.8923,1.8934,1.883,1.8871,4239.6,7997.39919
1784469600000,1.8871,1.8906,1.88,1.8822,4644.0,8754.01249
1784473200000,1.8822,1.8884,1.8757,1.8845,16569.9,31132.42633
1784476800000,1.8845,1.8846,1.8727,1.8731,12883.1,24191.12878
1784480400000,1.8731,1.8804,1.862,1.8746,60092.1,112540.52511
1784484000000,1.8746,1.8799,1.8621,1.8779,9682.7,18136.01421
1784487600000,1.8779,1.8867,1.8769,1.8867,1603.9,3016.07835
1784491200000,1.8867,1.8907,1.8853,1.887,1930.9,3645.51508
1784494800000,1.887,1.8925,1.8782,1.8792,1153.0,2173.62377
1784498400000,1.8792,1.8865,1.8772,1.8786,2958.0,5562.89818
1784502000000,1.8786,1.8832,1.8732,1.883,4510.8,8471.40262
1784505600000,1.883,1.9033,1.8797,1.8847,12473.9,23639.92393
1784509200000,1.8847,1.8969,1.8774,1.8812,6259.0,11802.14787
1784512800000,1.8812,1.9021,1.8812,1.8999,5441.9,10308.91664
1784516400000,1.8999,1.9078,1.8897,1.8917,3823.4,7262.911
1784520000000,1.8917,1.8925,1.8815,1.883,1623.3,3061.61953
1784523600000,1.883,1.883,1.855,1.8631,22336.0,41629.49077
1784527200000,1.8631,1.8717,1.8426,1.8573,35187.7,65175.03242
1784530800000,1.8573,1.8713,1.8309,1.8668,30144.7,55586.3268
1784534400000,1.8668,1.8699,1.8531,1.8578,5045.3,9386.38325
1784538000000,1.8578,1.8757,1.8577,1.871,26143.7,48719.38856
1784541600000,1.871,1.8747,1.8669,1.8676,13973.6,26123.50051
1784545200000,1.8676,1.8864,1.8658,1.8857,11686.3,21980.93669
1784548800000,1.8857,1.8894,1.8777,1.8789,3565.1,6717.96317
1784552400000,1.8789,1.8867,1.8671,1.8707,4130.9,7746.92339
1784556000000,1.8707,1.8759,1.8633,1.8657,7852.0,14686.04414
1784559600000,1.8657,1.9003,1.8657,1.897,10300.0,19426.87713
1784563200000,1.897,1.9167,1.8908,1.9038,19612.6,37311.55665
1784566800000,1.9038,1.9064,1.8972,1.902,3578.6,6807.54372
1784570400000,1.902,1.9128,1.902,1.9061,5534.5,10569.93677
1784574000000,1.9061,1.909,1.8962,1.9022,3709.9,7058.23428
1784577600000,1.9022,1.9055,1.8949,1.905,2466.9,4685.32127
1784581200000,1.905,1.9096,1.8986,1.8998,4781.1,9101.55111
1784584800000,1.8998,1.9005,1.8891,1.8915,1849.3,3502.46343
1784588400000,1.8915,1.897,1.8881,1.891,2573.0,4865.37382
1784592000000,1.891,1.9005,1.886,1.8985,6689.4,12651.73834
1784595600000,1.8985,1.9001,1.8885,1.889,1549.1,2936.74911
1784599200000,1.889,1.8986,1.8857,1.8979,1752.9,3314.63655
1784602800000,1.8979,1.9141,1.897,1.9119,10855.1,20690.01409
1784606400000,1.9119,1.9137,1.903,1.9056,1667.3,3178.75288
1784610000000,1.9056,1.9251,1.9028,1.9208,6583.6,12613.70921
1784613600000,1.9208,1.94,1.9193,1.9305,9910.8,19144.45778
1784617200000,1.9305,1.9326,1.9132,1.9224,4577.7,8800.01151
1784620800000,1.9224,1.9349,1.9208,1.9286,10296.6,19839.43791
1784624400000,1.9286,1.9355,1.9214,1.9321,4821.5,9283.17715
1784628000000,1.9321,1.9397,1.9256,1.9269,8202.5,15854.21477
1784631600000,1.9269,1.9378,1.9239,1.9339,3163.5,6111.18441
1784635200000,1.9339,1.9409,1.931,1.9344,4534.0,8780.987
1784638800000,1.9344,1.9372,1.9253,1.9354,4430.6,8550.26174
1784642400000,1.9354,1.9423,1.9284,1.933,11194.6,21668.98643
1784646000000,1.933,1.9381,1.9283,1.9328,6053.5,11705.96236
1784649600000,1.9328,1.9354,1.9255,1.9273,15452.8,29799.08372
1784653200000,1.9273,1.9281,1.909,1.919,9629.3,18486.42117
1784656800000,1.919,1.9319,1.9176,1.9257,5524.1,10627.95524
1784660400000,1.9257,1.9331,1.9213,1.9313,4783.6,9214.77946
1784664000000,1.9313,1.9346,1.9261,1.9281,6503.9,12556.83268
1784667600000,1.9281,1.942,1.9269,1.931,12443.3,24061.61224
1784671200000,1.931,1.931,1.9193,1.9222,4458.7,8582.18248
1784674800000,1.9222,1.9246,1.9186,1.9241,8492.6,16304.57228
1784678400000,1.9241,1.9292,1.9212,1.9261,2338.1,4503.94596
1784682000000,1.9261,1.9272,1.9188,1.9203,2177.9,4188.85109
1784685600000,1.9203,1.922,1.9145,1.9145,3300.4,6332.46342
1784689200000,1.9145,1.9147,1.901,1.9021,3549.3,6769.5574
1784692800000,1.9021,1.9192,1.8981,1.9067,4052.1,7739.15509
1784696400000,1.9067,1.909,1.885,1.8859,14116.8,26671.90279
1784700000000,1.8859,1.8911,1.8752,1.8823,47055.2,88543.64402
1784703600000,1.8823,1.8872,1.879,1.8845,3081.1,5800.82112
1784707200000,1.8845,1.8915,1.8845,1.8858,2830.4,5340.19551
1784710800000,1.8858,1.89,1.8828,1.8883,20584.7,38862.46226
1784714400000,1.8883,1.8993,1.8883,1.8978,16369.9,31037.52696
1784718000000,1.8978,1.8999,1.8882,1.8915,6295.0,11911.90083
1784721600000,1.8915,1.892,1.881,1.8878,6914.5,13058.39515
1784725200000,1.8878,1.904,1.8847,1.9019,5602.3,10630.37495
1784728800000,1.9019,1.9165,1.897,1.9015,6552.3,12506.39474
1784732400000,1.9015,1.9171,1.9015,1.906,9944.8,19027.36675
1784736000000,1.906,1.9204,1.9041,1.9178,5038.3,9639.5689
1784739600000,1.9178,1.9192,1.9081,1.9109,3877.6,7415.93724
1784743200000,1.9109,1.9118,1.8979,1.9026,1686.9,3211.69181
1784746800000,1.9026,1.9027,1.8919,1.8947,1863.3,3532.90252
1784750400000,1.8947,1.9008,1.8903,1.8997,10077.9,19117.04587
1784754000000,1.8997,1.9022,1.8967,1.8991,1723.4,3275.40834
1784757600000,1.8991,1.9011,1.8941,1.8994,1737.1,3295.54971
1784761200000,1.8994,1.8995,1.8864,1.897,3612.7,6836.14157
1784764800000,1.897,1.9072,1.896,1.9007,2048.5,3894.78331
1784768400000,1.9007,1.9021,1.8863,1.8879,1962.2,3712.93905
1784772000000,1.8879,1.8885,1.8789,1.8858,8621.2,16238.03542
1784775600000,1.8858,1.8872,1.876,1.881,6193.7,11636.60431
1784779200000,1.881,1.8886,1.8775,1.8829,1729.2,3259.835
1784782800000,1.8829,1.8906,1.8829,1.8849,2121.0,4003.53474
1784786400000,1.8849,1.9044,1.8849,1.895,4973.5,9430.50217
1784790000000,1.895,1.897,1.8827,1.8877,10524.8,19859.29462
1784793600000,1.8877,1.8967,1.8849,1.894,958.8,1814.16854
1784797200000,1.894,1.9007,1.8868,1.8882,2562.3,4854.86729
1784800800000,1.8882,1.8892,1.885,1.8879,5999.6,11328.35901
1784804400000,1.8879,1.8894,1.8832,1.8841,3869.1,7293.1559
1784808000000,1.8841,1.8879,1.8717,1.8811,5376.9,10115.6218
1784811600000,1.8811,1.8871,1.8701,1.8801,6401.5,12027.68533
1784815200000,1.8801,1.8865,1.8748,1.8808,1999.4,3762.10918
1784818800000,1.8808,1.8808,1.8573,1.8769,21320.9,39857.43874
1784822400000,1.8769,1.8788,1.8671,1.8707,7259.7,13595.17352
1784826000000,1.8707,1.8708,1.8419,1.8431,21320.4,39655.89507
1784829600000,1.8431,1.8501,1.834,1.845,19062.9,35079.7456
1784833200000,1.845,1.8464,1.8324,1.8365,20461.3,37680.41834
1784836800000,1.8365,1.8531,1.8358,1.8417,4660.8,8601.34134
1784840400000,1.8417,1.848,1.8396,1.8398,2530.9,4664.47468
1784844000000,1.8398,1.8425,1.8307,1.8383,7103.4,13051.77317
1784847600000,1.8383,1.841,1.8335,1.8348,3876.6,7124.25268
1784851200000,1.8348,1.8351,1.814,1.8239,90641.3,165154.06687
1784854800000,1.8239,1.8493,1.823,1.8457,9740.1,17878.45773
1784858400000,1.8457,1.8582,1.8403,1.8525,11175.4,20643.42851
1784862000000,1.8525,1.8628,1.8519,1.8628,2752.0,5108.87432
1784865600000,1.8628,1.8642,1.8532,1.8571,1375.3,2553.72942
1784869200000,1.8571,1.8748,1.8566,1.8748,5732.9,10705.38657
1784872800000,1.8748,1.8787,1.869,1.8717,4254.1,7973.56057
1784876400000,1.8717,1.8875,1.869,1.878,5689.3,10678.93342
1784880000000,1.878,1.8787,1.8674,1.8712,2458.6,4602.57865
1784883600000,1.8712,1.8739,1.859,1.8666,1977.6,3687.21829
1784887200000,1.8666,1.8681,1.8556,1.8575,3456.6,6431.04194
1784890800000,1.8575,1.8578,1.848,1.8572,3488.1,6471.20048
1784894400000,1.8572,1.8572,1.8426,1.843,3618.9,6697.65315
1784898000000,1.843,1.8443,1.818,1.8294,12597.7,23050.79171
1784901600000,1.8294,1.8315,1.8161,1.8315,12717.9,23200.17207
1784905200000,1.8315,1.8411,1.8229,1.8381,3368.5,6177.10239
1784908800000,1.8381,1.8388,1.8309,1.8334,3566.1,6539.96553
1784912400000,1.8334,1.8435,1.8265,1.8401,3475.1,6376.30681
1784916000000,1.8401,1.8421,1.8337,1.84,1444.8,2656.5166
1784919600000,1.84,1.8405,1.8327,1.8348,2837.5,5208.38532
1784923200000,1.8348,1.8428,1.8335,1.8386,1098.2,2017.48875
1784926800000,1.8386,1.8407,1.8269,1.8273,1378.3,2530.848
1784930400000,1.8273,1.8348,1.8259,1.8314,1916.3,3508.91483
1784934000000,1.8314,1.8382,1.8314,1.8381,748.2,1373.42675
1784937600000,1.8381,1.841,1.8332,1.8386,5406.9,9934.39762
1784941200000,1.8386,1.8407,1.8328,1.8357,1470.4,2699.95868
1784944800000,1.8357,1.8387,1.8336,1.8379,1257.7,2309.29338
1784948400000,1.8379,1.8416,1.8357,1.8364,1042.7,1917.89934
1784952000000,1.8364,1.8385,1.8333,1.8357,773.2,1419.70533
1784955600000,1.8357,1.8398,1.8303,1.8318,1589.0,2915.96576
1784959200000,1.8318,1.8341,1.8208,1.822,11035.6,20117.34407
1784962800000,1.822,1.826,1.8174,1.8197,3016.8,5492.70312
1784966400000,1.8197,1.8262,1.8158,1.8172,2463.1,4483.54643
1784970000000,1.8172,1.8275,1.817,1.8242,5804.5,10576.41766
1784973600000,1.8242,1.8309,1.8229,1.8276,2893.5,5283.11258
1784977200000,1.8276,1.8303,1.8237,1.8268,358.9,656.09153
1784980800000,1.8268,1.8303,1.8234,1.8246,1221.4,2230.89109
1784984400000,1.8246,1.836,1.8246,1.8319,5272.7,9651.72612
1784988000000,1.8319,1.8358,1.8305,1.8349,3103.3,5687.20213
1784991600000,1.8349,1.8472,1.8315,1.8433,6698.6,12317.34713
1784995200000,1.8433,1.8825,1.8433,1.8626,33182.4,61973.16519
1784998800000,1.8626,1.868,1.8596,1.8646,1749.2,3260.42237
1785002400000,1.8646,1.8701,1.8637,1.867,3601.6,6727.58207
1785006000000,1.867,1.8708,1.8659,1.8708,844.4,1577.03175
1785009600000,1.8708,1.8738,1.8624,1.8663,2567.4,4795.0314
1785013200000,1.8663,1.8735,1.863,1.8668,2393.9,4466.48404
1785016800000,1.8668,1.8723,1.8657,1.8692,1433.0,2678.30476
1785020400000,1.8692,1.8692,1.854,1.8553,3405.9,6327.17182
1785024000000,1.8553,1.8605,1.8525,1.8535,2090.2,3880.48765
1785027600000,1.8535,1.8594,1.8513,1.8594,1642.3,3044.41564
1785031200000,1.8594,1.8628,1.8567,1.8613,940.4,1748.55717
1785034800000,1.8613,1.8641,1.8566,1.8582,1164.4,2165.8877
1785038400000,1.8582,1.8798,1.8552,1.877,10210.8,19085.75258
1785042000000,1.877,1.8781,1.8656,1.8681,4308.0,8059.7064
1785045600000,1.8681,1.8685,1.8565,1.8671,5973.5,11112.81455
1785049200000,1.8671,1.8725,1.861,1.8635,1572.8,2933.20503
1785052800000,1.8635,1.8714,1.8628,1.87,1557.3,2907.97698
1785056400000,1.87,1.8708,1.8618,1.8628,877.1,1636.31525
1785060000000,1.8628,1.8758,1.862,1.8686,3618.5,6757.46299
1785063600000,1.8686,1.8695,1.8605,1.8605,2717.5,5068.53674
1785067200000,1.8605,1.8659,1.8557,1.858,2887.1,5371.81866
1785070800000,1.858,1.8624,1.8519,1.8579,3022.5,5613.3675
1785074400000,1.8579,1.8753,1.8556,1.8704,11257.1,21016.0129
1785078000000,1.8704,1.8761,1.8673,1.8711,8865.3,16589.23096
1785081600000,1.8711,1.8788,1.8689,1.8704,1142.1,2139.4588
1785085200000,1.8704,1.8709,1.8631,1.8633,1745.5,3258.21899
1785088800000,1.8633,1.8643,1.8574,1.8602,5417.8,10074.50726
1785092400000,1.8602,1.8602,1.8555,1.859,772.3,1434.89786
1785096000000,1.859,1.8611,1.8563,1.8588,1183.2,2198.95591
1785099600000,1.8588,1.8645,1.8548,1.8645,611.0,1135.31437
1785103200000,1.8645,1.8784,1.8628,1.8767,2777.6,5204.92358
1785106800000,1.8767,1.8858,1.8761,1.8819,1761.6,3314.31148
1785110400000,1.8819,1.8841,1.8709,1.8734,5940.6,11149.55162
1785114000000,1.8734,1.8755,1.8618,1.8741,2135.0,3993.56871
1785117600000,1.8741,1.8741,1.8654,1.8686,3304.8,6178.1233
1785121200000,1.8686,1.8717,1.8634,1.8708,8563.2,15989.27465
1785124800000,1.8708,1.8751,1.8682,1.8723,2351.9,4404.09645
1785128400000,1.8723,1.8968,1.8719,1.8948,7279.0,13706.88385
1785132000000,1.8948,1.8981,1.8835,1.8846,2576.9,4867.7962
1785135600000,1.8846,1.8866,1.8654,1.8703,5044.1,9460.40913
1785139200000,1.8703,1.8748,1.867,1.8696,2335.7,4369.68787
1785142800000,1.8696,1.8759,1.8645,1.8733,8152.2,15226.42103
1785146400000,1.8733,1.8753,1.8694,1.8719,977.0,1828.95436
1785150000000,1.8719,1.8719,1.8623,1.8634,2560.8,4779.86888
1785153600000,1.8634,1.868,1.8551,1.863,8653.6,16107.23897
1785157200000,1.863,1.8746,1.8513,1.8598,11024.5,20492.02646
1785160800000,1.8598,1.8628,1.8113,1.828,51136.1,93474.26683
1785164400000,1.828,1.8336,1.8222,1.8266,25698.8,46990.74489
1785168000000,1.8266,1.8382,1.8221,1.8382,19284.6,35320.85849
1785171600000,1.8382,1.8452,1.8363,1.8398,3917.7,7216.40503
1785175200000,1.8398,1.8409,1.8252,1.833,6594.8,12084.52465
1785178800000,1.833,1.8443,1.833,1.8443,1641.2,3017.34879
1785182400000,1.8443,1.8469,1.8382,1.844,1244.4,2293.17941
1785186000000,1.844,1.8477,1.8343,1.8372,1933.9,3562.93274
1785189600000,1.8372,1.8373,1.7925,1.7986,87066.7,156937.74078
1785193200000,1.7986,1.814,1.7844,1.8082,18144.4,32628.35003
1785196800000,1.8082,1.8128,1.7965,1.7986,9951.2,17941.80801
1785200400000,1.7986,1.8037,1.7758,1.7965,16098.5,28784.22684
1785204000000,1.7965,1.8028,1.7871,1.8006,39191.0,70321.85436
1785207600000,1.8006,1.8006,1.7934,1.7979,940.8,1691.06489
1785211200000,1.7979,1.805,1.792,1.7994,3835.2,6908.26247
1785214800000,1.7994,1.8071,1.7939,1.7939,2705.3,4870.29561
1785218400000,1.7939,1.7993,1.7867,1.7977,14059.8,25184.67129
1785222000000,1.7977,1.8004,1.7857,1.7896,6240.5,11165.32668
1785225600000,1.7896,1.7951,1.7859,1.7912,16655.3,29797.80298
1785229200000,1.7912,1.7989,1.7888,1.7935,2301.2,4126.9742
1785232800000,1.7935,1.8004,1.7912,1.7925,4033.7,7237.7522
1785236400000,1.7925,1.793,1.7792,1.7854,24817.9,44305.92452
1785240000000,1.7854,1.7904,1.7802,1.7904,4583.7,8179.20701
1785243600000,1.7904,1.7916,1.7584,1.7746,89661.6,158667.07168
1785247200000,1.7746,1.7937,1.7695,1.788,17079.5,30418.21752
1785250800000,1.788,1.8114,1.7845,1.803,9797.9,17636.70661
1785254400000,1.803,1.8082,1.7979,1.8045,5703.7,10288.35255
1785258000000,1.8045,1.807,1.7876,1.7957,3097.5,5566.79765
1785261600000,1.7957,1.803,1.7938,1.7954,4862.5,8731.95416
1785265200000,1.7954,1.8021,1.7941,1.7984,2739.5,4924.64512
1785268800000,1.7984,1.7998,1.7905,1.793,7071.4,12699.06796
1785272400000,1.793,1.8018,1.7896,1.794,4501.8,8082.97979
1785276000000,1.794,1.8016,1.7778,1.7794,7930.1,14213.02389
1785279600000,1.7794,1.7867,1.7744,1.7867,12394.0,22024.74461
1785283200000,1.7867,1.8004,1.7866,1.7898,6748.5,12101.88603
1785286800000,1.7898,1.792,1.7693,1.7704,5809.8,10341.19376
1785290400000,1.7704,1.7783,1.7568,1.7691,65328.1,115279.44229
1785294000000,1.7691,1.7736,1.7351,1.7417,52266.3,91394.48912
1785297600000,1.7417,1.7424,1.715,1.7352,30269.1,52278.55237
1785301200000,1.7352,1.7445,1.7351,1.7408,4877.2,8486.9204
1785304800000,1.7408,1.7507,1.7356,1.7436,5710.7,9957.4795
1785308400000,1.7436,1.7546,1.7424,1.7527,9761.6,17050.76524
1785312000000,1.7527,1.7567,1.7439,1.7498,9832.0,17226.952
1785315600000,1.7498,1.754,1.7127,1.724,35185.2,60872.84754
1785319200000,1.724,1.7323,1.7198,1.7232,35395.1,61078.78324
1785322800000,1.7232,1.7304,1.7228,1.7293,5190.4,8973.22971
1785326400000,1.7293,1.7303,1.7098,1.7185,9464.6,16243.30519
1785330000000,1.7185,1.7289,1.715,1.7242,5751.8,9906.34372
1785333600000,1.7242,1.7248,1.7075,1.7079,8203.5,14052.48583
1785337200000,1.7079,1.71,1.6991,1.7024,24064.9,41020.06211
1785340800000,1.7024,1.7098,1.6975,1.7025,2825.2,4812.28507
1785344400000,1.7025,1.7207,1.7025,1.7196,14839.5,25385.58895
1785348000000,1.7196,1.7451,1.7144,1.7397,44968.9,77607.68308
1785351600000,1.7397,1.7452,1.7069,1.7109,17330.3,29870.88528
1785355200000,1.7109,1.7167,1.6784,1.6857,81066.7,137167.8229
1785358800000,1.6857,1.7131,1.6784,1.7128,11115.3,18860.78086
1785362400000,1.7128,1.725,1.7128,1.721,6739.3,11603.71647
1785366000000,1.721,1.7267,1.7206,1.7253,2254.8,3886.33705
1785369600000,1.7253,1.7363,1.7205,1.726,7132.2,12331.01082
1785373200000,1.726,1.7457,1.7245,1.7412,9744.5,16926.03812
1785376800000,1.7412,1.743,1.7266,1.7269,2119.5,3679.00469
1785380400000,1.7269,1.73,1.7226,1.7248,1567.2,2704.06434
1785384000000,1.7248,1.7253,1.7128,1.7144,5758.5,9886.2199
1785387600000,1.7144,1.7223,1.7129,1.7212,1225.3,2103.67126
1785391200000,1.7212,1.7245,1.7128,1.7168,3524.2,6053.19393
1785394800000,1.7168,1.7217,1.7112,1.7142,5034.4,8643.66234
1785398400000,1.7142,1.7189,1.7084,1.7161,9861.1,16884.17165
1785402000000,1.7161,1.7236,1.7149,1.7202,5274.3,9065.74433
1785405600000,1.7202,1.7331,1.7201,1.7228,12452.8,21520.63385
1785409200000,1.7228,1.7306,1.7222,1.7268,2956.2,5100.12734
1785412800000,1.7268,1.7292,1.7183,1.7234,6854.0,11820.89351
1785416400000,1.7234,1.7339,1.7116,1.727,14101.9,24305.27575
1785420000000,1.727,1.7391,1.7229,1.7262,11578.4,20038.63125
1785423600000,1.7262,1.7339,1.7236,1.728,3367.9,5821.81231
1785427200000,1.728,1.7347,1.7206,1.7248,5567.7,9619.51935
1785430800000,1.7248,1.738,1.7171,1.7346,11800.6,20419.74762
1785434400000,1.7346,1.7409,1.7233,1.7287,4090.4,7091.41212
1785438000000,1.7287,1.7341,1.7287,1.7334,4870.9,8432.96279
1785441600000,1.7334,1.7408,1.7325,1.7376,8551.6,14854.49776
1785445200000,1.7376,1.7394,1.7325,1.7339,2835.7,4919.89136
1785448800000,1.7339,1.7393,1.7297,1.7309,2034.6,3527.67347
1785452400000,1.7309,1.7394,1.7231,1.725,4362.1,7550.98343
1785456000000,1.725,1.7373,1.7237,1.735,2055.0,3553.00555
1785459600000,1.735,1.7488,1.7306,1.7325,4041.1,7031.52629
1785463200000,1.7325,1.7338,1.7212,1.7242,4134.0,7136.74876
1785466800000,1.7242,1.7283,1.7167,1.724,2271.5,3913.98851
1785470400000,1.724,1.728,1.72,1.7218,1430.4,2466.77379
1785474000000,1.7218,1.728,1.7213,1.7253,5377.6,9276.52347
1785477600000,1.7253,1.734,1.7237,1.7329,2332.0,4032.27755
1785481200000,1.7329,1.7378,1.7237,1.735,10051.4,17398.74615
1785484800000,1.735,1.7485,1.7261,1.7275,5798.1,10084.8868
1785488400000,1.7275,1.728,1.709,1.7146,22212.0,38054.21664
1785492000000,1.7146,1.7177,1.7047,1.7155,4258.6,7286.13827
1785495600000,1.7155,1.7178,1.7074,1.7074,464.1,794.67664
1785499200000,1.7074,1.7153,1.7047,1.7149,7137.2,12202.83159
1785502800000,1.7149,1.7176,1.6988,1.7018,6799.9,11621.53876
1785506400000,1.7018,1.7141,1.6789,1.7076,61199.9,103620.8865
1785510000000,1.7076,1.7289,1.7076,1.7248,8958.1,15390.58619
1785513600000,1.7248,1.7376,1.7238,1.7343,7931.8,13740.77777
1785517200000,1.7343,1.7464,1.7313,1.7443,3788.7,6590.58771
1785520800000,1.7443,1.7452,1.7282,1.732,4456.8,7745.15457
1785524400000,1.732,1.7329,1.722,1.725,1120.9,1935.4646
1785528000000,1.725,1.7288,1.7208,1.7208,1319.0,2273.25645
1785531600000,1.7208,1.7268,1.7167,1.7181,1510.5,2599.64025
1785535200000,1.7181,1.7229,1.714,1.7145,3546.2,6089.93088
1785538800000,1.7145,1.7244,1.714,1.7211,3315.8,5696.09244
1785542400000,1.7211,1.7371,1.7211,1.7329,3538.6,6121.72462
1785546000000,1.7329,1.7443,1.7329,1.7387,1951.3,3393.81149
1785549600000,1.7387,1.7465,1.7366,1.7388,4671.9,8133.59353
1785553200000,1.7388,1.7445,1.7345,1.739,1570.2,2729.35896
1785556800000,1.739,1.7441,1.7388,1.7441,1063.6,1852.6151
1785560400000,1.7441,1.7485,1.7324,1.7372,8447.6,14718.45728
1785564000000,1.7372,1.7406,1.7312,1.7397,1364.4,2368.43515
1785567600000,1.7397,1.7474,1.7347,1.7347,1986.2,3460.29785
1785571200000,1.7347,1.7439,1.732,1.7434,2112.0,3667.08395
1785574800000,1.7434,1.7502,1.7395,1.74,10076.3,17600.85672
1785578400000,1.74,1.74,1.7281,1.7361,6066.0,10505.68036
1785582000000,1.7361,1.742,1.7315,1.7418,11338.7,19699.06839
1785585600000,1.7418,1.7592,1.7394,1.749,13117.4,23014.48042
1785589200000,1.749,1.749,1.7407,1.7433,6793.5,11854.23933
1785592800000,1.7433,1.7442,1.7366,1.7436,2294.7,3993.28612
1785596400000,1.7436,1.7436,1.7313,1.7349,2663.0,4628.64356
1785600000000,1.7349,1.7463,1.733,1.7364,2512.9,4376.46146
1785603600000,1.7364,1.7383,1.7203,1.7228,6025.1,10402.63293
1785607200000,1.7228,1.726,1.6929,1.7105,67667.1,115250.65894
1785610800000,1.7105,1.7181,1.7085,1.7155,4857.0,8317.85808
1785614400000,1.7155,1.7168,1.707,1.7156,2584.4,4427.87287
1785618000000,1.7156,1.7217,1.7154,1.7206,1896.1,3259.62879
1785621600000,1.7206,1.7258,1.7163,1.7176,3162.5,5448.71503
1785625200000,1.7176,1.722,1.7149,1.717,848.1,1456.0227
1785628800000,1.717,1.7319,1.716,1.731,5113.1,8821.37674
1785632400000,1.731,1.7386,1.73,1.73,5923.7,10267.04753
1785636000000,1.73,1.7504,1.7293,1.7422,3447.7,6006.41731
1785639600000,1.7422,1.7678,1.7422,1.7478,25861.0,45408.62604
1785643200000,1.7478,1.7518,1.7449,1.7505,2538.0,4436.01036
1785646800000,1.7505,1.76,1.7493,1.7578,1554.9,2730.72122
1785650400000,1.7578,1.7659,1.7531,1.7542,6075.5,10701.87103
1785654000000,1.7542,1.76,1.7506,1.76,3040.1,5331.93504
1785657600000,1.76,1.7605,1.7514,1.7532,4245.3,7455.7639
1785661200000,1.7532,1.7559,1.7476,1.7557,3344.5,5857.75147
1785664800000,1.7557,1.7557,1.7463,1.7495,4076.7,7137.4885
1785668400000,1.7495,1.7499,1.7427,1.747,2324.9,4061.24026
1785672000000,1.747,1.7513,1.7448,1.7482,1229.5,2149.40491
1785675600000,1.7482,1.7507,1.74,1.7464,4161.2,7257.77652
1785679200000,1.7464,1.7506,1.7416,1.7483,1655.9,2890.1473
1785682800000,1.7483,1.7486,1.743,1.7434,770.2,1344.5003
1785686400000,1.7434,1.7434,1.7387,1.7387,1457.2,2536.12265
1785690000000,1.7387,1.7453,1.7375,1.7436,1146.2,1996.32187
1785693600000,1.7436,1.7525,1.7423,1.7442,487.8,852.56183
1785697200000,1.7442,1.7442,1.7389,1.743,5255.5,9150.16682
1785700800000,1.743,1.7449,1.7402,1.7419,1614.3,2814.18009
1785704400000,1.7419,1.7499,1.7409,1.7442,4187.4,7302.84655
1785708000000,1.7442,1.7613,1.743,1.7441,3225.6,5642.46399
1785711600000,1.7441,1.7507,1.744,1.7476,736.9,1287.943
1785715200000,1.7476,1.7524,1.7423,1.7431,1951.5,3407.81375
1785718800000,1.7431,1.7469,1.7373,1.7412,1717.5,2989.18343
1785722400000,1.7412,1.7462,1.7368,1.7389,1907.1,3318.53268
1785726000000,1.7389,1.7422,1.73,1.7398,3531.6,6136.23793
1785729600000,1.7398,1.7479,1.737,1.7376,1447.0,2519.50936
1785733200000,1.7376,1.7464,1.7376,1.7463,461.5,803.28717
1785736800000,1.7463,1.7506,1.7381,1.7397,3633.2,6332.16667
1785740400000,1.7397,1.7452,1.7355,1.7452,1488.1,2589.30278
1785744000000,1.7452,1.7517,1.7373,1.751,10583.3,18432.6244
1785747600000,1.751,1.7627,1.7486,1.7577,4577.0,8038.16517
1785751200000,1.7577,1.7677,1.7559,1.7629,5770.7,10166.29286
1785754800000,1.7629,1.7761,1.76,1.7654,12935.0,22877.48451
1785758400000,1.7654,1.7729,1.7628,1.7721,5814.1,10266.87636
1785762000000,1.7721,1.7881,1.7676,1.785,8830.6,15700.88027
1785765600000,1.785,1.7886,1.7793,1.7862,6923.3,12358.30804
1785769200000,1.7862,1.7978,1.7819,1.7914,4175.4,7477.2947
1785772800000,1.7914,1.8033,1.7873,1.8024,24106.1,43289.82585
1785776400000,1.8024,1.8207,1.8011,1.8172,10926.1,19806.40549
1785780000000,1.8172,1.8392,1.8172,1.837,43682.2,79818.90415
1785783600000,1.837,1.8388,1.8169,1.8184,15518.9,28357.9513
1785787200000,1.8184,1.849,1.817,1.8428,19655.2,36081.49323
1785790800000,1.8428,1.8434,1.8261,1.8291,5848.6,10706.51999
1785794400000,1.8291,1.8291,1.8156,1.8258,5230.0,9530.61067
1785798000000,1.8258,1.8277,1.8164,1.8223,1877.9,3422.79964
1785801600000,1.8223,1.8272,1.8081,1.81,3432.2,6235.24926
1785805200000,1.81,1.8233,1.8006,1.819,7740.5,14028.72534
1785808800000,1.819,1.8292,1.8167,1.8218,6061.6,11039.55056
1785812400000,1.8218,1.8331,1.8153,1.8292,2465.7,4499.66974
1785816000000,1.8292,1.8308,1.8186,1.8262,6744.1,12307.3368
1785819600000,1.8262,1.8326,1.8225,1.832,5502.8,10036.52116
1785823200000,1.832,1.8469,1.832,1.8415,4296.3,7903.95584
1785826800000,1.8415,1.8575,1.832,1.8474,22468.8,41389.21715
1785830400000,1.8474,1.85,1.8257,1.8319,10855.4,19935.84641
1785834000000,1.8319,1.8319,1.8223,1.8263,758.1,1384.45524
1785837600000,1.8263,1.827,1.8156,1.8234,5045.1,9190.40408
1785841200000,1.8234,1.8234,1.8124,1.8155,4218.9,7667.83696
1785844800000,1.8155,1.8157,1.8035,1.8049,6735.3,12180.55015
1785848400000,1.8049,1.8225,1.8038,1.8136,24703.4,44877.80242
1785852000000,1.8136,1.8245,1.8106,1.8187,13459.0,24490.6829
1785855600000,1.8187,1.8287,1.8171,1.8278,12609.9,22976.82391
1785859200000,1.8278,1.8426,1.8273,1.8296,9899.6,18172.87533
1785862800000,1.8296,1.8488,1.8296,1.8363,6763.8,12446.83359
1785866400000,1.8363,1.847,1.8347,1.8389,4558.9,8393.15952
1785870000000,1.8389,1.8444,1.8346,1.8387,9054.6,16643.82595
1785873600000,1.8387,1.8624,1.834,1.8605,18528.5,34355.70959
1785877200000,1.8605,1.8611,1.853,1.8546,8254.5,15318.38969
1785880800000,1.8546,1.8563,1.8441,1.8477,9357.4,17308.9762
1785884400000,1.8477,1.8491,1.8385,1.8407,1740.6,3209.24212
1785888000000,1.8407,1.8483,1.8352,1.8352,6229.5,11473.86673
1785891600000,1.8352,1.846,1.834,1.8451,1512.1,2781.72945
1785895200000,1.8451,1.8478,1.8334,1.8341,3839.5,7064.56952
1785898800000,1.8341,1.8363,1.8227,1.823,6767.8,12375.60004
1785902400000,1.823,1.8298,1.823,1.8278,5721.8,10455.69738
1785906000000,1.8278,1.8371,1.8275,1.8331,3450.2,6329.42353
1785909600000,1.8331,1.8331,1.8263,1.8266,3839.8,7031.73342
1785913200000,1.8266,1.8277,1.8175,1.8257,8570.4,15616.57477
1785916800000,1.8257,1.8313,1.8177,1.8179,3366.4,6142.92635
1785920400000,1.8179,1.8274,1.8179,1.8194,1415.0,2581.30516
1785924000000,1.8194,1.8217,1.8104,1.811,10484.9,19043.57045
1785927600000,1.811,1.813,1.8076,1.8094,4908.5,8883.80908
1785931200000,1.8094,1.8205,1.808,1.8155,6645.8,12055.18667
1785934800000,1.8155,1.8219,1.7989,1.8131,9035.6,16364.39418
1785938400000,1.8131,1.8169,1.8088,1.8156,2161.5,3915.4703
1785942000000,1.8156,1.8241,1.8106,1.8151,3915.6,7119.79616
1785945600000,1.8151,1.8209,1.8135,1.816,5118.9,9296.86601
1785949200000,1.816,1.8289,1.816,1.8263,5567.6,10142.66904
1785952800000,1.8263,1.8299,1.8195,1.8195,3174.9,5797.82276
1785956400000,1.8195,1.8233,1.8182,1.8191,1135.6,2066.7753
1785960000000,1.8191,1.85,1.8183,1.8384,13232.7,24322.60845
1785963600000,1.8384,1.8393,1.8266,1.8266,1637.7,2997.9817
1785967200000,1.8266,1.8291,1.8223,1.8234,1706.6,3116.52776
1785970800000,1.8234,1.8241,1.8177,1.8195,1660.0,3023.70316
1785974400000,1.8195,1.8303,1.8188,1.8292,4320.2,7880.42311
1785978000000,1.8292,1.8366,1.81,1.8133,13880.2,25258.85984
1785981600000,1.8133,1.8158,1.806,1.8143,2272.8,4115.06642
1785985200000,1.8143,1.8207,1.8087,1.8207,4733.9,8576.16329
1785988800000,1.8207,1.8242,1.8146,1.8193,1793.3,3259.93748
1785992400000,1.8193,1.8277,1.8172,1.8205,639.4,1165.44364
1785996000000,1.8205,1.8253,1.8176,1.8219,5445.0,9910.6967
1785999600000,1.8219,1.8344,1.8202,1.8208,8450.9,15452.7159
1786003200000,1.8208,1.8239,1.8132,1.8195,1764.9,3208.9908
1786006800000,1.8195,1.8195,1.7999,1.8022,6101.5,11029.95321
1786010400000,1.8022,1.8022,1.7871,1.7961,7546.3,13540.75663
1786014000000,1.7961,1.8061,1.7892,1.803,4404.9,7935.08908
1786017600000,1.803,1.8033,1.7941,1.7969,2519.2,4527.13363
1786021200000,1.7969,1.8089,1.7896,1.8078,2410.1,4335.25496
1786024800000,1.8078,1.8116,1.7971,1.8096,2720.2,4918.32872
1786028400000,1.8096,1.8096,1.8039,1.8062,2766.2,4999.71597
1786032000000,1.8062,1.8222,1.8021,1.8182,3204.4,5814.20081
1786035600000,1.8182,1.8219,1.8051,1.8061,1267.3,2298.31548
1786039200000,1.8061,1.8066,1.7936,1.7956,3079.7,5546.73551
1786042800000,1.7956,1.7965,1.7913,1.7926,1073.2,1925.77169
1786046400000,1.7926,1.7969,1.7913,1.7959,1031.8,1852.41777
1786050000000,1.7959,1.8083,1.7935,1.8059,11370.8,20473.23185
1786053600000,1.8059,1.8059,1.7973,1.798,2309.1,4157.39596
1786057200000,1.798,1.798,1.7857,1.7934,9167.3,16427.72138
1786060800000,1.7934,1.8099,1.7934,1.8099,1545.7,2784.22857
1786064400000,1.8099,1.8136,1.8053,1.808,2615.8,4730.55863
1786068000000,1.808,1.8284,1.8067,1.8209,9080.5,16537.11453
1786071600000,1.8209,1.8242,1.8091,1.8123,3477.5,6317.9289
1786075200000,1.8123,1.8135,1.7989,1.8035,4146.7,7479.33931
1786078800000,1.8035,1.8059,1.7945,1.8059,2259.5,4068.38849
1786082400000,1.8059,1.808,1.8014,1.8044,457.9,826.77128
1786086000000,1.8044,1.8085,1.7989,1.808,1190.8,2150.76054
1786089600000,1.808,1.8147,1.8035,1.8041,6842.9,12383.83771
1786093200000,1.8041,1.8051,1.7971,1.7974,1995.2,3596.0746
1786096800000,1.7974,1.8018,1.7944,1.7966,4026.6,7239.07398
1786100400000,1.7966,1.8018,1.7925,1.7991,3295.7,5927.83255
1786104000000,1.7991,1.8139,1.7962,1.802,16787.8,30263.17896
1786107600000,1.802,1.8121,1.8008,1.806,3205.6,5789.767
1786111200000,1.806,1.8096,1.7888,1.7914,5405.2,9743.06101
1786114800000,1.7914,1.7959,1.7859,1.7867,7012.1,12558.75671
1786118400000,1.7867,1.7916,1.7768,1.7772,6106.6,10888.15783
1786122000000,1.7772,1.7827,1.7718,1.7819,15045.8,26723.02659
1786125600000,1.7819,1.784,1.7736,1.7757,8566.4,15235.00442
1786129200000,1.7757,1.7865,1.7736,1.7837,1914.9,3412.96052
1786132800000,1.7837,1.787,1.777,1.781,2403.5,4286.38904
1786136400000,1.781,1.7837,1.7761,1.7761,1928.2,3431.00216
1786140000000,1.7761,1.7776,1.7708,1.7745,2881.5,5112.68473
1786143600000,1.7745,1.7777,1.7712,1.7773,2941.6,5219.31857
1786147200000,1.7773,1.7855,1.7741,1.7801,7258.5,12916.13098
1786150800000,1.7801,1.7886,1.7801,1.7859,3105.8,5544.21701
1786154400000,1.7859,1.7883,1.7839,1.7866,1958.7,3497.31979
1786158000000,1.7866,1.7938,1.7853,1.7923,613.5,1098.1725
1786161600000,1.7923,1.7971,1.791,1.791,814.5,1461.45956
1786165200000,1.791,1.7985,1.7893,1.798,1414.6,2540.91125
1786168800000,1.798,1.8015,1.7945,1.7945,480.8,864.43121
1786172400000,1.7945,1.8047,1.7945,1.8024,3273.9,5899.5464
1786176000000,1.8024,1.805,1.7868,1.7977,20998.4,37601.28657
1786179600000,1.7977,1.8011,1.7928,1.798,1598.6,2873.6461
1786183200000,1.798,1.8067,1.7962,1.8032,2802.2,5050.39217
1786186800000,1.8032,1.8032,1.794,1.794,1892.1,3401.99952
1786190400000,1.794,1.8059,1.7934,1.8032,2265.0,4073.19767
1786194000000,1.8032,1.8055,1.7973,1.7981,926.8,1669.22646
1786197600000,1.7981,1.8143,1.7981,1.8132,4107.9,7435.92984
1786201200000,1.8132,1.8176,1.8125,1.8155,1867.7,3391.27055
1786204800000,1.8155,1.8253,1.813,1.8155,6000.1,10912.91085
1786208400000,1.8155,1.8179,1.8082,1.8108,4265.5,7738.3403
1786212000000,1.8108,1.8119,1.807,1.8096,664.4,1202.29303
1786215600000,1.8096,1.8123,1.8049,1.8087,1177.1,2127.9087
1786219200000,1.8087,1.8105,1.8066,1.8078,1080.2,1953.88419
1786222800000,1.8078,1.81,1.8059,1.807,279.5,505.38315
1786226400000,1.807,1.8072,1.7963,1.7963,1243.2,2238.79338
1786230000000,1.7963,1.7983,1.7925,1.7982,2426.0,4355.82694
1786233600000,1.7982,1.8033,1.7976,1.8027,1427.7,2570.44035
1786237200000,1.8027,1.8069,1.7924,1.7964,1434.5,2579.41761
1786240800000,1.7964,1.7968,1.7917,1.7952,911.7,1635.88634
1786244400000,1.7952,1.7966,1.785,1.7869,4178.0,7472.33282
1786248000000,1.7869,1.7996,1.7824,1.7968,3863.7,6923.09041
1786251600000,1.7968,1.7973,1.7891,1.7939,1576.0,2823.34664
1786255200000,1.7939,1.8072,1.7939,1.8064,1505.1,2709.79189
1786258800000,1.8064,1.8064,1.7902,1.7925,1574.2,2826.95203
1786262400000,1.7925,1.8013,1.7912,1.8,8865.0,15946.51306
1786266000000,1.8,1.8063,1.7939,1.8045,7520.8,13531.72389
1786269600000,1.8045,1.8049,1.7946,1.7966,2608.2,4693.84158
1786273200000,1.7966,1.8009,1.794,1.7961,1555.9,2796.98816
1786276800000,1.7961,1.8023,1.7951,1.7961,3708.0,6664.50807
1786280400000,1.7961,1.8022,1.7949,1.7981,3075.1,5524.8799
1786284000000,1.7981,1.8029,1.7976,1.8011,905.9,1630.74778
1786287600000,1.8011,1.8086,1.8001,1.8035,2674.3,4827.70064
1786291200000,1.8035,1.8187,1.8029,1.8187,4867.0,8823.74846
1786294800000,1.8187,1.8207,1.812,1.8136,2164.5,3934.19928
1786298400000,1.8136,1.8143,1.8061,1.8073,1772.6,3208.64164
1786302000000,1.8073,1.814,1.8069,1.8138,503.4,911.02703
1786305600000,1.8138,1.8195,1.8072,1.8115,5033.2,9127.44271
1786309200000,1.8115,1.8173,1.8082,1.8133,2432.5,4409.1269
1786312800000,1.8133,1.821,1.7952,1.7978,5690.5,10252.06135
1786316400000,1.7978,1.798,1.776,1.7819,12889.4,23016.15044
1786320000000,1.7819,1.8002,1.7779,1.7939,3600.7,6448.73819
1786323600000,1.7939,1.806,1.7908,1.7995,1593.2,2866.64457
1786327200000,1.7995,1.8004,1.7886,1.7966,1658.1,2978.73826
1786330800000,1.7966,1.8015,1.7908,1.7925,1794.2,3221.73333
1786334400000,1.7925,1.7971,1.7879,1.792,2019.4,3619.1959
1786338000000,1.792,1.8188,1.792,1.8171,10168.7,18389.54139
1786341600000,1.8171,1.8191,1.8085,1.8106,4347.2,7890.24283
1786345200000,1.8106,1.814,1.8062,1.8096,6020.2,10904.06423
1786348800000,1.8096,1.8212,1.8084,1.8159,20514.3,37301.51426
1786352400000,1.8159,1.8211,1.8084,1.8084,2939.8,5328.572
1786356000000,1.8084,1.8161,1.8046,1.8144,1526.5,2760.9819
1786359600000,1.8144,1.8412,1.8112,1.839,19981.0,36483.96
1786363200000,1.839,1.867,1.839,1.8484,50805.1,94175.8869
1786366800000,1.8484,1.8574,1.8344,1.8359,18808.7,34678.48261
1786370400000,1.8359,1.8563,1.8346,1.8417,21687.0,40064.85606
1786374000000,1.8417,1.8421,1.8169,1.8285,31694.4,57859.89106
1786377600000,1.8285,1.8349,1.8089,1.8129,20131.5,36648.28636
1786381200000,1.8129,1.8253,1.8106,1.8143,9393.0,17089.60546
1786384800000,1.8143,1.8197,1.8095,1.8197,1900.3,3446.14672
1786388400000,1.8197,1.8197,1.8116,1.8128,825.5,1499.13406
1786392000000,1.8128,1.8174,1.8054,1.8078,10111.8,18319.76128
1786395600000,1.8078,1.81,1.7827,1.7991,67836.4,121705.09853
1786399200000,1.7991,1.8074,1.7939,1.7994,3503.8,6312.64411
1786402800000,1.7994,1.8086,1.7989,1.8078,1841.4,3319.05116
1786406400000,1.8078,1.8527,1.8066,1.8406,59855.3,109408.76822
1786410000000,1.8406,1.8432,1.83,1.8321,7392.6,13586.64544
1786413600000,1.8321,1.8337,1.8176,1.8261,7388.2,13482.74573
1786417200000,1.8261,1.8448,1.8236,1.8405,7723.3,14156.59517
1786420800000,1.8405,1.8471,1.8261,1.8406,8148.5,14976.59791
1786424400000,1.8406,1.858,1.8392,1.855,28674.1,53067.65852
1786428000000,1.855,1.8565,1.8353,1.8384,24842.0,45918.29587
1786431600000,1.8384,1.8502,1.8347,1.8374,9347.8,17216.49181
1786435200000,1.8374,1.8387,1.8267,1.835,26208.2,47956.91383
1786438800000,1.835,1.841,1.828,1.836,3991.8,7327.63783
1786442400000,1.836,1.84,1.8104,1.815,18135.3,32936.83316
1786446000000,1.815,1.822,1.812,1.815,1163.9,2113.8727
1786449600000,1.815,1.817,1.79,1.804,49772.0,89588.58496
1786453200000,1.804,1.804,1.778,1.797,41756.0,74743.84264
1786456800000,1.797,1.8,1.754,1.764,46699.8,82526.17608
1786460400000,1.764,1.782,1.753,1.769,64927.7,114585.54632
1786464000000,1.769,1.78,1.754,1.772,40224.7,71103.4487
1786467600000,1.772,1.78,1.771,1.778,3675.6,6532.5834
1786471200000,1.778,1.78,1.77,1.777,603.6,1072.0462
1786474800000,1.777,1.787,1.773,1.787,9906.5,17626.39
1786478400000,1.787,1.795,1.785,1.791,3643.9,6526.0687
1786482000000,1.791,1.792,1.785,1.787,1293.0,2311.3656
1786485600000,1.787,1.794,1.786,1.791,1232.0,2204.4593
1786489200000,1.791,1.794,1.788,1.788,12043.9,21560.7361
1786492800000,1.788,1.79,1.783,1.786,10349.7,18487.3819
1786496400000,1.786,1.804,1.786,1.8,7136.4,12825.4903
1786500000000,1.8,1.808,1.795,1.808,3730.3,6712.3285
1786503600000,1.808,1.815,1.798,1.799,3513.5,6354.0681
1786507200000,1.799,1.807,1.794,1.795,5962.6,10717.0481
1786510800000,1.795,1.805,1.795,1.798,3016.8,5428.2962
1786514400000,1.798,1.803,1.785,1.789,4097.1,7343.8493
1786518000000,1.789,1.807,1.787,1.805,3464.3,6226.2276
1786521600000,1.805,1.807,1.784,1.784,9317.2,16717.9494
1786525200000,1.784,1.797,1.784,1.795,3907.7,6998.4744
1786528800000,1.795,1.8,1.785,1.792,5507.9,9854.0635
1786532400000,1.792,1.795,1.788,1.788,5905.3,10580.6943
1786536000000,1.788,1.797,1.781,1.792,13583.3,24317.0235
1786539600000,1.792,1.794,1.787,1.793,2367.4,4239.6442
1786543200000,1.793,1.793,1.772,1.773,9816.1,17455.864
1786546800000,1.773,1.785,1.772,1.778,14684.4,26103.8615
1786550400000,1.778,1.784,1.774,1.776,2398.5,4263.4137
1786554000000,1.776,1.786,1.776,1.782,2107.3,3753.5937
1786557600000,1.782,1.782,1.772,1.772,2307.2,4104.8414
1786561200000,1.772,1.774,1.763,1.77,5644.8,9979.2414
1786564800000,1.77,1.776,1.768,1.771,1657.7,2938.548
1786568400000,1.771,1.772,1.727,1.736,83915.3,146087.1593
1786572000000,1.736,1.747,1.724,1.744,13940.8,24261.53446
1786575600000,1.744,1.753,1.743,1.753,5599.3,9787.8811
1786579200000,1.753,1.758,1.751,1.755,7503.4,13171.1739
1786582800000,1.755,1.757,1.748,1.753,2043.9,3582.3079
1786586400000,1.753,1.764,1.752,1.762,3068.9,5392.4759
1786590000000,1.762,1.765,1.759,1.761,3298.9,5810.5443
1786593600000,1.761,1.763,1.756,1.758,2062.2,3627.6205
1786597200000,1.758,1.771,1.756,1.764,3291.8,5815.8807
1786600800000,1.764,1.764,1.757,1.76,2001.4,3520.4042
1786604400000,1.76,1.767,1.753,1.753,3789.8,6662.8047
1786608000000,1.753,1.761,1.753,1.758,1839.8,3232.0962
1786611600000,1.758,1.769,1.755,1.768,14831.0,26177.0725
1786615200000,1.768,1.769,1.76,1.763,3907.5,6895.8577
1786618800000,1.763,1.763,1.751,1.756,2808.6,4933.0655
1786622400000,1.756,1.765,1.755,1.762,2897.5,5100.1994
1786626000000,1.762,1.764,1.755,1.761,3484.3,6135.04
1786629600000,1.761,1.769,1.76,1.767,3619.1,6392.9927
1786633200000,1.767,1.77,1.754,1.754,4427.0,7808.2204
1786636800000,1.754,1.754,1.722,1.739,54631.3,94531.81371
1786640400000,1.739,1.747,1.739,1.743,10391.6,18114.3743
1786644000000,1.743,1.746,1.736,1.743,3404.8,5925.5197
1786647600000,1.743,1.751,1.742,1.749,4271.0,7466.1034
1786651200000,1.749,1.749,1.741,1.742,4258.0,7433.368
1786654800000,1.742,1.753,1.742,1.751,1310.0,2288.5659
1786658400000,1.751,1.755,1.751,1.754,1845.3,3236.9754
1786662000000,1.754,1.761,1.748,1.756,8315.8,14621.9702
1786665600000,1.756,1.766,1.756,1.766,4190.9,7389.9894
1786669200000,1.766,1.766,1.756,1.759,2753.8,4848.2902
1786672800000,1.759,1.76,1.754,1.754,3005.7,5278.3232
1786676400000,1.754,1.754,1.743,1.743,5271.9,9206.895
1786680000000,1.743,1.752,1.743,1.747,2523.7,4411.8975
1786683600000,1.747,1.749,1.741,1.748,1144.3,1997.5185
1786687200000,1.748,1.748,1.732,1.737,12056.8,20961.54
1786690800000,1.737,1.74,1.727,1.732,3701.5,6412.3238
1786694400000,1.732,1.744,1.73,1.74,5462.1,9491.241
1786698000000,1.74,1.74,1.717,1.719,8930.9,15375.85585
1786701600000,1.719,1.724,1.713,1.718,4915.4,8445.28445
1786705200000,1.718,1.722,1.716,1.716,2096.4,3603.2838
1786708800000,1.716,1.719,1.712,1.715,5363.1,9192.5546
1786712400000,1.715,1.72,1.707,1.716,11882.3,20367.79871
1786716000000,1.716,1.722,1.709,1.709,6183.1,10613.0442
1786719600000,1.709,1.731,1.706,1.729,14055.2,24178.73172
1786723200000,1.729,1.742,1.727,1.733,6335.3,10980.2061
1786726800000,1.733,1.737,1.727,1.728,24180.0,41861.4126
1786730400000,1.728,1.73,1.722,1.722,5461.3,9433.4786
1786734000000,1.722,1.729,1.72,1.727,2967.6,5119.6111
1786737600000,1.727,1.731,1.722,1.722,3101.2,5354.0107
1786741200000,1.722,1.724,1.719,1.72,3167.2,5455.2372
1786744800000,1.72,1.729,1.72,1.725,3543.9,6111.1798
1786748400000,1.725,1.737,1.725,1.737,13901.8,24098.6689
1786752000000,1.737,1.755,1.736,1.754,5314.9,9263.8998
1786755600000,1.754,1.76,1.749,1.751,4377.3,7684.1124
1786759200000,1.751,1.764,1.751,1.758,5214.9,9153.2181
1786762800000,1.758,1.76,1.749,1.752,4428.5,7764.7204
1786766400000,1.752,1.761,1.751,1.751,4633.4,8138.8701
1786770000000,1.751,1.759,1.75,1.75,10030.0,17603.9198
1786773600000,1.75,1.754,1.749,1.754,1153.3,2019.4268
1786777200000,1.754,1.754,1.743,1.743,1817.3,3174.6139
1786780800000,1.743,1.749,1.743,1.748,1015.4,1774.0732
1786784400000,1.748,1.756,1.748,1.753,2290.0,4013.1908
1786788000000,1.753,1.785,1.751,1.783,46568.5,82491.2977
1786791600000,1.783,1.798,1.779,1.789,11897.0,21275.4584
1786795200000,1.789,1.802,1.783,1.799,13419.8,24032.4863
1786798800000,1.799,1.801,1.788,1.791,12845.2,23025.5369
1786802400000,1.791,1.8,1.79,1.799,5897.0,10579.7538
1786806000000,1.799,1.8,1.789,1.793,5558.5,9962.3447
1786809600000,1.793,1.795,1.785,1.786,2617.3,4678.4245
1786813200000,1.786,1.788,1.784,1.786,1131.8,2021.6901
1786816800000,1.786,1.792,1.781,1.784,10561.8,18846.3286
1786820400000,1.784,1.79,1.782,1.788,3090.0,5515.8786
1786824000000,1.788,1.788,1.78,1.785,2240.7,3994.8298
1786827600000,1.785,1.798,1.785,1.789,25742.3,46102.7867
1786831200000,1.789,1.794,1.785,1.79,5665.5,10137.177
1786834800000,1.79,1.791,1.78,1.782,5064.6,9029.8251
1786838400000,1.782,1.786,1.782,1.784,4173.4,7447.0325
1786842000000,1.784,1.792,1.778,1.784,5544.2,9875.7287
1786845600000,1.784,1.788,1.78,1.787,1600.0,2855.8627
1786849200000,1.787,1.804,1.785,1.8,8543.5,15355.5961
1786852800000,1.8,1.809,1.795,1.8,10446.9,18834.3961
1786856400000,1.8,1.81,1.795,1.798,6962.5,12542.5373
1786860000000,1.798,1.811,1.791,1.81,6729.2,12086.9374
1786863600000,1.81,1.829,1.805,1.814,28461.5,51685.1379
1786867200000,1.814,1.841,1.805,1.809,53653.7,98069.3602
1786870800000,1.809,1.815,1.805,1.812,8042.3,14554.8257
1786874400000,1.812,1.812,1.801,1.801,2251.0,4061.8103
1786878000000,1.801,1.807,1.8,1.801,4599.6,8297.0734
1786881600000,1.801,1.802,1.797,1.8,4492.7,8090.6065
1786885200000,1.8,1.808,1.798,1.808,9594.0,17312.3147
1786888800000,1.808,1.813,1.806,1.811,1116.6,2019.9319
1786892400000,1.811,1.812,1.807,1.812,1067.0,1930.9067
1786896000000,1.812,1.817,1.805,1.805,989.0,1791.6306
1786899600000,1.805,1.809,1.801,1.802,7568.9,13662.7528
1786903200000,1.802,1.802,1.796,1.797,2510.3,4512.5038
1786906800000,1.797,1.801,1.796,1.799,1289.4,2318.0697
1786910400000,1.799,1.8,1.788,1.792,3708.9,6651.7927
1786914000000,1.792,1.794,1.778,1.787,14308.4,25595.4856
1786917600000,1.787,1.791,1.782,1.791,4464.2,7983.0061
1786921200000,1.791,1.797,1.791,1.794,8942.8,16052.7545
1786924800000,1.794,1.8,1.792,1.796,2342.6,4206.2471
1786928400000,1.796,1.816,1.792,1.807,4896.4,8864.2949
1786932000000,1.807,1.819,1.804,1.814,2018.0,3656.9829
1786935600000,1.814,1.815,1.807,1.808,1160.9,2101.353
1786939200000,1.808,1.813,1.807,1.811,1262.6,2285.1611
1786942800000,1.811,1.813,1.808,1.808,356.4,645.3006
1786946400000,1.808,1.825,1.805,1.823,8044.6,14610.8632
1786950000000,1.823,1.831,1.821,1.827,11958.7,21858.1558
1786953600000,1.827,1.829,1.818,1.819,15653.2,28574.4532
1786957200000,1.819,1.819,1.812,1.812,3187.5,5784.6479
1786960800000,1.812,1.813,1.802,1.81,8690.2,15706.8101
1786964400000,1.81,1.812,1.804,1.808,2649.7,4792.5048
1786968000000,1.808,1.809,1.802,1.806,9161.9,16551.893
1786971600000,1.806,1.808,1.8,1.801,5260.4,9487.447
1786975200000,1.801,1.812,1.798,1.81,4621.1,8329.2222
1786978800000,1.81,1.818,1.809,1.818,2754.5,4994.6239
1786982400000,1.818,1.831,1.817,1.828,13774.1,25117.5619
1786986000000,1.828,1.833,1.812,1.82,18886.4,34417.4759
1786989600000,1.82,1.822,1.812,1.813,10981.3,19946.6524
1786993200000,1.813,1.82,1.813,1.816,1980.0,3597.3834
1786996800000,1.816,1.819,1.809,1.816,1306.0,2369.6021
1787000400000,1.816,1.826,1.816,1.824,4112.9,7501.8469
1787004000000,1.824,1.826,1.817,1.817,987.3,1796.9223
1787007600000,1.817,1.823,1.817,1.818,1292.1,2350.5042
1787011200000,1.818,1.819,1.808,1.813,3451.6,6258.1952
1787014800000,1.813,1.813,1.792,1.796,6636.3,11940.8669
1787018400000,1.796,1.799,1.76,1.764,27562.8,49103.6938
1787022000000,1.764,1.767,1.747,1.76,10762.8,18927.3308
1787025600000,1.76,1.774,1.759,1.774,3710.3,6554.0611
1787029200000,1.774,1.776,1.766,1.774,6857.8,12155.3283
1787032800000,1.774,1.779,1.768,1.77,16452.2,29188.7553
1787036400000,1.77,1.778,1.77,1.77,2480.0,4399.0078
1787040000000,1.77,1.783,1.768,1.783,5557.9,9869.3347
1787043600000,1.783,1.785,1.771,1.773,4187.1,7429.3603
1787047200000,1.773,1.778,1.771,1.778,1749.4,3104.2608
1787050800000,1.778,1.787,1.777,1.784,2364.9,4216.4125
1787054400000,1.784,1.785,1.779,1.78,4985.9,8883.0291
1787058000000,1.78,1.783,1.767,1.768,8708.5,15469.8892
1787061600000,1.768,1.79,1.767,1.78,11164.2,19896.2007
1787065200000,1.78,1.787,1.776,1.785,7607.0,13551.9669
1787068800000,1.785,1.788,1.774,1.775,2486.7,4428.2181
1787072400000,1.775,1.78,1.775,1.775,1366.8,2429.6446
1787076000000,1.775,1.779,1.774,1.777,442.3,785.7777
1787079600000,1.777,1.778,1.771,1.771,1427.0,2535.4815
1787083200000,1.771,1.775,1.762,1.762,1631.0,2882.6462
1787086800000,1.762,1.765,1.751,1.751,2603.5,4575.8516
1787090400000,1.751,1.758,1.719,1.744,120849.8,209942.0718
1787094000000,1.744,1.757,1.744,1.756,10414.9,18246.6594
1787097600000,1.756,1.756,1.746,1.751,21225.8,37167.347
1787101200000,1.751,1.763,1.75,1.758,3678.0,6466.9237
1787104800000,1.758,1.758,1.75,1.751,1258.7,2207.3666
1787108400000,1.751,1.769,1.748,1.763,8026.9,14125.9282
1787112000000,1.763,1.767,1.755,1.758,5755.5,10133.3297
1787115600000,1.758,1.766,1.756,1.756,1284.6,2259.1492
1787119200000,1.756,1.762,1.749,1.76,14042.4,24621.367
1787122800000,1.76,1.762,1.746,1.755,9957.9,17470.5096
1787126400000,1.755,1.769,1.754,1.762,9722.6,17130.0171
1787130000000,1.762,1.764,1.756,1.76,1567.1,2757.4721
1787133600000,1.76,1.761,1.757,1.761,1309.9,2303.7721
1787137200000,1.761,1.774,1.761,1.773,4590.4,8117.8347
1787140800000,1.773,1.779,1.768,1.775,7326.1,12995.3854
1787144400000,1.775,1.778,1.769,1.774,8871.8,15749.1863
1787148000000,1.774,1.796,1.757,1.787,18472.2,32850.4806
1787151600000,1.787,1.853,1.786,1.807,92716.2,168837.61257
1787155200000,1.807,1.826,1.804,1.821,19673.3,35787.0301
1787158800000,1.821,1.824,1.806,1.819,21315.8,38678.9289
1787162400000,1.819,1.831,1.805,1.825,19469.3,35275.1327
1787166000000,1.825,1.827,1.812,1.825,11665.1,21239.5225
1787169600000,1.825,1.859,1.825,1.854,26940.7,49469.71978
1787173200000,1.854,1.899,1.853,1.885,75958.8,142947.43052
1787176800000,1.885,1.887,1.852,1.855,26992.3,50275.5183
1787180400000,1.855,1.863,1.849,1.858,9814.2,18202.7723
1787184000000,1.858,1.87,1.856,1.861,6830.1,12726.3623
1787187600000,1.861,1.864,1.845,1.863,4751.7,8815.0803
1787191200000,1.863,1.864,1.852,1.853,9014.5,16739.6774
1787194800000,1.853,1.855,1.837,1.851,8626.7,15921.7991
1787198400000,1.851,1.862,1.85,1.861,4500.1,8353.9954
1787202000000,1.861,1.862,1.848,1.854,4767.4,8846.8049
1787205600000,1.854,1.871,1.852,1.868,10491.1,19553.514
1787209200000,1.868,1.868,1.858,1.867,5568.6,10386.3124
1787212800000,1.867,1.903,1.867,1.902,16549.5,31308.57928
1787216400000,1.902,1.916,1.898,1.902,15919.8,30322.76633
1787220000000,1.902,1.931,1.902,1.924,17370.9,33320.38468
1787223600000,1.924,1.942,1.917,1.925,8467.9,16330.37388
1787227200000,1.925,1.933,1.901,1.915,11418.3,21835.203
1787230800000,1.915,1.927,1.895,1.927,13894.8,26556.417
1787234400000,1.927,1.935,1.917,1.927,3313.8,6379.4562
1787238000000,1.927,1.962,1.927,1.943,15743.3,30674.95839
1787241600000,1.943,1.99,1.943,1.982,42965.2,84403.12652
1787245200000,1.982,2.005,1.982,1.987,26545.0,52872.30065
1787248800000,1.987,1.991,1.959,1.969,5291.7,10450.4016
1787252400000,1.969,1.978,1.955,1.966,23552.1,46216.8782
1787256000000,1.966,1.998,1.965,1.998,3615.8,7180.8448
1787259600000,1.998,2.012,1.99,2.012,10573.5,21123.46194
1787263200000,2.012,2.039,2.002,2.039,7108.3,14377.97393
1787266800000,2.039,2.039,2.017,2.017,5273.4,10706.4528
1787270400000,2.017,2.041,2.009,2.029,15254.3,30884.74385
1787274000000,2.029,2.095,2.026,2.089,29327.0,60491.98021
1787277600000,2.089,2.099,2.059,2.071,91278.5,190091.3695
1787281200000,2.071,2.094,2.06,2.073,13756.4,28546.2108
1787284800000,2.073,2.087,2.07,2.074,7560.0,15723.9722
1787288400000,2.074,2.088,2.066,2.086,8146.1,16912.7059
1787292000000,2.086,2.088,2.07,2.078,6086.5,12644.3094
1787295600000,2.078,2.109,2.077,2.108,10938.9,22892.54913
1787299200000,2.108,2.164,2.103,2.164,43879.0,94092.63099
1787302800000,2.164,2.166,2.083,2.118,85282.3,180293.30115
1787306400000,2.118,2.14,2.104,2.135,14184.9,30053.8664
1787310000000,2.135,2.137,2.087,2.099,26255.8,55384.7766
1787313600000,2.099,2.131,2.09,2.123,7054.2,14875.8652
1787317200000,2.123,2.123,2.071,2.109,14439.8,30219.5588
1787320800000,2.109,2.122,2.088,2.121,13522.6,28521.6858
1787324400000,2.121,2.125,2.1,2.1,7695.0,16286.9455
1787328000000,2.1,2.118,2.087,2.111,9043.2,18988.6547
1787331600000,2.111,2.127,2.095,2.108,7101.7,14978.7285
1787335200000,2.108,2.133,2.082,2.091,12411.2,26135.9161
1787338800000,2.091,2.093,2.074,2.081,14695.3,30633.768
1787342400000,2.081,2.123,2.075,2.117,53326.0,111927.8135
1787346000000,2.117,2.151,2.113,2.15,20153.9,43105.347
1787349600000,2.15,2.261,2.135,2.212,139924.6,309187.12682
1787353200000,2.212,2.318,2.208,2.263,335583.6,762038.38864
1787356800000,2.263,2.344,2.241,2.312,102796.9,236401.41778
1787360400000,2.312,2.318,2.276,2.281,31164.9,71581.7749
1787364000000,2.281,2.376,2.28,2.373,78011.3,181869.16321
1787367600000,2.373,2.393,2.333,2.371,68619.2,161982.79025
1787371200000,2.371,2.401,2.354,2.393,60906.9,144880.18386
1787374800000,2.393,2.397,1.963,2.215,562565.1,1221885.7755
1787378400000,2.215,2.219,2.153,2.197,85404.2,186937.7701
1787382000000,2.197,2.274,2.194,2.249,68817.5,154677.9231
1787385600000,2.249,2.259,2.152,2.17,69463.3,151867.7717
1787389200000,2.17,2.2,2.14,2.178,28400.6,61726.5822
1787392800000,2.178,2.178,2.102,2.147,33540.1,71527.2494
1787396400000,2.147,2.177,2.132,2.159,7602.6,16417.562
1787400000000,2.159,2.178,2.15,2.154,9307.1,20143.135
1787403600000,2.154,2.171,2.145,2.165,18321.1,39568.7043
1787407200000,2.165,2.18,2.14,2.156,24932.5,53793.4642
1787410800000,2.156,2.164,2.132,2.15,9731.5,20913.1021
1787414400000,2.15,2.188,2.145,2.176,9787.6,21280.9005
1787418000000,2.176,2.191,2.159,2.181,18401.8,40068.7497
1787421600000,2.181,2.188,2.147,2.159,65776.8,142715.2726
1787425200000,2.159,2.181,2.15,2.173,8828.3,19067.518
1787428800000,2.173,2.185,2.154,2.158,12526.8,27173.9612
1787432400000,2.158,2.158,2.087,2.095,20271.5,42862.8512
1787436000000,2.095,2.131,2.09,2.128,11881.2,25118.6502
1787439600000,2.128,2.134,2.113,2.125,5316.0,11310.1665
1787443200000,2.125,2.157,2.124,2.148,9746.5,20875.3647
1787446800000,2.148,2.148,2.115,2.119,5217.4,11127.5071
1787450400000,2.119,2.119,2.088,2.092,19626.7,41204.3741
1787454000000,2.092,2.092,2.057,2.065,60913.0,126664.9616
1787457600000,2.065,2.071,2.024,2.036,17245.3,35277.2408
1787461200000,2.036,2.054,2.016,2.032,10011.6,20384.3791
1787464800000,2.032,2.061,2.026,2.051,4219.4,8625.007
1787468400000,2.051,2.086,2.05,2.074,10208.7,21189.4841
1787472000000,2.074,2.098,2.073,2.096,14950.3,31164.2313
1787475600000,2.096,2.097,2.087,2.096,3368.5,7044.8501
1787479200000,2.096,2.164,2.096,2.158,41621.7,89141.2423
1787482800000,2.158,2.203,2.148,2.192,35199.4,76559.0086
1787486400000,2.192,2.192,2.149,2.161,40530.4,87674.5957
1787490000000,2.161,2.244,2.156,2.217,18223.1,40076.4901
1787493600000,2.217,2.234,2.154,2.217,31103.6,68486.1263
1787497200000,2.217,2.284,2.202,2.248,34023.0,76393.8403
1787500800000,2.248,2.26,2.214,2.222,10452.2,23303.6336
1787504400000,2.222,2.301,2.199,2.279,35784.1,80773.0297
1787508000000,2.279,2.298,2.244,2.263,19794.7,44767.9319
1787511600000,2.263,2.263,2.234,2.244,9530.5,21418.4276
1787515200000,2.244,2.245,2.223,2.233,14653.1,32755.4893
1787518800000,2.233,2.261,2.221,2.227,17688.2,39595.2336
1787522400000,2.227,2.234,2.209,2.215,4946.2,10972.6488
1787526000000,2.215,2.22,2.192,2.206,13078.2,28828.5915
1787529600000,2.206,2.207,2.166,2.189,13639.9,29804.7397
1787533200000,2.189,2.194,2.141,2.141,9857.3,21331.8573
1787536800000,2.141,2.175,2.138,2.169,5636.6,12189.025
1787540400000,2.169,2.17,2.142,2.152,7123.6,15385.487
1787544000000,2.152,2.18,2.152,2.166,27150.6,59023.975
1787547600000,2.166,2.19,2.158,2.173,7512.3,16327.7966
1787551200000,2.173,2.177,2.152,2.161,8494.9,18357.9647
1787554800000,2.161,2.182,2.157,2.162,8053.3,17464.4892
1787558400000,2.162,2.165,2.142,2.145,22321.2,48095.8715
1787562000000,2.145,2.184,2.143,2.163,6210.3,13462.4832
1787565600000,2.163,2.19,2.153,2.154,24536.7,53433.2515
1787569200000,2.154,2.197,2.139,2.186,8582.5,18635.1617
1787572800000,2.186,2.205,2.163,2.2,13877.7,30296.1156
1787576400000,2.2,2.25,2.177,2.21,51781.6,114941.8282
1787580000000,2.21,2.268,2.204,2.245,46023.1,102599.0683
1787583600000,2.245,2.313,2.241,2.268,36591.2,83422.5262
1787587200000,2.268,2.305,2.256,2.263,27321.8,62394.1624
1787590800000,2.263,2.279,2.242,2.273,92302.3,208706.0933
1787594400000,2.273,2.349,2.273,2.286,39846.4,92567.6692
1787598000000,2.286,2.298,2.271,2.277,19946.3,45476.114
1787601600000,2.277,2.317,2.263,2.308,9910.5,22729.5924
1787605200000,2.308,2.333,2.28,2.287,18354.8,42266.4559
1787608800000,2.287,2.309,2.279,2.303,7595.9,17454.9209
1787612400000,2.303,2.319,2.277,2.312,17845.7,40944.7509
1787616000000,2.312,2.333,2.27,2.329,26170.4,60002.2262
1787619600000,2.329,2.334,2.31,2.312,6740.7,15654.8598
1787623200000,2.312,2.372,2.3,2.32,14902.5,34944.7648
1787626800000,2.32,2.338,2.295,2.303,7775.7,18033.4854
1787630400000,2.303,2.327,2.291,2.322,39009.5,90237.3148
1787634000000,2.322,2.336,2.306,2.308,18471.7,42913.485
1787637600000,2.308,2.323,2.281,2.285,25360.2,58428.2732
1787641200000,2.285,2.306,2.244,2.256,20979.1,47607.7965
1787644800000,2.256,2.281,2.254,2.266,6656.7,15102.9991
1787648400000,2.266,2.28,2.239,2.252,11141.8,25125.264
1787652000000,2.252,2.262,2.247,2.261,15222.1,34339.0218
1787655600000,2.261,2.261,2.242,2.255,10072.5,22679.8275
1787659200000,2.255,2.284,2.233,2.276,23034.6,51976.2598
1787662800000,2.276,2.323,2.243,2.257,89758.5,205405.3942
1787666400000,2.257,2.292,2.252,2.279,39465.8,89564.4203
1787670000000,2.279,2.312,2.266,2.281,47877.0,109338.9954
1787673600000,2.281,2.297,2.268,2.289,30736.5,70164.7324
1787677200000,2.289,2.314,2.275,2.29,45320.6,103941.1199
1787680800000,2.29,2.303,2.282,2.295,7511.6,17220.5239
1787684400000,2.295,2.298,2.254,2.263,18568.7,42221.0531
1787688000000,2.263,2.264,2.205,2.206,46036.8,102843.1568
1787691600000,2.206,2.213,2.153,2.195,75470.7,164767.2976
1787695200000,2.195,2.213,2.191,2.206,12360.2,27233.8131
1787698800000,2.206,2.207,2.16,2.167,22677.0,49444.7745
1787702400000,2.167,2.181,2.149,2.175,16977.9,36744.4233
1787706000000,2.175,2.193,2.173,2.19,5625.0,12310.9074
1787709600000,2.19,2.212,2.184,2.203,21210.4,46729.8646
1787713200000,2.203,2.211,2.193,2.204,47831.8,105346.2562
1787716800000,2.204,2.216,2.196,2.197,19913.7,43904.7258
1787720400000,2.197,2.218,2.186,2.197,15191.0,33521.3655
1787724000000,2.197,2.207,2.181,2.184,10876.7,23896.8467
1787727600000,2.184,2.19,2.165,2.166,14259.3,31002.0131
1787731200000,2.166,2.174,2.153,2.16,21852.1,47278.0532
1787734800000,2.16,2.166,2.147,2.16,27695.9,59710.5651
1787738400000,2.16,2.178,2.142,2.177,29223.2,63055.2825
1787742000000,2.177,2.184,2.159,2.168,11796.7,25612.3055
1787745600000,2.168,2.188,2.151,2.179,35006.6,76007.0534
1787749200000,2.179,2.184,2.138,2.159,23872.3,51416.2421
1787752800000,2.159,2.206,2.116,2.119,102335.9,222898.4917
1787756400000,2.119,2.146,2.109,2.132,30895.7,65719.4332
1787760000000,2.132,2.152,2.128,2.148,24445.6,52316.0898
1787763600000,2.148,2.189,2.143,2.16,16971.2,36732.1196
1787767200000,2.16,2.171,2.153,2.167,5646.4,12206.0694
1787770800000,2.167,2.176,2.156,2.161,9804.1,21218.9583
1787774400000,2.161,2.17,2.135,2.168,26319.6,56675.7023
1787778000000,2.168,2.218,2.167,2.21,39992.7,88030.0248
1787781600000,2.21,2.229,2.194,2.202,21364.6,47277.2583
1787785200000,2.202,2.23,2.194,2.22,10046.1,22204.6309
1787788800000,2.22,2.224,2.196,2.197,9291.0,20514.8762
1787792400000,2.197,2.209,2.191,2.2,17168.4,37732.7471
1787796000000,2.2,2.205,2.184,2.186,9816.2,21516.162
1787799600000,2.186,2.203,2.175,2.199,15870.3,34814.5008
1787803200000,2.199,2.201,2.167,2.171,5185.4,11336.103
1787806800000,2.171,2.185,2.161,2.184,3459.0,7509.1088
1787810400000,2.184,2.186,2.163,2.179,5429.4,11800.1584
1787814000000,2.179,2.188,2.175,2.185,3034.6,6617.9721
1787817600000,2.185,2.222,2.18,2.213,17248.7,38053.2516
1787821200000,2.213,2.237,2.207,2.214,63123.5,140483.1414
1787824800000,2.214,2.218,2.176,2.186,20705.1,45353.7745
1787828400000,2.186,2.206,2.17,2.182,13034.6,28480.238
1787832000000,2.182,2.192,2.176,2.18,5621.9,12304.3472
1787835600000,2.18,2.199,2.175,2.199,18569.5,40625.1461
1787839200000,2.199,2.221,2.194,2.205,33423.1,73613.3375
1787842800000,2.205,2.213,2.195,2.207,15899.3,35050.1338
1787846400000,2.207,2.234,2.201,2.218,11555.9,25619.2151
1787850000000,2.218,2.222,2.201,2.201,8426.6,18663.1609
1787853600000,2.201,2.204,2.179,2.19,13154.6,28767.6761
1787857200000,2.19,2.195,2.185,2.186,6328.3,13869.1986
1787860800000,2.186,2.198,2.178,2.198,4914.5,10744.0724
1787864400000,2.198,2.205,2.18,2.194,9433.4,20748.3747
1787868000000,2.194,2.202,2.188,2.197,5842.7,12824.8242
1787871600000,2.197,2.198,2.186,2.186,4480.2,9824.0632
1787875200000,2.186,2.199,2.178,2.195,1867.3,4090.0527
1787878800000,2.195,2.233,2.191,2.191,8301.9,18413.3363
1787882400000,2.191,2.191,2.128,2.141,59402.4,127579.7991
1787886000000,2.141,2.155,2.13,2.148,12046.3,25844.6496
1787889600000,2.148,2.161,2.133,2.148,15061.6,32362.075
1787893200000,2.148,2.151,2.134,2.143,2236.8,4792.4903
1787896800000,2.143,2.16,2.143,2.15,5747.3,12357.0856
1787900400000,2.15,2.15,2.137,2.141,3160.7,6772.3389
1787904000000,2.141,2.146,2.127,2.13,2795.4,5964.3175
1787907600000,2.13,2.136,2.123,2.125,7526.6,15999.8518
1787911200000,2.125,2.138,2.107,2.138,5854.2,12408.1065
1787914800000,2.138,2.143,2.127,2.131,7980.8,17036.399
1787918400000,2.131,2.136,2.121,2.122,4945.1,10515.3968
1787922000000,2.122,2.136,2.111,2.13,19714.7,41896.4228
1787925600000,2.13,2.16,2.081,2.141,99487.5,209811.2592
1787929200000,2.141,2.15,2.074,2.079,50076.2,104838.3171
1787932800000,2.079,2.095,2.03,2.071,53829.2,111095.4182
1787936400000,2.071,2.081,2.065,2.071,21411.7,44367.143
1787940000000,2.071,2.071,2.041,2.051,22538.8,46300.5901
1787943600000,2.051,2.07,2.051,2.059,10443.1,21530.5892
1787947200000,2.059,2.07,2.051,2.063,10785.3,22238.628
1787950800000,2.063,2.08,2.061,2.061,7467.4,15462.1708
1787954400000,2.061,2.089,2.061,2.089,3567.9,7410.0496
1787958000000,2.089,2.092,2.084,2.09,2949.0,6158.8896
1787961600000,2.09,2.105,2.088,2.097,3673.7,7713.9354
1787965200000,2.097,2.097,2.086,2.093,1599.2,3342.9635
1787968800000,2.093,2.093,2.076,2.082,4835.7,10073.2636
1787972400000,2.082,2.082,2.057,2.058,17476.2,36142.5927
1787976000000,2.058,2.068,2.058,2.067,14797.8,30539.1917
1787979600000,2.067,2.072,2.066,2.071,3637.3,7527.9133
1787983200000,2.071,2.073,2.042,2.056,19922.7,40835.7578
1787986800000,2.056,2.063,2.054,2.059,3981.9,8195.3485
1787990400000,2.059,2.06,2.051,2.053,7400.5,15199.4201
1787994000000,2.053,2.068,2.052,2.067,14894.7,30655.2928
1787997600000,2.067,2.078,2.047,2.048,15188.4,31237.3865
1788001200000,2.048,2.057,2.046,2.049,5100.4,10461.2676
1788004800000,2.049,2.059,2.047,2.056,2401.1,4930.2719
1788008400000,2.056,2.065,2.05,2.065,5895.6,12141.8833
1788012000000,2.065,2.093,2.06,2.084,3023.1,6270.8785
1788015600000,2.084,2.088,2.08,2.086,3114.4,6487.3948
1788019200000,2.086,2.096,2.081,2.087,5013.5,10480.6746
1788022800000,2.087,2.106,2.079,2.095,10258.6,21478.4809
1788026400000,2.095,2.105,2.086,2.104,3361.5,7036.2232
1788030000000,2.104,2.129,2.102,2.107,7985.3,16908.2829
1788033600000,2.107,2.124,2.107,2.116,4747.8,10044.7366
1788037200000,2.116,2.121,2.106,2.116,6435.3,13599.8961
1788040800000,2.116,2.118,2.105,2.105,3954.9,8346.8846
1788044400000,2.105,2.109,2.096,2.101,2120.5,4454.5562
1788048000000,2.101,2.104,2.093,2.093,2786.2,5851.9368
1788051600000,2.093,2.094,2.07,2.071,4039.4,8386.1777
1788055200000,2.071,2.086,2.07,2.082,786.7,1634.3549
1788058800000,2.082,2.091,2.079,2.079,2012.3,4197.0774
1788062400000,2.079,2.084,2.068,2.077,2389.0,4966.0644
1788066000000,2.077,2.093,2.077,2.091,1311.8,2738.707
1788069600000,2.091,2.095,2.083,2.094,1387.3,2902.6265
1788073200000,2.094,2.094,2.083,2.088,874.5,1825.8113
1788076800000,2.088,2.089,2.079,2.083,762.0,1588.5018
1788080400000,2.083,2.088,2.076,2.087,3622.2,7538.3326
1788084000000,2.087,2.09,2.079,2.084,1479.8,3085.0622
1788087600000,2.084,2.087,2.079,2.084,4771.8,9936.3018
1788091200000,2.084,2.105,2.084,2.105,5276.4,11072.2478
1788094800000,2.105,2.113,2.097,2.112,3567.3,7511.5074
1788098400000,2.112,2.112,2.098,2.1,1871.1,3937.7861
1788102000000,2.1,2.111,2.097,2.1,13171.6,27717.3905
1788105600000,2.1,2.134,2.1,2.134,8755.8,18520.3209
1788109200000,2.134,2.15,2.11,2.134,23678.2,50341.5586
1788112800000,2.134,2.136,2.119,2.127,2743.0,5831.1417
1788116400000,2.127,2.135,2.115,2.125,6451.1,13730.5248
1788120000000,2.125,2.132,2.091,2.1,6119.0,12887.9042
1788123600000,2.1,2.104,2.073,2.096,4263.4,8898.7598
1788127200000,2.096,2.109,2.078,2.085,3332.9,6976.9362
1788130800000,2.085,2.088,2.009,2.041,31663.2,64514.7683
1788134400000,2.041,2.069,2.033,2.064,5879.4,12040.2769
1788138000000,2.064,2.068,2.042,2.045,3093.4,6362.3437
1788141600000,2.045,2.057,2.038,2.047,4132.6,8446.4717
1788145200000,2.047,2.073,2.044,2.072,3601.0,7441.1938
1788148800000,2.072,2.103,2.062,2.089,10339.8,21578.3152
1788152400000,2.089,2.147,2.088,2.131,20285.1,43171.3997
1788156000000,2.131,2.131,2.105,2.106,11423.4,24116.9399
1788159600000,2.106,2.115,2.099,2.1,3300.2,6952.2905
1788163200000,2.1,2.106,2.086,2.087,4792.0,10043.6072
1788166800000,2.087,2.092,2.075,2.075,5450.3,11354.6579
1788170400000,2.075,2.102,2.072,2.096,10087.8,21062.4222
1788174000000,2.096,2.105,2.077,2.09,14590.4,30515.2738
1788177600000,2.09,2.1,2.064,2.07,6238.6,13005.2076
1788181200000,2.07,2.085,2.052,2.064,10390.3,21545.269
1788184800000,2.064,2.086,2.058,2.083,8773.9,18157.7614
1788188400000,2.083,2.083,2.059,2.06,3696.2,7649.1428
1788192000000,2.06,2.073,2.053,2.064,11797.2,24273.7853
1788195600000,2.064,2.078,2.062,2.074,11489.3,23763.3674
1788199200000,2.074,2.089,2.072,2.082,1871.4,3891.9382
1788202800000,2.082,2.085,2.071,2.077,1022.2,2123.701
1788206400000,2.077,2.084,2.07,2.073,3562.4,7386.3107
1788210000000,2.073,2.09,2.065,2.079,4545.1,9418.8309
1788213600000,2.079,2.079,2.063,2.07,2796.9,5793.2923
1788217200000,2.07,2.072,2.055,2.068,9593.1,19753.7111
1788220800000,2.068,2.097,2.066,2.089,4872.1,10126.7311
1788224400000,2.089,2.095,2.078,2.093,2339.2,4886.8416
1788228000000,2.093,2.093,2.077,2.091,1351.5,2818.1682
1788231600000,2.091,2.11,2.087,2.1,5822.9,12226.6277
1788235200000,2.1,2.112,2.098,2.1,5075.1,10692.5459
1788238800000,2.1,2.128,2.1,2.104,29299.6,61951.1739
1788242400000,2.104,2.137,2.095,2.127,31440.3,66436.8604
1788246000000,2.127,2.26,2.122,2.255,228725.8,504763.9697
1788249600000,2.255,2.314,2.186,2.204,274496.6,620100.6792
1788253200000,2.204,2.218,2.169,2.176,68773.9,150791.5376
1788256800000,2.176,2.197,2.17,2.192,42582.1,92970.7154
1788260400000,2.192,2.198,2.177,2.185,14963.8,32750.9262
1788264000000,2.185,2.223,2.167,2.211,70869.7,155929.5025
1788267600000,2.211,2.246,2.172,2.234,80489.7,178840.4903
1788271200000,2.234,2.282,2.228,2.275,105638.0,238966.9326
1788274800000,2.275,2.277,2.233,2.245,59362.3,133794.479
1788278400000,2.245,2.28,2.229,2.263,37584.8,84839.8182
1788282000000,2.263,2.319,2.246,2.295,71002.8,162678.1011
1788285600000,2.295,2.308,2.231,2.26,52379.6,118902.7439
1788289200000,2.26,2.328,2.257,2.274,62717.6,144003.5135
1788292800000,2.274,2.316,2.262,2.296,48049.8,110072.0828
1788296400000,2.296,2.296,2.254,2.277,40088.6,91138.6927
1788300000000,2.277,2.283,2.246,2.265,17586.7,39775.8062
1788303600000,2.265,2.291,2.262,2.279,41265.0,93987.6754
1788307200000,2.279,2.286,2.213,2.217,52545.4,118643.1561
1788310800000,2.217,2.217,2.181,2.193,22823.6,50176.8956
1788314400000,2.193,2.257,2.188,2.248,25333.6,56507.4099
1788318000000,2.248,2.278,2.247,2.272,13671.9,30874.4104
1788321600000,2.272,2.321,2.263,2.317,31802.7,72843.3644
1788325200000,2.317,2.351,2.302,2.312,58520.6,136132.5128
1788328800000,2.312,2.315,2.271,2.282,29774.0,68100.6246
1788332400000,2.282,2.297,2.274,2.277,16500.8,37740.8932
1788336000000,2.277,2.292,2.253,2.264,11352.2,25781.42
1788339600000,2.264,2.278,2.231,2.251,16458.1,37046.4512
1788343200000,2.251,2.252,2.173,2.213,264895.5,583379.1119
1788346800000,2.213,2.217,2.191,2.207,34701.5,76630.0922
1788350400000,2.207,2.24,2.196,2.223,110247.4,245431.1473
1788354000000,2.223,2.271,2.215,2.254,71339.7,159911.1532
1788357600000,2.254,2.254,2.222,2.222,6754.4,15119.0294
1788361200000,2.222,2.235,2.204,2.227,12733.0,28264.9829
1788364800000,2.227,2.257,2.222,2.231,9047.1,20235.7372
1788368400000,2.231,2.281,2.221,2.273,34151.4,77127.8187
1788372000000,2.273,2.297,2.266,2.287,66125.2,151020.2313
1788375600000,2.287,2.293,2.271,2.281,49558.8,112914.286
1788379200000,2.281,2.299,2.272,2.291,24219.4,55442.6517
1788382800000,2.291,2.291,2.262,2.273,14075.3,32034.4142
1788386400000,2.273,2.277,2.253,2.261,11030.5,24962.3763
1788390000000,2.261,2.29,2.259,2.283,10080.5,22988.3895
1788393600000,2.283,2.335,2.268,2.316,43168.2,99325.1898
1788397200000,2.316,2.458,2.316,2.412,170485.8,409272.46514
1788400800000,2.412,2.451,2.388,2.428,35665.5,86123.1066
1788404400000,2.428,2.456,2.414,2.451,52007.6,126430.1471
1788408000000,2.451,2.63,2.435,2.597,182129.2,459510.30459
1788411600000,2.597,2.597,2.49,2.56,98826.5,249736.8507
1788415200000,2.56,2.621,2.494,2.57,313385.3,796735.4987
1788418800000,2.57,2.63,2.55,2.589,112506.0,292092.1206
1788422400000,2.589,2.604,2.547,2.557,65940.9,169540.2251
1788426000000,2.557,2.59,2.533,2.538,77594.6,199203.1546
1788429600000,2.538,2.572,2.522,2.563,37649.5,95590.9287
1788433200000,2.563,2.571,2.533,2.543,35835.8,91361.6611
1788436800000,2.543,2.603,2.505,2.577,76600.9,196093.7305
1788440400000,2.577,2.621,2.542,2.552,68362.2,175970.6127
1788444000000,2.552,2.627,2.538,2.614,74834.5,193207.2933
1788447600000,2.614,2.629,2.582,2.601,73479.6,191187.9699
1788451200000,2.601,2.602,2.57,2.577,37683.6,97468.6293
1788454800000,2.577,2.607,2.567,2.587,29031.4,74975.5075
1788458400000,2.587,2.628,2.587,2.599,38676.7,100757.0967
1788462000000,2.599,2.619,2.592,2.61,25098.1,65374.9595
1788465600000,2.61,2.728,2.601,2.704,101572.5,271906.83115
1788469200000,2.704,2.731,2.655,2.697,98740.7,266328.5366
1788472800000,2.697,2.699,2.629,2.65,40669.1,108122.975
1788476400000,2.65,2.654,2.605,2.613,33832.3,88910.9042
1788480000000,2.613,2.614,2.572,2.573,36457.0,94602.1062
1788483600000,2.573,2.618,2.57,2.615,23276.3,60406.5746
1788487200000,2.615,2.675,2.613,2.627,31931.0,84607.0016
1788490800000,2.627,2.633,2.545,2.549,22359.2,57949.2808
1788494400000,2.549,2.568,2.54,2.556,46407.2,118675.1851
1788498000000,2.556,2.576,2.533,2.551,58233.3,148931.6312
1788501600000,2.551,2.607,2.549,2.607,21286.0,54795.0513
1788505200000,2.607,2.611,2.591,2.594,9401.7,24466.5765
1788508800000,2.594,2.635,2.591,2.635,11267.8,29489.1352
1788512400000,2.635,2.701,2.631,2.653,25983.3,69415.0283
1788516000000,2.653,2.656,2.608,2.618,13540.4,35496.5502
1788519600000,2.618,2.627,2.605,2.608,4429.9,11578.4879
1788523200000,2.608,2.638,2.514,2.525,85917.4,219856.0597
1788526800000,2.525,2.595,2.518,2.575,26907.2,68590.7604
1788530400000,2.575,2.661,2.565,2.661,93822.8,245506.7139
1788534000000,2.661,2.661,2.616,2.616,31330.6,82841.2685
1788537600000,2.616,2.676,2.615,2.644,20986.7,55589.9117
1788541200000,2.644,2.651,2.606,2.623,7986.3,20968.8855
1788544800000,2.623,2.63,2.594,2.594,14965.6,38988.6471
1788548400000,2.594,2.6,2.587,2.594,12368.3,32094.9146
1788552000000,2.594,2.606,2.567,2.583,7396.8,19122.3031
1788555600000,2.583,2.615,2.578,2.595,12081.6,31363.9818
1788559200000,2.595,2.618,2.585,2.603,8284.7,21591.5178
1788562800000,2.603,2.642,2.599,2.629,10638.9,27890.963
1788566400000,2.629,2.819,2.61,2.72,76502.7,208811.79639
1788570000000,2.72,2.749,2.677,2.678,32486.3,88214.512
1788573600000,2.678,2.782,2.678,2.778,26073.8,70730.1461
1788577200000,2.778,2.863,2.739,2.831,87181.6,244131.7219
1788580800000,2.831,2.87,2.776,2.785,25508.1,71806.92036
1788584400000,2.785,2.817,2.762,2.79,10843.7,30252.3395
1788588000000,2.79,2.796,2.758,2.765,14123.5,39173.6022
1788591600000,2.765,2.786,2.748,2.754,10792.6,29862.7896
1788595200000,2.754,2.804,2.744,2.804,22965.2,63698.1312
1788598800000,2.804,2.874,2.791,2.826,101054.6,286436.2751
1788602400000,2.826,2.836,2.783,2.788,32555.3,91224.4643
1788606000000,2.788,2.858,2.785,2.841,26947.4,75806.7565
1788609600000,2.841,2.888,2.824,2.85,35534.2,101553.9851
1788613200000,2.85,2.882,2.84,2.866,46052.0,131890.1621
1788616800000,2.866,2.969,2.84,2.952,60297.3,174885.58381
1788620400000,2.952,3.017,2.907,3.008,45797.5,136199.45
1788624000000,3.008,3.057,2.936,2.943,77957.8,233062.7856
1788627600000,2.943,2.96,2.924,2.941,13916.7,40867.3863
1788631200000,2.941,3.015,2.931,3.015,34439.8,102410.5621
1788634800000,3.015,3.154,3.013,3.124,109686.4,339618.50188
1788638400000,3.124,3.137,3.018,3.023,63224.9,194758.987
1788642000000,3.023,3.053,3.006,3.048,58055.4,175988.4481
1788645600000,3.048,3.062,3.009,3.022,18565.6,56162.7102
1788649200000,3.022,3.028,2.939,2.948,32572.0,96433.7171
1788652800000,2.948,2.994,2.944,2.968,22615.9,67010.0268
1788656400000,2.968,3.115,2.965,3.107,82314.4,251526.2775
1788660000000,3.107,3.107,3.017,3.027,45455.9,139023.9559
1788663600000,3.027,3.058,3.017,3.031,18246.7,55380.5478
1788667200000,3.031,3.034,2.991,3.011,22895.2,68894.8812
1788670800000,3.011,3.014,2.97,2.984,26739.8,80011.6659
1788674400000,2.984,2.996,2.943,2.983,32297.1,95615.8619
1788678000000,2.983,3.052,2.966,3.008,49343.1,148278.5022
1788681600000,3.008,3.02,2.97,3.009,17454.5,52250.1855
1788685200000,3.009,3.03,2.967,2.99,11032.4,33063.6466
1788688800000,2.99,3.007,2.97,3.002,5567.4,16644.7978
1788692400000,3.002,3.002,2.938,2.958,10556.7,31200.9779
1788696000000,2.958,2.982,2.905,2.926,49241.9,144454.1447
1788699600000,2.926,2.943,2.918,2.923,14373.8,42084.3437
1788703200000,2.923,2.933,2.885,2.911,39965.5,116097.4836
1788706800000,2.911,2.919,2.881,2.903,19775.9,57320.6983
1788710400000,2.903,2.956,2.9,2.938,12928.8,37880.7762
1788714000000,2.938,2.947,2.925,2.942,6667.3,19568.7469
1788717600000,2.942,2.992,2.942,2.987,12847.1,38218.2362
1788721200000,2.987,3.026,2.982,3.01,10729.6,32247.4593
1788724800000,3.01,3.012,2.98,2.98,7716.6,23145.9141
1788728400000,2.98,3.049,2.98,3.016,8999.8,27183.1035
1788732000000,3.016,3.019,2.963,2.988,14048.6,41933.2565
1788735600000,2.988,3.036,2.988,3.027,6793.3,20462.7464
1788739200000,3.027,3.12,2.981,2.986,58190.7,178176.7312
1788742800000,2.986,3.044,2.983,3.016,18749.9,56526.0783
1788746400000,3.016,3.034,2.952,3.006,16772.3,50139.0398
1788750000000,3.006,3.017,2.952,2.992,45587.1,135535.9956
1788753600000,2.992,3.047,2.985,2.994,32596.1,98230.9114
1788757200000,2.994,3.03,2.993,3.002,13154.5,39647.5143
1788760800000,3.002,3.016,2.968,2.97,25181.3,75211.7543
1788764400000,2.97,2.981,2.933,2.97,27228.9,80574.977
1788768000000,2.97,2.994,2.965,2.971,17477.7,52091.6902
1788771600000,2.971,3.041,2.968,2.995,26749.0,80226.5653
1788775200000,2.995,3.031,2.988,2.989,27963.8,84195.7705
1788778800000,2.989,2.999,2.981,2.984,4979.5,14893.4915
1788782400000,2.984,3.009,2.961,2.98,9366.6,27965.6586
1788786000000,2.98,2.98,2.942,2.974,11985.8,35553.4393
1788789600000,2.974,2.988,2.926,2.948,21100.7,62147.8871
1788793200000,2.948,2.949,2.873,2.893,40186.4,116365.2555
1788796800000,2.893,2.941,2.893,2.929,25622.3,74699.1314
1788800400000,2.929,2.962,2.923,2.954,5854.9,17258.9087
1788804000000,2.954,2.964,2.935,2.954,16018.0,47110.1454
1788807600000,2.954,2.97,2.942,2.947,9741.1,28781.6114
1788811200000,2.947,3.008,2.944,2.995,14996.6,44626.0212
1788814800000,2.995,3.032,2.973,3.018,24329.2,73047.7314
1788818400000,3.018,3.051,2.962,2.991,33093.0,99205.2382
1788822000000,2.991,3.023,2.981,3.011,16179.1,48571.6202
1788825600000,3.011,3.06,3.004,3.058,92676.4,280568.1541
1788829200000,3.058,3.077,2.998,3.005,26877.5,81611.5172
1788832800000,3.005,3.01,2.946,2.946,9114.7,27177.9834
1788836400000,2.946,2.954,2.923,2.935,5587.9,16414.0835
1788840000000,2.935,2.944,2.908,2.913,6560.6,19187.0716
1788843600000,2.913,2.941,2.91,2.928,6943.0,20373.8987
1788847200000,2.928,2.938,2.918,2.926,5132.4,15026.4489
1788850800000,2.926,2.94,2.914,2.928,5380.0,15753.1747
1788854400000,2.928,2.946,2.92,2.933,2320.9,6807.4207
1788858000000,2.933,2.944,2.928,2.94,3063.1,8993.0517
1788861600000,2.94,2.944,2.906,2.91,6160.1,18014.8339
1788865200000,2.91,2.914,2.886,2.905,9086.4,26322.9473
1788868800000,2.905,2.92,2.894,2.911,16918.3,49265.098
1788872400000,2.911,2.922,2.881,2.918,7517.7,21796.5189
1788876000000,2.918,2.94,2.902,2.907,11528.9,33658.0918
1788879600000,2.907,2.942,2.892,2.942,12415.6,36240.1339
1788883200000,2.942,2.942,2.875,2.898,14682.4,42619.1802
1788886800000,2.898,2.906,2.857,2.869,19116.6,54985.9898
1788890400000,2.869,2.875,2.768,2.776,74972.7,211252.5607
1788894000000,2.776,2.856,2.775,2.826,36830.5,104028.6726
1788897600000,2.826,2.859,2.806,2.83,23660.6,66944.8617
1788901200000,2.83,2.85,2.824,2.839,16314.8,46292.3701
1788904800000,2.839,2.864,2.839,2.86,9600.8,27411.5806
1788908400000,2.86,2.86,2.845,2.85,6518.7,18602.7523
1788912000000,2.85,2.882,2.841,2.852,6253.5,17876.4479
1788915600000,2.852,2.853,2.813,2.83,6856.8,19384.9464
1788919200000,2.83,2.835,2.815,2.824,7995.4,22605.852
1788922800000,2.824,2.832,2.816,2.822,6005.6,16952.7966
1788926400000,2.822,2.904,2.822,2.888,11608.0,33241.625
1788930000000,2.888,2.891,2.828,2.838,8236.6,23551.6194
1788933600000,2.838,2.855,2.825,2.841,4391.7,12465.215
1788937200000,2.841,2.859,2.832,2.838,12522.0,35594.2146
1788940800000,2.838,2.855,2.835,2.85,2808.8,7986.9155
1788944400000,2.85,2.851,2.814,2.816,11107.1,31402.3816
1788948000000,2.816,2.855,2.796,2.852,12893.6,36417.9159
1788951600000,2.852,2.864,2.822,2.841,6910.3,19670.7158
1788955200000,2.841,2.859,2.839,2.845,7583.1,21586.7705
1788958800000,2.845,2.852,2.795,2.806,45217.3,128096.3487
1788962400000,2.806,2.839,2.799,2.832,10257.4,28941.7208
1788966000000,2.832,2.854,2.756,2.807,25720.8,71732.6304
1788969600000,2.807,2.822,2.777,2.81,10684.8,29905.1351
1788973200000,2.81,2.846,2.81,2.818,4484.6,12690.5976
1788976800000,2.818,2.825,2.808,2.82,6268.2,17659.3418
1788980400000,2.82,2.83,2.749,2.751,10711.2,29803.2229
1788984000000,2.751,2.78,2.734,2.765,14065.5,38812.5695
1788987600000,2.765,2.773,2.725,2.748,10224.4,28103.7367
1788991200000,2.748,2.754,2.684,2.729,75198.5,205420.4954
1788994800000,2.729,2.776,2.724,2.765,11623.6,32078.1048
1788998400000,2.765,2.787,2.753,2.762,20690.4,57389.3198
1789002000000,2.762,2.788,2.735,2.736,10213.3,28228.4647
1789005600000,2.736,2.755,2.721,2.744,7511.9,20541.656
1789009200000,2.744,2.748,2.712,2.725,5037.9,13736.3884
1789012800000,2.725,2.735,2.716,2.722,3486.7,9499.0476
1789016400000,2.722,2.732,2.705,2.723,3541.6,9631.7717
1789020000000,2.723,2.748,2.709,2.736,5463.1,14878.3786
1789023600000,2.736,2.737,2.68,2.691,14316.2,38569.4226
1789027200000,2.691,2.707,2.677,2.683,7603.9,20460.6347
1789030800000,2.683,2.692,2.664,2.674,3594.3,9631.8777
1789034400000,2.674,2.685,2.658,2.664,6076.0,16243.6153
1789038000000,2.664,2.699,2.657,2.687,8859.8,23755.0641
1789041600000,2.687,2.693,2.635,2.67,19819.9,52838.6653
1789045200000,2.67,2.709,2.666,2.699,8069.4,21696.7316
1789048800000,2.699,2.73,2.671,2.717,10337.9,27979.7797
1789052400000,2.717,2.717,2.682,2.696,15156.9,40934.3825
1789056000000,2.696,2.708,2.616,2.66,25243.3,66787.732
1789059600000,2.66,2.681,2.654,2.669,5781.7,15444.402
1789063200000,2.669,2.682,2.654,2.677,2571.6,6853.8826
1789066800000,2.677,2.678,2.646,2.651,3014.2,8024.6159
1789070400000,2.651,2.679,2.647,2.668,2819.1,7517.0099
1789074000000,2.668,2.671,2.639,2.639,3648.2,9722.143
1789077600000,2.639,2.65,2.614,2.614,8263.4,21765.9994
1789081200000,2.614,2.622,2.594,2.613,11261.3,29349.8769
1789084800000,2.613,2.646,2.613,2.637,8782.0,23117.7975
1789088400000,2.637,2.647,2.616,2.623,2458.5,6467.3993
1789092000000,2.623,2.626,2.605,2.615,1903.7,4980.4608
1789095600000,2.615,2.644,2.602,2.628,4574.8,11981.3081
1789099200000,2.628,2.663,2.624,2.653,5730.1,15180.2073
1789102800000,2.653,2.658,2.645,2.65,4146.6,10995.6324
1789106400000,2.65,2.736,2.65,2.722,28675.6,77565.7092
1789110000000,2.722,2.737,2.698,2.699,15136.6,41093.1911
1789113600000,2.699,2.724,2.681,2.7,7218.2,19522.1088
1789117200000,2.7,2.718,2.68,2.68,6099.5,16457.2337
1789120800000,2.68,2.686,2.635,2.64,6040.9,16091.2385
1789124400000,2.64,2.647,2.62,2.646,3255.7,8570.2746
1789128000000,2.646,2.712,2.606,2.691,11579.0,30741.8799
1789131600000,2.691,2.736,2.639,2.734,11298.5,30347.1896
1789135200000,2.734,2.739,2.67,2.692,13478.1,36601.0006
1789138800000,2.692,2.705,2.624,2.643,5600.3,14928.3081
1789142400000,2.643,2.665,2.636,2.657,15119.4,40128.912
1789146000000,2.657,2.66,2.611,2.615,3718.2,9809.8354
1789149600000,2.615,2.618,2.567,2.568,19211.0,49779.9951
1789153200000,2.568,2.598,2.564,2.593,5242.0,13543.0842
1789156800000,2.593,2.611,2.586,2.599,5580.3,14516.8893
1789160400000,2.599,2.608,2.572,2.575,3794.9,9859.5575
1789164000000,2.575,2.603,2.566,2.59,6147.3,15889.8835
1789167600000,2.59,2.612,2.589,2.612,3354.7,8720.4507
1789171200000,2.612,2.643,2.603,2.643,16052.9,42023.9508
1789174800000,2.643,2.671,2.639,2.652,5271.9,14006.7801
1789178400000,2.652,2.66,2.63,2.635,5121.8,13536.7311
1789182000000,2.635,2.635,2.622,2.626,2085.4,5480.561
1789185600000,2.626,2.634,2.616,2.617,2886.1,7566.2627
1789189200000,2.617,2.624,2.607,2.611,3672.3,9601.2201
1789192800000,2.611,2.623,2.609,2.609,1147.6,3000.589
1789196400000,2.609,2.634,2.608,2.619,3878.2,10189.8546
1789200000000,2.619,2.625,2.607,2.614,1600.9,4186.3495
1789203600000,2.614,2.618,2.595,2.599,4129.5,10748.3676
1789207200000,2.599,2.61,2.595,2.595,1181.7,3075.9878
1789210800000,2.595,2.609,2.592,2.603,1388.0,3608.5095
1789214400000,2.603,2.616,2.595,2.602,12793.9,33383.9664
1789218000000,2.602,2.609,2.599,2.6,1346.0,3504.8987
1789221600000,2.6,2.609,2.588,2.599,13654.7,35442.8558
1789225200000,2.599,2.611,2.597,2.605,4856.3,12636.3117
1789228800000,2.605,2.614,2.596,2.598,2442.6,6356.566
1789232400000,2.598,2.604,2.585,2.595,2102.9,5463.1159
1789236000000,2.595,2.595,2.578,2.582,1565.5,4044.8851
1789239600000,2.582,2.583,2.564,2.571,7131.9,18349.0853
1789243200000,2.571,2.582,2.57,2.579,1962.6,5055.8108
1789246800000,2.579,2.588,2.572,2.579,5711.9,14739.7025
1789250400000,2.579,2.585,2.568,2.572,2442.8,6291.2586
1789254000000,2.572,2.576,2.566,2.576,3536.1,9085.9374
1789257600000,2.576,2.594,2.558,2.567,7264.7,18690.0466
1789261200000,2.567,2.574,2.557,2.569,4046.7,10381.3284
1789264800000,2.569,2.569,2.543,2.543,6186.6,15787.8036
1789268400000,2.543,2.557,2.515,2.537,15533.7,39408.8402
1789272000000,2.537,2.559,2.534,2.55,6329.6,16140.2693
1789275600000,2.55,2.562,2.547,2.55,1810.3,4629.825
1789279200000,2.55,2.563,2.55,2.556,1428.1,3651.208
1789282800000,2.556,2.561,2.536,2.536,3843.9,9798.8171
1789286400000,2.536,2.558,2.519,2.524,12251.8,31148.6178
1789290000000,2.524,2.542,2.52,2.535,3943.8,9980.7672
1789293600000,2.535,2.538,2.51,2.518,4611.8,11627.5565
1789297200000,2.518,2.544,2.518,2.537,3169.4,8024.1868
1789300800000,2.537,2.56,2.53,2.55,3366.9,8571.3044
1789304400000,2.55,2.674,2.541,2.67,26724.5,69869.9221
1789308000000,2.67,2.74,2.655,2.697,47550.9,128170.7534
1789311600000,2.697,2.736,2.652,2.694,25972.0,70125.4897
1789315200000,2.694,2.719,2.686,2.705,15386.2,41536.5396
1789318800000,2.705,2.863,2.705,2.826,246235.4,694049.9043
1789322400000,2.826,2.922,2.819,2.84,79317.8,227617.8517
1789326000000,2.84,2.86,2.809,2.828,25458.0,71933.4131
1789329600000,2.828,2.838,2.812,2.816,10844.1,30620.7123
1789333200000,2.816,2.818,2.783,2.79,12128.6,33969.238
1789336800000,2.79,2.79,2.725,2.738,38154.8,104862.7248
1789340400000,2.738,2.761,2.72,2.737,14675.3,40270.2729
1789344000000,2.737,2.777,2.729,2.771,19621.8,54014.499
1789347600000,2.771,2.82,2.75,2.818,39952.3,111437.3596
1789351200000,2.818,2.907,2.81,2.85,87736.4,252237.0206
1789354800000,2.85,2.881,2.786,2.795,37831.9,107023.2342
1789358400000,2.795,2.836,2.784,2.805,23510.1,66041.6529
1789362000000,2.805,2.808,2.743,2.773,17893.6,49592.6389
1789365600000,2.773,2.825,2.772,2.8,18568.2,52112.2686
1789369200000,2.8,2.843,2.79,2.827,23658.0,66812.891
1789372800000,2.827,2.845,2.812,2.841,17569.9,49751.4994
1789376400000,2.841,2.852,2.782,2.834,33232.4,93724.7639
1789380000000,2.834,2.85,2.811,2.816,46293.3,130764.5011
1789383600000,2.816,2.852,2.799,2.847,27425.9,77739.3736
1789387200000,2.847,2.85,2.809,2.811,19133.6,54135.9351
1789390800000,2.811,2.838,2.788,2.797,30758.8,86531.7152
1789394400000,2.797,2.85,2.795,2.811,46270.0,130586.2138
1789398000000,2.811,2.86,2.8,2.831,26228.6,74109.9792
1789401600000,2.831,2.857,2.81,2.822,15389.7,43613.1953
1789405200000,2.822,2.828,2.798,2.803,26707.6,74976.3526
1789408800000,2.803,2.82,2.802,2.812,7635.0,21475.7128
1789412400000,2.812,2.815,2.792,2.798,9911.7,27757.4375
1789416000000,2.798,2.833,2.797,2.827,7303.1,20572.5515
1789419600000,2.827,2.838,2.804,2.837,17051.3,48072.6546
1789423200000,2.837,2.838,2.81,2.819,10862.0,30665.3994
1789426800000,2.819,2.827,2.809,2.821,8173.8,23016.5565
1789430400000,2.821,2.835,2.801,2.807,11890.3,33499.0711
1789434000000,2.807,2.837,2.803,2.809,11356.5,32004.5173
1789437600000,2.809,2.812,2.745,2.757,32333.6,89658.3057
1789441200000,2.757,2.757,2.697,2.72,62773.1,170593.5775
1789444800000,2.72,2.727,2.709,2.721,8588.7,23343.0944
1789448400000,2.721,2.733,2.671,2.68,32747.7,88171.8345
1789452000000,2.68,2.694,2.677,2.688,17710.4,47582.7441
1789455600000,2.688,2.696,2.661,2.672,26294.0,70452.6215
1789459200000,2.672,2.714,2.663,2.712,15535.4,41689.993
1789462800000,2.712,2.745,2.696,2.742,13761.4,37421.4425
1789466400000,2.742,2.745,2.723,2.745,11315.4,30926.3759
1789470000000,2.745,2.745,2.691,2.7,15479.7,41881.5455
1789473600000,2.7,2.704,2.684,2.691,9215.5,24830.7387
1789477200000,2.691,2.698,2.654,2.685,10934.6,29272.5482
1789480800000,2.685,2.693,2.515,2.548,143301.5,368590.2798
1789484400000,2.548,2.596,2.54,2.57,68838.2,177096.1777
1789488000000,2.57,2.602,2.556,2.593,40921.1,105579.0381
1789491600000,2.593,2.62,2.567,2.583,30631.2,79493.0056
1789495200000,2.583,2.586,2.425,2.492,128693.2,319922.1723
1789498800000,2.492,2.515,2.477,2.514,19228.7,48037.6764
1789502400000,2.514,2.524,2.483,2.517,10901.3,27271.5748
1789506000000,2.517,2.521,2.483,2.484,10684.8,26781.0687
1789509600000,2.484,2.515,2.479,2.51,6583.9,16429.7771
1789513200000,2.51,2.531,2.5,2.503,11765.3,29624.2232
1789516800000,2.503,2.516,2.493,2.497,4509.0,11291.4111
1789520400000,2.497,2.505,2.484,2.488,8083.3,20171.7231
1789524000000,2.488,2.526,2.488,2.518,14083.7,35372.7733
1789527600000,2.518,2.522,2.506,2.518,3026.4,7611.7802
1789531200000,2.518,2.558,2.511,2.514,9450.0,23995.4836
1789534800000,2.514,2.529,2.504,2.517,2907.8,7317.1651
1789538400000,2.517,2.517,2.496,2.502,2877.2,7211.7367
1789542000000,2.502,2.507,2.482,2.482,5177.9,12914.7595
1789545600000,2.482,2.486,2.457,2.462,13618.5,33588.4437
1789549200000,2.462,2.472,2.457,2.467,6774.4,16698.153
1789552800000,2.467,2.492,2.464,2.483,12880.4,31953.1127
1789556400000,2.483,2.507,2.481,2.494,8186.5,20438.0427
1789560000000,2.494,2.509,2.467,2.48,8734.6,21751.8006
1789563600000,2.48,2.492,2.451,2.477,16835.3,41606.7225
1789567200000,2.477,2.481,2.451,2.473,11090.9,27392.2627
1789570800000,2.473,2.493,2.47,2.47,11450.2,28423.1513
1789574400000,2.47,2.495,2.464,2.483,15043.8,37344.2623
1789578000000,2.483,2.484,2.446,2.464,22203.2,54847.1834
1789581600000,2.464,2.538,2.456,2.497,51768.2,129207.7626
1789585200000,2.497,2.515,2.464,2.483,26467.4,65814.0788
1789588800000,2.483,2.539,2.482,2.539,24495.0,61685.5081
1789592400000,2.539,2.544,2.518,2.527,12331.7,31240.5538
1789596000000,2.527,2.53,2.501,2.508,5246.3,13170.6548
1789599600000,2.508,2.549,2.503,2.543,12795.9,32386.0369
1789603200000,2.543,2.558,2.528,2.537,15345.6,39006.6792
1789606800000,2.537,2.566,2.526,2.543,11558.2,29494.3198
1789610400000,2.543,2.545,2.518,2.529,6597.5,16690.0218
1789614000000,2.529,2.545,2.524,2.536,4373.2,11088.2601
1789617600000,2.536,2.584,2.528,2.566,34254.2,87704.2802
1789621200000,2.566,2.583,2.562,2.565,26730.4,68787.0359
1789624800000,2.565,2.595,2.556,2.578,10325.6,26584.7417
1789628400000,2.578,2.603,2.576,2.591,12432.3,32202.2637
1789632000000,2.591,2.605,2.58,2.599,7618.0,19768.2745
1789635600000,2.599,2.623,2.596,2.597,12013.2,31386.3715
1789639200000,2.597,2.599,2.577,2.586,8569.7,22130.8339
1789642800000,2.586,2.6,2.565,2.582,7417.0,19167.3391
1789646400000,2.582,2.6,2.567,2.575,12706.8,32855.2605
1789650000000,2.575,2.587,2.56,2.587,16994.9,43758.4685
1789653600000,2.587,2.61,2.568,2.584,18933.8,49037.1191
1789657200000,2.584,2.606,2.573,2.598,10635.5,27538.6307
1789660800000,2.598,2.625,2.591,2.621,10334.5,26891.7921
1789664400000,2.621,2.627,2.6,2.606,12787.7,33437.0692
1789668000000,2.606,2.611,2.593,2.608,8237.6,21444.5807
1789671600000,2.608,2.611,2.593,2.601,7687.7,20004.2231
1789675200000,2.601,2.619,2.599,2.616,11614.6,30349.83
1789678800000,2.616,2.634,2.607,2.609,8151.5,21345.6126
1789682400000,2.609,2.626,2.592,2.622,4755.6,12388.6528
1789686000000,2.622,2.663,2.62,2.648,11799.6,31189.6831
1789689600000,2.648,2.664,2.633,2.657,4575.9,12107.9783
1789693200000,2.657,2.712,2.655,2.706,15982.5,42932.5645
1789696800000,2.706,2.747,2.706,2.719,33533.9,91501.1304
1789700400000,2.719,2.764,2.714,2.728,25719.4,70499.5193
1789704000000,2.728,2.731,2.675,2.712,15683.1,42371.956
1789707600000,2.712,2.733,2.705,2.729,6890.8,18746.7944
1789711200000,2.729,2.811,2.724,2.787,22376.9,61911.7107
1789714800000,2.787,2.888,2.784,2.879,22982.6,65333.6522
1789718400000,2.879,3.025,2.86,3.001,46715.5,136752.4515
1789722000000,3.001,3.217,2.99,3.201,101245.7,314332.1881
1789725600000,3.201,3.247,3.06,3.097,202156.8,634075.5647
1789729200000,3.097,3.114,3.011,3.081,89575.4,273167.0667
1789732800000,3.081,3.14,3.068,3.12,93586.3,291742.2665
1789736400000,3.12,3.171,3.021,3.05,112379.3,348572.0686
1789740000000,3.05,3.141,3.049,3.106,23090.8,71466.2077
1789743600000,3.106,3.152,3.069,3.15,56592.6,176113.2442
1789747200000,3.15,3.168,3.107,3.12,41537.4,130434.3649
1789750800000,3.12,3.284,3.114,3.278,54327.6,174781.98414
1789754400000,3.278,3.432,3.261,3.42,118155.3,394232.8295
1789758000000,3.42,3.514,3.366,3.496,149645.5,517059.144
1789761600000,3.496,3.582,3.443,3.553,161533.2,566626.93654
1789765200000,3.553,3.684,3.498,3.651,119515.2,431423.4798
1789768800000,3.651,3.732,3.513,3.691,152853.1,554651.1312
1789772400000,3.691,3.706,3.544,3.647,84036.7,305256.1682
1789776000000,3.647,3.663,3.566,3.632,52057.6,188577.1188
1789779600000,3.632,3.672,3.563,3.649,52079.7,188285.5807
1789783200000,3.649,4.075,3.649,4.019,386302.4,1494312.17905
1789786800000,4.019,4.098,3.872,4.046,489827.3,1956075.3814
1789790400000,4.046,4.17,3.602,4.131,729251.4,2816489.4368
1789794000000,4.131,4.3526,3.975,4.298,421335.0,1749753.11164
1789797600000,4.298,4.307,3.818,3.95,583504.1,2352044.1788
1789801200000,3.95,4.13,3.842,4.125,291841.6,1157083.7515
1789804800000,4.125,4.674,4.078,4.542,649480.9,2877360.7097
1789808400000,4.542,4.681,4.325,4.416,426452.0,1924698.7933
1789812000000,4.416,4.554,4.316,4.422,305591.2,1353869.6876
1789815600000,4.422,4.735,4.377,4.669,358272.3,1652343.8242
1789819200000,4.669,4.773,4.51,4.578,354676.0,1645727.0415
1789822800000,4.578,4.709,4.555,4.643,343065.3,1587588.7545
1789826400000,4.643,4.941,4.599,4.773,676705.0,3227161.53113
1789830000000,4.773,4.92,4.502,4.522,470493.4,2221220.6639
1789833600000,4.522,4.63,4.406,4.505,431048.4,1946330.5457
1789837200000,4.505,4.57,4.245,4.31,360725.9,1576132.2359
1789840800000,4.31,4.49,4.242,4.354,211289.7,923678.6058
1789844400000,4.354,4.376,4.206,4.287,135358.8,577035.9775
1789848000000,4.287,4.369,4.254,4.27,140608.0,605214.4253
1789851600000,4.27,4.357,4.22,4.22,60290.6,258935.2555
1789855200000,4.22,4.296,4.143,4.294,132951.3,560456.1971
1789858800000,4.294,4.438,4.274,4.406,113881.8,495359.4042
1789862400000,4.406,4.547,4.324,4.413,152828.7,677087.873
1789866000000,4.413,4.509,4.35,4.39,108448.2,480387.6056
1789869600000,4.39,4.44,4.261,4.346,99711.0,433481.2993
1789873200000,4.346,4.416,4.005,4.212,272570.4,1136024.8967
1789876800000,4.212,4.257,4.126,4.227,112051.2,469140.2783
1789880400000,4.227,4.373,4.198,4.307,88087.5,377304.1754
1789884000000,4.307,4.323,4.194,4.265,37291.2,158854.9761
1789887600000,4.265,4.325,4.225,4.289,44792.4,191108.4095
1789891200000,4.289,4.356,4.248,4.271,66543.1,285672.5441
1789894800000,4.271,4.403,4.268,4.308,62546.4,271537.0322
1789898400000,4.308,4.392,4.222,4.319,70346.0,302877.0931
1789902000000,4.319,4.334,4.262,4.318,26984.5,115906.0213
1789905600000,4.318,4.348,4.257,4.324,43328.0,186576.0301
1789909200000,4.324,4.337,4.228,4.302,34688.4,148460.4122
1789912800000,4.302,4.357,4.203,4.236,53714.9,229916.042
1789916400000,4.236,4.312,4.163,4.309,68052.5,288065.5858
1789920000000,4.309,4.659,4.269,4.581,234824.7,1062645.955
1789923600000,4.581,5.293,4.56,4.971,607226.8,3036630.0214
1789927200000,4.971,4.999,4.558,4.632,305708.8,1468582.1995
1789930800000,4.632,4.782,4.619,4.697,89765.0,422851.6406
1789934400000,4.697,4.793,4.673,4.727,66317.0,313273.7455
1789938000000,4.727,4.835,4.675,4.782,59513.3,283003.8666
1789941600000,4.782,4.808,4.676,4.699,41223.2,195460.9676
1789945200000,4.699,4.806,4.669,4.789,55128.8,261609.5572
1789948800000,4.789,5.019,4.714,4.734,141352.2,687728.2512
1789952400000,4.734,4.873,4.73,4.789,61110.9,293831.9332
1789956000000,4.789,4.794,4.589,4.67,72263.5,338103.7192
1789959600000,4.67,4.839,4.668,4.749,47439.8,226395.7749
1789963200000,4.749,4.825,4.701,4.791,38838.2,184887.8674
1789966800000,4.791,4.867,4.73,4.82,39086.3,188027.6229
1789970400000,4.82,5.053,4.782,4.97,166535.4,825102.9369
1789974000000,4.97,5.166,4.88,4.925,157498.8,791103.0548
1789977600000,4.925,5.106,4.814,4.931,141418.2,698854.393
1789981200000,4.931,4.975,4.742,4.749,108835.8,528119.8386
1789984800000,4.749,4.786,4.677,4.718,93313.2,441203.2735
1789988400000,4.718,4.774,4.642,4.725,72650.1,341555.4112
1789992000000,4.725,4.757,4.603,4.743,55309.4,259082.5574
1789995600000,4.743,4.764,4.641,4.677,60866.7,286423.7827
1789999200000,4.677,4.688,4.579,4.631,63887.9,296601.7073
1790002800000,4.631,4.653,4.525,4.554,80904.5,369502.9649
1790006400000,4.554,4.621,4.474,4.496,106116.7,481337.6183
1790010000000,4.496,4.522,4.372,4.397,92042.9,407907.3041
1790013600000,4.397,4.445,4.375,4.428,61947.1,273136.2966
1790017200000,4.428,4.537,4.405,4.494,55517.6,248366.8127
1790020800000,4.494,4.527,4.461,4.489,38653.8,173885.5041
1790024400000,4.489,4.541,4.437,4.447,33925.7,152136.564
1790028000000,4.447,4.586,4.444,4.575,24484.6,110873.1025
1790031600000,4.575,4.647,4.564,4.633,48141.5,221470.6693
1790035200000,4.633,4.714,4.526,4.536,66445.5,307321.8647
1790038800000,4.536,4.617,4.463,4.555,71771.4,326218.1842
1790042400000,4.555,4.573,4.498,4.54,19619.4,88836.2788
1790046000000,4.54,4.544,4.446,4.452,30953.0,138702.2802
1790049600000,4.452,4.457,4.268,4.358,121018.4,527739.4276
1790053200000,4.358,4.39,4.138,4.224,276299.9,1163347.7851
1790056800000,4.224,4.321,4.202,4.275,89368.6,381409.2398
1790060400000,4.275,4.314,4.241,4.296,34133.2,145915.5721
1790064000000,4.296,4.415,4.264,4.336,73219.4,318020.8092
1790067600000,4.336,4.353,4.288,4.328,36550.7,157867.4337
1790071200000,4.328,4.405,4.286,4.38,48563.2,210639.662
1790074800000,4.38,4.442,4.369,4.416,39973.8,175783.0273
1790078400000,4.416,4.458,4.357,4.458,45874.4,202195.6681
1790082000000,4.458,4.517,4.376,4.384,48676.7,216676.9444
1790085600000,4.384,4.384,4.301,4.334,49404.4,214304.9324
1790089200000,4.334,4.378,4.307,4.314,59429.4,257562.8875
1790092800000,4.314,4.348,4.27,4.344,37743.9,162406.4832
1790096400000,4.344,4.363,4.312,4.344,16028.4,69576.1562
1790100000000,4.344,4.37,4.321,4.341,11470.4,49799.4161
1790103600000,4.341,4.377,4.307,4.332,26689.3,116188.698
1790107200000,4.332,4.348,4.306,4.329,8956.1,38786.0964
1790110800000,4.329,4.357,4.322,4.354,8319.3,36092.5542
1790114400000,4.354,4.471,4.337,4.418,33284.3,146944.4266
1790118000000,4.418,4.557,4.414,4.522,50069.2,225674.3921
1790121600000,4.522,4.574,4.495,4.504,25896.6,117280.5041
1790125200000,4.504,4.507,4.361,4.376,40750.0,179847.4385
1790128800000,4.376,4.455,4.359,4.448,19110.0,84435.5418
1790132400000,4.448,4.601,4.418,4.57,35885.1,162073.96
1790136000000,4.57,4.581,4.483,4.52,30666.8,139285.5773
1790139600000,4.52,4.563,4.474,4.518,26979.6,122006.209
1790143200000,4.518,4.651,4.518,4.544,85280.8,391270.4977
1790146800000,4.544,4.604,4.502,4.556,28376.5,128989.6761
1790150400000,4.556,4.595,4.478,4.494,28895.7,131054.0953
1790154000000,4.494,4.637,4.486,4.61,27806.9,126971.457
1790157600000,4.61,4.666,4.518,4.58,30471.9,140082.4023
1790161200000,4.58,4.596,4.478,4.578,35974.4,162804.4065
1790164800000,4.578,4.592,4.508,4.529,19183.1,87240.8221
1790168400000,4.529,4.57,4.475,4.531,42806.6,193571.3787
1790172000000,4.531,4.573,4.209,4.552,201006.8,886178.367
1790175600000,4.552,4.746,4.476,4.57,227538.4,1055438.6734
1790179200000,4.57,4.672,4.358,4.574,220021.9,1002403.1889
1790182800000,4.574,4.579,4.441,4.536,72795.4,328099.3775
1790186400000,4.536,4.536,4.376,4.406,52013.1,230284.2204
1790190000000,4.406,4.454,4.39,4.404,15758.6,69660.6436
1790193600000,4.404,4.419,4.34,4.389,18745.5,82003.161
1790197200000,4.389,4.414,4.325,4.346,24366.6,106457.3523
1790200800000,4.346,4.395,4.273,4.287,41613.3,179241.5272
1790204400000,4.287,4.353,4.265,4.302,37895.7,162889.6964
1790208000000,4.302,4.367,4.3,4.339,21522.0,93219.4322
1790211600000,4.339,4.363,4.3,4.303,17265.2,74823.4861
1790215200000,4.303,4.376,4.284,4.353,16378.3,71009.5496
1790218800000,4.353,4.405,4.272,4.283,56848.6,245854.4779
1790222400000,4.283,4.339,4.247,4.335,22287.5,95564.3362
1790226000000,4.335,4.371,4.326,4.35,13727.9,59716.1789
1790229600000,4.35,4.354,4.316,4.328,12639.0,54741.0681
1790233200000,4.328,4.374,4.281,4.359,19718.8,85509.2005
1790236800000,4.359,4.366,4.247,4.289,30436.7,130393.7322
1790240400000,4.289,4.314,4.219,4.277,24483.7,104125.1701
1790244000000,4.277,4.345,4.274,4.328,27645.3,119297.2082
1790247600000,4.328,4.41,4.326,4.391,23911.8,104661.4558
1790251200000,4.391,4.408,4.329,4.407,28413.7,124237.1533
1790254800000,4.407,4.526,4.407,4.459,66714.2,297688.4746
1790258400000,4.459,4.692,4.426,4.516,96823.1,440152.7196
1790262000000,4.516,4.587,4.472,4.56,58891.5,266057.2157
1790265600000,4.56,4.586,4.49,4.519,63756.5,288661.1583
1790269200000,4.519,4.599,4.505,4.544,45199.2,205587.5523
1790272800000,4.544,4.548,4.49,4.536,12807.5,57882.2448
1790276400000,4.536,4.652,4.508,4.61,38823.1,178662.4274
1790280000000,4.61,4.614,4.541,4.556,9212.7,42200.8386
1790283600000,4.556,4.623,4.542,4.565,6053.6,27659.5274
1790287200000,4.565,4.565,4.466,4.469,13187.2,59231.7642
1790290800000,4.469,4.502,4.465,4.502,15379.6,69008.4032
1790294400000,4.502,4.549,4.49,4.498,10882.0,49068.2784
1790298000000,4.498,4.625,4.471,4.494,18059.0,81842.9478
1790301600000,4.494,4.52,4.417,4.457,26929.2,120028.93
1790305200000,4.457,4.49,4.424,4.461,21222.6,94535.3399
1790308800000,4.461,4.535,4.444,4.507,12699.3,57026.9496
1790312400000,4.507,4.523,4.47,4.48,6632.7,29774.8209
1790316000000,4.48,4.517,4.44,4.504,20878.4,93515.4507
1790319600000,4.504,4.559,4.499,4.539,20360.1,92262.5244
1790323200000,4.539,4.742,4.536,4.662,44442.1,206321.4658
1790326800000,4.662,4.826,4.632,4.753,120882.5,576316.4228
1790330400000,4.753,4.86,4.723,4.827,62349.1,300305.7664
1790334000000,4.827,4.859,4.68,4.698,106956.2,512032.8259
1790337600000,4.698,4.761,4.621,4.671,50440.9,236109.9397
1790341200000,4.671,4.8,4.656,4.736,95973.4,455569.1003
1790344800000,4.736,4.752,4.638,4.746,56388.5,263912.5208
1790348400000,4.746,4.773,4.64,4.714,13240.8,62291.6335
1790352000000,4.714,4.738,4.588,4.592,34611.3,160422.7822
1790355600000,4.592,4.619,4.548,4.57,26803.5,122819.4391
1790359200000,4.57,4.592,4.546,4.568,13894.0,63501.0445
1790362800000,4.568,4.621,4.565,4.605,13477.9,61875.2406
1790366400000,4.605,4.665,4.603,4.645,8921.3,41428.9071
1790370000000,4.645,4.658,4.548,4.559,7941.1,36479.916
1790373600000,4.559,4.673,4.552,4.652,12006.0,55530.4598
1790377200000,4.652,4.682,4.637,4.648,5612.5,26107.9636
1790380800000,4.648,4.662,4.589,4.62,10522.8,48730.2619
1790384400000,4.62,4.641,4.584,4.589,7967.8,36759.8353
1790388000000,4.589,4.592,4.564,4.573,4947.9,22654.7091
1790391600000,4.573,4.582,4.529,4.546,14259.1,64915.0985
1790395200000,4.546,4.58,4.52,4.542,9519.2,43210.3255
1790398800000,4.542,4.543,4.49,4.493,11859.5,53509.3989
1790402400000,4.493,4.543,4.46,4.541,19422.0,87494.157
1790406000000,4.541,4.604,4.538,4.584,15439.7,70704.235
1790409600000,4.584,4.644,4.565,4.622,16144.8,74419.242
1790413200000,4.622,4.622,4.547,4.584,14727.0,67240.7475
1790416800000,4.584,4.657,4.584,4.642,12030.1,55697.9771
1790420400000,4.642,4.788,4.63,4.725,42775.7,201704.3789
1790424000000,4.725,4.794,4.72,4.767,67188.1,319550.4935
1790427600000,4.767,4.843,4.746,4.825,93470.4,448138.8527
1790431200000,4.825,4.862,4.75,4.828,40079.7,192421.4551
1790434800000,4.828,4.995,4.808,4.847,75319.8,368940.9354
1790438400000,4.847,4.871,4.759,4.789,103870.4,498538.3142
1790442000000,4.789,4.817,4.72,4.751,23703.9,113150.7939
1790445600000,4.751,4.761,4.724,4.732,15574.8,73777.2905
1790449200000,4.732,4.775,4.702,4.733,10921.9,51817.9285
1790452800000,4.733,4.761,4.615,4.674,27944.0,130536.6825
1790456400000,4.674,4.688,4.625,4.663,15871.7,73887.7986
1790460000000,4.663,4.675,4.644,4.655,14715.4,68531.8481
1790463600000,4.655,4.729,4.653,4.706,25105.4,117961.8828
1790467200000,4.706,4.792,4.689,4.745,25048.1,118985.3868
1790470800000,4.745,4.776,4.69,4.739,26877.6,127250.7529
1790474400000,4.739,4.742,4.654,4.663,18260.0,85728.2635
1790478000000,4.663,4.691,4.643,4.67,12224.7,57070.9695
1790481600000,4.67,4.671,4.59,4.642,54258.0,250899.7062
1790485200000,4.642,4.757,4.638,4.737,22624.0,106110.3412
1790488800000,4.737,4.853,4.724,4.824,65701.8,315410.0725
1790492400000,4.824,4.887,4.822,4.849,29008.5,140890.1165
1790496000000,4.849,4.854,4.766,4.793,29931.9,143888.6088
1790499600000,4.793,4.828,4.759,4.783,27087.2,130017.7258
1790503200000,4.783,4.789,4.74,4.751,19598.2,93449.9602
1790506800000,4.751,4.785,4.714,4.769,28322.9,134350.3467
1790510400000,4.769,4.884,4.769,4.862,17701.6,85517.2175
1790514000000,4.862,4.865,4.796,4.836,27359.4,132048.5375
1790517600000,4.836,4.974,4.836,4.888,42756.6,209762.2454
1790521200000,4.888,4.99,4.858,4.895,48090.4,236808.3041
1790524800000,4.895,4.932,4.837,4.894,21253.5,103804.8825
1790528400000,4.894,5.109,4.88,5.093,51847.8,260313.7865
1790532000000,5.093,5.131,4.996,5.029,41605.6,210115.9584
1790535600000,5.029,5.03,4.925,4.935,34159.3,169651.0569
1790539200000,4.935,4.965,4.877,4.891,21985.1,108049.4305
1790542800000,4.891,4.908,4.75,4.783,47406.4,228722.9452
1790546400000,4.783,4.793,4.62,4.63,52957.6,248916.8665
1790550000000,4.63,4.706,4.626,4.696,26891.1,125630.5466
1790553600000,4.696,4.742,4.643,4.643,36524.4,171289.3
1790557200000,4.643,4.682,4.3,4.377,142969.9,638945.7307
1790560800000,4.377,4.417,4.33,4.381,26276.5,115045.7528
1790564400000,4.381,4.43,4.366,4.389,25128.5,110566.2984
1790568000000,4.389,4.441,4.331,4.427,25443.8,111563.2949
1790571600000,4.427,4.451,4.288,4.346,41336.3,179718.801
1790575200000,4.346,4.386,4.329,4.385,23529.8,102569.0891
1790578800000,4.385,4.405,4.224,4.236,55944.2,240459.4572
1790582400000,4.236,4.303,4.231,4.262,27403.2,116909.3402
1790586000000,4.262,4.296,4.2,4.273,32143.7,136434.5022
1790589600000,4.273,4.341,4.273,4.305,26260.2,113120.9701
1790593200000,4.305,4.358,4.293,4.304,53414.6,230815.2704
1790596800000,4.304,4.398,4.289,4.374,53821.2,235085.8999
1790600400000,4.374,4.377,4.31,4.321,31998.6,139126.7881
1790604000000,4.321,4.326,4.209,4.258,54925.8,234607.8366
1790607600000,4.258,4.296,4.212,4.268,29048.9,123696.1813
1790611200000,4.268,4.326,4.219,4.282,40039.0,171251.2755
1790614800000,4.282,4.304,4.225,4.262,29188.0,124504.2711
1790618400000,4.262,4.318,4.252,4.276,32258.2,138460.6208
1790622000000,4.276,4.281,4.169,4.193,45045.3,189197.7236
1790625600000,4.193,4.253,4.182,4.222,12647.6,53382.5196
1790629200000,4.222,4.244,4.181,4.181,7286.4,30659.7088
1790632800000,4.181,4.306,4.168,4.303,44014.3,186430.0076
1790636400000,4.303,4.344,4.297,4.311,30994.1,133715.5135
1790640000000,4.311,4.318,4.246,4.25,24739.3,106092.7016
1790643600000,4.25,4.282,4.182,4.216,29402.8,124228.3716
1790647200000,4.216,4.22,4.093,4.133,75417.1,311728.0969
1790650800000,4.133,4.244,4.133,4.186,10542.0,44171.7835
1790654400000,4.186,4.22,4.162,4.192,8054.7,33742.5402
1790658000000,4.192,4.212,4.156,4.189,12463.9,52191.8974
1790661600000,4.189,4.259,4.182,4.238,24362.0,103035.5849
1790665200000,4.238,4.262,4.225,4.26,19285.2,81926.0637
1790668800000,4.26,4.304,4.24,4.292,17255.8,73653.2833
1790672400000,4.292,4.38,4.284,4.368,40796.4,176592.4353
1790676000000,4.368,4.369,4.315,4.33,23363.8,101249.0758
1790679600000,4.33,4.358,4.306,4.34,15356.2,66537.7061
1790683200000,4.34,4.373,4.283,4.284,44038.5,190269.1234
1790686800000,4.284,4.364,4.264,4.319,36601.7,157508.5984
1790690400000,4.319,4.359,4.297,4.327,17407.7,75409.4301
1790694000000,4.327,4.327,4.182,4.214,85842.4,363029.9205
1790697600000,4.214,4.249,4.194,4.22,13926.7,58799.5887
1790701200000,4.22,4.223,4.157,4.172,33345.6,139527.2501
1790704800000,4.172,4.252,4.172,4.233,16640.3,70135.1513
1790708400000,4.233,4.248,4.186,4.191,15088.5,63434.1358
1790712000000,4.191,4.225,4.176,4.209,13615.6,57255.4713
1790715600000,4.209,4.234,4.186,4.201,13921.3,58593.2526
1790719200000,4.201,4.243,4.201,4.229,32927.0,138976.4161
1790722800000,4.229,4.265,4.191,4.212,24262.3,102585.5084
1790726400000,4.212,4.264,4.184,4.264,19645.6,82816.6026
1790730000000,4.264,4.337,4.256,4.269,21865.3,93982.9522
1790733600000,4.269,4.306,4.226,4.298,14067.8,60057.4717
1790737200000,4.298,4.301,4.244,4.284,15061.5,64410.7328
1790740800000,4.284,4.308,4.261,4.264,10759.6,46054.2963
1790744400000,4.264,4.316,4.263,4.283,11151.6,47860.5494
1790748000000,4.283,4.293,4.218,4.222,16936.9,71755.4681
1790751600000,4.222,4.246,4.174,4.22,16351.8,68916.7908
1790755200000,4.22,4.254,4.185,4.238,11075.0,46700.1416
1790758800000,4.238,4.285,4.232,4.255,8380.6,35702.6749
1790762400000,4.255,4.265,4.234,4.25,9057.5,38526.0439
1790766000000,4.25,4.25,4.203,4.232,12556.0,53047.9452
1790769600000,4.232,4.374,4.216,4.362,49912.3,215704.4199
1790773200000,4.362,4.438,4.296,4.379,37457.4,163810.5621
1790776800000,4.379,4.396,4.246,4.294,51504.9,221438.2293
1790780400000,4.294,4.341,4.225,4.326,19699.5,84584.2431
1790784000000,4.326,4.34,4.288,4.304,10271.8,44317.9736
1790787600000,4.304,4.326,4.047,4.107,113382.5,470170.8116
1790791200000,4.107,4.157,4.047,4.075,85641.0,351348.3158
1790794800000,4.075,4.088,4.023,4.062,28864.4,116967.2112
1790798400000,4.062,4.112,4.022,4.044,24399.1,99274.7337
1790802000000,4.044,4.079,4.026,4.044,28464.9,115274.5095
1790805600000,4.044,4.103,4.02,4.089,25202.5,102108.2823
1790809200000,4.089,4.132,4.087,4.107,38726.9,159265.8452
1790812800000,4.107,4.115,4.084,4.091,18575.2,76083.796
1790816400000,4.091,4.098,4.04,4.04,23716.0,96266.2031
1790820000000,4.04,4.069,4.024,4.068,12644.7,51158.7645
1790823600000,4.068,4.138,4.067,4.133,20931.0,85903.6348
1790827200000,4.133,4.135,4.082,4.098,23318.8,95693.1029
1790830800000,4.098,4.146,4.096,4.136,10944.2,45170.7677
1790834400000,4.136,4.187,4.131,4.152,29867.6,124208.7162
1790838000000,4.152,4.161,4.057,4.085,55995.7,229137.5467
1790841600000,4.085,4.288,4.085,4.276,101899.8,427302.8401
1790845200000,4.276,4.575,4.228,4.545,175887.3,780730.8928
1790848800000,4.545,4.553,4.4,4.409,64272.1,286047.3127
1790852400000,4.409,4.49,4.355,4.469,51531.2,227262.3245
1790856000000,4.469,4.492,4.387,4.41,45327.8,201095.8269
1790859600000,4.41,4.446,4.353,4.426,43725.2,193015.364
1790863200000,4.426,4.43,4.342,4.356,31483.4,138276.6794
1790866800000,4.356,4.402,4.327,4.394,12554.9,54854.447
1790870400000,4.394,4.425,4.316,4.33,27305.6,119377.3677
1790874000000,4.33,4.393,4.321,4.333,28749.1,125372.8416
1790877600000,4.333,4.335,4.226,4.232,53163.4,227271.8461
1790881200000,4.232,4.265,4.183,4.255,26049.8,109990.0345
1790884800000,4.255,4.287,4.241,4.274,13781.7,58817.969
1790888400000,4.274,4.28,4.225,4.244,23090.2,98228.6901
1790892000000,4.244,4.294,4.244,4.287,6051.9,25833.6773
1790895600000,4.287,4.298,4.264,4.294,7256.8,31073.0297
1790899200000,4.294,4.321,4.28,4.293,10729.4,46123.7016
1790902800000,4.293,4.319,4.262,4.302,20678.4,88804.0754
1790906400000,4.302,4.333,4.302,4.321,11714.2,50611.2264
1790910000000,4.321,4.339,4.287,4.296,22441.0,96569.1441
1790913600000,4.296,4.389,4.282,4.385,22497.6,97833.1624
1790917200000,4.385,4.434,4.368,4.424,19350.2,85111.1016
1790920800000,4.424,4.461,4.383,4.416,27986.4,123694.5188
1790924400000,4.416,4.462,4.384,4.4,18423.9,81218.7175
1790928000000,4.4,4.42,4.36,4.365,34979.4,153150.186
1790931600000,4.365,4.386,4.352,4.355,18231.2,79726.4609
1790935200000,4.355,4.371,4.348,4.357,4881.2,21289.3202
1790938800000,4.357,4.37,4.349,4.363,9436.9,41153.666
1790942400000,4.363,4.419,4.34,4.415,21686.1,94907.1979
1790946000000,4.415,4.43,4.352,4.359,20475.9,89828.3179
1790949600000,4.359,4.374,4.302,4.325,16764.4,72695.6739
1790953200000,4.325,4.354,4.292,4.351,12894.6,55752.268
1790956800000,4.351,4.391,4.321,4.328,4659.8,20314.2442
1790960400000,4.328,4.358,4.304,4.326,8883.7,38497.7415
1790964000000,4.326,4.335,4.101,4.17,100431.2,419522.0978
1790967600000,4.17,4.198,4.143,4.169,17031.2,71138.3819
1790971200000,4.169,4.192,4.146,4.146,10080.6,41969.9134
1790974800000,4.146,4.176,4.128,4.175,5553.8,23078.9132
1790978400000,4.175,4.18,4.126,4.179,12959.0,53804.9525
1790982000000,4.179,4.244,4.178,4.24,20049.7,84190.0431
1790985600000,4.24,4.346,4.239,4.32,33451.8,144287.9696
1790989200000,4.32,4.375,4.3,4.37,23774.4,103066.29
1790992800000,4.37,4.384,4.328,4.328,17218.4,74960.2322
1790996400000,4.328,4.366,4.318,4.334,21930.8,95186.1392
1791000000000,4.334,4.34,4.262,4.284,25621.3,110243.8909
1791003600000,4.284,4.289,4.259,4.263,5142.2,21952.4158
1791007200000,4.263,4.266,4.236,4.249,7332.6,31176.0704
1791010800000,4.249,4.259,4.235,4.247,4000.1,16992.4291
1791014400000,4.247,4.707,4.236,4.578,301396.7,1359575.3705
1791018000000,4.578,4.661,4.528,4.633,89399.0,411351.0678
1791021600000,4.633,4.776,4.605,4.75,76614.2,361019.2614
1791025200000,4.75,4.75,4.675,4.679,90917.9,428570.0947
1791028800000,4.679,4.721,4.582,4.605,81979.0,380385.9228
1791032400000,4.605,4.661,4.555,4.573,47488.8,218248.5474
1791036000000,4.573,4.583,4.519,4.526,45550.9,206815.1791
1791039600000,4.526,4.529,4.469,4.474,44293.5,199081.4313
1791043200000,4.474,4.509,4.444,4.467,36835.1,164825.0914
1791046800000,4.467,4.537,4.465,4.521,19506.8,87989.1641
1791050400000,4.521,4.521,4.473,4.5,33996.9,152747.5366
1791054000000,4.5,4.5,4.464,4.495,30415.5,136240.3736
1791057600000,4.495,4.538,4.491,4.504,17329.7,78241.933
1791061200000,4.504,4.511,4.465,4.503,18811.4,84424.7713
1791064800000,4.503,4.513,4.487,4.504,11132.9,50105.6367
1791068400000,4.504,4.523,4.485,4.509,8993.9,40500.3572
1791072000000,4.509,4.548,4.503,4.512,26605.9,120368.3236
1791075600000,4.512,4.522,4.472,4.472,18838.2,84598.22
1791079200000,4.472,4.486,4.441,4.452,51311.0,228527.8992
1791082800000,4.452,4.466,4.442,4.45,12870.7,57317.8036
1791086400000,4.45,4.492,4.434,4.48,17934.0,80187.8565
1791090000000,4.48,4.48,4.44,4.447,35294.4,157476.8092
1791093600000,4.447,4.454,4.415,4.432,19204.5,85101.1051
1791097200000,4.432,4.475,4.428,4.473,21662.7,96399.4678
1791100800000,4.473,4.482,4.431,4.433,16798.8,74885.0615
1791104400000,4.433,4.461,4.424,4.436,8494.7,37741.2222
1791108000000,4.436,4.453,4.424,4.433,6173.7,27414.5345
1791111600000,4.433,4.443,4.383,4.408,86285.9,380021.0653
1791115200000,4.408,4.414,4.389,4.399,9790.2,43079.2275
1791118800000,4.399,4.409,4.387,4.388,6261.5,27539.1416
1791122400000,4.388,4.41,4.371,4.399,15131.8,66403.031
1791126000000,4.399,4.427,4.38,4.386,15033.2,66129.4068
1791129600000,4.386,4.393,4.362,4.378,10766.4,47098.9039
1791133200000,4.378,4.391,4.36,4.368,13325.2,58225.4821
1791136800000,4.368,4.397,4.366,4.391,3928.9,17215.5196
1791140400000,4.391,4.462,4.391,4.446,33185.8,146815.6881
1791144000000,4.446,4.459,4.43,4.441,25219.3,112113.7748
1791147600000,4.441,4.462,4.396,4.398,8395.6,37238.8707
1791151200000,4.398,4.472,4.38,4.467,123233.5,547118.6442
1791154800000,4.467,4.511,4.46,4.501,21745.6,97543.3457
1791158400000,4.501,4.534,4.474,4.508,25568.6,115007.0004
1791162000000,4.508,4.528,4.46,4.471,15472.2,69453.9468
1791165600000,4.471,4.571,4.47,4.513,13219.2,59779.6774
1791169200000,4.513,4.516,4.435,4.444,12443.6,55663.7996
1791172800000,4.444,4.476,4.419,4.464,16104.9,71547.7749
1791176400000,4.464,4.507,4.462,4.47,12024.5,53893.2451
1791180000000,4.47,4.486,4.435,4.477,11029.9,49166.0909
1791183600000,4.477,4.486,4.452,4.453,4873.8,21785.8538
1791187200000,4.453,4.52,4.448,4.49,27748.9,124602.7836
1791190800000,4.49,4.504,4.465,4.465,11035.8,49533.7125
1791194400000,4.465,4.498,4.447,4.463,12977.2,57933.8018
1791198000000,4.463,4.512,4.458,4.492,33608.3,150689.6011
1791201600000,4.492,4.495,4.424,4.431,8618.3,38469.8177
