timestamp,open,high,low,close,volume,turnover
1782169200000,1.7884,1.7976,1.7843,1.7974,100762.1,180424.28055
1782172800000,1.7974,1.8031,1.787,1.8001,120511.4,216492.36799
1782176400000,1.8001,1.8048,1.7877,1.7923,101042.8,181709.29122
1782180000000,1.7923,1.7991,1.7896,1.7897,130485.0,234110.36953
1782183600000,1.7897,1.7923,1.7845,1.786,51194.2,91531.60483
1782187200000,1.786,1.788,1.7775,1.7792,76737.7,136820.8734
1782190800000,1.7792,1.7879,1.7661,1.7771,116906.8,207636.51148
1782194400000,1.7771,1.7807,1.7411,1.7542,392364.6,688191.37417
1782198000000,1.7542,1.7685,1.7529,1.759,128965.9,227275.65153
1782201600000,1.759,1.7649,1.7236,1.7406,469493.5,816403.23374
1782205200000,1.7406,1.7503,1.7406,1.7479,110853.9,193620.01839
1782208800000,1.7479,1.7592,1.7473,1.7554,157972.5,277354.57758
1782212400000,1.7554,1.7704,1.7554,1.7681,117537.7,207333.6176
1782216000000,1.7681,1.7744,1.7532,1.7546,190194.0,335723.56999
1782219600000,1.7546,1.7576,1.7395,1.7548,387248.8,676903.65133
1782223200000,1.7548,1.7577,1.7405,1.7417,81154.8,142115.23669
1782226800000,1.7417,1.7417,1.7164,1.7232,188792.3,326198.47902
1782230400000,1.7232,1.746,1.7224,1.7359,519573.9,902771.06924
1782234000000,1.7359,1.736,1.7183,1.7197,119795.8,206896.83259
1782237600000,1.7197,1.7304,1.7139,1.722,148891.7,256681.13159
1782241200000,1.722,1.7298,1.7137,1.7223,237647.7,408770.50207
1782244800000,1.7223,1.727,1.7183,1.7194,153736.4,264650.73792
1782248400000,1.7194,1.7313,1.7192,1.7284,73833.3,127456.52864
1782252000000,1.7284,1.7309,1.7213,1.7222,80815.1,139566.41239
1782255600000,1.7222,1.7223,1.7134,1.717,82690.7,142009.30626
1782259200000,1.717,1.7229,1.7152,1.7217,153765.2,264356.58291
1782262800000,1.7217,1.7325,1.715,1.7287,115810.8,199623.13376
1782266400000,1.7287,1.7294,1.7149,1.7153,128716.8,221550.9707
1782270000000,1.7153,1.7161,1.6977,1.7012,337007.0,574643.72119
1782273600000,1.7012,1.7052,1.6815,1.7009,378654.7,641960.82105
1782277200000,1.7009,1.7087,1.6915,1.7036,155979.9,265311.58597
1782280800000,1.7036,1.7057,1.6967,1.7001,86154.9,146623.64467
1782284400000,1.7001,1.7031,1.6933,1.6954,145554.5,247138.29798
1782288000000,1.6954,1.696,1.6788,1.6818,156806.0,264642.53443
1782291600000,1.6818,1.6819,1.6649,1.6695,222281.6,371949.45796
1782295200000,1.6695,1.6695,1.6535,1.654,240518.5,399456.07676
1782298800000,1.654,1.6614,1.647,1.6508,367634.2,607736.66061
1782302400000,1.6508,1.6508,1.6387,1.6447,270039.7,444253.31202
1782306000000,1.6447,1.6462,1.6155,1.6438,747155.2,1219970.43983
1782309600000,1.6438,1.6639,1.6384,1.6639,372653.1,616556.64644
1782313200000,1.6639,1.6639,1.626,1.6325,228538.3,375598.82196
1782316800000,1.6325,1.6424,1.6048,1.6155,568831.2,923784.10476
1782320400000,1.6155,1.6278,1.599,1.6056,344792.3,555589.53064
1782324000000,1.6056,1.6347,1.6027,1.6234,207110.7,336220.5537
1782327600000,1.6234,1.636,1.6162,1.6321,148945.3,242198.08735
1782331200000,1.6321,1.6593,1.6297,1.6557,209154.4,344662.26973
1782334800000,1.6557,1.6567,1.6462,1.6554,81848.0,135213.7714
1782338400000,1.6554,1.6636,1.6465,1.6482,93391.3,154468.71728
1782342000000,1.6482,1.6507,1.6441,1.6494,75911.8,125077.94368
1782345600000,1.6494,1.6528,1.6359,1.6378,194163.8,319538.45305
1782349200000,1.6378,1.6418,1.6375,1.6416,82341.0,135020.04805
1782352800000,1.6416,1.6442,1.639,1.6417,32625.8,53556.13722
1782356400000,1.6417,1.6457,1.6378,1.6451,67159.2,110287.43285
1782360000000,1.6451,1.6546,1.6395,1.6533,113857.8,187315.47116
1782363600000,1.6533,1.6764,1.6517,1.6703,137463.0,229104.09682
1782367200000,1.6703,1.6745,1.6651,1.6704,75274.2,125747.94187
1782370800000,1.6704,1.671,1.6537,1.6588,169807.6,282192.38339
1782374400000,1.6588,1.6604,1.6525,1.6534,75242.5,124623.42286
1782378000000,1.6534,1.6574,1.6464,1.6565,121926.8,201306.4465
1782381600000,1.6565,1.6576,1.6293,1.6341,227673.9,373468.13249
1782385200000,1.6341,1.6351,1.6221,1.6236,157739.7,256915.17902
1782388800000,1.6236,1.6276,1.6062,1.6169,316646.6,511400.95212
1782392400000,1.6169,1.6252,1.5453,1.5511,812176.2,1285366.84965
1782396000000,1.5511,1.6031,1.5508,1.5884,456546.0,722403.20709
1782399600000,1.5884,1.6311,1.5862,1.6243,695670.4,1118701.56244
1782403200000,1.6243,1.6306,1.5902,1.594,272285.2,438602.74282
1782406800000,1.594,1.6153,1.5932,1.6139,169565.8,272170.00134
1782410400000,1.6139,1.6188,1.5888,1.5916,115896.5,185846.97893
1782414000000,1.5916,1.5923,1.582,1.5858,103960.0,164905.84051
1782417600000,1.5858,1.5986,1.5816,1.586,170015.3,270260.65576
1782421200000,1.586,1.6059,1.5822,1.6047,97883.5,155739.93699
1782424800000,1.6047,1.6093,1.599,1.6082,105863.6,169873.1075
1782428400000,1.6082,1.6115,1.6042,1.6106,66487.7,106899.50056
1782432000000,1.6106,1.6174,1.6077,1.6134,104978.7,169359.17908
1782435600000,1.6134,1.6161,1.6009,1.6021,91774.9,147413.78312
1782439200000,1.6021,1.6039,1.5711,1.5968,253118.3,401050.48597
1782442800000,1.5968,1.6456,1.5862,1.6449,524947.8,853602.08789
1782446400000,1.6449,1.6453,1.6041,1.6165,311496.7,505551.47996
1782450000000,1.6165,1.6168,1.6043,1.6147,135208.0,217812.35247
1782453600000,1.6147,1.6226,1.6075,1.6218,150381.0,242825.93331
1782457200000,1.6218,1.6285,1.6174,1.6194,95389.5,154946.60831
1782460800000,1.6194,1.6271,1.607,1.6078,137925.6,222889.64892
1782464400000,1.6078,1.6107,1.6018,1.6021,61684.8,99100.70187
1782468000000,1.6021,1.6054,1.5952,1.5965,76700.4,122775.92148
1782471600000,1.5965,1.603,1.5884,1.5993,117440.3,187330.78094
1782475200000,1.5993,1.6042,1.5809,1.5869,144392.6,229904.49876
1782478800000,1.5869,1.6186,1.5826,1.6186,241862.1,386193.48583
1782482400000,1.6186,1.6208,1.5961,1.5961,174573.1,280719.68833
1782486000000,1.5961,1.6098,1.5922,1.5951,218550.2,350204.23268
1782489600000,1.5951,1.6042,1.5836,1.5961,285564.9,455300.5667
1782493200000,1.5961,1.6101,1.5948,1.6093,102811.4,164811.38164
1782496800000,1.6093,1.6209,1.6041,1.6089,141562.9,228373.15189
1782500400000,1.6089,1.6094,1.575,1.5913,412087.0,657245.74009
1782504000000,1.5913,1.6047,1.5863,1.5914,192342.4,306554.02715
1782507600000,1.5914,1.5974,1.5826,1.59,96757.2,153614.6921
1782511200000,1.59,1.5963,1.5849,1.5926,104327.6,165802.0726
1782514800000,1.5926,1.5995,1.5904,1.5935,97657.5,155814.06077
1782518400000,1.5935,1.5947,1.5823,1.585,103676.3,164547.96986
1782522000000,1.585,1.5859,1.5737,1.5771,113397.3,178979.29771
1782525600000,1.5771,1.5934,1.5742,1.5917,134151.5,212508.89745
1782529200000,1.5917,1.5925,1.5803,1.5829,69969.4,110942.75574
1782532800000,1.5829,1.6021,1.582,1.5955,148430.0,236650.79149
1782536400000,1.5955,1.5966,1.5849,1.5925,247793.4,394054.88171
1782540000000,1.5925,1.6036,1.5885,1.5953,170569.0,272039.68307
1782543600000,1.5953,1.5955,1.5897,1.5903,52916.8,84249.77024
1782547200000,1.5903,1.5903,1.583,1.5844,103822.6,164490.78747
1782550800000,1.5844,1.5878,1.573,1.5826,184203.2,291047.28182
1782554400000,1.5826,1.5852,1.5777,1.5838,47023.4,74364.22408
1782558000000,1.5838,1.6069,1.5832,1.6067,117635.0,187600.95563
1782561600000,1.6067,1.614,1.5936,1.5945,212923.3,341451.02025
1782565200000,1.5945,1.6024,1.5929,1.5992,150647.9,240731.22386
1782568800000,1.5992,1.6029,1.5937,1.6022,128748.4,205817.86948
1782572400000,1.6022,1.615,1.5994,1.6074,183005.4,294300.88728
1782576000000,1.6074,1.6118,1.5995,1.6009,247680.1,397126.8614
1782579600000,1.6009,1.6026,1.5928,1.595,113721.9,181565.75745
1782583200000,1.595,1.597,1.5741,1.5832,179989.3,284719.83503
1782586800000,1.5832,1.5846,1.5593,1.5691,241941.1,379246.11629
1782590400000,1.5691,1.5779,1.5678,1.5705,108309.5,170307.10644
1782594000000,1.5705,1.5732,1.5573,1.5676,146119.2,228733.94885
1782597600000,1.5676,1.571,1.5551,1.5696,85587.8,133853.23005
1782601200000,1.5696,1.5795,1.5633,1.5781,197232.7,309431.07676
1782604800000,1.5781,1.5814,1.5706,1.574,138297.1,217804.663
1782608400000,1.574,1.5745,1.5651,1.5681,36704.0,57632.38677
1782612000000,1.5681,1.5724,1.5669,1.569,28058.6,44049.89928
1782615600000,1.569,1.5744,1.5684,1.5731,24178.7,37999.63904
1782619200000,1.5731,1.5733,1.562,1.5632,46688.1,73227.36489
1782622800000,1.5632,1.5662,1.5503,1.5644,188738.9,294175.44427
1782626400000,1.5644,1.5644,1.5548,1.5591,81437.7,126923.36317
1782630000000,1.5591,1.5782,1.558,1.5659,166042.3,260518.07941
1782633600000,1.5659,1.5763,1.5601,1.5735,113118.2,177327.71019
1782637200000,1.5735,1.5777,1.5681,1.5687,99741.6,156875.04867
1782640800000,1.5687,1.5737,1.5636,1.5655,94543.1,148325.71215
1782644400000,1.5655,1.5785,1.5648,1.5768,68763.8,108175.43061
1782648000000,1.5768,1.5819,1.5728,1.5766,43307.2,68267.44417
1782651600000,1.5766,1.5766,1.5637,1.5651,93543.8,146780.26437
1782655200000,1.5651,1.5785,1.5641,1.575,50164.1,78943.70136
1782658800000,1.575,1.5776,1.5681,1.5714,53635.2,84388.41068
1782662400000,1.5714,1.5745,1.5679,1.5735,75831.8,119122.12196
1782666000000,1.5735,1.5805,1.5668,1.5708,165575.4,260241.31064
1782669600000,1.5708,1.5745,1.5656,1.5708,51669.6,81068.23446
1782673200000,1.5708,1.5732,1.5639,1.5668,112765.6,176820.28948
1782676800000,1.5668,1.5779,1.566,1.5755,94451.1,148673.38107
1782680400000,1.5755,1.5782,1.5516,1.5578,138193.1,216237.90877
1782684000000,1.5578,1.5732,1.5526,1.5619,130460.4,203953.40558
1782687600000,1.5619,1.576,1.5588,1.5708,118438.3,185736.94693
1782691200000,1.5708,1.5803,1.5636,1.5802,110173.7,172961.07593
1782694800000,1.5802,1.5809,1.5625,1.5731,226651.0,355565.81689
1782698400000,1.5731,1.5798,1.5597,1.5783,103262.5,162270.99411
1782702000000,1.5783,1.5934,1.5776,1.5886,207465.0,329304.10474
1782705600000,1.5886,1.5895,1.5716,1.5731,111429.0,176156.27483
1782709200000,1.5731,1.5782,1.565,1.5781,96340.0,151375.52818
1782712800000,1.5781,1.5822,1.5769,1.577,62133.4,98107.62079
1782716400000,1.577,1.5814,1.5705,1.5722,67726.7,106662.70079
1782720000000,1.5722,1.5762,1.5636,1.566,88259.3,138566.67184
1782723600000,1.566,1.5743,1.5649,1.5703,59389.2,93276.74404
1782727200000,1.5703,1.5754,1.5607,1.5641,108799.5,170564.11755
1782730800000,1.5641,1.5691,1.5551,1.5589,128446.8,200560.126
1782734400000,1.5589,1.5738,1.5535,1.5593,387567.6,604860.29459
1782738000000,1.5593,1.5743,1.5287,1.5379,911882.1,1415181.00757
1782741600000,1.5379,1.5447,1.5256,1.5447,253483.7,388910.36135
1782745200000,1.5447,1.5461,1.5341,1.5375,200984.8,309451.59101
1782748800000,1.5375,1.5382,1.5163,1.5243,434473.6,663862.30152
1782752400000,1.5243,1.5447,1.5241,1.5256,390770.0,599217.75064
1782756000000,1.5256,1.5397,1.5228,1.5354,237068.3,363460.80354
1782759600000,1.5354,1.5565,1.5302,1.5358,290030.8,447081.53362
1782763200000,1.5358,1.5366,1.5288,1.5303,79580.7,122035.31353
1782766800000,1.5303,1.5408,1.5288,1.5387,64931.4,99591.37874
1782770400000,1.5387,1.5413,1.5199,1.5207,92909.5,142010.30783
1782774000000,1.5207,1.5337,1.5175,1.5333,212961.9,325194.58937
1782777600000,1.5333,1.5337,1.5052,1.516,362273.3,549276.5471
1782781200000,1.516,1.5174,1.508,1.515,85866.1,129903.45245
1782784800000,1.515,1.5189,1.5093,1.5183,76920.7,116444.08016
1782788400000,1.5183,1.523,1.5143,1.5201,87721.3,133315.88141
1782792000000,1.5201,1.5283,1.5145,1.5218,77243.5,117583.07906
1782795600000,1.5218,1.5219,1.5126,1.5184,77224.7,117120.81666
1782799200000,1.5184,1.5187,1.5138,1.5153,54940.9,83271.63742
1782802800000,1.5153,1.5171,1.5081,1.5114,131387.9,198630.43622
1782806400000,1.5114,1.5161,1.4989,1.5145,222448.0,335624.23975
1782810000000,1.5145,1.5168,1.5054,1.5131,97064.5,146777.53185
1782813600000,1.5131,1.5235,1.5129,1.5211,106941.2,162336.72193
1782817200000,1.5211,1.5248,1.5024,1.5084,157170.3,237835.16999
1782820800000,1.5084,1.5111,1.4998,1.5036,333911.6,502555.08363
1782824400000,1.5036,1.5378,1.5026,1.5372,483612.2,733599.69885
1782828000000,1.5372,1.5394,1.5169,1.5226,253474.9,387572.34525
1782831600000,1.5226,1.5353,1.5178,1.5269,137560.4,209814.57098
1782835200000,1.5269,1.5302,1.5046,1.5103,242575.1,367234.81462
1782838800000,1.5103,1.5148,1.5068,1.5081,116817.0,176490.89873
1782842400000,1.5081,1.5152,1.5044,1.5071,144765.8,218348.47482
1782846000000,1.5071,1.5122,1.5014,1.5047,167053.8,251748.41225
1782849600000,1.5047,1.507,1.5015,1.5038,115991.9,174472.00129
1782853200000,1.5038,1.5103,1.4954,1.5099,158129.3,237557.88993
1782856800000,1.5099,1.514,1.503,1.5068,62330.5,94019.34258
1782860400000,1.5068,1.5126,1.5043,1.5114,64808.5,97744.22085
1782864000000,1.5114,1.5145,1.5058,1.5109,102834.8,155361.9341
1782867600000,1.5109,1.5147,1.4795,1.5119,545512.7,814649.43844
1782871200000,1.5119,1.5251,1.5103,1.5231,114564.1,174117.79992
1782874800000,1.5231,1.5323,1.521,1.5317,179546.7,274154.32669
1782878400000,1.5317,1.532,1.5265,1.5312,59808.1,91482.18629
1782882000000,1.5312,1.5312,1.513,1.5147,120509.7,183365.35938
1782885600000,1.5147,1.518,1.5043,1.5066,117514.2,177511.57552
1782889200000,1.5066,1.5107,1.5034,1.5096,85645.0,129123.31957
1782892800000,1.5096,1.512,1.5033,1.5083,91970.4,138671.89215
1782896400000,1.5083,1.5123,1.5057,1.5087,68478.1,103353.08153
1782900000000,1.5087,1.5108,1.5018,1.5042,56397.5,84938.66298
1782903600000,1.5042,1.5263,1.5035,1.5142,191603.8,290121.57412
1782907200000,1.5142,1.5185,1.5059,1.5119,142573.8,215691.0477
1782910800000,1.5119,1.5203,1.494,1.5197,180370.9,271689.22833
1782914400000,1.5197,1.5424,1.515,1.5319,265619.0,406570.11799
1782918000000,1.5319,1.5584,1.5313,1.5524,406551.7,629804.7434
1782921600000,1.5524,1.5705,1.5428,1.5439,350309.6,545124.26176
1782925200000,1.5439,1.5558,1.5415,1.5534,141211.2,218726.75944
1782928800000,1.5534,1.5585,1.5499,1.5528,152698.1,237274.95262
1782932400000,1.5528,1.5567,1.5432,1.5441,119655.9,185358.44896
1782936000000,1.5441,1.5484,1.5391,1.546,107986.8,166850.77674
1782939600000,1.546,1.5598,1.5458,1.5573,134359.6,208681.42688
1782943200000,1.5573,1.5642,1.5424,1.5445,171605.7,267060.04034
1782946800000,1.5445,1.5445,1.5345,1.5381,154930.4,238274.58232
1782950400000,1.5381,1.5477,1.5353,1.5477,116753.5,180044.74402
1782954000000,1.5477,1.5584,1.5459,1.5524,153419.3,238152.94913
1782957600000,1.5524,1.5596,1.55,1.5563,67324.2,104634.22317
1782961200000,1.5563,1.569,1.5537,1.569,210257.2,328596.69374
1782964800000,1.569,1.5797,1.5547,1.5568,169616.1,265376.26949
1782968400000,1.5568,1.5575,1.5442,1.546,125294.1,194215.10886
1782972000000,1.546,1.5482,1.5395,1.5397,169440.9,261486.83276
1782975600000,1.5397,1.5441,1.5361,1.5418,105139.2,161881.12389
1782979200000,1.5418,1.547,1.5406,1.5447,94972.6,146560.67599
1782982800000,1.5447,1.5552,1.5406,1.5513,111813.2,173097.05817
1782986400000,1.5513,1.5576,1.5479,1.5547,150602.2,233894.2985
1782990000000,1.5547,1.5585,1.5479,1.5518,83941.7,130334.55101
1782993600000,1.5518,1.5618,1.5484,1.5574,116512.5,181458.23491
1782997200000,1.5574,1.5731,1.5549,1.5686,239195.0,374146.41748
1783000800000,1.5686,1.5722,1.5497,1.5521,240270.9,374587.10513
1783004400000,1.5521,1.5532,1.5398,1.5425,168083.4,259584.67991
1783008000000,1.5425,1.5511,1.5375,1.5455,256242.0,395817.35121
1783011600000,1.5455,1.5487,1.5407,1.5407,76806.0,118696.77875
1783015200000,1.5407,1.551,1.5407,1.5463,114634.5,177385.82439
1783018800000,1.5463,1.5518,1.5425,1.5514,75932.6,117431.86277
1783022400000,1.5514,1.5519,1.5439,1.5479,50434.6,78072.82088
1783026000000,1.5479,1.5518,1.5439,1.5484,69377.4,107351.99992
1783029600000,1.5484,1.5529,1.5458,1.5504,57280.4,88716.5794
1783033200000,1.5504,1.5589,1.5481,1.557,90634.0,140789.70947
1783036800000,1.557,1.5622,1.5562,1.5602,83527.8,130306.51838
1783040400000,1.5602,1.5715,1.5595,1.5705,92685.8,145226.54711
1783044000000,1.5705,1.571,1.5598,1.5621,73953.6,115816.19654
1783047600000,1.5621,1.5638,1.5533,1.5624,142473.0,222103.76813
1783051200000,1.5624,1.5629,1.5496,1.5512,149920.9,232973.26192
1783054800000,1.5512,1.5635,1.5503,1.5605,63961.4,99702.85135
1783058400000,1.5605,1.5918,1.5599,1.5793,414705.4,655028.06512
1783062000000,1.5793,1.5832,1.5731,1.5774,91222.1,144024.03221
1783065600000,1.5774,1.587,1.575,1.5766,138392.4,218801.64336
1783069200000,1.5766,1.5985,1.5737,1.5951,330709.5,525143.10887
1783072800000,1.5951,1.5975,1.5858,1.5883,281355.7,447937.77272
1783076400000,1.5883,1.6046,1.5852,1.5893,378102.3,602753.90357
1783080000000,1.5893,1.5955,1.5858,1.5937,165972.3,263927.78045
1783083600000,1.5937,1.6011,1.5908,1.5918,166029.5,264807.47862
1783087200000,1.5918,1.5954,1.5765,1.5954,283638.6,449185.32075
1783090800000,1.5954,1.604,1.593,1.6017,320088.8,511987.0789
1783094400000,1.6017,1.605,1.5941,1.5977,141911.5,227118.33096
1783098000000,1.5977,1.601,1.5942,1.5957,98564.0,157451.52833
1783101600000,1.5957,1.601,1.5907,1.5985,71004.6,113292.73695
1783105200000,1.5985,1.609,1.5969,1.6002,123203.5,197483.05727
1783108800000,1.6002,1.6114,1.5966,1.6067,169264.8,271645.84036
1783112400000,1.6067,1.6077,1.5941,1.6021,162650.6,260376.47078
1783116000000,1.6021,1.6021,1.5925,1.6005,67266.0,107394.66636
1783119600000,1.6005,1.6014,1.5927,1.5944,52088.6,83171.44594
1783123200000,1.5944,1.6031,1.5928,1.5979,83721.3,133789.9207
1783126800000,1.5979,1.5979,1.5856,1.5887,104823.8,166801.80956
1783130400000,1.5887,1.605,1.587,1.6043,93615.3,149630.99189
1783134000000,1.6043,1.6113,1.5991,1.6077,98104.8,157543.12273
1783137600000,1.6077,1.6083,1.5929,1.5942,83504.8,133428.40556
1783141200000,1.5942,1.5942,1.5861,1.5862,83449.4,132661.94808
1783144800000,1.5862,1.5895,1.5825,1.5857,75502.1,119716.82655
1783148400000,1.5857,1.5908,1.5789,1.5812,123141.7,195321.60988
1783152000000,1.5812,1.5851,1.5776,1.5809,115597.2,182809.25285
1783155600000,1.5809,1.5851,1.5773,1.5823,78598.1,124277.54136
1783159200000,1.5823,1.5867,1.5776,1.5844,71787.9,113534.34317
1783162800000,1.5844,1.5986,1.5837,1.5933,63181.1,100573.63849
1783166400000,1.5933,1.5965,1.5912,1.5928,38662.0,61613.81393
1783170000000,1.5928,1.5943,1.5855,1.5893,55809.8,88764.30443
1783173600000,1.5893,1.5945,1.5874,1.5909,56947.0,90595.9185
1783177200000,1.5909,1.6028,1.5906,1.5977,88086.6,140627.68858
1783180800000,1.5977,1.6025,1.5894,1.5906,101721.4,162452.43323
1783184400000,1.5906,1.6048,1.5863,1.6045,110504.4,176408.84474
1783188000000,1.6045,1.6052,1.5995,1.6021,67694.8,108453.74912
1783191600000,1.6021,1.6083,1.598,1.602,106833.3,171271.2003
1783195200000,1.602,1.6034,1.5935,1.5953,235942.9,376864.66189
1783198800000,1.5953,1.6014,1.5933,1.5943,54466.0,86944.01836
1783202400000,1.5943,1.5969,1.5925,1.5968,29792.0,47492.69165
1783206000000,1.5968,1.5972,1.5837,1.591,103828.0,165152.12028
1783209600000,1.591,1.5918,1.5759,1.5802,185380.6,293219.85325
1783213200000,1.5802,1.5822,1.5709,1.5744,113585.9,178996.13139
1783216800000,1.5744,1.5746,1.5649,1.5677,96542.4,151582.69617
1783220400000,1.5677,1.573,1.5593,1.5615,62704.0,98184.86858
1783224000000,1.5615,1.5656,1.552,1.5585,502948.6,784105.85256
1783227600000,1.5585,1.559,1.5532,1.5558,170221.4,265043.06287
1783231200000,1.5558,1.5562,1.5437,1.5553,221213.5,342905.8301
1783234800000,1.5553,1.559,1.5494,1.5573,69399.9,107895.37742
1783238400000,1.5573,1.5587,1.5463,1.5502,190888.1,296379.92037
1783242000000,1.5502,1.5542,1.5409,1.5442,132594.1,205180.00429
1783245600000,1.5442,1.5562,1.5388,1.556,254576.7,394611.34342
1783249200000,1.556,1.5568,1.5476,1.5477,75608.3,117336.35704
1783252800000,1.5477,1.5574,1.5417,1.5574,165878.6,257301.04779
1783256400000,1.5574,1.5574,1.551,1.5539,79833.0,124073.63945
1783260000000,1.5539,1.5582,1.5521,1.5582,89024.9,138375.76046
1783263600000,1.5582,1.5632,1.5554,1.5592,68856.5,107402.30292
1783267200000,1.5592,1.5623,1.5571,1.5602,105045.2,163840.59482
1783270800000,1.5602,1.5636,1.555,1.5563,39854.1,62121.24491
1783274400000,1.5563,1.5706,1.5555,1.5665,93708.5,146389.25837
1783278000000,1.5665,1.5762,1.5648,1.5693,81091.9,127355.58905
1783281600000,1.5693,1.5754,1.5673,1.5724,67698.4,106430.9646
1783285200000,1.5724,1.5857,1.5693,1.5837,128736.5,203008.60362
1783288800000,1.5837,1.5988,1.5814,1.5919,111122.2,176874.24283
1783292400000,1.5919,1.5972,1.5887,1.5953,109075.0,173685.67771
1783296000000,1.5953,1.5959,1.5809,1.5885,199540.7,316866.79625
1783299600000,1.5885,1.5963,1.5849,1.5853,69005.2,109803.74547
1783303200000,1.5853,1.5934,1.5831,1.5896,71748.5,114030.69123
1783306800000,1.5896,1.5922,1.5783,1.5816,88862.9,140740.72382
1783310400000,1.5816,1.5822,1.5736,1.5747,106133.6,167439.72894
1783314000000,1.5747,1.5776,1.5624,1.5699,261911.2,410589.77353
1783317600000,1.5699,1.5786,1.5672,1.5751,208375.6,327918.05911
1783321200000,1.5751,1.6088,1.5748,1.6045,380073.4,606586.11874
1783324800000,1.6045,1.6049,1.5821,1.5897,242391.0,385735.48162
1783328400000,1.5897,1.5897,1.5747,1.5797,223062.1,352655.8353
1783332000000,1.5797,1.589,1.5782,1.5847,115403.3,182755.01823
1783335600000,1.5847,1.5873,1.5678,1.5687,154483.7,243966.16869
1783339200000,1.5687,1.5687,1.5414,1.5536,462245.3,717951.71221
1783342800000,1.5536,1.5768,1.5505,1.5723,291106.7,455021.77406
1783346400000,1.5723,1.5807,1.5707,1.5732,155593.8,245032.48653
1783350000000,1.5732,1.5828,1.5676,1.5813,225578.1,355458.15027
1783353600000,1.5813,1.5942,1.5804,1.5902,176920.5,280906.78369
1783357200000,1.5902,1.597,1.5879,1.5908,100986.0,160859.93662
1783360800000,1.5908,1.6001,1.5903,1.5949,96665.1,154262.11356
1783364400000,1.5949,1.6067,1.5928,1.5936,132881.9,212737.54351
1783368000000,1.5936,1.6061,1.5917,1.6044,88104.3,140937.22972
1783371600000,1.6044,1.6279,1.6044,1.6225,321366.5,519783.99625
1783375200000,1.6225,1.6231,1.6024,1.6036,157945.5,254296.73354
1783378800000,1.6036,1.6059,1.5948,1.5994,182990.1,292507.75417
1783382400000,1.5994,1.6092,1.5973,1.6034,214701.0,344356.63691
1783386000000,1.6034,1.6034,1.5893,1.5986,115894.5,184930.05526
1783389600000,1.5986,1.6031,1.59,1.5926,96168.8,153545.77391
1783393200000,1.5926,1.5988,1.5903,1.5957,100033.9,159471.1019
1783396800000,1.5957,1.5988,1.5888,1.5906,63697.1,101495.63656
1783400400000,1.5906,1.592,1.5759,1.5899,259200.0,410153.73415
1783404000000,1.5899,1.5955,1.5854,1.5914,73411.7,116808.15781
1783407600000,1.5914,1.5937,1.5824,1.5833,98057.3,155775.82287
1783411200000,1.5833,1.5878,1.5794,1.586,127958.1,202601.82027
1783414800000,1.586,1.5898,1.5834,1.5872,59461.6,94367.48
1783418400000,1.5872,1.5997,1.5791,1.5835,227617.7,362237.79965
1783422000000,1.5835,1.5962,1.5802,1.5891,179790.0,285962.46858
1783425600000,1.5891,1.5968,1.5851,1.5858,128617.5,204544.15966
1783429200000,1.5858,1.5913,1.5779,1.5858,237966.8,376728.13338
1783432800000,1.5858,1.5958,1.5729,1.5946,290523.2,459926.10741
1783436400000,1.5946,1.6055,1.5928,1.6002,190140.3,304122.11912
1783440000000,1.6002,1.6068,1.5927,1.6024,141673.1,226598.65698
1783443600000,1.6024,1.6068,1.5954,1.6041,167700.9,268701.75266
1783447200000,1.6041,1.6071,1.5845,1.585,259988.0,415105.67401
1783450800000,1.585,1.5904,1.5775,1.5904,117189.4,185494.23277
1783454400000,1.5904,1.5916,1.5799,1.5825,42086.9,66742.8962
1783458000000,1.5825,1.5846,1.57,1.5709,157239.7,248074.99659
1783461600000,1.5709,1.5742,1.557,1.5713,720177.3,1129470.29716
1783465200000,1.5713,1.5759,1.5691,1.5711,133572.5,210006.89607
1783468800000,1.5711,1.581,1.5651,1.5799,133871.7,210499.01824
1783472400000,1.5799,1.5822,1.5577,1.5687,170263.6,267167.88274
1783476000000,1.5687,1.5704,1.5547,1.5677,226037.5,353160.72353
1783479600000,1.5677,1.5771,1.5609,1.5609,112720.6,177071.30857
1783483200000,1.5609,1.567,1.5571,1.5648,94270.7,147171.0733
1783486800000,1.5648,1.5702,1.5624,1.5688,80749.4,126477.69779
1783490400000,1.5688,1.5719,1.5597,1.5639,154380.3,241848.96634
1783494000000,1.5639,1.5716,1.5523,1.5625,158643.8,247517.40623
1783497600000,1.5625,1.5664,1.5363,1.5437,430010.5,665427.39747
1783501200000,1.5437,1.5453,1.5269,1.5275,392121.9,601615.33076
1783504800000,1.5275,1.542,1.5262,1.5393,203147.0,311556.49926
1783508400000,1.5393,1.5539,1.5322,1.5526,338595.0,522168.39915
1783512000000,1.5526,1.5711,1.548,1.5548,274701.5,428242.78521
1783515600000,1.5548,1.5709,1.5504,1.5595,236726.4,369323.45232
1783519200000,1.5595,1.5644,1.553,1.5598,103264.4,161023.9039
1783522800000,1.5598,1.5601,1.5435,1.5457,110857.5,171868.56418
1783526400000,1.5457,1.5599,1.5451,1.5582,106511.8,165247.62706
1783530000000,1.5582,1.5651,1.5561,1.5561,80630.0,125856.55436
1783533600000,1.5561,1.5606,1.5489,1.5564,52508.1,81630.71853
1783537200000,1.5564,1.5573,1.553,1.5568,57318.0,89155.03437
1783540800000,1.5568,1.5603,1.5517,1.5524,50823.1,79045.26499
1783544400000,1.5524,1.5578,1.5405,1.5552,90431.6,140052.10855
1783548000000,1.5552,1.5675,1.5524,1.5579,164038.0,255644.86999
1783551600000,1.5579,1.5639,1.5569,1.5639,101703.0,158620.01877
1783555200000,1.5639,1.5781,1.5607,1.5648,255219.9,400306.74376
1783558800000,1.5648,1.578,1.5592,1.5626,182858.8,286688.84878
1783562400000,1.5626,1.5714,1.5585,1.5599,64079.1,100248.33298
1783566000000,1.5599,1.5657,1.556,1.563,90135.1,140662.34535
1783569600000,1.563,1.5728,1.563,1.5719,92259.8,144715.38171
1783573200000,1.5719,1.5812,1.5671,1.5755,128107.9,201310.07468
1783576800000,1.5755,1.5808,1.5745,1.5746,93067.3,146823.55857
1783580400000,1.5746,1.5781,1.5646,1.5695,118807.3,186665.5169
1783584000000,1.5695,1.5839,1.5671,1.5704,324844.4,511311.38522
1783587600000,1.5704,1.5728,1.5614,1.5672,160607.6,251632.01332
1783591200000,1.5672,1.5679,1.561,1.5629,68352.8,106948.09372
1783594800000,1.5629,1.5654,1.558,1.5627,104858.9,163668.5829
1783598400000,1.5627,1.5663,1.5577,1.5621,158507.5,247818.08387
1783602000000,1.5621,1.5683,1.558,1.5667,107584.3,168256.88081
1783605600000,1.5667,1.5688,1.5507,1.5528,120781.3,188010.21426
1783609200000,1.5528,1.5586,1.547,1.547,86334.3,133964.05728
1783612800000,1.547,1.5505,1.5431,1.545,146197.8,226249.94493
1783616400000,1.545,1.5536,1.545,1.5516,150638.3,233370.61556
1783620000000,1.5516,1.5588,1.5487,1.5522,161043.1,250225.78561
1783623600000,1.5522,1.5568,1.5494,1.5507,104195.6,161736.33584
1783627200000,1.5507,1.5617,1.5493,1.5617,99116.1,154006.25133
1783630800000,1.5617,1.5682,1.5467,1.5496,142647.4,222124.27592
1783634400000,1.5496,1.5534,1.5478,1.5493,84430.8,130925.66947
1783638000000,1.5493,1.5539,1.5451,1.5494,157761.4,244254.73385
1783641600000,1.5494,1.5508,1.5415,1.5497,84873.8,131152.35869
1783645200000,1.5497,1.5734,1.5478,1.567,242375.3,378624.00215
1783648800000,1.567,1.5703,1.5624,1.5652,97622.2,152915.38295
1783652400000,1.5652,1.5653,1.5585,1.563,55038.1,85970.28328
1783656000000,1.563,1.5666,1.5586,1.565,81245.3,127030.07721
1783659600000,1.565,1.5667,1.5623,1.5654,75509.1,118155.0862
1783663200000,1.5654,1.5662,1.5589,1.5591,43172.8,67455.29074
1783666800000,1.5591,1.561,1.5558,1.559,81301.9,126708.76626
1783670400000,1.559,1.5771,1.5589,1.5758,152197.6,238982.02694
1783674000000,1.5758,1.5884,1.5678,1.5864,303167.7,479015.10801
1783677600000,1.5864,1.5898,1.5812,1.5886,222560.5,352857.59731
1783681200000,1.5886,1.5912,1.5754,1.5821,113156.6,178932.82383
1783684800000,1.5821,1.5833,1.5748,1.5751,96989.8,153146.5597
1783688400000,1.5751,1.5819,1.5721,1.5795,53541.3,84350.00661
1783692000000,1.5795,1.5823,1.5564,1.5694,258473.9,405247.77533
1783695600000,1.5694,1.5791,1.5688,1.5786,70580.1,111193.98238
1783699200000,1.5786,1.5832,1.5748,1.5827,81177.7,128199.444
1783702800000,1.5827,1.5853,1.5728,1.5743,81220.1,128264.41765
1783706400000,1.5743,1.5901,1.5737,1.5803,144791.3,229243.89315
1783710000000,1.5803,1.5897,1.5796,1.5871,58875.6,93425.11448
1783713600000,1.5871,1.5913,1.5845,1.5852,93335.2,148276.75765
1783717200000,1.5852,1.5933,1.5852,1.5868,38312.7,60934.06646
1783720800000,1.5868,1.5929,1.5837,1.585,63307.1,100548.81467
1783724400000,1.585,1.5866,1.5795,1.5866,127302.7,201543.8244
1783728000000,1.5866,1.6088,1.5861,1.607,187173.7,299384.57074
1783731600000,1.607,1.6111,1.5947,1.5998,166309.6,266372.02199
1783735200000,1.5998,1.6071,1.5987,1.6013,121701.9,194999.69734
1783738800000,1.6013,1.6019,1.5952,1.6015,41027.5,65567.34861
1783742400000,1.6015,1.602,1.5911,1.5922,86035.1,137351.66359
1783746000000,1.5922,1.6006,1.5876,1.5921,95020.2,151270.44979
1783749600000,1.5921,1.595,1.5856,1.5856,114694.2,182532.83816
1783753200000,1.5856,1.5887,1.5828,1.5875,31083.2,49303.45755
1783756800000,1.5875,1.5902,1.5867,1.5897,35213.1,55934.78276
1783760400000,1.5897,1.5935,1.5886,1.5886,33866.0,53894.95909
1783764000000,1.5886,1.5934,1.5876,1.5903,55635.2,88476.22514
1783767600000,1.5903,1.5974,1.5894,1.5952,32311.6,51509.53867
1783771200000,1.5952,1.6031,1.5929,1.601,117044.9,187080.95717
1783774800000,1.601,1.602,1.5951,1.596,67334.2,107670.04871
1783778400000,1.596,1.599,1.5911,1.5924,124232.1,198101.62279
1783782000000,1.5924,1.5968,1.5871,1.5911,136638.0,217327.78796
1783785600000,1.5911,1.6014,1.59,1.598,114563.2,182793.54024
1783789200000,1.598,1.6016,1.595,1.5997,112294.4,179535.9986
1783792800000,1.5997,1.6035,1.5992,1.6025,27605.7,44202.34304
1783796400000,1.6025,1.6054,1.5995,1.605,35709.2,57232.68184
1783800000000,1.605,1.6068,1.5994,1.6028,54282.8,86952.66789
1783803600000,1.6028,1.6069,1.5956,1.5997,61108.9,97892.27396
1783807200000,1.5997,1.5999,1.5859,1.5895,119581.2,190180.29969
1783810800000,1.5895,1.5917,1.5753,1.5787,185965.7,294042.07272
1783814400000,1.5787,1.5787,1.5652,1.5713,179665.9,282301.32058
1783818000000,1.5713,1.5849,1.5707,1.5823,169138.8,267349.10216
1783821600000,1.5823,1.5832,1.5748,1.5759,67026.0,105824.53072
1783825200000,1.5759,1.5826,1.5729,1.5789,38444.3,60689.02085
1783828800000,1.5789,1.5839,1.5689,1.5703,83158.3,130993.08174
1783832400000,1.5703,1.5785,1.5689,1.5749,62501.4,98277.63996
1783836000000,1.5749,1.5749,1.566,1.5677,100867.6,158284.30913
1783839600000,1.5677,1.572,1.5541,1.5613,298735.9,466643.6973
1783843200000,1.5613,1.5618,1.5534,1.5598,117513.2,183059.32179
1783846800000,1.5598,1.5622,1.5554,1.5586,85635.8,133514.80592
1783850400000,1.5586,1.5626,1.5565,1.562,71466.4,111442.52705
1783854000000,1.562,1.568,1.5595,1.5649,90533.6,141614.29497
1783857600000,1.5649,1.5716,1.5649,1.5715,103327.4,162134.55132
1783861200000,1.5715,1.5741,1.5673,1.5676,56893.0,89417.15395
1783864800000,1.5676,1.5874,1.5592,1.587,180252.7,283245.2241
1783868400000,1.587,1.589,1.5813,1.586,183663.6,291035.33022
1783872000000,1.586,1.5881,1.5833,1.584,51393.7,81496.57971
1783875600000,1.584,1.5896,1.5758,1.5806,74809.2,118345.03738
1783879200000,1.5806,1.5857,1.5759,1.5857,126528.6,200057.02532
1783882800000,1.5857,1.5879,1.58,1.5839,31715.8,50256.98694
1783886400000,1.5839,1.5855,1.579,1.5808,55797.6,88263.87603
1783890000000,1.5808,1.5824,1.5724,1.5771,83591.3,131846.24671
1783893600000,1.5771,1.5771,1.5563,1.5632,204620.5,320302.09568
1783897200000,1.5632,1.5659,1.5596,1.5653,81707.9,127625.71994
1783900800000,1.5653,1.5824,1.5599,1.5696,182767.7,287020.97498
1783904400000,1.5696,1.571,1.546,1.5469,225989.0,352065.90026
1783908000000,1.5469,1.5501,1.5363,1.549,274400.5,423834.65536
1783911600000,1.549,1.549,1.5307,1.5381,194523.8,299277.63275
1783915200000,1.5381,1.5423,1.5357,1.5361,103057.1,158577.98459
1783918800000,1.5361,1.5457,1.5317,1.5455,102723.3,158188.61683
1783922400000,1.5455,1.5482,1.5365,1.5415,164284.7,253225.35558
1783926000000,1.5415,1.5477,1.5392,1.5463,100567.1,155224.59665
1783929600000,1.5463,1.5471,1.5409,1.5454,86896.8,134213.10291
1783933200000,1.5454,1.5578,1.5426,1.5427,180952.1,280134.01624
1783936800000,1.5427,1.5471,1.5414,1.5461,169236.1,261310.29886
1783940400000,1.5461,1.5497,1.5434,1.5442,87957.9,136010.96129
1783944000000,1.5442,1.5452,1.5352,1.5403,237433.0,365730.74642
1783947600000,1.5403,1.5404,1.5323,1.538,211786.6,325314.76882
1783951200000,1.538,1.549,1.5296,1.5483,313506.0,481885.8522
1783954800000,1.5483,1.5515,1.5448,1.5481,97868.5,151533.88589
1783958400000,1.5481,1.5516,1.5403,1.5407,123216.4,190339.20912
1783962000000,1.5407,1.5426,1.5273,1.5281,111312.0,170780.35341
1783965600000,1.5281,1.5365,1.5277,1.533,101031.1,154917.51858
1783969200000,1.533,1.5431,1.533,1.5423,86306.2,132778.24389
1783972800000,1.5423,1.5437,1.5353,1.54,97229.2,149651.92691
1783976400000,1.54,1.54,1.515,1.5294,252587.2,385406.43639
1783980000000,1.5294,1.5362,1.5292,1.5305,162631.8,249230.08367
1783983600000,1.5305,1.5378,1.527,1.5378,148942.3,228168.30457
1783987200000,1.5378,1.5426,1.5349,1.5373,120263.4,185047.9209
1783990800000,1.5373,1.5425,1.5347,1.5363,54995.7,84578.90256
1783994400000,1.5363,1.5363,1.5255,1.5259,84026.4,128549.72137
1783998000000,1.5259,1.5259,1.5137,1.517,181597.9,275661.76841
1784001600000,1.517,1.5266,1.5149,1.5248,107441.4,163474.93165
1784005200000,1.5248,1.5366,1.5246,1.5366,144773.3,221650.33447
1784008800000,1.5366,1.538,1.5331,1.5354,89859.2,137996.08945
1784012400000,1.5354,1.5354,1.5257,1.5257,51435.9,78714.72495
1784016000000,1.5257,1.5413,1.5199,1.5238,246273.1,376041.61142
1784019600000,1.5238,1.527,1.5179,1.5191,183642.5,279613.7896
1784023200000,1.5191,1.5262,1.5179,1.5259,78706.4,119714.73811
1784026800000,1.5259,1.5358,1.5238,1.5312,112937.8,172704.77907
1784030400000,1.5312,1.5461,1.5276,1.5441,338510.3,520579.25129
1784034000000,1.5441,1.5598,1.5426,1.5462,268703.1,416677.7931
1784037600000,1.5462,1.5627,1.5413,1.5616,223593.7,346707.12506
1784041200000,1.5616,1.5657,1.5538,1.5556,297171.3,462803.74865
1784044800000,1.5556,1.5575,1.5508,1.5514,151245.4,235058.19956
1784048400000,1.5514,1.5627,1.5502,1.5595,146276.0,227546.27078
1784052000000,1.5595,1.5596,1.552,1.5538,109567.5,170320.8328
1784055600000,1.5538,1.5611,1.5527,1.5604,83836.0,130451.67393
1784059200000,1.5604,1.5615,1.5502,1.5529,56410.9,87695.97226
1784062800000,1.5529,1.5607,1.552,1.5564,44715.6,69549.63847
1784066400000,1.5564,1.5626,1.5477,1.5569,76896.8,119516.2761
1784070000000,1.5569,1.5629,1.5555,1.5625,57893.5,90315.05397
1784073600000,1.5625,1.5711,1.5544,1.556,194155.9,303539.3281
1784077200000,1.556,1.5569,1.552,1.5531,45276.1,70368.52724
1784080800000,1.5531,1.5588,1.5518,1.5582,64527.2,100300.96708
1784084400000,1.5582,1.5723,1.5578,1.5688,115324.6,180535.39628
1784088000000,1.5688,1.5714,1.5562,1.5573,95672.0,149517.19658
1784091600000,1.5573,1.5589,1.5496,1.5589,121057.8,188062.06452
1784095200000,1.5589,1.5652,1.5557,1.5557,178651.6,278711.25467
1784098800000,1.5557,1.5604,1.5523,1.5572,62016.9,96494.87431
1784102400000,1.5572,1.5691,1.5543,1.5603,154412.2,240985.82152
1784106000000,1.5603,1.5694,1.5565,1.5598,132593.4,207151.33855
1784109600000,1.5598,1.577,1.5592,1.5644,303405.3,476436.81166
1784113200000,1.5644,1.5773,1.5622,1.573,140274.5,220269.83822
1784116800000,1.573,1.5884,1.573,1.5866,287282.3,454118.40788
1784120400000,1.5866,1.5953,1.5754,1.5823,310747.5,493093.05013
1784124000000,1.5823,1.5847,1.5705,1.5764,104460.4,164863.47744
1784127600000,1.5764,1.5766,1.5675,1.5727,147626.5,232078.75421
1784131200000,1.5727,1.5753,1.5548,1.5624,210053.8,328196.70077
1784134800000,1.5624,1.5707,1.5581,1.5634,158984.5,248538.21496
1784138400000,1.5634,1.5645,1.557,1.5575,71291.5,111279.77453
1784142000000,1.5575,1.5606,1.5503,1.5538,52435.5,81515.38548
1784145600000,1.5538,1.5621,1.5507,1.5563,99907.0,155470.32458
1784149200000,1.5563,1.5587,1.5548,1.5573,62047.0,96624.35703
1784152800000,1.5573,1.5648,1.5532,1.559,60648.1,94601.65179
1784156400000,1.559,1.5602,1.5529,1.5542,59795.4,92999.04699
1784160000000,1.5542,1.5583,1.5425,1.5453,210035.6,325536.61065
1784163600000,1.5453,1.5483,1.5374,1.5459,105655.8,162981.06822
1784167200000,1.5459,1.5509,1.544,1.5506,47155.0,72954.26302
1784170800000,1.5506,1.5614,1.545,1.5489,120786.9,187730.01894
1784174400000,1.5489,1.5524,1.5448,1.5499,63495.6,98346.51089
1784178000000,1.5499,1.5597,1.5485,1.5573,82645.6,128597.85207
1784181600000,1.5573,1.5622,1.5523,1.5559,150348.4,234133.71862
1784185200000,1.5559,1.5679,1.5378,1.5438,418732.5,650386.83362
1784188800000,1.5438,1.5442,1.5231,1.5318,389782.7,597090.6099
1784192400000,1.5318,1.5351,1.5273,1.528,104751.2,160488.82199
1784196000000,1.528,1.5387,1.5257,1.5349,201905.2,309380.91995
1784199600000,1.5349,1.535,1.5283,1.5329,153378.8,234855.41222
1784203200000,1.5329,1.536,1.5213,1.5258,183256.3,280116.57715
1784206800000,1.5258,1.5357,1.5237,1.5316,174729.4,267281.43125
1784210400000,1.5316,1.5447,1.5243,1.5272,272679.9,418210.4837
1784214000000,1.5272,1.5351,1.5195,1.5268,292199.8,445960.98351
1784217600000,1.5268,1.5355,1.5229,1.5283,197466.9,301790.01354
1784221200000,1.5283,1.5283,1.5101,1.5176,428769.8,651427.49516
1784224800000,1.5176,1.5312,1.5165,1.5283,102929.6,156955.11912
1784228400000,1.5283,1.5324,1.5282,1.5314,63468.6,97158.66884
1784232000000,1.5314,1.5338,1.526,1.53,76112.6,116503.95445
1784235600000,1.53,1.5323,1.5238,1.5256,84983.4,129845.60249
1784239200000,1.5256,1.5269,1.5107,1.5107,105818.5,160798.5526
1784242800000,1.5107,1.5129,1.5014,1.51,268478.5,404485.99588
1784246400000,1.51,1.5131,1.5018,1.513,214076.2,322764.19604
1784250000000,1.513,1.5181,1.5028,1.5046,118097.4,178274.41607
1784253600000,1.5046,1.5087,1.4906,1.5024,299025.4,448609.34926
1784257200000,1.5024,1.5105,1.5014,1.5078,76000.6,114510.00116
1784260800000,1.5078,1.5132,1.497,1.5081,136442.7,205438.97508
1784264400000,1.5081,1.5081,1.4912,1.4944,153893.2,230558.45089
1784268000000,1.4944,1.5045,1.493,1.5039,91446.2,137154.18094
1784271600000,1.5039,1.5065,1.499,1.4998,72936.8,109601.20663
1784275200000,1.4998,1.5045,1.4969,1.5011,95493.6,143244.84829
1784278800000,1.5011,1.5021,1.4973,1.5002,105807.0,158671.30566
1784282400000,1.5002,1.5096,1.4998,1.5032,148716.6,223873.35831
1784286000000,1.5032,1.5038,1.4965,1.4974,87191.4,130769.16611
1784289600000,1.4974,1.4988,1.4866,1.4935,166767.1,248988.55313
1784293200000,1.4935,1.5099,1.4838,1.5087,443181.3,663413.15423
1784296800000,1.5087,1.5157,1.5043,1.5076,270789.7,408714.27997
1784300400000,1.5076,1.5109,1.4979,1.5109,258867.2,389314.15569
1784304000000,1.5109,1.523,1.5061,1.518,209672.1,317599.19004
1784307600000,1.518,1.5277,1.5156,1.5164,168745.3,256901.06818
1784311200000,1.5164,1.5227,1.512,1.5202,129521.3,196484.75091
1784314800000,1.5202,1.5214,1.509,1.5141,98601.9,149286.50006
1784318400000,1.5141,1.5169,1.5093,1.5124,66608.0,100821.98177
1784322000000,1.5124,1.515,1.5096,1.5096,32921.9,49807.03597
1784325600000,1.5096,1.5111,1.5013,1.5059,124589.3,187572.5924
1784329200000,1.5059,1.5099,1.5017,1.5088,44547.5,67081.00027
1784332800000,1.5088,1.5122,1.5049,1.5073,128321.1,193634.00247
1784336400000,1.5073,1.5082,1.5049,1.5049,27385.8,41258.52478
1784340000000,1.5049,1.507,1.5025,1.503,37737.0,56815.00725
1784343600000,1.503,1.5052,1.5,1.501,24982.1,37523.54333
1784347200000,1.501,1.5011,1.4943,1.4945,82603.0,123656.31436
1784350800000,1.4945,1.4988,1.4917,1.4965,80241.5,120000.66149
1784354400000,1.4965,1.4989,1.4942,1.4961,34491.6,51601.78892
1784358000000,1.4961,1.4963,1.492,1.493,49154.2,73462.96166
1784361600000,1.493,1.5039,1.4917,1.4927,140161.3,210005.25217
1784365200000,1.4927,1.494,1.4803,1.4885,235165.3,349696.97151
1784368800000,1.4885,1.4921,1.4854,1.4908,122016.4,181673.19883
1784372400000,1.4908,1.495,1.4886,1.4897,83333.6,124293.09764
1784376000000,1.4897,1.4935,1.482,1.4909,93130.8,138645.26032
1784379600000,1.4909,1.4918,1.4861,1.4871,67010.6,99739.48104
1784383200000,1.4871,1.493,1.4813,1.4873,154192.3,229223.01956
1784386800000,1.4873,1.4911,1.4861,1.491,73292.9,109108.84934
1784390400000,1.491,1.5006,1.4886,1.4924,141539.2,211499.13585
1784394000000,1.4924,1.4989,1.4909,1.4987,71434.8,106739.12966
1784397600000,1.4987,1.5038,1.4913,1.4947,119633.4,179112.35693
1784401200000,1.4947,1.499,1.4922,1.497,32959.1,49301.97276
1784404800000,1.497,1.5024,1.4928,1.4967,56044.4,83948.92015
1784408400000,1.4967,1.5018,1.4906,1.4942,82930.0,124103.81183
1784412000000,1.4942,1.5037,1.4929,1.5012,56171.0,84205.16882
1784415600000,1.5012,1.5016,1.4947,1.4961,60954.9,91312.2527
1784419200000,1.4961,1.5025,1.4944,1.5024,75837.6,113616.61591
1784422800000,1.5024,1.5028,1.4956,1.4979,32235.4,48304.42578
1784426400000,1.4979,1.5038,1.4954,1.4958,109158.6,163612.95397
1784430000000,1.4958,1.4987,1.491,1.4933,65250.2,97560.59713
1784433600000,1.4933,1.4947,1.4891,1.4928,62705.1,93503.08703
1784437200000,1.4928,1.4952,1.4904,1.4933,39406.7,58836.64707
1784440800000,1.4933,1.4946,1.4908,1.4919,55889.8,83390.67641
1784444400000,1.4919,1.4998,1.4884,1.4891,97369.1,145459.53325
1784448000000,1.4891,1.4969,1.4884,1.4944,87215.9,130289.84081
1784451600000,1.4944,1.4953,1.4856,1.4861,64881.2,96580.52792
1784455200000,1.4861,1.4945,1.4842,1.4889,192379.4,286450.17228
1784458800000,1.4889,1.4901,1.4773,1.4809,291210.7,431663.89433
1784462400000,1.4809,1.4877,1.48,1.487,123619.3,183423.26515
1784466000000,1.487,1.4903,1.4837,1.4874,69157.5,102862.54531
1784469600000,1.4874,1.4905,1.4847,1.486,132993.4,197840.72227
1784473200000,1.486,1.4878,1.484,1.4845,50276.4,74703.03494
1784476800000,1.4845,1.488,1.4806,1.4821,110559.4,164094.20108
1784480400000,1.4821,1.4868,1.4654,1.4857,405263.8,598682.63486
1784484000000,1.4857,1.4864,1.4768,1.481,66441.8,98383.90692
1784487600000,1.481,1.4815,1.4743,1.478,49702.0,73435.75238
1784491200000,1.478,1.4809,1.4756,1.477,61728.8,91229.31813
1784494800000,1.477,1.4775,1.4715,1.4744,72563.0,106996.20286
1784498400000,1.4744,1.4804,1.4727,1.4735,44574.0,65798.9453
1784502000000,1.4735,1.476,1.469,1.4752,98505.8,145057.25436
1784505600000,1.4752,1.4833,1.4627,1.4659,292638.4,430367.33381
1784509200000,1.4659,1.4737,1.4531,1.4566,290387.5,424734.24717
1784512800000,1.4566,1.4642,1.4554,1.4594,157135.5,229325.14039
1784516400000,1.4594,1.4749,1.4577,1.4717,235027.0,344044.70283
1784520000000,1.4717,1.4736,1.4614,1.4653,57872.2,84889.18577
1784523600000,1.4653,1.4708,1.4474,1.452,212861.2,310017.29932
1784527200000,1.452,1.4572,1.4425,1.4526,246540.4,357154.59214
1784530800000,1.4526,1.4633,1.4514,1.4629,125063.2,182172.79558
1784534400000,1.4629,1.4635,1.4506,1.4569,98875.0,144160.80844
1784538000000,1.4569,1.4672,1.4547,1.4665,85582.4,125113.19343
1784541600000,1.4665,1.4715,1.4651,1.4706,125995.8,184980.7348
1784545200000,1.4706,1.484,1.4688,1.4826,143194.4,211292.7414
1784548800000,1.4826,1.4893,1.4791,1.4795,203253.4,301792.53927
1784552400000,1.4795,1.4841,1.4706,1.4717,200015.8,295449.95744
1784556000000,1.4717,1.4835,1.4642,1.4775,231514.3,341328.31089
1784559600000,1.4775,1.4891,1.4753,1.4885,186103.2,276059.10841
1784563200000,1.4885,1.4989,1.4803,1.4849,281244.5,418664.18859
1784566800000,1.4849,1.4895,1.4835,1.4869,60862.3,90448.16384
1784570400000,1.4869,1.496,1.4869,1.4928,99212.4,147988.51797
1784574000000,1.4928,1.4937,1.4871,1.4895,59116.8,88079.60357
1784577600000,1.4895,1.5057,1.4886,1.5038,131088.6,196455.28325
1784581200000,1.5038,1.5055,1.4904,1.4948,182852.0,273893.46619
1784584800000,1.4948,1.4962,1.4894,1.4917,42352.2,63228.03969
1784588400000,1.4917,1.4976,1.4916,1.4933,50479.5,75429.29325
1784592000000,1.4933,1.4972,1.4911,1.4932,58472.8,87363.1908
1784595600000,1.4932,1.495,1.4865,1.4882,63825.3,95092.77727
1784599200000,1.4882,1.4937,1.484,1.4921,87847.0,130692.07081
1784602800000,1.4921,1.5033,1.4917,1.5026,109364.3,163738.01695
1784606400000,1.5026,1.5037,1.4966,1.497,81856.3,122857.11109
1784610000000,1.497,1.5066,1.4941,1.502,132495.2,198970.71514
1784613600000,1.502,1.5099,1.5014,1.5037,115140.8,173461.33629
1784617200000,1.5037,1.5081,1.502,1.5056,167596.9,252301.14392
1784620800000,1.5056,1.5084,1.4981,1.4992,165355.3,248468.27986
1784624400000,1.4992,1.5029,1.492,1.5017,134168.1,201001.63147
1784628000000,1.5017,1.5059,1.4953,1.4953,98307.3,147650.8565
1784631600000,1.4953,1.5029,1.4926,1.4998,70830.1,106080.5655
1784635200000,1.4998,1.5023,1.4981,1.4999,37660.8,56504.83035
1784638800000,1.4999,1.5016,1.4959,1.5003,86367.8,129475.45657
1784642400000,1.5003,1.5021,1.4924,1.4931,217102.4,325005.64239
1784646000000,1.4931,1.4968,1.4901,1.4925,78837.6,117717.18338
1784649600000,1.4925,1.4965,1.4885,1.491,130595.7,194850.3654
1784653200000,1.491,1.4925,1.4817,1.4878,182832.2,271954.39962
1784656800000,1.4878,1.4932,1.4844,1.4891,135898.1,202271.56961
1784660400000,1.4891,1.4893,1.4842,1.4846,60462.4,89853.91414
1784664000000,1.4846,1.487,1.4814,1.4845,70831.3,105108.98301
1784667600000,1.4845,1.486,1.4816,1.4818,35322.0,52429.67022
1784671200000,1.4818,1.484,1.4795,1.4814,46893.8,69463.91468
1784674800000,1.4814,1.4924,1.4753,1.4844,279440.4,414397.16774
1784678400000,1.4844,1.4904,1.4804,1.4874,129388.5,192114.00829
1784682000000,1.4874,1.4904,1.4805,1.488,104196.3,154625.31693
1784685600000,1.488,1.4913,1.4826,1.483,59575.4,88633.48174
1784689200000,1.483,1.4861,1.4772,1.4781,68793.6,101981.11271
1784692800000,1.4781,1.4838,1.4769,1.4783,35484.5,52526.36261
1784696400000,1.4783,1.4788,1.4694,1.4704,165812.7,244334.09417
1784700000000,1.4704,1.4739,1.4675,1.4715,98688.8,145097.46639
1784703600000,1.4715,1.4715,1.461,1.4665,179558.8,263129.5635
1784707200000,1.4665,1.4689,1.4606,1.4654,114431.0,167699.64276
1784710800000,1.4654,1.4687,1.4615,1.4618,130738.5,191612.16597
1784714400000,1.4618,1.4657,1.4605,1.4628,183599.1,268606.21112
1784718000000,1.4628,1.4669,1.4619,1.4653,75679.1,110790.49079
1784721600000,1.4653,1.4656,1.4568,1.4631,132400.2,193565.99442
1784725200000,1.4631,1.4703,1.4629,1.4691,106362.4,155988.1389
1784728800000,1.4691,1.4714,1.457,1.4614,171801.2,251071.37053
1784732400000,1.4614,1.4684,1.4598,1.4684,117526.2,172094.90245
1784736000000,1.4684,1.4688,1.4559,1.4686,166340.7,243458.81624
1784739600000,1.4686,1.4699,1.462,1.4648,66120.9,96948.00308
1784743200000,1.4648,1.4682,1.4609,1.4662,54942.6,80473.7355
1784746800000,1.4662,1.4667,1.4608,1.4632,74686.9,109246.54785
1784750400000,1.4632,1.4727,1.4616,1.4686,149715.8,219544.05453
1784754000000,1.4686,1.4686,1.4619,1.465,49812.1,73043.15508
1784757600000,1.465,1.4664,1.462,1.4654,34029.7,49835.83609
1784761200000,1.4654,1.4682,1.4582,1.4667,95314.0,139338.37713
1784764800000,1.4667,1.4694,1.4638,1.4653,91527.3,134222.22385
1784768400000,1.4653,1.4669,1.4603,1.4625,46327.1,67805.41932
1784772000000,1.4625,1.4625,1.4542,1.4569,171074.0,249294.58384
1784775600000,1.4569,1.4569,1.4493,1.4503,427444.5,620725.75134
1784779200000,1.4503,1.455,1.447,1.4534,105456.9,152918.44404
1784782800000,1.4534,1.4553,1.4496,1.4502,62787.8,91200.8912
1784786400000,1.4502,1.4619,1.45,1.4612,88663.2,129073.91332
1784790000000,1.4612,1.4675,1.458,1.4641,234827.3,343427.55314
1784793600000,1.4641,1.4759,1.4633,1.473,391706.4,576171.96115
1784797200000,1.473,1.4757,1.4586,1.4603,266160.9,390934.85826
1784800800000,1.4603,1.4654,1.4584,1.463,137340.2,200806.81644
1784804400000,1.463,1.4643,1.4541,1.4559,170522.8,248844.13123
1784808000000,1.4559,1.4568,1.4435,1.4513,340021.4,493287.1987
1784811600000,1.4513,1.4515,1.4329,1.4345,517974.7,746347.45579
1784815200000,1.4345,1.4435,1.4327,1.4385,244208.3,351295.69906
1784818800000,1.4385,1.4452,1.4272,1.4422,370928.3,532863.15199
1784822400000,1.4422,1.4423,1.4323,1.4337,119010.3,170983.10298
1784826000000,1.4337,1.4343,1.4163,1.4211,421312.9,600752.53349
1784829600000,1.4211,1.4274,1.4184,1.421,244793.0,348113.85785
1784833200000,1.421,1.426,1.417,1.421,139363.8,198037.68408
1784836800000,1.421,1.4281,1.4207,1.4257,61116.8,87118.25696
1784840400000,1.4257,1.4282,1.4192,1.4209,75698.6,107777.51647
1784844000000,1.4209,1.4246,1.415,1.4209,110131.6,156447.50427
1784847600000,1.4209,1.4225,1.4174,1.4189,63741.0,90523.26245
1784851200000,1.4189,1.4196,1.407,1.4196,295504.1,417972.62906
1784854800000,1.4196,1.4274,1.4188,1.4243,75870.0,107948.54205
1784858400000,1.4243,1.4274,1.4196,1.4216,207010.0,294916.39403
1784862000000,1.4216,1.4301,1.4205,1.4281,71247.7,101650.91096
1784865600000,1.4281,1.4295,1.4239,1.4261,87993.4,125546.25602
1784869200000,1.4261,1.4286,1.4182,1.421,162536.3,231275.88976
1784872800000,1.421,1.421,1.4177,1.4193,73800.4,104727.87682
1784876400000,1.4193,1.4254,1.4152,1.4205,184702.5,262397.55757
1784880000000,1.4205,1.4208,1.4149,1.4161,93385.5,132434.63211
1784883600000,1.4161,1.4165,1.4071,1.4091,218591.5,308418.40567
1784887200000,1.4091,1.4098,1.3957,1.3958,388151.0,543480.26805
1784890800000,1.3958,1.3997,1.3859,1.3919,323103.5,449541.59539
1784894400000,1.3919,1.3948,1.3843,1.3863,289864.6,403217.28577
1784898000000,1.3863,1.3866,1.3707,1.3751,708686.0,975153.27212
1784901600000,1.3751,1.3905,1.3741,1.3899,217064.0,300072.88633
1784905200000,1.3899,1.3965,1.3858,1.3952,113226.7,157605.39519
1784908800000,1.3952,1.4028,1.3924,1.3946,167846.6,234641.5684
1784912400000,1.3946,1.4027,1.3934,1.401,87703.1,122637.31812
1784916000000,1.401,1.4018,1.3895,1.393,95717.4,133462.57056
1784919600000,1.393,1.396,1.3914,1.3952,56412.2,78637.0244
1784923200000,1.3952,1.4006,1.3948,1.3953,46574.5,65089.13884
1784926800000,1.3953,1.3973,1.3856,1.3857,104280.9,145153.59866
1784930400000,1.3857,1.392,1.3854,1.3885,72418.5,100588.7808
1784934000000,1.3885,1.3947,1.3885,1.3928,54316.8,75619.93383
1784937600000,1.3928,1.3992,1.392,1.3992,81518.3,113764.6813
1784941200000,1.3992,1.4005,1.3925,1.3926,64184.0,89668.63861
1784944800000,1.3926,1.3934,1.3862,1.3872,119619.2,166253.99956
1784948400000,1.3872,1.3896,1.3801,1.381,121245.4,167810.87269
1784952000000,1.381,1.3876,1.3808,1.3831,84187.9,116596.68393
1784955600000,1.3831,1.3848,1.3708,1.3738,166408.6,229065.3025
1784959200000,1.3738,1.3765,1.3692,1.3746,113729.6,156047.24129
1784962800000,1.3746,1.3762,1.3722,1.3748,82487.5,113394.16973
1784966400000,1.3748,1.3803,1.3727,1.3797,91453.2,125935.6413
1784970000000,1.3797,1.3848,1.3795,1.3832,65108.6,89992.16241
1784973600000,1.3832,1.3839,1.3786,1.3789,48357.0,66815.66452
1784977200000,1.3789,1.3839,1.3771,1.379,99028.6,136665.86191
1784980800000,1.379,1.3846,1.3787,1.3833,72805.1,100642.15323
1784984400000,1.3833,1.3886,1.3833,1.3861,66770.1,92559.58702
1784988000000,1.3861,1.387,1.3806,1.3824,97426.4,134790.09509
1784991600000,1.3824,1.3886,1.3771,1.3844,145409.0,200997.84855
1784995200000,1.3844,1.3867,1.3788,1.3811,143390.4,198180.71141
1784998800000,1.3811,1.389,1.381,1.3882,72528.0,100461.4089
1785002400000,1.3882,1.3917,1.3882,1.3903,73016.1,101483.60938
1785006000000,1.3903,1.3907,1.3866,1.3885,52726.4,73215.23077
1785009600000,1.3885,1.3895,1.3837,1.3858,80659.1,111854.4614
1785013200000,1.3858,1.3884,1.3794,1.3852,98077.7,135576.44775
1785016800000,1.3852,1.3909,1.385,1.3895,44262.3,61461.18302
1785020400000,1.3895,1.3896,1.3816,1.3816,72734.4,100740.97414
1785024000000,1.3816,1.3852,1.3792,1.3835,74929.4,103567.74942
1785027600000,1.3835,1.3868,1.3796,1.3845,108769.3,150488.82968
1785031200000,1.3845,1.387,1.3793,1.3849,105076.2,145371.00777
1785034800000,1.3849,1.3867,1.3834,1.3855,26127.0,36185.10534
1785038400000,1.3855,1.3943,1.3832,1.3924,118992.2,165262.81317
1785042000000,1.3924,1.3995,1.3891,1.39,101267.7,141087.26135
1785045600000,1.39,1.3946,1.3837,1.3943,70615.1,98015.16571
1785049200000,1.3943,1.3987,1.3908,1.3945,114764.7,159991.65589
1785052800000,1.3945,1.3953,1.3873,1.3904,209026.6,290806.02465
1785056400000,1.3904,1.3925,1.3847,1.3911,132777.9,184216.37239
1785060000000,1.3911,1.3978,1.3886,1.3952,106667.5,148713.15556
1785063600000,1.3952,1.3994,1.3935,1.396,122276.5,170822.13213
1785067200000,1.396,1.3976,1.3845,1.3907,211878.0,294719.20792
1785070800000,1.3907,1.3907,1.3838,1.3852,85999.4,119248.66088
1785074400000,1.3852,1.3903,1.3837,1.3869,78891.4,109429.42899
1785078000000,1.3869,1.3914,1.3847,1.39,56648.1,78657.33348
1785081600000,1.39,1.3971,1.3885,1.3904,101562.4,141407.50446
1785085200000,1.3904,1.3941,1.3879,1.3916,62451.5,86827.13847
1785088800000,1.3916,1.3965,1.3906,1.3938,59357.2,82736.35395
1785092400000,1.3938,1.3953,1.3915,1.3937,35996.6,50157.57666
1785096000000,1.3937,1.3942,1.3893,1.3893,60299.6,83866.65487
1785099600000,1.3893,1.3986,1.3884,1.3968,87359.4,121531.51023
1785103200000,1.3968,1.4037,1.3968,1.4007,113407.7,158844.52448
1785106800000,1.4007,1.4026,1.3945,1.3961,312725.0,437244.34546
1785110400000,1.3961,1.3972,1.3911,1.392,194573.6,271274.15442
1785114000000,1.392,1.3925,1.3846,1.3887,217159.6,301675.49144
1785117600000,1.3887,1.3972,1.387,1.3963,146170.3,203422.14407
1785121200000,1.3963,1.3974,1.3937,1.3971,102344.6,142848.53222
1785124800000,1.3971,1.4,1.3899,1.3928,733403.1,1023836.45364
1785128400000,1.3928,1.3944,1.39,1.3906,104203.6,145137.98453
1785132000000,1.3906,1.3981,1.3863,1.3874,187006.4,260160.38911
1785135600000,1.3874,1.3911,1.3849,1.3864,188196.1,261235.75821
1785139200000,1.3864,1.3884,1.3803,1.3865,426891.9,590718.06914
1785142800000,1.3865,1.3865,1.3805,1.3828,81321.9,112452.42693
1785146400000,1.3828,1.3885,1.3809,1.3832,329997.9,457394.66636
1785150000000,1.3832,1.3832,1.3764,1.378,257491.1,355126.99181
1785153600000,1.378,1.3807,1.371,1.3777,218582.6,300670.27595
1785157200000,1.3777,1.3855,1.3725,1.3778,225707.5,311013.11235
1785160800000,1.3778,1.3798,1.3465,1.3577,1209070.6,1646962.80863
1785164400000,1.3577,1.3591,1.3353,1.3412,586761.4,789745.47848
1785168000000,1.3412,1.3487,1.3394,1.3457,311685.5,419071.26199
1785171600000,1.3457,1.3568,1.3456,1.351,396195.9,535954.52562
1785175200000,1.351,1.3531,1.3404,1.3446,284524.4,383262.17525
1785178800000,1.3446,1.3538,1.3446,1.3465,115354.7,155662.34052
1785182400000,1.3465,1.3467,1.3385,1.3435,177024.5,237589.62074
1785186000000,1.3435,1.3437,1.3282,1.3352,213114.0,284379.37199
1785189600000,1.3352,1.3352,1.2966,1.3016,964002.1,1264021.6962
1785193200000,1.3016,1.3077,1.2924,1.2983,634866.2,825171.18409
1785196800000,1.2983,1.3092,1.2941,1.3016,491856.5,640449.50711
1785200400000,1.3016,1.3021,1.2833,1.2878,453879.7,584874.65632
1785204000000,1.2878,1.3057,1.2862,1.3049,299845.0,389060.1732
1785207600000,1.3049,1.3068,1.296,1.2974,223481.2,290747.67989
1785211200000,1.2974,1.303,1.2943,1.2964,150135.6,195095.43238
1785214800000,1.2964,1.3117,1.2958,1.308,244207.0,318471.85443
1785218400000,1.308,1.3111,1.3045,1.3061,170251.6,222675.51915
1785222000000,1.3061,1.3096,1.2995,1.3023,380734.4,496522.88184
1785225600000,1.3023,1.3058,1.2957,1.2962,336361.3,437489.77243
1785229200000,1.2962,1.308,1.2935,1.3031,318861.0,414436.9224
1785232800000,1.3031,1.3077,1.3018,1.3037,261145.1,340800.30897
1785236400000,1.3037,1.3057,1.298,1.3026,296088.2,385458.09721
1785240000000,1.3026,1.3054,1.301,1.3031,311208.8,405601.60664
1785243600000,1.3031,1.3069,1.286,1.2908,467741.8,605192.38926
1785247200000,1.2908,1.2967,1.2861,1.2945,166302.4,214871.15391
1785250800000,1.2945,1.304,1.2909,1.3,315455.7,409235.02644
1785254400000,1.3,1.3009,1.2896,1.2911,165062.4,213642.97061
1785258000000,1.2911,1.2942,1.2869,1.2915,159081.6,205218.60315
1785261600000,1.2915,1.2961,1.291,1.2957,96900.4,125397.82694
1785265200000,1.2957,1.3064,1.2949,1.3052,167831.7,218403.5745
1785268800000,1.3052,1.3097,1.3036,1.3091,151030.4,197367.52234
1785272400000,1.3091,1.315,1.3048,1.3127,206058.7,269954.62476
1785276000000,1.3127,1.314,1.2961,1.297,119019.0,155467.00261
1785279600000,1.297,1.3064,1.2927,1.3062,94806.8,123101.03134
1785283200000,1.3062,1.3101,1.2996,1.303,177847.4,232365.02804
1785286800000,1.303,1.303,1.2799,1.284,273991.4,353080.84384
1785290400000,1.284,1.2944,1.2798,1.2944,285263.1,367112.001
1785294000000,1.2944,1.2982,1.2821,1.283,218749.1,281767.52038
1785297600000,1.283,1.2923,1.2733,1.2911,379451.4,486567.412
1785301200000,1.2911,1.2949,1.2866,1.2892,172049.4,222203.40765
1785304800000,1.2892,1.2928,1.2879,1.2888,218189.2,281518.87864
1785308400000,1.2888,1.2892,1.2818,1.2855,207145.3,266314.8343
1785312000000,1.2855,1.2864,1.278,1.2847,206117.6,264132.50678
1785315600000,1.2847,1.293,1.2847,1.2876,161277.6,207831.88504
1785319200000,1.2876,1.2892,1.2821,1.2854,93210.1,119862.09692
1785322800000,1.2854,1.2905,1.2835,1.2841,79379.5,102124.12074
1785326400000,1.2841,1.2841,1.2781,1.2813,101076.8,129507.28374
1785330000000,1.2813,1.2866,1.275,1.2857,285892.3,366260.14565
1785333600000,1.2857,1.2901,1.2805,1.2817,195210.2,250673.99118
1785337200000,1.2817,1.2837,1.2695,1.2743,227968.3,290784.66294
1785340800000,1.2743,1.2774,1.2648,1.2697,415321.3,527805.49772
1785344400000,1.2697,1.2845,1.2697,1.2842,86638.8,110507.32748
1785348000000,1.2842,1.2945,1.2781,1.2902,233150.5,300326.222
1785351600000,1.2902,1.2925,1.2705,1.2764,169597.6,217032.72734
1785355200000,1.2764,1.2785,1.2661,1.2709,161077.8,205107.24795
1785358800000,1.2709,1.2804,1.2612,1.2792,149049.4,188918.59158
1785362400000,1.2792,1.2851,1.2757,1.283,227692.9,291397.95111
1785366000000,1.283,1.2865,1.279,1.2816,127215.1,163241.68059
1785369600000,1.2816,1.2854,1.2747,1.2778,154895.6,198240.64708
1785373200000,1.2778,1.2865,1.2778,1.2841,92791.1,119019.21798
1785376800000,1.2841,1.2859,1.2747,1.275,89916.5,115294.77161
1785380400000,1.275,1.2764,1.2701,1.2712,121254.3,154319.71053
1785384000000,1.2712,1.2748,1.2696,1.2711,58627.9,74585.05322
1785387600000,1.2711,1.2775,1.2693,1.2774,113515.6,144481.69856
1785391200000,1.2774,1.2792,1.2749,1.2766,45796.4,58490.31997
1785394800000,1.2766,1.286,1.2765,1.2847,142659.9,182991.81613
1785398400000,1.2847,1.2902,1.2824,1.2854,186813.9,240287.68623
1785402000000,1.2854,1.288,1.2818,1.288,258007.7,331592.61655
1785405600000,1.288,1.2907,1.2835,1.2841,107784.2,138817.3678
1785409200000,1.2841,1.2902,1.2839,1.2889,114438.8,147345.32873
1785412800000,1.2889,1.2925,1.2867,1.2894,89110.5,114930.61271
1785416400000,1.2894,1.3014,1.2842,1.3002,209230.9,270713.69948
1785420000000,1.3002,1.3055,1.2951,1.2967,328335.6,426998.88513
1785423600000,1.2967,1.2983,1.2904,1.2921,225033.1,291153.13118
1785427200000,1.2921,1.2933,1.2872,1.29,178304.5,229949.90035
1785430800000,1.29,1.2934,1.2876,1.2921,84719.6,109337.75351
1785434400000,1.2921,1.2945,1.2866,1.2891,159679.1,206096.05014
1785438000000,1.2891,1.295,1.2884,1.2907,86337.0,111466.73643
1785441600000,1.2907,1.2931,1.2841,1.2845,310981.0,400716.72921
1785445200000,1.2845,1.2869,1.2809,1.2865,114357.4,146712.3825
1785448800000,1.2865,1.2881,1.282,1.282,44056.7,56615.25365
1785452400000,1.282,1.286,1.2784,1.2789,86574.9,110943.70187
1785456000000,1.2789,1.2847,1.2783,1.2794,174176.3,223255.35401
1785459600000,1.2794,1.2892,1.2689,1.2729,257998.5,330000.79554
1785463200000,1.2729,1.2732,1.2653,1.2657,248791.9,315532.71379
1785466800000,1.2657,1.2711,1.2487,1.2523,771309.5,971163.91406
1785470400000,1.2523,1.2531,1.22,1.2287,893544.8,1101909.01852
1785474000000,1.2287,1.2353,1.2282,1.2325,154204.6,189906.27655
1785477600000,1.2325,1.2359,1.2312,1.2336,166558.8,205464.5844
1785481200000,1.2336,1.2364,1.2219,1.2335,548825.8,675458.62034
1785484800000,1.2335,1.2339,1.2221,1.2289,234512.7,288236.59148
1785488400000,1.2289,1.2339,1.226,1.2307,149903.6,184294.61957
1785492000000,1.2307,1.2331,1.2274,1.2296,94881.7,116715.1839
1785495600000,1.2296,1.2327,1.2258,1.2297,159531.7,196141.60054
1785499200000,1.2297,1.2413,1.2291,1.2411,145199.4,179374.72197
1785502800000,1.2411,1.2425,1.2333,1.2357,286644.0,355116.90287
1785506400000,1.2357,1.2412,1.2255,1.2391,247159.4,305300.34287
1785510000000,1.2391,1.2427,1.2341,1.2344,169286.0,209761.43019
1785513600000,1.2344,1.2394,1.2324,1.239,121351.6,150002.50601
1785517200000,1.239,1.2464,1.2371,1.24,221729.5,275537.12421
1785520800000,1.24,1.2415,1.2262,1.2291,255535.9,314846.70984
1785524400000,1.2291,1.2299,1.217,1.2249,384874.7,470253.47091
1785528000000,1.2249,1.2268,1.2213,1.2237,256986.4,314649.40295
1785531600000,1.2237,1.2283,1.221,1.2217,143143.0,175395.30126
1785535200000,1.2217,1.225,1.2208,1.2229,66188.8,80960.40829
1785538800000,1.2229,1.2294,1.2225,1.2272,81983.5,100469.94143
1785542400000,1.2272,1.2313,1.224,1.2293,121798.7,149493.503
1785546000000,1.2293,1.2325,1.2265,1.2308,112042.8,137746.25221
1785549600000,1.2308,1.2359,1.2307,1.2314,70285.9,86677.5993
1785553200000,1.2314,1.2329,1.2261,1.2324,69837.9,85867.7759
1785556800000,1.2324,1.236,1.2303,1.2327,67824.2,83640.91622
1785560400000,1.2327,1.2344,1.2264,1.2295,77618.2,95512.27192
1785564000000,1.2295,1.2305,1.225,1.2304,53522.0,65721.32802
1785567600000,1.2304,1.2344,1.2284,1.2318,39366.9,48456.58866
1785571200000,1.2318,1.238,1.231,1.2348,89533.2,110599.34143
1785574800000,1.2348,1.2365,1.2281,1.2287,70671.1,87094.69326
1785578400000,1.2287,1.2295,1.2241,1.2271,89680.3,109949.98306
1785582000000,1.2271,1.2304,1.226,1.2294,47488.2,58285.03822
1785585600000,1.2294,1.2325,1.2294,1.2311,39367.8,48471.46315
1785589200000,1.2311,1.2333,1.2281,1.2331,56598.2,69640.27954
1785592800000,1.2331,1.2381,1.2325,1.2366,154739.0,191305.93361
1785596400000,1.2366,1.24,1.2322,1.2363,90639.9,112061.52946
1785600000000,1.2363,1.2379,1.2279,1.2305,119160.1,147038.1131
1785603600000,1.2305,1.2333,1.2214,1.2254,150835.6,185083.30959
1785607200000,1.2254,1.2262,1.2095,1.2213,590670.2,718850.12603
1785610800000,1.2213,1.2255,1.2191,1.2205,94151.1,115056.69307
1785614400000,1.2205,1.2207,1.2147,1.2182,124545.1,151648.35048
1785618000000,1.2182,1.2274,1.2177,1.2273,108481.9,132704.67338
1785621600000,1.2273,1.2296,1.2204,1.2211,84669.0,103638.33701
1785625200000,1.2211,1.2249,1.2205,1.222,72045.2,88056.97954
1785628800000,1.222,1.2273,1.22,1.2231,145498.2,178102.2738
1785632400000,1.2231,1.2338,1.2229,1.2322,183728.5,225778.96671
1785636000000,1.2322,1.247,1.232,1.2437,230135.2,285511.43733
1785639600000,1.2437,1.244,1.2338,1.2364,153461.3,190246.21356
1785643200000,1.2364,1.2515,1.2364,1.25,112874.7,140469.2224
1785646800000,1.25,1.254,1.247,1.2501,198092.2,247725.77011
1785650400000,1.2501,1.261,1.2489,1.2555,319625.4,400953.88694
1785654000000,1.2555,1.2617,1.2555,1.2602,138919.6,174958.13804
1785657600000,1.2602,1.2618,1.2521,1.2575,271876.5,341803.94611
1785661200000,1.2575,1.2604,1.2526,1.2536,106664.1,133977.0771
1785664800000,1.2536,1.2536,1.2455,1.2487,131920.4,164839.47458
1785668400000,1.2487,1.2548,1.2446,1.252,170985.0,213581.3849
1785672000000,1.252,1.2566,1.2517,1.2535,110681.9,138783.90309
1785675600000,1.2535,1.2561,1.2473,1.2525,80037.6,100177.9512
1785679200000,1.2525,1.2547,1.2461,1.2497,400642.4,500923.73111
1785682800000,1.2497,1.2598,1.2493,1.2531,212376.1,266297.3428
1785686400000,1.2531,1.2557,1.2521,1.2526,161746.0,202859.26273
1785690000000,1.2526,1.2664,1.252,1.2631,233873.9,294248.19756
1785693600000,1.2631,1.2676,1.2593,1.2651,131319.8,165954.92567
1785697200000,1.2651,1.2676,1.2615,1.266,95101.5,120232.78075
1785700800000,1.266,1.2671,1.2619,1.2648,59744.0,75567.7779
1785704400000,1.2648,1.2718,1.2608,1.2656,147922.8,187143.5058
1785708000000,1.2656,1.2672,1.2606,1.262,54542.2,68938.07424
1785711600000,1.262,1.2697,1.2608,1.2639,106949.8,135313.02927
1785715200000,1.2639,1.2716,1.2631,1.2631,129824.6,164537.14837
1785718800000,1.2631,1.2644,1.2579,1.2623,109201.1,137666.23268
1785722400000,1.2623,1.2643,1.258,1.2593,80622.4,101623.39858
1785726000000,1.2593,1.2603,1.2518,1.2563,149841.1,188199.09532
1785729600000,1.2563,1.2622,1.2548,1.2588,76690.9,96516.056
1785733200000,1.2588,1.2662,1.2584,1.266,118113.0,149090.09892
1785736800000,1.266,1.2675,1.2576,1.2644,169639.2,214069.82393
1785740400000,1.2644,1.2756,1.2616,1.2712,238668.1,303214.38495
1785744000000,1.2712,1.2747,1.2651,1.2716,150560.5,191211.00495
1785747600000,1.2716,1.2797,1.269,1.2778,209036.0,266259.92033
1785751200000,1.2778,1.2821,1.272,1.2744,132485.5,169221.83791
1785754800000,1.2744,1.2837,1.273,1.2809,262602.3,336258.87234
1785758400000,1.2809,1.29,1.2738,1.2762,361794.5,463688.45285
1785762000000,1.2762,1.2942,1.2744,1.292,223242.9,286662.73239
1785765600000,1.292,1.3193,1.2893,1.3177,693783.7,904412.33852
1785769200000,1.3177,1.347,1.3177,1.3449,1330320.8,1776339.14554
1785772800000,1.3449,1.3471,1.3296,1.3387,627421.2,839520.46854
1785776400000,1.3387,1.3596,1.3365,1.354,354735.1,478165.44602
1785780000000,1.354,1.3558,1.3416,1.3448,315868.0,425699.96544
1785783600000,1.3448,1.3889,1.3446,1.3653,1203513.9,1651002.64843
1785787200000,1.3653,1.3761,1.3598,1.3714,706776.2,966396.60212
1785790800000,1.3714,1.3733,1.3648,1.3704,216872.3,296853.4056
1785794400000,1.3704,1.3721,1.3537,1.3572,235580.9,320374.62236
1785798000000,1.3572,1.366,1.3526,1.3636,215841.5,293182.72408
1785801600000,1.3636,1.3665,1.3521,1.3572,296876.6,403579.26266
1785805200000,1.3572,1.3673,1.3522,1.3654,209874.2,285363.55829
1785808800000,1.3654,1.3731,1.3603,1.3662,197875.1,270224.01603
1785812400000,1.3662,1.3752,1.3658,1.3711,148472.4,203475.95621
1785816000000,1.3711,1.3838,1.3682,1.376,310284.5,427095.67102
1785819600000,1.376,1.3777,1.3698,1.3773,181997.7,249931.56908
1785823200000,1.3773,1.3817,1.3641,1.365,225047.3,308970.26519
1785826800000,1.365,1.3736,1.359,1.3724,401380.4,548259.55158
1785830400000,1.3724,1.3872,1.3687,1.381,317330.7,437485.27571
1785834000000,1.381,1.3937,1.3726,1.3798,506703.4,700189.34366
1785837600000,1.3798,1.3933,1.373,1.3809,445527.0,615829.75959
1785841200000,1.3809,1.3841,1.3761,1.3781,195100.7,269217.38008
1785844800000,1.3781,1.38,1.3669,1.3682,392554.3,538384.2315
1785848400000,1.3682,1.3694,1.3617,1.3669,470421.8,642776.81109
1785852000000,1.3669,1.3815,1.3633,1.3772,416331.7,571076.14245
1785855600000,1.3772,1.3783,1.3634,1.3668,262948.1,360405.51268
1785859200000,1.3668,1.367,1.3628,1.3663,122960.6,167826.15488
1785862800000,1.3663,1.3711,1.3659,1.3664,95471.5,130598.57561
1785866400000,1.3664,1.3714,1.3635,1.3636,171209.6,234400.44114
1785870000000,1.3636,1.3665,1.3625,1.3639,77944.8,106338.38032
1785873600000,1.3639,1.3673,1.3606,1.3628,119686.3,163237.24835
1785877200000,1.3628,1.3731,1.3624,1.3718,147581.0,201889.82835
1785880800000,1.3718,1.3766,1.3711,1.376,85855.6,118007.89348
1785884400000,1.376,1.3773,1.3728,1.3728,59273.8,81501.73981
1785888000000,1.3728,1.3827,1.3677,1.369,198063.8,272540.499
1785891600000,1.369,1.377,1.3672,1.3726,69460.7,95352.0599
1785895200000,1.3726,1.3817,1.3714,1.3763,63207.6,86980.98705
1785898800000,1.3763,1.3768,1.3484,1.3576,403454.1,548265.31915
1785902400000,1.3576,1.3623,1.3563,1.3578,69637.1,94664.3449
1785906000000,1.3578,1.3648,1.3565,1.357,79582.2,108284.4264
1785909600000,1.357,1.3592,1.3477,1.3552,395595.0,535575.69473
1785913200000,1.3552,1.3633,1.3513,1.3561,277970.1,376999.78827
1785916800000,1.3561,1.358,1.352,1.3529,110934.0,150281.36107
1785920400000,1.3529,1.3538,1.3473,1.351,156887.7,211999.31243
1785924000000,1.351,1.3562,1.348,1.3483,106830.7,144548.12267
1785927600000,1.3483,1.3499,1.3392,1.3458,241231.5,324468.35078
1785931200000,1.3458,1.351,1.345,1.3485,176866.9,238371.6362
1785934800000,1.3485,1.3503,1.3426,1.3491,191918.0,258600.60668
1785938400000,1.3491,1.3544,1.3459,1.3496,211030.8,284881.91733
1785942000000,1.3496,1.35,1.3395,1.34,189561.1,254855.86829
1785945600000,1.34,1.3454,1.3351,1.3433,154019.5,206473.51553
1785949200000,1.3433,1.3549,1.3433,1.3521,176335.5,238234.68039
1785952800000,1.3521,1.3522,1.3467,1.3482,106614.3,143909.34373
1785956400000,1.3482,1.3488,1.3456,1.3483,62151.2,83724.44931
1785960000000,1.3483,1.3554,1.3454,1.3501,76764.5,103739.68649
1785963600000,1.3501,1.3542,1.3465,1.3482,73134.4,98825.83688
1785967200000,1.3482,1.3531,1.3471,1.3508,46552.2,62868.83398
1785970800000,1.3508,1.3569,1.3499,1.3531,113196.4,153228.5516
1785974400000,1.3531,1.3597,1.3511,1.3569,132204.7,179251.52543
1785978000000,1.3569,1.3649,1.348,1.3496,197302.8,267720.216
1785981600000,1.3496,1.3523,1.3252,1.3367,457040.4,611495.49041
1785985200000,1.3367,1.3415,1.3338,1.337,212943.9,284773.67448
1785988800000,1.337,1.339,1.3313,1.3373,181636.6,242517.15155
1785992400000,1.3373,1.3381,1.3312,1.3323,106550.3,142244.42347
1785996000000,1.3323,1.3413,1.3313,1.3394,113398.2,151565.5374
1785999600000,1.3394,1.3394,1.3358,1.337,62021.3,82965.29713
1786003200000,1.337,1.34,1.3348,1.3368,44464.0,59437.79098
1786006800000,1.3368,1.3368,1.3291,1.3316,122638.5,163324.3514
1786010400000,1.3316,1.3348,1.3275,1.3323,83332.5,110965.48877
1786014000000,1.3323,1.3383,1.3282,1.3344,136012.2,181268.24764
1786017600000,1.3344,1.3351,1.3256,1.3261,108252.4,144072.89188
1786021200000,1.3261,1.3419,1.3255,1.3404,166882.2,222537.82111
1786024800000,1.3404,1.3468,1.3385,1.3465,173112.2,232433.56157
1786028400000,1.3465,1.3896,1.346,1.3849,890353.9,1218969.45415
1786032000000,1.3849,1.3971,1.3701,1.3885,869859.0,1204028.64905
1786035600000,1.3885,1.3902,1.3677,1.368,330591.1,455349.47364
1786039200000,1.368,1.3696,1.361,1.3614,317618.9,433913.59634
1786042800000,1.3614,1.3646,1.3568,1.3578,126507.6,172031.50941
1786046400000,1.3578,1.3613,1.357,1.3571,96436.4,131090.16207
1786050000000,1.3571,1.3662,1.3568,1.3612,112776.8,153485.65255
1786053600000,1.3612,1.3614,1.3482,1.354,163297.2,221142.09626
1786057200000,1.354,1.354,1.3492,1.3517,71567.0,96743.89461
1786060800000,1.3517,1.3563,1.349,1.3539,161001.8,217757.15078
1786064400000,1.3539,1.3586,1.3527,1.3541,82041.3,111220.11359
1786068000000,1.3541,1.358,1.3508,1.3512,79143.0,107145.44348
1786071600000,1.3512,1.3579,1.3499,1.3549,92577.0,125328.86049
1786075200000,1.3549,1.3562,1.3474,1.3495,66037.5,89304.51459
1786078800000,1.3495,1.352,1.3462,1.3513,59165.5,79842.7049
1786082400000,1.3513,1.354,1.3496,1.3501,64428.4,87104.32559
1786086000000,1.3501,1.3522,1.3479,1.3504,57215.6,77267.92957
1786089600000,1.3504,1.3616,1.3499,1.3596,140362.0,190526.17355
1786093200000,1.3596,1.3634,1.3544,1.3546,108317.9,147137.22466
1786096800000,1.3546,1.3577,1.3477,1.3477,87786.1,118685.13632
1786100400000,1.3477,1.3499,1.3423,1.343,155162.3,208941.19663
1786104000000,1.343,1.3496,1.3401,1.3431,193559.3,260138.96175
1786107600000,1.3431,1.3448,1.3392,1.3399,106954.5,143491.22248
1786111200000,1.3399,1.3419,1.3339,1.336,190632.8,254993.25593
1786114800000,1.336,1.3696,1.3347,1.3531,537403.9,726444.59291
1786118400000,1.3531,1.3638,1.3514,1.3589,321885.1,436953.19545
1786122000000,1.3589,1.3603,1.3469,1.3506,202120.8,273755.56236
1786125600000,1.3506,1.3516,1.3426,1.3446,71952.3,96848.15139
1786129200000,1.3446,1.3484,1.3439,1.3461,99718.2,134258.65411
1786132800000,1.3461,1.3568,1.3453,1.3551,106477.2,143876.26358
1786136400000,1.3551,1.3597,1.3504,1.3509,81258.7,110239.5489
1786140000000,1.3509,1.3562,1.3504,1.3534,17699.5,23958.29145
1786143600000,1.3534,1.3619,1.3532,1.3619,45755.6,62176.04519
1786147200000,1.3619,1.3646,1.3597,1.3634,64546.5,87957.39588
1786150800000,1.3634,1.3755,1.3622,1.3699,148151.4,203012.53784
1786154400000,1.3699,1.3727,1.3666,1.3669,59932.3,82105.17593
1786158000000,1.3669,1.3714,1.3636,1.3705,44746.6,61213.96264
1786161600000,1.3705,1.3753,1.3673,1.3697,104961.3,143846.68427
1786165200000,1.3697,1.3841,1.3696,1.3766,221657.9,305540.05449
1786168800000,1.3766,1.3786,1.3705,1.3716,238166.9,327231.32997
1786172400000,1.3716,1.3727,1.3679,1.3695,51876.0,71091.81719
1786176000000,1.3695,1.3828,1.3692,1.3793,145012.7,199517.1146
1786179600000,1.3793,1.3902,1.3763,1.3865,182726.1,253108.15904
1786183200000,1.3865,1.3998,1.3864,1.3971,242982.2,338416.20249
1786186800000,1.3971,1.3996,1.3868,1.3981,161967.3,225465.93486
1786190400000,1.3981,1.3988,1.3914,1.3946,119710.8,167009.05644
1786194000000,1.3946,1.4029,1.3918,1.3952,213596.9,298621.75045
1786197600000,1.3952,1.4007,1.3831,1.3888,699344.9,973015.14089
1786201200000,1.3888,1.3911,1.382,1.3905,144217.0,199897.47985
1786204800000,1.3905,1.3912,1.3841,1.3874,123191.6,170800.46409
1786208400000,1.3874,1.3888,1.3825,1.3856,102665.3,142241.54767
1786212000000,1.3856,1.3866,1.379,1.3817,135135.4,186996.89887
1786215600000,1.3817,1.382,1.3785,1.3796,36396.1,50222.13245
1786219200000,1.3796,1.3861,1.3791,1.3841,60687.7,83922.6965
1786222800000,1.3841,1.3875,1.3811,1.3823,66110.3,91476.41511
1786226400000,1.3823,1.3866,1.3817,1.3837,45449.2,62942.86381
1786230000000,1.3837,1.3875,1.3833,1.3864,37538.2,52008.04731
1786233600000,1.3864,1.3864,1.3796,1.3837,96364.6,133225.6099
1786237200000,1.3837,1.3872,1.3806,1.3813,55063.1,76270.163
1786240800000,1.3813,1.3813,1.3767,1.3782,52140.2,71898.16892
1786244400000,1.3782,1.3813,1.3699,1.38,95629.5,131462.27992
1786248000000,1.38,1.3896,1.3772,1.3828,73694.8,102060.7506
1786251600000,1.3828,1.3837,1.3715,1.3747,97158.7,133750.0962
1786255200000,1.3747,1.3859,1.3746,1.3821,68791.0,94944.68749
1786258800000,1.3821,1.3834,1.373,1.3763,68906.1,94930.88628
1786262400000,1.3763,1.3787,1.3744,1.3783,48117.0,66232.4241
1786266000000,1.3783,1.3835,1.376,1.3825,34084.3,47026.9758
1786269600000,1.3825,1.3825,1.3757,1.3795,58192.1,80250.84982
1786273200000,1.3795,1.3795,1.3673,1.3716,84788.8,116299.30937
1786276800000,1.3716,1.378,1.3707,1.3736,99810.8,137170.83159
1786280400000,1.3736,1.377,1.3722,1.374,68291.0,93858.42894
1786284000000,1.374,1.3865,1.3726,1.3826,115159.3,158930.34377
1786287600000,1.3826,1.3873,1.3805,1.3846,76883.4,106448.86231
1786291200000,1.3846,1.3925,1.3831,1.387,155124.6,215246.11551
1786294800000,1.387,1.391,1.3829,1.3874,37184.6,51576.94456
1786298400000,1.3874,1.388,1.3816,1.3854,60493.5,83769.45386
1786302000000,1.3854,1.387,1.3765,1.382,68319.7,94380.47714
1786305600000,1.382,1.3898,1.3803,1.3882,71815.0,99535.59785
1786309200000,1.3882,1.3912,1.386,1.39,39857.3,55388.36971
1786312800000,1.39,1.395,1.3806,1.384,169587.5,235637.57232
1786316400000,1.384,1.3848,1.3639,1.3731,198679.6,272709.79537
1786320000000,1.3731,1.3821,1.3693,1.371,127302.6,174973.44176
1786323600000,1.371,1.3773,1.3672,1.3745,128192.5,175788.73844
1786327200000,1.3745,1.3745,1.3684,1.3733,121802.8,167038.99153
1786330800000,1.3733,1.3733,1.3671,1.3678,52767.7,72245.49711
1786334400000,1.3678,1.3788,1.3677,1.3736,199791.6,274310.84194
1786338000000,1.3736,1.3818,1.3732,1.3809,43851.9,60438.65482
1786341600000,1.3809,1.382,1.3766,1.3771,74634.5,102958.41111
1786345200000,1.3771,1.3814,1.3759,1.3798,45706.2,63016.57487
1786348800000,1.3798,1.3828,1.3759,1.3796,42265.8,58296.50267
1786352400000,1.3796,1.3839,1.3771,1.3799,65589.6,90582.08964
1786356000000,1.3799,1.38,1.3741,1.375,51087.3,70323.90742
1786359600000,1.375,1.3785,1.3731,1.3776,51023.3,70228.07584
1786363200000,1.3776,1.3858,1.3776,1.3802,147085.1,203302.70542
1786366800000,1.3802,1.3828,1.3732,1.3828,104775.6,144459.68535
1786370400000,1.3828,1.3896,1.3802,1.3808,139535.5,193213.7927
1786374000000,1.3808,1.4112,1.3783,1.409,593172.5,828246.74208
1786377600000,1.409,1.4202,1.4011,1.4133,716127.3,1010416.55041
1786381200000,1.4133,1.4292,1.4121,1.4223,340027.8,482762.61414
1786384800000,1.4223,1.4242,1.401,1.4136,423738.4,597350.32497
1786388400000,1.4136,1.4157,1.4055,1.406,137740.5,194466.64202
1786392000000,1.406,1.4118,1.3991,1.4007,256805.5,360969.57939
1786395600000,1.4007,1.4091,1.3983,1.3999,224965.9,315618.3535
1786399200000,1.3999,1.4013,1.3933,1.3951,147854.7,206641.80098
1786402800000,1.3951,1.4019,1.3941,1.3989,66832.8,93460.30932
1786406400000,1.3989,1.4043,1.3917,1.4015,125743.4,175761.37939
1786410000000,1.4015,1.4055,1.3961,1.4005,87706.1,122877.5663
1786413600000,1.4005,1.405,1.3978,1.3979,58927.3,82608.02271
1786417200000,1.3979,1.3979,1.3928,1.3929,98924.2,138045.51128
1786420800000,1.3929,1.3944,1.3897,1.3902,86393.5,120207.06657
1786424400000,1.3902,1.3951,1.3875,1.3887,175853.1,244581.42909
1786428000000,1.3887,1.3936,1.3866,1.3931,209004.3,290263.46434
1786431600000,1.3931,1.4021,1.3896,1.4015,226300.8,315825.01117
1786435200000,1.4015,1.406,1.394,1.406,135620.6,189740.24909
1786438800000,1.406,1.414,1.402,1.413,103523.0,145789.76196
1786442400000,1.413,1.419,1.407,1.418,124175.4,175410.97739
1786446000000,1.418,1.427,1.414,1.424,159519.0,226737.62607
1786449600000,1.424,1.4272,1.416,1.42,92849.3,131883.1381
1786453200000,1.42,1.431,1.419,1.427,201445.5,287539.81074
1786456800000,1.427,1.431,1.411,1.415,245217.4,348730.9094
1786460400000,1.415,1.422,1.408,1.417,161763.9,228836.2967
1786464000000,1.417,1.423,1.415,1.422,168250.1,238667.0708
1786467600000,1.422,1.442,1.419,1.437,441380.4,633270.62913
1786471200000,1.437,1.443,1.426,1.432,172528.0,247659.15888
1786474800000,1.432,1.44,1.425,1.436,83652.1,119832.8057
1786478400000,1.436,1.44,1.431,1.437,85810.4,123162.5327
1786482000000,1.437,1.444,1.436,1.437,77990.0,112357.25295
1786485600000,1.437,1.444,1.435,1.438,113296.1,163110.2902
1786489200000,1.438,1.442,1.434,1.434,36120.8,51992.0208
1786492800000,1.434,1.437,1.429,1.431,140091.5,200577.1766
1786496400000,1.431,1.441,1.431,1.438,59627.3,85661.6181
1786500000000,1.438,1.446,1.438,1.439,55758.2,80381.13594
1786503600000,1.439,1.445,1.436,1.442,109348.0,157599.9964
1786507200000,1.442,1.446,1.424,1.424,76464.5,109554.4416
1786510800000,1.424,1.431,1.422,1.427,34854.5,49749.0916
1786514400000,1.427,1.43,1.417,1.42,170724.3,243160.0212
1786518000000,1.42,1.428,1.418,1.423,121027.2,172073.9654
1786521600000,1.423,1.423,1.414,1.415,45540.5,64567.6955
1786525200000,1.415,1.424,1.413,1.416,51321.1,72801.6609
1786528800000,1.416,1.418,1.409,1.413,129779.1,183394.6589
1786532400000,1.413,1.416,1.41,1.415,80973.1,114435.9086
1786536000000,1.415,1.425,1.41,1.416,116075.1,164443.244
1786539600000,1.416,1.42,1.41,1.418,104356.7,147649.4848
1786543200000,1.418,1.422,1.406,1.406,156999.0,221724.4132
1786546800000,1.406,1.414,1.402,1.409,125803.9,176905.3554
1786550400000,1.409,1.412,1.401,1.404,127653.0,179413.7547
1786554000000,1.404,1.406,1.397,1.398,93189.0,130479.6043
1786557600000,1.398,1.402,1.395,1.396,92290.3,129058.6766
1786561200000,1.396,1.399,1.391,1.393,77690.7,108331.48526
1786564800000,1.393,1.4,1.393,1.398,75044.9,104843.9049
1786568400000,1.398,1.403,1.391,1.394,92944.2,129947.8819
1786572000000,1.394,1.402,1.392,1.398,18390.3,25697.4154
1786575600000,1.398,1.399,1.394,1.399,18453.3,25769.2676
1786579200000,1.399,1.41,1.393,1.403,214272.8,300671.7713
1786582800000,1.403,1.405,1.396,1.403,65038.9,90978.4584
1786586400000,1.403,1.404,1.392,1.394,44616.7,62285.4773
1786590000000,1.394,1.396,1.391,1.393,44331.7,61801.8847
1786593600000,1.393,1.4,1.393,1.397,63981.3,89310.1202
1786597200000,1.397,1.405,1.396,1.4,34390.7,48183.8074
1786600800000,1.4,1.409,1.399,1.407,98850.9,138814.7578
1786604400000,1.407,1.409,1.406,1.406,39081.9,54998.8091
1786608000000,1.406,1.412,1.406,1.41,28020.9,39500.8111
1786611600000,1.41,1.419,1.407,1.417,118993.7,168225.4274
1786615200000,1.417,1.418,1.411,1.412,83771.0,118493.4802
1786618800000,1.412,1.461,1.412,1.452,778260.4,1123296.39707
1786622400000,1.452,1.479,1.447,1.474,599970.6,876786.33414
1786626000000,1.474,1.506,1.47,1.496,908254.4,1354283.94348
1786629600000,1.496,1.5245,1.495,1.523,606289.4,915717.78367
1786633200000,1.523,1.53,1.507,1.516,378165.6,574138.64197
1786636800000,1.516,1.52,1.49,1.502,426291.3,639648.2787
1786640400000,1.502,1.518,1.502,1.517,187761.1,283641.2083
1786644000000,1.517,1.518,1.504,1.504,228522.6,345601.637
1786647600000,1.504,1.515,1.503,1.51,221290.4,333987.5051
1786651200000,1.51,1.518,1.507,1.515,111823.3,169229.7711
1786654800000,1.515,1.521,1.508,1.509,87944.2,133266.1287
1786658400000,1.509,1.516,1.504,1.505,107749.9,162577.5953
1786662000000,1.505,1.509,1.499,1.499,82066.6,123356.8866
1786665600000,1.499,1.512,1.499,1.506,103708.0,156109.1305
1786669200000,1.506,1.527,1.505,1.525,114310.5,173476.1463
1786672800000,1.525,1.556,1.524,1.547,543303.5,837841.12025
1786676400000,1.547,1.549,1.528,1.54,269764.7,415480.1153
1786680000000,1.54,1.542,1.525,1.532,147668.6,226672.9556
1786683600000,1.532,1.542,1.527,1.541,204448.1,313628.6719
1786687200000,1.541,1.566,1.539,1.548,580313.9,901778.5336
1786690800000,1.548,1.552,1.536,1.549,284856.0,439347.5218
1786694400000,1.549,1.55,1.523,1.542,393689.6,604402.0921
1786698000000,1.542,1.559,1.535,1.547,331139.0,512764.2573
1786701600000,1.547,1.571,1.547,1.559,462796.8,722125.97813
1786705200000,1.559,1.561,1.535,1.555,514702.9,796823.948
1786708800000,1.555,1.561,1.531,1.534,241021.9,371273.8145
1786712400000,1.534,1.536,1.522,1.527,399397.5,609734.5983
1786716000000,1.527,1.533,1.516,1.519,424284.1,647439.7637
1786719600000,1.519,1.524,1.512,1.52,233943.5,355158.4489
1786723200000,1.52,1.52,1.51,1.517,209537.0,317348.8477
1786726800000,1.517,1.525,1.512,1.513,128819.7,195605.6049
1786730400000,1.513,1.514,1.497,1.498,231197.8,347661.6203
1786734000000,1.498,1.498,1.484,1.489,243035.4,362442.5466
1786737600000,1.489,1.498,1.474,1.487,400040.4,594776.6928
1786741200000,1.487,1.489,1.478,1.485,73444.8,109181.2413
1786744800000,1.485,1.505,1.481,1.498,252006.7,376806.5083
1786748400000,1.498,1.512,1.498,1.511,57381.8,86359.3778
1786752000000,1.511,1.512,1.5,1.504,84844.5,127716.7798
1786755600000,1.504,1.505,1.496,1.496,86214.2,129211.3519
1786759200000,1.496,1.506,1.493,1.504,108126.0,162075.4086
1786762800000,1.504,1.508,1.495,1.499,66788.0,100232.0715
1786766400000,1.499,1.5,1.496,1.497,54183.9,81158.4512
1786770000000,1.497,1.502,1.49,1.491,105951.4,158459.6483
1786773600000,1.491,1.493,1.483,1.484,139315.3,207185.9215
1786777200000,1.484,1.486,1.48,1.484,102501.5,151984.1547
1786780800000,1.484,1.484,1.476,1.482,133829.6,197789.6836
1786784400000,1.482,1.491,1.479,1.491,145713.7,216620.8595
1786788000000,1.491,1.494,1.481,1.482,62872.7,93402.3609
1786791600000,1.482,1.483,1.477,1.479,70786.9,104807.3345
1786795200000,1.479,1.479,1.465,1.465,228378.7,336011.4183
1786798800000,1.465,1.469,1.463,1.466,164590.4,241311.7626
1786802400000,1.466,1.475,1.466,1.469,142184.9,209189.4263
1786806000000,1.469,1.476,1.461,1.475,153409.0,225095.6668
1786809600000,1.475,1.477,1.466,1.475,113728.3,167185.5123
1786813200000,1.475,1.476,1.469,1.47,35555.2,52366.4442
1786816800000,1.47,1.47,1.465,1.468,47049.6,69058.5783
1786820400000,1.468,1.476,1.467,1.473,99200.7,146024.0119
1786824000000,1.473,1.474,1.467,1.471,101260.0,148896.5573
1786827600000,1.471,1.474,1.469,1.471,57594.8,84770.7952
1786831200000,1.471,1.478,1.47,1.478,42451.6,62668.8168
1786834800000,1.478,1.48,1.471,1.473,95761.9,141387.0318
1786838400000,1.473,1.482,1.469,1.48,59160.9,87400.4345
1786842000000,1.48,1.5,1.478,1.498,340483.1,507747.4487
1786845600000,1.498,1.499,1.483,1.485,262027.5,390656.9145
1786849200000,1.485,1.487,1.476,1.476,140309.6,207662.9454
1786852800000,1.476,1.489,1.473,1.485,171974.0,254447.7092
1786856400000,1.485,1.489,1.471,1.478,186547.0,275914.9015
1786860000000,1.478,1.48,1.475,1.479,64214.8,94862.5648
1786863600000,1.479,1.493,1.478,1.487,104539.8,155195.4456
1786867200000,1.487,1.498,1.484,1.496,336239.5,502109.6922
1786870800000,1.496,1.504,1.49,1.492,258812.8,387941.2305
1786874400000,1.492,1.501,1.492,1.494,109264.6,163491.8058
1786878000000,1.494,1.496,1.491,1.496,55194.2,82397.1953
1786881600000,1.496,1.497,1.486,1.488,138080.3,205966.0243
1786885200000,1.488,1.489,1.476,1.477,144440.5,214056.4959
1786888800000,1.477,1.484,1.474,1.478,164257.0,242783.1538
1786892400000,1.478,1.486,1.478,1.481,116311.6,172316.2461
1786896000000,1.481,1.486,1.476,1.477,70429.0,104346.229
1786899600000,1.477,1.477,1.467,1.468,116973.3,171955.9474
1786903200000,1.468,1.471,1.463,1.467,139325.0,204273.7989
1786906800000,1.467,1.472,1.466,1.467,108397.8,159245.4144
1786910400000,1.467,1.47,1.459,1.463,133423.8,195128.3487
1786914000000,1.463,1.467,1.456,1.458,182869.5,267079.9573
1786917600000,1.458,1.458,1.447,1.454,204116.9,296465.839
1786921200000,1.454,1.457,1.452,1.453,44914.6,65305.8022
1786924800000,1.453,1.459,1.452,1.452,83710.2,121821.5665
1786928400000,1.452,1.459,1.448,1.451,74261.0,108007.914
1786932000000,1.451,1.464,1.446,1.459,211175.2,307080.6219
1786935600000,1.459,1.459,1.452,1.457,127756.2,185920.8311
1786939200000,1.457,1.461,1.45,1.45,148966.2,216856.6199
1786942800000,1.45,1.456,1.45,1.454,41442.3,60174.9958
1786946400000,1.454,1.456,1.451,1.455,89513.5,130194.7614
1786950000000,1.455,1.461,1.451,1.46,132767.2,193216.0866
1786953600000,1.46,1.464,1.444,1.444,365416.3,531200.0744
1786957200000,1.444,1.446,1.431,1.434,391348.6,562425.7228
1786960800000,1.434,1.443,1.431,1.441,207684.0,298134.6587
1786964400000,1.441,1.448,1.438,1.44,112567.3,162449.516
1786968000000,1.44,1.442,1.418,1.421,488561.2,698452.5348
1786971600000,1.421,1.432,1.417,1.424,328221.6,466565.4604
1786975200000,1.424,1.424,1.415,1.416,127212.4,180653.296
1786978800000,1.416,1.418,1.407,1.412,373765.7,528050.42
1786982400000,1.412,1.419,1.408,1.412,273465.0,386337.5712
1786986000000,1.412,1.413,1.405,1.413,150386.1,211888.7816
1786989600000,1.413,1.419,1.41,1.412,181715.1,256939.5406
1786993200000,1.412,1.415,1.408,1.408,94161.6,132919.1797
1786996800000,1.408,1.423,1.4,1.422,545992.8,769369.0541
1787000400000,1.422,1.423,1.414,1.419,52019.9,73787.2781
1787004000000,1.419,1.422,1.414,1.418,55145.9,78235.3381
1787007600000,1.418,1.42,1.411,1.411,168777.6,238985.1024
1787011200000,1.411,1.419,1.401,1.418,365186.9,514163.7061
1787014800000,1.418,1.422,1.416,1.421,134482.8,190881.3187
1787018400000,1.421,1.426,1.406,1.411,151085.4,214196.5422
1787022000000,1.411,1.416,1.405,1.405,116107.8,163792.9862
1787025600000,1.405,1.416,1.404,1.415,75446.7,106425.4096
1787029200000,1.415,1.415,1.405,1.407,62755.1,88439.188
1787032800000,1.407,1.407,1.396,1.396,136799.4,191544.7284
1787036400000,1.396,1.399,1.391,1.396,96037.9,134095.1347
1787040000000,1.396,1.396,1.377,1.379,396092.5,548567.93187
1787043600000,1.379,1.384,1.377,1.382,161624.2,223109.942
1787047200000,1.382,1.388,1.376,1.387,192298.0,266048.33137
1787050800000,1.387,1.4,1.386,1.395,192096.6,268172.6101
1787054400000,1.395,1.397,1.384,1.389,214685.7,298359.4002
1787058000000,1.389,1.397,1.386,1.39,124310.7,173013.1609
1787061600000,1.39,1.406,1.39,1.398,351132.9,491521.3174
1787065200000,1.398,1.415,1.398,1.413,200549.3,282837.7267
1787068800000,1.413,1.416,1.402,1.403,130246.4,183740.4449
1787072400000,1.403,1.418,1.403,1.413,146664.5,206772.2554
1787076000000,1.413,1.455,1.409,1.437,583158.7,836958.4223
1787079600000,1.437,1.442,1.424,1.427,227771.2,326264.0828
1787083200000,1.427,1.43,1.421,1.425,183475.4,261573.3377
1787086800000,1.425,1.428,1.415,1.416,89290.3,126904.4817
1787090400000,1.416,1.418,1.411,1.413,82792.5,117107.0085
1787094000000,1.413,1.417,1.409,1.413,81426.6,115048.0466
1787097600000,1.413,1.419,1.406,1.415,190149.2,268409.6845
1787101200000,1.415,1.433,1.414,1.414,520617.3,741801.6597
1787104800000,1.414,1.416,1.409,1.412,148352.8,209574.9962
1787108400000,1.412,1.414,1.407,1.411,94786.2,133672.7316
1787112000000,1.411,1.414,1.409,1.413,73385.9,103617.3698
1787115600000,1.413,1.418,1.409,1.41,63324.3,89510.0568
1787119200000,1.41,1.412,1.406,1.41,76925.6,108387.3087
1787122800000,1.41,1.41,1.404,1.407,40476.1,56973.0888
1787126400000,1.407,1.412,1.405,1.405,79282.4,111691.6193
1787130000000,1.405,1.413,1.402,1.406,144032.3,202572.8965
1787133600000,1.406,1.407,1.398,1.407,94630.5,132771.5922
1787137200000,1.407,1.417,1.406,1.415,54790.8,77302.4531
1787140800000,1.415,1.415,1.402,1.403,121706.8,171479.138
1787144400000,1.403,1.405,1.397,1.403,117022.6,163922.2424
1787148000000,1.403,1.417,1.391,1.412,329243.5,462790.9121
1787151600000,1.412,1.442,1.409,1.428,595514.2,851418.5267
1787155200000,1.428,1.438,1.419,1.432,492537.2,702585.5829
1787158800000,1.432,1.438,1.421,1.429,262171.3,374693.1542
1787162400000,1.429,1.446,1.421,1.445,243703.4,348950.2104
1787166000000,1.445,1.465,1.441,1.46,538489.2,783344.5297
1787169600000,1.46,1.496,1.458,1.492,743428.5,1101142.6659
1787173200000,1.492,1.514,1.487,1.496,703979.4,1057905.1027
1787176800000,1.496,1.504,1.487,1.5,163998.4,245254.7453
1787180400000,1.5,1.5,1.489,1.491,131314.8,196178.5501
1787184000000,1.491,1.498,1.489,1.492,93532.0,139777.2755
1787187600000,1.492,1.494,1.488,1.491,44641.1,66563.0696
1787191200000,1.491,1.491,1.474,1.475,191293.6,283466.0235
1787194800000,1.475,1.476,1.462,1.469,121920.7,179265.7988
1787198400000,1.469,1.476,1.468,1.473,81476.7,119949.2732
1787202000000,1.473,1.476,1.471,1.474,32750.8,48263.1257
1787205600000,1.474,1.481,1.47,1.479,70828.6,104554.2353
1787209200000,1.479,1.48,1.47,1.476,58357.0,86096.0386
1787212800000,1.476,1.502,1.475,1.497,381069.6,568979.4576
1787216400000,1.497,1.506,1.486,1.488,312609.1,467835.1374
1787220000000,1.488,1.499,1.486,1.492,142461.7,212454.2559
1787223600000,1.492,1.499,1.487,1.491,127322.3,190323.5594
1787227200000,1.491,1.492,1.471,1.474,267164.5,395176.0007
1787230800000,1.474,1.488,1.472,1.483,242766.6,359903.3181
1787234400000,1.483,1.491,1.482,1.49,188522.3,280187.1145
1787238000000,1.49,1.501,1.489,1.498,189954.6,284295.5985
1787241600000,1.498,1.507,1.496,1.506,300813.7,451524.4618
1787245200000,1.506,1.524,1.504,1.506,752748.5,1140018.5503
1787248800000,1.506,1.508,1.485,1.486,471612.7,703911.2948
1787252400000,1.486,1.489,1.465,1.479,901335.0,1330931.4405
1787256000000,1.479,1.492,1.476,1.488,141200.0,209522.6214
1787259600000,1.488,1.502,1.486,1.497,296731.8,442825.1593
1787263200000,1.497,1.502,1.492,1.493,86143.6,129023.9753
1787266800000,1.493,1.514,1.493,1.511,228909.2,344361.945
1787270400000,1.511,1.518,1.507,1.514,164765.0,249333.0152
1787274000000,1.514,1.521,1.507,1.516,313528.6,474349.9686
1787277600000,1.516,1.557,1.514,1.525,1693380.4,2597408.9323
1787281200000,1.525,1.537,1.52,1.526,197787.4,301812.1683
1787284800000,1.526,1.54,1.52,1.534,277988.8,426089.5721
1787288400000,1.534,1.543,1.527,1.543,137162.1,210551.5813
1787292000000,1.543,1.545,1.533,1.539,172267.6,265107.7958
1787295600000,1.539,1.567,1.538,1.565,420470.4,653334.5534
1787299200000,1.565,1.594,1.565,1.594,457234.1,723140.24469
1787302800000,1.594,1.595,1.548,1.574,591450.8,929183.84871
1787306400000,1.574,1.579,1.557,1.574,548116.1,860914.7958
1787310000000,1.574,1.575,1.555,1.565,179187.1,280496.1339
1787313600000,1.565,1.567,1.544,1.546,403539.1,627478.7861
1787317200000,1.546,1.571,1.542,1.568,362510.5,564919.7407
1787320800000,1.568,1.578,1.56,1.577,166268.4,260825.1521
1787324400000,1.577,1.584,1.568,1.577,309144.2,486950.2021
1787328000000,1.577,1.58,1.564,1.576,133860.6,210454.7456
1787331600000,1.576,1.58,1.557,1.559,154517.6,241891.4147
1787335200000,1.559,1.569,1.547,1.555,168981.0,263037.62
1787338800000,1.555,1.556,1.542,1.546,198139.3,306370.2748
1787342400000,1.546,1.562,1.54,1.559,135391.8,210373.3863
1787346000000,1.559,1.595,1.557,1.593,248981.6,392854.5045
1787349600000,1.593,1.621,1.588,1.608,443925.1,712092.72652
1787353200000,1.608,1.611,1.592,1.599,186160.5,298555.1651
1787356800000,1.599,1.611,1.584,1.61,217254.9,347109.7922
1787360400000,1.61,1.62,1.597,1.598,169646.7,272923.8499
1787364000000,1.598,1.648,1.598,1.644,626365.6,1017888.5565
1787367600000,1.644,1.6484,1.626,1.635,598366.5,979850.94054
1787371200000,1.635,1.712,1.634,1.71,885187.4,1488303.84399
1787374800000,1.71,1.7172,1.488,1.612,3569232.7,5688137.63812
1787378400000,1.612,1.615,1.585,1.606,183185.1,293509.5777
1787382000000,1.606,1.617,1.592,1.595,94042.3,150580.708
1787385600000,1.595,1.602,1.57,1.591,203461.1,322991.6113
1787389200000,1.591,1.593,1.568,1.572,138299.1,218552.6249
1787392800000,1.572,1.572,1.543,1.563,268230.2,417757.3861
1787396400000,1.563,1.577,1.554,1.574,110749.3,173287.0
1787400000000,1.574,1.587,1.57,1.576,93291.5,147170.6705
1787403600000,1.576,1.591,1.573,1.588,59071.4,93705.0295
1787407200000,1.588,1.59,1.576,1.582,93027.9,147422.3168
1787410800000,1.582,1.584,1.56,1.565,70107.9,109982.3571
1787414400000,1.565,1.592,1.563,1.585,98140.2,155190.5822
1787418000000,1.585,1.597,1.579,1.594,69171.2,109673.1675
1787421600000,1.594,1.603,1.586,1.596,132793.5,211850.8703
1787425200000,1.596,1.607,1.592,1.598,93017.7,148886.2554
1787428800000,1.598,1.603,1.587,1.589,61898.8,98733.834
1787432400000,1.589,1.59,1.562,1.567,173944.6,273793.8708
1787436000000,1.567,1.581,1.56,1.578,96848.6,152264.984
1787439600000,1.578,1.58,1.568,1.576,50236.5,79122.0795
1787443200000,1.576,1.587,1.568,1.582,195605.2,308947.2669
1787446800000,1.582,1.582,1.564,1.567,84463.5,132877.6101
1787450400000,1.567,1.567,1.548,1.549,159446.5,248265.2887
1787454000000,1.549,1.551,1.535,1.541,135842.2,209256.5372
1787457600000,1.541,1.549,1.526,1.527,193486.0,297269.5662
1787461200000,1.527,1.539,1.515,1.525,146090.7,222951.0184
1787464800000,1.525,1.533,1.518,1.53,131408.7,200679.2914
1787468400000,1.53,1.544,1.525,1.541,100727.5,154920.3431
1787472000000,1.541,1.559,1.54,1.555,107911.3,167343.0546
1787475600000,1.555,1.561,1.552,1.559,86089.1,134063.2355
1787479200000,1.559,1.571,1.559,1.561,103055.8,161304.1454
1787482800000,1.561,1.577,1.559,1.577,87245.3,136963.4746
1787486400000,1.577,1.589,1.571,1.589,156123.7,246625.5086
1787490000000,1.589,1.612,1.587,1.606,250182.8,400098.0363
1787493600000,1.606,1.61,1.58,1.6,207553.9,330630.734
1787497200000,1.6,1.605,1.585,1.595,129865.5,207202.3117
1787500800000,1.595,1.606,1.595,1.605,115592.7,185033.4202
1787504400000,1.605,1.618,1.601,1.605,151020.7,242972.46
1787508000000,1.605,1.615,1.603,1.608,46232.6,74469.7056
1787511600000,1.608,1.612,1.603,1.607,44686.6,71887.4942
1787515200000,1.607,1.609,1.595,1.605,76721.6,122834.9407
1787518800000,1.605,1.622,1.604,1.607,99528.4,160556.7357
1787522400000,1.607,1.613,1.598,1.603,59635.0,95577.3765
1787526000000,1.603,1.608,1.594,1.6,82386.5,131878.0175
1787529600000,1.6,1.604,1.571,1.585,147868.4,234805.3116
1787533200000,1.585,1.585,1.556,1.557,148657.6,233280.768
1787536800000,1.557,1.574,1.554,1.566,47404.3,74233.5784
1787540400000,1.566,1.567,1.558,1.562,53988.5,84370.1219
1787544000000,1.562,1.577,1.562,1.57,33324.1,52357.2831
1787547600000,1.57,1.581,1.567,1.575,50127.2,78943.2205
1787551200000,1.575,1.578,1.567,1.571,38273.7,60231.6242
1787554800000,1.571,1.581,1.565,1.566,39789.4,62627.311
1787558400000,1.566,1.569,1.555,1.565,150566.2,235364.0341
1787562000000,1.565,1.576,1.563,1.572,45636.7,71724.107
1787565600000,1.572,1.579,1.564,1.567,59712.8,93943.4042
1787569200000,1.567,1.582,1.56,1.579,67525.7,106140.2388
1787572800000,1.579,1.579,1.558,1.576,271810.9,427127.845
1787576400000,1.576,1.584,1.537,1.549,389321.1,607048.938
1787580000000,1.549,1.568,1.544,1.565,145215.8,225945.2003
1787583600000,1.565,1.577,1.551,1.555,222338.5,347785.5396
1787587200000,1.555,1.567,1.548,1.552,63444.6,98823.2081
1787590800000,1.552,1.555,1.528,1.542,134155.7,206389.1207
1787594400000,1.542,1.549,1.536,1.538,67620.1,104332.9614
1787598000000,1.538,1.542,1.53,1.532,60019.7,92075.535
1787601600000,1.532,1.538,1.525,1.536,76441.7,117071.4748
1787605200000,1.536,1.546,1.536,1.545,28169.7,43406.5355
1787608800000,1.545,1.545,1.525,1.528,142881.3,219186.4731
1787612400000,1.528,1.528,1.505,1.521,353163.6,535086.0178
1787616000000,1.521,1.528,1.505,1.525,422567.7,641137.4424
1787619600000,1.525,1.53,1.512,1.525,188749.5,287513.0017
1787623200000,1.525,1.55,1.522,1.541,270074.0,415349.7338
1787626800000,1.541,1.556,1.538,1.542,302243.0,468166.854
1787630400000,1.542,1.555,1.542,1.55,187964.0,291559.2041
1787634000000,1.55,1.559,1.549,1.554,116695.3,181591.8389
1787637600000,1.554,1.555,1.524,1.529,240942.6,370682.5784
1787641200000,1.529,1.544,1.517,1.53,182463.5,279710.9429
1787644800000,1.53,1.551,1.529,1.534,155166.6,238933.5714
1787648400000,1.534,1.545,1.523,1.529,131903.2,202289.8252
1787652000000,1.529,1.563,1.526,1.549,262897.9,407358.6777
1787655600000,1.549,1.556,1.541,1.543,109242.3,169251.1564
1787659200000,1.543,1.544,1.523,1.536,194647.5,298313.0751
1787662800000,1.536,1.544,1.507,1.519,344100.4,524109.7474
1787666400000,1.519,1.544,1.515,1.531,204188.5,312798.686
1787670000000,1.531,1.541,1.526,1.538,112309.2,172067.1578
1787673600000,1.538,1.541,1.526,1.531,120056.2,184227.8072
1787677200000,1.531,1.537,1.527,1.534,125177.6,191675.9187
1787680800000,1.534,1.558,1.534,1.536,154032.2,238222.1583
1787684400000,1.536,1.547,1.535,1.543,87090.0,134098.1611
1787688000000,1.543,1.546,1.512,1.518,342884.3,524202.0193
1787691600000,1.518,1.524,1.49,1.514,515465.8,776711.6909
1787695200000,1.514,1.541,1.513,1.531,177925.5,271766.9943
1787698800000,1.531,1.535,1.517,1.521,100163.1,152971.1223
1787702400000,1.521,1.532,1.515,1.531,120765.7,183876.4946
1787706000000,1.531,1.539,1.509,1.516,138452.7,210525.7057
1787709600000,1.516,1.535,1.515,1.533,35120.1,53566.5088
1787713200000,1.533,1.535,1.523,1.529,45837.0,70087.0326
1787716800000,1.529,1.533,1.525,1.527,37673.1,57623.3791
1787720400000,1.527,1.536,1.52,1.533,45636.4,69726.8126
1787724000000,1.533,1.543,1.532,1.537,163444.4,251412.9026
1787727600000,1.537,1.543,1.53,1.532,148769.5,228690.6472
1787731200000,1.532,1.551,1.529,1.54,296234.3,457302.9612
1787734800000,1.54,1.547,1.528,1.534,238382.9,366809.7546
1787738400000,1.534,1.566,1.526,1.564,236350.2,366157.6269
1787742000000,1.564,1.566,1.552,1.564,179049.5,278892.8187
1787745600000,1.564,1.565,1.541,1.558,384465.5,597418.683
1787749200000,1.558,1.565,1.529,1.534,340987.5,526670.0837
1787752800000,1.534,1.539,1.504,1.507,677258.5,1029724.3487
1787756400000,1.507,1.523,1.495,1.506,258316.3,389834.225
1787760000000,1.506,1.51,1.488,1.491,329805.7,494087.0592
1787763600000,1.491,1.512,1.491,1.505,202858.7,304620.85
1787767200000,1.505,1.505,1.491,1.497,138652.4,207710.5047
1787770800000,1.497,1.501,1.483,1.485,162651.0,242361.9414
1787774400000,1.485,1.494,1.48,1.487,233006.6,346676.2312
1787778000000,1.487,1.505,1.486,1.499,145613.6,218071.4679
1787781600000,1.499,1.506,1.495,1.5,105615.0,158564.6682
1787785200000,1.5,1.514,1.497,1.511,430077.9,647750.9111
1787788800000,1.511,1.511,1.494,1.495,138898.0,208916.7294
1787792400000,1.495,1.506,1.489,1.501,164048.6,245816.7623
1787796000000,1.501,1.509,1.499,1.501,51406.9,77364.8923
1787799600000,1.501,1.504,1.488,1.494,73559.3,110023.758
1787803200000,1.494,1.498,1.484,1.492,135044.5,201432.4429
1787806800000,1.492,1.494,1.474,1.492,229655.3,340239.0327
1787810400000,1.492,1.496,1.486,1.491,116594.5,173722.1349
1787814000000,1.491,1.497,1.485,1.497,84771.6,126412.4919
1787817600000,1.497,1.527,1.493,1.518,608595.5,919859.4436
1787821200000,1.518,1.525,1.512,1.52,339599.8,515400.3903
1787824800000,1.52,1.526,1.499,1.512,247842.6,374837.3904
1787828400000,1.512,1.518,1.501,1.509,224769.7,339510.4316
1787832000000,1.509,1.516,1.506,1.509,58610.5,88575.0621
1787835600000,1.509,1.512,1.485,1.493,338570.0,506257.6166
1787839200000,1.493,1.514,1.491,1.512,226927.0,341720.2912
1787842800000,1.512,1.52,1.508,1.514,178097.5,269760.4415
1787846400000,1.514,1.551,1.509,1.541,286448.0,439244.5781
1787850000000,1.541,1.542,1.531,1.532,110830.4,170205.7398
1787853600000,1.532,1.534,1.52,1.528,209595.8,319596.5668
1787857200000,1.528,1.533,1.518,1.523,83214.7,127020.2869
1787860800000,1.523,1.532,1.519,1.529,149458.8,227806.6101
1787864400000,1.529,1.536,1.525,1.533,90533.2,138588.4248
1787868000000,1.533,1.55,1.532,1.549,108621.7,167664.3082
1787871600000,1.549,1.563,1.549,1.561,93971.5,146154.721
1787875200000,1.561,1.578,1.553,1.565,309374.5,484824.4215
1787878800000,1.565,1.579,1.564,1.57,152335.6,239498.7383
1787882400000,1.57,1.572,1.535,1.535,267302.8,414784.2553
1787886000000,1.535,1.538,1.525,1.53,115349.3,176641.4911
1787889600000,1.53,1.536,1.506,1.509,404129.7,613527.9285
1787893200000,1.509,1.519,1.504,1.514,65966.8,99755.4179
1787896800000,1.514,1.519,1.508,1.513,132650.3,200659.6563
1787900400000,1.513,1.513,1.496,1.496,148630.2,223229.5462
1787904000000,1.496,1.506,1.481,1.485,484688.3,725039.4342
1787907600000,1.485,1.494,1.48,1.484,247774.0,368691.5938
1787911200000,1.484,1.489,1.474,1.487,304877.1,451629.5318
1787914800000,1.487,1.495,1.487,1.49,106914.5,159387.8701
1787918400000,1.49,1.502,1.489,1.501,164207.3,245619.7331
1787922000000,1.501,1.506,1.492,1.499,108265.8,162307.0469
1787925600000,1.499,1.514,1.473,1.51,477439.0,712950.9816
1787929200000,1.51,1.519,1.476,1.477,264673.1,397523.6893
1787932800000,1.477,1.479,1.45,1.474,691636.6,1013855.8055
1787936400000,1.474,1.484,1.472,1.48,96676.6,143010.7833
1787940000000,1.48,1.48,1.468,1.479,176916.0,260883.1384
1787943600000,1.479,1.486,1.474,1.475,75980.9,112464.6741
1787947200000,1.475,1.482,1.471,1.48,72919.5,107775.7426
1787950800000,1.48,1.486,1.47,1.473,89151.9,131671.7738
1787954400000,1.473,1.492,1.473,1.48,177278.4,262862.8497
1787958000000,1.48,1.485,1.478,1.481,34903.2,51659.3334
1787961600000,1.481,1.489,1.48,1.485,85641.5,127253.1149
1787965200000,1.485,1.494,1.482,1.491,63364.8,94324.9215
1787968800000,1.491,1.507,1.487,1.5,130711.8,196005.5438
1787972400000,1.5,1.508,1.495,1.498,92501.8,138848.2446
1787976000000,1.498,1.515,1.496,1.509,111383.1,167562.1269
1787979600000,1.509,1.514,1.503,1.508,94964.0,143288.8285
1787983200000,1.508,1.508,1.483,1.486,83751.3,124824.225
1787986800000,1.486,1.493,1.485,1.487,35674.3,53143.9503
1787990400000,1.487,1.488,1.481,1.487,110585.3,164124.046
1787994000000,1.487,1.492,1.482,1.488,46504.2,69209.1741
1787997600000,1.488,1.5,1.486,1.494,81831.9,122376.3053
1788001200000,1.494,1.496,1.49,1.494,44924.9,67133.7324
1788004800000,1.494,1.51,1.494,1.503,169372.3,254645.3848
1788008400000,1.503,1.512,1.5,1.508,123132.1,185399.1461
1788012000000,1.508,1.516,1.505,1.512,70460.2,106518.0498
1788015600000,1.512,1.513,1.503,1.504,70012.9,105550.3922
1788019200000,1.504,1.515,1.5,1.502,148952.5,224691.903
1788022800000,1.502,1.502,1.492,1.495,63659.5,95269.7192
1788026400000,1.495,1.5,1.492,1.499,44592.7,66724.6678
1788030000000,1.499,1.508,1.494,1.496,49976.5,75033.2438
1788033600000,1.496,1.501,1.494,1.497,26881.2,40229.6456
1788037200000,1.497,1.505,1.496,1.5,18568.6,27882.1241
1788040800000,1.5,1.5,1.495,1.499,18333.3,27455.1312
1788044400000,1.499,1.502,1.498,1.501,8493.1,12733.6076
1788048000000,1.501,1.501,1.487,1.49,96870.1,144585.1917
1788051600000,1.49,1.49,1.481,1.482,64415.7,95601.794
1788055200000,1.482,1.495,1.482,1.493,42381.6,63034.1775
1788058800000,1.493,1.497,1.489,1.489,50889.3,75991.5924
1788062400000,1.489,1.49,1.478,1.484,33823.7,50262.6674
1788066000000,1.484,1.489,1.484,1.488,39101.3,58114.8981
1788069600000,1.488,1.491,1.482,1.486,55209.2,82055.8967
1788073200000,1.486,1.487,1.474,1.476,56006.8,82893.5745
1788076800000,1.476,1.481,1.472,1.476,87555.2,129189.8794
1788080400000,1.476,1.477,1.47,1.474,39761.9,58593.4123
1788084000000,1.474,1.485,1.471,1.479,91977.9,135921.8747
1788087600000,1.479,1.488,1.476,1.485,60299.0,89409.918
1788091200000,1.485,1.499,1.483,1.496,123696.7,184220.7422
1788094800000,1.496,1.498,1.487,1.493,33842.6,50501.2004
1788098400000,1.493,1.495,1.486,1.491,36247.1,54023.8861
1788102000000,1.491,1.491,1.481,1.484,80493.4,119532.9455
1788105600000,1.484,1.493,1.478,1.492,63731.2,94706.7392
1788109200000,1.492,1.492,1.482,1.487,73061.6,108757.1824
1788112800000,1.487,1.496,1.481,1.494,72612.7,108173.0652
1788116400000,1.494,1.495,1.483,1.486,57619.2,85789.7286
1788120000000,1.486,1.498,1.476,1.484,76828.4,114396.9661
1788123600000,1.484,1.489,1.459,1.485,328116.4,482472.3607
1788127200000,1.485,1.494,1.467,1.475,130442.3,192950.281
1788130800000,1.475,1.475,1.433,1.455,785917.6,1139519.7943
1788134400000,1.455,1.467,1.449,1.458,140255.4,204391.3322
1788138000000,1.458,1.465,1.453,1.46,99416.4,145077.8725
1788141600000,1.46,1.467,1.447,1.453,83188.3,121049.3377
1788145200000,1.453,1.458,1.449,1.457,28856.5,41976.2201
1788148800000,1.457,1.46,1.451,1.458,57801.3,84088.721
1788152400000,1.458,1.482,1.455,1.48,137904.5,203244.9128
1788156000000,1.48,1.485,1.474,1.481,197661.5,292402.7494
1788159600000,1.481,1.492,1.481,1.488,80882.9,120293.0419
1788163200000,1.488,1.492,1.476,1.479,149003.9,221056.2758
1788166800000,1.479,1.484,1.467,1.47,125772.4,185530.183
1788170400000,1.47,1.48,1.465,1.479,146584.9,215754.6245
1788174000000,1.479,1.479,1.461,1.463,81711.8,120058.461
1788177600000,1.463,1.469,1.455,1.462,84395.2,123393.4912
1788181200000,1.462,1.471,1.457,1.46,45585.2,66723.9761
1788184800000,1.46,1.481,1.46,1.474,107102.8,157466.1326
1788188400000,1.474,1.476,1.461,1.462,92180.7,135337.9746
1788192000000,1.462,1.474,1.462,1.465,74490.8,109237.0246
1788195600000,1.465,1.473,1.463,1.47,34492.8,50603.9389
1788199200000,1.47,1.478,1.467,1.475,83256.2,122546.6538
1788202800000,1.475,1.48,1.469,1.472,67898.0,100053.9287
1788206400000,1.472,1.476,1.465,1.468,66173.9,97293.0261
1788210000000,1.468,1.474,1.463,1.47,46145.7,67741.606
1788213600000,1.47,1.473,1.462,1.466,33021.4,48392.9879
1788217200000,1.466,1.469,1.465,1.467,28603.4,41942.2205
1788220800000,1.467,1.474,1.467,1.469,54237.6,79689.3713
1788224400000,1.469,1.474,1.466,1.471,33403.8,49112.6942
1788228000000,1.471,1.475,1.467,1.475,56402.6,82880.2989
1788231600000,1.475,1.488,1.472,1.487,53778.3,79640.3871
1788235200000,1.487,1.497,1.485,1.486,124015.3,184915.7692
1788238800000,1.486,1.5,1.486,1.497,77572.5,116006.3966
1788242400000,1.497,1.508,1.491,1.495,160391.3,240292.4395
1788246000000,1.495,1.512,1.494,1.502,161083.0,242302.1038
1788249600000,1.502,1.504,1.475,1.482,264904.4,393381.6763
1788253200000,1.482,1.489,1.475,1.478,98924.4,146724.7111
1788256800000,1.478,1.496,1.476,1.493,103608.1,154190.8042
1788260400000,1.493,1.499,1.489,1.492,62417.5,93253.3535
1788264000000,1.492,1.494,1.463,1.469,254388.2,374727.4595
1788267600000,1.469,1.48,1.465,1.478,142811.4,210323.0601
1788271200000,1.478,1.492,1.478,1.487,104983.7,156045.0213
1788274800000,1.487,1.494,1.481,1.491,97399.8,144793.7128
1788278400000,1.491,1.493,1.469,1.48,234109.6,346772.7911
1788282000000,1.48,1.488,1.477,1.478,64646.0,95855.0745
1788285600000,1.478,1.481,1.452,1.468,398765.6,583188.7707
1788289200000,1.468,1.48,1.468,1.469,174415.6,257068.4409
1788292800000,1.469,1.471,1.462,1.468,80953.9,118658.0408
1788296400000,1.468,1.468,1.452,1.461,66254.3,96656.498
1788300000000,1.461,1.463,1.45,1.454,114583.3,166821.4039
1788303600000,1.454,1.463,1.452,1.46,28668.9,41787.6251
1788307200000,1.46,1.465,1.456,1.457,64908.4,94715.1681
1788310800000,1.457,1.46,1.445,1.452,130815.3,189666.0202
1788314400000,1.452,1.459,1.448,1.457,166989.5,242737.5115
1788318000000,1.457,1.469,1.456,1.465,57475.0,84116.797
1788321600000,1.465,1.467,1.456,1.466,94542.9,138293.2259
1788325200000,1.466,1.467,1.453,1.459,71079.9,103722.4257
1788328800000,1.459,1.46,1.452,1.456,84973.7,123692.7499
1788332400000,1.456,1.461,1.451,1.457,99401.3,144724.474
1788336000000,1.457,1.464,1.442,1.45,247575.6,359327.4679
1788339600000,1.45,1.456,1.446,1.456,179264.2,260018.3875
1788343200000,1.456,1.46,1.446,1.452,59996.3,87102.0983
1788346800000,1.452,1.455,1.438,1.441,320579.8,462679.7505
1788350400000,1.441,1.452,1.436,1.446,304848.4,439826.2185
1788354000000,1.446,1.467,1.446,1.463,98743.9,143823.8209
1788357600000,1.463,1.466,1.452,1.453,40228.9,58771.446
1788361200000,1.453,1.458,1.448,1.457,39520.1,57426.8627
1788364800000,1.457,1.461,1.453,1.454,122940.3,179051.5545
1788368400000,1.454,1.462,1.446,1.459,60849.1,88410.0604
1788372000000,1.459,1.462,1.456,1.458,55013.7,80240.3622
1788375600000,1.458,1.46,1.452,1.456,40160.2,58547.0552
1788379200000,1.456,1.462,1.452,1.455,49446.7,71935.6688
1788382800000,1.455,1.456,1.446,1.448,121531.7,176234.3829
1788386400000,1.448,1.448,1.441,1.444,31140.4,44984.6546
1788390000000,1.444,1.453,1.442,1.453,15695.1,22717.1682
1788393600000,1.453,1.455,1.447,1.448,78070.3,113370.0897
1788397200000,1.448,1.469,1.447,1.461,126943.5,185691.4766
1788400800000,1.461,1.467,1.456,1.465,90324.3,131871.4231
1788404400000,1.465,1.465,1.454,1.459,50798.3,74105.1318
1788408000000,1.459,1.469,1.456,1.468,102803.4,150189.2001
1788411600000,1.468,1.472,1.453,1.468,98125.0,143745.6067
1788415200000,1.468,1.49,1.463,1.484,1022764.2,1513594.378
1788418800000,1.484,1.492,1.481,1.489,215941.7,321222.2064
1788422400000,1.489,1.496,1.487,1.494,251358.4,374882.5482
1788426000000,1.494,1.496,1.486,1.49,95705.7,142658.7229
1788429600000,1.49,1.498,1.486,1.497,101716.6,151588.3142
1788433200000,1.497,1.51,1.496,1.501,150871.1,226667.449
1788436800000,1.501,1.527,1.498,1.523,351911.6,532914.9404
1788440400000,1.523,1.524,1.504,1.505,154613.6,234010.2956
1788444000000,1.505,1.522,1.503,1.521,180452.9,272799.8595
1788447600000,1.521,1.525,1.506,1.521,296176.2,448758.8623
1788451200000,1.521,1.526,1.512,1.525,198619.3,302213.1142
1788454800000,1.525,1.527,1.519,1.522,84548.1,128794.0161
1788458400000,1.522,1.525,1.52,1.523,69729.3,106203.9119
1788462000000,1.523,1.53,1.518,1.524,74378.9,113259.2409
1788465600000,1.524,1.524,1.514,1.521,95753.7,145376.1235
1788469200000,1.521,1.523,1.513,1.516,33328.5,50582.3992
1788472800000,1.516,1.516,1.501,1.506,204270.9,307937.6269
1788476400000,1.506,1.509,1.504,1.508,38558.0,58083.0895
1788480000000,1.508,1.513,1.497,1.499,140394.5,211257.1371
1788483600000,1.499,1.507,1.496,1.498,129117.1,193665.2803
1788487200000,1.498,1.506,1.49,1.504,119471.6,178655.685
1788490800000,1.504,1.507,1.501,1.506,56199.6,84608.3485
1788494400000,1.506,1.52,1.506,1.517,88987.3,134804.1514
1788498000000,1.517,1.518,1.505,1.51,65612.1,99249.7895
1788501600000,1.51,1.516,1.504,1.514,115380.3,174223.3817
1788505200000,1.514,1.518,1.51,1.513,69892.9,105798.7847
1788508800000,1.513,1.525,1.513,1.523,167895.2,254765.1336
1788512400000,1.523,1.526,1.512,1.523,94695.4,143861.9493
1788516000000,1.523,1.528,1.517,1.524,66061.0,100652.5044
1788519600000,1.524,1.536,1.524,1.53,105698.9,161886.1543
1788523200000,1.53,1.531,1.45,1.493,1363354.5,2035561.5326
1788526800000,1.493,1.51,1.489,1.504,496114.6,744971.1588
1788530400000,1.504,1.508,1.466,1.477,426519.3,631716.9122
1788534000000,1.477,1.483,1.472,1.482,91817.6,135806.3191
1788537600000,1.482,1.488,1.474,1.484,217373.9,321626.3675
1788541200000,1.484,1.488,1.477,1.481,77496.9,114807.9394
1788544800000,1.481,1.496,1.48,1.492,87999.4,131169.0838
1788548400000,1.492,1.506,1.492,1.5,111174.9,166846.7959
1788552000000,1.5,1.503,1.491,1.502,52170.7,78044.3806
1788555600000,1.502,1.504,1.492,1.493,47233.1,70791.3612
1788559200000,1.493,1.496,1.486,1.486,104341.4,155591.1273
1788562800000,1.486,1.493,1.485,1.492,42890.2,63867.0972
1788566400000,1.492,1.502,1.49,1.498,89575.3,134117.1111
1788570000000,1.498,1.512,1.498,1.507,97513.4,146862.1797
1788573600000,1.507,1.529,1.506,1.529,135344.7,205617.2017
1788577200000,1.529,1.536,1.523,1.535,138889.1,212653.6891
1788580800000,1.535,1.542,1.53,1.536,162444.6,249456.5807
1788584400000,1.536,1.546,1.531,1.538,178739.3,275293.9788
1788588000000,1.538,1.557,1.538,1.554,214158.5,331340.0825
1788591600000,1.554,1.559,1.548,1.552,173880.7,270109.5766
1788595200000,1.552,1.56,1.543,1.558,154148.6,239131.62
1788598800000,1.558,1.562,1.541,1.542,154874.6,240509.4371
1788602400000,1.542,1.543,1.533,1.536,82920.7,127467.8807
1788606000000,1.536,1.539,1.528,1.535,72751.1,111596.0838
1788609600000,1.535,1.551,1.534,1.547,192401.3,297194.146
1788613200000,1.547,1.554,1.543,1.551,76051.4,117720.0848
1788616800000,1.551,1.552,1.543,1.546,72789.1,112612.2008
1788620400000,1.546,1.554,1.54,1.554,202781.0,313422.6671
1788624000000,1.554,1.554,1.545,1.547,69873.1,108344.0209
1788627600000,1.547,1.553,1.544,1.552,47092.8,72938.4404
1788631200000,1.552,1.552,1.543,1.543,50032.7,77402.447
1788634800000,1.543,1.548,1.54,1.54,47112.9,72693.2603
1788638400000,1.54,1.556,1.54,1.547,114291.6,176823.0583
1788642000000,1.547,1.562,1.547,1.56,56570.4,88103.8357
1788645600000,1.56,1.562,1.553,1.558,71096.4,110717.0031
1788649200000,1.558,1.558,1.55,1.554,21882.6,34025.0629
1788652800000,1.554,1.566,1.553,1.555,78111.9,121847.7596
1788656400000,1.555,1.585,1.555,1.578,164370.7,258917.5158
1788660000000,1.578,1.59,1.574,1.59,182619.3,288627.5241
1788663600000,1.59,1.591,1.577,1.59,149250.2,236661.7358
1788667200000,1.59,1.59,1.561,1.564,136885.8,215051.8351
1788670800000,1.564,1.576,1.562,1.572,122683.9,192518.2657
1788674400000,1.572,1.585,1.567,1.577,256598.6,403999.4288
1788678000000,1.577,1.59,1.564,1.589,146702.0,231122.4433
1788681600000,1.589,1.598,1.585,1.598,146004.8,232341.1999
1788685200000,1.598,1.61,1.59,1.591,164993.4,264161.338
1788688800000,1.591,1.602,1.587,1.596,177007.2,282217.1549
1788692400000,1.596,1.602,1.594,1.595,96733.2,154572.1441
1788696000000,1.595,1.597,1.579,1.582,124660.2,198149.719
1788699600000,1.582,1.583,1.574,1.58,140897.9,222451.7252
1788703200000,1.58,1.583,1.55,1.573,361771.1,565857.9473
1788706800000,1.573,1.586,1.565,1.584,190612.2,300768.7937
1788710400000,1.584,1.594,1.579,1.587,96645.4,153305.8185
1788714000000,1.587,1.592,1.579,1.589,62906.0,99822.3021
1788717600000,1.589,1.59,1.578,1.578,59468.3,94232.6248
1788721200000,1.578,1.586,1.574,1.581,135623.6,213961.3974
1788724800000,1.581,1.59,1.576,1.584,88663.9,140546.5595
1788728400000,1.584,1.595,1.584,1.588,38805.8,61689.8564
1788732000000,1.588,1.588,1.574,1.586,85173.0,134486.345
1788735600000,1.586,1.599,1.586,1.595,92529.4,147357.3909
1788739200000,1.595,1.607,1.586,1.587,167538.7,267413.0642
1788742800000,1.587,1.593,1.578,1.582,65456.0,103773.9902
1788746400000,1.582,1.608,1.575,1.6,96398.3,153164.4711
1788750000000,1.6,1.602,1.582,1.583,58782.5,93484.692
1788753600000,1.583,1.589,1.579,1.586,111138.6,175884.2741
1788757200000,1.586,1.601,1.585,1.589,70736.0,112714.1067
1788760800000,1.589,1.607,1.587,1.604,117563.4,187818.8198
1788764400000,1.604,1.631,1.603,1.614,414240.2,669402.835
1788768000000,1.614,1.64,1.614,1.624,289115.6,471044.8896
1788771600000,1.624,1.631,1.621,1.621,156672.1,254755.7354
1788775200000,1.621,1.624,1.607,1.615,172777.6,279117.305
1788778800000,1.615,1.622,1.614,1.62,109007.7,176357.8269
1788782400000,1.62,1.673,1.619,1.672,446928.1,736073.1992
1788786000000,1.672,1.694,1.655,1.664,586028.6,980321.9295
1788789600000,1.664,1.679,1.658,1.668,248859.9,415181.2653
1788793200000,1.668,1.67,1.634,1.638,411847.2,679126.7867
1788796800000,1.638,1.666,1.637,1.664,225951.1,372896.0895
1788800400000,1.664,1.664,1.65,1.65,107481.7,178020.8393
1788804000000,1.65,1.656,1.644,1.647,110681.4,182649.4037
1788807600000,1.647,1.651,1.644,1.651,84391.9,139058.5369
1788811200000,1.651,1.661,1.642,1.658,168295.6,278330.1529
1788814800000,1.658,1.661,1.63,1.631,200720.0,329854.7695
1788818400000,1.631,1.635,1.604,1.617,344754.7,558936.8032
1788822000000,1.617,1.633,1.615,1.628,81830.6,133229.7159
1788825600000,1.628,1.641,1.625,1.638,59611.3,97345.1808
1788829200000,1.638,1.642,1.635,1.642,51192.3,83921.1117
1788832800000,1.642,1.644,1.622,1.622,137588.3,224885.5591
1788836400000,1.622,1.633,1.622,1.633,63077.0,102715.3706
1788840000000,1.633,1.648,1.631,1.637,349300.1,573241.0258
1788843600000,1.637,1.649,1.633,1.643,112069.0,183905.7478
1788847200000,1.643,1.645,1.629,1.635,119105.1,194865.9622
1788850800000,1.635,1.655,1.635,1.653,196136.4,323205.273
1788854400000,1.653,1.665,1.648,1.664,271940.4,450224.8311
1788858000000,1.664,1.675,1.653,1.672,126568.0,210588.4917
1788861600000,1.672,1.682,1.669,1.67,195278.0,327136.9009
1788865200000,1.67,1.699,1.659,1.697,387287.4,652367.0793
1788868800000,1.697,1.768,1.694,1.751,1054391.4,1831985.9853
1788872400000,1.751,1.753,1.706,1.715,804210.5,1392175.0223
1788876000000,1.715,1.778,1.709,1.766,610775.9,1070011.58892
1788879600000,1.766,1.814,1.764,1.806,696123.7,1249199.79493
1788883200000,1.806,1.81,1.777,1.803,398983.6,714874.4103
1788886800000,1.803,1.818,1.793,1.8,342669.8,618930.14023
1788890400000,1.8,1.818,1.784,1.789,368443.4,663849.872
1788894000000,1.789,1.796,1.778,1.792,299919.8,536236.53
1788897600000,1.792,1.817,1.787,1.813,333433.3,601743.1628
1788901200000,1.813,1.848,1.81,1.844,458743.1,839903.90933
1788904800000,1.844,1.869,1.841,1.844,465987.5,863990.51972
1788908400000,1.844,1.871,1.836,1.856,695043.3,1287447.28389
1788912000000,1.856,1.881,1.833,1.836,588427.0,1094441.2252
1788915600000,1.836,1.849,1.821,1.84,498819.7,916164.1662
1788919200000,1.84,1.84,1.805,1.809,236405.9,430542.5505
1788922800000,1.809,1.813,1.796,1.804,144364.9,260441.7874
1788926400000,1.804,1.858,1.804,1.857,283981.9,520469.191
1788930000000,1.857,1.866,1.828,1.838,223742.7,412510.0827
1788933600000,1.838,1.856,1.83,1.847,167012.2,307850.2176
1788937200000,1.847,1.896,1.844,1.887,502950.9,942934.038
1788940800000,1.887,1.975,1.885,1.962,1079491.8,2087381.18923
1788944400000,1.962,2.016,1.956,2.001,1583029.1,3143115.89488
1788948000000,2.001,2.031,1.94,1.969,1827777.0,3627216.64324
1788951600000,1.969,1.97,1.885,1.897,1136705.1,2187787.17
1788955200000,1.897,1.965,1.891,1.929,904150.7,1746517.9305
1788958800000,1.929,1.959,1.929,1.95,429956.9,837805.0665
1788962400000,1.95,1.955,1.892,1.9,517110.9,995465.2397
1788966000000,1.9,1.908,1.844,1.89,799131.3,1493634.2594
1788969600000,1.89,1.9,1.871,1.896,395064.8,745088.5039
1788973200000,1.896,1.896,1.855,1.868,223242.2,417851.4085
1788976800000,1.868,1.885,1.862,1.868,138296.4,259120.2103
1788980400000,1.868,1.878,1.848,1.848,139310.6,259793.7881
1788984000000,1.848,1.869,1.846,1.862,189197.4,351765.0389
1788987600000,1.862,1.87,1.834,1.849,179362.3,331625.9431
1788991200000,1.849,1.854,1.82,1.836,283543.8,521278.0885
1788994800000,1.836,1.861,1.834,1.854,117149.9,216692.0214
1788998400000,1.854,1.866,1.835,1.844,233531.5,432324.9212
1789002000000,1.844,1.872,1.823,1.825,198502.7,367290.0857
1789005600000,1.825,1.896,1.823,1.891,172064.9,320589.3478
1789009200000,1.891,1.892,1.864,1.881,207236.7,389281.8917
1789012800000,1.881,1.884,1.814,1.828,225346.5,415297.2531
1789016400000,1.828,1.854,1.821,1.851,101496.3,186875.2125
1789020000000,1.851,1.851,1.828,1.828,112637.5,206841.8243
1789023600000,1.828,1.834,1.811,1.813,216008.8,393135.4161
1789027200000,1.813,1.824,1.801,1.806,235468.3,426981.1344
1789030800000,1.806,1.82,1.805,1.811,130296.0,236332.1795
1789034400000,1.811,1.821,1.794,1.794,181695.2,327563.3227
1789038000000,1.794,1.807,1.789,1.795,162627.0,292588.0815
1789041600000,1.795,1.821,1.76,1.786,454789.6,813588.0404
1789045200000,1.786,1.808,1.783,1.795,276116.4,495977.0909
1789048800000,1.795,1.807,1.783,1.798,158658.8,284648.3019
1789052400000,1.798,1.799,1.752,1.768,276646.8,489448.6664
1789056000000,1.768,1.78,1.744,1.78,418750.1,738518.1301
1789059600000,1.78,1.806,1.779,1.79,235223.2,421730.3311
1789063200000,1.79,1.815,1.779,1.813,145710.3,261027.3516
1789066800000,1.813,1.813,1.783,1.787,95774.0,171953.6133
1789070400000,1.787,1.816,1.787,1.803,111792.0,202104.6335
1789074000000,1.803,1.808,1.789,1.79,85046.9,152936.6769
1789077600000,1.79,1.805,1.787,1.8,95397.5,171201.7957
1789081200000,1.8,1.805,1.777,1.79,103355.3,184969.4944
1789084800000,1.79,1.824,1.778,1.788,407793.4,733910.7538
1789088400000,1.788,1.814,1.786,1.808,102992.7,186136.8109
1789092000000,1.808,1.82,1.796,1.802,122211.9,220535.7698
1789095600000,1.802,1.808,1.757,1.766,196959.0,349323.1916
1789099200000,1.766,1.776,1.754,1.772,154509.9,272621.2463
1789102800000,1.772,1.772,1.76,1.762,60657.2,107056.4126
1789106400000,1.762,1.767,1.749,1.751,121232.8,213025.5222
1789110000000,1.751,1.766,1.748,1.754,127926.5,224593.2245
1789113600000,1.754,1.769,1.75,1.755,179655.9,315999.1708
1789117200000,1.755,1.761,1.746,1.754,84908.9,148826.2403
1789120800000,1.754,1.762,1.715,1.719,281675.2,487814.7397
1789124400000,1.719,1.727,1.704,1.725,251121.9,430239.7148
1789128000000,1.725,1.744,1.692,1.742,720226.7,1236454.7872
1789131600000,1.742,1.755,1.712,1.753,259311.2,449208.4315
1789135200000,1.753,1.761,1.719,1.735,314741.1,548546.4488
1789138800000,1.735,1.737,1.687,1.695,355476.3,609237.6792
1789142400000,1.695,1.703,1.673,1.678,383673.0,647497.6217
1789146000000,1.678,1.686,1.64,1.649,391066.8,648979.2261
1789149600000,1.649,1.653,1.633,1.639,318894.1,523730.6421
1789153200000,1.639,1.65,1.633,1.645,248101.0,407377.2835
1789156800000,1.645,1.657,1.641,1.646,250662.3,413384.9153
1789160400000,1.646,1.648,1.627,1.628,158035.1,258838.9877
1789164000000,1.628,1.642,1.62,1.629,220566.2,359956.8753
1789167600000,1.629,1.643,1.629,1.639,71818.0,117514.8427
1789171200000,1.639,1.652,1.637,1.644,237477.3,390778.6172
1789174800000,1.644,1.648,1.643,1.647,48701.7,80113.9327
1789178400000,1.647,1.647,1.625,1.63,155239.6,253617.7785
1789182000000,1.63,1.631,1.619,1.629,117624.5,191159.3105
1789185600000,1.629,1.646,1.626,1.64,181120.1,296149.9716
1789189200000,1.64,1.649,1.638,1.644,101046.4,166026.1522
1789192800000,1.644,1.653,1.641,1.646,139867.2,230543.3516
1789196400000,1.646,1.656,1.644,1.647,159408.5,263128.9827
1789200000000,1.647,1.656,1.635,1.635,126663.2,208378.8237
1789203600000,1.635,1.644,1.634,1.638,114154.5,187169.1705
1789207200000,1.638,1.649,1.632,1.637,129850.3,212998.5495
1789210800000,1.637,1.644,1.633,1.644,143513.5,235218.5593
1789214400000,1.644,1.644,1.633,1.634,99428.3,162973.5659
1789218000000,1.634,1.638,1.626,1.633,100387.9,163680.052
1789221600000,1.633,1.636,1.63,1.631,65708.3,107267.8233
1789225200000,1.631,1.641,1.622,1.639,125061.7,203944.0343
1789228800000,1.639,1.641,1.628,1.631,114166.7,186645.627
1789232400000,1.631,1.635,1.624,1.631,63208.8,102964.3079
1789236000000,1.631,1.631,1.614,1.62,260819.0,422323.3466
1789239600000,1.62,1.622,1.605,1.607,246468.3,397554.4369
1789243200000,1.607,1.615,1.604,1.607,160482.1,257945.8085
1789246800000,1.607,1.614,1.607,1.611,63054.3,101568.7259
1789250400000,1.611,1.611,1.601,1.602,92554.4,148594.1455
1789254000000,1.602,1.605,1.589,1.603,214017.0,341377.0212
1789257600000,1.603,1.61,1.599,1.602,116766.9,187220.8324
1789261200000,1.602,1.608,1.598,1.604,59691.9,95620.7763
1789264800000,1.604,1.616,1.604,1.612,61122.5,98367.4798
1789268400000,1.612,1.613,1.594,1.598,136351.3,218451.2696
1789272000000,1.598,1.607,1.591,1.597,230460.0,368354.2834
1789275600000,1.597,1.608,1.597,1.606,58553.9,93860.432
1789279200000,1.606,1.609,1.597,1.599,67618.3,108440.7603
1789282800000,1.599,1.601,1.586,1.587,231339.3,368222.3907
1789286400000,1.587,1.593,1.576,1.577,380408.4,601904.3347
1789290000000,1.577,1.585,1.572,1.582,224700.1,354900.6274
1789293600000,1.582,1.585,1.569,1.573,234366.0,369764.1819
1789297200000,1.573,1.597,1.573,1.59,223710.1,355251.9149
1789300800000,1.59,1.6,1.59,1.599,115840.0,184554.1005
1789304400000,1.599,1.607,1.587,1.607,151038.3,241158.3888
1789308000000,1.607,1.614,1.601,1.605,157381.2,253101.654
1789311600000,1.605,1.607,1.591,1.598,99331.1,158659.1265
1789315200000,1.598,1.604,1.594,1.604,99147.3,158400.7992
1789318800000,1.604,1.61,1.601,1.609,88231.6,141784.4479
1789322400000,1.609,1.616,1.602,1.609,186469.4,300116.6194
1789326000000,1.609,1.611,1.597,1.6,112954.9,180940.4829
1789329600000,1.6,1.607,1.599,1.603,46796.3,74951.26
1789333200000,1.603,1.605,1.594,1.599,128738.0,205817.4151
1789336800000,1.599,1.6,1.568,1.575,218312.9,345271.2171
1789340400000,1.575,1.586,1.574,1.578,69871.7,110434.9332
1789344000000,1.578,1.593,1.568,1.589,164416.9,259902.1577
1789347600000,1.589,1.601,1.583,1.598,57029.5,90750.2067
1789351200000,1.598,1.605,1.593,1.593,63619.1,101643.0687
1789354800000,1.593,1.595,1.585,1.587,112473.6,179094.2002
1789358400000,1.587,1.597,1.586,1.592,97362.3,154901.5343
1789362000000,1.592,1.594,1.581,1.589,94321.8,149536.561
1789365600000,1.589,1.607,1.586,1.603,161168.4,257044.9653
1789369200000,1.603,1.616,1.597,1.599,251771.4,404916.5482
1789372800000,1.599,1.608,1.584,1.588,247109.3,394770.8581
1789376400000,1.588,1.599,1.573,1.592,356405.4,564522.3992
1789380000000,1.592,1.595,1.576,1.578,328087.2,519527.4066
1789383600000,1.578,1.581,1.567,1.572,220710.9,347306.8484
1789387200000,1.572,1.572,1.534,1.537,813977.3,1264399.2575
1789390800000,1.537,1.55,1.527,1.541,240343.3,370080.7497
1789394400000,1.541,1.553,1.533,1.538,358508.9,552485.6422
1789398000000,1.538,1.55,1.534,1.541,133657.4,206161.5706
1789401600000,1.541,1.556,1.532,1.552,293556.1,452475.0432
1789405200000,1.552,1.574,1.548,1.57,257240.7,402139.2221
1789408800000,1.57,1.623,1.568,1.621,772561.9,1233223.5119
1789412400000,1.621,1.623,1.593,1.597,192685.8,308962.7035
1789416000000,1.597,1.609,1.596,1.604,150597.5,241350.6907
1789419600000,1.604,1.605,1.576,1.579,219507.9,348212.0299
1789423200000,1.579,1.586,1.569,1.578,112218.2,176866.9765
1789426800000,1.578,1.582,1.571,1.581,59476.2,93801.32
1789430400000,1.581,1.583,1.571,1.577,99443.7,156861.0094
1789434000000,1.577,1.596,1.574,1.594,119135.9,189002.7705
1789437600000,1.594,1.597,1.583,1.586,73738.3,117217.3542
1789441200000,1.586,1.586,1.575,1.577,76991.8,121569.0728
1789444800000,1.577,1.591,1.577,1.583,141987.9,224721.5713
1789448400000,1.583,1.586,1.571,1.579,165048.4,260615.9929
1789452000000,1.579,1.581,1.564,1.569,127340.6,200293.8636
1789455600000,1.569,1.595,1.568,1.587,233654.9,370332.5488
1789459200000,1.587,1.608,1.581,1.604,358522.5,571954.4355
1789462800000,1.604,1.609,1.591,1.596,212814.7,340335.0112
1789466400000,1.596,1.598,1.582,1.59,110991.3,176163.0366
1789470000000,1.59,1.594,1.572,1.577,175013.7,276749.1809
1789473600000,1.577,1.593,1.561,1.582,390244.4,614979.7719
1789477200000,1.582,1.584,1.55,1.562,302446.5,472673.5395
1789480800000,1.562,1.568,1.536,1.548,460309.9,712861.6327
1789484400000,1.548,1.569,1.543,1.551,226353.3,351877.2553
1789488000000,1.551,1.561,1.546,1.555,149754.9,232495.5783
1789491600000,1.555,1.568,1.547,1.556,102399.7,159122.3445
1789495200000,1.556,1.559,1.497,1.533,1368389.7,2077904.3563
1789498800000,1.533,1.541,1.522,1.535,186714.7,286102.499
1789502400000,1.535,1.54,1.506,1.519,211559.3,321846.2429
1789506000000,1.519,1.519,1.5,1.503,186006.8,281145.4618
1789509600000,1.503,1.513,1.503,1.509,57051.2,86003.8624
1789513200000,1.509,1.521,1.509,1.516,51583.8,78301.3511
1789516800000,1.516,1.52,1.493,1.497,210482.2,316320.6226
1789520400000,1.497,1.504,1.491,1.494,68666.2,102799.0129
1789524000000,1.494,1.506,1.494,1.501,64490.6,96665.8161
1789527600000,1.501,1.51,1.498,1.5,58973.9,88634.8664
1789531200000,1.5,1.512,1.498,1.509,142412.4,214413.2321
1789534800000,1.509,1.51,1.504,1.509,80947.9,121965.8361
1789538400000,1.509,1.51,1.49,1.499,103175.8,154641.1312
1789542000000,1.499,1.505,1.486,1.489,128722.6,192112.8772
1789545600000,1.489,1.489,1.478,1.481,310132.0,460337.9262
1789549200000,1.481,1.495,1.48,1.494,95468.9,142016.1133
1789552800000,1.494,1.494,1.487,1.49,104259.8,155443.1894
1789556400000,1.49,1.509,1.489,1.509,128427.7,192487.1393
1789560000000,1.509,1.512,1.492,1.498,189308.1,284499.2357
1789563600000,1.498,1.509,1.49,1.502,135887.8,203593.9228
1789567200000,1.502,1.502,1.48,1.483,165155.4,245756.6848
1789570800000,1.483,1.489,1.475,1.477,133936.9,198350.7701
1789574400000,1.477,1.486,1.473,1.483,100320.5,148226.438
1789578000000,1.483,1.494,1.475,1.489,117299.3,174041.2536
1789581600000,1.489,1.512,1.471,1.489,346787.4,517057.7947
1789585200000,1.489,1.497,1.466,1.488,246289.7,363519.1372
1789588800000,1.488,1.508,1.484,1.506,162856.3,243832.1006
1789592400000,1.506,1.506,1.488,1.5,91384.9,136883.9574
1789596000000,1.5,1.5,1.487,1.487,73748.2,110094.7621
1789599600000,1.487,1.524,1.483,1.519,211117.5,318323.3264
1789603200000,1.519,1.521,1.508,1.509,157608.4,238943.1732
1789606800000,1.509,1.519,1.507,1.508,67894.3,102701.4757
1789610400000,1.508,1.509,1.499,1.505,51132.4,76918.3001
1789614000000,1.505,1.525,1.505,1.522,69327.6,105106.9831
1789617600000,1.522,1.524,1.513,1.52,99175.7,150708.5257
1789621200000,1.52,1.524,1.514,1.514,62141.7,94415.1351
1789624800000,1.514,1.532,1.513,1.532,125419.2,191123.0913
1789628400000,1.532,1.543,1.527,1.543,246120.4,378251.4389
1789632000000,1.543,1.548,1.537,1.537,239959.4,370231.0315
1789635600000,1.537,1.548,1.529,1.538,226165.0,348444.2411
1789639200000,1.538,1.538,1.524,1.525,135383.5,206957.4235
1789642800000,1.525,1.531,1.519,1.528,168054.0,256014.028
1789646400000,1.528,1.54,1.527,1.528,125815.6,192771.7011
1789650000000,1.528,1.533,1.517,1.528,137827.0,210208.3576
1789653600000,1.528,1.541,1.522,1.533,222180.8,341173.3461
1789657200000,1.533,1.556,1.53,1.555,220242.3,339884.4625
1789660800000,1.555,1.564,1.548,1.56,215600.8,336011.8342
1789664400000,1.56,1.57,1.557,1.558,152030.2,237782.6484
1789668000000,1.558,1.558,1.545,1.546,108640.4,168568.5462
1789671600000,1.546,1.562,1.545,1.556,148986.3,231535.368
1789675200000,1.556,1.568,1.556,1.566,48939.8,76422.9325
1789678800000,1.566,1.566,1.558,1.558,96034.0,150044.2535
1789682400000,1.558,1.564,1.55,1.564,74712.2,116152.7385
1789686000000,1.564,1.582,1.562,1.575,248453.0,391030.9786
1789689600000,1.575,1.583,1.569,1.583,190541.7,300160.0174
1789693200000,1.583,1.593,1.578,1.588,120064.9,190354.8797
1789696800000,1.588,1.597,1.583,1.591,128382.4,204072.5896
1789700400000,1.591,1.622,1.588,1.62,319724.1,513673.0259
1789704000000,1.62,1.631,1.608,1.625,314700.2,509785.8698
1789707600000,1.625,1.631,1.618,1.626,189345.4,307413.9391
1789711200000,1.626,1.644,1.625,1.641,339873.7,556024.8264
1789714800000,1.641,1.657,1.639,1.639,210714.1,347127.7518
1789718400000,1.639,1.653,1.631,1.652,220428.8,361707.1333
1789722000000,1.652,1.663,1.643,1.659,291637.9,482402.4895
1789725600000,1.659,1.673,1.652,1.653,284904.6,473486.4604
1789729200000,1.653,1.658,1.63,1.639,394543.5,646661.8537
1789732800000,1.639,1.657,1.635,1.656,150195.2,246967.851
1789736400000,1.656,1.688,1.644,1.666,781125.5,1306462.2725
1789740000000,1.666,1.687,1.664,1.683,350451.1,586689.3539
1789743600000,1.683,1.695,1.671,1.687,191177.4,321776.7881
1789747200000,1.687,1.692,1.668,1.671,154981.8,260727.9176
1789750800000,1.671,1.677,1.661,1.675,113499.2,189503.8738
1789754400000,1.675,1.677,1.647,1.67,320532.2,532700.0143
1789758000000,1.67,1.696,1.669,1.696,162752.1,273708.5908
1789761600000,1.696,1.72,1.687,1.718,294877.6,502760.7344
1789765200000,1.718,1.739,1.717,1.728,364630.0,629921.0495
1789768800000,1.728,1.736,1.711,1.723,179838.6,309417.3002
1789772400000,1.723,1.727,1.715,1.718,105679.1,181804.857
1789776000000,1.718,1.752,1.717,1.724,363497.7,630353.2688
1789779600000,1.724,1.726,1.703,1.716,123792.0,212125.9516
1789783200000,1.716,1.779,1.716,1.77,276695.6,483883.7784
1789786800000,1.77,1.771,1.742,1.748,145002.6,254267.2039
1789790400000,1.748,1.751,1.699,1.706,302001.3,518396.0295
1789794000000,1.706,1.712,1.683,1.686,372452.6,631682.7413
1789797600000,1.686,1.692,1.67,1.688,156087.5,262416.3462
1789801200000,1.688,1.702,1.684,1.689,177078.5,299540.7105
1789804800000,1.689,1.713,1.684,1.711,327191.9,556653.1915
1789808400000,1.711,1.724,1.704,1.716,240669.6,412523.2446
1789812000000,1.716,1.735,1.711,1.733,165227.2,284797.8013
1789815600000,1.733,1.757,1.731,1.756,288660.6,503262.0312
1789819200000,1.756,1.77,1.737,1.746,481207.0,845775.0225
1789822800000,1.746,1.752,1.721,1.738,342637.3,593257.3714
1789826400000,1.738,1.741,1.728,1.732,175579.3,304909.1342
1789830000000,1.732,1.738,1.72,1.73,231892.6,400655.0053
1789833600000,1.73,1.741,1.721,1.74,197130.9,341587.2994
1789837200000,1.74,1.745,1.716,1.726,220794.6,382136.0794
1789840800000,1.726,1.73,1.712,1.724,98653.0,169871.75
1789844400000,1.724,1.736,1.72,1.73,69306.1,119845.0136
1789848000000,1.73,1.732,1.719,1.723,142239.9,245566.6185
1789851600000,1.723,1.731,1.703,1.719,159623.0,273753.166
1789855200000,1.719,1.742,1.706,1.74,113225.0,195071.3029
1789858800000,1.74,1.752,1.733,1.743,105792.4,184324.4145
1789862400000,1.743,1.757,1.733,1.755,253923.8,443351.9295
1789866000000,1.755,1.756,1.723,1.729,220064.9,381345.7053
1789869600000,1.729,1.74,1.679,1.685,300941.2,512873.6209
1789873200000,1.685,1.712,1.681,1.708,193279.5,328655.6593
1789876800000,1.708,1.712,1.7,1.711,196147.5,335151.0588
1789880400000,1.711,1.714,1.699,1.713,110658.0,188791.9937
1789884000000,1.713,1.713,1.687,1.692,173431.9,294809.1388
1789887600000,1.692,1.697,1.685,1.687,54582.0,92286.562
1789891200000,1.687,1.699,1.677,1.683,189588.9,319330.5646
1789894800000,1.683,1.702,1.678,1.698,119203.1,201570.818
1789898400000,1.698,1.7,1.681,1.685,102039.2,172239.0498
1789902000000,1.685,1.691,1.681,1.686,70712.4,119138.7917
1789905600000,1.686,1.691,1.665,1.683,204146.9,342189.3337
1789909200000,1.683,1.689,1.671,1.68,81218.4,136604.0712
1789912800000,1.68,1.704,1.679,1.696,158861.4,268892.117
1789916400000,1.696,1.753,1.696,1.751,386177.3,666259.4473
1789920000000,1.751,1.771,1.742,1.768,532934.9,936289.9219
1789923600000,1.768,1.779,1.758,1.771,217430.7,384331.2101
1789927200000,1.771,1.772,1.739,1.742,157418.7,277078.5631
1789930800000,1.742,1.782,1.739,1.782,345853.3,607537.7499
1789934400000,1.782,1.784,1.766,1.775,222441.3,394703.1227
1789938000000,1.775,1.775,1.745,1.77,335462.1,589844.5203
1789941600000,1.77,1.782,1.762,1.773,108471.7,192479.6855
1789945200000,1.773,1.778,1.761,1.763,50783.5,89961.0299
1789948800000,1.763,1.785,1.761,1.764,135056.9,239469.7118
1789952400000,1.764,1.776,1.717,1.726,497176.1,864045.7422
1789956000000,1.726,1.75,1.725,1.747,258039.6,448088.2532
1789959600000,1.747,1.765,1.747,1.764,167558.3,294556.7184
1789963200000,1.764,1.769,1.749,1.76,212745.3,374480.9151
1789966800000,1.76,1.764,1.75,1.756,66603.1,116967.7224
1789970400000,1.756,1.774,1.749,1.763,160175.2,282728.0663
1789974000000,1.763,1.768,1.742,1.756,364808.9,638405.7929
1789977600000,1.756,1.783,1.753,1.779,410701.9,726552.8105
1789981200000,1.779,1.8,1.763,1.769,550396.5,982616.6371
1789984800000,1.769,1.799,1.764,1.798,224983.6,402072.6489
1789988400000,1.798,1.805,1.79,1.792,286207.0,514468.1324
1789992000000,1.792,1.815,1.788,1.81,276331.5,497754.4356
1789995600000,1.81,1.816,1.779,1.795,411638.8,739469.4655
1789999200000,1.795,1.806,1.769,1.798,289398.5,516344.9979
1790002800000,1.798,1.81,1.788,1.793,281011.8,505216.9655
1790006400000,1.793,1.811,1.778,1.789,255261.1,457672.3985
1790010000000,1.789,1.796,1.772,1.78,258143.3,460788.1648
1790013600000,1.78,1.797,1.774,1.794,107288.0,192117.0861
1790017200000,1.794,1.795,1.782,1.794,72517.6,129678.1396
1790020800000,1.794,1.813,1.792,1.803,241426.9,435144.0521
1790024400000,1.803,1.819,1.797,1.8,147763.5,267014.1498
1790028000000,1.8,1.824,1.8,1.818,249700.8,452865.3235
1790031600000,1.818,1.822,1.803,1.81,88934.1,160897.9287
1790035200000,1.81,1.817,1.796,1.798,152535.3,275236.6541
1790038800000,1.798,1.809,1.788,1.798,145121.2,260861.4532
1790042400000,1.798,1.822,1.79,1.808,99976.4,180644.2322
1790046000000,1.808,1.811,1.79,1.809,102002.9,183751.2373
1790049600000,1.809,1.815,1.769,1.774,217418.4,388605.7354
1790053200000,1.774,1.786,1.756,1.774,485995.6,861089.1553
1790056800000,1.774,1.778,1.758,1.767,250681.3,442747.5932
1790060400000,1.767,1.778,1.763,1.773,207889.6,368126.5016
1790064000000,1.773,1.793,1.76,1.787,254906.4,453115.6802
1790067600000,1.787,1.788,1.761,1.768,255099.5,451635.3873
1790071200000,1.768,1.768,1.738,1.742,535402.4,935379.5231
1790074800000,1.742,1.752,1.734,1.739,364254.9,634396.0722
1790078400000,1.739,1.763,1.73,1.763,413613.8,720133.2523
1790082000000,1.763,1.773,1.747,1.769,308894.2,544838.5425
1790085600000,1.769,1.769,1.725,1.745,314766.3,549121.2928
1790089200000,1.745,1.761,1.734,1.755,305325.8,533719.706
1790092800000,1.755,1.761,1.736,1.754,193840.9,338894.4855
1790096400000,1.754,1.789,1.754,1.784,464461.3,823790.7572
1790100000000,1.784,1.792,1.778,1.782,153973.1,274735.9038
1790103600000,1.782,1.816,1.781,1.79,439585.9,790257.3332
1790107200000,1.79,1.816,1.79,1.804,499246.6,900161.344
1790110800000,1.804,1.808,1.794,1.798,155205.8,279577.0264
1790114400000,1.798,1.835,1.787,1.831,293216.2,531751.2969
1790118000000,1.831,1.863,1.83,1.844,494392.7,912242.4427
1790121600000,1.844,1.862,1.822,1.826,212237.0,391276.61
1790125200000,1.826,1.838,1.807,1.814,156229.5,284259.1432
1790128800000,1.814,1.844,1.804,1.842,94581.5,172310.3777
1790132400000,1.842,1.858,1.833,1.851,81160.0,150186.2461
1790136000000,1.851,1.854,1.829,1.833,206946.6,380183.086
1790139600000,1.833,1.84,1.818,1.824,262490.1,480134.2496
1790143200000,1.824,1.839,1.824,1.836,74287.1,136238.8481
1790146800000,1.836,1.836,1.803,1.812,244441.8,443724.8451
1790150400000,1.812,1.833,1.795,1.804,427174.1,773332.4544
1790154000000,1.804,1.823,1.8,1.803,250958.5,454180.0651
1790157600000,1.803,1.813,1.793,1.812,145451.8,262553.5934
1790161200000,1.812,1.813,1.783,1.8,366695.0,658192.503
1790164800000,1.8,1.828,1.785,1.826,595076.6,1075620.2916
1790168400000,1.826,1.827,1.791,1.798,178060.1,322120.6161
1790172000000,1.798,1.806,1.709,1.742,1539368.4,2678989.3854
1790175600000,1.742,1.751,1.716,1.717,281432.4,487114.6404
1790179200000,1.717,1.744,1.695,1.73,495635.0,852424.9245
1790182800000,1.73,1.735,1.717,1.722,223391.6,384974.1621
1790186400000,1.722,1.722,1.697,1.703,358428.5,612466.2838
1790190000000,1.703,1.705,1.684,1.698,292822.4,495901.1733
1790193600000,1.698,1.7,1.677,1.684,385826.7,650806.4541
1790197200000,1.684,1.702,1.681,1.695,156415.7,264320.9576
1790200800000,1.695,1.705,1.683,1.692,156605.8,265197.5252
1790204400000,1.692,1.696,1.685,1.694,87310.0,147680.9597
1790208000000,1.694,1.695,1.679,1.683,98120.5,165648.452
1790211600000,1.683,1.696,1.68,1.683,77347.2,130340.967
1790215200000,1.683,1.706,1.669,1.699,278225.0,469153.6049
1790218800000,1.699,1.703,1.674,1.675,224769.4,378712.1728
1790222400000,1.675,1.713,1.674,1.71,246445.4,417020.7509
1790226000000,1.71,1.72,1.707,1.708,110849.3,190000.0407
1790229600000,1.708,1.712,1.7,1.706,125048.1,213343.0807
1790233200000,1.706,1.718,1.698,1.717,166385.8,284337.5847
1790236800000,1.717,1.721,1.674,1.689,362408.1,613646.1324
1790240400000,1.689,1.693,1.665,1.679,235505.9,395047.371
1790244000000,1.679,1.692,1.676,1.69,102341.0,172119.5543
1790247600000,1.69,1.708,1.689,1.705,213898.6,363605.5719
1790251200000,1.705,1.712,1.688,1.709,309571.1,525975.3145
1790254800000,1.709,1.739,1.708,1.735,313681.2,541723.1955
1790258400000,1.735,1.8,1.734,1.758,1173492.2,2076224.0229
1790262000000,1.758,1.796,1.745,1.783,443459.0,785056.149
1790265600000,1.783,1.811,1.772,1.787,498080.0,894299.9976
1790269200000,1.787,1.792,1.767,1.773,109344.7,194475.4015
1790272800000,1.773,1.783,1.762,1.78,144019.4,255825.2271
1790276400000,1.78,1.786,1.772,1.785,67250.1,119642.4198
1790280000000,1.785,1.789,1.77,1.788,116250.0,206926.7009
1790283600000,1.788,1.803,1.781,1.784,127408.5,228225.9391
1790287200000,1.784,1.786,1.773,1.78,106988.2,190392.4037
1790290800000,1.78,1.789,1.777,1.782,75441.7,134525.8589
1790294400000,1.782,1.795,1.777,1.781,94748.9,169260.7984
1790298000000,1.781,1.802,1.768,1.771,226291.1,404085.9406
1790301600000,1.771,1.79,1.769,1.776,154084.1,274239.2012
1790305200000,1.776,1.79,1.767,1.788,133165.5,236864.1233
1790308800000,1.788,1.804,1.774,1.789,182763.8,327032.824
1790312400000,1.789,1.791,1.775,1.787,104467.5,186212.9264
1790316000000,1.787,1.796,1.78,1.784,73029.2,130489.4196
1790319600000,1.784,1.794,1.775,1.791,110672.9,197369.8873
1790323200000,1.791,1.816,1.786,1.814,199076.3,358413.5227
1790326800000,1.814,1.82,1.799,1.805,193307.3,349512.5125
1790330400000,1.805,1.807,1.787,1.791,109103.4,195618.5119
1790334000000,1.791,1.813,1.79,1.812,195470.3,352928.2325
1790337600000,1.812,1.833,1.787,1.827,390314.9,708064.3115
1790341200000,1.827,1.833,1.778,1.793,389039.1,700352.4942
1790344800000,1.793,1.797,1.767,1.796,227366.8,404887.4544
1790348400000,1.796,1.802,1.771,1.78,243780.7,434631.6619
1790352000000,1.78,1.789,1.769,1.769,179946.6,320075.3775
1790355600000,1.769,1.776,1.751,1.757,323469.1,569691.9929
1790359200000,1.757,1.774,1.753,1.765,173026.6,305405.3399
1790362800000,1.765,1.776,1.76,1.771,128014.8,226348.2255
1790366400000,1.771,1.799,1.77,1.783,181508.1,324072.6103
1790370000000,1.783,1.786,1.761,1.762,138554.6,245979.54
1790373600000,1.762,1.802,1.762,1.794,295981.3,527999.3259
1790377200000,1.794,1.795,1.787,1.79,74747.9,133915.7791
1790380800000,1.79,1.805,1.784,1.795,185024.6,332317.5374
1790384400000,1.795,1.817,1.79,1.812,127345.9,230022.3184
1790388000000,1.812,1.821,1.802,1.806,115274.8,208711.773
1790391600000,1.806,1.814,1.795,1.806,49756.7,89719.0646
1790395200000,1.806,1.819,1.802,1.819,101891.1,184620.5045
1790398800000,1.819,1.819,1.805,1.805,54132.4,98041.3131
1790402400000,1.805,1.841,1.803,1.827,292726.5,534496.8655
1790406000000,1.827,1.836,1.817,1.831,154513.9,282397.2296
1790409600000,1.831,1.835,1.818,1.826,144679.5,264138.2752
1790413200000,1.826,1.827,1.81,1.82,188464.8,342416.8941
1790416800000,1.82,1.84,1.82,1.836,199733.6,365797.6901
1790420400000,1.836,1.844,1.829,1.835,193837.9,355918.9097
1790424000000,1.835,1.837,1.819,1.827,215196.1,393531.8414
1790427600000,1.827,1.848,1.817,1.836,288741.9,528975.4131
1790431200000,1.836,1.854,1.829,1.85,204858.5,376707.4116
1790434800000,1.85,1.88,1.845,1.878,646038.2,1205887.1124
1790438400000,1.878,1.882,1.864,1.873,229517.7,429866.0321
1790442000000,1.873,1.888,1.852,1.871,641656.0,1198830.0743
1790445600000,1.871,1.872,1.844,1.847,269442.2,500659.9612
1790449200000,1.847,1.855,1.839,1.842,252536.0,466569.7878
1790452800000,1.842,1.85,1.819,1.832,428508.9,785759.1295
1790456400000,1.832,1.863,1.832,1.854,216167.4,399784.9684
1790460000000,1.854,1.867,1.853,1.86,56438.0,104976.955
1790463600000,1.86,1.869,1.858,1.865,99845.9,186104.9274
1790467200000,1.865,1.865,1.833,1.84,156953.7,289867.554
1790470800000,1.84,1.858,1.838,1.856,81297.9,149994.9416
1790474400000,1.856,1.856,1.835,1.836,43623.6,80661.5996
1790478000000,1.836,1.837,1.831,1.832,54651.7,100236.5728
1790481600000,1.832,1.838,1.814,1.819,146144.1,266458.4763
1790485200000,1.819,1.838,1.817,1.833,132124.3,241279.8289
1790488800000,1.833,1.854,1.83,1.845,120222.8,221646.4172
1790492400000,1.845,1.925,1.843,1.905,727562.2,1378111.1327
1790496000000,1.905,1.913,1.879,1.888,579483.0,1097086.8386
1790499600000,1.888,1.893,1.876,1.884,170307.2,320574.9819
1790503200000,1.884,1.895,1.878,1.883,145625.8,274778.6935
1790506800000,1.883,1.888,1.874,1.884,100256.8,188561.632
1790510400000,1.884,1.894,1.879,1.88,155344.6,293114.8815
1790514000000,1.88,1.88,1.848,1.858,510746.2,952248.832
1790517600000,1.858,1.868,1.844,1.856,241558.9,449082.8757
1790521200000,1.856,1.867,1.846,1.865,139347.8,258462.6029
1790524800000,1.865,1.888,1.862,1.865,230794.2,433301.5469
1790528400000,1.865,1.873,1.862,1.868,71441.1,133468.5648
1790532000000,1.868,1.882,1.867,1.877,127953.0,240167.3471
1790535600000,1.877,1.884,1.87,1.873,118438.4,222323.3291
1790539200000,1.873,1.884,1.87,1.878,81245.4,152502.6409
1790542800000,1.878,1.891,1.863,1.876,108944.0,204628.3952
1790546400000,1.876,1.877,1.852,1.858,111333.3,206962.6287
1790550000000,1.858,1.889,1.856,1.884,149087.1,279632.5212
1790553600000,1.884,1.894,1.872,1.876,154293.5,290402.6617
1790557200000,1.876,1.883,1.848,1.853,280963.1,523259.1227
1790560800000,1.853,1.868,1.84,1.849,194456.0,360221.0735
1790564400000,1.849,1.857,1.806,1.82,516128.7,941896.3691
1790568000000,1.82,1.832,1.806,1.83,162415.4,295234.8965
1790571600000,1.83,1.838,1.792,1.811,260390.5,470516.5088
1790575200000,1.811,1.821,1.792,1.798,162086.9,292628.9453
1790578800000,1.798,1.806,1.746,1.749,861705.1,1525564.679
1790582400000,1.749,1.767,1.745,1.759,277958.0,488172.1391
1790586000000,1.759,1.769,1.744,1.748,190174.2,333882.6734
1790589600000,1.748,1.774,1.748,1.761,151299.6,266699.8382
1790593200000,1.761,1.767,1.744,1.75,165222.2,289819.6159
1790596800000,1.75,1.79,1.745,1.771,762437.0,1352809.6992
1790600400000,1.771,1.771,1.708,1.742,1221264.8,2114337.306
1790604000000,1.742,1.742,1.679,1.696,773264.2,1316388.9841
1790607600000,1.696,1.71,1.68,1.707,245478.5,416597.1533
1790611200000,1.707,1.738,1.699,1.721,272536.1,469459.295
1790614800000,1.721,1.738,1.703,1.734,306652.2,528986.0542
1790618400000,1.734,1.751,1.727,1.744,221365.5,384601.978
1790622000000,1.744,1.744,1.714,1.725,150422.1,260272.9477
1790625600000,1.725,1.748,1.718,1.741,144720.8,251385.0642
1790629200000,1.741,1.758,1.712,1.712,420119.4,730968.877
1790632800000,1.712,1.724,1.698,1.721,269538.5,460121.6089
1790636400000,1.721,1.734,1.713,1.734,220497.5,379284.6727
1790640000000,1.734,1.74,1.719,1.719,111793.8,193482.3507
1790643600000,1.719,1.731,1.693,1.706,256005.5,436837.1199
1790647200000,1.706,1.713,1.675,1.69,303069.7,511709.9427
1790650800000,1.69,1.71,1.688,1.697,85704.4,145697.0765
1790654400000,1.697,1.72,1.694,1.719,157347.6,269011.817
1790658000000,1.719,1.737,1.706,1.723,660684.7,1139143.4014
1790661600000,1.723,1.728,1.713,1.723,483515.7,831776.3289
1790665200000,1.723,1.769,1.719,1.762,719765.6,1253633.6988
1790668800000,1.762,1.77,1.746,1.756,435973.1,766684.9573
1790672400000,1.756,1.779,1.746,1.778,328430.7,579353.3984
1790676000000,1.778,1.778,1.762,1.766,184192.1,326025.2434
1790679600000,1.766,1.79,1.764,1.788,234760.5,417909.2086
1790683200000,1.788,1.791,1.756,1.763,250333.0,444410.4199
1790686800000,1.763,1.772,1.745,1.759,251726.6,442474.961
1790690400000,1.759,1.786,1.751,1.779,249651.2,441914.5985
1790694000000,1.779,1.779,1.723,1.732,650112.3,1131376.007
1790697600000,1.732,1.745,1.707,1.714,340408.8,586816.2298
1790701200000,1.714,1.721,1.703,1.711,151116.0,259082.3591
1790704800000,1.711,1.744,1.711,1.736,182899.7,316083.4896
1790708400000,1.736,1.745,1.723,1.725,113736.9,197133.7893
1790712000000,1.725,1.746,1.72,1.733,107372.7,186123.4669
1790715600000,1.733,1.742,1.723,1.728,93806.8,162228.0033
1790719200000,1.728,1.736,1.72,1.724,59190.7,102257.4051
1790722800000,1.724,1.737,1.716,1.722,98348.6,169590.9916
1790726400000,1.722,1.726,1.709,1.726,147800.1,253804.4655
1790730000000,1.726,1.743,1.724,1.731,107685.8,186904.0797
1790733600000,1.731,1.737,1.717,1.72,124569.1,214862.3568
1790737200000,1.72,1.722,1.707,1.709,155071.1,265465.124
1790740800000,1.709,1.724,1.705,1.71,217778.4,373014.848
1790744400000,1.71,1.724,1.696,1.718,341783.1,583405.364
1790748000000,1.718,1.721,1.697,1.703,169562.6,289259.8621
1790751600000,1.703,1.722,1.699,1.714,321581.5,551484.5246
1790755200000,1.714,1.719,1.706,1.714,124664.1,213425.9226
1790758800000,1.714,1.729,1.712,1.714,133354.3,229393.2166
1790762400000,1.714,1.719,1.699,1.718,291068.0,497355.7955
1790766000000,1.718,1.727,1.704,1.725,191342.0,328170.8781
1790769600000,1.725,1.764,1.717,1.753,540196.9,938814.1028
1790773200000,1.753,1.763,1.718,1.739,380928.8,663142.6072
1790776800000,1.739,1.744,1.703,1.723,729570.1,1254091.1575
1790780400000,1.723,1.746,1.702,1.742,224629.5,388331.6952
1790784000000,1.742,1.758,1.741,1.757,244383.4,428140.5628
1790787600000,1.757,1.767,1.733,1.738,332139.3,581933.2201
1790791200000,1.738,1.738,1.714,1.725,225977.1,389337.8106
1790794800000,1.725,1.731,1.719,1.726,67268.9,116063.4141
1790798400000,1.726,1.751,1.726,1.74,252250.9,439534.4872
1790802000000,1.74,1.742,1.719,1.724,215071.6,371645.6123
1790805600000,1.724,1.745,1.714,1.739,109661.9,189500.2606
1790809200000,1.739,1.743,1.733,1.743,56935.0,99025.1583
1790812800000,1.743,1.748,1.73,1.741,88154.1,153218.7106
1790816400000,1.741,1.757,1.735,1.736,81821.4,142947.6348
1790820000000,1.736,1.763,1.733,1.763,115890.9,202421.0597
1790823600000,1.763,1.788,1.762,1.784,148990.9,264629.3891
1790827200000,1.784,1.786,1.758,1.763,197570.0,349971.3664
1790830800000,1.763,1.778,1.759,1.774,234984.7,415881.2306
1790834400000,1.774,1.786,1.766,1.783,176437.3,313516.6342
1790838000000,1.783,1.788,1.749,1.756,354743.4,626159.8789
1790841600000,1.756,1.762,1.741,1.759,266886.8,467036.2976
1790845200000,1.759,1.773,1.75,1.754,218972.2,386075.479
1790848800000,1.754,1.759,1.737,1.753,284575.5,497510.3116
1790852400000,1.753,1.755,1.741,1.751,115045.9,201039.8553
1790856000000,1.751,1.753,1.723,1.724,416712.1,723285.56
1790859600000,1.724,1.732,1.712,1.726,348177.8,598481.3282
1790863200000,1.726,1.726,1.702,1.707,529806.6,906213.7246
1790866800000,1.707,1.721,1.696,1.709,201493.3,344262.2921
1790870400000,1.709,1.716,1.684,1.693,642816.2,1089677.4149
1790874000000,1.693,1.724,1.69,1.717,327954.6,560729.8503
1790877600000,1.717,1.719,1.707,1.711,129362.0,221501.4062
1790881200000,1.711,1.718,1.698,1.715,86049.4,147032.4769
1790884800000,1.715,1.722,1.712,1.715,86462.4,148314.5368
1790888400000,1.715,1.716,1.697,1.703,124789.4,212715.1552
1790892000000,1.703,1.711,1.697,1.705,51207.4,87229.776
1790895600000,1.705,1.707,1.701,1.705,110788.6,188834.0528
1790899200000,1.705,1.713,1.703,1.704,94546.7,161370.5753
1790902800000,1.704,1.709,1.694,1.708,118849.2,202028.7254
1790906400000,1.708,1.723,1.708,1.723,116992.0,200628.3041
1790910000000,1.723,1.728,1.71,1.713,221915.1,380999.6777
1790913600000,1.713,1.755,1.711,1.754,265418.6,460249.5254
1790917200000,1.754,1.755,1.728,1.735,182926.5,317884.7325
1790920800000,1.735,1.74,1.726,1.728,279909.9,484889.5657
1790924400000,1.728,1.738,1.714,1.735,270127.6,465559.9798
1790928000000,1.735,1.753,1.734,1.739,305228.1,531782.251
1790931600000,1.739,1.748,1.732,1.744,88366.0,153739.9105
1790935200000,1.744,1.746,1.727,1.735,93126.7,161701.194
1790938800000,1.735,1.74,1.732,1.736,154948.6,269083.5301
1790942400000,1.736,1.756,1.728,1.752,288746.9,503753.7972
1790946000000,1.752,1.763,1.743,1.745,206772.6,362303.0889
1790949600000,1.745,1.751,1.707,1.717,468070.7,808298.9985
1790953200000,1.717,1.721,1.708,1.716,199963.0,342985.2661
1790956800000,1.716,1.727,1.707,1.712,127116.0,218215.7124
1790960400000,1.712,1.716,1.695,1.704,146431.6,249455.2951
1790964000000,1.704,1.708,1.607,1.631,2222656.3,3638502.9096
1790967600000,1.631,1.637,1.615,1.632,417619.5,679466.8154
1790971200000,1.632,1.638,1.619,1.621,269614.4,439251.3194
1790974800000,1.621,1.636,1.617,1.636,357763.5,582332.148
1790978400000,1.636,1.636,1.621,1.628,158947.1,258901.3566
1790982000000,1.628,1.651,1.627,1.649,242730.8,398429.13
1790985600000,1.649,1.667,1.646,1.665,148446.4,245883.7243
1790989200000,1.665,1.676,1.661,1.665,64146.3,106988.2783
1790992800000,1.665,1.677,1.661,1.669,139057.5,232223.3034
1790996400000,1.669,1.675,1.667,1.673,42384.6,70844.9994
1791000000000,1.673,1.675,1.666,1.671,80726.1,134809.8085
1791003600000,1.671,1.682,1.667,1.68,75031.9,125619.4387
1791007200000,1.68,1.683,1.674,1.679,125207.7,210068.0557
1791010800000,1.679,1.679,1.66,1.663,63584.0,105924.8205
1791014400000,1.663,1.672,1.659,1.666,71773.0,119648.0887
1791018000000,1.666,1.67,1.657,1.669,107350.8,178480.8769
1791021600000,1.669,1.683,1.669,1.678,114167.3,191538.2245
1791025200000,1.678,1.703,1.676,1.69,224867.4,380796.8105
1791028800000,1.69,1.693,1.679,1.68,182327.1,307040.5762
1791032400000,1.68,1.71,1.679,1.709,104701.4,177762.3158
1791036000000,1.709,1.725,1.696,1.719,326389.8,557343.9678
1791039600000,1.719,1.729,1.711,1.724,197472.3,339214.1635
1791043200000,1.724,1.747,1.721,1.737,354565.4,615611.2862
1791046800000,1.737,1.742,1.727,1.732,179568.9,311423.2244
1791050400000,1.732,1.735,1.714,1.715,206823.2,356085.245
1791054000000,1.715,1.715,1.708,1.71,83280.4,142499.2401
1791057600000,1.71,1.715,1.708,1.709,49136.5,84091.8056
1791061200000,1.709,1.713,1.705,1.708,47873.8,81815.6771
1791064800000,1.708,1.718,1.706,1.717,30831.3,52773.6276
1791068400000,1.717,1.718,1.707,1.718,68173.6,116826.5881
1791072000000,1.718,1.723,1.712,1.713,125750.1,215979.6235
1791075600000,1.713,1.716,1.703,1.704,53998.5,92229.5004
1791079200000,1.704,1.711,1.701,1.705,72727.5,124075.6705
1791082800000,1.705,1.708,1.702,1.703,28494.5,48571.2029
1791086400000,1.703,1.713,1.698,1.713,102038.7,173942.6859
1791090000000,1.713,1.718,1.708,1.713,64770.5,111049.4865
1791093600000,1.713,1.769,1.713,1.759,767954.9,1340786.5399
1791097200000,1.759,1.771,1.74,1.745,307341.8,539289.7724
1791100800000,1.745,1.748,1.737,1.742,170918.2,297671.0762
1791104400000,1.742,1.757,1.738,1.752,267880.2,468196.1918
1791108000000,1.752,1.771,1.747,1.766,291483.8,512143.8476
1791111600000,1.766,1.779,1.75,1.769,413920.1,730026.4515
1791115200000,1.769,1.78,1.763,1.772,391547.4,693597.6379
1791118800000,1.772,1.786,1.768,1.784,177827.1,316124.3612
1791122400000,1.784,1.804,1.777,1.802,583672.5,1046862.1213
1791126000000,1.802,1.805,1.767,1.769,529444.0,945682.1558
1791129600000,1.769,1.776,1.765,1.77,199783.6,354022.149
1791133200000,1.77,1.774,1.752,1.762,404991.4,712884.1683
1791136800000,1.762,1.77,1.753,1.769,188930.3,332505.6361
1791140400000,1.769,1.774,1.76,1.764,91775.2,162086.0857
1791144000000,1.764,1.764,1.752,1.754,137578.8,241672.308
1791147600000,1.754,1.754,1.736,1.741,184795.6,322520.7193
1791151200000,1.741,1.755,1.741,1.749,86568.4,151454.4138
1791154800000,1.749,1.752,1.746,1.749,85322.9,149194.9448
1791158400000,1.749,1.754,1.742,1.751,134432.0,235015.3434
1791162000000,1.751,1.759,1.741,1.746,102805.2,179836.8766
1791165600000,1.746,1.758,1.746,1.75,59498.0,104275.2463
1791169200000,1.75,1.75,1.736,1.738,180207.1,314018.0872
1791172800000,1.738,1.746,1.726,1.736,205589.3,356746.8001
1791176400000,1.736,1.745,1.734,1.743,97922.5,170451.4797
1791180000000,1.743,1.759,1.743,1.756,175529.8,307553.6953
1791183600000,1.756,1.769,1.755,1.764,188209.3,331866.3231
1791187200000,1.764,1.776,1.759,1.769,114244.7,202090.2258
1791190800000,1.769,1.776,1.763,1.771,91599.0,161930.5052
1791194400000,1.771,1.78,1.767,1.771,115478.5,204825.4494
1791198000000,1.771,1.781,1.762,1.778,162008.2,286747.5934
