timestamp,open,high,low,close,volume,turnover
1780117200000,0.17535,0.18067,0.17446,0.18043,1468216.0,260716.182238
1780120800000,0.18043,0.18236,0.17798,0.18108,1384487.1,249719.317718
1780124400000,0.18108,0.18181,0.1785,0.17996,1327573.3,239365.401224
1780128000000,0.17996,0.18152,0.1774,0.17995,2049308.1,367353.631259
1780131600000,0.17995,0.18317,0.17931,0.18298,1251135.1,226961.758188
1780135200000,0.18298,0.184,0.18117,0.18297,1324014.9,241928.102744
1780138800000,0.18297,0.18726,0.1827,0.18591,2755929.5,510339.070183
1780142400000,0.18591,0.18839,0.18419,0.18835,2123758.2,395180.902936
1780146000000,0.18835,0.18981,0.18422,0.18589,2385383.1,447049.727934
1780149600000,0.18589,0.19274,0.18586,0.18793,4500673.4,855754.05852
1780153200000,0.18793,0.18992,0.18643,0.18827,1625622.2,306343.731379
1780156800000,0.18827,0.18851,0.18371,0.18725,1788348.6,332710.669236
1780160400000,0.18725,0.18763,0.18388,0.18566,804774.6,149100.070715
1780164000000,0.18566,0.18704,0.18426,0.18622,1048401.2,194861.001083
1780167600000,0.18622,0.18832,0.18561,0.18789,870619.1,162837.812679
1780171200000,0.18789,0.1898,0.18777,0.18899,906596.5,171144.94462
1780174800000,0.18899,0.18926,0.18487,0.18501,864176.3,161517.061963
1780178400000,0.18501,0.18558,0.18347,0.18537,592494.4,109372.422874
1780182000000,0.18537,0.18618,0.18391,0.18551,523915.4,96934.84075
1780185600000,0.18551,0.18581,0.18341,0.18449,787297.8,145095.154539
1780189200000,0.18449,0.18518,0.18211,0.18262,1130840.4,207351.268532
1780192800000,0.18262,0.18299,0.17913,0.18046,2022490.5,365079.942206
1780196400000,0.18046,0.18313,0.18036,0.18202,770672.2,140375.196531
1780200000000,0.18202,0.18244,0.18051,0.18153,475411.8,86238.680337
1780203600000,0.18153,0.18391,0.18144,0.18308,746842.5,136326.543861
1780207200000,0.18308,0.18503,0.18187,0.18485,850867.4,156172.139599
1780210800000,0.18485,0.18491,0.18068,0.18122,1111240.5,202364.158639
1780214400000,0.18122,0.18293,0.18055,0.1806,776874.2,141340.945022
1780218000000,0.1806,0.18372,0.18048,0.18108,744629.6,135759.194866
1780221600000,0.18108,0.18197,0.1797,0.1817,1120515.5,202316.965735
1780225200000,0.1817,0.18191,0.17955,0.18002,897304.4,161820.027471
1780228800000,0.18002,0.18331,0.17927,0.18308,1359884.0,246058.438075
1780232400000,0.18308,0.18805,0.18298,0.1859,2369623.3,439381.541255
1780236000000,0.1859,0.18746,0.18171,0.18249,2229427.9,411162.015246
1780239600000,0.18249,0.18473,0.18036,0.1825,1944329.7,354653.555261
1780243200000,0.1825,0.18269,0.17949,0.18024,1781528.8,322215.479126
1780246800000,0.18024,0.18196,0.17949,0.18101,923266.5,167020.78524
1780250400000,0.18101,0.18239,0.17936,0.18203,1018171.0,184435.140837
1780254000000,0.18203,0.18341,0.18079,0.18329,738645.9,134640.53284
1780257600000,0.18329,0.18706,0.18329,0.18606,1617173.7,300433.677331
1780261200000,0.18606,0.18987,0.18504,0.18987,1329207.9,248880.076989
1780264800000,0.18987,0.19406,0.18829,0.19302,2511189.5,481859.5826
1780268400000,0.19302,0.1936,0.18946,0.19063,2509762.2,479715.466351
1780272000000,0.19063,0.19479,0.19,0.19363,1624090.1,312523.517133
1780275600000,0.19363,0.19423,0.1887,0.18875,2499015.9,478265.687743
1780279200000,0.18875,0.1957,0.18816,0.1949,1898213.0,365330.240606
1780282800000,0.1949,0.19832,0.19151,0.19198,2394979.7,466568.007197
1780286400000,0.19198,0.19305,0.18623,0.18767,2532769.9,479278.636074
1780290000000,0.18767,0.18805,0.18481,0.186,1169568.1,218404.548988
1780293600000,0.186,0.1868,0.18354,0.18607,1653270.6,306808.544061
1780297200000,0.18607,0.19001,0.18275,0.18367,2057896.8,383660.803885
1780300800000,0.18367,0.18384,0.18168,0.18319,1856793.2,339636.66464
1780304400000,0.18319,0.18514,0.183,0.18394,1108160.4,203903.264889
1780308000000,0.18394,0.18414,0.18016,0.18184,1389790.6,251956.019181
1780311600000,0.18184,0.18419,0.18091,0.18152,983470.1,179416.463677
1780315200000,0.18152,0.18215,0.17527,0.17881,3643059.5,648195.394356
1780318800000,0.17881,0.1799,0.17705,0.17922,1884591.6,336055.151407
1780322400000,0.17922,0.1804,0.17789,0.17882,1803335.3,322881.668605
1780326000000,0.17882,0.18296,0.17851,0.18104,1778413.9,321479.977642
1780329600000,0.18104,0.18287,0.18007,0.18206,1502860.9,272786.816679
1780333200000,0.18206,0.18261,0.17973,0.17973,1564511.5,283552.017623
1780336800000,0.17973,0.18122,0.17853,0.17905,1093364.9,196703.886721
1780340400000,0.17905,0.17946,0.17607,0.17806,1790680.5,318201.408139
1780344000000,0.17806,0.17807,0.17607,0.17731,815119.6,144345.207234
1780347600000,0.17731,0.17735,0.17527,0.17581,966282.3,170057.42438
1780351200000,0.17581,0.17603,0.17201,0.1737,2116182.4,368229.429797
1780354800000,0.1737,0.17498,0.17322,0.17476,776509.4,135170.995792
1780358400000,0.17476,0.17478,0.17301,0.17341,487959.7,84801.678606
1780362000000,0.17341,0.17386,0.17105,0.1718,1002646.7,172826.534351
1780365600000,0.1718,0.1737,0.16942,0.173,1302683.5,223538.787308
1780369200000,0.173,0.17434,0.17206,0.17257,591573.3,102328.079681
1780372800000,0.17257,0.17275,0.17108,0.17247,741361.8,127464.982074
1780376400000,0.17247,0.1735,0.17051,0.17095,673902.3,115853.707366
1780380000000,0.17095,0.17217,0.16983,0.17171,564017.4,96482.562644
1780383600000,0.17171,0.17411,0.17095,0.17265,781783.2,134957.212978
1780387200000,0.17265,0.17398,0.17226,0.17328,927513.9,160637.747202
1780390800000,0.17328,0.17604,0.17281,0.1744,1030755.8,179941.446893
1780394400000,0.1744,0.17749,0.17406,0.17597,1287898.0,226591.586614
1780398000000,0.17597,0.17641,0.17241,0.17241,1147771.5,199513.920699
1780401600000,0.17241,0.17381,0.17227,0.1736,885630.0,153015.267517
1780405200000,0.1736,0.17548,0.17085,0.1712,1582165.5,273255.751053
1780408800000,0.1712,0.17228,0.16627,0.17113,3471794.9,587729.833444
1780412400000,0.17113,0.17134,0.16521,0.16885,2477495.2,416001.228628
1780416000000,0.16885,0.17225,0.16603,0.17124,1745253.7,297035.399209
1780419600000,0.17124,0.17578,0.17105,0.17312,1553839.7,270202.342932
1780423200000,0.17312,0.17407,0.16988,0.17096,1240011.2,212617.352695
1780426800000,0.17096,0.17192,0.16671,0.17099,1665977.3,282412.230832
1780430400000,0.17099,0.17169,0.16829,0.1703,766824.2,130161.403027
1780434000000,0.1703,0.17204,0.16859,0.16916,515735.3,87951.83834
1780437600000,0.16916,0.17099,0.16791,0.16916,892052.4,151097.40009
1780441200000,0.16916,0.17004,0.16525,0.16875,1546267.8,259253.122852
1780444800000,0.16875,0.17194,0.16766,0.17104,835170.8,141882.548233
1780448400000,0.17104,0.1737,0.1699,0.17285,1040878.4,179465.621866
1780452000000,0.17285,0.17564,0.17207,0.17332,933080.7,162398.91448
1780455600000,0.17332,0.17415,0.16866,0.16943,1167892.0,200614.516944
1780459200000,0.16943,0.17744,0.16925,0.17609,1587923.5,277145.557416
1780462800000,0.17609,0.17993,0.17472,0.1758,1422139.6,252124.013919
1780466400000,0.1758,0.17712,0.1736,0.17378,980296.6,171618.571494
1780470000000,0.17378,0.1778,0.17326,0.17749,741865.7,130309.753103
1780473600000,0.17749,0.17765,0.17427,0.17458,742447.0,130347.729505
1780477200000,0.17458,0.17502,0.17235,0.17386,727410.4,126445.57043
1780480800000,0.17386,0.18302,0.17369,0.18226,2140518.6,383582.77135
1780484400000,0.18226,0.18263,0.1785,0.1788,1516970.3,273736.958039
1780488000000,0.1788,0.18027,0.17835,0.17935,672726.8,120542.672632
1780491600000,0.17935,0.1834,0.17836,0.18263,2036249.9,368122.376013
1780495200000,0.18263,0.18471,0.18078,0.18415,2041997.2,372533.596736
1780498800000,0.18415,0.18497,0.17972,0.18173,2212514.0,402682.939855
1780502400000,0.18173,0.18435,0.17941,0.18369,4220914.3,768582.496304
1780506000000,0.18369,0.18401,0.17957,0.18139,1693927.4,306011.637467
1780509600000,0.18139,0.18184,0.17609,0.17896,1826474.3,325266.169593
1780513200000,0.17896,0.17947,0.17593,0.17681,1116626.7,198062.895525
1780516800000,0.17681,0.18016,0.17281,0.17376,1800233.8,318263.133159
1780520400000,0.17376,0.18026,0.17357,0.18023,1135343.8,200189.98712
1780524000000,0.18023,0.18092,0.17744,0.17868,717357.1,128255.679087
1780527600000,0.17868,0.17904,0.17582,0.17805,1062821.1,188677.086276
1780531200000,0.17805,0.18209,0.17521,0.17649,2186486.4,390530.865045
1780534800000,0.17649,0.17806,0.16945,0.17033,2715175.3,469704.505762
1780538400000,0.17033,0.1743,0.15887,0.17423,6080705.3,1012939.550157
1780542000000,0.17423,0.18403,0.17391,0.1805,3259439.3,587638.893131
1780545600000,0.1805,0.18055,0.1731,0.17357,1907446.1,337204.240574
1780549200000,0.17357,0.1736,0.16941,0.17101,1740667.8,298252.372855
1780552800000,0.17101,0.17182,0.16812,0.16818,1057989.5,179928.717376
1780556400000,0.16818,0.16843,0.1641,0.16466,1792598.7,297559.981282
1780560000000,0.16466,0.16739,0.16334,0.1666,1546961.7,255713.914174
1780563600000,0.1666,0.16665,0.16229,0.16428,1324381.1,217479.777575
1780567200000,0.16428,0.16631,0.16309,0.16332,1222635.3,201152.699508
1780570800000,0.16332,0.16371,0.15917,0.16156,2418825.1,389139.034451
1780574400000,0.16156,0.16602,0.15986,0.16594,1588811.5,259192.255905
1780578000000,0.16594,0.16631,0.16138,0.16365,1626257.0,266163.747395
1780581600000,0.16365,0.16425,0.16057,0.16274,684997.0,111209.763443
1780585200000,0.16274,0.16806,0.16247,0.16744,2005632.5,330191.612895
1780588800000,0.16744,0.16913,0.16591,0.1691,1390496.6,233042.10746
1780592400000,0.1691,0.17178,0.16795,0.17047,1498852.2,254825.523688
1780596000000,0.17047,0.17053,0.16549,0.16959,1054915.5,177010.943176
1780599600000,0.16959,0.17079,0.16731,0.16892,866073.2,146465.08766
1780603200000,0.16892,0.17015,0.16661,0.1679,1342387.8,225310.810314
1780606800000,0.1679,0.16845,0.16161,0.16216,892476.7,146499.283489
1780610400000,0.16216,0.16331,0.16,0.16254,1259390.5,203757.41086
1780614000000,0.16254,0.16342,0.16001,0.16314,1120889.6,181351.133471
1780617600000,0.16314,0.16383,0.16018,0.16081,1173807.4,190245.764862
1780621200000,0.16081,0.16148,0.15754,0.1612,1354095.1,216171.586507
1780624800000,0.1612,0.16124,0.15573,0.15624,1443946.7,229519.079855
1780628400000,0.15624,0.15968,0.15513,0.15662,1571430.3,246737.752196
1780632000000,0.15662,0.16285,0.15609,0.16212,1869026.9,300217.550762
1780635600000,0.16212,0.16272,0.15566,0.15584,1774808.5,281256.949356
1780639200000,0.15584,0.15653,0.14668,0.15042,4121398.7,622288.266928
1780642800000,0.15042,0.15155,0.14571,0.15065,2706616.7,401936.022695
1780646400000,0.15065,0.15073,0.14679,0.14818,872953.0,129456.344883
1780650000000,0.14818,0.15245,0.14808,0.15187,1670789.5,251669.132975
1780653600000,0.15187,0.15222,0.14768,0.14838,1059974.9,158744.611097
1780657200000,0.14838,0.14855,0.14487,0.1459,1325862.0,194433.662565
1780660800000,0.1459,0.14847,0.14446,0.14784,1577559.8,231352.372274
1780664400000,0.14784,0.15289,0.14755,0.14785,3300493.7,497049.429805
1780668000000,0.14785,0.14954,0.14463,0.14564,4346860.8,639419.092189
1780671600000,0.14564,0.14593,0.14201,0.14424,2818617.1,405430.717197
1780675200000,0.14424,0.14627,0.14064,0.14526,3413923.3,490750.728008
1780678800000,0.14526,0.14574,0.14266,0.14333,1547317.8,222905.352507
1780682400000,0.14333,0.14399,0.13521,0.13593,2529280.9,351499.310227
1780686000000,0.13593,0.13952,0.13393,0.13803,2702644.6,368543.822469
1780689600000,0.13803,0.14323,0.13644,0.14237,1919860.0,270432.334589
1780693200000,0.14237,0.14436,0.14164,0.1428,620855.7,88579.387534
1780696800000,0.1428,0.14283,0.14008,0.14126,1032853.5,145761.972719
1780700400000,0.14126,0.14192,0.13758,0.13995,1071081.2,149532.930364
1780704000000,0.13995,0.14199,0.13966,0.14115,730945.6,102659.89575
1780707600000,0.14115,0.14163,0.13976,0.1399,439621.2,61871.240067
1780711200000,0.1399,0.14029,0.13862,0.13875,712494.9,99402.788956
1780714800000,0.13875,0.13878,0.13655,0.13769,692023.4,95264.587904
1780718400000,0.13769,0.13849,0.13058,0.13145,2054836.7,273671.668775
1780722000000,0.13145,0.13689,0.12987,0.13672,2008397.9,269887.351041
1780725600000,0.13672,0.13958,0.13661,0.13784,2244621.0,310126.793801
1780729200000,0.13784,0.13982,0.13728,0.13747,1105239.7,152911.720977
1780732800000,0.13747,0.13852,0.1364,0.137,1115324.0,153087.144714
1780736400000,0.137,0.13729,0.13436,0.13465,1032923.8,140309.406345
1780740000000,0.13465,0.13473,0.13106,0.13336,1629190.1,216040.801493
1780743600000,0.13336,0.13544,0.13311,0.13445,955866.9,128468.723964
1780747200000,0.13445,0.13651,0.13336,0.13618,1235483.2,166214.290461
1780750800000,0.13618,0.13763,0.13566,0.13707,751003.9,102472.860182
1780754400000,0.13707,0.13774,0.13589,0.13602,792805.3,108642.014236
1780758000000,0.13602,0.13637,0.13424,0.13481,818031.5,110569.207065
1780761600000,0.13481,0.1359,0.13326,0.13386,678774.2,91232.553792
1780765200000,0.13386,0.13409,0.13131,0.13189,963093.4,127742.511286
1780768800000,0.13189,0.13362,0.13117,0.13242,790821.7,104741.85358
1780772400000,0.13242,0.13287,0.13124,0.1319,461883.4,61001.04941
1780776000000,0.1319,0.13314,0.13121,0.13275,614239.2,81134.258244
1780779600000,0.13275,0.1335,0.13229,0.13248,267780.8,35563.279929
1780783200000,0.13248,0.13364,0.13235,0.13326,463294.2,61630.383154
1780786800000,0.13326,0.13513,0.13311,0.13409,562441.2,75576.638383
1780790400000,0.13409,0.13525,0.13356,0.13506,555591.4,74591.77658
1780794000000,0.13506,0.13974,0.13477,0.13872,1445820.4,199453.454568
1780797600000,0.13872,0.13904,0.13618,0.1382,529591.9,72903.044345
1780801200000,0.1382,0.13981,0.13761,0.13846,1054157.7,146478.350758
1780804800000,0.13846,0.13867,0.13625,0.13711,582573.0,79885.675248
1780808400000,0.13711,0.13931,0.13696,0.1375,869257.2,120043.623848
1780812000000,0.1375,0.13865,0.13636,0.13726,723394.3,99616.581901
1780815600000,0.13726,0.13828,0.13696,0.13789,484481.7,66677.23856
1780819200000,0.13789,0.13987,0.13681,0.13983,887831.8,122903.412863
1780822800000,0.13983,0.1403,0.13826,0.13839,786550.4,109501.283801
1780826400000,0.13839,0.13883,0.13639,0.13737,961224.6,132164.50716
1780830000000,0.13737,0.13979,0.13656,0.13832,1081485.1,149713.715463
1780833600000,0.13832,0.13851,0.1339,0.13506,1574560.4,213433.866193
1780837200000,0.13506,0.13562,0.13417,0.13505,609136.4,82203.036533
1780840800000,0.13505,0.13681,0.1347,0.136,827911.6,112285.928263
1780844400000,0.136,0.13707,0.13496,0.1363,1079159.6,146759.842216
1780848000000,0.1363,0.13875,0.13531,0.13859,1269925.5,173873.410667
1780851600000,0.13859,0.14139,0.13726,0.13989,2237801.4,312986.221179
1780855200000,0.13989,0.14321,0.13961,0.14127,1987790.1,282114.907642
1780858800000,0.14127,0.14173,0.13521,0.13705,2510377.2,346104.989589
1780862400000,0.13705,0.14024,0.13654,0.13908,1489558.4,206860.903273
1780866000000,0.13908,0.14038,0.13762,0.13983,614330.3,85310.775986
1780869600000,0.13983,0.15073,0.13966,0.14695,4952418.7,729718.364176
1780873200000,0.14695,0.14708,0.14341,0.14496,1694041.4,245294.21482
1780876800000,0.14496,0.14546,0.1432,0.14389,1155075.4,166620.07034
1780880400000,0.14389,0.14409,0.14029,0.14244,1509609.4,214030.553562
1780884000000,0.14244,0.14289,0.14121,0.14242,778690.3,110506.491564
1780887600000,0.14242,0.1438,0.14146,0.14366,695549.4,99215.201085
1780891200000,0.14366,0.1439,0.14087,0.14176,1394049.5,198176.911562
1780894800000,0.14176,0.14356,0.14105,0.14295,644259.3,91606.857976
1780898400000,0.14295,0.14499,0.14201,0.14399,828614.4,119135.451268
1780902000000,0.14399,0.14663,0.14346,0.1445,1739006.4,252602.6986
1780905600000,0.1445,0.14454,0.14085,0.14131,1078887.5,154033.794175
1780909200000,0.14131,0.14285,0.14095,0.14284,702411.9,99693.314253
1780912800000,0.14284,0.14328,0.14106,0.14167,631888.5,89696.625257
1780916400000,0.14167,0.14338,0.14087,0.14209,1008705.4,143406.823084
1780920000000,0.14209,0.14397,0.14005,0.14368,1156863.9,164158.598725
1780923600000,0.14368,0.14424,0.14234,0.14238,1187212.5,169913.366277
1780927200000,0.14238,0.14335,0.14179,0.14335,789193.3,112609.669062
1780930800000,0.14335,0.14487,0.14244,0.14284,1292601.5,186004.289699
1780934400000,0.14284,0.14479,0.14256,0.14408,883614.8,127133.623591
1780938000000,0.14408,0.14578,0.14316,0.14572,1134869.6,164220.104982
1780941600000,0.14572,0.14593,0.14328,0.14357,503449.7,72726.208251
1780945200000,0.14357,0.14454,0.1422,0.14292,669940.2,96096.752239
1780948800000,0.14292,0.14319,0.141,0.14204,638191.3,90516.559378
1780952400000,0.14204,0.14353,0.14109,0.14109,446190.3,63583.936191
1780956000000,0.14109,0.14109,0.13829,0.13854,1082296.3,150727.702791
1780959600000,0.13854,0.13904,0.13636,0.13719,1112496.0,153039.302274
1780963200000,0.13719,0.13738,0.13261,0.133,1934225.5,260325.446853
1780966800000,0.133,0.13404,0.13209,0.13386,942276.2,125469.970889
1780970400000,0.13386,0.1344,0.13086,0.1316,949251.5,125734.247526
1780974000000,0.1316,0.13219,0.13034,0.13166,517590.6,68048.497768
1780977600000,0.13166,0.13475,0.13129,0.13377,1126598.1,150047.298224
1780981200000,0.13377,0.13492,0.13325,0.13474,1831545.1,245765.287542
1780984800000,0.13474,0.13565,0.13423,0.13478,904647.5,122141.433457
1780988400000,0.13478,0.13617,0.1338,0.13494,927645.1,124934.70326
1780992000000,0.13494,0.13509,0.13267,0.13353,879194.4,117461.484226
1780995600000,0.13353,0.13379,0.13222,0.13274,432787.4,57587.233657
1780999200000,0.13274,0.13373,0.13236,0.13344,742968.7,98909.255812
1781002800000,0.13344,0.13353,0.13182,0.13239,568918.8,75330.006154
1781006400000,0.13239,0.13369,0.13237,0.13343,602248.7,80196.116207
1781010000000,0.13343,0.13475,0.13202,0.134,1084064.6,144494.462935
1781013600000,0.134,0.134,0.12861,0.13131,3700866.1,482589.284495
1781017200000,0.13131,0.13194,0.12871,0.12897,1901228.8,247562.764091
1781020800000,0.12897,0.12963,0.12588,0.12761,3733054.6,475541.591434
1781024400000,0.12761,0.12959,0.1273,0.12884,1266717.7,163062.225367
1781028000000,0.12884,0.12972,0.12837,0.12846,802018.0,103515.043363
1781031600000,0.12846,0.12891,0.12652,0.1271,1235997.8,157665.647842
1781035200000,0.1271,0.12943,0.12681,0.12933,1720804.3,220587.395266
1781038800000,0.12933,0.12939,0.12554,0.1262,1562177.4,199406.492789
1781042400000,0.1262,0.12655,0.1245,0.12481,1006709.9,126449.805982
1781046000000,0.12481,0.12714,0.12453,0.12636,685403.0,86309.885326
1781049600000,0.12636,0.12815,0.12629,0.12708,909881.6,115849.90283
1781053200000,0.12708,0.12974,0.12649,0.12919,1416915.5,182060.047791
1781056800000,0.12919,0.12939,0.12691,0.12815,1008184.0,128872.280422
1781060400000,0.12815,0.13046,0.12809,0.12847,1794071.2,232119.181066
1781064000000,0.12847,0.12873,0.12679,0.12863,1688336.4,215727.375078
1781067600000,0.12863,0.12871,0.12639,0.12814,1125591.9,143741.3702
1781071200000,0.12814,0.12994,0.12749,0.12828,1357316.5,174724.210735
1781074800000,0.12828,0.13193,0.12821,0.13116,1476375.8,193358.06425
1781078400000,0.13116,0.13124,0.12893,0.12943,1384111.0,179784.144868
1781082000000,0.12943,0.13044,0.12823,0.12993,989262.6,127739.16808
1781085600000,0.12993,0.13015,0.12834,0.12872,843855.1,108856.047454
1781089200000,0.12872,0.12931,0.12351,0.12385,4499017.1,564768.618973
1781092800000,0.12385,0.12501,0.12072,0.12303,5308197.9,652018.576946
1781096400000,0.12303,0.12548,0.12216,0.12472,2204405.4,273339.812149
1781100000000,0.12472,0.12499,0.12285,0.12392,1607828.3,199006.997574
1781103600000,0.12392,0.125,0.12172,0.12381,2630211.5,325160.098846
1781107200000,0.12381,0.12464,0.1208,0.12194,2328662.7,285715.054486
1781110800000,0.12194,0.12323,0.11894,0.12042,3637177.2,440184.703649
1781114400000,0.12042,0.12095,0.11825,0.11916,2466637.4,295076.960813
1781118000000,0.11916,0.11944,0.11677,0.11711,2482413.4,292776.115004
1781121600000,0.11711,0.11791,0.11578,0.11627,2246554.8,262807.832616
1781125200000,0.11627,0.11643,0.11374,0.11446,1453915.5,167766.141416
1781128800000,0.11446,0.11579,0.11383,0.11474,1473646.6,169110.823859
1781132400000,0.11474,0.11593,0.11392,0.1152,1208653.9,139107.965722
1781136000000,0.1152,0.11774,0.11505,0.11705,1295813.7,151123.79782
1781139600000,0.11705,0.11847,0.11663,0.11813,1089352.7,128118.515917
1781143200000,0.11813,0.11828,0.11575,0.1168,1326642.4,154704.276264
1781146800000,0.1168,0.12025,0.11643,0.11945,1598122.9,188591.420589
1781150400000,0.11945,0.11994,0.11866,0.11919,734553.0,87581.702756
1781154000000,0.11919,0.11924,0.11769,0.11793,601866.4,71215.353719
1781157600000,0.11793,0.11943,0.11751,0.11764,802907.9,95076.502868
1781161200000,0.11764,0.11818,0.11717,0.11767,609791.9,71715.775083
1781164800000,0.11767,0.11899,0.11762,0.11853,822279.1,97357.992769
1781168400000,0.11853,0.11871,0.11736,0.11782,909144.1,107221.527802
1781172000000,0.11782,0.11849,0.11757,0.11842,764644.5,90309.43309
1781175600000,0.11842,0.11876,0.11749,0.11766,1164788.0,137429.217551
1781179200000,0.11766,0.11766,0.11433,0.1161,3162584.3,366828.828408
1781182800000,0.1161,0.11864,0.11588,0.1182,1835253.2,215246.05285
1781186400000,0.1182,0.11999,0.11724,0.11838,1973992.5,234547.23823
1781190000000,0.11838,0.11944,0.11771,0.11935,1518211.4,179835.88756
1781193600000,0.11935,0.11992,0.11831,0.11852,1436512.6,171101.6645
1781197200000,0.11852,0.1229,0.11739,0.12269,2935369.0,352619.82167
1781200800000,0.12269,0.12345,0.1216,0.12234,2651746.1,325031.978926
1781204400000,0.12234,0.12344,0.12144,0.12146,1014767.4,124405.406623
1781208000000,0.12146,0.12198,0.12036,0.12136,988104.3,119651.954178
1781211600000,0.12136,0.12363,0.12127,0.1219,557542.6,68381.628561
1781215200000,0.1219,0.12217,0.12023,0.12071,554988.3,67107.439089
1781218800000,0.12071,0.1216,0.12026,0.12104,542161.0,65561.37027
1781222400000,0.12104,0.12205,0.12034,0.12034,612569.6,74334.502756
1781226000000,0.12034,0.12119,0.11983,0.12023,834311.8,100347.292525
1781229600000,0.12023,0.1215,0.1201,0.12077,615771.3,74293.026766
1781233200000,0.12077,0.12128,0.12031,0.12054,459744.9,55533.257084
1781236800000,0.12054,0.12104,0.11987,0.1203,500887.6,60304.409941
1781240400000,0.1203,0.1204,0.11913,0.11936,1045278.9,125005.105202
1781244000000,0.11936,0.11984,0.11798,0.11801,873685.2,103749.578237
1781247600000,0.11801,0.11907,0.11797,0.11853,722552.1,85568.879883
1781251200000,0.11853,0.12124,0.11826,0.12118,1316844.3,158061.684226
1781254800000,0.12118,0.12365,0.12088,0.12344,1911559.6,234113.662453
1781258400000,0.12344,0.1235,0.12158,0.12176,1058044.1,129519.448435
1781262000000,0.12176,0.12299,0.12165,0.12218,732304.4,89471.968772
1781265600000,0.12218,0.12302,0.12146,0.12176,1011067.5,123774.907827
1781269200000,0.12176,0.12219,0.11919,0.1204,2268969.9,273050.098622
1781272800000,0.1204,0.12278,0.12005,0.12268,2007732.4,243303.270501
1781276400000,0.12268,0.124,0.12067,0.12074,1955567.5,239540.054705
1781280000000,0.12074,0.12231,0.11979,0.1219,1842928.8,223085.725802
1781283600000,0.1219,0.12255,0.12127,0.1213,930084.9,113347.916921
1781287200000,0.1213,0.12169,0.12021,0.12031,964786.6,116697.069782
1781290800000,0.12031,0.12229,0.12027,0.121,787264.0,95487.828478
1781294400000,0.121,0.12264,0.12057,0.12115,872663.0,106091.341568
1781298000000,0.12115,0.12218,0.12011,0.12051,655111.9,79250.483538
1781301600000,0.12051,0.12134,0.11931,0.11948,1090899.8,131240.434593
1781305200000,0.11948,0.11975,0.11833,0.11969,828696.3,98628.149946
1781308800000,0.11969,0.12125,0.11908,0.12082,1026868.3,123386.367265
1781312400000,0.12082,0.12333,0.12081,0.1233,1223512.6,149641.062333
1781316000000,0.1233,0.12354,0.12223,0.12239,1241295.5,152605.492849
1781319600000,0.12239,0.12464,0.1223,0.12352,1361799.9,168187.153023
1781323200000,0.12352,0.12383,0.12136,0.12145,1476046.8,180773.638936
1781326800000,0.12145,0.12179,0.12041,0.1214,1064815.5,128899.388855
1781330400000,0.1214,0.12211,0.12006,0.12147,862724.8,104410.915594
1781334000000,0.12147,0.12353,0.12073,0.1229,871575.9,106958.900831
1781337600000,0.1229,0.12308,0.12131,0.12145,459707.8,56167.072098
1781341200000,0.12145,0.12304,0.12131,0.12217,396065.1,48456.56884
1781344800000,0.12217,0.12309,0.12166,0.122,539808.7,65941.047736
1781348400000,0.122,0.12365,0.12186,0.1229,690458.5,85004.792834
1781352000000,0.1229,0.12393,0.12221,0.12233,773224.8,95084.04808
1781355600000,0.12233,0.12349,0.1217,0.1217,1074269.7,131784.141
1781359200000,0.1217,0.12215,0.12101,0.12125,596678.6,72517.280859
1781362800000,0.12125,0.12318,0.12101,0.12244,1154191.7,141302.213113
1781366400000,0.12244,0.12437,0.12149,0.12306,2804062.7,344607.514931
1781370000000,0.12306,0.12328,0.12126,0.1215,1469123.6,179839.938839
1781373600000,0.1215,0.12391,0.12016,0.12054,3703032.3,452565.252712
1781377200000,0.12054,0.12148,0.12004,0.12066,1124109.5,135618.145633
1781380800000,0.12066,0.12115,0.12009,0.12079,844601.6,101848.168824
1781384400000,0.12079,0.12324,0.11932,0.12286,1120511.5,135860.417299
1781388000000,0.12286,0.12317,0.12095,0.12097,1003995.4,122889.767025
1781391600000,0.12097,0.12134,0.12019,0.12049,783741.8,94703.131345
1781395200000,0.12049,0.12112,0.11968,0.12036,635392.6,76488.194414
1781398800000,0.12036,0.1211,0.11984,0.1202,195892.5,23579.161978
1781402400000,0.1202,0.12067,0.11886,0.11951,411463.7,49243.409818
1781406000000,0.11951,0.12043,0.11916,0.1199,469303.7,56145.840935
1781409600000,0.1199,0.12019,0.1183,0.11843,1252450.8,148980.901509
1781413200000,0.11843,0.11938,0.11768,0.11919,1044067.0,123650.892301
1781416800000,0.11919,0.11999,0.11856,0.11891,1077648.2,128550.081845
1781420400000,0.11891,0.11942,0.11829,0.11907,635981.5,75496.339677
1781424000000,0.11907,0.12093,0.11898,0.12016,836454.5,100714.332759
1781427600000,0.12016,0.12046,0.1189,0.11973,687007.0,82289.808929
1781431200000,0.11973,0.12083,0.1187,0.11883,759001.9,91087.697056
1781434800000,0.11883,0.11935,0.11864,0.11911,495939.4,58992.959573
1781438400000,0.11911,0.11919,0.11668,0.11688,1406208.7,165579.64045
1781442000000,0.11688,0.11755,0.11649,0.11732,1235287.2,144490.917457
1781445600000,0.11732,0.11734,0.11489,0.11586,1743594.5,202117.716643
1781449200000,0.11586,0.11652,0.11549,0.11613,803097.6,93149.828497
1781452800000,0.11613,0.11687,0.11522,0.11564,1006516.7,116680.441279
1781456400000,0.11564,0.11631,0.11477,0.1151,740826.4,85667.003452
1781460000000,0.1151,0.11568,0.1149,0.1154,483973.4,55788.830311
1781463600000,0.1154,0.11752,0.11524,0.11638,936198.8,109068.102098
1781467200000,0.11638,0.11723,0.11632,0.11665,759304.9,88696.705007
1781470800000,0.11665,0.1244,0.11647,0.12386,2070591.3,249412.879257
1781474400000,0.12386,0.12519,0.12259,0.1237,2541674.4,315716.315161
1781478000000,0.1237,0.124,0.12249,0.12355,1136578.0,140123.267265
1781481600000,0.12355,0.12373,0.12209,0.12252,578487.4,71097.937683
1781485200000,0.12252,0.12395,0.12142,0.12366,540018.4,66197.782686
1781488800000,0.12366,0.12537,0.12318,0.12504,710498.7,88379.913309
1781492400000,0.12504,0.12579,0.12371,0.12404,805186.4,100411.892488
1781496000000,0.12404,0.12514,0.12346,0.12427,701176.4,87145.254251
1781499600000,0.12427,0.12583,0.12359,0.12459,591608.2,73725.044052
1781503200000,0.12459,0.12487,0.12358,0.12365,445028.9,55258.237101
1781506800000,0.12365,0.12423,0.12261,0.12284,456575.8,56320.500389
1781510400000,0.12284,0.1242,0.12241,0.12352,555696.0,68490.882363
1781514000000,0.12352,0.12463,0.12303,0.12405,1269568.4,157065.334489
1781517600000,0.12405,0.12476,0.12326,0.12468,545043.0,67581.727447
1781521200000,0.12468,0.12603,0.12419,0.12542,1312650.8,164404.522382
1781524800000,0.12542,0.12607,0.12449,0.12525,530041.1,66394.339379
1781528400000,0.12525,0.12696,0.12496,0.12594,1133124.5,142856.793637
1781532000000,0.12594,0.12813,0.12539,0.12702,1138151.3,144480.020094
1781535600000,0.12702,0.12767,0.12521,0.1275,1180489.8,149497.933373
1781539200000,0.1275,0.1284,0.12589,0.12594,956998.3,121927.704899
1781542800000,0.12594,0.12609,0.12476,0.125,853592.9,107014.005646
1781546400000,0.125,0.12506,0.12324,0.12343,1139570.5,141531.831384
1781550000000,0.12343,0.12401,0.12113,0.12222,1720305.5,210386.924907
1781553600000,0.12222,0.12315,0.12146,0.1217,478771.6,58527.726073
1781557200000,0.1217,0.12263,0.12137,0.1226,287794.3,35134.698413
1781560800000,0.1226,0.12277,0.11952,0.12012,980112.3,118360.629663
1781564400000,0.12012,0.12101,0.11953,0.12077,268390.2,32281.887625
1781568000000,0.12077,0.12267,0.12053,0.12264,557209.9,67667.26896
1781571600000,0.12264,0.12373,0.12072,0.12086,715523.2,87587.382888
1781575200000,0.12086,0.12086,0.11859,0.11998,667267.8,79773.768582
1781578800000,0.11998,0.122,0.11966,0.12172,438685.7,53041.783032
1781582400000,0.12172,0.12195,0.12005,0.12024,461817.6,55817.933059
1781586000000,0.12024,0.12305,0.12006,0.12265,782958.6,95520.406593
1781589600000,0.12265,0.12349,0.12213,0.12277,633094.3,77694.937806
1781593200000,0.12277,0.12334,0.12205,0.12302,617027.4,75717.665708
1781596800000,0.12302,0.12462,0.12238,0.12433,818679.8,100948.104934
1781600400000,0.12433,0.12458,0.12296,0.12315,865315.5,106930.180243
1781604000000,0.12315,0.12359,0.12192,0.12239,804231.0,98524.623907
1781607600000,0.12239,0.1232,0.12164,0.12303,449026.9,54919.554568
1781611200000,0.12303,0.12415,0.12253,0.12366,801817.9,98815.792666
1781614800000,0.12366,0.12393,0.12107,0.12146,883717.4,107763.593346
1781618400000,0.12146,0.12214,0.11748,0.1183,2067634.4,247314.845841
1781622000000,0.1183,0.1192,0.11777,0.11854,1087059.2,128967.719388
1781625600000,0.11854,0.11893,0.11774,0.11816,309115.4,36548.399659
1781629200000,0.11816,0.12061,0.11753,0.12047,895277.6,106546.484411
1781632800000,0.12047,0.12315,0.12047,0.12231,1653713.2,201966.697961
1781636400000,0.12231,0.12295,0.12098,0.12215,781298.2,95311.449866
1781640000000,0.12215,0.12419,0.12149,0.124,582579.6,71815.484586
1781643600000,0.124,0.12417,0.12182,0.12261,713138.1,87540.065323
1781647200000,0.12261,0.12478,0.12227,0.12457,666019.3,82472.506006
1781650800000,0.12457,0.12502,0.1224,0.12273,715114.9,88320.658976
1781654400000,0.12273,0.12487,0.12239,0.1239,772420.8,95618.544158
1781658000000,0.1239,0.12608,0.12334,0.12557,782652.7,97713.756378
1781661600000,0.12557,0.1279,0.12523,0.12684,1108412.3,140523.238096
1781665200000,0.12684,0.12731,0.12508,0.12707,1207474.3,152697.721348
1781668800000,0.12707,0.12732,0.12534,0.12654,743783.9,93992.15778
1781672400000,0.12654,0.12814,0.12508,0.12591,720233.2,91218.978852
1781676000000,0.12591,0.1286,0.12534,0.12645,2031398.0,258229.790599
1781679600000,0.12645,0.12796,0.12549,0.12653,1001276.4,126871.844903
1781683200000,0.12653,0.12693,0.12322,0.12338,2163516.9,269086.450643
1781686800000,0.12338,0.12424,0.12315,0.12404,1257765.6,155537.342164
1781690400000,0.12404,0.12553,0.12377,0.12419,1389476.8,173413.541459
1781694000000,0.12419,0.12473,0.12308,0.1232,1002670.3,124162.422928
1781697600000,0.1232,0.12438,0.12204,0.12403,1649963.6,202828.45942
1781701200000,0.12403,0.12445,0.12323,0.12352,752542.4,93191.985911
1781704800000,0.12352,0.12374,0.12076,0.12208,1226987.5,150078.056167
1781708400000,0.12208,0.12588,0.12207,0.12577,1368862.8,169695.15242
1781712000000,0.12577,0.12749,0.12526,0.12532,1738245.3,220057.929384
1781715600000,0.12532,0.12544,0.12367,0.12513,822219.3,102560.190434
1781719200000,0.12513,0.12513,0.12081,0.12288,2027633.2,248609.724182
1781722800000,0.12288,0.1237,0.11882,0.11924,1421069.4,171085.281063
1781726400000,0.11924,0.12065,0.11845,0.12015,983003.6,117452.235021
1781730000000,0.12015,0.12026,0.11813,0.11858,739707.6,88027.129387
1781733600000,0.11858,0.11891,0.11546,0.11841,1778679.1,208785.291688
1781737200000,0.11841,0.11931,0.11821,0.11886,567614.5,67436.919299
1781740800000,0.11886,0.12246,0.11882,0.1209,1629941.5,197176.484366
1781744400000,0.1209,0.1232,0.12066,0.12172,1319510.1,161057.143659
1781748000000,0.12172,0.12259,0.12101,0.12118,647656.5,78960.682057
1781751600000,0.12118,0.1212,0.11899,0.1195,1065412.9,127655.797921
1781755200000,0.1195,0.11975,0.1173,0.11744,1048404.8,123922.881471
1781758800000,0.11744,0.11763,0.1159,0.11738,1328830.4,154785.235955
1781762400000,0.11738,0.11813,0.11685,0.11788,810066.1,95108.654141
1781766000000,0.11788,0.11864,0.1175,0.11767,609853.8,72006.813336
1781769600000,0.11767,0.11882,0.11715,0.11805,1109079.3,130899.847887
1781773200000,0.11805,0.11963,0.11732,0.11915,594324.5,70375.785932
1781776800000,0.11915,0.11919,0.11807,0.11873,699445.7,82995.093053
1781780400000,0.11873,0.11935,0.11743,0.1177,619367.1,73268.46151
1781784000000,0.1177,0.11827,0.11689,0.1176,866016.6,101883.583674
1781787600000,0.1176,0.11816,0.11525,0.11616,1355357.9,158102.540263
1781791200000,0.11616,0.11825,0.11557,0.11742,2081704.4,243370.934916
1781794800000,0.11742,0.11755,0.11034,0.11101,5633218.5,638048.63758
1781798400000,0.11101,0.11369,0.11058,0.11342,2781502.1,311786.612813
1781802000000,0.11342,0.11376,0.11125,0.11293,1429632.1,160963.361332
1781805600000,0.11293,0.11468,0.11273,0.11343,843257.7,95921.607032
1781809200000,0.11343,0.11565,0.11334,0.11514,923055.4,105961.781157
1781812800000,0.11514,0.12089,0.11514,0.12012,2188270.2,259872.544975
1781816400000,0.12012,0.12047,0.11827,0.11868,855146.8,102017.707658
1781820000000,0.11868,0.11904,0.11712,0.11716,926640.8,109327.578104
1781823600000,0.11716,0.11769,0.11633,0.11734,724238.4,84760.58661
1781827200000,0.11734,0.1194,0.11717,0.11935,887442.0,105149.865
1781830800000,0.11935,0.12167,0.11901,0.12148,1366033.3,164522.172449
1781834400000,0.12148,0.12163,0.11896,0.11936,1134584.2,136459.664591
1781838000000,0.11936,0.1196,0.11609,0.11746,2742714.4,321550.02991
1781841600000,0.11746,0.11807,0.1151,0.11526,1458515.8,169855.069165
1781845200000,0.11526,0.11631,0.11484,0.11573,637774.0,73678.746351
1781848800000,0.11573,0.11723,0.11532,0.11581,1136851.7,131970.115181
1781852400000,0.11581,0.11582,0.11371,0.11491,1159311.7,132790.136696
1781856000000,0.11491,0.11615,0.11473,0.11553,493348.5,56982.572093
1781859600000,0.11553,0.11584,0.11429,0.11499,635063.8,72933.782904
1781863200000,0.11499,0.11516,0.11402,0.11471,625695.7,71655.758386
1781866800000,0.11471,0.11545,0.11445,0.11449,549456.9,63113.643372
1781870400000,0.11449,0.11679,0.11427,0.11658,1221441.7,140950.958683
1781874000000,0.11658,0.1203,0.11622,0.11968,1807189.5,214272.937627
1781877600000,0.11968,0.11972,0.11762,0.11782,951950.9,113114.710746
1781881200000,0.11782,0.11906,0.11737,0.11851,743459.4,87995.859452
1781884800000,0.11851,0.11989,0.11785,0.11841,1015479.8,120980.48705
1781888400000,0.11841,0.12064,0.11801,0.11988,792270.3,94417.274163
1781892000000,0.11988,0.12015,0.11873,0.11961,596328.2,71253.456075
1781895600000,0.11961,0.11975,0.11805,0.1185,525999.3,62437.499725
1781899200000,0.1185,0.12079,0.11841,0.12068,785416.9,93906.455908
1781902800000,0.12068,0.12135,0.11905,0.11925,637801.7,76664.199314
1781906400000,0.11925,0.12048,0.11908,0.11966,383073.6,45919.990323
1781910000000,0.11966,0.12054,0.11945,0.12032,532564.4,63879.995829
1781913600000,0.12032,0.12115,0.1193,0.11933,1250379.0,150312.290176
1781917200000,0.11933,0.12022,0.11851,0.11872,945460.4,112848.133355
1781920800000,0.11872,0.1189,0.11781,0.11791,927648.6,109746.862991
1781924400000,0.11791,0.12026,0.11774,0.11987,716805.1,85533.580775
1781928000000,0.11987,0.12116,0.11904,0.12116,783633.3,94153.966824
1781931600000,0.12116,0.12254,0.12033,0.12193,1096940.7,133204.347692
1781935200000,0.12193,0.12207,0.1208,0.12115,609220.0,73929.441514
1781938800000,0.12115,0.12118,0.11942,0.11969,569005.0,68361.562979
1781942400000,0.11969,0.12082,0.11922,0.12059,403015.7,48400.025779
1781946000000,0.12059,0.12176,0.12049,0.12118,437693.1,53033.868911
1781949600000,0.12118,0.12184,0.11995,0.12128,488586.9,59042.691069
1781953200000,0.12128,0.12175,0.12061,0.12079,728981.1,88313.060602
1781956800000,0.12079,0.12132,0.1198,0.11991,543678.8,65589.40236
1781960400000,0.11991,0.12,0.11788,0.11891,1547117.4,184175.613763
1781964000000,0.11891,0.12157,0.11759,0.12091,1638270.9,195675.88991
1781967600000,0.12091,0.12147,0.12008,0.12041,1119697.6,135096.776101
1781971200000,0.12041,0.12058,0.11925,0.12046,417971.9,50132.17266
1781974800000,0.12046,0.12047,0.11838,0.11915,631146.7,75344.398274
1781978400000,0.11915,0.12,0.11873,0.11895,398715.9,47638.939913
1781982000000,0.11895,0.11992,0.11824,0.11928,527010.8,62773.209361
1781985600000,0.11928,0.11956,0.11845,0.11902,575428.6,68491.0632
1781989200000,0.11902,0.11957,0.11846,0.11872,347733.4,41325.695746
1781992800000,0.11872,0.11999,0.11847,0.11956,977582.5,116775.078707
1781996400000,0.11956,0.11972,0.11881,0.11903,467063.6,55717.083644
1782000000000,0.11903,0.11931,0.11846,0.11896,413015.5,49081.927536
1782003600000,0.11896,0.11979,0.11843,0.11904,394734.1,47054.467588
1782007200000,0.11904,0.11947,0.11833,0.11906,562747.3,66878.648746
1782010800000,0.11906,0.11975,0.11873,0.11944,384249.2,45823.404968
1782014400000,0.11944,0.12052,0.11879,0.11888,1274426.0,152741.469712
1782018000000,0.11888,0.11968,0.11853,0.11863,413015.1,49190.09955
1782021600000,0.11863,0.11958,0.11834,0.11912,561561.0,66733.355249
1782025200000,0.11912,0.12052,0.11855,0.12015,777329.4,93021.400564
1782028800000,0.12015,0.1211,0.11881,0.12103,703968.0,84404.977946
1782032400000,0.12103,0.12135,0.11936,0.12055,802830.4,96578.111153
1782036000000,0.12055,0.12164,0.12037,0.12037,597801.6,72326.932874
1782039600000,0.12037,0.12305,0.12031,0.12186,1702189.3,207473.511663
1782043200000,0.12186,0.12205,0.11926,0.12088,1379920.7,166180.295611
1782046800000,0.12088,0.12335,0.12075,0.1231,1347949.8,164544.62897
1782050400000,0.1231,0.12557,0.12184,0.12557,1379275.3,170332.884297
1782054000000,0.12557,0.12754,0.12532,0.12599,4265808.8,539027.890568
1782057600000,0.12599,0.1262,0.12326,0.12392,2554954.3,317879.129293
1782061200000,0.12392,0.12491,0.12343,0.12364,1110553.9,137995.590086
1782064800000,0.12364,0.12562,0.12277,0.12562,976517.1,121025.495468
1782068400000,0.12562,0.12597,0.12468,0.12489,1631274.1,204353.025191
1782072000000,0.12489,0.12505,0.12312,0.12343,1106936.8,137282.727466
1782075600000,0.12343,0.12391,0.12105,0.12237,1544634.1,188596.813705
1782079200000,0.12237,0.12287,0.12086,0.12152,805023.3,97907.750003
1782082800000,0.12152,0.12152,0.12004,0.12008,1141231.6,137833.367422
1782086400000,0.12008,0.12398,0.11992,0.12361,1676352.3,204416.466199
1782090000000,0.12361,0.12641,0.12317,0.12496,1941994.5,242731.586835
1782093600000,0.12496,0.12516,0.12243,0.12248,959390.2,118661.392992
1782097200000,0.12248,0.12266,0.12046,0.12064,949968.3,115546.610247
1782100800000,0.12064,0.12064,0.11934,0.12004,798053.8,95786.907558
1782104400000,0.12004,0.12101,0.1196,0.12021,590110.9,71096.983365
1782108000000,0.12021,0.12096,0.11965,0.12042,389525.2,46871.50581
1782111600000,0.12042,0.12207,0.1202,0.12138,445930.2,54134.043036
1782115200000,0.12138,0.12845,0.12102,0.12697,5049078.5,635032.921401
1782118800000,0.12697,0.12848,0.12548,0.12843,3463069.5,439761.70194
1782122400000,0.12843,0.13289,0.12803,0.13234,5384832.2,700035.548739
1782126000000,0.13234,0.13347,0.12972,0.13262,4560617.8,601744.720803
1782129600000,0.13262,0.13561,0.13048,0.13537,5348193.6,710157.343333
1782133200000,0.13537,0.13926,0.13472,0.13893,7288479.0,995801.203471
1782136800000,0.13893,0.13954,0.13441,0.13544,6993167.0,956453.660278
1782140400000,0.13544,0.13718,0.13418,0.13623,3466929.6,470204.911623
1782144000000,0.13623,0.13792,0.13466,0.13716,3714332.9,506182.632821
1782147600000,0.13716,0.13749,0.13164,0.13282,4934149.6,659813.719402
1782151200000,0.13282,0.13351,0.13068,0.13093,2602543.7,343692.886661
1782154800000,0.13093,0.13109,0.12941,0.13001,2039917.2,265588.68485
1782158400000,0.13001,0.1316,0.12976,0.13079,1666022.4,217673.939582
1782162000000,0.13079,0.13111,0.12955,0.13071,786329.2,102429.236554
1782165600000,0.13071,0.13127,0.12754,0.12871,2094023.4,269542.912049
1782169200000,0.12871,0.1294,0.12817,0.129,721852.1,92967.803326
1782172800000,0.129,0.13145,0.12857,0.13145,1210879.1,157659.091416
1782176400000,0.13145,0.13452,0.1304,0.13424,2400621.4,319265.896037
1782180000000,0.13424,0.13558,0.13302,0.13543,1691030.3,227268.431711
1782183600000,0.13543,0.13631,0.13343,0.13609,1039502.0,140169.717714
1782187200000,0.13609,0.13714,0.13436,0.13523,1629129.2,221182.714135
1782190800000,0.13523,0.13547,0.13324,0.13413,1803639.5,242165.013991
1782194400000,0.13413,0.13423,0.12985,0.13056,3551017.3,469220.559044
1782198000000,0.13056,0.13434,0.13031,0.13293,1401310.2,186096.156345
1782201600000,0.13293,0.13443,0.12723,0.1312,4401093.8,572282.508711
1782205200000,0.1312,0.13785,0.13114,0.13504,3371999.4,454356.06792
1782208800000,0.13504,0.13652,0.12565,0.12845,4914713.1,641334.900871
1782212400000,0.12845,0.13171,0.12803,0.13155,2241536.5,291776.844544
1782216000000,0.13155,0.13499,0.13122,0.13457,1804555.9,239087.854578
1782219600000,0.13457,0.13697,0.13312,0.13684,2951411.8,399300.785419
1782223200000,0.13684,0.14273,0.13603,0.13962,9659266.2,1352068.998243
1782226800000,0.13962,0.14176,0.13607,0.13729,4950124.3,687556.875149
1782230400000,0.13729,0.13854,0.1337,0.13452,3399522.5,462603.0852
1782234000000,0.13452,0.13712,0.13369,0.13673,1742585.2,235862.149634
1782237600000,0.13673,0.13909,0.13671,0.13784,1761005.3,243299.416165
1782241200000,0.13784,0.14476,0.13775,0.14419,3816902.3,541835.351054
1782244800000,0.14419,0.14832,0.14406,0.14692,6805263.3,995249.471286
1782248400000,0.14692,0.14986,0.14622,0.14685,6786850.0,1004407.755889
1782252000000,0.14685,0.15481,0.14571,0.14929,17584017.3,2644688.558614
1782255600000,0.14929,0.1513,0.14612,0.14993,6482415.5,966407.131105
1782259200000,0.14993,0.15353,0.14829,0.15284,8012380.0,1206555.419783
1782262800000,0.15284,0.15382,0.14888,0.1492,5072678.8,769371.278254
1782266400000,0.1492,0.15383,0.14853,0.15027,3228717.1,488776.70393
1782270000000,0.15027,0.15067,0.14715,0.14808,3435602.0,511706.496911
1782273600000,0.14808,0.14979,0.14573,0.14701,3138835.9,462900.433591
1782277200000,0.14701,0.14879,0.144,0.14481,3746113.2,548061.741223
1782280800000,0.14481,0.14633,0.1432,0.14584,2489432.7,359306.452951
1782284400000,0.14584,0.14623,0.14316,0.14364,2059136.8,297713.745705
1782288000000,0.14364,0.14871,0.14349,0.14869,3248649.5,475831.277101
1782291600000,0.14869,0.15124,0.14737,0.14953,4475784.1,668835.892652
1782295200000,0.14953,0.15038,0.14732,0.14913,3246389.9,482528.15972
1782298800000,0.14913,0.14949,0.1444,0.14866,4432318.8,650182.291787
1782302400000,0.14866,0.15335,0.14425,0.14695,7303372.6,1088027.59004
1782306000000,0.14695,0.147,0.14141,0.14441,7568356.2,1088708.299073
1782309600000,0.14441,0.14947,0.14343,0.14645,4004126.5,584998.952715
1782313200000,0.14645,0.14687,0.14303,0.14416,3265219.5,473044.229982
1782316800000,0.14416,0.14659,0.13913,0.14108,7117927.6,1012344.165932
1782320400000,0.14108,0.142,0.13768,0.14004,7947674.3,1112716.867003
1782324000000,0.14004,0.1438,0.13862,0.14121,5397032.3,765686.011243
1782327600000,0.14121,0.14367,0.14121,0.14357,1815375.5,258470.61156
1782331200000,0.14357,0.15033,0.14331,0.14773,5891549.2,870859.035432
1782334800000,0.14773,0.14773,0.14479,0.14692,1089244.1,159367.480232
1782338400000,0.14692,0.15034,0.14692,0.14812,5706834.4,848531.499711
1782342000000,0.14812,0.14979,0.14751,0.14956,1602793.9,238521.371973
1782345600000,0.14956,0.15104,0.14625,0.1469,2334760.9,346900.58295
1782349200000,0.1469,0.14907,0.14606,0.14888,808409.6,118784.053679
1782352800000,0.14888,0.14994,0.14706,0.14755,926350.2,137765.945892
1782356400000,0.14755,0.15111,0.14736,0.15056,1022884.3,153031.995758
1782360000000,0.15056,0.15196,0.14751,0.14784,1849148.7,276443.795898
1782363600000,0.14784,0.14947,0.14704,0.1471,1326329.4,196637.632814
1782367200000,0.1471,0.14897,0.14665,0.14785,938160.8,138609.494432
1782370800000,0.14785,0.14858,0.14594,0.14803,1232905.4,181444.260708
1782374400000,0.14803,0.14817,0.14604,0.14644,1415562.1,208403.840117
1782378000000,0.14644,0.14779,0.14604,0.14723,750137.2,110170.31722
1782381600000,0.14723,0.14814,0.1436,0.14437,2015987.0,292869.913702
1782385200000,0.14437,0.14493,0.14327,0.14402,1312469.1,189133.758187
1782388800000,0.14402,0.14835,0.14401,0.14594,2304537.1,336245.158619
1782392400000,0.14594,0.14836,0.1347,0.13622,7732198.5,1083918.768041
1782396000000,0.13622,0.14624,0.13622,0.14205,4938316.1,698633.693708
1782399600000,0.14205,0.14255,0.13909,0.13964,2224227.6,312436.927083
1782403200000,0.13964,0.14388,0.13877,0.13977,2447699.8,344313.426659
1782406800000,0.13977,0.14214,0.13907,0.14153,1737861.6,244591.006976
1782410400000,0.14153,0.14295,0.14033,0.14217,2080075.7,294863.317979
1782414000000,0.14217,0.14317,0.14113,0.14216,1127726.5,160266.83825
1782417600000,0.14216,0.14809,0.14216,0.14441,2258024.5,328639.51136
1782421200000,0.14441,0.14674,0.14417,0.14624,935657.2,136042.186519
1782424800000,0.14624,0.14729,0.14466,0.14513,903860.0,131789.88609
1782428400000,0.14513,0.14685,0.14513,0.1455,878318.7,128259.082795
1782432000000,0.1455,0.14628,0.14437,0.14543,847076.2,123073.03417
1782435600000,0.14543,0.14586,0.14136,0.14176,1343560.4,192014.037881
1782439200000,0.14176,0.14187,0.13633,0.13662,3502978.7,482700.719586
1782442800000,0.13662,0.14092,0.13592,0.14092,2418268.8,334289.498928
1782446400000,0.14092,0.14158,0.13976,0.14049,1472103.7,207235.291035
1782450000000,0.14049,0.14393,0.14038,0.1423,1241935.4,176460.060891
1782453600000,0.1423,0.14339,0.13934,0.14292,1628554.6,230593.668723
1782457200000,0.14292,0.14496,0.1425,0.14441,1001506.6,144188.119642
1782460800000,0.14441,0.14865,0.14339,0.14593,3985707.5,583786.999618
1782464400000,0.14593,0.14606,0.14046,0.14076,2413990.3,346216.118566
1782468000000,0.14076,0.14723,0.139,0.14642,6958044.9,995083.698794
1782471600000,0.14642,0.1488,0.14502,0.14822,2881369.4,423996.838519
1782475200000,0.14822,0.15029,0.14563,0.14777,4535379.9,673025.354477
1782478800000,0.14777,0.15169,0.14609,0.15105,5640209.9,835679.786035
1782482400000,0.15105,0.15252,0.14875,0.15155,8080238.6,1219073.224342
1782486000000,0.15155,0.15504,0.14893,0.15498,8645158.1,1313228.546987
1782489600000,0.15498,0.15722,0.15397,0.15638,4062154.0,633246.363801
1782493200000,0.15638,0.16309,0.1548,0.15681,8785114.6,1394081.227738
1782496800000,0.15681,0.16003,0.15607,0.15998,2446436.8,387945.150583
1782500400000,0.15998,0.16144,0.15696,0.157,2792142.4,446220.668709
1782504000000,0.157,0.15921,0.15688,0.15777,2476557.2,391066.741036
1782507600000,0.15777,0.16,0.1558,0.15818,1017852.9,160230.33805
1782511200000,0.15818,0.15843,0.15534,0.15842,1023849.8,160680.114708
1782514800000,0.15842,0.16062,0.15815,0.15983,1183038.8,188596.455846
1782518400000,0.15983,0.16015,0.15779,0.15903,1546095.8,245836.990965
1782522000000,0.15903,0.16189,0.1582,0.16187,1233953.2,197696.08964
1782525600000,0.16187,0.16405,0.15974,0.16312,2614355.3,423618.642411
1782529200000,0.16312,0.1633,0.15734,0.15919,2387118.5,383162.556501
1782532800000,0.15919,0.15989,0.15618,0.15626,1714973.1,270615.937463
1782536400000,0.15626,0.15745,0.15561,0.1562,1349418.5,211244.860368
1782540000000,0.1562,0.1566,0.15462,0.15546,1244775.1,193862.983088
1782543600000,0.15546,0.15626,0.15493,0.15552,716972.5,111565.415643
1782547200000,0.15552,0.15833,0.15378,0.15605,2974102.3,465402.412314
1782550800000,0.15605,0.15641,0.15251,0.15304,1898999.8,292536.001793
1782554400000,0.15304,0.15374,0.152,0.1521,1415980.0,216603.929161
1782558000000,0.1521,0.15385,0.15167,0.15242,970116.5,147905.761729
1782561600000,0.15242,0.15329,0.15133,0.15314,795517.5,120907.351112
1782565200000,0.15314,0.15634,0.15282,0.15444,1670583.1,258145.966099
1782568800000,0.15444,0.15584,0.15433,0.1553,659256.9,102219.853974
1782572400000,0.1553,0.15618,0.15446,0.15605,1097557.0,170521.065221
1782576000000,0.15605,0.15733,0.15519,0.15555,988354.7,154596.15335
1782579600000,0.15555,0.15561,0.15256,0.15411,1324028.0,203885.05361
1782583200000,0.15411,0.1546,0.15316,0.15445,336156.1,51771.776268
1782586800000,0.15445,0.15474,0.15193,0.15269,639777.9,97947.531869
1782590400000,0.15269,0.15319,0.14985,0.15185,2092063.8,316827.307866
1782594000000,0.15185,0.15295,0.15055,0.1516,456121.8,69206.938302
1782597600000,0.1516,0.15172,0.15021,0.1509,591706.5,89365.459265
1782601200000,0.1509,0.15135,0.14984,0.1503,975501.4,146682.419132
1782604800000,0.1503,0.15134,0.1498,0.14982,885101.0,133301.961382
1782608400000,0.14982,0.15156,0.14974,0.1515,502534.8,75778.029429
1782612000000,0.1515,0.15372,0.15134,0.15164,1075691.2,164211.431798
1782615600000,0.15164,0.1546,0.1516,0.15407,1182248.2,180632.276856
1782619200000,0.15407,0.15419,0.152,0.15334,680121.2,104014.622112
1782622800000,0.15334,0.15345,0.1517,0.15298,1061325.4,161764.415425
1782626400000,0.15298,0.15399,0.1519,0.1532,1319593.2,202060.52864
1782630000000,0.1532,0.15371,0.15174,0.1522,818687.8,125045.846797
1782633600000,0.1522,0.1534,0.15084,0.15264,863751.8,131450.180249
1782637200000,0.15264,0.15385,0.15165,0.15205,816358.0,124680.582453
1782640800000,0.15205,0.15294,0.1516,0.1524,748640.0,114040.751575
1782644400000,0.1524,0.1552,0.15217,0.15291,2604423.7,399094.669257
1782648000000,0.15291,0.15295,0.15085,0.15197,765653.4,116196.244891
1782651600000,0.15197,0.15218,0.14983,0.15026,1517197.7,228458.204878
1782655200000,0.15026,0.15141,0.14958,0.14994,736009.8,110715.436557
1782658800000,0.14994,0.16052,0.14975,0.15909,15326748.1,2404560.647849
1782662400000,0.15909,0.15953,0.15531,0.15721,3053549.3,480827.343337
1782666000000,0.15721,0.15922,0.15619,0.15852,2115588.5,333026.043278
1782669600000,0.15852,0.15915,0.15646,0.15742,1197285.3,188541.43559
1782673200000,0.15742,0.15742,0.15436,0.15519,1802640.9,281395.651443
1782676800000,0.15519,0.15777,0.15484,0.15634,901767.0,140954.299723
1782680400000,0.15634,0.15644,0.15428,0.15507,754644.7,117314.717948
1782684000000,0.15507,0.15692,0.1534,0.15445,2050527.2,318001.915096
1782687600000,0.15445,0.15583,0.15242,0.15333,1768897.5,272034.864515
1782691200000,0.15333,0.15393,0.15087,0.15365,2246444.3,342206.482081
1782694800000,0.15365,0.15401,0.15238,0.1535,817904.6,125226.325022
1782698400000,0.1535,0.15911,0.15182,0.15814,3938023.0,617742.091028
1782702000000,0.15814,0.16331,0.15812,0.163,4120349.3,666289.169682
1782705600000,0.163,0.16387,0.16061,0.16201,2543920.1,413391.527767
1782709200000,0.16201,0.1628,0.15996,0.16201,1521595.0,245158.679367
1782712800000,0.16201,0.16625,0.16189,0.16575,2591467.6,425944.646942
1782716400000,0.16575,0.16589,0.16282,0.16296,1278279.9,210059.392
1782720000000,0.16296,0.1657,0.16109,0.1616,2246007.5,367102.585877
1782723600000,0.1616,0.16548,0.16146,0.16527,1309152.6,214499.248259
1782727200000,0.16527,0.16548,0.16271,0.16362,843657.9,138205.965364
1782730800000,0.16362,0.16362,0.16082,0.16118,1303419.4,210921.327896
1782734400000,0.16118,0.16488,0.16042,0.1631,1582795.9,258259.775037
1782738000000,0.1631,0.1664,0.16195,0.1629,2062247.3,338824.509061
1782741600000,0.1629,0.16306,0.15822,0.16019,2302113.5,369203.124652
1782745200000,0.16019,0.16397,0.15896,0.16355,1508198.8,243203.706054
1782748800000,0.16355,0.16362,0.16028,0.16156,743268.4,120191.560867
1782752400000,0.16156,0.16428,0.16151,0.16246,1352734.5,220754.118798
1782756000000,0.16246,0.16275,0.161,0.16115,485986.0,78588.758774
1782759600000,0.16115,0.1632,0.16096,0.16169,744365.2,120841.834696
1782763200000,0.16169,0.16271,0.1612,0.16207,400979.9,64851.928279
1782766800000,0.16207,0.1631,0.16157,0.16225,394008.2,63892.141536
1782770400000,0.16225,0.1623,0.16029,0.1606,787941.8,126844.738151
1782774000000,0.1606,0.16118,0.15922,0.15945,583275.5,93372.442608
1782777600000,0.15945,0.15992,0.15664,0.15755,1138873.9,180066.909364
1782781200000,0.15755,0.15785,0.15571,0.15598,1004923.0,157734.204843
1782784800000,0.15598,0.15942,0.1551,0.15791,3604271.4,566722.346029
1782788400000,0.15791,0.15824,0.15656,0.15698,822859.7,129622.041808
1782792000000,0.15698,0.15958,0.15665,0.15935,755777.4,119787.209871
1782795600000,0.15935,0.16055,0.15761,0.15845,1544518.5,245737.336418
1782799200000,0.15845,0.1606,0.15754,0.1603,872216.1,138978.798578
1782802800000,0.1603,0.16425,0.15949,0.16212,2440065.0,396706.686287
1782806400000,0.16212,0.16262,0.16009,0.16259,1676752.3,270195.015789
1782810000000,0.16259,0.16552,0.16137,0.16518,2224434.2,365077.560242
1782813600000,0.16518,0.16548,0.16314,0.16399,2050381.8,336841.21737
1782817200000,0.16399,0.16542,0.16078,0.16269,1656932.9,269223.46675
1782820800000,0.16269,0.16276,0.15571,0.15782,4544404.7,721619.687842
1782824400000,0.15782,0.15862,0.15542,0.15789,2632759.6,413137.021347
1782828000000,0.15789,0.16241,0.1575,0.16093,3524466.5,564997.408162
1782831600000,0.16093,0.17248,0.16063,0.17107,13061976.9,2175238.724314
1782835200000,0.17107,0.17146,0.16538,0.16765,4338835.5,729774.198699
1782838800000,0.16765,0.17304,0.16704,0.17238,4058734.0,692711.430788
1782842400000,0.17238,0.18082,0.1698,0.17911,4616967.7,808069.170463
1782846000000,0.17911,0.1798,0.17112,0.17243,9324504.8,1630741.211327
1782849600000,0.17243,0.17842,0.1709,0.17784,4749357.4,827549.40473
1782853200000,0.17784,0.17958,0.17617,0.17806,1846255.7,328380.588376
1782856800000,0.17806,0.17929,0.17683,0.1782,1775996.9,316585.155609
1782860400000,0.1782,0.18087,0.17741,0.17983,1456774.4,261371.664181
1782864000000,0.17983,0.18165,0.17847,0.1795,2333511.2,420171.149393
1782867600000,0.1795,0.18264,0.17656,0.18197,2941937.4,528581.38153
1782871200000,0.18197,0.18645,0.17952,0.1863,5137574.6,946088.966288
1782874800000,0.1863,0.2076,0.18572,0.20657,18832713.7,3690943.311976
1782878400000,0.20657,0.24436,0.20629,0.24151,62480913.7,14205823.058582
1782882000000,0.24151,0.2432,0.22237,0.2305,35752413.1,8295060.302827
1782885600000,0.2305,0.23164,0.21251,0.21532,30804215.9,6877659.254258
1782889200000,0.21532,0.21565,0.17877,0.19178,58441606.8,11294512.830715
1782892800000,0.19178,0.1931,0.18538,0.19038,19956186.6,3768462.766331
1782896400000,0.19038,0.20588,0.18999,0.20142,29919183.6,5926503.134028
1782900000000,0.20142,0.20333,0.19471,0.20272,13497733.2,2690652.147088
1782903600000,0.20272,0.20533,0.188,0.19069,17292423.0,3363308.761752
1782907200000,0.19069,0.19549,0.18978,0.19519,8349741.0,1604754.408435
1782910800000,0.19519,0.20097,0.19089,0.19223,15764033.8,3098906.22597
1782914400000,0.19223,0.19529,0.18858,0.18972,8120109.3,1557397.870156
1782918000000,0.18972,0.19285,0.18577,0.18868,6662436.6,1262753.544585
1782921600000,0.18868,0.18967,0.18069,0.1824,9812185.8,1822415.67517
1782925200000,0.1824,0.18992,0.17076,0.18283,42878712.1,7785929.561749
1782928800000,0.18283,0.18617,0.1481,0.15339,56158085.0,9361470.728104
1782932400000,0.15339,0.16461,0.13961,0.14549,49186156.0,7444152.920634
1782936000000,0.14549,0.15331,0.14491,0.15087,9728542.9,1462513.474873
1782939600000,0.15087,0.15383,0.14943,0.14949,6262652.5,952243.636734
1782943200000,0.14949,0.15223,0.14815,0.14913,3223913.8,485277.866363
1782946800000,0.14913,0.14948,0.1435,0.14379,6849194.7,1002308.703223
1782950400000,0.14379,0.14379,0.13151,0.13509,18623524.3,2533026.507709
1782954000000,0.13509,0.13676,0.13269,0.13549,6122197.6,827791.828909
1782957600000,0.13549,0.13852,0.13413,0.13769,7705933.7,1051337.267776
1782961200000,0.13769,0.13882,0.13337,0.13467,6970877.1,950319.505009
1782964800000,0.13467,0.13821,0.13438,0.13706,5006671.0,681817.939
1782968400000,0.13706,0.13752,0.13496,0.13556,3165614.5,430320.526787
1782972000000,0.13556,0.13558,0.13298,0.13313,5194386.6,697288.625245
1782975600000,0.13313,0.13538,0.13253,0.13365,3567766.2,477977.468967
1782979200000,0.13365,0.1371,0.13235,0.13672,5519637.9,743254.468724
1782982800000,0.13672,0.13998,0.1357,0.13821,9129358.0,1262085.570144
1782986400000,0.13821,0.14304,0.13764,0.14299,6056838.6,855517.776828
1782990000000,0.14299,0.14345,0.13995,0.14221,6888238.3,976318.562605
1782993600000,0.14221,0.14535,0.14163,0.14429,6204434.5,891775.615484
1782997200000,0.14429,0.1446,0.14034,0.14266,6285672.5,895338.573053
1783000800000,0.14266,0.14362,0.13549,0.13718,9708401.9,1343328.581994
1783004400000,0.13718,0.13827,0.13514,0.13762,5159058.9,705358.02111
1783008000000,0.13762,0.13768,0.1334,0.13582,9405493.3,1275017.25641
1783011600000,0.13582,0.13691,0.13464,0.13545,3056653.2,414399.644955
1783015200000,0.13545,0.13571,0.13094,0.13294,6950854.4,927356.770042
1783018800000,0.13294,0.13322,0.1279,0.12988,9657709.2,1260383.44298
1783022400000,0.12988,0.13176,0.12949,0.12987,3835063.7,500073.439443
1783026000000,0.12987,0.12997,0.1265,0.12792,4225265.0,542096.456378
1783029600000,0.12792,0.12836,0.12637,0.12695,3087765.2,392489.265032
1783033200000,0.12695,0.12919,0.12553,0.1283,3565335.9,454230.808308
1783036800000,0.1283,0.1283,0.12429,0.12578,4033489.5,508923.085009
1783040400000,0.12578,0.12944,0.12544,0.12863,3994336.2,512655.924332
1783044000000,0.12863,0.13028,0.12764,0.12827,3229885.7,415728.877883
1783047600000,0.12827,0.12964,0.1272,0.12858,1786350.7,229497.571389
1783051200000,0.12858,0.12946,0.1274,0.12862,1450184.6,186188.566802
1783054800000,0.12862,0.12894,0.12742,0.12828,1396901.7,179175.957055
1783058400000,0.12828,0.1292,0.12677,0.12703,2090445.3,267523.977503
1783062000000,0.12703,0.12914,0.12651,0.12875,1673260.4,213636.092458
1783065600000,0.12875,0.13052,0.12669,0.12796,4731401.0,607862.955216
1783069200000,0.12796,0.12949,0.12723,0.12859,1860915.4,238905.950283
1783072800000,0.12859,0.13091,0.12841,0.12973,3051995.5,397076.577645
1783076400000,0.12973,0.13298,0.12956,0.13198,6002930.6,792343.585653
1783080000000,0.13198,0.13306,0.12977,0.1311,3917905.1,513949.012318
1783083600000,0.1311,0.13425,0.13025,0.13234,3593653.6,475645.097924
1783087200000,0.13234,0.1339,0.13091,0.13158,3581614.5,473942.368249
1783090800000,0.13158,0.13243,0.13045,0.131,2278082.2,299647.312259
1783094400000,0.131,0.13254,0.13047,0.13131,1359258.0,178757.754672
1783098000000,0.13131,0.13261,0.13092,0.13152,1289870.2,169975.0354
1783101600000,0.13152,0.13223,0.13108,0.13134,1171246.6,154129.713443
1783105200000,0.13134,0.13249,0.13104,0.13133,1636854.3,215383.328744
1783108800000,0.13133,0.13308,0.13119,0.13206,1412034.1,186893.238838
1783112400000,0.13206,0.13458,0.13187,0.13396,1387628.9,184415.927213
1783116000000,0.13396,0.13445,0.13234,0.13284,1136449.2,151512.870858
1783119600000,0.13284,0.13301,0.13153,0.13262,1161850.6,153749.951336
1783123200000,0.13262,0.13476,0.13179,0.13303,1417581.9,189019.257265
1783126800000,0.13303,0.13346,0.12575,0.12714,7779478.5,995993.289079
1783130400000,0.12714,0.12834,0.12686,0.12746,1536539.3,196187.542821
1783134000000,0.12746,0.12849,0.12631,0.12704,2179536.5,278102.126027
1783137600000,0.12704,0.12848,0.12534,0.12795,1800289.6,228314.329282
1783141200000,0.12795,0.12808,0.12576,0.12599,2224965.1,281661.775114
1783144800000,0.12599,0.1274,0.12512,0.12679,2165694.6,273208.40937
1783148400000,0.12679,0.12702,0.12553,0.12638,1175669.0,148368.188942
1783152000000,0.12638,0.12777,0.12627,0.12655,1634749.3,207547.529094
1783155600000,0.12655,0.12732,0.12511,0.12576,1622740.5,204785.236568
1783159200000,0.12576,0.12632,0.1254,0.12583,1285145.4,161736.455582
1783162800000,0.12583,0.12906,0.12541,0.12784,1916957.4,243639.17598
1783166400000,0.12784,0.12841,0.12739,0.12806,1017394.4,130146.552566
1783170000000,0.12806,0.12964,0.12651,0.12852,2075642.1,265625.236088
1783173600000,0.12852,0.1309,0.12801,0.1308,2037685.6,263480.294137
1783177200000,0.1308,0.13318,0.1305,0.13129,3732985.2,491499.277057
1783180800000,0.13129,0.1326,0.13073,0.13251,1351492.7,178284.32735
1783184400000,0.13251,0.13385,0.13161,0.13324,1462484.2,194226.244761
1783188000000,0.13324,0.1337,0.13129,0.13299,1103323.1,146228.392108
1783191600000,0.13299,0.13329,0.13043,0.13074,945577.6,124447.255818
1783195200000,0.13074,0.13338,0.13058,0.13206,1152808.5,151892.610222
1783198800000,0.13206,0.13258,0.1313,0.13162,426497.1,56294.721857
1783202400000,0.13162,0.13196,0.13006,0.13062,922142.4,120727.679012
1783206000000,0.13062,0.13064,0.12876,0.13017,1040970.6,134983.44508
1783209600000,0.13017,0.13028,0.12842,0.12915,1137750.9,147000.925698
1783213200000,0.12915,0.12943,0.12735,0.12835,1875812.9,240162.936578
1783216800000,0.12835,0.12835,0.12625,0.12724,1414198.5,179718.387897
1783220400000,0.12724,0.12957,0.12724,0.12948,798466.2,102621.997738
1783224000000,0.12948,0.13119,0.12889,0.13035,1074887.1,140043.309012
1783227600000,0.13035,0.13066,0.12764,0.12869,1451938.9,187725.902715
1783231200000,0.12869,0.1287,0.12715,0.12751,1072987.5,137090.453598
1783234800000,0.12751,0.12885,0.12683,0.12826,879760.5,112489.737064
1783238400000,0.12826,0.12861,0.12615,0.12687,1277163.8,162598.061678
1783242000000,0.12687,0.12731,0.1258,0.12618,1365097.2,172720.507198
1783245600000,0.12618,0.12618,0.12244,0.12557,3906212.8,485160.844838
1783249200000,0.12557,0.12682,0.12504,0.12568,1381248.1,173647.024933
1783252800000,0.12568,0.12655,0.12513,0.1262,1035923.2,130372.511889
1783256400000,0.1262,0.12768,0.12601,0.12723,1413584.0,179421.785401
1783260000000,0.12723,0.13016,0.12544,0.12861,3407295.4,433912.560099
1783263600000,0.12861,0.1289,0.12703,0.12809,1604214.1,205365.169042
1783267200000,0.12809,0.12842,0.12662,0.1271,727859.8,92673.594745
1783270800000,0.1271,0.12735,0.12611,0.12632,431968.5,54719.483498
1783274400000,0.12632,0.12744,0.12612,0.12703,359568.7,45606.831257
1783278000000,0.12703,0.1277,0.1265,0.12689,394985.0,50190.858644
1783281600000,0.12689,0.12893,0.12675,0.12858,863902.6,110639.240997
1783285200000,0.12858,0.13208,0.12819,0.13194,1125455.9,146404.605566
1783288800000,0.13194,0.13313,0.1312,0.1316,1782163.5,235763.880334
1783292400000,0.1316,0.13204,0.13018,0.13048,1031697.2,135364.837875
1783296000000,0.13048,0.13055,0.1275,0.12916,1868375.4,240779.008176
1783299600000,0.12916,0.12962,0.12755,0.12772,1079326.0,138647.079444
1783303200000,0.12772,0.12824,0.12681,0.12755,639527.3,81447.576777
1783306800000,0.12755,0.13194,0.12659,0.13071,1787517.9,231580.51383
1783310400000,0.13071,0.13378,0.13047,0.13108,1637198.6,216350.87362
1783314000000,0.13108,0.13128,0.128,0.12934,931649.4,120604.570208
1783317600000,0.12934,0.1304,0.12797,0.12844,814743.3,105211.648694
1783321200000,0.12844,0.13031,0.12813,0.12954,873349.2,113264.081358
1783324800000,0.12954,0.13009,0.12841,0.12874,516760.8,66773.681118
1783328400000,0.12874,0.12947,0.12814,0.12824,697671.6,89784.856746
1783332000000,0.12824,0.1293,0.12764,0.12851,930381.0,119408.577612
1783335600000,0.12851,0.12932,0.12759,0.1278,723863.4,93157.429047
1783339200000,0.1278,0.12968,0.12406,0.12848,3228756.9,409538.658953
1783342800000,0.12848,0.13141,0.1269,0.13079,1569298.9,202547.732834
1783346400000,0.13079,0.13139,0.12905,0.12932,1029638.1,134106.030037
1783350000000,0.12932,0.13142,0.12864,0.13072,1299596.4,168577.624208
1783353600000,0.13072,0.13217,0.13019,0.13071,1170560.7,153438.697777
1783357200000,0.13071,0.13133,0.12897,0.12897,1041130.0,135294.661444
1783360800000,0.12897,0.12958,0.12811,0.12877,518782.6,66913.62614
1783364400000,0.12877,0.13077,0.1286,0.13002,819001.8,106360.735288
1783368000000,0.13002,0.13059,0.12958,0.12964,537941.4,69937.494329
1783371600000,0.12964,0.13222,0.12942,0.13128,2107055.7,276706.045347
1783375200000,0.13128,0.13145,0.12875,0.12928,722395.1,93903.057908
1783378800000,0.12928,0.13119,0.12801,0.12917,1374173.4,177625.82109
1783382400000,0.12917,0.13031,0.12878,0.12929,640881.5,82981.151284
1783386000000,0.12929,0.12932,0.12754,0.12844,773797.0,99389.129022
1783389600000,0.12844,0.12896,0.12724,0.1274,1181510.3,151349.529992
1783393200000,0.1274,0.12857,0.12671,0.12825,866330.1,110504.655881
1783396800000,0.12825,0.13044,0.12803,0.12936,1122834.4,145248.310184
1783400400000,0.12936,0.12959,0.12794,0.12887,526804.7,67817.632079
1783404000000,0.12887,0.13014,0.1283,0.12974,416478.8,53762.704275
1783407600000,0.12974,0.13197,0.129,0.13028,1129986.1,147423.251687
1783411200000,0.13028,0.13062,0.12826,0.1292,529717.3,68504.374328
1783414800000,0.1292,0.13169,0.12887,0.13028,1518907.8,198642.759745
1783418400000,0.13028,0.13131,0.12816,0.12867,920145.6,119214.282296
1783422000000,0.12867,0.12869,0.12766,0.1283,931029.7,119260.046225
1783425600000,0.1283,0.13051,0.12803,0.12873,2356957.7,305120.09309
1783429200000,0.12873,0.12932,0.12693,0.12763,1712980.3,219516.028242
1783432800000,0.12763,0.12879,0.12631,0.12826,1140796.0,145486.234391
1783436400000,0.12826,0.12989,0.12771,0.12914,957175.2,123460.350251
1783440000000,0.12914,0.12965,0.12759,0.12796,1101132.8,141340.598577
1783443600000,0.12796,0.12811,0.12677,0.12748,750156.0,95603.798026
1783447200000,0.12748,0.12938,0.12721,0.12789,1892319.9,243421.737241
1783450800000,0.12789,0.12919,0.1271,0.12898,1135428.1,145255.319782
1783454400000,0.12898,0.13048,0.12836,0.12883,1620214.1,209549.632816
1783458000000,0.12883,0.12909,0.12683,0.12708,882441.9,112818.113498
1783461600000,0.12708,0.12852,0.12637,0.1273,1087427.7,138756.691156
1783465200000,0.1273,0.12803,0.1271,0.12761,312956.5,39925.124131
1783468800000,0.12761,0.13029,0.12747,0.12976,1038594.0,134102.06596
1783472400000,0.12976,0.13004,0.1263,0.12892,5742460.2,736026.776248
1783476000000,0.12892,0.1291,0.12535,0.12875,12640420.4,1603975.407372
1783479600000,0.12875,0.12924,0.12281,0.12368,13755759.1,1740899.70204
1783483200000,0.12368,0.12522,0.12308,0.12511,1960109.8,243264.550572
1783486800000,0.12511,0.12624,0.125,0.12606,975276.5,122647.788466
1783490400000,0.12606,0.12707,0.12514,0.1264,954266.4,120082.54671
1783494000000,0.1264,0.12779,0.12572,0.12711,765284.7,96953.276175
1783497600000,0.12711,0.12866,0.12433,0.12562,2150403.0,270649.601436
1783501200000,0.12562,0.12671,0.12509,0.12523,1267428.8,159339.316004
1783504800000,0.12523,0.12654,0.1248,0.12594,759518.5,95320.013729
1783508400000,0.12594,0.1318,0.12567,0.13,4146751.6,536449.542635
1783512000000,0.13,0.13108,0.12909,0.12988,2827848.5,367496.708459
1783515600000,0.12988,0.13049,0.12888,0.12983,1589222.2,206069.338011
1783519200000,0.12983,0.13026,0.12778,0.12841,1661164.4,214386.892776
1783522800000,0.12841,0.12916,0.12696,0.129,1646226.9,210961.968918
1783526400000,0.129,0.13091,0.129,0.13088,1807699.2,234787.362922
1783530000000,0.13088,0.13488,0.13078,0.13427,3879567.7,517335.059565
1783533600000,0.13427,0.13568,0.13306,0.13524,3515231.2,472608.261167
1783537200000,0.13524,0.1369,0.134,0.13551,3142204.3,426126.470485
1783540800000,0.13551,0.13717,0.1347,0.13626,2584424.2,351041.575872
1783544400000,0.13626,0.13987,0.13502,0.13883,4221051.3,581048.215766
1783548000000,0.13883,0.13999,0.13636,0.13938,4472333.3,618648.760545
1783551600000,0.13938,0.14219,0.13835,0.1413,5102392.5,716502.304319
1783555200000,0.1413,0.14145,0.13739,0.14136,3028214.3,422474.538957
1783558800000,0.14136,0.14245,0.13729,0.13729,2579780.0,361841.210622
1783562400000,0.13729,0.13867,0.13549,0.13775,2118035.5,290799.89015
1783566000000,0.13775,0.13844,0.13578,0.13675,1503169.1,205529.154569
1783569600000,0.13675,0.13822,0.13633,0.13781,967634.6,133045.250974
1783573200000,0.13781,0.14029,0.13762,0.14005,1907875.7,264977.74595
1783576800000,0.14005,0.14057,0.13764,0.13817,1709720.3,237639.982589
1783580400000,0.13817,0.13821,0.13486,0.13522,3938389.8,535348.822177
1783584000000,0.13522,0.13654,0.13497,0.13515,1750078.5,237533.390476
1783587600000,0.13515,0.1358,0.13326,0.1339,2015682.4,270630.844127
1783591200000,0.1339,0.1351,0.13364,0.13442,941647.1,126413.795761
1783594800000,0.13442,0.13659,0.13365,0.13548,1458568.9,197029.697151
1783598400000,0.13548,0.13633,0.13451,0.13473,1072810.9,145238.965205
1783602000000,0.13473,0.13554,0.13442,0.13522,581630.1,78519.335678
1783605600000,0.13522,0.13547,0.13388,0.13463,628874.8,84697.231746
1783609200000,0.13463,0.13563,0.13294,0.134,1579214.4,211818.31722
1783612800000,0.134,0.13472,0.13341,0.1346,698999.3,93638.800292
1783616400000,0.1346,0.13521,0.13392,0.13498,887771.3,119652.46826
1783620000000,0.13498,0.13577,0.1349,0.13523,719231.0,97368.421893
1783623600000,0.13523,0.13605,0.13469,0.13595,570068.2,77231.540549
1783627200000,0.13595,0.13794,0.1357,0.13693,895279.6,122816.349861
1783630800000,0.13693,0.13795,0.1367,0.13793,432422.6,59405.910805
1783634400000,0.13793,0.13865,0.1373,0.13739,682272.0,94178.32216
1783638000000,0.13739,0.13743,0.13498,0.13504,974733.7,132531.529493
1783641600000,0.13504,0.13551,0.13414,0.13551,750477.0,101236.326341
1783645200000,0.13551,0.13795,0.13442,0.13627,1021107.0,139025.599338
1783648800000,0.13627,0.1365,0.13454,0.13493,453030.7,61139.611732
1783652400000,0.13493,0.13497,0.13417,0.13442,513579.2,69139.778695
1783656000000,0.13442,0.13454,0.13389,0.13397,461304.0,61922.885854
1783659600000,0.13397,0.13412,0.13328,0.13376,415978.6,55569.23559
1783663200000,0.13376,0.13392,0.13139,0.13229,1998705.7,265067.843952
1783666800000,0.13229,0.13265,0.13184,0.13226,430714.8,56931.916063
1783670400000,0.13226,0.1341,0.13223,0.1337,626604.2,83511.903545
1783674000000,0.1337,0.13439,0.13292,0.13387,309600.7,41419.805841
1783677600000,0.13387,0.1344,0.13321,0.13403,375500.4,50309.442699
1783681200000,0.13403,0.13419,0.13258,0.13277,665730.6,88886.168842
1783684800000,0.13277,0.13348,0.13242,0.13291,491690.0,65383.428626
1783688400000,0.13291,0.13292,0.13189,0.13242,1539513.0,203690.861808
1783692000000,0.13242,0.13256,0.12907,0.13107,3028901.5,396115.631006
1783695600000,0.13107,0.13192,0.13099,0.1314,817058.9,107474.944835
1783699200000,0.1314,0.13161,0.13003,0.13142,952970.3,124626.936907
1783702800000,0.13142,0.13199,0.13047,0.13048,878950.8,115182.725495
1783706400000,0.13048,0.13108,0.12875,0.12972,711542.7,92531.816857
1783710000000,0.12972,0.13032,0.12934,0.12966,613922.3,79757.582276
1783713600000,0.12966,0.13039,0.12931,0.12935,473204.6,61444.537086
1783717200000,0.12935,0.13285,0.12931,0.1323,795654.4,104465.290569
1783720800000,0.1323,0.1341,0.13184,0.13191,2024806.1,270061.328452
1783724400000,0.13191,0.13265,0.13075,0.13137,810296.0,106522.804668
1783728000000,0.13137,0.13184,0.12984,0.13,651972.2,85192.276317
1783731600000,0.13,0.13102,0.12983,0.13011,466438.9,60825.569094
1783735200000,0.13011,0.13089,0.1297,0.13035,281236.9,36621.768501
1783738800000,0.13035,0.13035,0.12904,0.12933,399430.9,51792.036758
1783742400000,0.12933,0.12936,0.12601,0.12688,3060197.8,388606.687934
1783746000000,0.12688,0.12774,0.12642,0.12764,663043.9,84245.186252
1783749600000,0.12764,0.12792,0.12711,0.12774,424923.6,54167.469487
1783753200000,0.12774,0.12782,0.12688,0.1274,338764.5,43128.722304
1783756800000,0.1274,0.12847,0.1271,0.12815,1559988.8,199683.341623
1783760400000,0.12815,0.12963,0.12804,0.12924,783870.0,100991.373474
1783764000000,0.12924,0.12967,0.12866,0.12909,477126.0,61628.523389
1783767600000,0.12909,0.12928,0.12826,0.12928,1241070.9,159824.000462
1783771200000,0.12928,0.12944,0.12848,0.12893,776702.4,100187.773089
1783774800000,0.12893,0.12935,0.1282,0.12897,592728.0,76439.267951
1783778400000,0.12897,0.12958,0.12844,0.129,2453305.2,317296.054814
1783782000000,0.129,0.12968,0.12761,0.12874,1092198.6,140604.152697
1783785600000,0.12874,0.12885,0.12789,0.12843,491713.9,63060.19811
1783789200000,0.12843,0.12929,0.1279,0.12904,1038512.0,133341.302265
1783792800000,0.12904,0.12972,0.12879,0.1294,420250.4,54275.685217
1783796400000,0.1294,0.13017,0.12936,0.13015,500762.1,64997.908404
1783800000000,0.13015,0.13065,0.12961,0.12973,484746.5,63074.074117
1783803600000,0.12973,0.12973,0.129,0.1292,512741.9,66286.546316
1783807200000,0.1292,0.12967,0.12851,0.12873,637509.7,82234.42364
1783810800000,0.12873,0.12945,0.12705,0.1276,1700536.9,217001.379972
1783814400000,0.1276,0.12825,0.12649,0.12673,1067127.6,135710.866439
1783818000000,0.12673,0.12872,0.12664,0.12825,366620.6,46946.189956
1783821600000,0.12825,0.12881,0.12753,0.12856,236532.6,30322.357098
1783825200000,0.12856,0.12917,0.12824,0.12829,2258213.4,290881.130647
1783828800000,0.12829,0.12989,0.12824,0.12985,1319825.5,169948.906928
1783832400000,0.12985,0.13199,0.12969,0.1316,885922.7,116123.98493
1783836000000,0.1316,0.1321,0.13017,0.13116,664773.6,87332.897482
1783839600000,0.13116,0.13207,0.13061,0.13124,880507.5,115730.332928
1783843200000,0.13124,0.1331,0.13117,0.13275,1074835.7,142401.359418
1783846800000,0.13275,0.13275,0.13092,0.13236,650294.4,85720.714008
1783850400000,0.13236,0.13249,0.13127,0.13215,448931.0,59191.043739
1783854000000,0.13215,0.13368,0.13142,0.13362,611299.9,81184.442849
1783857600000,0.13362,0.1343,0.13218,0.13333,1155336.0,154109.418398
1783861200000,0.13333,0.13379,0.13189,0.13215,627827.4,83366.692883
1783864800000,0.13215,0.13408,0.13173,0.13394,679261.4,90285.134206
1783868400000,0.13394,0.13447,0.13269,0.13287,673416.8,89961.051271
1783872000000,0.13287,0.13369,0.13249,0.13312,492214.9,65463.331462
1783875600000,0.13312,0.13373,0.1316,0.13222,353903.9,46931.591007
1783879200000,0.13222,0.13331,0.13194,0.13298,297585.3,39531.228274
1783882800000,0.13298,0.13327,0.13255,0.13255,226211.7,30066.675338
1783886400000,0.13255,0.1329,0.13216,0.13264,239401.3,31714.786461
1783890000000,0.13264,0.13301,0.1318,0.132,225712.7,29859.724848
1783893600000,0.132,0.13202,0.12967,0.1314,1363642.2,177935.03702
1783897200000,0.1314,0.13145,0.13043,0.1308,293422.7,38430.826951
1783900800000,0.1308,0.13215,0.12866,0.12997,1763764.0,229261.985803
1783904400000,0.12997,0.13012,0.12689,0.12753,1076105.6,138013.93662
1783908000000,0.12753,0.12858,0.1272,0.12811,460058.2,58814.510488
1783911600000,0.12811,0.12811,0.12457,0.12595,1627294.2,204948.789819
1783915200000,0.12595,0.12628,0.12543,0.1258,319693.8,40262.448451
1783918800000,0.1258,0.1273,0.12545,0.12695,325841.8,41230.148059
1783922400000,0.12695,0.1283,0.12654,0.12654,578611.5,73735.258118
1783926000000,0.12654,0.12697,0.12615,0.12668,362653.1,45884.089015
1783929600000,0.12668,0.12874,0.12666,0.1272,950668.8,121321.867291
1783933200000,0.1272,0.12796,0.12696,0.12789,373652.5,47588.673357
1783936800000,0.12789,0.12795,0.12656,0.12785,659088.3,83849.161745
1783940400000,0.12785,0.12834,0.12744,0.12775,260269.6,33243.559267
1783944000000,0.12775,0.12779,0.12666,0.12703,501162.7,63664.611276
1783947600000,0.12703,0.12853,0.1267,0.12766,730146.0,93018.281201
1783951200000,0.12766,0.12815,0.12636,0.12779,647300.5,82499.757278
1783954800000,0.12779,0.12856,0.12653,0.1267,1244358.5,159059.160592
1783958400000,0.1267,0.12725,0.12494,0.12578,1494939.6,188340.982519
1783962000000,0.12578,0.12601,0.12341,0.12366,1212602.4,150826.485965
1783965600000,0.12366,0.12483,0.12363,0.12399,548579.5,68103.316546
1783969200000,0.12399,0.12413,0.12261,0.12325,725722.8,89370.004952
1783972800000,0.12325,0.1233,0.12091,0.12212,1362088.8,166394.134395
1783976400000,0.12212,0.12215,0.11933,0.12118,1441254.7,173719.286404
1783980000000,0.12118,0.12165,0.12059,0.1207,517217.2,62673.064391
1783983600000,0.1207,0.12159,0.12027,0.12159,503853.3,60849.876238
1783987200000,0.12159,0.12317,0.12077,0.12307,667029.6,81481.514778
1783990800000,0.12307,0.12384,0.12295,0.12368,562407.9,69441.017809
1783994400000,0.12368,0.12371,0.12249,0.1228,539661.7,66402.548024
1783998000000,0.1228,0.12431,0.12229,0.12422,272481.3,33563.329991
1784001600000,0.12422,0.12502,0.12379,0.12463,889165.0,110705.675134
1784005200000,0.12463,0.12517,0.12415,0.12445,325546.3,40608.361525
1784008800000,0.12445,0.12445,0.1231,0.12321,202414.4,25085.064083
1784012400000,0.12321,0.12334,0.12237,0.12278,362403.1,44517.767446
1784016000000,0.12278,0.12314,0.12245,0.12273,400826.7,49209.877127
1784019600000,0.12273,0.12273,0.12157,0.12206,504345.0,61620.643226
1784023200000,0.12206,0.12247,0.12185,0.12236,503213.1,61471.069155
1784026800000,0.12236,0.12268,0.12179,0.12198,260669.0,31852.983026
1784030400000,0.12198,0.12455,0.1216,0.12379,1374080.5,169402.028574
1784034000000,0.12379,0.12484,0.12274,0.12291,2245280.8,277593.59494
1784037600000,0.12291,0.12313,0.12207,0.12253,1831813.7,224490.375692
1784041200000,0.12253,0.12273,0.1218,0.12194,848120.3,103770.013445
1784044800000,0.12194,0.12383,0.12181,0.1225,1095733.7,134514.957707
1784048400000,0.1225,0.12289,0.12162,0.12168,526909.3,64346.136324
1784052000000,0.12168,0.12189,0.11994,0.12013,1894571.9,228604.678689
1784055600000,0.12013,0.12087,0.1199,0.12055,821875.1,98821.799336
1784059200000,0.12055,0.12055,0.11929,0.11963,791632.6,94877.84435
1784062800000,0.11963,0.11966,0.11751,0.1188,1874483.4,222090.408816
1784066400000,0.1188,0.11987,0.11857,0.11971,525059.3,62735.058982
1784070000000,0.11971,0.12059,0.11953,0.11992,409058.7,49130.402303
1784073600000,0.11992,0.12116,0.11945,0.12056,824563.2,99112.657985
1784077200000,0.12056,0.12154,0.12002,0.12128,709537.9,85787.519917
1784080800000,0.12128,0.12144,0.11934,0.11942,915940.0,110054.739885
1784084400000,0.11942,0.12033,0.11926,0.12015,286075.9,34243.969712
1784088000000,0.12015,0.12077,0.1194,0.12059,342993.8,41213.405155
1784091600000,0.12059,0.12076,0.11948,0.12053,941835.4,112983.616708
1784095200000,0.12053,0.12213,0.12012,0.12087,2096091.1,253670.064685
1784098800000,0.12087,0.1211,0.1198,0.11982,381454.6,45970.219238
1784102400000,0.11982,0.1217,0.11959,0.12075,507608.6,61302.369305
1784106000000,0.12075,0.12156,0.12048,0.12055,297018.2,35977.304675
1784109600000,0.12055,0.12133,0.12017,0.12034,725715.4,87565.725102
1784113200000,0.12034,0.12084,0.12017,0.1207,271804.4,32753.810858
1784116800000,0.1207,0.12192,0.12022,0.12164,939497.6,113457.282366
1784120400000,0.12164,0.12241,0.12017,0.12091,1349812.3,163976.842091
1784124000000,0.12091,0.12093,0.1195,0.12065,977309.6,117420.851608
1784127600000,0.12065,0.12108,0.12023,0.1208,530391.5,64025.524957
1784131200000,0.1208,0.12084,0.11866,0.11912,1840014.5,219486.417015
1784134800000,0.11912,0.12046,0.11895,0.12037,725741.3,86685.04579
1784138400000,0.12037,0.12327,0.12033,0.12226,1108073.8,135088.70574
1784142000000,0.12226,0.1231,0.12093,0.12187,592878.7,72326.644188
1784145600000,0.12187,0.12302,0.12176,0.12215,308697.1,37750.235998
1784149200000,0.12215,0.12255,0.12155,0.12219,181972.9,22234.392371
1784152800000,0.12219,0.12333,0.12199,0.12252,788294.9,96730.461862
1784156400000,0.12252,0.12267,0.12155,0.12171,254592.9,31044.288258
1784160000000,0.12171,0.12335,0.12113,0.12278,526377.6,64450.42277
1784163600000,0.12278,0.1228,0.12101,0.12195,391888.0,47716.854011
1784167200000,0.12195,0.12269,0.1215,0.12249,623361.3,76083.398595
1784170800000,0.12249,0.12271,0.12118,0.12126,535547.3,65245.137907
1784174400000,0.12126,0.12216,0.12125,0.1219,321331.9,39112.791021
1784178000000,0.1219,0.12259,0.12119,0.12131,471180.3,57472.439298
1784181600000,0.12131,0.12179,0.12017,0.12067,552663.3,66860.128301
1784185200000,0.12067,0.12087,0.11954,0.12032,429316.0,51661.717593
1784188800000,0.12032,0.12048,0.1187,0.1203,1331976.1,158886.871651
1784192400000,0.1203,0.12155,0.12017,0.12114,469213.7,56781.192721
1784196000000,0.12114,0.12276,0.12113,0.1217,836291.8,102151.194491
1784199600000,0.1217,0.12303,0.12158,0.12276,587526.8,71975.565739
1784203200000,0.12276,0.12352,0.12213,0.12336,719581.9,88383.503131
1784206800000,0.12336,0.12448,0.12288,0.1233,1337201.7,165531.196049
1784210400000,0.1233,0.12384,0.12257,0.1228,647851.4,79945.81976
1784214000000,0.1228,0.12385,0.12238,0.12308,702265.6,86447.371753
1784217600000,0.12308,0.1248,0.12287,0.12408,706370.5,87487.111576
1784221200000,0.12408,0.12458,0.12318,0.12376,583599.2,72193.905796
1784224800000,0.12376,0.12506,0.12376,0.12422,569455.2,70745.169748
1784228400000,0.12422,0.12529,0.12377,0.12511,900378.5,112168.493986
1784232000000,0.12511,0.12634,0.12472,0.12546,756139.0,94923.468506
1784235600000,0.12546,0.12593,0.12471,0.1251,535007.2,67032.553015
1784239200000,0.1251,0.12608,0.12418,0.12488,844788.2,105533.95643
1784242800000,0.12488,0.12541,0.12406,0.12481,1148132.4,143228.827905
1784246400000,0.12481,0.1273,0.12415,0.1267,958304.7,120138.833216
1784250000000,0.1267,0.12723,0.12464,0.1249,675364.8,85125.036152
1784253600000,0.1249,0.12652,0.12451,0.12592,864191.5,108420.587939
1784257200000,0.12592,0.12835,0.12592,0.12789,1233741.4,157048.530988
1784260800000,0.12789,0.12818,0.1258,0.12691,1062216.5,134526.9888
1784264400000,0.12691,0.12814,0.12568,0.12656,729236.4,92562.163102
1784268000000,0.12656,0.1269,0.12535,0.12686,655674.3,82644.591135
1784271600000,0.12686,0.12745,0.12611,0.12685,742486.2,94204.809314
1784275200000,0.12685,0.1283,0.12615,0.12724,1879183.5,238958.136149
1784278800000,0.12724,0.12787,0.12636,0.12714,1574047.8,199752.861752
1784282400000,0.12714,0.12754,0.12569,0.12606,1276127.8,161669.089737
1784286000000,0.12606,0.12647,0.12526,0.12558,628726.9,79214.869042
1784289600000,0.12558,0.12593,0.12512,0.12516,493263.4,61925.263804
1784293200000,0.12516,0.12538,0.12352,0.12522,1798496.6,223371.283086
1784296800000,0.12522,0.1259,0.12424,0.12434,485340.5,60745.57981
1784300400000,0.12434,0.12557,0.12233,0.12535,2330198.7,288720.650215
1784304000000,0.12535,0.12787,0.12465,0.12715,1283632.5,162638.22536
1784307600000,0.12715,0.12783,0.12528,0.12529,819522.8,103680.734051
1784311200000,0.12529,0.12572,0.12469,0.12548,420799.3,52662.490031
1784314800000,0.12548,0.12548,0.12408,0.12432,377014.8,46958.239
1784318400000,0.12432,0.12483,0.12413,0.12443,364970.1,45410.07696
1784322000000,0.12443,0.12535,0.12419,0.1242,186052.5,23183.890006
1784325600000,0.1242,0.12482,0.12403,0.12481,114030.1,14163.920212
1784329200000,0.12481,0.12491,0.12422,0.12435,123033.2,15317.706106
1784332800000,0.12435,0.12476,0.12379,0.12444,172775.7,21469.283857
1784336400000,0.12444,0.12546,0.12404,0.1241,606914.6,75706.287143
1784340000000,0.1241,0.12443,0.12313,0.12355,677726.2,83711.47956
1784343600000,0.12355,0.12378,0.12324,0.12329,457646.9,56488.495059
1784347200000,0.12329,0.12344,0.12133,0.12142,681789.1,83360.260534
1784350800000,0.12142,0.12252,0.12133,0.1222,448936.3,54790.690376
1784354400000,0.1222,0.12221,0.12154,0.12201,157356.0,19182.331799
1784358000000,0.12201,0.12203,0.12128,0.12151,312301.0,37941.825688
1784361600000,0.12151,0.12195,0.1206,0.12074,632706.9,76706.533696
1784365200000,0.12074,0.12153,0.12032,0.12147,443609.5,53581.765444
1784368800000,0.12147,0.1223,0.1209,0.12102,875406.5,106716.579459
1784372400000,0.12102,0.12113,0.1206,0.12097,248354.3,30016.300909
1784376000000,0.12097,0.12155,0.12002,0.12048,796631.3,96031.61001
1784379600000,0.12048,0.12086,0.12015,0.12035,283098.9,34115.482819
1784383200000,0.12035,0.12078,0.12006,0.12055,201686.6,24303.820099
1784386800000,0.12055,0.12059,0.11937,0.12008,589718.6,70705.193039
1784390400000,0.12008,0.12089,0.11971,0.12058,334069.0,40159.407389
1784394000000,0.12058,0.12109,0.11996,0.12036,557573.2,67165.700457
1784397600000,0.12036,0.121,0.12002,0.12077,334081.4,40255.224424
1784401200000,0.12077,0.12077,0.12011,0.12018,280017.7,33687.976522
1784404800000,0.12018,0.12065,0.12012,0.12021,189868.2,22853.449208
1784408400000,0.12021,0.12118,0.12004,0.12098,304308.3,36739.701484
1784412000000,0.12098,0.1213,0.12054,0.12059,450520.4,54453.90405
1784415600000,0.12059,0.12155,0.1205,0.12112,251387.8,30435.674355
1784419200000,0.12112,0.12143,0.1206,0.12066,225944.8,27330.344776
1784422800000,0.12066,0.1208,0.12039,0.1208,119951.5,14462.69115
1784426400000,0.1208,0.12152,0.12075,0.12103,225677.9,27331.009788
1784430000000,0.12103,0.12111,0.1198,0.12007,334929.7,40310.463288
1784433600000,0.12007,0.12033,0.11997,0.12016,314334.1,37749.630309
1784437200000,0.12016,0.12122,0.12004,0.1212,237465.2,28597.448557
1784440800000,0.1212,0.12152,0.12061,0.12145,352143.8,42640.102241
1784444400000,0.12145,0.12233,0.1212,0.12164,421944.5,51319.471392
1784448000000,0.12164,0.12244,0.12152,0.1222,322098.1,39262.74759
1784451600000,0.1222,0.12246,0.12097,0.12131,314531.6,38308.331758
1784455200000,0.12131,0.12198,0.12112,0.1217,231358.1,28109.005676
1784458800000,0.1217,0.1217,0.12078,0.1211,281677.5,34159.036268
1784462400000,0.1211,0.12133,0.12063,0.1211,226235.8,27380.695813
1784466000000,0.1211,0.12113,0.1203,0.12035,127559.7,15390.314343
1784469600000,0.12035,0.12105,0.1203,0.12082,177425.7,21412.16023
1784473200000,0.12082,0.12167,0.12082,0.12124,199978.1,24249.260691
1784476800000,0.12124,0.12126,0.1201,0.12022,343105.8,41335.865203
1784480400000,0.12022,0.12029,0.11881,0.11968,874143.6,104543.412944
1784484000000,0.11968,0.11968,0.11811,0.11875,1367843.8,162208.467276
1784487600000,0.11875,0.11932,0.11842,0.1193,382705.5,45464.298164
1784491200000,0.1193,0.11947,0.11886,0.1189,224323.0,26725.947898
1784494800000,0.1189,0.1189,0.11739,0.11788,515188.2,60754.399322
1784498400000,0.11788,0.11955,0.11787,0.11944,473318.3,56323.496493
1784502000000,0.11944,0.11947,0.11881,0.11928,287881.8,34319.367664
1784505600000,0.11928,0.12115,0.11876,0.11927,742710.8,89177.058838
1784509200000,0.11927,0.1204,0.11847,0.11881,239529.2,28561.825821
1784512800000,0.11881,0.12153,0.11878,0.1212,236079.8,28363.425721
1784516400000,0.1212,0.12146,0.12017,0.12121,246424.0,29793.223916
1784520000000,0.12121,0.12228,0.12012,0.12034,654167.2,79088.427847
1784523600000,0.12034,0.12034,0.11872,0.11922,812015.5,96835.963307
1784527200000,0.11922,0.11992,0.11844,0.11966,463674.9,55246.901256
1784530800000,0.11966,0.12156,0.11961,0.1214,528096.8,63817.022038
1784534400000,0.1214,0.12191,0.11993,0.12112,626686.2,75911.689298
1784538000000,0.12112,0.12162,0.12051,0.1212,213475.5,25820.771318
1784541600000,0.1212,0.12234,0.12108,0.1222,568698.7,69349.603371
1784545200000,0.1222,0.12268,0.1213,0.12257,507757.9,61942.003509
1784548800000,0.12257,0.12267,0.12114,0.12133,374699.5,45558.28168
1784552400000,0.12133,0.12218,0.1206,0.12095,360630.9,43805.666117
1784556000000,0.12095,0.12174,0.1205,0.12099,201843.4,24460.166034
1784559600000,0.12099,0.1222,0.12073,0.12167,491469.4,59715.304349
1784563200000,0.12167,0.12187,0.12018,0.12088,437265.5,52938.177283
1784566800000,0.12088,0.12182,0.12074,0.12164,175077.3,21236.924277
1784570400000,0.12164,0.12196,0.12083,0.12093,249870.9,30349.573825
1784574000000,0.12093,0.12109,0.12045,0.12056,229896.3,27750.091553
1784577600000,0.12056,0.12141,0.12042,0.12138,139337.7,16849.168423
1784581200000,0.12138,0.122,0.12122,0.12152,151141.1,18373.3634
1784584800000,0.12152,0.12187,0.12106,0.12151,539523.9,65611.865873
1784588400000,0.12151,0.12174,0.12075,0.12103,189508.9,22961.684377
1784592000000,0.12103,0.12223,0.1205,0.12168,312389.0,37959.683404
1784595600000,0.12168,0.1219,0.1206,0.12082,605257.1,73334.497391
1784599200000,0.12082,0.12084,0.12,0.12051,285419.3,34322.388115
1784602800000,0.12051,0.1216,0.12051,0.1212,190273.1,23070.521434
1784606400000,0.1212,0.12165,0.12091,0.1214,147012.8,17833.171412
1784610000000,0.1214,0.12169,0.12103,0.12147,155666.2,18876.744764
1784613600000,0.12147,0.12174,0.12104,0.1213,393824.9,47843.616905
1784617200000,0.1213,0.12193,0.121,0.1217,287404.9,34904.577972
1784620800000,0.1217,0.12262,0.12131,0.12138,365653.5,44570.533199
1784624400000,0.12138,0.12146,0.12099,0.12113,108938.3,13203.831445
1784628000000,0.12113,0.12175,0.121,0.12132,185033.4,22457.245741
1784631600000,0.12132,0.12147,0.1209,0.12125,300235.2,36421.874407
1784635200000,0.12125,0.1224,0.12104,0.12121,870628.3,105954.388464
1784638800000,0.12121,0.12121,0.12045,0.12118,346046.8,41799.145782
1784642400000,0.12118,0.12164,0.12051,0.12086,284264.3,34404.111143
1784646000000,0.12086,0.12138,0.12062,0.12131,379290.8,45895.072891
1784649600000,0.12131,0.1225,0.1196,0.12106,1771760.9,213976.105087
1784653200000,0.12106,0.12115,0.12,0.12064,320797.8,38705.759163
1784656800000,0.12064,0.12105,0.1205,0.12059,238200.2,28740.877085
1784660400000,0.12059,0.12112,0.12052,0.12104,172392.8,20830.425849
1784664000000,0.12104,0.1216,0.12102,0.12154,220305.7,26730.242376
1784667600000,0.12154,0.12159,0.12117,0.12133,125671.4,15251.388812
1784671200000,0.12133,0.12138,0.12049,0.12065,256413.2,31005.690853
1784674800000,0.12065,0.12091,0.12034,0.12091,247692.2,29855.311702
1784678400000,0.12091,0.12194,0.12073,0.12181,224254.8,27214.29379
1784682000000,0.12181,0.12292,0.12131,0.12271,561490.9,68632.16941
1784685600000,0.12271,0.12343,0.12234,0.12246,1259222.8,154791.03602
1784689200000,0.12246,0.1231,0.12204,0.12257,478542.6,58662.149098
1784692800000,0.12257,0.12399,0.12244,0.12354,562434.1,69462.88229
1784696400000,0.12354,0.1237,0.1224,0.12293,525566.4,64668.628669
1784700000000,0.12293,0.12308,0.12168,0.12255,774813.4,94665.728085
1784703600000,0.12255,0.12336,0.12232,0.12336,326226.3,40080.749842
1784707200000,0.12336,0.12414,0.12278,0.12278,603445.9,74556.038003
1784710800000,0.12278,0.1239,0.12258,0.12389,295025.1,36380.430962
1784714400000,0.12389,0.12478,0.12359,0.1247,589696.9,73191.154494
1784718000000,0.1247,0.12477,0.12341,0.12352,579170.1,71895.613389
1784721600000,0.12352,0.12546,0.12332,0.12441,1034678.1,129037.644744
1784725200000,0.12441,0.12603,0.12425,0.12601,1144230.0,143597.336239
1784728800000,0.12601,0.12708,0.12556,0.12705,1034339.1,130573.272443
1784732400000,0.12705,0.12785,0.12599,0.1267,1263913.6,160588.299138
1784736000000,0.1267,0.12683,0.12542,0.12595,1696481.0,214067.107036
1784739600000,0.12595,0.12766,0.12575,0.12674,1203600.1,152898.940096
1784743200000,0.12674,0.12697,0.12572,0.12642,509426.5,64376.535151
1784746800000,0.12642,0.12716,0.12611,0.12656,427239.2,54133.187753
1784750400000,0.12656,0.12903,0.12627,0.12828,1257521.9,160953.441907
1784754000000,0.12828,0.12864,0.12712,0.12733,439699.3,56229.411093
1784757600000,0.12733,0.12869,0.12722,0.12827,716513.2,91645.983508
1784761200000,0.12827,0.1283,0.12692,0.12734,421925.6,53764.30357
1784764800000,0.12734,0.12934,0.12721,0.12893,717966.2,92189.072708
1784768400000,0.12893,0.12934,0.12765,0.12787,800987.5,102757.335365
1784772000000,0.12787,0.12883,0.12768,0.12854,333994.3,42791.093672
1784775600000,0.12854,0.12939,0.12734,0.1284,1078615.9,138265.540575
1784779200000,0.1284,0.12878,0.12713,0.1274,471814.1,60352.910899
1784782800000,0.1274,0.12742,0.12575,0.12633,1416109.6,179069.721562
1784786400000,0.12633,0.12874,0.12628,0.12874,774352.3,98785.124231
1784790000000,0.12874,0.12876,0.12722,0.12816,571826.6,73249.389705
1784793600000,0.12816,0.12838,0.12751,0.12772,286966.9,36735.370202
1784797200000,0.12772,0.1282,0.12718,0.12743,346834.3,44291.217627
1784800800000,0.12743,0.1275,0.12686,0.12726,296163.1,37658.145925
1784804400000,0.12726,0.12739,0.12666,0.12709,227512.2,28891.437485
1784808000000,0.12709,0.12742,0.12476,0.12657,1436048.2,180343.641186
1784811600000,0.12657,0.12657,0.12504,0.12603,619170.0,77834.516682
1784815200000,0.12603,0.12727,0.12573,0.12583,333916.8,42259.859791
1784818800000,0.12583,0.12585,0.12473,0.12544,498037.9,62444.276456
1784822400000,0.12544,0.1275,0.12486,0.12654,1074996.0,135871.507514
1784826000000,0.12654,0.12692,0.12524,0.1253,404247.9,51065.218144
1784829600000,0.1253,0.12574,0.12507,0.12522,403605.9,50621.882859
1784833200000,0.12522,0.12547,0.12388,0.12466,1002420.2,125038.723242
1784836800000,0.12466,0.12519,0.12444,0.12455,227336.9,28386.158661
1784840400000,0.12455,0.12489,0.12401,0.12401,235645.6,29309.566553
1784844000000,0.12401,0.1244,0.12345,0.1243,281744.6,34911.723958
1784847600000,0.1243,0.12435,0.12373,0.12393,117966.5,14639.971319
1784851200000,0.12393,0.12467,0.123,0.12375,1302073.1,160987.589385
1784854800000,0.12375,0.12549,0.1236,0.12547,356408.8,44376.637515
1784858400000,0.12547,0.12581,0.12503,0.12533,438080.7,54987.654586
1784862000000,0.12533,0.12659,0.12524,0.12593,621950.0,78387.313523
1784865600000,0.12593,0.12623,0.12573,0.12608,156511.3,19723.65101
1784869200000,0.12608,0.12707,0.12534,0.12564,374387.4,47218.434966
1784872800000,0.12564,0.1263,0.12535,0.12572,216878.5,27262.223753
1784876400000,0.12572,0.12668,0.12555,0.12649,413694.2,52249.082913
1784880000000,0.12649,0.1283,0.12635,0.1274,531293.6,67668.642636
1784883600000,0.1274,0.12754,0.12634,0.12665,400616.9,50792.720097
1784887200000,0.12665,0.12686,0.12578,0.12614,198758.1,25104.142392
1784890800000,0.12614,0.12876,0.12607,0.1283,788895.8,100746.5205
1784894400000,0.1283,0.12886,0.12571,0.12583,2750555.3,351074.070923
1784898000000,0.12583,0.12585,0.12387,0.12483,918471.2,114662.791924
1784901600000,0.12483,0.12503,0.12364,0.12493,349974.3,43536.876599
1784905200000,0.12493,0.12563,0.12443,0.12488,505128.3,63269.295954
1784908800000,0.12488,0.12564,0.1246,0.1256,467683.9,58448.773947
1784912400000,0.1256,0.12612,0.12533,0.12536,321115.2,40358.099176
1784916000000,0.12536,0.12574,0.12462,0.12509,371345.2,46437.356482
1784919600000,0.12509,0.12562,0.12488,0.12513,329928.4,41295.705123
1784923200000,0.12513,0.12556,0.12496,0.12505,137173.6,17175.340891
1784926800000,0.12505,0.12514,0.12352,0.12354,221369.5,27492.80464
1784930400000,0.12354,0.12419,0.1234,0.1239,237639.0,29391.702784
1784934000000,0.1239,0.1242,0.12385,0.12397,116045.4,14398.962214
1784937600000,0.12397,0.125,0.12387,0.12481,314294.1,39126.091592
1784941200000,0.12481,0.12487,0.12362,0.12383,223651.6,27723.173437
1784944800000,0.12383,0.12474,0.12359,0.12426,133854.9,16616.90586
1784948400000,0.12426,0.12456,0.12363,0.124,132238.9,16397.326021
1784952000000,0.124,0.12431,0.12381,0.12387,85521.3,10607.964078
1784955600000,0.12387,0.12404,0.12264,0.12311,515001.3,63469.837082
1784959200000,0.12311,0.12329,0.1223,0.12318,293008.1,35957.924373
1784962800000,0.12318,0.12345,0.12296,0.12296,131898.8,16249.692482
1784966400000,0.12296,0.12344,0.12251,0.12316,205779.2,25312.763742
1784970000000,0.12316,0.12399,0.12278,0.1234,335441.8,41451.760807
1784973600000,0.1234,0.12344,0.12278,0.12279,86143.1,10589.894839
1784977200000,0.12279,0.12304,0.1218,0.12194,489328.0,59823.775216
1784980800000,0.12194,0.12251,0.12165,0.12238,212051.4,25878.846221
1784984400000,0.12238,0.12284,0.12232,0.12249,364540.2,44694.655222
1784988000000,0.12249,0.12277,0.12225,0.12228,196368.0,24051.560715
1784991600000,0.12228,0.12436,0.12221,0.1243,355158.8,43886.494756
1784995200000,0.1243,0.12466,0.12363,0.12374,526106.9,65300.580994
1784998800000,0.12374,0.12427,0.12354,0.12387,172064.4,21313.92879
1785002400000,0.12387,0.1241,0.12338,0.1234,221071.7,27335.401032
1785006000000,0.1234,0.12414,0.12334,0.12406,122881.7,15195.407095
1785009600000,0.12406,0.12466,0.12394,0.12394,344962.0,42885.823519
1785013200000,0.12394,0.12418,0.12361,0.12418,85432.1,10582.251184
1785016800000,0.12418,0.12465,0.12377,0.1239,308367.5,38343.703557
1785020400000,0.1239,0.1239,0.12331,0.12339,187263.9,23118.46839
1785024000000,0.12339,0.12365,0.1232,0.12342,175644.9,21686.68529
1785027600000,0.12342,0.12354,0.12274,0.1231,214373.7,26383.321506
1785031200000,0.1231,0.12352,0.12264,0.12315,275520.2,33932.625361
1785034800000,0.12315,0.12326,0.12264,0.12308,67839.8,8339.004331
1785038400000,0.12308,0.12333,0.12269,0.12306,94071.0,11572.678061
1785042000000,0.12306,0.12543,0.12272,0.12534,394363.9,49012.45278
1785045600000,0.12534,0.12705,0.12415,0.12667,1468185.4,184418.405407
1785049200000,0.12667,0.12686,0.12529,0.12577,336973.9,42427.495815
1785052800000,0.12577,0.1259,0.12442,0.12446,269290.0,33615.844567
1785056400000,0.12446,0.12479,0.12422,0.12431,246481.4,30680.166559
1785060000000,0.12431,0.12503,0.12422,0.12448,173859.5,21654.254091
1785063600000,0.12448,0.12476,0.12404,0.12415,170581.2,21206.704601
1785067200000,0.12415,0.12547,0.12409,0.12481,171501.5,21424.214574
1785070800000,0.12481,0.12487,0.12412,0.12438,123648.2,15386.8843
1785074400000,0.12438,0.12483,0.12412,0.12414,240764.4,29962.743786
1785078000000,0.12414,0.12453,0.12401,0.12421,155101.0,19265.500995
1785081600000,0.12421,0.1255,0.12404,0.12484,725862.6,90684.923444
1785085200000,0.12484,0.12502,0.12442,0.12474,173221.4,21617.794082
1785088800000,0.12474,0.12497,0.12438,0.12492,214159.4,26719.26522
1785092400000,0.12492,0.12492,0.12455,0.12465,111434.1,13900.66135
1785096000000,0.12465,0.12497,0.12445,0.12458,76840.7,9581.919201
1785099600000,0.12458,0.12482,0.12432,0.12473,145672.4,18158.683952
1785103200000,0.12473,0.12649,0.12471,0.1264,515123.0,64679.42271
1785106800000,0.1264,0.12717,0.1264,0.12696,322004.7,40848.352797
1785110400000,0.12696,0.12741,0.12663,0.12729,252286.1,32047.402239
1785114000000,0.12729,0.128,0.12628,0.12798,460917.1,58645.891667
1785117600000,0.12798,0.12801,0.12695,0.12798,275513.1,35129.702312
1785121200000,0.12798,0.12862,0.12764,0.12801,420513.5,53935.143332
1785124800000,0.12801,0.12807,0.12636,0.12638,399498.0,50745.974214
1785128400000,0.12638,0.12647,0.12523,0.12568,483897.9,60910.107233
1785132000000,0.12568,0.12648,0.12534,0.12584,393584.9,49534.617625
1785135600000,0.12584,0.126,0.12542,0.1257,167888.0,21108.612274
1785139200000,0.1257,0.12622,0.1251,0.12516,195418.3,24549.904324
1785142800000,0.12516,0.12544,0.12432,0.12544,330810.2,41250.943715
1785146400000,0.12544,0.12552,0.12484,0.12518,130971.7,16388.918832
1785150000000,0.12518,0.12585,0.12476,0.12496,386033.4,48319.466719
1785153600000,0.12496,0.12528,0.12414,0.12516,276981.5,34588.472562
1785157200000,0.12516,0.12587,0.12405,0.12525,390504.9,48896.50646
1785160800000,0.12525,0.12544,0.1203,0.1212,2484789.7,303582.230755
1785164400000,0.1212,0.12152,0.12043,0.12111,886478.5,107265.856887
1785168000000,0.12111,0.12144,0.11982,0.12137,881104.7,106272.690402
1785171600000,0.12137,0.1215,0.12053,0.12053,293640.1,35493.983094
1785175200000,0.12053,0.12059,0.11921,0.1198,778652.3,93213.02614
1785178800000,0.1198,0.12091,0.11937,0.12072,1093975.4,131405.268818
1785182400000,0.12072,0.12126,0.12049,0.12121,404388.5,48824.356579
1785186000000,0.12121,0.12121,0.12038,0.12066,223650.8,26994.283587
1785189600000,0.12066,0.12066,0.11572,0.11625,2234429.1,262365.61899
1785193200000,0.11625,0.11687,0.11459,0.11576,1370363.0,158298.801052
1785196800000,0.11576,0.11658,0.11526,0.11628,760774.7,88262.038583
1785200400000,0.11628,0.11642,0.11367,0.11512,800233.8,91814.352537
1785204000000,0.11512,0.11654,0.11488,0.11648,222609.5,25781.423944
1785207600000,0.11648,0.11653,0.11575,0.11586,201747.7,23420.208315
1785211200000,0.11586,0.11649,0.1155,0.11587,343791.5,39854.410304
1785214800000,0.11587,0.11609,0.11517,0.1152,190129.0,21990.811822
1785218400000,0.1152,0.11597,0.11506,0.11579,218519.7,25248.706648
1785222000000,0.11579,0.11579,0.11486,0.11517,289063.4,33309.043862
1785225600000,0.11517,0.11574,0.11512,0.11553,359072.2,41460.221759
1785229200000,0.11553,0.11589,0.11519,0.11544,182292.9,21064.360133
1785232800000,0.11544,0.11575,0.11512,0.1155,227748.2,26291.66955
1785236400000,0.1155,0.11647,0.11494,0.11557,500069.5,57757.3093
1785240000000,0.11557,0.1166,0.11546,0.11614,257540.2,29901.062245
1785243600000,0.11614,0.11623,0.11317,0.11397,1160532.3,132466.075428
1785247200000,0.11397,0.11507,0.11321,0.11489,504164.2,57649.540273
1785250800000,0.11489,0.11664,0.11447,0.11612,598447.9,69270.15674
1785254400000,0.11612,0.11692,0.11563,0.1166,324724.8,37798.598223
1785258000000,0.1166,0.11684,0.11505,0.1154,388092.4,44999.603761
1785261600000,0.1154,0.11616,0.1154,0.11578,166901.3,19295.526295
1785265200000,0.11578,0.11676,0.11578,0.11662,155264.5,18071.753968
1785268800000,0.11662,0.11749,0.11641,0.11749,468462.4,54795.336871
1785272400000,0.11749,0.1179,0.11715,0.11734,534613.5,62865.551204
1785276000000,0.11734,0.11744,0.11604,0.11608,264544.6,30920.325415
1785279600000,0.11608,0.11729,0.1159,0.11725,357682.9,41683.627634
1785283200000,0.11725,0.11824,0.11724,0.11796,493299.6,58127.461937
1785286800000,0.11796,0.11855,0.11605,0.11612,541651.3,63549.125804
1785290400000,0.11612,0.1164,0.11512,0.1154,446773.2,51684.720599
1785294000000,0.1154,0.1156,0.11286,0.11295,1150352.8,131408.080243
1785297600000,0.11295,0.11305,0.11116,0.11272,1721015.3,193182.527599
1785301200000,0.11272,0.11297,0.11185,0.11207,435061.9,48963.466106
1785304800000,0.11207,0.11243,0.11142,0.11196,642243.1,71834.138099
1785308400000,0.11196,0.11197,0.109,0.11036,1978864.3,217915.637061
1785312000000,0.11036,0.11049,0.10889,0.10995,919008.5,100767.672534
1785315600000,0.10995,0.11124,0.10989,0.11091,641425.5,70886.205271
1785319200000,0.11091,0.11111,0.1102,0.11089,597543.3,66128.51029
1785322800000,0.11089,0.11138,0.11047,0.11087,368995.8,40914.568228
1785326400000,0.11087,0.11138,0.11011,0.11077,427309.6,47315.118201
1785330000000,0.11077,0.1118,0.11046,0.11132,976602.6,108456.744014
1785333600000,0.11132,0.11148,0.10939,0.10975,1035817.8,114102.299647
1785337200000,0.10975,0.11044,0.10935,0.1098,557363.6,61307.789064
1785340800000,0.1098,0.11286,0.1097,0.1112,1779391.1,198352.285166
1785344400000,0.1112,0.11268,0.1112,0.11268,538908.9,60240.537496
1785348000000,0.11268,0.11378,0.11136,0.1132,1172749.5,132423.906179
1785351600000,0.1132,0.11364,0.11006,0.11029,898735.6,100300.976034
1785355200000,0.11029,0.11052,0.10751,0.1083,1351514.8,147329.135646
1785358800000,0.1083,0.10981,0.10761,0.10969,419669.9,45682.549833
1785362400000,0.10969,0.11097,0.10969,0.11027,455205.9,50279.111883
1785366000000,0.11027,0.1104,0.10984,0.1102,197733.6,21783.312903
1785369600000,0.1102,0.11043,0.10872,0.10893,808719.6,88593.219864
1785373200000,0.10893,0.11084,0.10893,0.11043,700709.2,77263.861803
1785376800000,0.11043,0.11066,0.10964,0.1097,305203.3,33686.776616
1785380400000,0.1097,0.10979,0.10807,0.10826,584995.9,63651.858832
1785384000000,0.10826,0.10834,0.10759,0.1077,485457.2,52376.62752
1785387600000,0.1077,0.10785,0.10711,0.10737,455961.6,48982.204346
1785391200000,0.10737,0.10793,0.10719,0.10744,228710.3,24601.781265
1785394800000,0.10744,0.10819,0.10673,0.10685,426974.1,45887.003326
1785398400000,0.10685,0.10767,0.10623,0.10746,837635.2,89532.041258
1785402000000,0.10746,0.10815,0.10707,0.10782,420847.5,45235.126268
1785405600000,0.10782,0.10878,0.10747,0.10757,675659.6,73069.982678
1785409200000,0.10757,0.1085,0.10753,0.10832,304783.0,32947.802381
1785412800000,0.10832,0.10889,0.108,0.10825,397094.0,43072.579799
1785416400000,0.10825,0.10949,0.10781,0.10933,556596.3,60376.346159
1785420000000,0.10933,0.10949,0.10819,0.10857,505559.4,54966.763281
1785423600000,0.10857,0.10868,0.10781,0.10798,248500.6,26882.830037
1785427200000,0.10798,0.10843,0.10739,0.10751,391832.6,42223.613989
1785430800000,0.10751,0.10941,0.10737,0.10941,962120.0,104383.405598
1785434400000,0.10941,0.10964,0.10873,0.10897,638565.6,69716.465893
1785438000000,0.10897,0.11016,0.10895,0.11008,709944.0,77803.784088
1785441600000,0.11008,0.11127,0.11002,0.11108,705147.7,77944.870689
1785445200000,0.11108,0.11214,0.11045,0.11049,813382.7,90475.593456
1785448800000,0.11049,0.11072,0.1097,0.10976,503764.6,55446.937187
1785452400000,0.10976,0.11002,0.10921,0.10964,239842.3,26287.95901
1785456000000,0.10964,0.11071,0.10951,0.11043,317159.5,34915.849279
1785459600000,0.11043,0.11124,0.10915,0.10924,390357.9,43025.739837
1785463200000,0.10924,0.10969,0.10827,0.10834,218525.8,23792.995524
1785466800000,0.10834,0.10839,0.10757,0.10818,252950.8,27321.668728
1785470400000,0.10818,0.1086,0.10771,0.10791,252648.7,27336.196746
1785474000000,0.10791,0.1094,0.10786,0.10935,761019.1,82699.618322
1785477600000,0.10935,0.10973,0.1088,0.10936,480660.3,52535.802054
1785481200000,0.10936,0.11025,0.10838,0.10982,591273.3,64520.968266
1785484800000,0.10982,0.11025,0.10915,0.10953,554691.9,60821.787439
1785488400000,0.10953,0.10961,0.1088,0.10892,161754.6,17651.501321
1785492000000,0.10892,0.1099,0.10846,0.10985,386842.0,42244.201983
1785495600000,0.10985,0.10998,0.10899,0.10908,143585.4,15696.697174
1785499200000,0.10908,0.10972,0.10805,0.10963,615252.9,66952.535349
1785502800000,0.10963,0.11012,0.10828,0.1085,421722.1,46062.828669
1785506400000,0.1085,0.10937,0.10749,0.10936,498061.7,54131.864011
1785510000000,0.10936,0.11011,0.10907,0.10989,452810.3,49613.651416
1785513600000,0.10989,0.11182,0.10986,0.11168,629273.8,69748.894549
1785517200000,0.11168,0.1135,0.11141,0.11273,1066450.5,119979.326765
1785520800000,0.11273,0.11346,0.11219,0.11322,655665.5,73904.531631
1785524400000,0.11322,0.11388,0.1129,0.1137,535061.4,60675.818339
1785528000000,0.1137,0.1138,0.11261,0.11307,452723.1,51147.83151
1785531600000,0.11307,0.11412,0.11251,0.11253,372761.9,42236.870857
1785535200000,0.11253,0.11376,0.11235,0.1134,291798.5,33098.545632
1785538800000,0.1134,0.11379,0.1127,0.11361,424166.9,48035.127196
1785542400000,0.11361,0.11492,0.11348,0.114,616192.5,70408.318829
1785546000000,0.114,0.11461,0.11313,0.11332,452158.4,51422.189793
1785549600000,0.11332,0.11385,0.11291,0.11353,491616.8,55744.0384
1785553200000,0.11353,0.11353,0.11251,0.1128,369784.3,41737.538944
1785556800000,0.1128,0.11299,0.11266,0.11281,130725.6,14747.985764
1785560400000,0.11281,0.11316,0.11186,0.112,441837.6,49669.377979
1785564000000,0.112,0.11202,0.11148,0.11169,373295.5,41715.63828
1785567600000,0.11169,0.11194,0.1115,0.1116,170024.3,19000.177575
1785571200000,0.1116,0.11249,0.11144,0.11205,292968.7,32843.097259
1785574800000,0.11205,0.11242,0.11183,0.11215,243435.1,27301.144902
1785578400000,0.11215,0.11305,0.11166,0.11255,534447.5,60031.065505
1785582000000,0.11255,0.11279,0.1118,0.11199,207717.3,23322.721592
1785585600000,0.11199,0.11265,0.11191,0.11251,338131.8,37973.249435
1785589200000,0.11251,0.11286,0.11202,0.11208,171102.7,19221.551713
1785592800000,0.11208,0.1127,0.11195,0.11227,265112.1,29753.953238
1785596400000,0.11227,0.11263,0.11221,0.11228,219170.9,24643.387657
1785600000000,0.11228,0.11277,0.1116,0.1119,416917.0,46730.55577
1785603600000,0.1119,0.1119,0.11113,0.11173,319519.2,35611.287211
1785607200000,0.11173,0.11175,0.10982,0.1109,998152.1,110439.72035
1785610800000,0.1109,0.11153,0.11072,0.11122,285458.9,31710.607981
1785614400000,0.11122,0.11181,0.11097,0.11132,251761.3,28074.852982
1785618000000,0.11132,0.11493,0.11132,0.11426,1293417.3,147014.232833
1785621600000,0.11426,0.11434,0.11348,0.11372,815599.4,92859.990822
1785625200000,0.11372,0.11431,0.11359,0.11417,411371.3,46903.276154
1785628800000,0.11417,0.11545,0.11394,0.11529,1031495.0,118261.275017
1785632400000,0.11529,0.11609,0.11512,0.11551,804779.6,93122.874562
1785636000000,0.11551,0.11606,0.11423,0.11423,557989.3,64271.89103
1785639600000,0.11423,0.11432,0.11318,0.11325,350557.0,39847.978399
1785643200000,0.11325,0.11357,0.11286,0.11304,431809.5,48913.242237
1785646800000,0.11304,0.11368,0.113,0.11342,358548.8,40639.040327
1785650400000,0.11342,0.11384,0.11307,0.11319,312836.5,35532.255141
1785654000000,0.11319,0.11325,0.11293,0.11315,235302.1,26600.75902
1785657600000,0.11315,0.1132,0.11246,0.11253,572741.5,64547.757599
1785661200000,0.11253,0.11318,0.11247,0.11285,231467.4,26132.389484
1785664800000,0.11285,0.11288,0.11237,0.11265,137700.7,15501.761829
1785668400000,0.11265,0.11301,0.11235,0.11267,86370.0,9732.449599
1785672000000,0.11267,0.1135,0.11225,0.11266,437612.0,49379.765043
1785675600000,0.11266,0.11277,0.11237,0.11245,215345.1,24243.543763
1785679200000,0.11245,0.11278,0.11236,0.11254,119804.5,13486.435023
1785682800000,0.11254,0.11266,0.11232,0.11248,140274.1,15781.563589
1785686400000,0.11248,0.11248,0.11158,0.11195,350892.1,39320.859899
1785690000000,0.11195,0.11254,0.11187,0.11213,188538.5,21161.432673
1785693600000,0.11213,0.11282,0.11207,0.11208,106276.1,11942.839553
1785697200000,0.11208,0.11233,0.112,0.11227,139919.5,15688.501899
1785700800000,0.11227,0.11227,0.11178,0.1119,123616.6,13841.546668
1785704400000,0.1119,0.11222,0.11189,0.11212,56869.6,6373.113351
1785708000000,0.11212,0.11274,0.11191,0.11195,193766.8,21763.415338
1785711600000,0.11195,0.11216,0.11176,0.1121,102853.4,11516.936067
1785715200000,0.1121,0.11261,0.11171,0.11248,201036.1,22560.321339
1785718800000,0.11248,0.113,0.11179,0.1122,226059.5,25445.783841
1785722400000,0.1122,0.11244,0.11174,0.11183,119492.8,13395.794001
1785726000000,0.11183,0.11217,0.11154,0.112,209935.8,23502.945845
1785729600000,0.112,0.1127,0.11174,0.11226,187092.7,21026.410042
1785733200000,0.11226,0.11315,0.11226,0.11291,311576.2,35132.082655
1785736800000,0.11291,0.1131,0.11178,0.11193,163397.0,18331.262122
1785740400000,0.11193,0.11205,0.11112,0.11155,358305.5,39988.097951
1785744000000,0.11155,0.11192,0.1112,0.11186,140320.1,15657.449647
1785747600000,0.11186,0.11243,0.11122,0.11194,328700.7,36729.244453
1785751200000,0.11194,0.11206,0.1112,0.11131,107606.6,11988.078525
1785754800000,0.11131,0.11155,0.11102,0.11116,72218.0,8034.161517
1785758400000,0.11116,0.11149,0.1109,0.11132,146055.8,16228.595674
1785762000000,0.11132,0.1127,0.11126,0.11245,158181.2,17724.540721
1785765600000,0.11245,0.1128,0.11203,0.11249,121327.9,13633.422933
1785769200000,0.11249,0.1127,0.11211,0.11264,127187.7,14304.826723
1785772800000,0.11264,0.11283,0.11217,0.11246,152670.8,17173.292604
1785776400000,0.11246,0.11282,0.11212,0.11218,52916.0,5948.072464
1785780000000,0.11218,0.11272,0.11217,0.11238,296212.1,33316.709718
1785783600000,0.11238,0.11265,0.11172,0.11194,175962.7,19726.764266
1785787200000,0.11194,0.11254,0.11193,0.11254,154313.3,17314.621723
1785790800000,0.11254,0.11266,0.11225,0.11238,47404.8,5329.827329
1785794400000,0.11238,0.11251,0.11212,0.11238,101802.4,11437.922788
1785798000000,0.11238,0.11302,0.1123,0.11294,262137.3,29545.488765
1785801600000,0.11294,0.11359,0.11269,0.11306,361066.4,40828.353797
1785805200000,0.11306,0.11409,0.11273,0.11357,594664.5,67453.404434
1785808800000,0.11357,0.11406,0.11286,0.11383,204526.9,23201.901368
1785812400000,0.11383,0.11474,0.11382,0.11425,367588.7,42040.836902
1785816000000,0.11425,0.11439,0.11377,0.11378,183060.5,20874.016422
1785819600000,0.11378,0.11458,0.11349,0.11364,353476.3,40297.058084
1785823200000,0.11364,0.11374,0.11273,0.1129,373329.8,42278.577441
1785826800000,0.1129,0.113,0.11242,0.11286,113342.9,12778.985763
1785830400000,0.11286,0.11363,0.11285,0.11307,224044.9,25371.086004
1785834000000,0.11307,0.11311,0.11237,0.11285,156167.5,17610.406134
1785837600000,0.11285,0.11309,0.11243,0.1128,55636.1,6275.355912
1785841200000,0.1128,0.1128,0.1119,0.11193,261461.3,29337.0044
1785844800000,0.11193,0.11217,0.11179,0.11183,127214.4,14241.631792
1785848400000,0.11183,0.11253,0.11148,0.11214,503361.2,56342.615175
1785852000000,0.11214,0.1122,0.11155,0.11198,202537.9,22664.418968
1785855600000,0.11198,0.11213,0.11098,0.11211,511592.0,56978.228885
1785859200000,0.11211,0.11225,0.11166,0.11195,120832.8,13526.448349
1785862800000,0.11195,0.11259,0.11178,0.11178,324006.0,36357.016573
1785866400000,0.11178,0.11257,0.11173,0.11214,425311.9,47792.560358
1785870000000,0.11214,0.1128,0.11209,0.11234,191740.0,21548.160117
1785873600000,0.11234,0.11303,0.1119,0.11244,283993.8,31957.059153
1785877200000,0.11244,0.1133,0.11228,0.1133,72617.5,8178.537429
1785880800000,0.1133,0.11477,0.11301,0.11477,282426.4,32129.49494
1785884400000,0.11477,0.11569,0.11274,0.1128,935503.0,106668.48829
1785888000000,0.1128,0.11508,0.11266,0.11389,709266.9,80709.594406
1785891600000,0.11389,0.115,0.11362,0.1141,290843.1,33215.936854
1785895200000,0.1141,0.11433,0.11368,0.11405,225628.7,25726.908001
1785898800000,0.11405,0.11413,0.11282,0.11295,327952.3,37168.351333
1785902400000,0.11295,0.11393,0.11287,0.1133,184792.9,20981.945005
1785906000000,0.1133,0.114,0.1132,0.11363,146828.8,16678.612299
1785909600000,0.11363,0.11418,0.11343,0.11409,128493.3,14620.226757
1785913200000,0.11409,0.11459,0.11371,0.11445,170489.7,19459.067979
1785916800000,0.11445,0.11477,0.11342,0.11349,276220.5,31552.177856
1785920400000,0.11349,0.11379,0.11343,0.11356,125887.8,14295.93398
1785924000000,0.11356,0.11389,0.11324,0.11339,108539.3,12332.701427
1785927600000,0.11339,0.11379,0.11319,0.1134,100045.4,11350.267188
1785931200000,0.1134,0.11378,0.11285,0.11335,389922.7,44183.955507
1785934800000,0.11335,0.11344,0.11233,0.11318,554846.6,62623.309699
1785938400000,0.11318,0.11358,0.11308,0.11342,125265.8,14198.262463
1785942000000,0.11342,0.1136,0.11214,0.11251,732845.9,82641.476152
1785945600000,0.11251,0.11307,0.11213,0.11269,134010.6,15077.658532
1785949200000,0.11269,0.11316,0.1126,0.11297,78338.0,8843.035688
1785952800000,0.11297,0.11309,0.11237,0.1125,97589.5,10995.220063
1785956400000,0.1125,0.11363,0.11239,0.11288,163767.7,18492.842178
1785960000000,0.11288,0.11323,0.1127,0.11303,211454.1,23912.081933
1785963600000,0.11303,0.11308,0.11242,0.1125,179342.9,20185.763173
1785967200000,0.1125,0.11293,0.11245,0.11245,43468.1,4900.717482
1785970800000,0.11245,0.11261,0.11226,0.1125,63853.7,7180.962347
1785974400000,0.1125,0.1133,0.11236,0.11325,66953.3,7552.799037
1785978000000,0.11325,0.1133,0.11249,0.11277,78108.1,8820.637231
1785981600000,0.11277,0.11351,0.11256,0.1131,105015.8,11871.828947
1785985200000,0.1131,0.11398,0.11299,0.1135,169656.1,19256.499535
1785988800000,0.1135,0.1138,0.11281,0.11305,124937.2,14145.159116
1785992400000,0.11305,0.11359,0.11305,0.11338,48466.4,5497.268844
1785996000000,0.11338,0.11496,0.11337,0.11487,350218.9,39975.258529
1785999600000,0.11487,0.11544,0.11443,0.11472,186679.5,21478.561504
1786003200000,0.11472,0.11527,0.11423,0.11457,232762.0,26693.979404
1786006800000,0.11457,0.11492,0.11399,0.1146,410270.8,46877.664325
1786010400000,0.1146,0.11463,0.11321,0.11393,281950.3,32119.066168
1786014000000,0.11393,0.11529,0.11367,0.11526,349239.8,39985.764356
1786017600000,0.11526,0.11579,0.11481,0.11505,411168.4,47409.226796
1786021200000,0.11505,0.11648,0.11414,0.11579,604771.9,69774.737397
1786024800000,0.11579,0.11689,0.11558,0.11615,582153.9,67618.686801
1786028400000,0.11615,0.11665,0.11595,0.11615,481996.3,56049.022797
1786032000000,0.11615,0.11754,0.11614,0.11722,630654.1,73766.391945
1786035600000,0.11722,0.11724,0.11515,0.1154,461669.2,53461.769933
1786039200000,0.1154,0.11575,0.11505,0.11556,387208.2,44724.666009
1786042800000,0.11556,0.11567,0.11517,0.11546,199476.1,23040.844854
1786046400000,0.11546,0.1161,0.11544,0.1156,126969.0,14700.35168
1786050000000,0.1156,0.11643,0.11551,0.1163,202266.1,23434.299579
1786053600000,0.1163,0.1163,0.11528,0.11529,244490.9,28292.555071
1786057200000,0.11529,0.11529,0.11425,0.11469,353849.5,40565.532266
1786060800000,0.11469,0.11574,0.11463,0.11556,255773.1,29510.278367
1786064400000,0.11556,0.11604,0.11512,0.1159,224458.1,25945.998017
1786068000000,0.1159,0.11629,0.1155,0.1158,151617.6,17581.172266
1786071600000,0.1158,0.11602,0.11539,0.11552,116540.5,13482.620063
1786075200000,0.11552,0.11633,0.11493,0.11501,181366.6,20984.716783
1786078800000,0.11501,0.11558,0.11445,0.115,203322.8,23370.845852
1786082400000,0.115,0.11512,0.11462,0.11472,200426.5,23016.667007
1786086000000,0.11472,0.11506,0.11441,0.11463,122216.5,14027.245934
1786089600000,0.11463,0.11583,0.11461,0.11485,576012.1,66367.076819
1786093200000,0.11485,0.11496,0.11399,0.11399,312006.4,35715.57619
1786096800000,0.11399,0.11448,0.1139,0.11421,196130.0,22392.081456
1786100400000,0.11421,0.11435,0.11383,0.11389,441734.5,50411.371164
1786104000000,0.11389,0.11505,0.11331,0.11338,1136135.2,129712.014861
1786107600000,0.11338,0.1135,0.11291,0.11348,392132.8,44371.211249
1786111200000,0.11348,0.11356,0.11281,0.11302,240426.6,27222.135685
1786114800000,0.11302,0.11386,0.11293,0.11354,153045.9,17344.797046
1786118400000,0.11354,0.1136,0.11269,0.11273,158973.2,17976.522492
1786122000000,0.11273,0.1133,0.11227,0.11312,403792.1,45521.149228
1786125600000,0.11312,0.11322,0.11234,0.11236,109554.6,12366.3873
1786129200000,0.11236,0.11272,0.11226,0.1124,100658.8,11325.751454
1786132800000,0.1124,0.11283,0.11228,0.11242,101517.9,11418.705951
1786136400000,0.11242,0.11295,0.11225,0.11252,84845.6,9544.223459
1786140000000,0.11252,0.11286,0.11215,0.11215,147501.5,16568.813548
1786143600000,0.11215,0.11252,0.11167,0.11247,385318.9,43150.001297
1786147200000,0.11247,0.11285,0.11207,0.11243,303489.2,34111.550267
1786150800000,0.11243,0.11298,0.11241,0.11288,96140.9,10845.246979
1786154400000,0.11288,0.11304,0.11244,0.11258,136746.1,15435.82731
1786158000000,0.11258,0.11317,0.1125,0.1129,161946.1,18286.927478
1786161600000,0.1129,0.11353,0.11284,0.11345,138573.5,15681.8165
1786165200000,0.11345,0.1139,0.11312,0.11315,99290.2,11270.619474
1786168800000,0.11315,0.11449,0.11294,0.11406,947281.8,108149.433333
1786172400000,0.11406,0.11467,0.11389,0.1145,278274.8,31817.342977
1786176000000,0.1145,0.11489,0.11413,0.11472,93281.0,10686.976023
1786179600000,0.11472,0.11555,0.11404,0.11531,366843.1,42122.394838
1786183200000,0.11531,0.1159,0.11513,0.11554,275323.6,31818.570986
1786186800000,0.11554,0.11602,0.11548,0.11557,147284.5,17064.275651
1786190400000,0.11557,0.11633,0.11546,0.11609,200831.3,23293.387752
1786194000000,0.11609,0.11629,0.11563,0.11565,157254.6,18237.23181
1786197600000,0.11565,0.11635,0.11557,0.11572,301848.8,34977.942694
1786201200000,0.11572,0.11633,0.11572,0.11611,184382.3,21382.378284
1786204800000,0.11611,0.11679,0.116,0.11601,156662.9,18228.694
1786208400000,0.11601,0.11602,0.11566,0.11594,114477.1,13256.579613
1786212000000,0.11594,0.11605,0.11515,0.1155,407207.4,47078.226753
1786215600000,0.1155,0.11579,0.1155,0.11574,35017.8,4050.222826
1786219200000,0.11574,0.11583,0.11543,0.11568,86826.7,10035.081495
1786222800000,0.11568,0.11578,0.11538,0.11543,52441.3,6056.377397
1786226400000,0.11543,0.11557,0.115,0.11513,180625.3,20806.519366
1786230000000,0.11513,0.11529,0.11509,0.11509,75325.2,8676.093305
1786233600000,0.11509,0.11528,0.1148,0.1149,151780.9,17461.962085
1786237200000,0.1149,0.11497,0.11342,0.11431,431254.2,49253.490702
1786240800000,0.11431,0.11454,0.11394,0.11409,128083.4,14629.884078
1786244400000,0.11409,0.11453,0.11401,0.1142,110120.5,12583.795066
1786248000000,0.1142,0.11454,0.11393,0.11393,104167.5,11895.454808
1786251600000,0.11393,0.11427,0.11377,0.11422,128459.2,14654.822131
1786255200000,0.11422,0.11506,0.11422,0.11485,363787.8,41736.414242
1786258800000,0.11485,0.11513,0.11396,0.11444,577888.5,66176.659079
1786262400000,0.11444,0.11453,0.11383,0.11406,286737.5,32711.102475
1786266000000,0.11406,0.11425,0.11324,0.11383,436383.1,49661.600776
1786269600000,0.11383,0.1141,0.11339,0.11364,140998.0,16043.990232
1786273200000,0.11364,0.1139,0.11359,0.11368,36242.9,4123.524665
1786276800000,0.11368,0.11385,0.11356,0.11362,134384.5,15270.918731
1786280400000,0.11362,0.11406,0.11356,0.11389,203804.4,23190.60153
1786284000000,0.11389,0.11422,0.11384,0.1142,73495.3,8379.644352
1786287600000,0.1142,0.11509,0.11399,0.11509,141734.8,16208.800145
1786291200000,0.11509,0.11556,0.1146,0.11541,270237.8,31046.085312
1786294800000,0.11541,0.11561,0.11509,0.1154,91200.7,10521.108983
1786298400000,0.1154,0.11543,0.1144,0.11444,111747.7,12818.724614
1786302000000,0.11444,0.11493,0.11429,0.11482,55141.9,6318.131452
1786305600000,0.11482,0.11495,0.11428,0.11452,112125.2,12845.948084
1786309200000,0.11452,0.11498,0.11433,0.11483,91672.0,10517.136826
1786312800000,0.11483,0.11527,0.11365,0.11413,325538.5,37256.467554
1786316400000,0.11413,0.1143,0.11319,0.11355,549128.1,62418.474696
1786320000000,0.11355,0.11488,0.11333,0.11402,334344.1,38150.795609
1786323600000,0.11402,0.11527,0.114,0.11485,157311.1,18015.262014
1786327200000,0.11485,0.11516,0.11427,0.11494,129515.6,14852.962745
1786330800000,0.11494,0.11533,0.11425,0.1147,253439.2,29073.680091
1786334400000,0.1147,0.11536,0.11466,0.11493,121155.3,13930.517019
1786338000000,0.11493,0.11563,0.11464,0.11555,361644.1,41684.487592
1786341600000,0.11555,0.11576,0.11509,0.1153,152336.8,17581.361559
1786345200000,0.1153,0.1153,0.1145,0.11454,441084.2,50577.369807
1786348800000,0.11454,0.1149,0.11434,0.11449,244870.2,28068.569251
1786352400000,0.11449,0.11469,0.1138,0.11389,145656.8,16648.46678
1786356000000,0.11389,0.11429,0.11384,0.11407,58195.2,6642.808294
1786359600000,0.11407,0.11432,0.11384,0.11432,140034.1,15972.579537
1786363200000,0.11432,0.11456,0.11383,0.11389,81468.3,9304.716788
1786366800000,0.11389,0.11439,0.11369,0.11435,83036.3,9467.718802
1786370400000,0.11435,0.11459,0.11402,0.11404,197515.0,22603.168737
1786374000000,0.11404,0.11711,0.11347,0.1155,977542.8,112720.548168
1786377600000,0.1155,0.11596,0.1145,0.11479,425842.9,49012.66521
1786381200000,0.11479,0.11607,0.11474,0.11585,362572.6,41899.675592
1786384800000,0.11585,0.11666,0.11516,0.1158,233049.9,26976.957864
1786388400000,0.1158,0.1158,0.1149,0.11496,117797.8,13576.339087
1786392000000,0.11496,0.11565,0.11456,0.11461,164264.5,18892.994722
1786395600000,0.11461,0.11466,0.11352,0.1137,122846.6,13991.345278
1786399200000,0.1137,0.11384,0.11269,0.1129,688049.3,77785.866347
1786402800000,0.1129,0.11338,0.11268,0.11323,221431.9,25030.494959
1786406400000,0.11323,0.11388,0.113,0.11377,314029.8,35580.286932
1786410000000,0.11377,0.11442,0.11355,0.11434,486228.1,55435.06377
1786413600000,0.11434,0.11518,0.11434,0.11512,181129.7,20791.404482
1786417200000,0.11512,0.11552,0.1148,0.11552,113312.5,13053.072595
1786420800000,0.11552,0.11581,0.11483,0.11573,268948.2,31008.656076
1786424400000,0.11573,0.1159,0.11455,0.11478,187475.7,21592.900348
1786428000000,0.11478,0.11493,0.11412,0.11425,411476.6,47047.170483
1786431600000,0.11425,0.11435,0.11361,0.11364,85745.7,9762.119117
1786435200000,0.11364,0.1146,0.11362,0.1144,233622.7,26643.632009
1786438800000,0.1144,0.11469,0.11395,0.1144,143162.9,16373.13761
1786442400000,0.1144,0.1147,0.11369,0.1138,236254.6,26960.481879
1786446000000,0.1138,0.11417,0.11364,0.11395,93711.6,10675.977461
1786449600000,0.11395,0.11421,0.11354,0.11379,217902.3,24825.726509
1786453200000,0.11379,0.11423,0.11364,0.11418,98065.8,11168.610088
1786456800000,0.11418,0.11487,0.11288,0.11336,650374.1,74108.697834
1786460400000,0.11336,0.11336,0.11116,0.1121,1155946.5,129874.858782
1786464000000,0.1121,0.11337,0.11158,0.11286,369789.1,41678.579731
1786467600000,0.11286,0.113,0.1123,0.11241,234219.0,26372.884497
1786471200000,0.11241,0.11299,0.11224,0.11265,90615.4,10205.139672
1786474800000,0.11265,0.11334,0.11251,0.1132,115329.2,13029.335178
1786478400000,0.1132,0.11358,0.11274,0.11284,109509.8,12405.198466
1786482000000,0.11284,0.11284,0.1121,0.11281,245283.6,27608.366157
1786485600000,0.11281,0.11304,0.11267,0.11293,83886.8,9470.922951
1786489200000,0.11293,0.11367,0.11279,0.11314,107801.7,12213.706467
1786492800000,0.11314,0.11367,0.11296,0.1136,197107.4,22333.522384
1786496400000,0.1136,0.11453,0.1136,0.11391,222612.1,25383.116556
1786500000000,0.11391,0.11437,0.11355,0.11412,233338.0,26574.489007
1786503600000,0.11412,0.11447,0.11351,0.11351,112337.7,12820.371079
1786507200000,0.11351,0.11446,0.11347,0.114,150889.7,17213.886505
1786510800000,0.114,0.1148,0.11392,0.11429,102727.9,11758.066633
1786514400000,0.11429,0.11432,0.11085,0.11101,2038890.7,228374.85972
1786518000000,0.11101,0.11216,0.11059,0.11206,747967.6,83173.676427
1786521600000,0.11206,0.11213,0.11092,0.11101,389803.5,43505.568137
1786525200000,0.11101,0.1115,0.11072,0.11096,336000.5,37325.645248
1786528800000,0.11096,0.11161,0.1109,0.11118,184497.5,20519.001286
1786532400000,0.11118,0.11153,0.11074,0.11096,112493.7,12496.757839
1786536000000,0.11096,0.1117,0.11064,0.11087,802027.3,89139.114793
1786539600000,0.11087,0.11158,0.1107,0.11147,262331.8,29125.993705
1786543200000,0.11147,0.1116,0.10983,0.10983,732505.4,80907.335693
1786546800000,0.10983,0.11051,0.10918,0.10947,464811.6,50974.541452
1786550400000,0.10947,0.11015,0.10893,0.10924,452040.3,49428.78542
1786554000000,0.10924,0.10977,0.10831,0.10863,857109.0,93402.047917
1786557600000,0.10863,0.10909,0.10819,0.10848,545144.6,59125.313626
1786561200000,0.10848,0.10911,0.10821,0.10886,505396.7,54895.963808
1786564800000,0.10886,0.10995,0.10843,0.10995,557251.5,60878.027331
1786568400000,0.10995,0.11047,0.10875,0.10891,507156.2,55801.231597
1786572000000,0.10891,0.10947,0.10827,0.10937,197689.6,21549.470962
1786575600000,0.10937,0.11049,0.10937,0.1104,205270.9,22566.423741
1786579200000,0.1104,0.11135,0.11003,0.11083,359053.5,39778.207918
1786582800000,0.11083,0.11122,0.10994,0.11122,182333.7,20160.237184
1786586400000,0.11122,0.11136,0.11062,0.1111,206185.0,22882.549052
1786590000000,0.1111,0.11156,0.11101,0.11132,227214.3,25285.04977
1786593600000,0.11132,0.11139,0.11091,0.11134,228206.7,25358.070664
1786597200000,0.11134,0.11169,0.11114,0.11141,148938.0,16593.334637
1786600800000,0.11141,0.11181,0.11036,0.11058,390868.1,43414.44232
1786604400000,0.11058,0.11119,0.11032,0.11114,185969.0,20598.919958
1786608000000,0.11114,0.11152,0.11086,0.11144,108052.6,12016.013701
1786611600000,0.11144,0.11166,0.11072,0.11153,225717.6,25073.785421
1786615200000,0.11153,0.11155,0.11077,0.11085,132120.1,14667.313763
1786618800000,0.11085,0.11106,0.1105,0.1105,307961.9,34112.21667
1786622400000,0.1105,0.11069,0.11021,0.11026,219118.7,24210.478181
1786626000000,0.11026,0.11047,0.10969,0.11022,498600.8,54818.311117
1786629600000,0.11022,0.11049,0.10995,0.11029,91845.4,10126.334282
1786633200000,0.11029,0.11039,0.10933,0.10943,207632.2,22803.736339
1786636800000,0.10943,0.10945,0.10826,0.10856,822125.3,89490.420867
1786640400000,0.10856,0.10925,0.10853,0.10905,55684.9,6066.280338
1786644000000,0.10905,0.10929,0.10867,0.10918,242831.6,26457.833416
1786647600000,0.10918,0.11024,0.10913,0.10995,315586.0,34693.027614
1786651200000,0.10995,0.11041,0.1094,0.1097,347837.8,38190.127205
1786654800000,0.1097,0.1106,0.1096,0.11011,95934.2,10580.087662
1786658400000,0.11011,0.1102,0.10973,0.10977,104901.3,11532.867215
1786662000000,0.10977,0.11004,0.10962,0.11,27839.0,3057.369773
1786665600000,0.11,0.11042,0.10948,0.10959,221242.7,24336.65547
1786669200000,0.10959,0.11071,0.10915,0.11018,241517.0,26522.015755
1786672800000,0.11018,0.11038,0.10971,0.10973,176538.1,19399.619013
1786676400000,0.10973,0.11022,0.10933,0.10938,99405.5,10917.921468
1786680000000,0.10938,0.11013,0.10936,0.10945,103049.9,11310.852585
1786683600000,0.10945,0.10981,0.10919,0.10956,80908.7,8861.474366
1786687200000,0.10956,0.11052,0.10938,0.1098,463517.5,50939.081575
1786690800000,0.1098,0.10993,0.10938,0.1098,231651.7,25378.029387
1786694400000,0.1098,0.11017,0.10956,0.10986,604414.8,66382.689903
1786698000000,0.10986,0.10988,0.1087,0.10887,544773.9,59458.175113
1786701600000,0.10887,0.11004,0.10877,0.10947,398431.8,43671.679375
1786705200000,0.10947,0.10992,0.10947,0.10951,224303.5,24590.986305
1786708800000,0.10951,0.10968,0.1092,0.10952,154430.0,16894.248079
1786712400000,0.10952,0.11019,0.10918,0.10984,317542.0,34855.562529
1786716000000,0.10984,0.10994,0.10897,0.10927,109897.7,12025.639651
1786719600000,0.10927,0.11021,0.10915,0.10982,164840.9,18100.535209
1786723200000,0.10982,0.11018,0.10965,0.10977,255476.6,28067.937197
1786726800000,0.10977,0.10986,0.10937,0.10962,150352.9,16493.220649
1786730400000,0.10962,0.10965,0.10916,0.10936,42621.0,4662.240639
1786734000000,0.10936,0.1095,0.1091,0.10939,137210.3,14997.687105
1786737600000,0.10939,0.10957,0.10919,0.10944,168297.4,18415.241253
1786741200000,0.10944,0.10945,0.10905,0.10909,99907.6,10901.758828
1786744800000,0.10909,0.10922,0.10884,0.10896,90599.4,9871.176131
1786748400000,0.10896,0.11003,0.10888,0.11003,220990.4,24169.251609
1786752000000,0.11003,0.11018,0.10979,0.10996,108820.8,11970.74858
1786755600000,0.10996,0.11002,0.10956,0.10974,131508.6,14434.27689
1786759200000,0.10974,0.11063,0.10971,0.11054,377707.5,41603.647099
1786762800000,0.11054,0.11136,0.11031,0.11077,512708.9,56810.914055
1786766400000,0.11077,0.11115,0.11065,0.11096,314050.2,34821.21635
1786770000000,0.11096,0.11125,0.11079,0.11107,118916.8,13200.605736
1786773600000,0.11107,0.11148,0.11076,0.11078,219104.4,24314.629463
1786777200000,0.11078,0.11084,0.11037,0.11052,159123.9,17608.897412
1786780800000,0.11052,0.11061,0.11027,0.11047,61088.6,6745.813019
1786784400000,0.11047,0.11133,0.11035,0.11113,345930.6,38379.057092
1786788000000,0.11113,0.11139,0.11092,0.11135,115767.1,12863.184666
1786791600000,0.11135,0.11137,0.11093,0.1111,90710.4,10083.55423
1786795200000,0.1111,0.11125,0.11082,0.11112,140259.4,15565.10307
1786798800000,0.11112,0.11127,0.111,0.11117,78157.9,8690.086581
1786802400000,0.11117,0.11123,0.11078,0.11102,57887.2,6422.388031
1786806000000,0.11102,0.1115,0.11084,0.11148,121276.0,13484.915116
1786809600000,0.11148,0.11157,0.11083,0.11117,275722.4,30635.096872
1786813200000,0.11117,0.11206,0.11111,0.11146,394818.2,44022.90601
1786816800000,0.11146,0.11147,0.11081,0.11102,472747.4,52462.205654
1786820400000,0.11102,0.11111,0.11092,0.11098,34423.1,3821.190675
1786824000000,0.11098,0.11102,0.11077,0.11093,169964.2,18839.477898
1786827600000,0.11093,0.11107,0.11083,0.11099,11622.7,1289.905397
1786831200000,0.11099,0.11099,0.11067,0.11067,126108.9,13975.498871
1786834800000,0.11067,0.11067,0.11,0.11001,331570.6,36593.955371
1786838400000,0.11001,0.1102,0.10982,0.10988,276051.4,30366.681017
1786842000000,0.10988,0.10995,0.109,0.10911,311528.3,34082.913441
1786845600000,0.10911,0.10943,0.10903,0.10919,96657.2,10552.981527
1786849200000,0.10919,0.10935,0.10897,0.10916,83426.9,9112.292497
1786852800000,0.10916,0.1093,0.10901,0.10914,86063.8,9395.560316
1786856400000,0.10914,0.10916,0.10839,0.1085,458865.6,49879.868858
1786860000000,0.1085,0.10852,0.107,0.10735,963296.0,103630.943575
1786863600000,0.10735,0.10786,0.10704,0.1076,183172.2,19682.238306
1786867200000,0.1076,0.10771,0.10736,0.10736,283730.7,30522.324669
1786870800000,0.10736,0.1076,0.10715,0.10747,185103.4,19884.081646
1786874400000,0.10747,0.10747,0.10701,0.10729,156856.2,16816.636226
1786878000000,0.10729,0.10793,0.10723,0.10779,274503.6,29590.244518
1786881600000,0.10779,0.10787,0.10726,0.10787,127988.8,13760.831707
1786885200000,0.10787,0.10804,0.10764,0.10793,136548.8,14723.02051
1786888800000,0.10793,0.10793,0.10745,0.10747,381241.3,41022.876747
1786892400000,0.10747,0.1084,0.10737,0.10814,388725.5,42008.501338
1786896000000,0.10814,0.1084,0.10803,0.10825,262725.9,28449.685324
1786899600000,0.10825,0.10825,0.10742,0.10745,178326.7,19186.124957
1786903200000,0.10745,0.10749,0.1072,0.1073,231664.6,24873.620214
1786906800000,0.1073,0.10764,0.10721,0.10735,171768.4,18444.895313
1786910400000,0.10735,0.10756,0.10528,0.10606,1537693.7,163299.551844
1786914000000,0.10606,0.10606,0.0957,0.09575,8216429.4,817248.711086
1786917600000,0.09575,0.09895,0.09536,0.09831,4027002.6,391339.836354
1786921200000,0.09831,0.10072,0.09821,0.1006,1967938.9,195028.899058
1786924800000,0.1006,0.10097,0.09969,0.10019,939390.6,94332.387533
1786928400000,0.10019,0.10272,0.10003,0.10147,964507.0,98199.901421
1786932000000,0.10147,0.1015,0.10051,0.10106,668621.3,67521.090563
1786935600000,0.10106,0.10131,0.10016,0.10093,485592.3,48867.147275
1786939200000,0.10093,0.1015,0.1002,0.10038,571242.6,57682.916148
1786942800000,0.10038,0.10044,0.09931,0.09964,608840.3,60750.243357
1786946400000,0.09964,0.10203,0.09935,0.10091,1317460.8,132528.801286
1786950000000,0.10091,0.10106,0.09989,0.10015,321646.1,32303.267082
1786953600000,0.10015,0.10062,0.09978,0.09994,479205.8,48011.9506
1786957200000,0.09994,0.10042,0.09994,0.10008,229582.5,22997.352901
1786960800000,0.10008,0.10124,0.10008,0.10101,839440.4,84616.359211
1786964400000,0.10101,0.10192,0.10092,0.10102,483457.6,49010.069206
1786968000000,0.10102,0.10235,0.10085,0.10114,391431.4,39720.690046
1786971600000,0.10114,0.10162,0.10081,0.10088,228614.7,23127.341754
1786975200000,0.10088,0.10098,0.09986,0.10076,472912.9,47440.719953
1786978800000,0.10076,0.10077,0.09994,0.10056,675891.1,67787.067728
1786982400000,0.10056,0.10158,0.10024,0.10095,474311.9,47833.415315
1786986000000,0.10095,0.10141,0.10067,0.10109,193077.9,19520.776508
1786989600000,0.10109,0.10174,0.10102,0.10149,355514.1,36076.440748
1786993200000,0.10149,0.10156,0.10077,0.10079,279319.5,28252.427544
1786996800000,0.10079,0.1008,0.10011,0.10026,542631.3,54516.037265
1787000400000,0.10026,0.1009,0.10014,0.10074,142012.2,14273.389118
1787004000000,0.10074,0.101,0.09974,0.09989,294673.1,29506.859119
1787007600000,0.09989,0.10052,0.09971,0.10008,178054.9,17832.343974
1787011200000,0.10008,0.10064,0.09952,0.10049,314235.4,31430.355413
1787014800000,0.10049,0.1009,0.09952,0.09985,227744.7,22834.610591
1787018400000,0.09985,0.1007,0.09937,0.09975,379024.2,37951.783889
1787022000000,0.09975,0.10116,0.0995,0.09998,457795.4,45953.654793
1787025600000,0.09998,0.10149,0.09975,0.10141,275341.8,27805.249291
1787029200000,0.10141,0.10166,0.10022,0.10064,325460.5,32829.135803
1787032800000,0.10064,0.10138,0.10025,0.10054,278604.5,28083.694715
1787036400000,0.10054,0.10259,0.10047,0.10158,1788265.5,181863.886684
1787040000000,0.10158,0.10347,0.1013,0.10292,1278548.5,131353.164518
1787043600000,0.10292,0.10408,0.10288,0.10363,818712.2,84794.970681
1787047200000,0.10363,0.10409,0.10251,0.10346,803532.5,83016.68319
1787050800000,0.10346,0.10372,0.10249,0.10255,281452.1,28995.86422
1787054400000,0.10255,0.10255,0.10192,0.10204,894340.7,91501.56106
1787058000000,0.10204,0.10234,0.10158,0.10186,316827.6,32287.994479
1787061600000,0.10186,0.10221,0.10161,0.10184,382744.4,39007.841023
1787065200000,0.10184,0.10273,0.10179,0.10242,354709.6,36291.171531
1787068800000,0.10242,0.10325,0.10236,0.10262,304760.7,31333.6136
1787072400000,0.10262,0.10332,0.10257,0.10286,177510.7,18289.751972
1787076000000,0.10286,0.10296,0.1022,0.10237,127064.6,13015.88919
1787079600000,0.10237,0.10322,0.10229,0.1029,147453.3,15164.155043
1787083200000,0.1029,0.10341,0.1024,0.10241,248451.7,25549.623544
1787086800000,0.10241,0.10308,0.10241,0.10264,149277.3,15343.064374
1787090400000,0.10264,0.1029,0.10252,0.10278,112163.6,11520.142092
1787094000000,0.10278,0.10306,0.10152,0.10212,331148.9,33860.886178
1787097600000,0.10212,0.1024,0.10182,0.102,299082.3,30546.921836
1787101200000,0.102,0.10265,0.10168,0.10182,448634.3,45768.579403
1787104800000,0.10182,0.10197,0.10123,0.10148,301676.4,30657.450288
1787108400000,0.10148,0.10323,0.10146,0.10298,245540.1,25134.063777
1787112000000,0.10298,0.10339,0.10249,0.10259,251131.7,25839.721265
1787115600000,0.10259,0.10284,0.10219,0.10237,310824.3,31847.284576
1787119200000,0.10237,0.10247,0.10178,0.10212,396342.3,40483.216256
1787122800000,0.10212,0.10238,0.10152,0.10181,170334.3,17371.050476
1787126400000,0.10181,0.10266,0.10177,0.10189,298759.5,30533.273898
1787130000000,0.10189,0.10211,0.10139,0.10146,296535.0,30142.048906
1787133600000,0.10146,0.102,0.10121,0.10181,258365.1,26244.289009
1787137200000,0.10181,0.10223,0.10165,0.10182,215637.4,21983.841646
1787140800000,0.10182,0.10216,0.10144,0.10195,227781.3,23210.994583
1787144400000,0.10195,0.10218,0.10174,0.10191,163736.0,16700.646593
1787148000000,0.10191,0.10315,0.1015,0.10287,457521.6,46795.801183
1787151600000,0.10287,0.10685,0.1028,0.10422,4010080.9,421494.11177
1787155200000,0.10422,0.10564,0.10422,0.10494,491500.4,51628.867701
1787158800000,0.10494,0.10497,0.10397,0.1043,662450.0,69239.054209
1787162400000,0.1043,0.10466,0.10394,0.10464,286701.8,29892.164349
1787166000000,0.10464,0.10811,0.10464,0.10738,1505656.3,160755.045295
1787169600000,0.10738,0.1088,0.10725,0.10848,1066484.3,115329.423002
1787173200000,0.10848,0.11043,0.1084,0.10923,896362.2,98281.491094
1787176800000,0.10923,0.10928,0.10731,0.10778,883191.4,95369.331701
1787180400000,0.10778,0.10835,0.10752,0.10835,348960.8,37686.707652
1787184000000,0.10835,0.10983,0.10806,0.10875,389166.7,42420.923449
1787187600000,0.10875,0.11126,0.10846,0.11117,1156297.2,127396.38311
1787191200000,0.11117,0.11291,0.11049,0.11171,1130005.7,126488.566913
1787194800000,0.11171,0.11248,0.11099,0.11148,436569.2,48690.264074
1787198400000,0.11148,0.11325,0.11138,0.11198,1080614.8,121582.29674
1787202000000,0.11198,0.11215,0.11026,0.11048,566638.9,62919.48491
1787205600000,0.11048,0.11135,0.11026,0.11109,426532.1,47336.171649
1787209200000,0.11109,0.11111,0.10986,0.11002,303330.1,33451.189975
1787212800000,0.11002,0.11246,0.10997,0.11216,1887080.8,210451.77434
1787216400000,0.11216,0.11221,0.11119,0.11173,527160.3,58856.3086
1787220000000,0.11173,0.11292,0.11157,0.11272,1342449.1,150794.161863
1787223600000,0.11272,0.11298,0.11178,0.11204,514739.1,57850.800768
1787227200000,0.11204,0.1123,0.11098,0.1118,611090.9,68237.123027
1787230800000,0.1118,0.11217,0.11039,0.11149,624970.1,69560.266159
1787234400000,0.11149,0.11223,0.11115,0.11223,545856.0,61077.999427
1787238000000,0.11223,0.1139,0.11222,0.1132,724575.7,82070.359114
1787241600000,0.1132,0.11432,0.11223,0.11396,651024.3,73624.116563
1787245200000,0.11396,0.11448,0.11292,0.11292,1086639.6,123718.872363
1787248800000,0.11292,0.11325,0.11169,0.11239,880911.9,99001.882327
1787252400000,0.11239,0.11341,0.11224,0.11272,247751.3,27978.756595
1787256000000,0.11272,0.11383,0.11226,0.11353,388856.1,44020.662574
1787259600000,0.11353,0.11401,0.11345,0.1139,245898.3,27973.147784
1787263200000,0.1139,0.11419,0.11366,0.11402,132395.6,15080.329589
1787266800000,0.11402,0.11683,0.11377,0.1143,1197511.1,137618.267775
1787270400000,0.1143,0.11446,0.11359,0.11371,280009.2,31931.840109
1787274000000,0.11371,0.11437,0.11291,0.11401,864379.2,98056.704236
1787277600000,0.11401,0.11448,0.11355,0.11422,285334.6,32511.292021
1787281200000,0.11422,0.11532,0.11411,0.1149,341542.1,39197.723693
1787284800000,0.1149,0.11545,0.11427,0.11493,452437.6,51925.266046
1787288400000,0.11493,0.11685,0.11463,0.11663,674970.0,78140.713242
1787292000000,0.11663,0.11781,0.11613,0.11758,320353.7,37398.135678
1787295600000,0.11758,0.11994,0.11743,0.11977,794070.3,94296.243439
1787299200000,0.11977,0.12291,0.11852,0.12203,1498923.2,181180.511297
1787302800000,0.12203,0.12245,0.11853,0.12159,2460734.7,296391.12255
1787306400000,0.12159,0.12385,0.11521,0.11736,5511897.7,651930.916422
1787310000000,0.11736,0.12002,0.11708,0.11793,1932185.9,228445.840233
1787313600000,0.11793,0.12008,0.11758,0.11976,807533.4,96466.932146
1787317200000,0.11976,0.12064,0.11807,0.12031,936252.8,112034.287504
1787320800000,0.12031,0.12167,0.11955,0.12167,1167331.5,141022.457132
1787324400000,0.12167,0.12186,0.12024,0.12123,529624.0,64129.40248
1787328000000,0.12123,0.12278,0.1211,0.12177,512827.6,62579.676609
1787331600000,0.12177,0.12253,0.12017,0.12049,708331.0,85922.446027
1787335200000,0.12049,0.12154,0.11966,0.12095,524318.1,63230.238617
1787338800000,0.12095,0.12095,0.11883,0.11943,536416.0,64111.258277
1787342400000,0.11943,0.12271,0.11888,0.12251,495396.8,59807.877722
1787346000000,0.12251,0.12345,0.12191,0.12222,495018.6,60715.263079
1787349600000,0.12222,0.1237,0.12222,0.12362,856698.3,105524.723704
1787353200000,0.12362,0.1237,0.12242,0.12291,508756.9,62592.057646
1787356800000,0.12291,0.12428,0.12199,0.12428,687466.4,84635.485306
1787360400000,0.12428,0.12443,0.12272,0.123,345671.8,42757.458017
1787364000000,0.123,0.12792,0.123,0.12755,1036599.5,130659.137134
1787367600000,0.12755,0.12923,0.1271,0.12839,801121.8,102599.799512
1787371200000,0.12839,0.13393,0.12839,0.13358,1590700.5,208751.716083
1787374800000,0.13358,0.13416,0.1142,0.12585,6599520.4,800650.57743
1787378400000,0.12585,0.12658,0.12401,0.12636,829717.7,103711.713305
1787382000000,0.12636,0.12764,0.12482,0.12525,343890.0,43321.213982
1787385600000,0.12525,0.12724,0.12369,0.12531,560968.5,70462.152065
1787389200000,0.12531,0.127,0.12426,0.12565,379011.6,47741.781467
1787392800000,0.12565,0.12565,0.12133,0.12315,525542.4,64621.517828
1787396400000,0.12315,0.12341,0.12202,0.12301,212148.6,26078.434494
1787400000000,0.12301,0.12445,0.12235,0.12244,254774.9,31521.691157
1787403600000,0.12244,0.12365,0.12065,0.12131,3121734.9,379449.396396
1787407200000,0.12131,0.12158,0.11954,0.11992,1110034.6,133671.265378
1787410800000,0.11992,0.12096,0.11927,0.12018,665400.7,79886.00637
1787414400000,0.12018,0.12189,0.12005,0.12122,600285.8,72649.884982
1787418000000,0.12122,0.12151,0.11985,0.12088,373942.1,45181.035504
1787421600000,0.12088,0.12101,0.11933,0.11999,485428.4,58330.654305
1787425200000,0.11999,0.1202,0.1191,0.11916,348740.4,41808.463365
1787428800000,0.11916,0.12123,0.11908,0.12079,1560850.0,187732.180175
1787432400000,0.12079,0.12084,0.11723,0.11733,885171.9,105075.803807
1787436000000,0.11733,0.11906,0.11699,0.11842,434038.3,51059.522722
1787439600000,0.11842,0.11902,0.11764,0.11818,364191.1,43054.784304
1787443200000,0.11818,0.11994,0.11817,0.11951,394828.6,46998.791571
1787446800000,0.11951,0.11987,0.11802,0.11933,460618.4,54727.125618
1787450400000,0.11933,0.1194,0.11631,0.11656,696541.0,81856.038777
1787454000000,0.11656,0.11663,0.11496,0.11528,853596.9,98714.90613
1787457600000,0.11528,0.11606,0.11423,0.11519,729463.2,84063.284107
1787461200000,0.11519,0.11678,0.11467,0.11593,396504.1,45979.328775
1787464800000,0.11593,0.11703,0.1153,0.11585,493653.3,57363.672252
1787468400000,0.11585,0.11718,0.1158,0.1171,193158.3,22527.87562
1787472000000,0.1171,0.1184,0.11677,0.11827,503701.4,59256.35191
1787475600000,0.11827,0.12161,0.11815,0.12132,1702275.1,204284.350837
1787479200000,0.12132,0.12289,0.12064,0.12196,1474953.9,179358.447837
1787482800000,0.12196,0.1243,0.12125,0.12258,1664773.1,204501.670921
1787486400000,0.12258,0.12486,0.12154,0.12404,1459294.8,179410.8122
1787490000000,0.12404,0.12482,0.12338,0.1244,678284.6,84244.59171
1787493600000,0.1244,0.12449,0.12122,0.12271,2147384.1,263097.019951
1787497200000,0.12271,0.12447,0.12197,0.1226,590335.7,72814.100987
1787500800000,0.1226,0.12366,0.12215,0.12297,250347.0,30748.47643
1787504400000,0.12297,0.12428,0.12256,0.1231,315907.7,38990.541961
1787508000000,0.1231,0.12404,0.12281,0.12345,377758.5,46617.514344
1787511600000,0.12345,0.12367,0.1228,0.12315,131169.4,16165.576928
1787515200000,0.12315,0.12335,0.1222,0.12304,171455.7,21045.331837
1787518800000,0.12304,0.12487,0.12293,0.12337,487855.6,60521.011771
1787522400000,0.12337,0.12465,0.12217,0.12404,467668.7,57852.32187
1787526000000,0.12404,0.12505,0.12274,0.12385,343227.2,42474.776332
1787529600000,0.12385,0.12418,0.12044,0.12227,550589.0,67210.795172
1787533200000,0.12227,0.12251,0.11833,0.11864,578205.6,69376.060527
1787536800000,0.11864,0.12024,0.1184,0.12006,270243.4,32334.281779
1787540400000,0.12006,0.12014,0.11806,0.11849,325423.5,38623.4001
1787544000000,0.11849,0.12028,0.11849,0.11923,317888.6,38018.336872
1787547600000,0.11923,0.12024,0.11877,0.11939,217211.3,25935.808956
1787551200000,0.11939,0.11973,0.11817,0.11862,224641.6,26717.16864
1787554800000,0.11862,0.1198,0.1184,0.11868,137524.7,16372.783886
1787558400000,0.11868,0.11964,0.11818,0.11919,933560.8,111057.835355
1787562000000,0.11919,0.11985,0.11854,0.11877,1814822.0,216088.961964
1787565600000,0.11877,0.11958,0.11822,0.11842,446006.4,53042.557303
1787569200000,0.11842,0.11944,0.117,0.11887,1093543.2,129266.364163
1787572800000,0.11887,0.11971,0.11661,0.11936,1485194.1,175946.758009
1787576400000,0.11936,0.1194,0.11671,0.11771,782836.6,92441.501138
1787580000000,0.11771,0.11984,0.1175,0.11936,775076.9,91863.24288
1787583600000,0.11936,0.12098,0.11858,0.11908,953408.0,114182.142963
1787587200000,0.11908,0.12058,0.1181,0.11861,1026661.2,122325.652504
1787590800000,0.11861,0.11862,0.11543,0.11684,839778.8,98045.689696
1787594400000,0.11684,0.11766,0.11635,0.11656,465140.6,54523.965231
1787598000000,0.11656,0.11718,0.11594,0.11659,252358.1,29369.946241
1787601600000,0.11659,0.117,0.11593,0.117,219812.0,25615.506241
1787605200000,0.117,0.11731,0.11684,0.11696,88909.4,10402.761678
1787608800000,0.11696,0.117,0.11551,0.11553,140715.5,16362.388141
1787612400000,0.11553,0.11606,0.1147,0.11602,320446.9,36947.096461
1787616000000,0.11602,0.1176,0.11558,0.1171,306289.3,35611.933015
1787619600000,0.1171,0.11754,0.11635,0.11699,269825.2,31585.284329
1787623200000,0.11699,0.11977,0.11679,0.11824,451899.9,53644.550927
1787626800000,0.11824,0.1203,0.11809,0.11867,831401.6,99330.44257
1787630400000,0.11867,0.12034,0.11829,0.11941,1500977.4,179529.334532
1787634000000,0.11941,0.12029,0.11924,0.11929,248194.4,29715.549739
1787637600000,0.11929,0.1193,0.11765,0.11795,399305.8,47301.092109
1787641200000,0.11795,0.11957,0.11569,0.11671,829363.4,97656.862919
1787644800000,0.11671,0.11784,0.1166,0.11684,613216.2,71904.261184
1787648400000,0.11684,0.11779,0.11614,0.11683,239389.2,28013.732424
1787652000000,0.11683,0.11709,0.11636,0.11668,141152.9,16466.734886
1787655600000,0.11668,0.11716,0.11625,0.11642,121937.2,14228.690928
1787659200000,0.11642,0.11724,0.11537,0.11683,440245.3,51163.183306
1787662800000,0.11683,0.11721,0.11506,0.11681,674400.9,78308.227155
1787666400000,0.11681,0.11816,0.11626,0.11675,394611.5,46200.061707
1787670000000,0.11675,0.11705,0.11556,0.11701,256048.7,29767.054145
1787673600000,0.11701,0.11757,0.11666,0.11731,260582.2,30550.569413
1787677200000,0.11731,0.11731,0.11605,0.11675,201804.0,23521.878878
1787680800000,0.11675,0.11774,0.11668,0.11774,65661.2,7700.630178
1787684400000,0.11774,0.11822,0.11631,0.11642,156370.0,18313.160849
1787688000000,0.11642,0.11658,0.11417,0.11455,764254.7,87891.701821
1787691600000,0.11455,0.11579,0.11249,0.11548,1630037.8,185895.983343
1787695200000,0.11548,0.11644,0.11536,0.11614,373928.7,43407.574397
1787698800000,0.11614,0.11686,0.11532,0.11569,381357.9,44202.981851
1787702400000,0.11569,0.11705,0.11539,0.11681,307456.3,35766.819273
1787706000000,0.11681,0.11774,0.11627,0.11627,282365.3,33045.103021
1787709600000,0.11627,0.11816,0.11613,0.11746,148053.8,17383.701068
1787713200000,0.11746,0.11819,0.11622,0.11647,181901.0,21275.984819
1787716800000,0.11647,0.11687,0.11595,0.11626,202232.6,23560.903595
1787720400000,0.11626,0.11688,0.11548,0.11673,217773.0,25243.89942
1787724000000,0.11673,0.11794,0.11633,0.11766,285444.4,33480.140683
1787727600000,0.11766,0.11822,0.11688,0.11739,374231.5,43906.675328
1787731200000,0.11739,0.1197,0.11704,0.11945,646042.5,76693.182563
1787734800000,0.11945,0.12123,0.1188,0.11916,1192429.9,142843.956129
1787738400000,0.11916,0.1222,0.11879,0.12114,993707.9,119786.250152
1787742000000,0.12114,0.12186,0.11913,0.11926,1692588.2,204133.276847
1787745600000,0.11926,0.12209,0.11912,0.12058,2428118.2,292795.950829
1787749200000,0.12058,0.12073,0.11708,0.11786,2104008.7,248817.855467
1787752800000,0.11786,0.11847,0.11605,0.11623,1024699.7,120094.926643
1787756400000,0.11623,0.11744,0.11571,0.11699,507899.2,59129.316551
1787760000000,0.11699,0.1174,0.11603,0.11672,297346.4,34742.363573
1787763600000,0.11672,0.11906,0.11665,0.11722,1168865.9,137977.531714
1787767200000,0.11722,0.11812,0.117,0.11784,205611.7,24170.331402
1787770800000,0.11784,0.11789,0.11706,0.11716,320999.1,37720.267409
1787774400000,0.11716,0.11727,0.11582,0.11668,462871.4,53878.849721
1787778000000,0.11668,0.11806,0.11659,0.11791,319198.0,37507.538905
1787781600000,0.11791,0.11944,0.11791,0.11898,389488.0,46392.42549
1787785200000,0.11898,0.12005,0.11833,0.1198,657003.9,78376.21138
1787788800000,0.1198,0.12,0.11839,0.11839,207286.0,24696.738529
1787792400000,0.11839,0.11859,0.11756,0.11793,322067.2,37990.315305
1787796000000,0.11793,0.11841,0.11631,0.11661,221656.7,25973.237816
1787799600000,0.11661,0.1179,0.11629,0.11732,419924.2,49250.47169
1787803200000,0.11732,0.11773,0.11576,0.11644,345794.2,40327.489595
1787806800000,0.11644,0.11644,0.11563,0.11617,395570.1,45912.738831
1787810400000,0.11617,0.11673,0.11568,0.1167,265125.8,30813.528553
1787814000000,0.1167,0.11681,0.11606,0.11672,197007.7,22956.838767
1787817600000,0.11672,0.11839,0.11638,0.11816,610322.5,71766.147406
1787821200000,0.11816,0.11884,0.11697,0.11719,379386.9,44745.811661
1787824800000,0.11719,0.11821,0.11601,0.11679,742831.7,86802.976936
1787828400000,0.11679,0.11735,0.1159,0.11657,864782.8,100997.136468
1787832000000,0.11657,0.11721,0.11627,0.1165,248799.3,29084.193629
1787835600000,0.1165,0.11746,0.11604,0.1172,315083.6,36821.014704
1787839200000,0.1172,0.11838,0.11694,0.11729,502321.8,59188.454902
1787842800000,0.11729,0.11825,0.11721,0.11825,537498.6,63387.28268
1787846400000,0.11825,0.11882,0.11765,0.11818,303336.2,35904.747842
1787850000000,0.11818,0.11878,0.11759,0.11792,972081.7,114882.601776
1787853600000,0.11792,0.11817,0.11687,0.1177,239409.8,28092.175457
1787857200000,0.1177,0.11773,0.117,0.11719,143022.0,16764.722329
1787860800000,0.11719,0.11729,0.11613,0.11688,655615.7,76473.234302
1787864400000,0.11688,0.11747,0.11672,0.117,168455.2,19717.924007
1787868000000,0.117,0.11779,0.117,0.11714,87762.0,10294.33113
1787871600000,0.11714,0.11734,0.11642,0.1165,128568.1,15018.572268
1787875200000,0.1165,0.1174,0.11617,0.11688,134398.7,15717.883679
1787878800000,0.11688,0.11829,0.11637,0.11645,228008.1,26770.050994
1787882400000,0.11645,0.1166,0.11379,0.11424,1049181.1,120783.504367
1787886000000,0.11424,0.11485,0.11327,0.11407,342934.1,39135.601683
1787889600000,0.11407,0.11473,0.11332,0.11439,417547.6,47627.292271
1787893200000,0.11439,0.11439,0.11343,0.11401,197884.4,22536.557889
1787896800000,0.11401,0.11495,0.11392,0.11438,151523.3,17312.823922
1787900400000,0.11438,0.11441,0.11355,0.11381,199937.4,22754.62961
1787904000000,0.11381,0.11443,0.11311,0.11353,407472.1,46389.120967
1787907600000,0.11353,0.11489,0.11322,0.11468,302366.2,34404.585064
1787911200000,0.11468,0.11559,0.11369,0.11515,1448590.4,166010.131246
1787914800000,0.11515,0.11558,0.11481,0.11484,372579.9,42882.766527
1787918400000,0.11484,0.11492,0.11389,0.11421,379089.5,43420.444807
1787922000000,0.11421,0.11455,0.11155,0.1123,1885654.5,212332.193485
1787925600000,0.1123,0.1132,0.11039,0.11279,1470329.6,163949.289533
1787929200000,0.11279,0.11328,0.1104,0.11047,660327.1,73581.060123
1787932800000,0.11047,0.1105,0.10729,0.10949,2178362.7,237530.070724
1787936400000,0.10949,0.10995,0.10923,0.10948,244870.2,26862.225265
1787940000000,0.10948,0.10955,0.1082,0.109,675017.0,73520.467712
1787943600000,0.109,0.11001,0.109,0.10954,197310.6,21614.261981
1787947200000,0.10954,0.1101,0.10949,0.10968,302131.7,33179.701946
1787950800000,0.10968,0.10998,0.10892,0.10892,156933.5,17196.63623
1787954400000,0.10892,0.11014,0.10892,0.10994,96913.5,10637.818192
1787958000000,0.10994,0.11035,0.10977,0.11015,96838.6,10660.062718
1787961600000,0.11015,0.11062,0.10983,0.11013,229950.7,25364.354007
1787965200000,0.11013,0.11053,0.10998,0.11053,114256.6,12590.374197
1787968800000,0.11053,0.11053,0.10979,0.1101,131066.3,14428.078301
1787972400000,0.1101,0.11013,0.10944,0.10944,123679.2,13576.608034
1787976000000,0.10944,0.11035,0.10944,0.11016,177507.4,19529.719502
1787979600000,0.11016,0.11099,0.11015,0.11076,315478.5,34909.547857
1787983200000,0.11076,0.11083,0.10936,0.10999,295406.2,32470.659301
1787986800000,0.10999,0.11013,0.10977,0.10981,116553.0,12805.497376
1787990400000,0.10981,0.10999,0.10937,0.10966,191746.7,21026.278963
1787994000000,0.10966,0.10992,0.10949,0.10965,67839.8,7445.978698
1787997600000,0.10965,0.10969,0.10858,0.10884,696752.1,75924.212794
1788001200000,0.10884,0.10918,0.10805,0.10847,629211.0,68210.414256
1788004800000,0.10847,0.10928,0.10844,0.10921,186836.1,20323.896093
1788008400000,0.10921,0.10973,0.10876,0.10962,114660.0,12526.231392
1788012000000,0.10962,0.11033,0.10947,0.11002,144505.1,15890.363116
1788015600000,0.11002,0.11028,0.10956,0.11011,153227.3,16855.471493
1788019200000,0.11011,0.11024,0.10912,0.10918,102569.9,11250.943582
1788022800000,0.10918,0.10939,0.10854,0.10865,129731.4,14123.285993
1788026400000,0.10865,0.10925,0.10848,0.10906,235189.3,25603.290518
1788030000000,0.10906,0.10937,0.10858,0.10862,93422.3,10179.955731
1788033600000,0.10862,0.10901,0.1085,0.10862,40034.4,4353.990108
1788037200000,0.10862,0.10882,0.10841,0.10857,42428.7,4609.274132
1788040800000,0.10857,0.10888,0.10838,0.10881,51858.1,5626.731255
1788044400000,0.10881,0.10895,0.10843,0.10873,41968.6,4562.010467
1788048000000,0.10873,0.10915,0.1085,0.10857,244671.9,26605.086541
1788051600000,0.10857,0.1088,0.10755,0.1077,283538.2,30616.689926
1788055200000,0.1077,0.10952,0.1077,0.10884,398925.1,43451.931171
1788058800000,0.10884,0.10971,0.10884,0.10923,256888.4,28071.286438
1788062400000,0.10923,0.10958,0.1086,0.10917,237837.6,25968.022893
1788066000000,0.10917,0.11023,0.10917,0.10989,94032.5,10315.23707
1788069600000,0.10989,0.11035,0.10955,0.10997,257322.8,28315.034475
1788073200000,0.10997,0.11002,0.10941,0.10973,64648.7,7092.433004
1788076800000,0.10973,0.11007,0.10956,0.10983,125247.7,13751.497219
1788080400000,0.10983,0.11066,0.1098,0.1106,198850.5,21901.8823
1788084000000,0.1106,0.113,0.1105,0.11254,837551.9,93592.381429
1788087600000,0.11254,0.11272,0.11176,0.11198,581025.7,65144.873673
1788091200000,0.11198,0.1124,0.11156,0.1119,321523.1,35998.351982
1788094800000,0.1119,0.11385,0.11168,0.11262,653073.9,73721.76671
1788098400000,0.11262,0.11303,0.11156,0.1117,283970.9,31851.729016
1788102000000,0.1117,0.11173,0.11043,0.11077,366131.2,40627.177042
1788105600000,0.11077,0.11168,0.11064,0.11123,413482.3,45923.677201
1788109200000,0.11123,0.11136,0.11004,0.11016,362379.7,40049.944263
1788112800000,0.11016,0.11087,0.10935,0.11054,354688.4,39096.627715
1788116400000,0.11054,0.11086,0.10976,0.11018,316213.6,34884.284735
1788120000000,0.11018,0.11033,0.10863,0.10944,309619.3,33890.617695
1788123600000,0.10944,0.11031,0.10807,0.11012,577601.3,62941.22168
1788127200000,0.11012,0.11046,0.10899,0.10981,208381.1,22859.73483
1788130800000,0.10981,0.11002,0.10411,0.10595,3349219.2,356163.627465
1788134400000,0.10595,0.10781,0.1057,0.10741,685947.5,73420.479263
1788138000000,0.10741,0.10784,0.1068,0.10716,557154.7,59747.056663
1788141600000,0.10716,0.10781,0.10694,0.10743,271782.3,29204.626289
1788145200000,0.10743,0.10927,0.10721,0.10841,387287.5,41896.483862
1788148800000,0.10841,0.1085,0.1076,0.1084,116388.8,12579.582177
1788152400000,0.1084,0.1093,0.10825,0.10852,228720.0,24856.04424
1788156000000,0.10852,0.10878,0.1081,0.10847,136276.4,14765.074121
1788159600000,0.10847,0.10869,0.10822,0.10835,99283.6,10770.158971
1788163200000,0.10835,0.10837,0.10768,0.10771,108656.6,11729.237261
1788166800000,0.10771,0.10858,0.10771,0.10805,287276.7,31068.215984
1788170400000,0.10805,0.10863,0.10765,0.10839,256756.5,27774.288918
1788174000000,0.10839,0.10843,0.10757,0.10779,171056.7,18453.974677
1788177600000,0.10779,0.1081,0.1067,0.10716,280957.6,30149.099569
1788181200000,0.10716,0.108,0.10682,0.10711,113943.2,12235.035661
1788184800000,0.10711,0.10892,0.10702,0.10864,188275.3,20281.86031
1788188400000,0.10864,0.1088,0.1078,0.10806,104933.7,11352.18963
1788192000000,0.10806,0.10868,0.10746,0.10846,195436.0,21099.059094
1788195600000,0.10846,0.1088,0.10793,0.10858,159715.0,17292.706916
1788199200000,0.10858,0.10917,0.10834,0.10869,123373.2,13420.111723
1788202800000,0.10869,0.10883,0.10762,0.10802,261078.5,28202.894577
1788206400000,0.10802,0.10882,0.10802,0.10823,129948.6,14086.748396
1788210000000,0.10823,0.1086,0.10725,0.10842,317801.2,34192.703869
1788213600000,0.10842,0.10842,0.10682,0.10687,272262.1,29241.19502
1788217200000,0.10687,0.10788,0.10623,0.10714,459633.0,49175.133754
1788220800000,0.10714,0.10865,0.10706,0.1085,177829.7,19225.881043
1788224400000,0.1085,0.10904,0.10809,0.10872,247763.4,26900.130208
1788228000000,0.10872,0.10877,0.10766,0.10822,113724.8,12300.295245
1788231600000,0.10822,0.10923,0.10811,0.10872,228480.9,24885.152649
1788235200000,0.10872,0.1092,0.10858,0.10912,248772.5,27109.587835
1788238800000,0.10912,0.1103,0.10904,0.10985,411180.3,45033.109644
1788242400000,0.10985,0.11003,0.10926,0.10967,173950.2,19084.895386
1788246000000,0.10967,0.11014,0.10894,0.10938,213291.5,23334.238663
1788249600000,0.10938,0.10948,0.10753,0.1077,1094611.7,118460.476348
1788253200000,0.1077,0.10857,0.1074,0.10825,160374.0,17311.793771
1788256800000,0.10825,0.10988,0.10815,0.1096,581191.9,63483.007304
1788260400000,0.1096,0.11191,0.10909,0.11103,507282.5,56098.532039
1788264000000,0.11103,0.11113,0.10966,0.10973,345458.4,38219.227374
1788267600000,0.10973,0.11128,0.10872,0.11113,681544.8,75211.387674
1788271200000,0.11113,0.11288,0.11091,0.11235,791418.4,88576.769738
1788274800000,0.11235,0.11283,0.11172,0.11197,930469.2,104366.801283
1788278400000,0.11197,0.11216,0.11028,0.11084,731078.1,81316.459095
1788282000000,0.11084,0.1134,0.11024,0.11166,1049028.5,117597.595786
1788285600000,0.11166,0.11216,0.10954,0.11083,797927.5,88148.207634
1788289200000,0.11083,0.112,0.11062,0.1116,174189.1,19389.052886
1788292800000,0.1116,0.11249,0.11087,0.11138,436975.9,48817.688202
1788296400000,0.11138,0.11217,0.11056,0.11165,175191.6,19537.464859
1788300000000,0.11165,0.11235,0.11087,0.11111,110018.1,12250.545075
1788303600000,0.11111,0.11135,0.11065,0.11101,141228.8,15676.117438
1788307200000,0.11101,0.11223,0.11076,0.11076,539063.6,60117.937408
1788310800000,0.11076,0.11108,0.10881,0.10955,567604.0,62302.790298
1788314400000,0.10955,0.11118,0.10906,0.11108,352122.2,38818.687203
1788318000000,0.11108,0.11226,0.11095,0.11173,1078161.7,120395.480124
1788321600000,0.11173,0.11393,0.11154,0.11304,1114847.5,125657.830993
1788325200000,0.11304,0.11434,0.11251,0.1128,852381.3,96738.826604
1788328800000,0.1128,0.11293,0.11185,0.11233,443792.1,49878.358139
1788332400000,0.11233,0.11246,0.11154,0.11179,433065.9,48518.275168
1788336000000,0.11179,0.113,0.11125,0.11126,680571.2,76148.976594
1788339600000,0.11126,0.11213,0.11059,0.111,712863.9,79293.906421
1788343200000,0.111,0.11114,0.1097,0.11085,671897.3,74207.573063
1788346800000,0.11085,0.11086,0.1095,0.11013,316821.2,34834.686903
1788350400000,0.11013,0.11092,0.1094,0.10954,773345.1,85421.067048
1788354000000,0.10954,0.11103,0.10923,0.11044,438862.5,48220.605127
1788357600000,0.11044,0.11058,0.1093,0.10934,207398.9,22826.886746
1788361200000,0.10934,0.11022,0.10865,0.11002,428984.1,46853.992726
1788364800000,0.11002,0.11037,0.10926,0.10932,314938.6,34560.154948
1788368400000,0.10932,0.11004,0.10864,0.10999,646262.2,70621.758099
1788372000000,0.10999,0.1101,0.10944,0.10999,238008.6,26110.23941
1788375600000,0.10999,0.11107,0.10987,0.11075,422752.4,46742.075159
1788379200000,0.11075,0.11145,0.11055,0.11119,238320.0,26466.604071
1788382800000,0.11119,0.11135,0.11055,0.1107,383489.5,42588.873699
1788386400000,0.1107,0.11087,0.11022,0.11065,109281.8,12080.05191
1788390000000,0.11065,0.11142,0.11053,0.11137,102577.1,11385.523281
1788393600000,0.11137,0.11148,0.11047,0.11061,104729.8,11636.0942
1788397200000,0.11061,0.11162,0.10997,0.11084,287852.5,31879.288276
1788400800000,0.11084,0.11185,0.11063,0.11166,288301.5,32116.032454
1788404400000,0.11166,0.11168,0.11031,0.11048,217853.0,24140.765411
1788408000000,0.11048,0.11121,0.11014,0.11121,118247.7,13067.221339
1788411600000,0.11121,0.11127,0.10961,0.11116,445811.8,49147.952188
1788415200000,0.11116,0.11142,0.11087,0.11115,105376.6,11718.190392
1788418800000,0.11115,0.11209,0.11107,0.11151,245129.5,27374.943647
1788422400000,0.11151,0.11243,0.11127,0.11228,189657.2,21254.160188
1788426000000,0.11228,0.1123,0.1113,0.11146,194677.6,21758.28022
1788429600000,0.11146,0.11195,0.11121,0.11164,392339.4,43765.829946
1788433200000,0.11164,0.11226,0.11144,0.11161,389034.6,43507.563027
1788436800000,0.11161,0.11216,0.11131,0.11182,221528.1,24746.23226
1788440400000,0.11182,0.11182,0.11061,0.111,355785.3,39574.989004
1788444000000,0.111,0.11377,0.11075,0.1137,662656.9,74346.490921
1788447600000,0.1137,0.11555,0.11295,0.11544,1039672.1,118491.100274
1788451200000,0.11544,0.11558,0.11419,0.11506,527065.0,60435.792358
1788454800000,0.11506,0.11538,0.11468,0.11529,113543.5,13059.826134
1788458400000,0.11529,0.11613,0.11477,0.11613,345087.9,39796.159593
1788462000000,0.11613,0.11683,0.11501,0.1154,574934.1,66645.262415
1788465600000,0.1154,0.11577,0.11511,0.11569,86472.7,9979.693169
1788469200000,0.11569,0.11654,0.11568,0.11616,131589.2,15276.139154
1788472800000,0.11616,0.11616,0.11458,0.11504,521854.9,60057.342508
1788476400000,0.11504,0.11522,0.11481,0.11498,57374.6,6597.721797
1788480000000,0.11498,0.11536,0.1145,0.11457,245587.5,28199.095558
1788483600000,0.11457,0.11533,0.11452,0.11497,154766.6,17796.11961
1788487200000,0.11497,0.11511,0.11444,0.11498,146596.7,16825.683212
1788490800000,0.11498,0.11566,0.11498,0.11521,126219.6,14555.553558
1788494400000,0.11521,0.11524,0.11404,0.11412,173932.3,19956.832798
1788498000000,0.11412,0.11435,0.11248,0.11297,434255.5,49189.896876
1788501600000,0.11297,0.11326,0.11272,0.11314,189696.8,21447.787352
1788505200000,0.11314,0.11427,0.11311,0.11368,321597.4,36585.971841
1788508800000,0.11368,0.11447,0.11356,0.11431,201054.8,22904.002917
1788512400000,0.11431,0.11499,0.11365,0.11386,374260.1,42729.549102
1788516000000,0.11386,0.11442,0.11346,0.11398,301806.9,34392.928864
1788519600000,0.11398,0.11466,0.11377,0.11415,164668.4,18807.808634
1788523200000,0.11415,0.11435,0.1077,0.11109,6018631.9,665350.610911
1788526800000,0.11109,0.11264,0.11079,0.11211,469443.9,52429.547883
1788530400000,0.11211,0.11223,0.10995,0.11083,516636.6,57313.083869
1788534000000,0.11083,0.11163,0.11057,0.11145,288529.0,32123.739407
1788537600000,0.11145,0.11275,0.1113,0.1125,126826.4,14243.225506
1788541200000,0.1125,0.11258,0.11212,0.11226,225290.3,25313.717159
1788544800000,0.11226,0.11323,0.11226,0.11323,178077.4,20098.495673
1788548400000,0.11323,0.11388,0.11304,0.11376,240059.9,27237.262198
1788552000000,0.11376,0.11402,0.11269,0.11286,409309.5,46308.017077
1788555600000,0.11286,0.11292,0.11237,0.1126,142701.5,16078.761552
1788559200000,0.1126,0.11279,0.11253,0.1127,49308.4,5554.776342
1788562800000,0.1127,0.11353,0.11229,0.11347,172666.9,19523.67628
1788566400000,0.11347,0.1142,0.11344,0.114,96535.7,10983.519019
1788570000000,0.114,0.11759,0.11397,0.11733,690630.3,80120.376793
1788573600000,0.11733,0.11839,0.11592,0.11839,626866.9,73379.767486
1788577200000,0.11839,0.11875,0.11666,0.11684,640167.2,75300.219538
1788580800000,0.11684,0.11867,0.11684,0.11842,601523.7,70895.963048
1788584400000,0.11842,0.11921,0.11747,0.11864,341565.4,40456.941848
1788588000000,0.11864,0.11879,0.118,0.11834,328369.7,38882.515804
1788591600000,0.11834,0.11834,0.11698,0.11698,282956.4,33283.236127
1788595200000,0.11698,0.1173,0.11613,0.11682,304756.6,35564.148016
1788598800000,0.11682,0.11716,0.11623,0.11678,179761.8,20963.730537
1788602400000,0.11678,0.11692,0.11642,0.11671,74782.4,8728.48478
1788606000000,0.11671,0.11727,0.11666,0.11727,93115.0,10890.283016
1788609600000,0.11727,0.11787,0.11698,0.11714,161027.7,18910.953276
1788613200000,0.11714,0.11744,0.11616,0.11666,257316.7,30036.018485
1788616800000,0.11666,0.11699,0.11587,0.11619,302312.6,35211.39714
1788620400000,0.11619,0.11676,0.11582,0.11654,71440.9,8308.077499
1788624000000,0.11654,0.11709,0.116,0.11686,133504.3,15571.374418
1788627600000,0.11686,0.11736,0.11665,0.11719,110423.5,12920.098695
1788631200000,0.11719,0.11815,0.11667,0.11769,124003.8,14580.61371
1788634800000,0.11769,0.12035,0.11731,0.11952,775268.6,92523.118593
1788638400000,0.11952,0.12127,0.11936,0.12046,709101.0,85346.39012
1788642000000,0.12046,0.12131,0.11969,0.12131,282057.7,33926.138844
1788645600000,0.12131,0.12266,0.12122,0.12232,796717.7,97066.547435
1788649200000,0.12232,0.12264,0.12033,0.12121,351644.2,42579.72722
1788652800000,0.12121,0.12322,0.12092,0.12137,513740.4,62759.13168
1788656400000,0.12137,0.12476,0.12095,0.12341,1014742.8,125149.259465
1788660000000,0.12341,0.12416,0.12144,0.1219,573791.6,70616.401708
1788663600000,0.1219,0.1219,0.12068,0.12151,265665.8,32184.228441
1788667200000,0.12151,0.12151,0.11847,0.11919,1139069.2,135916.081351
1788670800000,0.11919,0.12088,0.11915,0.12066,265389.8,31840.493226
1788674400000,0.12066,0.12111,0.11987,0.12056,171704.2,20691.97252
1788678000000,0.12056,0.12203,0.11945,0.12173,376189.7,45520.880105
1788681600000,0.12173,0.12198,0.12056,0.12166,217314.9,26366.765297
1788685200000,0.12166,0.12241,0.12136,0.12227,201465.3,24556.085002
1788688800000,0.12227,0.12323,0.12164,0.12275,237067.7,29105.345472
1788692400000,0.12275,0.12419,0.12244,0.12343,317163.6,39112.98051
1788696000000,0.12343,0.12585,0.12263,0.12557,703804.3,87626.681127
1788699600000,0.12557,0.12594,0.12278,0.12354,618006.6,76579.302589
1788703200000,0.12354,0.12404,0.12102,0.12263,858052.9,105351.893309
1788706800000,0.12263,0.12399,0.122,0.12297,681588.4,83859.446219
1788710400000,0.12297,0.1238,0.12228,0.12299,269809.4,33170.916557
1788714000000,0.12299,0.12302,0.12162,0.12244,138229.3,16880.585046
1788717600000,0.12244,0.12252,0.12051,0.12186,273633.6,33169.114502
1788721200000,0.12186,0.12186,0.12117,0.12179,61216.2,7443.097347
1788724800000,0.12179,0.12271,0.12138,0.12213,217525.8,26575.348435
1788728400000,0.12213,0.12347,0.12187,0.12311,237023.0,29130.850912
1788732000000,0.12311,0.12311,0.12143,0.12187,409975.2,50051.358596
1788735600000,0.12187,0.12339,0.12183,0.1227,182005.7,22327.652373
1788739200000,0.1227,0.12484,0.1227,0.12308,908805.9,112582.287283
1788742800000,0.12308,0.12324,0.121,0.12164,323142.1,39404.493052
1788746400000,0.12164,0.12327,0.12079,0.12206,426845.9,51887.756448
1788750000000,0.12206,0.12254,0.12082,0.12082,92743.9,11285.823309
1788753600000,0.12082,0.12201,0.12075,0.12156,111294.5,13528.945488
1788757200000,0.12156,0.12226,0.12095,0.12111,399942.7,48726.816654
1788760800000,0.12111,0.12182,0.12067,0.121,165119.1,20041.552522
1788764400000,0.121,0.1217,0.11955,0.12035,345414.2,41655.868911
1788768000000,0.12035,0.12199,0.12035,0.12166,270094.5,32757.002247
1788771600000,0.12166,0.12308,0.12128,0.12193,412797.0,50357.465307
1788775200000,0.12193,0.12254,0.12174,0.12203,119556.5,14596.542702
1788778800000,0.12203,0.12224,0.12131,0.1217,122938.4,14956.418631
1788782400000,0.1217,0.12354,0.12167,0.12322,498539.9,61022.535059
1788786000000,0.12322,0.1248,0.12304,0.12432,389596.3,48283.418231
1788789600000,0.12432,0.12464,0.12269,0.12415,841078.1,103905.754622
1788793200000,0.12415,0.12438,0.12072,0.12109,807964.0,98707.541529
1788796800000,0.12109,0.12833,0.12109,0.12465,1880851.1,236570.937364
1788800400000,0.12465,0.12486,0.12242,0.12248,771873.7,95607.998125
1788804000000,0.12248,0.12365,0.12229,0.12325,800848.1,98550.612567
1788807600000,0.12325,0.12355,0.12275,0.12304,432841.8,53276.924482
1788811200000,0.12304,0.12346,0.12226,0.1229,240627.6,29553.785051
1788814800000,0.1229,0.12321,0.12217,0.12226,107872.8,13242.494117
1788818400000,0.12226,0.1223,0.1181,0.11926,1131562.6,135731.229796
1788822000000,0.11926,0.12172,0.11916,0.12165,326223.3,39351.260474
1788825600000,0.12165,0.12245,0.12135,0.1222,322166.7,39308.420172
1788829200000,0.1222,0.12297,0.12208,0.12286,191144.0,23432.810595
1788832800000,0.12286,0.12359,0.12162,0.12186,548399.3,67271.29135
1788836400000,0.12186,0.12293,0.12164,0.12229,229052.9,28047.685398
1788840000000,0.12229,0.12266,0.12194,0.12198,213160.6,26058.351037
1788843600000,0.12198,0.12279,0.12163,0.12198,287577.2,35186.607411
1788847200000,0.12198,0.12215,0.12049,0.1211,476366.8,57805.42985
1788850800000,0.1211,0.12219,0.12055,0.12118,688637.4,83587.617885
1788854400000,0.12118,0.1217,0.12039,0.12122,187822.4,22707.488506
1788858000000,0.12122,0.1229,0.12108,0.12231,671662.3,82132.195905
1788861600000,0.12231,0.12305,0.1219,0.12215,328405.0,40219.861539
1788865200000,0.12215,0.12225,0.12113,0.12213,353264.7,43008.212228
1788868800000,0.12213,0.1224,0.12104,0.12225,373182.5,45449.597222
1788872400000,0.12225,0.12259,0.1193,0.12072,753870.5,90809.535098
1788876000000,0.12072,0.12221,0.12055,0.12219,515891.7,62800.864638
1788879600000,0.12219,0.12464,0.122,0.12412,639922.2,79137.384415
1788883200000,0.12412,0.12427,0.12289,0.12333,260570.2,32169.791859
1788886800000,0.12333,0.12368,0.12164,0.12166,208062.2,25491.099347
1788890400000,0.12166,0.12258,0.12029,0.12072,270744.6,32827.925915
1788894000000,0.12072,0.12124,0.12041,0.12072,130460.5,15772.865575
1788897600000,0.12072,0.12166,0.12013,0.12039,189289.2,22831.269085
1788901200000,0.12039,0.12119,0.11983,0.11996,83268.3,10035.161951
1788904800000,0.11996,0.12081,0.11996,0.12081,104207.4,12548.843219
1788908400000,0.12081,0.1209,0.12022,0.12061,98653.0,11886.673865
1788912000000,0.12061,0.12185,0.1205,0.12096,195983.8,23773.418303
1788915600000,0.12096,0.12141,0.12028,0.12076,231164.5,27951.151688
1788919200000,0.12076,0.12093,0.11994,0.12036,345582.7,41629.793577
1788922800000,0.12036,0.12038,0.11905,0.11952,256514.7,30653.669153
1788926400000,0.11952,0.12154,0.11951,0.12101,273998.3,33145.688899
1788930000000,0.12101,0.12137,0.12049,0.12075,123311.4,14901.432078
1788933600000,0.12075,0.12174,0.12064,0.12136,173400.9,21031.249122
1788937200000,0.12136,0.12213,0.12126,0.12153,86734.3,10554.585645
1788940800000,0.12153,0.1223,0.12142,0.12196,304168.0,37106.928385
1788944400000,0.12196,0.12236,0.1205,0.1205,615725.7,75015.970479
1788948000000,0.1205,0.12124,0.12049,0.12097,157878.2,19090.704775
1788951600000,0.12097,0.12191,0.11991,0.12166,254962.9,30806.627897
1788955200000,0.12166,0.12194,0.1213,0.1213,229079.5,27872.782421
1788958800000,0.1213,0.12168,0.12011,0.1205,498584.9,60270.583764
1788962400000,0.1205,0.12084,0.11923,0.11957,588094.3,70547.280677
1788966000000,0.11957,0.12056,0.11687,0.11886,2067212.1,244616.43622
1788969600000,0.11886,0.12015,0.11761,0.11997,768154.1,91487.190067
1788973200000,0.11997,0.12068,0.11972,0.12026,197095.3,23690.430167
1788976800000,0.12026,0.12047,0.11965,0.12004,174128.9,20910.643902
1788980400000,0.12004,0.12013,0.11756,0.11762,569104.3,67447.571693
1788984000000,0.11762,0.11898,0.11731,0.1189,321101.9,37914.526831
1788987600000,0.1189,0.11895,0.11641,0.11742,1223350.3,143686.651858
1788991200000,0.11742,0.11757,0.11334,0.11505,1508067.1,172925.184615
1788994800000,0.11505,0.1167,0.11489,0.1167,172142.4,19943.16911
1788998400000,0.1167,0.11687,0.11518,0.11535,261461.8,30333.227231
1789002000000,0.11535,0.11614,0.114,0.11465,290342.0,33380.378966
1789005600000,0.11465,0.11591,0.11421,0.11582,339407.2,39002.071933
1789009200000,0.11582,0.11623,0.1154,0.11563,149040.0,17256.105342
1789012800000,0.11563,0.1159,0.11535,0.11563,73381.4,8486.115861
1789016400000,0.11563,0.11664,0.11529,0.11655,78743.6,9145.311482
1789020000000,0.11655,0.11667,0.11558,0.11651,133319.9,15454.971073
1789023600000,0.11651,0.11652,0.11473,0.11538,586549.5,67560.878803
1789027200000,0.11538,0.11588,0.11499,0.11559,141765.6,16368.697759
1789030800000,0.11559,0.11631,0.1152,0.11548,220825.8,25542.549333
1789034400000,0.11548,0.11657,0.11494,0.11559,983122.6,113748.918849
1789038000000,0.11559,0.11726,0.11517,0.11688,446182.0,52009.087656
1789041600000,0.11688,0.11733,0.1137,0.11507,813021.4,93972.052131
1789045200000,0.11507,0.11603,0.11483,0.11542,832920.8,96074.807038
1789048800000,0.11542,0.11627,0.11376,0.11506,1215762.2,139420.478477
1789052400000,0.11506,0.11543,0.11446,0.11482,295916.5,33983.991685
1789056000000,0.11482,0.11489,0.11055,0.11236,4200604.9,469840.185429
1789059600000,0.11236,0.11412,0.1123,0.11376,1036012.5,117354.157532
1789063200000,0.11376,0.11412,0.11252,0.11404,453212.2,51341.965526
1789066800000,0.11404,0.11409,0.1129,0.11332,390598.5,44288.998002
1789070400000,0.11332,0.11433,0.11306,0.11424,179716.0,20474.103054
1789074000000,0.11424,0.11488,0.11363,0.11368,341280.9,38959.707841
1789077600000,0.11368,0.11438,0.11319,0.11319,117953.6,13419.014782
1789081200000,0.11319,0.11337,0.11204,0.11224,276103.3,31054.096046
1789084800000,0.11224,0.11405,0.11224,0.11378,197224.0,22359.418458
1789088400000,0.11378,0.11448,0.11299,0.11355,205913.6,23407.641071
1789092000000,0.11355,0.11395,0.11305,0.11347,109710.4,12448.782817
1789095600000,0.11347,0.11443,0.11314,0.11435,261143.6,29696.029235
1789099200000,0.11435,0.11546,0.11431,0.11498,293419.6,33739.490285
1789102800000,0.11498,0.11516,0.1144,0.11463,243060.5,27892.020693
1789106400000,0.11463,0.11507,0.11423,0.11438,200312.0,22986.789207
1789110000000,0.11438,0.11539,0.11412,0.11441,194126.6,22270.836194
1789113600000,0.11441,0.11545,0.11413,0.11469,409068.7,46983.95748
1789117200000,0.11469,0.11469,0.11278,0.11305,369857.1,41955.739853
1789120800000,0.11305,0.11382,0.11202,0.11202,436155.0,49272.426491
1789124400000,0.11202,0.11223,0.11064,0.11197,650708.7,72467.437066
1789128000000,0.11197,0.11487,0.11034,0.11432,773070.1,86897.313365
1789131600000,0.11432,0.117,0.11284,0.1169,279087.3,32102.252323
1789135200000,0.1169,0.11742,0.11574,0.11669,1007586.1,117601.406107
1789138800000,0.11669,0.11801,0.11506,0.1156,1014814.7,118164.384382
1789142400000,0.1156,0.11676,0.11552,0.11621,449540.5,52292.83598
1789146000000,0.11621,0.11682,0.11483,0.11501,681453.4,78698.389898
