timestamp,open,high,low,close,volume,turnover
1780120800000,0.12384,0.12439,0.12317,0.12359,205043,25365.89904
1780124400000,0.12359,0.12407,0.12313,0.12351,160107,19769.85369
1780128000000,0.12351,0.12366,0.12297,0.12319,139049,17143.33701
1780131600000,0.12319,0.12378,0.12305,0.12339,90095,11127.81667
1780135200000,0.12339,0.1239,0.12339,0.12349,59203,7316.95676
1780138800000,0.12349,0.12388,0.12336,0.12338,157986,19540.36147
1780142400000,0.12338,0.12355,0.12296,0.12329,157457,19408.31266
1780146000000,0.12329,0.12405,0.12329,0.12349,111033,13735.71349
1780149600000,0.12349,0.12398,0.12299,0.12334,212330,26196.87672
1780153200000,0.12334,0.12396,0.12329,0.12371,106247,13134.15375
1780156800000,0.12371,0.12452,0.1236,0.12388,291053,36079.22908
1780160400000,0.12388,0.12397,0.12325,0.1237,58596,7247.40025
1780164000000,0.1237,0.12392,0.12345,0.12349,47990,5937.30662
1780167600000,0.12349,0.1235,0.12295,0.12297,116585,14363.41109
1780171200000,0.12297,0.12368,0.12297,0.12344,152828,18848.51263
1780174800000,0.12344,0.12385,0.12331,0.12335,90420,11174.28175
1780178400000,0.12335,0.12341,0.12236,0.1228,151461,18608.2503
1780182000000,0.1228,0.12339,0.12251,0.1229,311430,38326.52834
1780185600000,0.1229,0.12372,0.12253,0.12364,129056,15888.10633
1780189200000,0.12364,0.12422,0.12348,0.12403,188981,23394.97443
1780192800000,0.12403,0.12464,0.1234,0.1234,165588,20564.57625
1780196400000,0.1234,0.12403,0.1234,0.12394,87951,10879.98616
1780200000000,0.12394,0.12445,0.12377,0.12435,116043,14405.05301
1780203600000,0.12435,0.12442,0.1238,0.12433,240450,29850.40049
1780207200000,0.12433,0.12479,0.12405,0.12476,168334,20953.37172
1780210800000,0.12476,0.12583,0.12441,0.12462,272981,34131.50409
1780214400000,0.12462,0.12669,0.12462,0.12463,496196,62476.42054
1780218000000,0.12463,0.12601,0.12391,0.12398,286254,35801.65449
1780221600000,0.12398,0.12439,0.12325,0.12427,198410,24574.38008
1780225200000,0.12427,0.12481,0.1241,0.12444,129842,16152.94919
1780228800000,0.12444,0.1258,0.12444,0.12515,157993,19784.66962
1780232400000,0.12515,0.12573,0.12474,0.12499,142915,17909.74273
1780236000000,0.12499,0.12512,0.12369,0.12369,305567,37973.5272
1780239600000,0.12369,0.12444,0.12367,0.12368,125483,15568.96753
1780243200000,0.12368,0.12423,0.12297,0.12337,138478,17113.78939
1780246800000,0.12337,0.1248,0.12308,0.1246,93748,11619.89367
1780250400000,0.1246,0.12492,0.12424,0.12472,66294,8259.97075
1780254000000,0.12472,0.12803,0.12427,0.1271,621993,78836.52148
1780257600000,0.1271,0.12725,0.12524,0.12593,639217,80528.78721
1780261200000,0.12593,0.12637,0.12498,0.12637,125000,15695.31382
1780264800000,0.12637,0.12649,0.12552,0.12594,184012,23177.44137
1780268400000,0.12594,0.12635,0.12556,0.12621,100661,12680.81721
1780272000000,0.12621,0.12751,0.12618,0.12724,144751,18369.82717
1780275600000,0.12724,0.12724,0.12532,0.12554,142048,17926.88726
1780279200000,0.12554,0.12676,0.1252,0.12666,39668,4999.94023
1780282800000,0.12666,0.1273,0.12666,0.12712,107135,13612.58049
1780286400000,0.12712,0.12728,0.12618,0.12665,41343,5236.64422
1780290000000,0.12665,0.12671,0.12496,0.12498,143100,17984.86481
1780293600000,0.12498,0.125,0.1236,0.12406,229097,28441.60345
1780297200000,0.12406,0.12451,0.12356,0.12415,90523,11222.57337
1780300800000,0.12415,0.12436,0.12317,0.12387,228914,28369.60703
1780304400000,0.12387,0.12426,0.12344,0.1236,144115,17850.92009
1780308000000,0.1236,0.12369,0.12239,0.123,90982,11191.26723
1780311600000,0.123,0.12336,0.12256,0.12309,79690,9802.19173
1780315200000,0.12309,0.12322,0.12192,0.12272,262013,32114.93063
1780318800000,0.12272,0.12309,0.12143,0.12203,402951,49177.79814
1780322400000,0.12203,0.12263,0.1216,0.1222,121016,14749.4392
1780326000000,0.1222,0.12293,0.12128,0.1223,144820,17661.70348
1780329600000,0.1223,0.12383,0.12176,0.12376,71774,8805.43933
1780333200000,0.12376,0.12489,0.12367,0.12439,108897,13534.05371
1780336800000,0.12439,0.1246,0.1238,0.12382,31587,3926.23294
1780340400000,0.12382,0.12463,0.12357,0.12438,46630,5780.56633
1780344000000,0.12438,0.12447,0.12356,0.12356,94313,11684.02394
1780347600000,0.12356,0.12356,0.12232,0.12287,145234,17834.84582
1780351200000,0.12287,0.12326,0.1223,0.12323,63970,7841.54665
1780354800000,0.12323,0.12349,0.1227,0.12299,64226,7903.37813
1780358400000,0.12299,0.12314,0.12247,0.1227,40765,5001.16858
1780362000000,0.1227,0.12271,0.12123,0.12135,136075,16605.34525
1780365600000,0.12135,0.12158,0.11946,0.12123,511847,61611.55146
1780369200000,0.12123,0.122,0.12109,0.12197,156576,19022.20876
1780372800000,0.12197,0.12199,0.12099,0.12104,75278,9145.71319
1780376400000,0.12104,0.12142,0.12003,0.12015,128389,15492.88732
1780380000000,0.12015,0.12071,0.11966,0.12,153562,18446.56484
1780383600000,0.12,0.1205,0.11931,0.12023,104192,12504.37441
1780387200000,0.12023,0.12057,0.11981,0.1202,38735,4656.07737
1780390800000,0.1202,0.12021,0.11832,0.1188,273950,32570.26319
1780394400000,0.1188,0.11946,0.11863,0.11946,69672,8294.59253
1780398000000,0.11946,0.11957,0.11873,0.119,67416,8037.52788
1780401600000,0.119,0.1193,0.11848,0.11899,94151,11179.76654
1780405200000,0.11899,0.1195,0.11874,0.1189,100765,11997.76278
1780408800000,0.1189,0.11905,0.11513,0.1161,657295,76633.1837
1780412400000,0.1161,0.11626,0.11325,0.11423,417163,47889.01616
1780416000000,0.11423,0.11608,0.11414,0.11503,189587,21845.26114
1780419600000,0.11503,0.1157,0.11466,0.11491,116525,13403.09746
1780423200000,0.11491,0.11534,0.11202,0.11248,236011,26720.83845
1780426800000,0.11248,0.11273,0.10948,0.11117,854195,94705.95184
1780430400000,0.11117,0.11247,0.11069,0.1114,181363,20196.18728
1780434000000,0.1114,0.11238,0.11095,0.11175,81960,9146.15046
1780437600000,0.11175,0.11192,0.109,0.1091,394280,43586.15098
1780441200000,0.1091,0.11,0.1081,0.10962,373733,40786.66647
1780444800000,0.10962,0.11081,0.10958,0.11065,129085,14255.54503
1780448400000,0.11065,0.11132,0.11016,0.1108,121736,13479.92435
1780452000000,0.1108,0.11097,0.11013,0.11067,87046,9614.58939
1780455600000,0.11067,0.11099,0.10742,0.108,341388,37286.80359
1780459200000,0.108,0.1099,0.108,0.10987,187602,20501.68939
1780462800000,0.10987,0.1124,0.10987,0.11238,251456,28106.67733
1780466400000,0.11238,0.11354,0.11215,0.11265,138970,15685.7849
1780470000000,0.11265,0.11364,0.11225,0.11284,96170,10879.66496
1780473600000,0.11284,0.11293,0.11192,0.11285,89572,10092.95097
1780477200000,0.11285,0.1132,0.1122,0.11264,212822,23995.74286
1780480800000,0.11264,0.11439,0.11264,0.11406,85201,9685.41044
1780484400000,0.11406,0.11446,0.11325,0.1134,207543,23638.69925
1780488000000,0.1134,0.11393,0.11256,0.11388,160362,18144.41637
1780491600000,0.11388,0.11468,0.11364,0.11448,46113,5269.35289
1780495200000,0.11448,0.11452,0.11295,0.11401,174078,19840.11229
1780498800000,0.11401,0.1143,0.11305,0.11361,72361,8221.67493
1780502400000,0.11361,0.11384,0.11189,0.113,137446,15506.40629
1780506000000,0.113,0.11407,0.11213,0.11393,69093,7822.19983
1780509600000,0.11393,0.11631,0.11393,0.11595,187091,21525.2233
1780513200000,0.11595,0.11629,0.11346,0.11393,121164,13897.79656
1780516800000,0.11393,0.11504,0.1121,0.11249,217713,24775.50629
1780520400000,0.11249,0.11567,0.11249,0.1155,144870,16579.06103
1780524000000,0.1155,0.11571,0.11403,0.1143,136557,15663.31552
1780527600000,0.1143,0.1143,0.11286,0.11296,82693,9370.53862
1780531200000,0.11296,0.11389,0.11146,0.11198,207559,23347.91964
1780534800000,0.11198,0.1124,0.10786,0.10831,272465,29920.32646
1780538400000,0.10831,0.10837,0.1029,0.1078,1694306,178292.49572
1780542000000,0.1078,0.11179,0.10774,0.11099,267447,29502.25531
1780545600000,0.11099,0.11126,0.10855,0.1086,86756,9512.49505
1780549200000,0.1086,0.10886,0.10715,0.10814,280633,30291.36668
1780552800000,0.10814,0.10942,0.10792,0.10867,132304,14392.43474
1780556400000,0.10867,0.10867,0.10665,0.10665,59570,6410.13712
1780560000000,0.10665,0.10815,0.10599,0.10763,141000,15061.0356
1780563600000,0.10763,0.10764,0.1049,0.10593,132186,14020.40934
1780567200000,0.10593,0.10642,0.10476,0.10517,150421,15894.46173
1780570800000,0.10517,0.10541,0.10419,0.1054,111943,11734.28147
1780574400000,0.1054,0.10815,0.10504,0.10772,68392,7254.69952
1780578000000,0.10772,0.10861,0.10689,0.1086,150415,16234.38364
1780581600000,0.1086,0.10871,0.10755,0.10778,107246,11573.96763
1780585200000,0.10778,0.109,0.10755,0.10872,149822,16265.2034
1780588800000,0.10872,0.10878,0.10756,0.10797,172306,18656.10529
1780592400000,0.10797,0.10859,0.10701,0.10802,195576,21033.28618
1780596000000,0.10802,0.10928,0.10747,0.1089,72295,7846.31783
1780599600000,0.1089,0.10937,0.10821,0.10847,61352,6671.29835
1780603200000,0.10847,0.10881,0.10782,0.10833,42458,4599.9314
1780606800000,0.10833,0.10859,0.10612,0.10624,102451,10995.02445
1780610400000,0.10624,0.10675,0.10545,0.10603,163787,17363.47233
1780614000000,0.10603,0.1067,0.10539,0.10628,87406,9273.54084
1780617600000,0.10628,0.10691,0.10575,0.106,69465,7389.8737
1780621200000,0.106,0.10667,0.10518,0.10632,71450,7557.48185
1780624800000,0.10632,0.10641,0.10341,0.10354,130315,13696.09707
1780628400000,0.10354,0.10463,0.10317,0.10349,176094,18277.39547
1780632000000,0.10349,0.10555,0.10269,0.10547,249328,26001.39831
1780635600000,0.10547,0.1058,0.10321,0.10327,130356,13631.70831
1780639200000,0.10327,0.10365,0.09946,0.10135,462237,46500.00256
1780642800000,0.10135,0.10268,0.09955,0.10268,248076,25046.57811
1780646400000,0.10268,0.10268,0.10081,0.10084,52196,5306.97571
1780650000000,0.10084,0.10352,0.10084,0.10351,192914,19796.61455
1780653600000,0.10351,0.10362,0.10243,0.1027,98966,10218.86832
1780657200000,0.1027,0.1028,0.10169,0.10185,113721,11616.17492
1780660800000,0.10185,0.10194,0.10036,0.10118,409967,41476.7228
1780664400000,0.10118,0.1028,0.09992,0.09998,152607,15515.70018
1780668000000,0.09998,0.10111,0.09904,0.10036,233690,23421.10283
1780671600000,0.10036,0.10059,0.09806,0.09864,115679,11459.41692
1780675200000,0.09864,0.10158,0.09735,0.10158,177539,17652.12365
1780678800000,0.10158,0.10179,0.10005,0.10017,130951,13225.97865
1780682400000,0.10017,0.1006,0.09689,0.09738,197602,19450.28655
1780686000000,0.09738,0.09912,0.09632,0.09889,168869,16416.00235
1780689600000,0.09889,0.10061,0.0979,0.1004,337676,33659.45716
1780693200000,0.1004,0.10146,0.10017,0.10101,60106,6061.95414
1780696800000,0.10101,0.10103,0.09962,0.09963,66360,6654.22687
1780700400000,0.09963,0.10017,0.09756,0.09913,122292,12094.76355
1780704000000,0.09913,0.10035,0.09912,0.10011,84412,8427.61237
1780707600000,0.10011,0.10032,0.09894,0.09924,131007,13030.2803
1780711200000,0.09924,0.09924,0.09774,0.09774,133642,13144.34964
1780714800000,0.09774,0.09774,0.09686,0.09693,140579,13654.37433
1780718400000,0.09693,0.09711,0.09272,0.09388,312552,29712.15049
1780722000000,0.09388,0.09642,0.09266,0.09642,327966,30961.95453
1780725600000,0.09642,0.09718,0.09566,0.09595,193589,18685.85756
1780729200000,0.09595,0.09737,0.09579,0.09706,204640,19808.35302
1780732800000,0.09706,0.09847,0.09669,0.0984,170616,16657.01455
1780736400000,0.0984,0.0986,0.09705,0.0974,87589,8598.52207
1780740000000,0.0974,0.09744,0.09573,0.0967,195615,18880.05014
1780743600000,0.0967,0.09723,0.09659,0.09708,33887,3283.5501
1780747200000,0.09708,0.0983,0.09664,0.09819,89344,8709.48667
1780750800000,0.09819,0.0989,0.09784,0.0984,48447,4763.38569
1780754400000,0.0984,0.09945,0.09824,0.09824,141103,13921.08297
1780758000000,0.09824,0.09849,0.097,0.09788,261410,25532.40006
1780761600000,0.09788,0.0988,0.09768,0.09833,182308,17895.41673
1780765200000,0.09833,0.09845,0.0969,0.09703,69100,6746.57972
1780768800000,0.09703,0.09796,0.09691,0.09761,235290,22932.09255
1780772400000,0.09761,0.09806,0.09741,0.09762,85078,8312.3498
1780776000000,0.09762,0.09774,0.09688,0.09736,118562,11527.1105
1780779600000,0.09736,0.09835,0.09736,0.0981,183921,18006.85425
1780783200000,0.0981,0.09836,0.0976,0.09771,104460,10227.68184
1780786800000,0.09771,0.09799,0.09739,0.09788,81852,7992.6746
1780790400000,0.09788,0.09894,0.09788,0.09849,71064,6991.03534
1780794000000,0.09849,0.10058,0.09822,0.10044,276355,27512.61037
1780797600000,0.10044,0.10053,0.09915,0.0998,83104,8292.96781
1780801200000,0.0998,0.10024,0.09942,0.09966,70635,7051.51996
1780804800000,0.09966,0.09966,0.0987,0.09955,87902,8720.48525
1780808400000,0.09955,0.10078,0.09919,0.1004,140192,14027.92147
1780812000000,0.1004,0.1012,0.10005,0.1007,44343,4453.77651
1780815600000,0.1007,0.10081,0.10014,0.10044,80555,8080.56978
1780819200000,0.10044,0.10145,0.09984,0.10145,103712,10398.19203
1780822800000,0.10145,0.10157,0.1005,0.10069,85669,8642.90725
1780826400000,0.10069,0.10069,0.09969,0.09989,104793,10475.48251
1780830000000,0.09989,0.10023,0.09974,0.10011,44607,4455.29761
1780833600000,0.10011,0.10027,0.09777,0.09863,208572,20570.20629
1780837200000,0.09863,0.0992,0.0984,0.0989,82634,8174.9781
1780840800000,0.0989,0.1001,0.09881,0.09989,112830,11195.20682
1780844400000,0.09989,0.10024,0.0995,0.1,29368,2935.58981
1780848000000,0.1,0.10042,0.09958,0.10001,51446,5137.18007
1780851600000,0.10001,0.1005,0.09953,0.09968,56726,5682.95627
1780855200000,0.09968,0.10012,0.09896,0.09896,56474,5615.17166
1780858800000,0.09896,0.09896,0.0969,0.09749,136409,13285.99272
1780862400000,0.09749,0.0989,0.09716,0.09884,38839,3806.74209
1780866000000,0.09884,0.09899,0.09797,0.09862,70126,6916.99387
1780869600000,0.09862,0.10285,0.09861,0.10038,173543,17573.46635
1780873200000,0.10038,0.10072,0.10001,0.10023,43315,4345.01916
1780876800000,0.10023,0.10172,0.10004,0.10143,50543,5082.80293
1780880400000,0.10143,0.10158,0.0993,0.10029,81877,8191.04883
1780884000000,0.10029,0.1005,0.09972,0.0999,46622,4665.6516
1780887600000,0.0999,0.10035,0.09951,0.1003,156943,15718.39271
1780891200000,0.1003,0.10034,0.09883,0.09907,34139,3389.78415
1780894800000,0.09907,0.09925,0.09836,0.09878,84670,8370.16924
1780898400000,0.09878,0.09976,0.09878,0.09946,26086,2594.75496
1780902000000,0.09946,0.10005,0.0992,0.09975,48338,4814.55689
1780905600000,0.09975,0.09991,0.09882,0.09914,147204,14635.85194
1780909200000,0.09914,0.10066,0.09899,0.10064,71833,7189.89845
1780912800000,0.10064,0.10123,0.10014,0.10123,83694,8440.80565
1780916400000,0.10123,0.10272,0.10123,0.10182,164005,16740.70622
1780920000000,0.10182,0.10272,0.10097,0.10248,153851,15671.99259
1780923600000,0.10248,0.10254,0.10179,0.10211,122647,12527.67871
1780927200000,0.10211,0.10243,0.10169,0.10237,144755,14768.23789
1780930800000,0.10237,0.1031,0.10188,0.10197,71766,7355.98295
1780934400000,0.10197,0.10429,0.1018,0.10273,99516,10271.28737
1780938000000,0.10273,0.10293,0.10227,0.10288,98304,10087.88755
1780941600000,0.10288,0.103,0.10186,0.1021,45144,4623.72855
1780945200000,0.1021,0.10221,0.10156,0.10164,37545,3827.73676
1780948800000,0.10164,0.10216,0.101,0.10216,58337,5915.70034
1780952400000,0.10216,0.10294,0.10216,0.10227,45882,4707.53399
1780956000000,0.10227,0.10246,0.1015,0.10159,118402,12078.92341
1780959600000,0.10159,0.1021,0.10062,0.10073,76188,7710.15654
1780963200000,0.10073,0.10114,0.09861,0.09888,209684,20932.1199
1780966800000,0.09888,0.10002,0.09875,0.0995,85343,8477.4713
1780970400000,0.0995,0.09963,0.09744,0.09799,238165,23468.63525
1780974000000,0.09799,0.09842,0.09754,0.09825,64399,6318.31041
1780977600000,0.09825,0.09995,0.09797,0.09949,135176,13403.88726
1780981200000,0.09949,0.1004,0.09942,0.09978,92012,9179.27013
1780984800000,0.09978,0.0999,0.09931,0.09941,61769,6152.07216
1780988400000,0.09941,0.10005,0.09894,0.09989,71250,7093.73721
1780992000000,0.09989,0.10001,0.09916,0.09947,36437,3629.66065
1780995600000,0.09947,0.09947,0.09833,0.09869,26391,2605.05323
1780999200000,0.09869,0.09913,0.09821,0.09913,82086,8103.64671
1781002800000,0.09913,0.09921,0.09797,0.099,124921,12297.39056
1781006400000,0.099,0.09981,0.09848,0.09896,112216,11111.85439
1781010000000,0.09896,0.09932,0.09835,0.09888,87335,8631.2802
1781013600000,0.09888,0.09888,0.09653,0.09839,655721,64079.86371
1781017200000,0.09839,0.09871,0.09705,0.09709,194417,19026.77584
1781020800000,0.09709,0.0974,0.09582,0.09716,264314,25520.31546
1781024400000,0.09716,0.09885,0.09701,0.09801,104020,10196.38744
1781028000000,0.09801,0.0987,0.09762,0.09786,163122,15993.01387
1781031600000,0.09786,0.09852,0.09782,0.09837,83439,8197.79822
1781035200000,0.09837,0.09901,0.09821,0.09872,63212,6230.32833
1781038800000,0.09872,0.09892,0.09778,0.0978,65531,6435.99581
1781042400000,0.0978,0.09817,0.09723,0.09723,49954,4889.96876
1781046000000,0.09723,0.09794,0.09703,0.09764,115795,11303.10793
1781049600000,0.09764,0.09814,0.09666,0.09758,89122,8696.01564
1781053200000,0.09758,0.09789,0.09654,0.09724,143311,13928.42784
1781056800000,0.09724,0.0973,0.09554,0.0959,119008,11462.77337
1781060400000,0.0959,0.09641,0.09575,0.09616,71364,6856.91085
1781064000000,0.09616,0.09692,0.09603,0.09616,77173,7429.25132
1781067600000,0.09616,0.09659,0.09569,0.09615,41409,3973.89393
1781071200000,0.09615,0.09696,0.09589,0.09637,115341,11137.18664
1781074800000,0.09637,0.09718,0.09628,0.0966,83178,8042.88682
1781078400000,0.0966,0.0966,0.09524,0.09558,117805,11304.75363
1781082000000,0.09558,0.0967,0.09471,0.09659,170565,16330.1016
1781085600000,0.09659,0.09659,0.09564,0.09583,158041,15159.02183
1781089200000,0.09583,0.09591,0.09415,0.09432,186888,17722.11439
1781092800000,0.09432,0.09666,0.09414,0.0961,196277,18726.60688
1781096400000,0.0961,0.0983,0.09604,0.09781,192642,18715.64305
1781100000000,0.09781,0.09797,0.0963,0.09684,117685,11450.87566
1781103600000,0.09684,0.0977,0.09615,0.09719,193715,18781.66829
1781107200000,0.09719,0.09738,0.09601,0.0964,86920,8405.01244
1781110800000,0.0964,0.09685,0.09529,0.09598,135583,13018.41128
1781114400000,0.09598,0.09606,0.09501,0.0959,79624,7607.78065
1781118000000,0.0959,0.09592,0.09443,0.09502,147008,13954.70878
1781121600000,0.09502,0.09502,0.09403,0.09424,64582,6107.94132
1781125200000,0.09424,0.0944,0.09272,0.09298,181069,16947.31639
1781128800000,0.09298,0.09413,0.09235,0.09341,170664,15877.0837
1781132400000,0.09341,0.09456,0.09284,0.09436,132507,12401.79224
1781136000000,0.09436,0.09492,0.09426,0.09438,90248,8531.07947
1781139600000,0.09438,0.096,0.09434,0.09592,102719,9810.02622
1781143200000,0.09592,0.0961,0.09504,0.09555,93209,8907.88184
1781146800000,0.09555,0.0967,0.09501,0.09653,151394,14488.44729
1781150400000,0.09653,0.09729,0.09631,0.09705,61664,5961.72738
1781154000000,0.09705,0.09712,0.09638,0.09638,74450,7198.54707
1781157600000,0.09638,0.09743,0.09633,0.09663,101718,9858.00763
1781161200000,0.09663,0.09707,0.09643,0.09677,193257,18703.12819
1781164800000,0.09677,0.09786,0.09669,0.09734,93906,9121.46875
1781168400000,0.09734,0.09738,0.09679,0.09721,57316,5566.38019
1781172000000,0.09721,0.09754,0.09687,0.09706,235534,22879.45219
1781175600000,0.09706,0.09793,0.09697,0.09749,129769,12625.12575
1781179200000,0.09749,0.09769,0.09621,0.0968,329709,31930.79776
1781182800000,0.0968,0.0976,0.09653,0.09711,111321,10795.14012
1781186400000,0.09711,0.09775,0.09688,0.09735,59805,5822.76876
1781190000000,0.09735,0.09817,0.09685,0.09816,174241,17003.75655
1781193600000,0.09816,0.09837,0.09719,0.09723,137413,13459.51613
1781197200000,0.09723,0.09974,0.09655,0.09974,218042,21434.94242
1781200800000,0.09974,0.10001,0.09889,0.099,232031,23047.79147
1781204400000,0.099,0.09971,0.0988,0.0993,83383,8268.28694
1781208000000,0.0993,0.09961,0.09874,0.09931,101788,10094.4055
1781211600000,0.09931,0.09979,0.09913,0.09931,32679,3249.43189
1781215200000,0.09931,0.09945,0.09819,0.09883,155187,15350.52571
1781218800000,0.09883,0.09918,0.09849,0.0988,92487,9131.02018
1781222400000,0.0988,0.10051,0.09874,0.09991,110785,11038.64223
1781226000000,0.09991,0.10002,0.09912,0.09946,134117,13355.09713
1781229600000,0.09946,0.10134,0.09946,0.10077,198988,20010.15117
1781233200000,0.10077,0.1008,0.10008,0.10017,90448,9075.89449
1781236800000,0.10017,0.10021,0.09969,0.09979,143496,14338.56884
1781240400000,0.09979,0.09991,0.09896,0.09925,66386,6609.88927
1781244000000,0.09925,0.0993,0.09781,0.09808,207227,20363.45451
1781247600000,0.09808,0.09902,0.09803,0.09892,97793,9630.0489
1781251200000,0.09892,0.09965,0.09883,0.09934,84318,8365.8901
1781254800000,0.09934,0.10012,0.09925,0.0999,87767,8756.15302
1781258400000,0.0999,0.09999,0.09948,0.09963,60426,6029.10022
1781262000000,0.09963,0.09995,0.09931,0.09955,30151,3003.01185
1781265600000,0.09955,0.09994,0.0992,0.0995,103583,10316.59447
1781269200000,0.0995,0.09952,0.09834,0.09872,131454,12984.50985
1781272800000,0.09872,0.1005,0.09872,0.10031,109682,10912.06425
1781276400000,0.10031,0.10095,0.0993,0.0993,91505,9178.26732
1781280000000,0.0993,0.10008,0.09905,0.09963,195222,19436.64013
1781283600000,0.09963,0.09991,0.0991,0.09928,109259,10869.06878
1781287200000,0.09928,0.09954,0.09866,0.0991,95100,9420.72536
1781290800000,0.0991,0.09987,0.09898,0.09898,83291,8288.10767
1781294400000,0.09898,0.09926,0.09865,0.09888,74748,7400.21528
1781298000000,0.09888,0.09923,0.09849,0.09866,64057,6329.39413
1781301600000,0.09866,0.09906,0.09851,0.09853,38822,3833.85412
1781305200000,0.09853,0.09895,0.09808,0.09895,123315,12145.86455
1781308800000,0.09895,0.09979,0.09895,0.09978,26889,2676.12145
1781312400000,0.09978,0.10029,0.09958,0.10028,46738,4669.93059
1781316000000,0.10028,0.10035,0.0996,0.0999,70138,7011.83267
1781319600000,0.0999,0.10008,0.09926,0.09926,86846,8657.71544
1781323200000,0.09926,0.09995,0.09888,0.09938,71772,7139.22843
1781326800000,0.09938,0.10026,0.09918,0.1001,239642,23936.36866
1781330400000,0.1001,0.1016,0.09938,0.10126,164572,16573.57106
1781334000000,0.10126,0.10263,0.10079,0.10241,133120,13536.41383
1781337600000,0.10241,0.10264,0.10133,0.10151,89391,9123.42094
1781341200000,0.10151,0.10188,0.10124,0.10125,65793,6677.38595
1781344800000,0.10125,0.1015,0.10082,0.1012,47705,4824.02563
1781348400000,0.1012,0.10158,0.1011,0.10135,62358,6323.49682
1781352000000,0.10135,0.10157,0.10079,0.10089,113194,11453.2041
1781355600000,0.10089,0.10107,0.10059,0.1006,52087,5252.39097
1781359200000,0.1006,0.10116,0.1006,0.10116,39210,3955.88004
1781362800000,0.10116,0.10355,0.10079,0.10261,366079,37548.56837
1781366400000,0.10261,0.10263,0.10089,0.1017,363175,36891.83047
1781370000000,0.1017,0.10173,0.10116,0.10134,56694,5753.95561
1781373600000,0.10134,0.10162,0.10105,0.10114,57270,5809.59722
1781377200000,0.10114,0.10202,0.10097,0.10177,56094,5693.99957
1781380800000,0.10177,0.1019,0.10124,0.10142,87178,8851.31614
1781384400000,0.10142,0.10216,0.10047,0.10196,116824,11831.81803
1781388000000,0.10196,0.10201,0.10146,0.1015,33260,3382.28005
1781391600000,0.1015,0.1017,0.10132,0.10162,46582,4728.18494
1781395200000,0.10162,0.10278,0.10133,0.10186,134484,13693.93178
1781398800000,0.10186,0.10301,0.10162,0.1024,105794,10801.66493
1781402400000,0.1024,0.1024,0.10148,0.10169,29801,3035.93596
1781406000000,0.10169,0.10258,0.10141,0.10196,95155,9713.12636
1781409600000,0.10196,0.10268,0.1011,0.10133,136350,13882.73251
1781413200000,0.10133,0.10157,0.10047,0.10134,23349,2353.23271
1781416800000,0.10134,0.10241,0.10112,0.10125,55760,5662.69482
1781420400000,0.10125,0.10132,0.10072,0.10078,60826,6138.1659
1781424000000,0.10078,0.10184,0.10064,0.10145,67103,6796.31818
1781427600000,0.10145,0.10173,0.10088,0.10143,92775,9400.5636
1781431200000,0.10143,0.10161,0.10107,0.10114,10320,1046.13882
1781434800000,0.10114,0.10383,0.10114,0.1034,353972,36288.18069
1781438400000,0.1034,0.1068,0.10154,0.10181,2205405,229947.94246
1781442000000,0.10181,0.10225,0.10049,0.10076,242134,24521.23894
1781445600000,0.10076,0.10122,0.09985,0.10028,92603,9317.55937
1781449200000,0.10028,0.10063,0.10021,0.10035,57690,5791.39266
1781452800000,0.10035,0.10125,0.10022,0.10083,104326,10512.83767
1781456400000,0.10083,0.10108,0.1,0.10016,101230,10198.17028
1781460000000,0.10016,0.10135,0.09968,0.10021,161260,16181.59923
1781463600000,0.10021,0.10048,0.09994,0.10035,126384,12663.43528
1781467200000,0.10035,0.10086,0.09986,0.10077,46521,4670.20621
1781470800000,0.10077,0.10415,0.1007,0.10369,144305,14769.8687
1781474400000,0.10369,0.10413,0.10283,0.10292,99956,10327.47715
1781478000000,0.10292,0.10368,0.10283,0.10334,23631,2438.44859
1781481600000,0.10334,0.10373,0.10315,0.10321,82449,8525.59243
1781485200000,0.10321,0.10357,0.10278,0.10331,39778,4103.17624
1781488800000,0.10331,0.10408,0.1032,0.10371,48639,5045.74499
1781492400000,0.10371,0.10426,0.10367,0.10425,59782,6219.04175
1781496000000,0.10425,0.10428,0.10324,0.10324,80119,8314.54327
1781499600000,0.10324,0.10392,0.10313,0.10375,41044,4246.21623
1781503200000,0.10375,0.10396,0.10311,0.10311,78503,8121.77223
1781506800000,0.10311,0.10355,0.10294,0.10312,29969,3093.03864
1781510400000,0.10312,0.10386,0.10293,0.10314,81770,8446.31074
1781514000000,0.10314,0.10343,0.10296,0.10331,28589,2951.29046
1781517600000,0.10331,0.10472,0.10327,0.10468,93402,9705.82594
1781521200000,0.10468,0.10573,0.10448,0.10502,119645,12570.46814
1781524800000,0.10502,0.10574,0.10483,0.1056,67775,7125.92188
1781528400000,0.1056,0.10661,0.1056,0.10566,95458,10127.60882
1781532000000,0.10566,0.10581,0.10517,0.10523,45284,4773.04887
1781535600000,0.10523,0.10618,0.10471,0.10582,70941,7470.75593
1781539200000,0.10582,0.10618,0.10519,0.10521,78331,8287.98176
1781542800000,0.10521,0.10521,0.10445,0.10468,42275,4427.94547
1781546400000,0.10468,0.10586,0.10426,0.10426,178030,18715.47197
1781550000000,0.10426,0.10449,0.10293,0.10319,103308,10701.4024
1781553600000,0.10319,0.10359,0.10302,0.10303,72192,7455.02026
1781557200000,0.10303,0.10362,0.10294,0.10331,92216,9532.48187
1781560800000,0.10331,0.10345,0.10166,0.1021,89673,9171.92598
1781564400000,0.1021,0.1029,0.10196,0.10278,63892,6534.90484
1781568000000,0.10278,0.10326,0.10227,0.10244,79273,8147.99411
1781571600000,0.10244,0.10295,0.10219,0.10256,61542,6314.75346
1781575200000,0.10256,0.10259,0.10062,0.10102,26140,2651.59477
1781578800000,0.10102,0.10231,0.10083,0.10225,25326,2569.19283
1781582400000,0.10225,0.10244,0.10133,0.10146,71734,7290.14067
1781586000000,0.10146,0.10225,0.10146,0.10208,48156,4909.71865
1781589600000,0.10208,0.10263,0.10204,0.10254,36162,3697.09972
1781593200000,0.10254,0.10297,0.1022,0.10265,25172,2582.01246
1781596800000,0.10265,0.1036,0.10265,0.1036,10993,1132.47551
1781600400000,0.1036,0.1036,0.10255,0.10255,24497,2522.36971
1781604000000,0.10255,0.10303,0.10255,0.10264,88506,9100.30399
1781607600000,0.10264,0.10283,0.10184,0.10249,86200,8822.81009
1781611200000,0.10249,0.10298,0.10208,0.1024,93308,9564.12104
1781614800000,0.1024,0.1025,0.1001,0.10038,221007,22366.69037
1781618400000,0.10038,0.10075,0.0979,0.098,376971,37225.47148
1781622000000,0.098,0.09897,0.0978,0.09827,228075,22412.86023
1781625600000,0.09827,0.09899,0.09788,0.0984,279874,27564.96231
1781629200000,0.0984,0.09873,0.09801,0.0985,95254,9365.07322
1781632800000,0.0985,0.09945,0.0985,0.09926,107239,10624.54227
1781636400000,0.09926,0.09926,0.09843,0.09866,121883,12044.8862
1781640000000,0.09866,0.09981,0.0986,0.09975,115320,11444.2653
1781643600000,0.09975,0.09975,0.09897,0.09897,41278,4097.61225
1781647200000,0.09897,0.0997,0.09862,0.09901,111049,10994.54664
1781650800000,0.09901,0.09913,0.09847,0.09864,34753,3434.58331
1781654400000,0.09864,0.09914,0.0983,0.09863,105768,10440.73511
1781658000000,0.09863,0.09952,0.09813,0.09952,96624,9541.85608
1781661600000,0.09952,0.10029,0.09935,0.09992,36887,3681.55319
1781665200000,0.09992,0.09992,0.09882,0.0989,32563,3228.92205
1781668800000,0.0989,0.09896,0.09832,0.09879,36051,3558.30582
1781672400000,0.09879,0.09904,0.09823,0.09853,93087,9183.94629
1781676000000,0.09853,0.09881,0.09829,0.09849,43126,4251.96806
1781679600000,0.09849,0.09893,0.09809,0.09862,64011,6306.51461
1781683200000,0.09862,0.09862,0.09709,0.09757,64805,6335.36209
1781686800000,0.09757,0.09815,0.09738,0.0979,51232,5008.2292
1781690400000,0.0979,0.09823,0.09765,0.09766,43400,4251.59555
1781694000000,0.09766,0.09766,0.09675,0.09725,101679,9883.47926
1781697600000,0.09725,0.09824,0.09713,0.09824,60216,5872.76547
1781701200000,0.09824,0.09844,0.09755,0.09801,38753,3797.72424
1781704800000,0.09801,0.09852,0.09745,0.09783,68534,6712.31501
1781708400000,0.09783,0.09967,0.09783,0.0996,106912,10556.68589
1781712000000,0.0996,0.09999,0.09909,0.09909,67152,6687.25733
1781715600000,0.09909,0.09928,0.09844,0.09891,37200,3679.53216
1781719200000,0.09891,0.0992,0.09679,0.09847,238030,23313.28519
1781722800000,0.09847,0.09878,0.09651,0.0968,215978,20997.92976
1781726400000,0.0968,0.09744,0.09665,0.09744,60413,5858.25594
1781730000000,0.09744,0.09747,0.0964,0.09661,70404,6822.86572
1781733600000,0.09661,0.09699,0.0956,0.09651,135482,13062.89814
1781737200000,0.09651,0.09719,0.0965,0.09718,106766,10355.86496
1781740800000,0.09718,0.09763,0.09593,0.09598,278617,26942.28341
1781744400000,0.09598,0.0964,0.09571,0.09581,78543,7545.09015
1781748000000,0.09581,0.09664,0.09572,0.09644,82508,7948.92397
1781751600000,0.09644,0.09645,0.09515,0.09544,94943,9085.64147
1781755200000,0.09544,0.09576,0.09412,0.09445,120324,11424.28793
1781758800000,0.09445,0.09489,0.09381,0.09489,87303,8224.43732
1781762400000,0.09489,0.09517,0.09454,0.09516,45837,4342.32512
1781766000000,0.09516,0.09566,0.09483,0.09534,47135,4485.99046
1781769600000,0.09534,0.09579,0.09506,0.09532,104017,9918.03488
1781773200000,0.09532,0.09548,0.09488,0.09501,56893,5412.94161
1781776800000,0.09501,0.0951,0.09448,0.0948,167739,15887.90105
1781780400000,0.0948,0.09481,0.0941,0.09415,97974,9267.43147
1781784000000,0.09415,0.09436,0.09375,0.0943,40525,3811.69165
1781787600000,0.0943,0.09436,0.09062,0.09241,720478,66685.47683
1781791200000,0.09241,0.09316,0.0922,0.09254,300683,27834.37105
1781794800000,0.09254,0.09263,0.08904,0.0892,451121,41088.22671
1781798400000,0.0892,0.09065,0.08909,0.09062,108341,9734.67057
1781802000000,0.09062,0.09062,0.08957,0.09,69800,6282.87069
1781805600000,0.09,0.0906,0.08954,0.09018,13322,1201.87372
1781809200000,0.09018,0.09084,0.09001,0.09062,32573,2941.69757
1781812800000,0.09062,0.0911,0.09061,0.09087,72828,6613.23375
1781816400000,0.09087,0.09098,0.09004,0.0905,90919,8222.49905
1781820000000,0.0905,0.09114,0.09035,0.09104,74805,6779.34439
1781823600000,0.09104,0.09144,0.09069,0.09144,155970,14203.9336
1781827200000,0.09144,0.09195,0.09122,0.09173,17164,1570.08176
1781830800000,0.09173,0.09206,0.09122,0.09173,67995,6220.00529
1781834400000,0.09173,0.09196,0.09126,0.0916,174318,15972.41497
1781838000000,0.0916,0.09162,0.0895,0.09058,377402,34080.45018
1781841600000,0.09058,0.09098,0.08975,0.08994,125676,11369.03326
1781845200000,0.08994,0.0914,0.08989,0.0913,200187,18182.42282
1781848800000,0.0913,0.09146,0.09048,0.09099,141661,12897.7221
1781852400000,0.09099,0.09099,0.09004,0.09023,91799,8294.76736
1781856000000,0.09023,0.09131,0.09023,0.091,58514,5330.26722
1781859600000,0.091,0.091,0.09006,0.09019,50464,4559.757
1781863200000,0.09019,0.09074,0.09007,0.09047,62742,5672.12556
1781866800000,0.09047,0.09064,0.08997,0.08997,83219,7510.10522
1781870400000,0.08997,0.0901,0.08884,0.0899,189948,16989.87202
1781874000000,0.0899,0.09122,0.08985,0.09111,67765,6132.41184
1781877600000,0.09111,0.0916,0.09072,0.09084,133560,12168.72755
1781881200000,0.09084,0.09169,0.09084,0.09156,103654,9480.37379
1781884800000,0.09156,0.09261,0.09093,0.09097,71625,6581.61516
1781888400000,0.09097,0.09165,0.09069,0.09129,106647,9717.32916
1781892000000,0.09129,0.09129,0.09029,0.0904,85491,7757.46232
1781895600000,0.0904,0.09061,0.08981,0.09025,38239,3445.59403
1781899200000,0.09025,0.09027,0.08976,0.09016,60032,5400.08022
1781902800000,0.09016,0.09016,0.08937,0.08955,66219,5937.16101
1781906400000,0.08955,0.08985,0.08877,0.0896,130436,11662.30482
1781910000000,0.0896,0.09046,0.08943,0.09037,148612,13343.12917
1781913600000,0.09037,0.09076,0.08999,0.09,85296,7717.09474
1781917200000,0.09,0.09009,0.0895,0.08962,45872,4122.24362
1781920800000,0.08962,0.08964,0.08895,0.08897,77257,6900.26614
1781924400000,0.08897,0.08927,0.08879,0.08921,35729,3179.3042
1781928000000,0.08921,0.08958,0.0889,0.08913,51317,4577.25936
1781931600000,0.08913,0.08994,0.08895,0.0898,124745,11147.88069
1781935200000,0.0898,0.09062,0.0896,0.09056,41207,3709.77079
1781938800000,0.09056,0.09069,0.0901,0.09023,56092,5073.19169
1781942400000,0.09023,0.09078,0.08995,0.09031,47274,4271.94884
1781946000000,0.09031,0.09087,0.0903,0.0907,58668,5323.26191
1781949600000,0.0907,0.09097,0.09028,0.09045,36996,3352.12615
1781953200000,0.09045,0.09074,0.08984,0.09041,18073,1631.6992
1781956800000,0.09041,0.09053,0.0893,0.08963,235331,21133.77389
1781960400000,0.08963,0.08985,0.08869,0.08893,91734,8174.83725
1781964000000,0.08893,0.09026,0.08813,0.08989,138481,12354.62077
1781967600000,0.08989,0.09056,0.08977,0.0904,23269,2097.73736
1781971200000,0.0904,0.0909,0.09011,0.0909,116904,10585.35272
1781974800000,0.0909,0.0911,0.09027,0.09083,52001,4715.93534
1781978400000,0.09083,0.0912,0.0907,0.09112,41078,3739.33118
1781982000000,0.09112,0.09133,0.09081,0.09104,51130,4657.75874
1781985600000,0.09104,0.09143,0.09042,0.09085,109266,9941.91343
1781989200000,0.09085,0.09377,0.09085,0.09286,278601,25953.19879
1781992800000,0.09286,0.09298,0.09221,0.09227,79212,7328.09735
1781996400000,0.09227,0.09303,0.09216,0.09234,56167,5204.86287
1782000000000,0.09234,0.09324,0.09234,0.09263,104098,9667.4242
1782003600000,0.09263,0.09263,0.09205,0.09229,33520,3094.08328
1782007200000,0.09229,0.09252,0.09218,0.09242,25777,2381.18403
1782010800000,0.09242,0.09278,0.0921,0.09259,42801,3956.44517
1782014400000,0.09259,0.0926,0.09201,0.09205,34393,3174.87111
1782018000000,0.09205,0.09244,0.09165,0.09172,30222,2780.76427
1782021600000,0.09172,0.0921,0.09136,0.09203,65643,6011.81281
1782025200000,0.09203,0.09274,0.09202,0.0924,45804,4221.34234
1782028800000,0.0924,0.09264,0.09155,0.09186,52060,4796.19112
1782032400000,0.09186,0.09234,0.09186,0.09222,26351,2427.5507
1782036000000,0.09222,0.09252,0.09215,0.09215,82366,7607.17814
1782039600000,0.09215,0.09238,0.09159,0.09167,27912,2569.26611
1782043200000,0.09167,0.09196,0.09148,0.09196,22813,2093.60708
1782046800000,0.09196,0.09239,0.09191,0.09201,23078,2125.71848
1782050400000,0.09201,0.09258,0.09173,0.09239,125827,11612.40656
1782054000000,0.09239,0.09273,0.09221,0.09258,52921,4893.62238
1782057600000,0.09258,0.09281,0.09227,0.09262,63809,5909.59912
1782061200000,0.09262,0.09306,0.09234,0.0925,72537,6728.67977
1782064800000,0.0925,0.09256,0.09205,0.09256,56126,5185.77608
1782068400000,0.09256,0.09256,0.09216,0.09248,14637,1351.2508
1782072000000,0.09248,0.09283,0.09144,0.09149,153792,14183.45404
1782075600000,0.09149,0.09179,0.09023,0.09112,67806,6173.76509
1782079200000,0.09112,0.09117,0.09057,0.09096,66791,6074.60838
1782082800000,0.09096,0.09096,0.08979,0.08993,110656,9997.76139
1782086400000,0.08993,0.0918,0.08968,0.0918,202561,18316.51852
1782090000000,0.0918,0.09301,0.09151,0.0923,95146,8775.62479
1782093600000,0.0923,0.09249,0.09196,0.09196,25235,2326.67841
1782097200000,0.09196,0.09218,0.09124,0.09138,157872,14497.32205
1782100800000,0.09138,0.09179,0.09124,0.09168,70370,6442.9232
1782104400000,0.09168,0.0921,0.09165,0.0921,56234,5168.45449
1782108000000,0.0921,0.09228,0.09185,0.09186,67309,6195.31019
1782111600000,0.09186,0.09249,0.09186,0.0922,50693,4674.72691
1782115200000,0.0922,0.0924,0.09195,0.09236,33073,3049.90871
1782118800000,0.09236,0.09257,0.09203,0.09203,45001,4157.37036
1782122400000,0.09203,0.09255,0.09176,0.09242,21375,1970.16167
1782126000000,0.09242,0.09393,0.09242,0.09345,103409,9657.51445
1782129600000,0.09345,0.09365,0.09311,0.09348,121834,11375.39304
1782133200000,0.09348,0.09362,0.09254,0.09353,169389,15785.65195
1782136800000,0.09353,0.09373,0.0925,0.09273,101011,9398.15589
1782140400000,0.09273,0.09336,0.09249,0.0926,97334,9048.32363
1782144000000,0.0926,0.0926,0.09185,0.09222,43357,3997.15914
1782147600000,0.09222,0.09222,0.09124,0.09178,110750,10152.50421
1782151200000,0.09178,0.09181,0.09086,0.09103,66454,6076.92209
1782154800000,0.09103,0.09121,0.09045,0.09087,63360,5756.32335
1782158400000,0.09087,0.09143,0.09036,0.09086,72612,6611.69738
1782162000000,0.09086,0.09127,0.0906,0.09065,86136,7834.70952
1782165600000,0.09065,0.09086,0.08863,0.08932,159038,14293.10449
1782169200000,0.08932,0.08966,0.08914,0.08957,115960,10362.95099
1782172800000,0.08957,0.08957,0.0889,0.08948,74990,6691.87696
1782176400000,0.08948,0.08965,0.08861,0.08925,60906,5432.58207
1782180000000,0.08925,0.08968,0.08893,0.08951,49079,4378.48393
1782183600000,0.08951,0.09008,0.08905,0.09008,98954,8887.92758
1782187200000,0.09008,0.0902,0.08903,0.08904,55284,4965.3054
1782190800000,0.08904,0.08906,0.08779,0.08814,174421,15431.83221
1782194400000,0.08814,0.0882,0.0859,0.0867,337991,29364.86615
1782198000000,0.0867,0.08742,0.08657,0.08663,81144,7057.45091
1782201600000,0.08663,0.08738,0.08442,0.0855,391903,33586.31792
1782205200000,0.0855,0.08618,0.0855,0.08581,74974,6436.87954
1782208800000,0.08581,0.08592,0.08508,0.08529,69153,5916.62328
1782212400000,0.08529,0.08591,0.08528,0.08584,49377,4225.67
1782216000000,0.08584,0.08594,0.08527,0.08553,122783,10507.59485
1782219600000,0.08553,0.08655,0.08518,0.08655,81286,6962.3557
1782223200000,0.08655,0.08668,0.08572,0.08632,169766,14668.25281
1782226800000,0.08632,0.08632,0.0852,0.08573,92146,7895.83034
1782230400000,0.08573,0.08654,0.0857,0.0862,80984,6972.80878
1782234000000,0.0862,0.08624,0.08549,0.08549,62015,5334.41313
1782237600000,0.08549,0.08578,0.08528,0.08573,71413,6108.48012
1782241200000,0.08573,0.08595,0.08563,0.08588,54776,4698.63626
1782244800000,0.08588,0.0863,0.08577,0.08626,148459,12794.95983
1782248400000,0.08626,0.08668,0.08594,0.08647,27887,2410.55773
1782252000000,0.08647,0.08666,0.08603,0.08623,38269,3304.96307
1782255600000,0.08623,0.08629,0.08588,0.08615,79003,6803.8997
1782259200000,0.08615,0.08633,0.08591,0.08623,110097,9484.70494
1782262800000,0.08623,0.0864,0.08581,0.08594,67929,5850.28294
1782266400000,0.08594,0.08629,0.08538,0.0857,301735,25875.97189
1782270000000,0.0857,0.08571,0.08541,0.08563,22370,1914.86682
1782273600000,0.08563,0.08584,0.08495,0.0858,77114,6587.74221
1782277200000,0.0858,0.08645,0.08576,0.08619,37101,3196.52011
1782280800000,0.08619,0.0865,0.08588,0.08638,117946,10155.47085
1782284400000,0.08638,0.08638,0.08551,0.08558,77966,6693.05583
1782288000000,0.08558,0.086,0.08539,0.08572,93408,7994.82309
1782291600000,0.08572,0.0858,0.08524,0.08569,145262,12405.89466
1782295200000,0.08569,0.08569,0.0847,0.08475,85081,7256.24423
1782298800000,0.08475,0.08594,0.08441,0.08579,95815,8135.43857
1782302400000,0.08579,0.08604,0.08537,0.08542,117877,10108.23181
1782306000000,0.08542,0.08542,0.08319,0.08359,137773,11581.70192
1782309600000,0.08359,0.08424,0.08334,0.0837,89990,7541.67213
1782313200000,0.0837,0.0838,0.08202,0.08221,190251,15809.21043
1782316800000,0.08221,0.08303,0.08029,0.08094,291876,23933.26026
1782320400000,0.08094,0.08124,0.07949,0.08004,224683,18014.9687
1782324000000,0.08004,0.082,0.07977,0.08127,161657,13102.0455
1782327600000,0.08127,0.08152,0.08076,0.08108,105321,8539.60031
1782331200000,0.08108,0.08281,0.08088,0.08259,59428,4888.88628
1782334800000,0.08259,0.08303,0.08215,0.08293,33532,2763.82455
1782338400000,0.08293,0.08346,0.08292,0.08302,92725,7703.87232
1782342000000,0.08302,0.08345,0.08295,0.0834,102564,8541.11701
1782345600000,0.0834,0.0835,0.08272,0.08279,129416,10744.02993
1782349200000,0.08279,0.08314,0.0827,0.08306,66607,5528.01489
1782352800000,0.08306,0.08321,0.0827,0.08277,18364,1524.68162
1782356400000,0.08277,0.0831,0.08242,0.0831,74507,6169.12007
1782360000000,0.0831,0.08372,0.08297,0.08371,52596,4378.32876
1782363600000,0.08371,0.08453,0.08366,0.08432,50780,4274.33234
1782367200000,0.08432,0.08435,0.08382,0.08401,67127,5645.17083
1782370800000,0.08401,0.08414,0.08386,0.08403,15692,1317.64041
1782374400000,0.08403,0.08481,0.08403,0.08456,84300,7116.38294
1782378000000,0.08456,0.08457,0.08372,0.08401,30917,2600.70088
1782381600000,0.08401,0.08404,0.08365,0.08368,39976,3352.00299
1782385200000,0.08368,0.08388,0.08327,0.0837,112702,9419.42681
1782388800000,0.0837,0.08409,0.08306,0.08348,56441,4715.63692
1782392400000,0.08348,0.08396,0.0779,0.07793,251548,20398.84443
1782396000000,0.07793,0.08172,0.07793,0.08092,263036,21130.93919
1782399600000,0.08092,0.08109,0.07982,0.08098,184630,14880.92628
1782403200000,0.08098,0.0816,0.08004,0.08004,63911,5162.33127
1782406800000,0.08004,0.08152,0.08004,0.08115,65437,5306.16775
1782410400000,0.08115,0.08148,0.0802,0.08026,74454,6018.32823
1782414000000,0.08026,0.08026,0.07925,0.07991,190741,15211.15639
1782417600000,0.07991,0.08094,0.07991,0.08018,46537,3745.10019
1782421200000,0.08018,0.08132,0.08018,0.08132,24889,2013.5166
1782424800000,0.08132,0.08167,0.08106,0.08107,27101,2201.31875
1782428400000,0.08107,0.0814,0.08084,0.08093,47331,3837.54242
1782432000000,0.08093,0.08127,0.08043,0.08082,95977,7757.67437
1782435600000,0.08082,0.08092,0.08014,0.08049,68633,5515.08261
1782439200000,0.08049,0.08049,0.07783,0.07852,230308,18139.65452
1782442800000,0.07852,0.08081,0.07805,0.0806,245960,19510.73825
1782446400000,0.0806,0.0806,0.07995,0.07998,17950,1439.41388
1782450000000,0.07998,0.08035,0.07982,0.08032,46945,3761.70216
1782453600000,0.08032,0.0814,0.08003,0.08118,45878,3703.80088
1782457200000,0.08118,0.0822,0.08118,0.08204,96826,7924.3079
1782460800000,0.08204,0.08208,0.08141,0.08161,84362,6885.24058
1782464400000,0.08161,0.08205,0.08105,0.08117,192483,15695.84213
1782468000000,0.08117,0.0815,0.08039,0.08047,130144,10553.98073
1782471600000,0.08047,0.08125,0.08028,0.08077,196790,15893.51389
1782475200000,0.08077,0.08096,0.07962,0.07969,173656,13961.12371
1782478800000,0.07969,0.08222,0.07896,0.08222,259479,20912.52575
1782482400000,0.08222,0.08322,0.08187,0.08314,244362,20214.20803
1782486000000,0.08314,0.08506,0.08283,0.08411,219713,18426.9784
1782489600000,0.08411,0.08556,0.08411,0.08498,143350,12191.36869
1782493200000,0.08498,0.0852,0.08434,0.08443,86670,7345.33711
1782496800000,0.08443,0.08443,0.08349,0.08351,66155,5554.68606
1782500400000,0.08351,0.0841,0.0829,0.08318,120904,10086.03955
1782504000000,0.08318,0.08371,0.08251,0.08291,212662,17707.61421
1782507600000,0.08291,0.08322,0.08259,0.0827,102628,8496.5562
1782511200000,0.0827,0.08295,0.08251,0.08273,51874,4292.75162
1782514800000,0.08273,0.08294,0.08259,0.08271,35593,2946.94708
1782518400000,0.08271,0.08373,0.08271,0.08368,153760,12786.73165
1782522000000,0.08368,0.08381,0.08305,0.08328,92583,7721.41206
1782525600000,0.08328,0.08419,0.08312,0.08419,74030,6179.11394
1782529200000,0.08419,0.08422,0.08352,0.08367,33563,2811.97236
1782532800000,0.08367,0.084,0.0828,0.0828,40123,3344.32991
1782536400000,0.0828,0.08312,0.08239,0.083,74278,6133.96539
1782540000000,0.083,0.0837,0.08271,0.08329,45692,3800.20756
1782543600000,0.08329,0.08383,0.08289,0.08355,85392,7122.54696
1782547200000,0.08355,0.08356,0.08262,0.08284,47516,3942.06812
1782550800000,0.08284,0.08288,0.08225,0.08254,47838,3951.98232
1782554400000,0.08254,0.08302,0.08254,0.08289,85827,7108.0469
1782558000000,0.08289,0.08289,0.08204,0.08231,48838,4025.9511
1782561600000,0.08231,0.08265,0.08218,0.08251,66888,5511.2192
1782565200000,0.08251,0.08268,0.08232,0.08265,10165,839.46995
1782568800000,0.08265,0.08321,0.08254,0.08303,68356,5670.34725
1782572400000,0.08303,0.08354,0.08301,0.08327,19702,1642.31002
1782576000000,0.08327,0.0835,0.08306,0.08343,12614,1050.83803
1782579600000,0.08343,0.08343,0.08246,0.0826,72819,6023.29587
1782583200000,0.0826,0.0826,0.0822,0.08251,51910,4276.63367
1782586800000,0.08251,0.08258,0.08144,0.08172,28063,2299.03114
1782590400000,0.08172,0.08209,0.08172,0.08192,77618,6355.66258
1782594000000,0.08192,0.08231,0.0815,0.0815,59876,4909.31156
1782597600000,0.0815,0.08174,0.08091,0.08143,63737,5188.55409
1782601200000,0.08143,0.08153,0.08101,0.08136,112202,9129.47271
1782604800000,0.08136,0.08189,0.08107,0.08141,148251,12063.73732
1782608400000,0.08141,0.08245,0.08135,0.0823,73480,6022.92255
1782612000000,0.0823,0.08285,0.08192,0.08197,87613,7211.72549
1782615600000,0.08197,0.08243,0.08197,0.08223,22298,1834.01479
1782619200000,0.08223,0.08255,0.08075,0.08243,501431,41079.40911
1782622800000,0.08243,0.0826,0.0816,0.08174,151292,12412.92593
1782626400000,0.08174,0.08181,0.08102,0.08146,94316,7674.41553
1782630000000,0.08146,0.08197,0.0814,0.08184,60874,4973.05766
1782633600000,0.08184,0.08235,0.08169,0.08207,35152,2881.13015
1782637200000,0.08207,0.0822,0.08149,0.08159,97849,8021.34862
1782640800000,0.08159,0.08181,0.08116,0.08133,97415,7934.81539
1782644400000,0.08133,0.08214,0.08127,0.08181,56478,4619.9985
1782648000000,0.08181,0.08198,0.08134,0.08156,54803,4472.21695
1782651600000,0.08156,0.08163,0.08107,0.08113,67485,5490.52681
1782655200000,0.08113,0.08187,0.08104,0.08163,122766,10026.22941
1782658800000,0.08163,0.08249,0.08134,0.08199,228645,18745.61863
1782662400000,0.08199,0.08218,0.08114,0.08147,87013,7088.09123
1782666000000,0.08147,0.0818,0.08078,0.0814,158069,12826.69859
1782669600000,0.0814,0.08151,0.08098,0.08131,54971,4459.80832
1782673200000,0.08131,0.08145,0.08057,0.08091,54327,4403.16525
1782676800000,0.08091,0.08125,0.08047,0.08075,45911,3712.7466
1782680400000,0.08075,0.08086,0.08009,0.08019,34435,2774.4059
1782684000000,0.08019,0.0813,0.07984,0.07998,186883,15064.83373
1782687600000,0.07998,0.08094,0.07998,0.08075,98583,7935.64913
1782691200000,0.08075,0.0808,0.0799,0.08077,52128,4189.59257
1782694800000,0.08077,0.08086,0.08023,0.08074,65821,5299.34705
1782698400000,0.08074,0.08133,0.07993,0.0813,92485,7434.90105
1782702000000,0.0813,0.08221,0.0812,0.08179,55069,4500.03377
1782705600000,0.08179,0.0819,0.08134,0.08142,72629,5932.17786
1782709200000,0.08142,0.08148,0.08088,0.08148,72595,5895.53455
1782712800000,0.08148,0.08204,0.08145,0.0816,101690,8308.11729
1782716400000,0.0816,0.082,0.08138,0.0814,110827,9066.76143
1782720000000,0.0814,0.0817,0.08103,0.08115,34431,2800.40367
1782723600000,0.08115,0.08245,0.08111,0.08181,238265,19539.05449
1782727200000,0.08181,0.08217,0.08157,0.08178,69162,5658.71249
1782730800000,0.08178,0.08178,0.08111,0.08121,109707,8934.70245
1782734400000,0.08121,0.08238,0.08093,0.08151,106598,8713.62848
1782738000000,0.08151,0.08206,0.08072,0.08109,124628,10156.54335
1782741600000,0.08109,0.08109,0.08001,0.0804,136276,10963.62136
1782745200000,0.0804,0.08085,0.07971,0.08074,159618,12818.66358
1782748800000,0.08074,0.0809,0.08036,0.08081,53779,4335.35193
1782752400000,0.08081,0.08267,0.0807,0.08233,162507,13313.69843
1782756000000,0.08233,0.08283,0.0818,0.08203,177129,14573.41833
1782759600000,0.08203,0.08203,0.08115,0.08169,148948,12163.34022
1782763200000,0.08169,0.08219,0.08153,0.0819,56697,4640.06468
1782766800000,0.0819,0.08199,0.08159,0.08183,21278,1739.68282
1782770400000,0.08183,0.08183,0.08116,0.08116,100583,8193.94083
1782774000000,0.08116,0.08127,0.08096,0.08106,24972,2024.79859
1782777600000,0.08106,0.08114,0.08015,0.08023,158809,12790.29548
1782781200000,0.08023,0.08038,0.07987,0.08037,84383,6760.87639
1782784800000,0.08037,0.08037,0.07955,0.07988,153655,12268.87023
1782788400000,0.07988,0.08023,0.07969,0.07971,18755,1500.05385
1782792000000,0.07971,0.08006,0.0795,0.08001,36836,2940.68787
1782795600000,0.08001,0.08009,0.07954,0.07994,62205,4972.96488
1782799200000,0.07994,0.08028,0.07983,0.08016,45213,3621.20663
1782802800000,0.08016,0.08025,0.07969,0.07969,148633,11886.83443
1782806400000,0.07969,0.07977,0.0791,0.07964,121513,9656.96287
1782810000000,0.07964,0.07998,0.0795,0.07985,57449,4584.95639
1782813600000,0.07985,0.08026,0.07965,0.08002,17344,1386.34537
1782817200000,0.08002,0.08003,0.0792,0.07933,76461,6095.04623
1782820800000,0.07933,0.07934,0.07779,0.07779,123161,9664.23139
1782824400000,0.07779,0.07902,0.07773,0.07873,54625,4274.79073
1782828000000,0.07873,0.0798,0.07873,0.07905,119592,9472.83234
1782831600000,0.07905,0.07963,0.07868,0.0791,88622,7001.61649
1782835200000,0.0791,0.07935,0.07862,0.07895,28911,2284.53461
1782838800000,0.07895,0.07918,0.0787,0.07879,43285,3414.97302
1782842400000,0.07879,0.07982,0.07867,0.0793,78581,6217.51596
1782846000000,0.0793,0.08002,0.07896,0.07993,57073,4539.21973
1782849600000,0.07993,0.07993,0.07901,0.07941,66859,5317.52765
1782853200000,0.07941,0.07944,0.07913,0.07924,15601,1236.71529
1782856800000,0.07924,0.07948,0.07869,0.0789,38895,3070.83322
1782860400000,0.0789,0.0789,0.07855,0.07864,11978,942.99883
1782864000000,0.07864,0.07885,0.07842,0.07853,15924,1250.85988
1782867600000,0.07853,0.07867,0.07652,0.07849,394391,30578.74842
1782871200000,0.07849,0.07936,0.07827,0.07886,50920,4011.67924
1782874800000,0.07886,0.07922,0.0782,0.07922,131167,10316.7534
1782878400000,0.07922,0.07949,0.07894,0.07939,24139,1911.31732
1782882000000,0.07939,0.07939,0.07898,0.07919,13461,1065.62481
1782885600000,0.07919,0.07919,0.07769,0.07777,103254,8075.84264
1782889200000,0.07777,0.078,0.0776,0.07786,25745,2003.02896
1782892800000,0.07786,0.07845,0.07751,0.07839,113556,8851.88658
1782896400000,0.07839,0.0785,0.07816,0.07841,76527,5995.22716
1782900000000,0.07841,0.07866,0.07819,0.07839,58855,4612.33366
1782903600000,0.07839,0.07893,0.07829,0.07869,44589,3514.1297
1782907200000,0.07869,0.07876,0.07835,0.07845,47992,3768.12282
1782910800000,0.07845,0.07984,0.07822,0.07963,131083,10357.08732
1782914400000,0.07963,0.08056,0.07923,0.08034,224477,17974.87034
1782918000000,0.08034,0.08199,0.08028,0.08131,232452,18899.12859
1782921600000,0.08131,0.08152,0.08072,0.08083,76690,6214.08059
1782925200000,0.08083,0.08101,0.08037,0.08072,45443,3666.2141
1782928800000,0.08072,0.08086,0.08017,0.08026,74706,6020.01579
1782932400000,0.08026,0.08056,0.08002,0.08019,91928,7374.50961
1782936000000,0.08019,0.0807,0.08003,0.08061,40124,3222.13502
1782939600000,0.08061,0.08232,0.08061,0.08182,197896,16104.2339
1782943200000,0.08182,0.08221,0.08172,0.08206,49729,4073.15295
1782946800000,0.08206,0.08208,0.08098,0.0811,60688,4941.00922
1782950400000,0.0811,0.08158,0.08023,0.08054,253771,20491.15498
1782954000000,0.08054,0.08212,0.08054,0.08154,351837,28596.52272
1782957600000,0.08154,0.08158,0.08118,0.0815,77474,6301.72381
1782961200000,0.0815,0.08211,0.08115,0.08207,117312,9600.58744
1782964800000,0.08207,0.08223,0.08149,0.0821,57598,4713.68633
1782968400000,0.0821,0.08303,0.082,0.08228,138951,11466.47591
1782972000000,0.08228,0.08303,0.08174,0.08246,94455,7763.91786
1782975600000,0.08246,0.08637,0.08225,0.08618,663475,55813.08867
1782979200000,0.08618,0.08737,0.08343,0.08496,1660454,141009.19301
1782982800000,0.08496,0.09253,0.08396,0.08624,3236796,282645.29338
1782986400000,0.08624,0.08806,0.0841,0.08628,1750637,150201.38184
1782990000000,0.08628,0.08652,0.08472,0.08512,989177,84832.11466
1782993600000,0.08512,0.08548,0.08364,0.0837,779028,65831.17185
1782997200000,0.0837,0.08487,0.08216,0.0845,462563,38656.34979
1783000800000,0.0845,0.0847,0.08367,0.08409,229527,19313.42732
1783004400000,0.08409,0.08464,0.08401,0.08431,61410,5178.80037
1783008000000,0.08431,0.08462,0.0836,0.08417,123057,10356.66933
1783011600000,0.08417,0.08475,0.084,0.08445,37731,3182.40317
1783015200000,0.08445,0.08485,0.0843,0.08442,81448,6879.99545
1783018800000,0.08442,0.08462,0.08385,0.08431,292436,24614.58417
1783022400000,0.08431,0.08451,0.08392,0.08443,64320,5417.49555
1783026000000,0.08443,0.08554,0.0843,0.08538,83684,7099.35121
1783029600000,0.08538,0.08572,0.08453,0.08543,163949,13942.81775
1783033200000,0.08543,0.08543,0.08469,0.08473,80142,6810.59441
1783036800000,0.08473,0.08481,0.08342,0.08375,459181,38656.3376
1783040400000,0.08375,0.08583,0.08335,0.08499,151477,12781.54631
1783044000000,0.08499,0.08595,0.08496,0.08583,327258,27926.01974
1783047600000,0.08583,0.08612,0.08506,0.08532,181361,15507.44952
1783051200000,0.08532,0.08853,0.085,0.0869,348644,30205.07048
1783054800000,0.0869,0.08718,0.08632,0.08668,113343,9826.50681
1783058400000,0.08668,0.08707,0.08583,0.08643,134381,11614.02795
1783062000000,0.08643,0.08661,0.08583,0.08633,99846,8602.84159
1783065600000,0.08633,0.08805,0.08605,0.08743,188323,16412.36142
1783069200000,0.08743,0.0892,0.0872,0.0879,433219,38364.89393
1783072800000,0.0879,0.08871,0.08781,0.08819,120181,10598.4638
1783076400000,0.08819,0.0891,0.0879,0.08901,232596,20554.11378
1783080000000,0.08901,0.08921,0.08811,0.08863,140718,12472.41847
1783083600000,0.08863,0.08944,0.08797,0.08834,165211,14646.01917
1783087200000,0.08834,0.08877,0.08776,0.08852,70384,6199.35802
1783090800000,0.08852,0.0886,0.08764,0.0878,105390,9273.53945
1783094400000,0.0878,0.08825,0.08733,0.08802,172216,15126.54845
1783098000000,0.08802,0.08843,0.08765,0.0881,55622,4900.35963
1783101600000,0.0881,0.08814,0.08766,0.08773,53071,4662.87112
1783105200000,0.08773,0.08862,0.08743,0.08859,73825,6508.24758
1783108800000,0.08859,0.0891,0.0884,0.0885,47242,4191.87356
1783112400000,0.0885,0.08861,0.08811,0.08837,112062,9910.20929
1783116000000,0.08837,0.08845,0.08779,0.0881,29691,2615.82055
1783119600000,0.0881,0.08831,0.08768,0.088,43664,3844.64954
1783123200000,0.088,0.08853,0.08645,0.08675,263430,22971.999
1783126800000,0.08675,0.0871,0.08619,0.08622,97670,8463.17995
1783130400000,0.08622,0.08654,0.08588,0.08638,71930,6198.09662
1783134000000,0.08638,0.08646,0.08562,0.08623,37457,3222.27627
1783137600000,0.08623,0.08652,0.0859,0.086,121746,10490.79058
1783141200000,0.086,0.08623,0.08581,0.08586,35241,3029.8133
1783144800000,0.08586,0.08616,0.08534,0.08569,210424,18034.75671
1783148400000,0.08569,0.08603,0.08551,0.08587,63786,5469.83773
1783152000000,0.08587,0.08646,0.0857,0.08602,44234,3806.07773
1783155600000,0.08602,0.08625,0.0857,0.08603,47499,4083.83962
1783159200000,0.08603,0.08605,0.08577,0.08605,27607,2371.40818
1783162800000,0.08605,0.0866,0.0858,0.08639,98175,8463.24107
1783166400000,0.08639,0.08692,0.08633,0.08656,42750,3697.66268
1783170000000,0.08656,0.08677,0.08616,0.08616,42309,3656.34941
1783173600000,0.08616,0.08663,0.08616,0.0865,32081,2771.98249
1783177200000,0.0865,0.08731,0.08633,0.08711,59252,5142.58762
1783180800000,0.08711,0.08742,0.08697,0.08697,35376,3082.18312
1783184400000,0.08697,0.08761,0.08668,0.08751,58867,5125.95908
1783188000000,0.08751,0.08763,0.08699,0.08721,28271,2471.41278
1783191600000,0.08721,0.08747,0.0867,0.08696,27004,2352.37785
1783195200000,0.08696,0.08696,0.08636,0.08648,47494,4110.88995
1783198800000,0.08648,0.0869,0.08627,0.08662,48685,4211.29135
1783202400000,0.08662,0.0867,0.08609,0.08617,19084,1646.59544
1783206000000,0.08617,0.08621,0.0857,0.0862,97370,8377.25219
1783209600000,0.0862,0.08655,0.08559,0.0861,195463,16829.50109
1783213200000,0.0861,0.08633,0.08597,0.08615,49597,4271.86105
1783216800000,0.08615,0.08626,0.08594,0.08601,55993,4820.47354
1783220400000,0.08601,0.08609,0.08562,0.08602,67840,5827.68916
1783224000000,0.08602,0.08608,0.08599,0.08605,6775,582.8449
1783227600000,0.08605,0.0863,0.08591,0.08628,18644,1604.55018
1783231200000,0.08628,0.0866,0.086,0.0862,86802,7484.81394
1783234800000,0.0862,0.08645,0.08483,0.08526,92682,7936.39883
1783238400000,0.08526,0.08526,0.0846,0.08472,171020,14507.62093
1783242000000,0.08472,0.0851,0.08321,0.0837,139658,11723.65075
1783245600000,0.0837,0.08451,0.08326,0.08412,109890,9221.89335
1783249200000,0.08412,0.08472,0.08412,0.08462,25511,2158.03322
1783252800000,0.08462,0.08484,0.08387,0.08471,64874,5466.02268
1783256400000,0.08471,0.08491,0.08435,0.08491,21085,1783.57865
1783260000000,0.08491,0.08491,0.08409,0.08473,39304,3324.42755
1783263600000,0.08473,0.08528,0.08473,0.08511,72347,6149.49018
1783267200000,0.08511,0.08523,0.08478,0.08507,5911,502.60615
1783270800000,0.08507,0.08528,0.08492,0.08509,10410,885.31045
1783274400000,0.08509,0.08542,0.08509,0.08523,10547,899.73951
1783278000000,0.08523,0.08538,0.08481,0.08484,21736,1848.12232
1783281600000,0.08484,0.08496,0.08449,0.08477,31407,2663.0027
1783285200000,0.08477,0.08577,0.08457,0.08525,26591,2266.55768
1783288800000,0.08525,0.08617,0.08504,0.08582,146210,12543.20432
1783292400000,0.08582,0.08644,0.08569,0.08591,48829,4206.66135
1783296000000,0.08591,0.08615,0.08492,0.08566,46410,3979.94556
1783299600000,0.08566,0.08587,0.08503,0.08503,18352,1571.68947
1783303200000,0.08503,0.08528,0.08443,0.08456,91529,7756.72292
1783306800000,0.08456,0.08485,0.08424,0.08479,34452,2916.05523
1783310400000,0.08479,0.08479,0.08418,0.0844,14757,1248.23193
1783314000000,0.0844,0.0844,0.08371,0.08408,33429,2808.51197
1783317600000,0.08408,0.08409,0.0835,0.08378,22161,1853.35267
1783321200000,0.08378,0.08404,0.08353,0.08353,58856,4931.52775
1783324800000,0.08353,0.08425,0.08353,0.08384,42461,3560.92158
1783328400000,0.08384,0.08387,0.08312,0.0833,63706,5305.31373
1783332000000,0.0833,0.08428,0.08329,0.08418,45583,3813.44212
1783335600000,0.08418,0.08448,0.08365,0.08365,82833,6974.25159
1783339200000,0.08365,0.08365,0.0823,0.08247,224868,18595.24366
1783342800000,0.08247,0.08302,0.08167,0.08285,156713,12887.23102
1783346400000,0.08285,0.08377,0.08281,0.08344,31493,2624.96054
1783350000000,0.08344,0.08473,0.08334,0.0847,37849,3166.19089
1783353600000,0.0847,0.0855,0.08457,0.08481,56142,4770.71415
1783357200000,0.08481,0.0853,0.08467,0.0847,24563,2087.67781
1783360800000,0.0847,0.08805,0.0846,0.08644,1069863,92469.20452
1783364400000,0.08644,0.08653,0.08535,0.08588,171648,14723.31317
1783368000000,0.08588,0.08607,0.08539,0.08596,94029,8067.2492
1783371600000,0.08596,0.08736,0.08595,0.0865,58569,5071.12163
1783375200000,0.0865,0.08679,0.08624,0.0865,101807,8801.37984
1783378800000,0.0865,0.08677,0.08607,0.08609,60531,5239.14262
1783382400000,0.08609,0.0866,0.0859,0.08609,59454,5129.53255
1783386000000,0.08609,0.08609,0.0851,0.08536,57446,4909.85269
1783389600000,0.08536,0.08536,0.08472,0.08482,32057,2727.11563
1783393200000,0.08482,0.08493,0.08455,0.0846,29949,2539.01505
1783396800000,0.0846,0.08487,0.0841,0.08435,91906,7760.59844
1783400400000,0.08435,0.08475,0.08343,0.08412,141538,11887.72894
1783404000000,0.08412,0.08497,0.08412,0.08495,84913,7182.94725
1783407600000,0.08495,0.08495,0.0841,0.08411,46842,3962.14077
1783411200000,0.08411,0.0848,0.0839,0.08477,73397,6181.85344
1783414800000,0.08477,0.08477,0.08394,0.08404,41984,3536.07393
1783418400000,0.08404,0.08432,0.08363,0.0837,68400,5736.38135
1783422000000,0.0837,0.0837,0.08319,0.0837,101572,8468.58531
1783425600000,0.0837,0.084,0.08326,0.08339,48515,4053.98438
1783429200000,0.08339,0.08339,0.08251,0.08253,29513,2449.66828
1783432800000,0.08253,0.08253,0.08154,0.08237,100637,8254.26121
1783436400000,0.08237,0.0834,0.08214,0.08321,68497,5673.02796
1783440000000,0.08321,0.08329,0.08251,0.08329,30807,2551.38059
1783443600000,0.08329,0.08335,0.08259,0.08292,76000,6310.72638
1783447200000,0.08292,0.08292,0.08183,0.08191,76683,6322.54467
1783450800000,0.08191,0.08193,0.08116,0.08141,68771,5605.00723
1783454400000,0.08141,0.08153,0.08103,0.08139,46445,3775.04348
1783458000000,0.08139,0.08177,0.08037,0.08041,201706,16348.4186
1783461600000,0.08041,0.08043,0.07965,0.08038,76609,6138.19994
1783465200000,0.08038,0.08059,0.07991,0.07993,56375,4528.65578
1783468800000,0.07993,0.08019,0.07993,0.08011,41198,3297.99408
1783472400000,0.08011,0.08011,0.07863,0.07895,183466,14564.54925
1783476000000,0.07895,0.0792,0.07841,0.07899,143306,11311.89297
1783479600000,0.07899,0.07948,0.07869,0.07877,129797,10282.81025
1783483200000,0.07877,0.07903,0.07858,0.07897,58267,4597.25412
1783486800000,0.07897,0.07909,0.0786,0.07891,131387,10364.11846
1783490400000,0.07891,0.07902,0.07828,0.07879,150450,11834.25151
1783494000000,0.07879,0.07916,0.0785,0.07916,61317,4829.54554
1783497600000,0.07916,0.07927,0.07752,0.07782,291750,22802.32884
1783501200000,0.07782,0.07803,0.07747,0.07751,172315,13392.0007
1783504800000,0.07751,0.07791,0.07725,0.07773,128835,9985.32468
1783508400000,0.07773,0.07855,0.07753,0.07834,54713,4267.37692
1783512000000,0.07834,0.07851,0.07804,0.07804,50496,3952.36282
1783515600000,0.07804,0.07845,0.0778,0.07837,184307,14412.72027
1783519200000,0.07837,0.0786,0.07783,0.07816,101142,7909.54705
1783522800000,0.07816,0.0782,0.07706,0.07732,100114,7744.12222
1783526400000,0.07732,0.07792,0.07729,0.07792,39916,3095.42622
1783530000000,0.07792,0.07805,0.07759,0.07772,35117,2734.41736
1783533600000,0.07772,0.07798,0.07752,0.07795,20515,1596.45785
1783537200000,0.07795,0.07816,0.0777,0.07797,26641,2077.13362
1783540800000,0.07797,0.07818,0.07788,0.07792,38529,3007.81101
1783544400000,0.07792,0.07904,0.07782,0.07893,67569,5309.33376
1783548000000,0.07893,0.07901,0.07864,0.07869,41007,3230.50127
1783551600000,0.07869,0.07881,0.07849,0.07878,54789,4310.82209
1783555200000,0.07878,0.07886,0.07824,0.07828,73231,5757.84658
1783558800000,0.07828,0.07912,0.07828,0.0786,66173,5206.85735
1783562400000,0.0786,0.0786,0.07791,0.0781,69111,5413.72421
1783566000000,0.0781,0.07846,0.07724,0.07841,254213,19824.08025
1783569600000,0.07841,0.07981,0.07834,0.0796,84917,6727.54819
1783573200000,0.0796,0.08014,0.07943,0.07986,163472,13078.31162
1783576800000,0.07986,0.08023,0.07958,0.08007,28013,2238.30992
1783580400000,0.08007,0.08031,0.07987,0.08016,76805,6153.0321
1783584000000,0.08016,0.08016,0.07974,0.07997,14534,1160.47651
1783587600000,0.07997,0.08002,0.07945,0.07997,17125,1363.99482
1783591200000,0.07997,0.08016,0.07974,0.07988,23561,1884.55511
1783594800000,0.07988,0.08028,0.07974,0.08028,21707,1736.98528
1783598400000,0.08028,0.08044,0.07966,0.08001,39759,3182.93245
1783602000000,0.08001,0.08101,0.08,0.08098,110694,8938.77338
1783605600000,0.08098,0.08116,0.08013,0.08028,58227,4693.13477
1783609200000,0.08028,0.08044,0.07985,0.07991,92157,7389.46935
1783612800000,0.07991,0.08017,0.07964,0.08,33520,2678.14579
1783616400000,0.08,0.0807,0.07977,0.08049,49395,3956.0794
1783620000000,0.08049,0.081,0.08024,0.08055,67386,5427.81936
1783623600000,0.08055,0.0806,0.08023,0.08023,95176,7647.61086
1783627200000,0.08023,0.08071,0.08012,0.08034,19551,1572.25482
1783630800000,0.08034,0.08056,0.08019,0.08052,36907,2967.87485
1783634400000,0.08052,0.08064,0.08013,0.08038,43592,3504.34506
1783638000000,0.08038,0.08077,0.08006,0.08058,81477,6560.94969
1783641600000,0.08058,0.08079,0.07932,0.07978,130135,10391.21644
1783645200000,0.07978,0.08236,0.07966,0.0818,166334,13434.51317
1783648800000,0.0818,0.08289,0.0814,0.08214,215658,17688.12158
1783652400000,0.08214,0.08248,0.08181,0.08181,68195,5604.66834
1783656000000,0.08181,0.08232,0.08151,0.08178,189355,15510.10516
1783659600000,0.08178,0.08195,0.08138,0.08139,62098,5073.64768
1783663200000,0.08139,0.08176,0.08098,0.08161,104514,8527.92949
1783666800000,0.08161,0.08175,0.08103,0.08117,136601,11126.90165
1783670400000,0.08117,0.08165,0.08096,0.08114,55364,4497.76787
1783674000000,0.08114,0.08166,0.08091,0.0814,83697,6810.28675
1783677600000,0.0814,0.08181,0.08123,0.08123,68376,5570.02681
1783681200000,0.08123,0.0815,0.08109,0.08132,34125,2774.01012
1783684800000,0.08132,0.08168,0.0812,0.0814,23805,1939.55398
1783688400000,0.0814,0.08192,0.08116,0.08145,35897,2924.76998
1783692000000,0.08145,0.08164,0.0803,0.08115,125047,10147.93513
1783695600000,0.08115,0.08166,0.08115,0.08138,53505,4351.33729
1783699200000,0.08138,0.0817,0.08119,0.08168,22564,1838.10312
1783702800000,0.08168,0.08168,0.08084,0.08084,19966,1621.58613
1783706400000,0.08084,0.08096,0.08044,0.08056,14597,1178.61857
1783710000000,0.08056,0.08111,0.08054,0.08087,15652,1265.10112
1783713600000,0.08087,0.08087,0.08058,0.08066,14973,1208.1752
1783717200000,0.08066,0.08144,0.08056,0.08118,9243,748.42251
1783720800000,0.08118,0.08166,0.0811,0.08152,84888,6913.53233
1783724400000,0.08152,0.08153,0.08134,0.08141,11701,952.84175
1783728000000,0.08141,0.08161,0.08071,0.081,65465,5304.79109
1783731600000,0.081,0.08127,0.08091,0.08107,17245,1397.84356
1783735200000,0.08107,0.08161,0.081,0.08161,10495,853.93273
1783738800000,0.08161,0.08181,0.08132,0.0816,16990,1386.5794
1783742400000,0.0816,0.08199,0.08139,0.08157,39088,3193.91783
1783746000000,0.08157,0.08161,0.08127,0.08147,16684,1359.5127
1783749600000,0.08147,0.08194,0.0813,0.08147,44100,3603.20347
1783753200000,0.08147,0.08156,0.08139,0.08154,5941,484.08792
1783756800000,0.08154,0.08159,0.0812,0.08135,13501,1099.56276
1783760400000,0.08135,0.08165,0.08109,0.08109,30720,2499.64935
1783764000000,0.08109,0.08127,0.08081,0.08081,33685,2727.72615
1783767600000,0.08081,0.08144,0.08081,0.08125,7317,593.47782
1783771200000,0.08125,0.0814,0.08074,0.08112,36722,2975.78085
1783774800000,0.08112,0.08128,0.081,0.081,18865,1530.92951
1783778400000,0.081,0.08242,0.081,0.08224,260270,21374.97631
1783782000000,0.08224,0.08294,0.08169,0.08192,86984,7145.82805
1783785600000,0.08192,0.0823,0.08136,0.08183,128146,10494.85002
1783789200000,0.08183,0.08217,0.08174,0.08197,40897,3354.01191
1783792800000,0.08197,0.08233,0.08185,0.08199,17454,1432.69119
1783796400000,0.08199,0.08204,0.08159,0.08199,7127,583.36423
1783800000000,0.08199,0.08216,0.08175,0.08204,7918,649.43229
1783803600000,0.08204,0.08204,0.08162,0.08162,27669,2263.8869
1783807200000,0.08162,0.08199,0.08146,0.08171,41568,3396.66633
1783810800000,0.08171,0.08178,0.08089,0.08115,36107,2932.84055
1783814400000,0.08115,0.08141,0.08026,0.08055,146035,11784.36317
1783818000000,0.08055,0.0808,0.08045,0.0807,25096,2023.11345
1783821600000,0.0807,0.08079,0.08032,0.0806,21528,1733.71821
1783825200000,0.0806,0.08097,0.07725,0.0795,2217873,176175.05924
1783828800000,0.0795,0.07957,0.07855,0.07893,200818,15845.2576
1783832400000,0.07893,0.07976,0.07893,0.07937,209509,16657.75301
1783836000000,0.07937,0.07963,0.07805,0.0789,142964,11262.3711
1783839600000,0.0789,0.0792,0.07872,0.07911,36590,2891.49051
1783843200000,0.07911,0.07944,0.07909,0.07921,16779,1330.99521
1783846800000,0.07921,0.07936,0.07842,0.07861,53705,4229.13144
1783850400000,0.07861,0.07912,0.07858,0.07895,33374,2630.50984
1783854000000,0.07895,0.0796,0.07861,0.07943,149599,11832.99085
1783857600000,0.07943,0.07977,0.07925,0.07936,57277,4551.74022
1783861200000,0.07936,0.07959,0.07916,0.07921,20602,1636.39353
1783864800000,0.07921,0.0845,0.07901,0.08313,2124891,175762.88815
1783868400000,0.08313,0.08363,0.08227,0.08268,542136,45018.46102
1783872000000,0.08268,0.08275,0.08169,0.08174,259139,21307.39122
1783875600000,0.08174,0.08201,0.0804,0.08099,186132,15115.84182
1783879200000,0.08099,0.08117,0.08065,0.0807,33358,2698.07428
1783882800000,0.0807,0.08106,0.08043,0.081,105697,8520.17471
1783886400000,0.081,0.081,0.08027,0.0803,58039,4682.70824
1783890000000,0.0803,0.08047,0.07965,0.07993,48911,3920.83831
1783893600000,0.07993,0.08016,0.0798,0.08007,69382,5550.21971
1783897200000,0.08007,0.08104,0.07988,0.08048,145917,11753.96366
1783900800000,0.08048,0.08074,0.07959,0.08031,91100,7318.46101
1783904400000,0.08031,0.08032,0.07918,0.07923,64437,5137.79292
1783908000000,0.07923,0.08315,0.07885,0.08272,382418,31072.35997
1783911600000,0.08272,0.08442,0.07961,0.08052,969773,79793.72883
1783915200000,0.08052,0.08083,0.07951,0.07957,203079,16289.33726
1783918800000,0.07957,0.08021,0.0792,0.07948,114369,9111.58497
1783922400000,0.07948,0.0798,0.07927,0.07956,114381,9094.04967
1783926000000,0.07956,0.07991,0.07899,0.07971,130197,10335.44958
1783929600000,0.07971,0.07979,0.07926,0.0795,83368,6628.95379
1783933200000,0.0795,0.07982,0.07917,0.07949,79054,6283.51711
1783936800000,0.07949,0.0798,0.0793,0.07939,60005,4767.87263
1783940400000,0.07939,0.07968,0.07932,0.0794,74783,5946.1911
1783944000000,0.0794,0.0795,0.07886,0.07939,50515,4001.37148
1783947600000,0.07939,0.07981,0.07914,0.0793,64317,5106.46068
1783951200000,0.0793,0.08017,0.07868,0.0798,150374,11957.104
1783954800000,0.0798,0.08047,0.0792,0.07945,173282,13831.66188
1783958400000,0.07945,0.07961,0.07836,0.0786,119841,9467.54901
1783962000000,0.0786,0.0792,0.07776,0.07776,174985,13749.88073
1783965600000,0.07776,0.07829,0.07774,0.07787,69422,5416.39531
1783969200000,0.07787,0.07801,0.0774,0.0778,58099,4512.10912
1783972800000,0.0778,0.0778,0.07697,0.07734,344119,26588.1626
1783976400000,0.07734,0.07745,0.07634,0.0769,126780,9731.43892
1783980000000,0.0769,0.07732,0.0766,0.07676,135498,10445.87683
1783983600000,0.07676,0.07759,0.07667,0.0775,110927,8577.11977
1783987200000,0.0775,0.07833,0.07706,0.07827,76059,5897.96076
1783990800000,0.07827,0.07836,0.07787,0.07813,73709,5761.80515
1783994400000,0.07813,0.07813,0.07711,0.07756,116229,9014.67303
1783998000000,0.07756,0.07971,0.07696,0.07912,475789,37476.77714
1784001600000,0.07912,0.07938,0.07876,0.07896,81001,6398.72251
1784005200000,0.07896,0.07952,0.07889,0.07917,39858,3155.79194
1784008800000,0.07917,0.07943,0.07846,0.07939,71448,5642.331
1784012400000,0.07939,0.07939,0.07853,0.07854,15964,1261.44469
1784016000000,0.07854,0.07954,0.07833,0.0787,107691,8489.27199
1784019600000,0.0787,0.07894,0.0781,0.07832,137053,10777.9367
1784023200000,0.07832,0.07869,0.078,0.07828,50887,3991.63888
1784026800000,0.07828,0.07844,0.07818,0.0782,44964,3519.84982
1784030400000,0.0782,0.07936,0.0776,0.0792,176425,13871.57543
1784034000000,0.0792,0.08003,0.079,0.07949,116437,9247.52478
1784037600000,0.07949,0.07988,0.07912,0.07982,74572,5924.49995
1784041200000,0.07982,0.08106,0.07952,0.08024,231746,18569.38033
1784044800000,0.08024,0.08031,0.07989,0.0801,83437,6678.15278
1784048400000,0.0801,0.0801,0.07955,0.07978,65433,5219.48175
1784052000000,0.07978,0.07982,0.07938,0.07965,23147,1840.90934
1784055600000,0.07965,0.0797,0.07922,0.07941,83941,6665.54841
1784059200000,0.07941,0.07952,0.07906,0.07925,19459,1542.10936
1784062800000,0.07925,0.07948,0.07915,0.07927,60526,4799.85326
1784066400000,0.07927,0.07976,0.07905,0.07924,49471,3923.33365
1784070000000,0.07924,0.0795,0.07913,0.07939,41600,3300.45403
1784073600000,0.07939,0.07952,0.07881,0.07925,75026,5942.70849
1784077200000,0.07925,0.07941,0.07904,0.07904,32371,2564.38458
1784080800000,0.07904,0.07923,0.07861,0.07877,37789,2980.48105
1784084400000,0.07877,0.0791,0.0787,0.07897,12097,953.53715
1784088000000,0.07897,0.07911,0.07867,0.079,91543,7219.33691
1784091600000,0.079,0.07931,0.07879,0.07931,40322,3188.14863
1784095200000,0.07931,0.07997,0.07917,0.07976,64192,5106.17492
1784098800000,0.07976,0.07976,0.07896,0.07948,38968,3096.63997
1784102400000,0.07948,0.07986,0.07925,0.07983,60173,4781.53692
1784106000000,0.07983,0.08007,0.0792,0.07928,75700,6029.09313
1784109600000,0.07928,0.0796,0.07923,0.07928,22824,1811.53878
1784113200000,0.07928,0.08034,0.07928,0.07948,191918,15315.8507
1784116800000,0.07948,0.08143,0.07948,0.08132,158625,12778.6531
1784120400000,0.08132,0.0823,0.08098,0.08172,193533,15800.9407
1784124000000,0.08172,0.08211,0.08149,0.08167,142294,11634.74779
1784127600000,0.08167,0.08167,0.08117,0.08137,72730,5917.61438
1784131200000,0.08137,0.08151,0.08062,0.08068,68403,5545.09922
1784134800000,0.08068,0.08149,0.08068,0.08142,29340,2381.52276
1784138400000,0.08142,0.08161,0.08075,0.08083,71590,5800.60211
1784142000000,0.08083,0.08112,0.08059,0.08062,82283,6649.63025
1784145600000,0.08062,0.08121,0.08062,0.08118,38671,3135.25726
1784149200000,0.08118,0.08123,0.08086,0.08103,34604,2804.48464
1784152800000,0.08103,0.08114,0.08077,0.08096,176376,14284.71335
1784156400000,0.08096,0.08102,0.08065,0.0807,71859,5809.4166
1784160000000,0.0807,0.0809,0.07942,0.08014,230908,18513.24223
1784163600000,0.08014,0.0806,0.07996,0.08058,44201,3546.40124
1784167200000,0.08058,0.08097,0.08037,0.08045,357205,28832.99951
1784170800000,0.08045,0.08071,0.07965,0.0802,129741,10411.02922
1784174400000,0.0802,0.08033,0.08008,0.08013,24048,1928.39794
1784178000000,0.08013,0.08057,0.08013,0.08016,32079,2580.78309
1784181600000,0.08016,0.08034,0.07964,0.07966,97594,7797.46133
1784185200000,0.07966,0.07981,0.07887,0.07891,54879,4352.88172
1784188800000,0.07891,0.0792,0.07832,0.079,163296,12859.32987
1784192400000,0.079,0.07905,0.07816,0.07824,348192,27372.29374
1784196000000,0.07824,0.07847,0.078,0.07809,240307,18825.9793
1784199600000,0.07809,0.07824,0.07764,0.0778,235274,18330.8978
1784203200000,0.0778,0.07789,0.07704,0.0773,301439,23351.74271
1784206800000,0.0773,0.0781,0.07717,0.0774,135330,10500.62979
1784210400000,0.0774,0.07843,0.07735,0.07801,313014,24390.00109
1784214000000,0.07801,0.07838,0.07754,0.07802,44300,3454.58657
1784217600000,0.07802,0.07824,0.07652,0.07666,445198,34348.68336
1784221200000,0.07666,0.07669,0.07442,0.07471,403299,30353.13732
1784224800000,0.07471,0.07494,0.07403,0.07436,269414,20076.51431
1784228400000,0.07436,0.07519,0.07406,0.07421,116289,8659.08549
1784232000000,0.07421,0.07511,0.07411,0.07489,206259,15389.41178
1784235600000,0.07489,0.07493,0.07424,0.0747,76608,5722.34469
1784239200000,0.0747,0.0752,0.07319,0.07349,534720,39533.10613
1784242800000,0.07349,0.07416,0.07332,0.07363,243258,17919.04406
1784246400000,0.07363,0.07443,0.07322,0.07443,220844,16316.4629
1784250000000,0.07443,0.07466,0.07394,0.0741,176406,13107.92459
1784253600000,0.0741,0.07419,0.07296,0.07326,233024,17174.323
1784257200000,0.07326,0.07429,0.07322,0.07359,228225,16848.20393
1784260800000,0.07359,0.0739,0.07322,0.07388,295868,21761.43041
1784264400000,0.07388,0.07388,0.0728,0.07292,215431,15799.42948
1784268000000,0.07292,0.07361,0.07292,0.07357,120376,8828.18424
1784271600000,0.07357,0.07374,0.0732,0.0735,89810,6608.61788
1784275200000,0.0735,0.07361,0.07296,0.07306,515175,37733.24158
1784278800000,0.07306,0.0733,0.07241,0.07242,627216,45636.41521
1784282400000,0.07242,0.07304,0.07231,0.07293,98816,7173.20749
1784286000000,0.07293,0.07325,0.07276,0.07303,216622,15809.14675
1784289600000,0.07303,0.07343,0.07187,0.07214,527171,38281.5147
1784293200000,0.07214,0.07221,0.07066,0.0717,227075,16212.37172
1784296800000,0.0717,0.0721,0.07138,0.0719,106807,7658.63029
1784300400000,0.0719,0.0719,0.07062,0.07159,514610,36655.12358
1784304000000,0.07159,0.07169,0.07101,0.07162,201123,14355.67259
1784307600000,0.07162,0.07201,0.07143,0.07149,137419,9851.75372
1784311200000,0.07149,0.07211,0.07129,0.07193,226085,16185.2783
1784314800000,0.07193,0.07206,0.07117,0.07149,77996,5575.30712
1784318400000,0.07149,0.07159,0.07093,0.07134,353210,25180.31503
1784322000000,0.07134,0.07169,0.07078,0.07085,300081,21384.85853
1784325600000,0.07085,0.07107,0.06963,0.07044,792369,55693.84454
1784329200000,0.07044,0.07055,0.06989,0.07016,321157,22543.71397
1784332800000,0.07016,0.07027,0.06927,0.06945,376232,26226.53737
1784336400000,0.06945,0.06953,0.06871,0.06897,279261,19282.20056
1784340000000,0.06897,0.0692,0.06877,0.06896,186677,12881.3005
1784343600000,0.06896,0.06898,0.06809,0.06825,175784,12072.0876
1784347200000,0.06825,0.06838,0.06762,0.06818,112934,7680.99043
1784350800000,0.06818,0.06822,0.06731,0.06759,331536,22426.63083
1784354400000,0.06759,0.06774,0.06668,0.0673,613633,41162.72312
1784358000000,0.0673,0.06736,0.06671,0.06733,368651,24700.58313
1784361600000,0.06733,0.06741,0.0669,0.06717,519493,34902.31502
1784365200000,0.06717,0.06741,0.06513,0.06673,1341383,88802.35433
1784368800000,0.06673,0.06742,0.06594,0.06646,512683,34114.3076
1784372400000,0.06646,0.06676,0.06563,0.06565,396291,26210.01741
1784376000000,0.06565,0.0667,0.06563,0.06645,421321,27941.24116
1784379600000,0.06645,0.06648,0.06587,0.06616,241694,15984.92097
1784383200000,0.06616,0.0671,0.06596,0.06674,457474,30499.6527
1784386800000,0.06674,0.06698,0.06664,0.0668,171066,11429.70759
1784390400000,0.0668,0.06694,0.06645,0.06675,179163,11950.36007
1784394000000,0.06675,0.06745,0.06645,0.06705,216178,14492.39999
1784397600000,0.06705,0.06726,0.06675,0.06681,150911,10111.65536
1784401200000,0.06681,0.06704,0.06673,0.06698,95623,6395.71117
1784404800000,0.06698,0.0671,0.06668,0.06687,127453,8521.59792
1784408400000,0.06687,0.06707,0.06632,0.06632,165383,11035.25635
1784412000000,0.06632,0.06657,0.06606,0.06651,202595,13433.05202
1784415600000,0.06651,0.06656,0.06604,0.06641,232395,15399.77126
1784419200000,0.06641,0.06665,0.06612,0.06621,195387,12981.41125
1784422800000,0.06621,0.06665,0.0662,0.06638,204505,13588.24073
1784426400000,0.06638,0.06688,0.06634,0.06641,176838,11779.66737
1784430000000,0.06641,0.0665,0.06597,0.06597,101623,6724.92742
1784433600000,0.06597,0.06656,0.06594,0.06642,123063,8144.81592
1784437200000,0.06642,0.06685,0.06622,0.06662,286983,19103.51496
1784440800000,0.06662,0.06763,0.06662,0.067,317277,21296.27635
1784444400000,0.067,0.0671,0.06648,0.06659,127579,8527.51215
1784448000000,0.06659,0.06684,0.06621,0.06653,238215,15841.37507
1784451600000,0.06653,0.06653,0.06597,0.06613,158410,10476.37287
1784455200000,0.06613,0.06652,0.06594,0.0664,227500,15056.23253
1784458800000,0.0664,0.06641,0.06598,0.06619,71266,4718.58911
1784462400000,0.06619,0.06624,0.06569,0.06602,269258,17754.98361
1784466000000,0.06602,0.06609,0.06575,0.06595,167116,11018.82805
1784469600000,0.06595,0.066,0.06177,0.0632,3886072,246681.37739
1784473200000,0.0632,0.06403,0.06244,0.06336,766696,48573.03716
1784476800000,0.06336,0.06369,0.06325,0.06339,376204,23872.40532
1784480400000,0.06339,0.06346,0.06244,0.06308,606176,38122.73659
1784484000000,0.06308,0.06346,0.06288,0.06312,259153,16369.66716
1784487600000,0.06312,0.06342,0.06302,0.06311,197793,12504.4217
1784491200000,0.06311,0.06315,0.06275,0.06276,167563,10541.85527
1784494800000,0.06276,0.06298,0.06234,0.06276,238503,14953.11459
1784498400000,0.06276,0.06331,0.06262,0.06267,365936,23038.84932
1784502000000,0.06267,0.06273,0.06214,0.06256,267027,16674.58375
1784505600000,0.06256,0.06311,0.06237,0.06246,268483,16839.89356
1784509200000,0.06246,0.0631,0.06224,0.06251,439345,27546.57196
1784512800000,0.06251,0.06301,0.06223,0.06246,498035,31179.65292
1784516400000,0.06246,0.06253,0.06168,0.06216,306083,18976.42128
1784520000000,0.06216,0.06216,0.06115,0.06129,438946,27089.61417
1784523600000,0.06129,0.06146,0.06011,0.06097,1501975,91214.57885
1784527200000,0.06097,0.06318,0.0608,0.06109,1402564,86819.79458
1784530800000,0.06109,0.06141,0.06098,0.06137,477112,29219.14762
1784534400000,0.06137,0.06162,0.06061,0.06099,630053,38553.36173
1784538000000,0.06099,0.06172,0.06074,0.0613,417254,25528.8737
1784541600000,0.0613,0.06163,0.06108,0.06109,582003,35711.89497
1784545200000,0.06109,0.06352,0.06093,0.06222,1134427,70465.46095
1784548800000,0.06222,0.0628,0.06103,0.06113,296475,18388.44323
1784552400000,0.06113,0.06175,0.06113,0.0614,119047,7324.10436
1784556000000,0.0614,0.06148,0.06059,0.06074,616757,37602.88438
1784559600000,0.06074,0.06212,0.06074,0.06169,844096,51971.45397
1784563200000,0.06169,0.06188,0.06139,0.06187,427677,26367.80985
1784566800000,0.06187,0.06203,0.06164,0.0617,135291,8364.93291
1784570400000,0.0617,0.06193,0.06136,0.06136,198142,12224.66278
1784574000000,0.06136,0.0616,0.06123,0.06148,241094,14803.15018
1784577600000,0.06148,0.06148,0.06114,0.06124,171595,10517.99622
1784581200000,0.06124,0.06179,0.06118,0.06127,262111,16117.23274
1784584800000,0.06127,0.06463,0.06081,0.06309,882987,54843.20258
1784588400000,0.06309,0.06513,0.06267,0.06319,1698844,108590.27805
1784592000000,0.06319,0.08012,0.06307,0.07908,16274081,1203041.62898
1784595600000,0.07908,0.088,0.07736,0.0836,43753910,3650754.84783
1784599200000,0.0836,0.10282,0.08295,0.10135,53405120,5078869.46234
1784602800000,0.10135,0.11154,0.09907,0.09941,70936782,7445432.07269
1784606400000,0.09941,0.11152,0.09635,0.10264,72039768,7600299.99174
1784610000000,0.10264,0.10615,0.09943,0.10363,33213826,3408078.6654
1784613600000,0.10363,0.10456,0.0925,0.09289,42142066,4150935.06193
1784617200000,0.09289,0.09682,0.08987,0.09585,50714750,4733454.89153
1784620800000,0.09585,0.10194,0.0926,0.09512,53377309,5178226.6402
1784624400000,0.09512,0.09894,0.09031,0.09232,40837814,3823344.0455
1784628000000,0.09232,0.09982,0.09217,0.09781,31388886,3002324.68908
1784631600000,0.09781,0.10633,0.09721,0.09919,64138739,6534429.31857
1784635200000,0.09919,0.10923,0.09603,0.10334,62840275,6445089.52544
1784638800000,0.10334,0.10749,0.0988,0.10133,50558329,5227126.22978
1784642400000,0.10133,0.10469,0.09947,0.10087,31178521,3173686.0813
1784646000000,0.10087,0.10339,0.10015,0.10076,23167136,2352846.01794
1784649600000,0.10076,0.10085,0.09538,0.09907,40000318,3919962.81721
1784653200000,0.09907,0.0996,0.09576,0.09837,22862972,2227741.34395
1784656800000,0.09837,0.10076,0.09355,0.09972,27805423,2684734.22573
1784660400000,0.09972,0.10376,0.09594,0.09783,33747689,3356213.44801
1784664000000,0.09783,0.10184,0.09653,0.09694,25819816,2542982.11132
1784667600000,0.09694,0.09766,0.09521,0.09621,13076293,1262035.12387
1784671200000,0.09621,0.09746,0.0925,0.09467,25202064,2395380.65722
1784674800000,0.09467,0.09531,0.09131,0.09194,22437670,2090616.96164
1784678400000,0.09194,0.09374,0.0861,0.08665,36715902,3289114.54756
1784682000000,0.08665,0.08825,0.085,0.08591,14814660,1280946.82824
1784685600000,0.08591,0.08973,0.0853,0.08719,12544988,1096820.00076
1784689200000,0.08719,0.08807,0.08626,0.08663,7727079,673408.39234
1784692800000,0.08663,0.09498,0.08629,0.08988,19191611,1743870.74328
1784696400000,0.08988,0.09054,0.08725,0.08745,10677788,945362.56715
1784700000000,0.08745,0.08767,0.08466,0.087,12032261,1036865.34273
1784703600000,0.087,0.10657,0.08479,0.10579,33779455,3221964.89414
1784707200000,0.10579,0.13747,0.08967,0.10326,182487064,20766772.5748
1784710800000,0.10326,0.10517,0.09913,0.10225,39689063,4035666.53317
1784714400000,0.10225,0.10871,0.10185,0.10789,33621296,3542368.27334
1784718000000,0.10789,0.10847,0.10465,0.10561,24406104,2599073.5788
1784721600000,0.10561,0.10833,0.10041,0.10166,42188164,4404597.77406
1784725200000,0.10166,0.10479,0.10069,0.102,19686850,2020987.40918
1784728800000,0.102,0.10429,0.10168,0.10326,13007537,1338459.56975
1784732400000,0.10326,0.10577,0.09648,0.09785,20558528,2080753.3659
1784736000000,0.09785,0.09997,0.09367,0.09383,20053306,1934195.47045
1784739600000,0.09383,0.09572,0.09359,0.09438,10946745,1035369.00668
1784743200000,0.09438,0.09621,0.09337,0.09368,10806642,1026876.08809
1784746800000,0.09368,0.09714,0.09289,0.09609,9866820,938598.70662
1784750400000,0.09609,0.09941,0.09533,0.09627,7428869,722044.52187
1784754000000,0.09627,0.09815,0.09587,0.09755,4673829,453672.70368
1784757600000,0.09755,0.1035,0.09622,0.10252,22088421,2231711.36636
1784761200000,0.10252,0.10254,0.09855,0.09942,9490843,949387.10593
1784764800000,0.09942,0.10469,0.09756,0.09931,12897588,1292464.45605
1784768400000,0.09931,0.10383,0.09665,0.10075,11657907,1171717.16561
1784772000000,0.10075,0.10442,0.09923,0.10067,11280014,1144764.29387
1784775600000,0.10067,0.11241,0.10018,0.1119,21957211,2382336.70501
1784779200000,0.1119,0.12,0.10958,0.11153,45999655,5265174.05683
1784782800000,0.11153,0.11166,0.10745,0.10894,17063135,1871971.56133
1784786400000,0.10894,0.11431,0.10521,0.1098,24746300,2693869.24172
1784790000000,0.1098,0.11153,0.10629,0.10725,17202572,1873322.38328
1784793600000,0.10725,0.10942,0.10344,0.10411,16942982,1801951.3596
1784797200000,0.10411,0.10592,0.10101,0.10173,10629633,1107423.26579
1784800800000,0.10173,0.10539,0.10169,0.10268,7014956,728411.05896
1784804400000,0.10268,0.10504,0.1014,0.10157,6602905,680653.05147
1784808000000,0.10157,0.1016,0.09818,0.10036,9202293,918071.53289
1784811600000,0.10036,0.10051,0.09628,0.09669,8453541,826695.28373
1784815200000,0.09669,0.09803,0.09629,0.097,4240260,412159.85771
1784818800000,0.097,0.09774,0.09404,0.09418,6082907,581997.97071
1784822400000,0.09418,0.09947,0.09346,0.09498,15467612,1490239.65764
1784826000000,0.09498,0.10012,0.09483,0.09784,5813001,565735.73821
1784829600000,0.09784,0.09803,0.09585,0.09658,3148774,304614.18098
1784833200000,0.09658,0.09695,0.09493,0.09528,2153200,206710.48711
1784836800000,0.09528,0.09659,0.09515,0.09546,2070610,198388.80016
1784840400000,0.09546,0.09571,0.09272,0.09389,3659629,344547.78695
1784844000000,0.09389,0.09591,0.0937,0.09465,2811807,265851.25577
1784847600000,0.09465,0.09506,0.09352,0.09404,3187750,300470.09169
1784851200000,0.09404,0.10216,0.09096,0.09956,30601962,2986426.72376
1784854800000,0.09956,0.10275,0.09498,0.1001,20863641,2062838.45408
1784858400000,0.1001,0.10255,0.0982,0.0999,8524972,853436.13913
1784862000000,0.0999,0.10027,0.09779,0.09901,3587768,354727.06604
1784865600000,0.09901,0.10001,0.09672,0.09788,4554413,448004.87383
1784869200000,0.09788,0.09871,0.09567,0.09621,4232735,410040.3716
1784872800000,0.09621,0.09685,0.09452,0.09467,3700435,354623.16604
1784876400000,0.09467,0.09612,0.09421,0.09543,3273435,312664.15612
1784880000000,0.09543,0.09879,0.09534,0.09802,6770614,662050.83181
1784883600000,0.09802,0.09811,0.09569,0.09593,3869588,374305.65715
1784887200000,0.09593,0.09723,0.09473,0.09529,2313158,222030.89165
1784890800000,0.09529,0.0961,0.0941,0.09436,3655720,347777.60676
1784894400000,0.09436,0.09608,0.09404,0.09512,4093689,389900.97409
1784898000000,0.09512,0.09599,0.09368,0.09419,3455897,327318.75564
1784901600000,0.09419,0.09519,0.09391,0.09485,1224336,115661.77018
1784905200000,0.09485,0.09488,0.0935,0.09477,1744400,164213.43853
1784908800000,0.09477,0.10343,0.09365,0.09858,21613908,2152474.0089
1784912400000,0.09858,0.09929,0.09687,0.09759,7452371,730799.56059
1784916000000,0.09759,0.09869,0.09702,0.09829,3499229,342334.53588
1784919600000,0.09829,0.09894,0.0963,0.09642,3698715,359543.06308
1784923200000,0.09642,0.09707,0.09433,0.09529,2337316,223739.09349
1784926800000,0.09529,0.09609,0.09475,0.09486,1290517,122972.42335
1784930400000,0.09486,0.09557,0.09471,0.09478,1069605,101759.28497
1784934000000,0.09478,0.09593,0.09457,0.09513,1570954,149507.91815
1784937600000,0.09513,0.0995,0.09378,0.09708,17496942,1699558.89545
1784941200000,0.09708,0.09716,0.09123,0.09247,9212952,864180.28185
1784944800000,0.09247,0.09367,0.09001,0.0901,6330552,580495.11184
1784948400000,0.0901,0.09064,0.08887,0.08959,3720399,333605.48907
1784952000000,0.08959,0.09083,0.0894,0.09002,3510344,316388.04006
1784955600000,0.09002,0.09004,0.08834,0.08923,2629465,233900.09625
1784959200000,0.08923,0.09013,0.0885,0.08894,2136020,190516.53327
1784962800000,0.08894,0.08999,0.08867,0.08983,2642951,236384.27437
1784966400000,0.08983,0.09018,0.08804,0.08824,2633225,233940.86305
1784970000000,0.08824,0.08839,0.08698,0.08719,3439607,301110.75333
1784973600000,0.08719,0.08724,0.08637,0.08667,3158262,274184.11494
1784977200000,0.08667,0.0873,0.08561,0.08676,3283567,283852.42418
1784980800000,0.08676,0.08694,0.08629,0.08633,1346546,116548.38595
1784984400000,0.08633,0.08692,0.08621,0.08643,1403685,121387.33217
1784988000000,0.08643,0.08652,0.08482,0.08523,2368351,203291.14398
1784991600000,0.08523,0.08579,0.08485,0.08526,1889732,161336.51829
1784995200000,0.08526,0.0853,0.0845,0.08473,1526830,129623.69163
1784998800000,0.08473,0.08539,0.08395,0.08509,2284371,193055.2886
1785002400000,0.08509,0.08529,0.08453,0.08469,1083203,91922.63499
1785006000000,0.08469,0.08505,0.08461,0.08482,1122095,95165.91218
1785009600000,0.08482,0.08557,0.08473,0.08509,1638866,139533.66218
1785013200000,0.08509,0.08513,0.08476,0.08486,475343,40382.12323
1785016800000,0.08486,0.08568,0.08481,0.08529,3527879,300734.11236
1785020400000,0.08529,0.08574,0.08453,0.08479,1597193,135938.10296
1785024000000,0.08479,0.08479,0.08212,0.08217,6379643,531217.30989
1785027600000,0.08217,0.08337,0.08058,0.08113,5396161,443939.80404
1785031200000,0.08113,0.0812,0.08055,0.08092,2713276,219412.24215
1785034800000,0.08092,0.08113,0.07925,0.07947,2873026,229740.24885
1785038400000,0.07947,0.07993,0.07904,0.07941,2018730,160563.41298
1785042000000,0.07941,0.07962,0.07826,0.0787,3473267,273532.66147
1785045600000,0.0787,0.07911,0.07817,0.07873,1622351,127454.90851
1785049200000,0.07873,0.08228,0.07822,0.08133,5991177,480861.99095
1785052800000,0.08133,0.08322,0.07999,0.08021,4981550,406717.80247
1785056400000,0.08021,0.08051,0.07892,0.07893,1577316,126014.96044
1785060000000,0.07893,0.07919,0.0782,0.0783,1235860,97541.97068
1785063600000,0.0783,0.0789,0.0782,0.07833,1252736,98331.66325
1785067200000,0.07833,0.07862,0.07771,0.07822,989247,77407.05991
1785070800000,0.07822,0.07846,0.07714,0.07776,2237789,173793.09668
1785074400000,0.07776,0.07895,0.07761,0.07776,1881816,147545.18852
1785078000000,0.07776,0.07894,0.07772,0.07881,1136315,89277.73851
1785081600000,0.07881,0.08131,0.07822,0.08006,4211043,336604.72295
1785085200000,0.08006,0.08082,0.07944,0.08059,1342515,107381.79181
1785088800000,0.08059,0.08107,0.08024,0.08034,1020598,82273.12839
1785092400000,0.08034,0.08112,0.08005,0.08067,1296302,104363.1884
1785096000000,0.08067,0.08172,0.08056,0.081,1774492,144053.54441
1785099600000,0.081,0.08107,0.07877,0.07945,2616989,208984.56336
1785103200000,0.07945,0.08039,0.07941,0.07976,1610105,128470.82519
1785106800000,0.07976,0.07992,0.07901,0.07914,1045721,83166.08535
1785110400000,0.07914,0.08362,0.07819,0.07836,10167249,819122.37399
1785114000000,0.07836,0.07859,0.07669,0.07673,2661702,206304.89844
1785117600000,0.07673,0.07692,0.07629,0.07685,2208409,169210.95205
1785121200000,0.07685,0.07701,0.07577,0.07581,1450294,110639.04604
1785124800000,0.07581,0.07583,0.07484,0.07506,1858833,140164.06284
1785128400000,0.07506,0.07518,0.07421,0.07421,1650188,123075.61461
1785132000000,0.07421,0.07446,0.0731,0.07323,2394379,176388.70351
1785135600000,0.07323,0.07347,0.07219,0.07233,2065667,150455.69365
1785139200000,0.07233,0.07346,0.07162,0.07254,4642943,337256.58879
1785142800000,0.07254,0.07269,0.07156,0.07236,2228057,160837.19278
1785146400000,0.07236,0.07279,0.07197,0.07202,1373976,99389.60124
1785150000000,0.07202,0.07317,0.07186,0.07317,1801813,130306.29846
1785153600000,0.07317,0.07615,0.07299,0.07471,5361006,399682.82173
1785157200000,0.07471,0.07524,0.07375,0.07375,1982268,147626.70341
1785160800000,0.07375,0.0739,0.0718,0.07227,1848253,134541.46015
1785164400000,0.07227,0.07346,0.07193,0.07232,1546488,112045.13882
1785168000000,0.07232,0.07324,0.07232,0.07287,1069012,77808.43553
1785171600000,0.07287,0.07337,0.07279,0.07284,1025047,74847.01969
1785175200000,0.07284,0.07311,0.0725,0.07289,1119698,81554.75197
1785178800000,0.07289,0.073,0.07193,0.07286,1201551,87031.40047
1785182400000,0.07286,0.07309,0.07251,0.07269,1203942,87667.18328
1785186000000,0.07269,0.07282,0.07222,0.07252,955117,69301.93869
1785189600000,0.07252,0.07425,0.06717,0.07137,12751549,903328.32103
1785193200000,0.07137,0.07191,0.07099,0.07156,3014965,215365.73965
1785196800000,0.07156,0.07501,0.06989,0.07325,5537918,399103.21201
1785200400000,0.07325,0.07798,0.07319,0.07674,10055675,757007.83864
1785204000000,0.07674,0.07821,0.07576,0.07648,6235378,479045.83993
1785207600000,0.07648,0.07672,0.07345,0.07376,4017044,299381.88934
1785211200000,0.07376,0.07428,0.07323,0.07363,1423577,104849.90857
1785214800000,0.07363,0.07363,0.07082,0.07114,4668902,334699.00283
1785218400000,0.07114,0.07159,0.06834,0.06877,4783146,334369.86531
1785222000000,0.06877,0.06905,0.06807,0.06846,3596777,246701.54141
1785225600000,0.06846,0.06988,0.06808,0.06859,2563281,176396.92348
1785229200000,0.06859,0.06993,0.0685,0.06989,4339217,300190.7251
1785232800000,0.06989,0.07018,0.06939,0.06946,1814819,126710.06548
1785236400000,0.06946,0.06954,0.06862,0.06862,919187,63510.92215
1785240000000,0.06862,0.06932,0.0684,0.06878,1151590,79147.85097
1785243600000,0.06878,0.0689,0.06831,0.06864,1074497,73744.09638
1785247200000,0.06864,0.06991,0.06569,0.06789,4723981,321023.69045
1785250800000,0.06789,0.06875,0.06737,0.06795,1981352,134845.69218
1785254400000,0.06795,0.06821,0.06733,0.06733,828165,56074.6292
1785258000000,0.06733,0.06743,0.06656,0.06683,1194000,80017.91917
1785261600000,0.06683,0.06857,0.06682,0.06805,2836671,192073.95117
1785265200000,0.06805,0.07594,0.068,0.07064,9016865,646898.73465
1785268800000,0.07064,0.07076,0.06955,0.06968,2065513,144680.82542
1785272400000,0.06968,0.06995,0.06922,0.06925,894313,62205.00284
1785276000000,0.06925,0.06933,0.06825,0.0683,1296507,89284.70779
1785279600000,0.0683,0.06897,0.06829,0.06875,1002810,68946.8038
1785283200000,0.06875,0.06953,0.06833,0.06859,2404456,165598.88167
1785286800000,0.06859,0.069,0.06779,0.06789,2224175,152557.97837
1785290400000,0.06789,0.06806,0.06673,0.0673,2388700,160969.05517
1785294000000,0.0673,0.06805,0.06597,0.0663,2570139,171660.69941
1785297600000,0.0663,0.06808,0.06521,0.06564,3530149,233654.73343
1785301200000,0.06564,0.06731,0.06549,0.06719,1912841,127307.88495
1785304800000,0.06719,0.06899,0.06718,0.06865,2467431,168004.79235
1785308400000,0.06865,0.0698,0.0686,0.06912,1653868,114388.86518
1785312000000,0.06912,0.07045,0.06765,0.06987,2877499,199011.81643
1785315600000,0.06987,0.07019,0.0684,0.06863,1688411,117348.07185
1785319200000,0.06863,0.06876,0.06759,0.0684,1405470,95750.22045
1785322800000,0.0684,0.0693,0.06807,0.06884,1287760,88393.5148
1785326400000,0.06884,0.07034,0.0684,0.07018,1750656,121525.94493
1785330000000,0.07018,0.07099,0.06923,0.06988,2845051,199422.11785
1785333600000,0.06988,0.07011,0.06946,0.06981,1366244,95329.89122
1785337200000,0.06981,0.07108,0.06953,0.06984,2604209,183171.71159
1785340800000,0.06984,0.07012,0.06893,0.069,2353912,163970.14226
1785344400000,0.069,0.07031,0.06893,0.06967,1605394,111698.61614
1785348000000,0.06967,0.07016,0.06922,0.06962,2145588,149480.17082
1785351600000,0.06962,0.07014,0.06835,0.06864,1911456,132552.02102
1785355200000,0.06864,0.06889,0.06714,0.06748,1813005,123201.38101
1785358800000,0.06748,0.06877,0.06733,0.06868,736839,50079.69872
1785362400000,0.06868,0.06918,0.06837,0.06858,798760,54934.56849
1785366000000,0.06858,0.06858,0.0678,0.06786,744096,50660.36331
1785369600000,0.06786,0.07043,0.06781,0.06885,7074368,490439.4504
1785373200000,0.06885,0.07014,0.0662,0.06648,3968521,271870.05861
1785376800000,0.06648,0.0677,0.06556,0.06594,3320447,220636.65432
1785380400000,0.06594,0.06613,0.06465,0.06504,2904086,189823.70687
1785384000000,0.06504,0.0652,0.06448,0.06462,1476688,95737.67994
1785387600000,0.06462,0.06595,0.06453,0.06552,1518409,99125.42748
1785391200000,0.06552,0.0659,0.06474,0.06575,1632043,106777.12473
1785394800000,0.06575,0.06852,0.06548,0.06694,4738202,318687.04092
1785398400000,0.06694,0.06751,0.06657,0.06702,1631369,109393.57133
1785402000000,0.06702,0.06801,0.06619,0.06698,2375065,159034.83219
1785405600000,0.06698,0.06799,0.06591,0.06628,1932608,129482.97495
1785409200000,0.06628,0.06779,0.0661,0.067,1648890,110470.63058
1785412800000,0.067,0.06717,0.06599,0.06627,1531811,102057.25516
1785416400000,0.06627,0.06664,0.06598,0.06633,959214,63613.33629
1785420000000,0.06633,0.06653,0.06575,0.06606,1303971,86265.80028
1785423600000,0.06606,0.06632,0.06563,0.06587,760483,50129.03517
1785427200000,0.06587,0.06597,0.06467,0.06502,1459868,95259.15258
1785430800000,0.06502,0.06539,0.06365,0.06509,2285740,147623.66404
1785434400000,0.06509,0.06524,0.06447,0.06459,604213,39226.29191
1785438000000,0.06459,0.06463,0.06392,0.06462,656168,42148.29066
1785441600000,0.06462,0.06485,0.06406,0.06406,861587,55514.59757
1785445200000,0.06406,0.06446,0.06386,0.06403,452933,29043.1193
1785448800000,0.06403,0.06485,0.06389,0.06414,1549895,99875.27868
1785452400000,0.06414,0.06489,0.06399,0.06419,1703850,109832.70812
1785456000000,0.06419,0.06819,0.06365,0.06798,10179816,675570.37106
1785459600000,0.06798,0.07191,0.06754,0.07171,13589868,942760.70736
1785463200000,0.07171,0.07171,0.06863,0.06922,7659791,535285.31283
1785466800000,0.06922,0.06943,0.06773,0.0685,3369637,231161.45595
1785470400000,0.0685,0.06899,0.06732,0.06732,2653947,181475.82357
1785474000000,0.06732,0.06772,0.06662,0.06725,2509032,168600.47673
1785477600000,0.06725,0.07002,0.06725,0.0694,4871052,335958.85026
1785481200000,0.0694,0.07002,0.06833,0.0685,4285770,296510.29779
1785484800000,0.0685,0.06966,0.068,0.06877,2205748,151603.60828
1785488400000,0.06877,0.07096,0.06866,0.07016,4552961,319158.21151
1785492000000,0.07016,0.0815,0.06966,0.07347,41957413,3148712.94329
1785495600000,0.07347,0.07365,0.07056,0.07083,17027968,1228890.3163
1785499200000,0.07083,0.07598,0.0704,0.07305,23613058,1732326.85933
1785502800000,0.07305,0.07337,0.07182,0.07232,6561048,476727.16867
1785506400000,0.07232,0.07237,0.07098,0.07147,5813608,415835.74141
1785510000000,0.07147,0.07284,0.07017,0.07025,4856942,347346.10379
1785513600000,0.07025,0.07114,0.06947,0.07055,3964949,279187.47109
1785517200000,0.07055,0.07129,0.07011,0.07068,2076139,146874.89894
1785520800000,0.07068,0.07135,0.06943,0.06962,2393233,168266.38376
1785524400000,0.06962,0.06976,0.06836,0.0684,1947480,134254.95306
1785528000000,0.0684,0.06863,0.06792,0.06814,1476916,100776.26027
1785531600000,0.06814,0.06866,0.0678,0.06825,1444866,98582.28633
1785535200000,0.06825,0.06911,0.068,0.06813,1525010,104243.27597
1785538800000,0.06813,0.06868,0.06773,0.06851,2569023,175378.43374
1785542400000,0.06851,0.0689,0.06671,0.06686,3873319,262651.59812
1785546000000,0.06686,0.06818,0.06579,0.06729,4408806,294982.65544
1785549600000,0.06729,0.06772,0.06677,0.06697,1208035,81163.37302
1785553200000,0.06697,0.06757,0.06637,0.06662,1838116,123081.76056
1785556800000,0.06662,0.06666,0.06608,0.06624,1211462,80448.6904
1785560400000,0.06624,0.06697,0.06621,0.06691,1633015,108908.86094
1785564000000,0.06691,0.06771,0.06668,0.06688,1769414,118731.25388
1785567600000,0.06688,0.06734,0.0667,0.06727,1218964,81725.4162
1785571200000,0.06727,0.06803,0.0668,0.06742,1852735,124796.28182
1785574800000,0.06742,0.0679,0.06685,0.06707,1346265,90548.93023
1785578400000,0.06707,0.06711,0.06667,0.06687,1762029,117907.05527
1785582000000,0.06687,0.06712,0.06659,0.06692,683807,45745.81978
1785585600000,0.06692,0.0673,0.06682,0.06705,1056569,70870.63435
1785589200000,0.06705,0.06814,0.06694,0.0679,2807616,189037.75021
1785592800000,0.0679,0.06866,0.06752,0.06829,2533753,172254.49593
1785596400000,0.06829,0.06855,0.06732,0.06758,1822251,123887.76316
1785600000000,0.06758,0.06799,0.06731,0.06736,1501803,101431.40031
1785603600000,0.06736,0.06767,0.06658,0.06677,1594386,106878.86219
1785607200000,0.06677,0.06799,0.06618,0.06791,1309631,87668.44828
1785610800000,0.06791,0.06799,0.0672,0.06742,1381410,93424.87648
1785614400000,0.06742,0.06761,0.06726,0.06737,513472,34621.66509
1785618000000,0.06737,0.06767,0.06716,0.06737,894912,60320.60109
1785621600000,0.06737,0.06759,0.067,0.06746,1772491,119361.01468
1785625200000,0.06746,0.06766,0.06717,0.06726,556845,37518.6729
1785628800000,0.06726,0.06773,0.06696,0.06747,2747920,185062.99224
1785632400000,0.06747,0.06837,0.06732,0.06835,1726274,117289.95405
1785636000000,0.06835,0.0684,0.06735,0.06736,1459345,99322.07152
1785639600000,0.06736,0.06747,0.06678,0.06688,1713385,115026.24611
1785643200000,0.06688,0.06707,0.06658,0.06703,3181913,212831.86878
1785646800000,0.06703,0.06828,0.06684,0.06779,6121603,413656.99368
1785650400000,0.06779,0.06795,0.06609,0.06673,5615843,377445.68606
1785654000000,0.06673,0.06739,0.06655,0.06662,4238265,283592.11668
1785657600000,0.06662,0.06683,0.06632,0.06654,3126236,208196.48459
1785661200000,0.06654,0.06771,0.06495,0.06535,5884035,391228.87748
1785664800000,0.06535,0.06614,0.06508,0.06565,1808477,118816.30841
1785668400000,0.06565,0.06585,0.06548,0.06553,936349,61516.80912
1785672000000,0.06553,0.06723,0.06524,0.06574,1861120,122558.86089
1785675600000,0.06574,0.06574,0.06456,0.06513,2003935,130598.19465
1785679200000,0.06513,0.06533,0.06499,0.06522,1407213,91697.37364
1785682800000,0.06522,0.0657,0.06513,0.06547,586264,38323.01298
1785686400000,0.06547,0.06548,0.06463,0.06494,693570,45193.67801
1785690000000,0.06494,0.06507,0.0647,0.06474,354475,23016.06834
1785693600000,0.06474,0.06487,0.06448,0.06466,717485,46340.66357
1785697200000,0.06466,0.0647,0.06426,0.06461,419456,27034.33352
1785700800000,0.06461,0.06476,0.06429,0.06433,359268,23203.10217
1785704400000,0.06433,0.06495,0.06414,0.06478,354405,22883.57023
1785708000000,0.06478,0.06489,0.06399,0.06412,574503,37016.29016
1785711600000,0.06412,0.06466,0.06398,0.06459,418792,26920.98221
1785715200000,0.06459,0.06474,0.06408,0.06427,1173007,75424.8327
1785718800000,0.06427,0.06434,0.06333,0.06368,1232997,78789.31053
1785722400000,0.06368,0.06371,0.063,0.06329,1907385,120719.95997
1785726000000,0.06329,0.06355,0.06197,0.06309,1355405,85264.72392
1785729600000,0.06309,0.06354,0.06283,0.06289,863745,54445.97945
1785733200000,0.06289,0.06356,0.06282,0.06351,824052,52098.18036
1785736800000,0.06351,0.06359,0.06312,0.06314,924314,58506.20123
1785740400000,0.06314,0.06381,0.06303,0.06378,1231867,78297.48913
1785744000000,0.06378,0.06463,0.06369,0.06396,3230200,207296.86712
1785747600000,0.06396,0.06532,0.06346,0.06515,2081263,134195.52014
1785751200000,0.06515,0.06548,0.06468,0.06538,1607375,104540.86974
1785754800000,0.06538,0.06605,0.0651,0.06548,1332438,87222.68562
1785758400000,0.06548,0.06571,0.06531,0.06561,578287,37892.8834
1785762000000,0.06561,0.06629,0.06555,0.06621,1234802,81335.22545
1785765600000,0.06621,0.06898,0.06607,0.06802,3426086,232776.26138
1785769200000,0.06802,0.06804,0.06667,0.067,1301148,87432.51661
1785772800000,0.067,0.06737,0.06674,0.06732,1001827,67123.60971
1785776400000,0.06732,0.06874,0.06712,0.06828,761275,51554.59751
1785780000000,0.06828,0.06911,0.06784,0.06889,699286,47799.42602
1785783600000,0.06889,0.06973,0.06827,0.06865,821133,56545.76864
1785787200000,0.06865,0.06865,0.06648,0.0668,1209272,81596.49201
1785790800000,0.0668,0.06702,0.06635,0.06684,814925,54323.34599
1785794400000,0.06684,0.06712,0.06648,0.06648,421276,28133.38021
1785798000000,0.06648,0.06715,0.06634,0.06699,735901,49089.43539
1785801600000,0.06699,0.06712,0.06619,0.06635,760314,50629.40724
1785805200000,0.06635,0.06674,0.06621,0.06662,582754,38764.79594
1785808800000,0.06662,0.06806,0.06658,0.06806,3178396,213165.40576
1785812400000,0.06806,0.06812,0.06699,0.06765,4899073,331951.32452
1785816000000,0.06765,0.06839,0.06728,0.06794,3341131,226716.66081
1785819600000,0.06794,0.06896,0.06684,0.06862,5471282,370773.53286
1785823200000,0.06862,0.07108,0.06776,0.06858,6040699,418364.14301
1785826800000,0.06858,0.0686,0.06742,0.06774,1300316,88269.23762
1785830400000,0.06774,0.06854,0.06753,0.06817,1562171,106236.60853
1785834000000,0.06817,0.06906,0.06563,0.06568,3615428,244267.85851
1785837600000,0.06568,0.06608,0.06504,0.06538,832670,54668.08615
1785841200000,0.06538,0.0656,0.06448,0.06464,552101,35914.06433
1785844800000,0.06464,0.06494,0.06464,0.06486,441165,28578.15163
1785848400000,0.06486,0.06488,0.06378,0.06419,1587382,101955.94335
1785852000000,0.06419,0.06436,0.06397,0.064,315881,20275.09081
1785855600000,0.064,0.06426,0.06285,0.06382,1522865,96680.8629
1785859200000,0.06382,0.06426,0.06365,0.06398,529898,33896.06051
1785862800000,0.06398,0.06496,0.06394,0.06461,320461,20654.80146
1785866400000,0.06461,0.06511,0.06431,0.06458,692068,44878.61853
1785870000000,0.06458,0.06523,0.06447,0.06461,477936,31005.86898
1785873600000,0.06461,0.06511,0.06412,0.06456,1309523,84655.64785
1785877200000,0.06456,0.06456,0.06421,0.06431,607264,39093.30797
1785880800000,0.06431,0.06439,0.06388,0.0641,487877,31283.91293
1785884400000,0.0641,0.06433,0.06372,0.06378,536149,34377.27332
1785888000000,0.06378,0.06436,0.0635,0.06388,831525,53128.78605
1785891600000,0.06388,0.06399,0.06358,0.0639,496323,31653.89372
1785895200000,0.0639,0.06508,0.06373,0.06488,692760,44518.39764
1785898800000,0.06488,0.0655,0.06429,0.06507,757116,49043.78215
1785902400000,0.06507,0.06543,0.06474,0.06477,731308,47581.80715
1785906000000,0.06477,0.06535,0.06457,0.06509,311519,20263.26137
1785909600000,0.06509,0.06521,0.06452,0.06466,390341,25365.2783
1785913200000,0.06466,0.06551,0.06458,0.06509,595499,38728.55321
1785916800000,0.06509,0.06523,0.06421,0.06446,746926,48234.29277
1785920400000,0.06446,0.06497,0.0644,0.0647,749682,48470.50173
1785924000000,0.0647,0.06495,0.06426,0.06472,785498,50757.33268
1785927600000,0.06472,0.06547,0.06463,0.06543,1066373,69386.67881
1785931200000,0.06543,0.06566,0.06483,0.06507,616531,40200.60387
1785934800000,0.06507,0.06688,0.06499,0.06585,1678932,110489.7819
1785938400000,0.06585,0.06661,0.06568,0.0661,1544937,102286.28124
1785942000000,0.0661,0.06637,0.06566,0.06588,683639,45144.44708
1785945600000,0.06588,0.06596,0.06566,0.06569,324172,21341.57613
1785949200000,0.06569,0.06644,0.06567,0.06611,320515,21199.92442
1785952800000,0.06611,0.06656,0.06594,0.06637,295323,19568.02063
1785956400000,0.06637,0.06679,0.06632,0.06655,533196,35477.3131
1785960000000,0.06655,0.06724,0.0665,0.06716,437414,29242.14259
1785963600000,0.06716,0.06875,0.06694,0.06696,1150602,78238.64118
1785967200000,0.06696,0.06729,0.06649,0.06691,1078993,71997.90024
1785970800000,0.06691,0.06803,0.06688,0.06736,1001240,67666.62591
1785974400000,0.06736,0.06768,0.0664,0.06739,812006,54503.99711
1785978000000,0.06739,0.0684,0.06706,0.06809,878355,59448.78934
1785981600000,0.06809,0.06857,0.0678,0.06783,670168,45692.34552
1785985200000,0.06783,0.06814,0.06715,0.06725,571711,38635.66614
1785988800000,0.06725,0.06796,0.06638,0.06654,759104,51006.97613
1785992400000,0.06654,0.06667,0.06504,0.06543,1606255,105536.2164
1785996000000,0.06543,0.06609,0.06513,0.06598,613107,40251.32278
1785999600000,0.06598,0.06693,0.06592,0.06622,1040523,69073.32795
1786003200000,0.06622,0.06644,0.06579,0.06641,802890,53034.47382
1786006800000,0.06641,0.06694,0.06618,0.06635,995293,66275.62129
1786010400000,0.06635,0.06772,0.06635,0.0675,1033147,69254.84834
1786014000000,0.0675,0.0681,0.06743,0.06787,1040888,70543.4052
1786017600000,0.06787,0.06854,0.06744,0.06831,735272,49994.61556
1786021200000,0.06831,0.06878,0.06789,0.06874,1400383,95829.50909
1786024800000,0.06874,0.07081,0.06873,0.0703,2260514,157592.21029
1786028400000,0.0703,0.0726,0.0699,0.07033,4493072,319539.08109
1786032000000,0.07033,0.07171,0.06962,0.07165,2609620,184321.46094
1786035600000,0.07165,0.07659,0.07159,0.07623,5662075,421197.70758
1786039200000,0.07623,0.07817,0.07353,0.07365,11127038,843438.03091
1786042800000,0.07365,0.07509,0.06978,0.07006,4929206,356749.10215
1786046400000,0.07006,0.07064,0.06855,0.06913,2370709,164274.07344
1786050000000,0.06913,0.0693,0.06789,0.06831,1013602,69465.0854
1786053600000,0.06831,0.06864,0.06787,0.068,921381,62903.765
1786057200000,0.068,0.06849,0.06773,0.06811,1235897,84168.27058
1786060800000,0.06811,0.07017,0.06804,0.06921,2849032,197096.52905
1786064400000,0.06921,0.0703,0.06895,0.0698,1386546,96442.39059
1786068000000,0.0698,0.07008,0.06914,0.06963,1462505,101920.32329
1786071600000,0.06963,0.0698,0.06855,0.06943,954664,66019.37546
1786075200000,0.06943,0.07163,0.0688,0.06949,3385154,239100.75659
1786078800000,0.06949,0.07012,0.06785,0.06792,3347905,231743.21881
1786082400000,0.06792,0.0683,0.06713,0.06736,2935735,198838.78768
1786086000000,0.06736,0.06886,0.0672,0.06816,3997738,271603.0491
1786089600000,0.06816,0.06898,0.06712,0.06749,3663045,248709.67165
1786093200000,0.06749,0.0684,0.0661,0.06625,3990842,268185.08028
1786096800000,0.06625,0.06856,0.06586,0.06805,2805736,189760.33533
1786100400000,0.06805,0.06825,0.06645,0.06672,1222901,82546.89168
1786104000000,0.06672,0.06781,0.0665,0.06704,1974188,132540.75421
1786107600000,0.06704,0.06793,0.06672,0.06762,617012,41540.5856
1786111200000,0.06762,0.07204,0.06719,0.07,6150832,430046.2336
1786114800000,0.07,0.07118,0.06973,0.07049,1236265,87024.59604
1786118400000,0.07049,0.07115,0.06962,0.06965,858240,60380.5355
1786122000000,0.06965,0.07148,0.06965,0.07139,1011783,71648.75431
1786125600000,0.07139,0.07139,0.07042,0.07049,567201,40217.76092
1786129200000,0.07049,0.07087,0.07018,0.07072,494824,34941.13016
1786132800000,0.07072,0.0709,0.06963,0.06978,531899,37299.18768
1786136400000,0.06978,0.07085,0.06939,0.07058,381043,26651.77117
1786140000000,0.07058,0.07217,0.07052,0.07156,883493,63329.12364
1786143600000,0.07156,0.07329,0.07156,0.07195,1134828,82214.67223
1786147200000,0.07195,0.07299,0.07118,0.0719,1175296,84848.22549
1786150800000,0.0719,0.07213,0.07068,0.07156,1089958,77831.18145
1786154400000,0.07156,0.07303,0.0713,0.07173,1118788,80783.28407
1786158000000,0.07173,0.07278,0.071,0.07213,1482253,106649.94729
1786161600000,0.07213,0.07223,0.0713,0.0718,631903,45323.5875
1786165200000,0.0718,0.07193,0.0702,0.07072,915337,64941.30313
1786168800000,0.07072,0.07076,0.06909,0.06935,1033114,72127.70278
1786172400000,0.06935,0.07005,0.06907,0.07001,555433,38588.58619
1786176000000,0.07001,0.07039,0.06929,0.06937,520705,36348.32937
1786179600000,0.06937,0.06984,0.06929,0.06937,874921,60849.00929
1786183200000,0.06937,0.06979,0.06921,0.0694,637768,44291.77878
1786186800000,0.0694,0.07,0.06909,0.06915,760401,52894.1193
1786190400000,0.06915,0.06981,0.06856,0.06934,950409,65830.6629
1786194000000,0.06934,0.07017,0.06924,0.06942,1128043,78757.26333
1786197600000,0.06942,0.06987,0.06924,0.0694,543465,37784.40097
1786201200000,0.0694,0.06967,0.06886,0.0691,1261926,87433.20206
1786204800000,0.0691,0.0701,0.06893,0.06983,505421,35231.58811
1786208400000,0.06983,0.06992,0.06928,0.0694,332255,23118.09561
1786212000000,0.0694,0.06988,0.06899,0.06909,498892,34659.1332
1786215600000,0.06909,0.06951,0.06903,0.0695,266636,18455.48408
1786219200000,0.0695,0.06967,0.06928,0.0694,282656,19640.9171
1786222800000,0.0694,0.06945,0.06909,0.06934,299418,20739.8088
1786226400000,0.06934,0.06961,0.06929,0.0695,392571,27251.10177
1786230000000,0.0695,0.0698,0.06905,0.06932,307104,21338.7377
1786233600000,0.06932,0.06932,0.06831,0.06884,704240,48411.38213
1786237200000,0.06884,0.0691,0.06736,0.06763,875523,59564.43183
1786240800000,0.06763,0.06785,0.06692,0.06735,1224559,82381.87229
1786244400000,0.06735,0.06777,0.06706,0.06751,472370,31814.02972
1786248000000,0.06751,0.06806,0.06715,0.06743,565861,38237.68707
1786251600000,0.06743,0.06801,0.06714,0.06726,490035,33061.9969
1786255200000,0.06726,0.06821,0.06688,0.0682,413643,27943.1292
1786258800000,0.0682,0.0682,0.06692,0.06794,917600,61975.13354
1786262400000,0.06794,0.06801,0.0667,0.06719,766234,51479.38685
1786266000000,0.06719,0.06749,0.067,0.06717,745401,50096.57237
1786269600000,0.06717,0.06776,0.0671,0.06739,553964,37335.0213
1786273200000,0.06739,0.06759,0.06697,0.06737,536143,36077.48488
1786276800000,0.06737,0.06803,0.06735,0.06767,520132,35203.07714
1786280400000,0.06767,0.0696,0.06759,0.06862,1124630,77127.16986
1786284000000,0.06862,0.06896,0.06829,0.06847,562227,38558.33511
1786287600000,0.06847,0.06921,0.06845,0.06876,574984,39547.75531
1786291200000,0.06876,0.06977,0.06868,0.06951,399705,27647.80718
1786294800000,0.06951,0.06992,0.06912,0.0699,523377,36342.23077
1786298400000,0.0699,0.07001,0.06889,0.06906,493932,34327.98646
1786302000000,0.06906,0.06943,0.06889,0.0689,226316,15638.72603
1786305600000,0.0689,0.069,0.06859,0.06875,236637,16276.41616
1786309200000,0.06875,0.06894,0.06863,0.06884,358980,24668.96157
1786312800000,0.06884,0.06969,0.0687,0.06896,425558,29440.69285
1786316400000,0.06896,0.06946,0.06877,0.06928,379946,26262.76581
1786320000000,0.06928,0.06972,0.06868,0.06926,622526,43035.34816
1786323600000,0.06926,0.06939,0.06881,0.06918,217190,15015.89389
1786327200000,0.06918,0.06979,0.06897,0.06936,516951,35864.52531
1786330800000,0.06936,0.06981,0.06915,0.06948,310584,21607.64783
1786334400000,0.06948,0.07027,0.06946,0.07,572695,40023.36084
1786338000000,0.07,0.07139,0.06955,0.07103,899181,63510.73503
1786341600000,0.07103,0.07194,0.0707,0.07092,1387099,99065.80372
1786345200000,0.07092,0.07207,0.07083,0.0717,1180354,84353.0567
1786348800000,0.0717,0.07191,0.06908,0.06927,1717450,121194.35767
1786352400000,0.06927,0.06932,0.06769,0.06827,1368922,93868.24185
1786356000000,0.06827,0.06842,0.06759,0.06801,673687,45887.43356
1786359600000,0.06801,0.06842,0.06769,0.06775,340977,23185.52381
1786363200000,0.06775,0.06793,0.06746,0.06756,314021,21255.01629
1786366800000,0.06756,0.06867,0.06751,0.06799,317539,21612.84003
1786370400000,0.06799,0.06849,0.06783,0.06788,314712,21443.28108
1786374000000,0.06788,0.06822,0.06751,0.06751,473130,32121.37405
1786377600000,0.06751,0.06762,0.06721,0.06724,254003,17131.86757
1786381200000,0.06724,0.06779,0.06724,0.06771,170018,11483.83172
1786384800000,0.06771,0.06852,0.06769,0.06794,474069,32252.27715
1786388400000,0.06794,0.06797,0.06748,0.06772,237770,16104.70665
1786392000000,0.06772,0.06809,0.06757,0.06772,204717,13883.29269
1786395600000,0.06772,0.06794,0.06741,0.0678,330762,22384.88946
1786399200000,0.0678,0.0685,0.06771,0.06777,344792,23491.77121
1786402800000,0.06777,0.0682,0.06768,0.06805,162393,11026.65478
1786406400000,0.06805,0.0682,0.06759,0.0681,344536,23364.66706
1786410000000,0.0681,0.06898,0.06742,0.06761,878960,59821.45662
1786413600000,0.06761,0.06831,0.06761,0.06803,217227,14780.39539
1786417200000,0.06803,0.06899,0.06803,0.06866,278406,19075.59063
1786420800000,0.06866,0.06916,0.0681,0.06839,520528,35659.56963
1786424400000,0.06839,0.06864,0.06828,0.06835,145013,9926.271
1786428000000,0.06835,0.06877,0.06751,0.06765,234635,15951.1175
1786431600000,0.06765,0.06768,0.06667,0.06705,761564,51133.90322
1786435200000,0.06705,0.06749,0.0667,0.06691,454483,30485.4839
1786438800000,0.06691,0.06718,0.06669,0.06698,242134,16201.69012
1786442400000,0.06698,0.06713,0.06671,0.06683,326846,21868.17186
1786446000000,0.06683,0.06705,0.06569,0.06569,702171,46529.05125
1786449600000,0.06569,0.06582,0.06475,0.06519,1418649,92488.27067
1786453200000,0.06519,0.06579,0.06507,0.06571,399435,26139.85876
1786456800000,0.06571,0.06584,0.06518,0.06535,460010,30119.12839
1786460400000,0.06535,0.06564,0.06407,0.06471,796549,51655.58039
1786464000000,0.06471,0.06493,0.06439,0.06453,589093,38075.2015
1786467600000,0.06453,0.06484,0.0642,0.0642,197107,12707.71843
1786471200000,0.0642,0.06449,0.06405,0.06421,343701,22087.7511
1786474800000,0.06421,0.06444,0.06411,0.06429,247477,15908.35431
1786478400000,0.06429,0.06456,0.06413,0.06439,111666,7186.62384
1786482000000,0.06439,0.06475,0.06424,0.06452,562874,36288.9628
1786485600000,0.06452,0.06488,0.06433,0.06488,291275,18804.13447
1786489200000,0.06488,0.06489,0.06424,0.06436,790720,51074.77824
1786492800000,0.06436,0.06524,0.06416,0.06464,680475,44023.75496
1786496400000,0.06464,0.06514,0.06458,0.06496,619424,40208.16785
1786500000000,0.06496,0.06512,0.06463,0.06476,469864,30478.03478
1786503600000,0.06476,0.06503,0.06468,0.06492,584525,37929.06974
1786507200000,0.06492,0.06492,0.06414,0.06443,419316,27094.80616
1786510800000,0.06443,0.06504,0.0643,0.0649,285910,18509.69454
1786514400000,0.0649,0.06527,0.0648,0.0648,611122,39753.88041
1786518000000,0.0648,0.06485,0.0642,0.06431,298483,19252.08331
1786521600000,0.06431,0.06444,0.06361,0.06386,670617,43000.84637
1786525200000,0.06386,0.06394,0.06347,0.06368,245419,15631.11372
1786528800000,0.06368,0.06398,0.06348,0.06383,391178,24943.63478
1786532400000,0.06383,0.06409,0.06361,0.06397,778069,49689.52122
1786536000000,0.06397,0.06413,0.06354,0.06402,569345,36351.07074
1786539600000,0.06402,0.0641,0.06375,0.06376,316500,20244.27055
1786543200000,0.06376,0.06397,0.06324,0.06324,674406,42845.02173
1786546800000,0.06324,0.06362,0.06322,0.06322,247687,15722.55099
1786550400000,0.06322,0.06381,0.06309,0.06355,566944,35897.43322
1786554000000,0.06355,0.06398,0.06345,0.06391,180766,11530.39523
1786557600000,0.06391,0.06396,0.06358,0.06362,384074,24516.85502
1786561200000,0.06362,0.06362,0.0631,0.06316,306762,19420.08785
1786564800000,0.06316,0.0635,0.06309,0.06334,105006,6645.32518
1786568400000,0.06334,0.0638,0.06317,0.06356,468025,29748.62837
1786572000000,0.06356,0.06476,0.06343,0.06448,1142798,73361.59995
1786575600000,0.06448,0.0649,0.06426,0.06433,892653,57585.54908
1786579200000,0.06433,0.06502,0.06426,0.06481,327133,21123.82415
1786582800000,0.06481,0.06506,0.06433,0.06433,232319,15044.81961
1786586400000,0.06433,0.06486,0.06413,0.06483,207820,13400.63839
1786590000000,0.06483,0.06496,0.06467,0.06495,256037,16602.43829
1786593600000,0.06495,0.06548,0.06469,0.06485,418073,27192.20747
1786597200000,0.06485,0.06515,0.06478,0.06488,325195,21115.8724
1786600800000,0.06488,0.065,0.06472,0.06476,186774,12106.73735
1786604400000,0.06476,0.06497,0.06448,0.06457,228052,14754.55884
1786608000000,0.06457,0.06492,0.06449,0.06491,173255,11206.79151
1786611600000,0.06491,0.06491,0.0642,0.0643,303215,19532.98355
1786615200000,0.0643,0.06431,0.06365,0.06373,511056,32681.35154
1786618800000,0.06373,0.06395,0.06363,0.06366,271945,17336.49717
1786622400000,0.06366,0.0639,0.06348,0.06385,193907,12342.77004
1786626000000,0.06385,0.06455,0.06385,0.0645,209995,13465.71626
1786629600000,0.0645,0.06451,0.0641,0.06416,156649,10077.97462
1786633200000,0.06416,0.06419,0.06382,0.0639,239719,15334.82293
1786636800000,0.0639,0.0639,0.0627,0.06315,754645,47799.78843
1786640400000,0.06315,0.06359,0.06313,0.06353,274850,17431.8415
1786644000000,0.06353,0.06369,0.06321,0.06361,215600,13681.51931
1786647600000,0.06361,0.06362,0.06338,0.06344,183117,11627.50314
1786651200000,0.06344,0.06401,0.06338,0.06399,168332,10730.44456
1786654800000,0.06399,0.06401,0.06353,0.06374,135070,8603.34441
1786658400000,0.06374,0.06423,0.06364,0.06391,439112,28103.9982
1786662000000,0.06391,0.06391,0.06355,0.06359,130177,8294.83123
1786665600000,0.06359,0.06389,0.0632,0.06353,282569,17951.42605
1786669200000,0.06353,0.06377,0.06324,0.06342,293353,18624.2171
1786672800000,0.06342,0.06364,0.06291,0.06308,286155,18102.23513
1786676400000,0.06308,0.06309,0.06117,0.06153,1694310,104660.8098
1786680000000,0.06153,0.06194,0.06092,0.06167,689781,42325.68112
1786683600000,0.06167,0.06209,0.06161,0.06192,325067,20091.23702
1786687200000,0.06192,0.06204,0.06123,0.06152,625224,38558.58227
1786690800000,0.06152,0.06158,0.06043,0.06092,834184,50923.20943
1786694400000,0.06092,0.06123,0.0608,0.06114,831106,50702.60476
1786698000000,0.06114,0.0613,0.06044,0.06051,637421,38741.86668
1786701600000,0.06051,0.06058,0.05947,0.05975,1736456,104023.19933
1786705200000,0.05975,0.05978,0.05923,0.05931,1092034,65026.85312
1786708800000,0.05931,0.05952,0.05882,0.0592,915114,54133.84302
1786712400000,0.0592,0.05984,0.05916,0.05973,615641,36676.07789
1786716000000,0.05973,0.05981,0.05904,0.05915,911677,54224.74876
1786719600000,0.05915,0.05934,0.05874,0.05934,543913,32113.31413
1786723200000,0.05934,0.05972,0.05914,0.05943,333633,19835.06944
1786726800000,0.05943,0.05991,0.05935,0.05974,240386,14331.10139
1786730400000,0.05974,0.06031,0.05947,0.06028,396715,23729.65942
1786734000000,0.06028,0.06062,0.0598,0.06051,456430,27520.26417
1786737600000,0.06051,0.06085,0.06016,0.06018,319818,19381.62958
1786741200000,0.06018,0.06113,0.06015,0.06107,277443,16839.59613
1786744800000,0.06107,0.06109,0.06073,0.06078,246149,14992.21028
1786748400000,0.06078,0.06103,0.06033,0.06065,502468,30493.49237
1786752000000,0.06065,0.06089,0.06036,0.06045,262652,15909.02281
1786755600000,0.06045,0.06049,0.06006,0.06007,175776,10589.66981
1786759200000,0.06007,0.06024,0.05981,0.05987,401335,24080.12394
1786762800000,0.05987,0.06012,0.05979,0.05984,312474,18739.21145
1786766400000,0.05984,0.05991,0.05966,0.05976,131050,7833.7704
1786770000000,0.05976,0.06013,0.05972,0.05989,283935,17027.08914
1786773600000,0.05989,0.05991,0.05961,0.05972,273257,16322.18984
1786777200000,0.05972,0.06024,0.05971,0.05984,299504,17971.28568
1786780800000,0.05984,0.06014,0.05984,0.05997,189058,11347.93751
1786784400000,0.05997,0.0612,0.0599,0.06043,628690,37943.78464
1786788000000,0.06043,0.06146,0.06038,0.06074,360787,21982.06019
1786791600000,0.06074,0.06079,0.06016,0.06028,283236,17095.41839
1786795200000,0.06028,0.06038,0.06001,0.06013,152832,9197.27757
1786798800000,0.06013,0.06049,0.06003,0.06028,211835,12755.28373
1786802400000,0.06028,0.06055,0.06021,0.06037,185487,11189.67973
1786806000000,0.06037,0.06096,0.06022,0.06082,362753,21993.46779
1786809600000,0.06082,0.06226,0.06079,0.06171,1486906,91460.01744
1786813200000,0.06171,0.06191,0.06002,0.06014,1387938,84630.75471
1786816800000,0.06014,0.06051,0.06013,0.06051,354642,21397.10895
1786820400000,0.06051,0.06056,0.06021,0.06021,332223,20040.62025
1786824000000,0.06021,0.06032,0.05995,0.06002,135555,8148.87741
1786827600000,0.06002,0.06089,0.06,0.0606,212052,12785.82736
1786831200000,0.0606,0.06084,0.0602,0.06021,549250,33269.80462
1786834800000,0.06021,0.06042,0.0602,0.06026,253845,15302.17617
1786838400000,0.06026,0.06093,0.06021,0.06086,504157,30490.97445
1786842000000,0.06086,0.06087,0.0601,0.0601,352636,21339.65778
1786845600000,0.0601,0.0601,0.05952,0.05958,331246,19811.7642
1786849200000,0.05958,0.05996,0.05954,0.05964,202144,12074.74827
1786852800000,0.05964,0.06002,0.05957,0.05993,302787,18095.39275
1786856400000,0.05993,0.06066,0.05993,0.0603,271010,16325.87379
1786860000000,0.0603,0.06055,0.06013,0.06053,177780,10736.00294
1786863600000,0.06053,0.06063,0.06032,0.06055,136332,8242.25232
1786867200000,0.06055,0.06055,0.0599,0.06,192941,11616.76908
1786870800000,0.06,0.06,0.05971,0.05984,189775,11353.30644
1786874400000,0.05984,0.05995,0.05966,0.05981,61306,3665.06983
1786878000000,0.05981,0.0601,0.05974,0.05995,132014,7912.13669
1786881600000,0.05995,0.06005,0.05975,0.05992,332999,19947.9171
1786885200000,0.05992,0.06002,0.05943,0.05953,413548,24707.02455
1786888800000,0.05953,0.05955,0.05931,0.05935,289121,17182.83171
1786892400000,0.05935,0.05977,0.0591,0.05977,439811,26113.45267
1786896000000,0.05977,0.06011,0.05952,0.05994,542783,32439.56304
1786899600000,0.05994,0.06066,0.05994,0.06042,499891,30193.78577
1786903200000,0.06042,0.06042,0.05993,0.06018,230050,13831.39795
1786906800000,0.06018,0.06021,0.05995,0.06003,173168,10404.86564
1786910400000,0.06003,0.06005,0.05965,0.05968,257769,15428.81974
1786914000000,0.05968,0.05977,0.05927,0.05943,304619,18140.22345
1786917600000,0.05943,0.06082,0.05936,0.06076,1242218,74974.69348
1786921200000,0.06076,0.06081,0.05985,0.06,504121,30375.12913
1786924800000,0.06,0.06013,0.0596,0.05975,337030,20158.2141
1786928400000,0.05975,0.06045,0.05971,0.06038,367729,22093.67088
1786932000000,0.06038,0.06112,0.06024,0.0609,339056,20544.56035
1786935600000,0.0609,0.06186,0.06083,0.06116,660679,40569.93563
1786939200000,0.06116,0.06169,0.06114,0.0612,327690,20125.22161
1786942800000,0.0612,0.0613,0.06087,0.06109,171780,10492.79754
1786946400000,0.06109,0.06152,0.06098,0.0613,203833,12479.91604
1786950000000,0.0613,0.0613,0.06051,0.06052,200324,12171.54992
1786953600000,0.06052,0.06055,0.06017,0.06024,321257,19372.4923
1786957200000,0.06024,0.06037,0.06001,0.0601,177443,10676.71104
1786960800000,0.0601,0.06033,0.06009,0.06016,116895,7036.70742
1786964400000,0.06016,0.06026,0.06007,0.06011,57718,3472.90839
1786968000000,0.06011,0.06017,0.05959,0.05959,202285,12098.56188
1786971600000,0.05959,0.06023,0.05959,0.05993,321992,19310.75967
1786975200000,0.05993,0.06002,0.05973,0.05995,448993,26877.60642
1786978800000,0.05995,0.06026,0.05995,0.06019,317961,19122.40992
1786982400000,0.06019,0.06022,0.0598,0.05982,144528,8679.35347
1786986000000,0.05982,0.06018,0.05979,0.05986,299036,17946.29336
1786989600000,0.05986,0.05986,0.05958,0.05958,198286,11836.74329
1786993200000,0.05958,0.05958,0.05908,0.0591,328750,19492.97486
1786996800000,0.0591,0.05923,0.05888,0.05903,178698,10554.12971
1787000400000,0.05903,0.05942,0.05893,0.05926,200506,11860.03286
1787004000000,0.05926,0.05928,0.05891,0.05896,162023,9570.59916
1787007600000,0.05896,0.05904,0.05769,0.05834,1630717,95203.74105
1787011200000,0.05834,0.05882,0.05788,0.05796,712947,41647.38896
1787014800000,0.05796,0.05826,0.05796,0.05802,370927,21551.53927
1787018400000,0.05802,0.05823,0.05729,0.05744,435435,25162.12084
1787022000000,0.05744,0.05748,0.05573,0.05629,2366988,133526.00946
1787025600000,0.05629,0.05637,0.05562,0.05591,696021,38991.99422
1787029200000,0.05591,0.05604,0.05564,0.05595,613317,34273.76791
1787032800000,0.05595,0.05643,0.05581,0.05616,526882,29583.77027
1787036400000,0.05616,0.05632,0.05574,0.0559,332369,18651.49303
1787040000000,0.0559,0.05625,0.05563,0.05569,426724,23868.26097
1787043600000,0.05569,0.05636,0.05544,0.05611,479151,26762.08181
1787047200000,0.05611,0.05637,0.05592,0.05608,529357,29702.91673
1787050800000,0.05608,0.05652,0.05607,0.05638,351162,19781.19993
1787054400000,0.05638,0.05712,0.05636,0.0567,587241,33361.17763
1787058000000,0.0567,0.05684,0.05641,0.05642,382271,21646.93834
1787061600000,0.05642,0.05679,0.05606,0.05628,505038,28456.87761
1787065200000,0.05628,0.05676,0.05627,0.05663,541430,30633.82933
1787068800000,0.05663,0.05715,0.05661,0.05714,422986,24041.76874
1787072400000,0.05714,0.05747,0.05706,0.05746,330250,18902.75385
1787076000000,0.05746,0.05757,0.05698,0.05703,324317,18576.09028
1787079600000,0.05703,0.05703,0.05631,0.05633,320354,18139.23667
1787083200000,0.05633,0.05634,0.05604,0.05615,323640,18175.61749
1787086800000,0.05615,0.05648,0.05608,0.05641,279496,15724.54476
1787090400000,0.05641,0.05652,0.05627,0.05648,170521,9616.66739
1787094000000,0.05648,0.05674,0.0562,0.05624,333814,18829.19475
1787097600000,0.05624,0.05625,0.05466,0.05554,1297764,71899.88797
1787101200000,0.05554,0.05626,0.05541,0.05609,325829,18208.81601
1787104800000,0.05609,0.0566,0.05574,0.05582,880180,49505.58267
1787108400000,0.05582,0.05658,0.05567,0.05652,401867,22564.79456
1787112000000,0.05652,0.0566,0.05596,0.05596,506416,28564.4633
1787115600000,0.05596,0.05615,0.05556,0.05567,343924,19230.24061
1787119200000,0.05567,0.05639,0.05559,0.056,701648,39357.06076
1787122800000,0.056,0.05616,0.05578,0.0558,382655,21401.17204
1787126400000,0.0558,0.05605,0.05559,0.05559,272598,15229.92825
1787130000000,0.05559,0.0558,0.05493,0.055,406249,22500.93268
1787133600000,0.055,0.0551,0.05465,0.05471,665664,36530.98892
1787137200000,0.05471,0.05513,0.05443,0.05496,387463,21223.97984
1787140800000,0.05496,0.05535,0.05485,0.05535,530555,29257.26093
1787144400000,0.05535,0.05545,0.05512,0.05516,698061,38602.53931
1787148000000,0.05516,0.05681,0.05516,0.05633,707693,39625.90842
1787151600000,0.05633,0.05822,0.05633,0.0574,3062156,176079.0131
1787155200000,0.0574,0.0582,0.0574,0.05792,1012513,58614.87377
1787158800000,0.05792,0.05826,0.05754,0.0577,1149270,66631.61582
1787162400000,0.0577,0.05794,0.05755,0.05767,409924,23667.30983
1787166000000,0.05767,0.05773,0.05726,0.05765,586274,33716.2109
1787169600000,0.05765,0.05819,0.0571,0.05799,1050553,60537.04283
1787173200000,0.05799,0.05911,0.05783,0.05854,2410844,141292.46699
1787176800000,0.05854,0.05862,0.05747,0.05764,730242,42246.00226
1787180400000,0.05764,0.05788,0.05752,0.05788,551875,31820.46292
1787184000000,0.05788,0.05813,0.05756,0.05758,421338,24377.61295
1787187600000,0.05758,0.05773,0.05738,0.05764,250027,14381.00927
1787191200000,0.05764,0.0577,0.05753,0.05766,395280,22773.43901
1787194800000,0.05766,0.05766,0.05713,0.05723,323675,18554.91863
1787198400000,0.05723,0.05742,0.05707,0.0573,255286,14602.66586
1787202000000,0.0573,0.0574,0.05709,0.0572,250073,14314.18475
1787205600000,0.0572,0.05749,0.05694,0.05703,464128,26544.57662
1787209200000,0.05703,0.05707,0.05657,0.05675,847764,48084.61614
1787212800000,0.05675,0.05769,0.05675,0.05747,713035,40873.59269
1787216400000,0.05747,0.05797,0.05739,0.05746,522327,30111.5586
1787220000000,0.05746,0.05788,0.0574,0.05774,465386,26867.7332
1787223600000,0.05774,0.05859,0.0575,0.05822,1085088,62983.91261
1787227200000,0.05822,0.059,0.05779,0.05822,1465809,85350.47309
1787230800000,0.05822,0.0593,0.05795,0.05912,1961696,115029.3726
1787234400000,0.05912,0.05967,0.05865,0.05895,1382482,81862.83974
1787238000000,0.05895,0.06095,0.05895,0.06083,2038874,122330.62429
1787241600000,0.06083,0.06123,0.05955,0.05968,1832924,110594.84415
1787245200000,0.05968,0.05995,0.05932,0.05971,912919,54431.60915
1787248800000,0.05971,0.05973,0.05887,0.0592,1028242,60821.90468
1787252400000,0.0592,0.05936,0.05879,0.05879,300049,17736.86519
1787256000000,0.05879,0.05903,0.05814,0.05899,1414702,82894.1024
1787259600000,0.05899,0.05951,0.05894,0.05912,295077,17454.17735
1787263200000,0.05912,0.05925,0.05878,0.05892,386698,22805.65011
1787266800000,0.05892,0.05915,0.05883,0.05899,892896,52644.1643
1787270400000,0.05899,0.05944,0.05885,0.05909,815843,48305.57003
1787274000000,0.05909,0.0595,0.05856,0.05918,1239829,73098.19685
1787277600000,0.05918,0.05933,0.05858,0.05865,801428,47218.5323
1787281200000,0.05865,0.05903,0.05854,0.05875,471617,27723.61503
1787284800000,0.05875,0.05906,0.05857,0.05906,363148,21336.61478
1787288400000,0.05906,0.05911,0.05866,0.05899,429979,25302.51592
1787292000000,0.05899,0.05935,0.05896,0.05909,536271,31709.21687
1787295600000,0.05909,0.05993,0.05908,0.05983,809285,48235.81783
1787299200000,0.05983,0.06095,0.05962,0.06077,1134365,68178.27858
1787302800000,0.06077,0.06078,0.05935,0.06017,1803435,108101.23204
1787306400000,0.06017,0.0615,0.06003,0.06111,1725790,104880.85411
1787310000000,0.06111,0.06177,0.06053,0.06136,2052509,125627.19576
1787313600000,0.06136,0.06211,0.06109,0.06187,1391217,85727.94249
1787317200000,0.06187,0.06197,0.06119,0.0619,1082174,66700.70524
1787320800000,0.0619,0.06286,0.06154,0.06266,2233406,139166.58029
1787324400000,0.06266,0.06353,0.06225,0.06237,3182629,200354.91
1787328000000,0.06237,0.0633,0.06223,0.06293,1368912,85945.3492
1787331600000,0.06293,0.06295,0.06214,0.06242,1174695,73454.91281
1787335200000,0.06242,0.06321,0.06215,0.06253,722046,45223.34602
1787338800000,0.06253,0.06271,0.06201,0.06215,951448,59313.48218
1787342400000,0.06215,0.06266,0.06207,0.06234,486699,30343.05353
1787346000000,0.06234,0.06372,0.06222,0.06328,575997,36198.26998
1787349600000,0.06328,0.06408,0.06314,0.06383,802405,51073.79509
1787353200000,0.06383,0.06404,0.06342,0.06399,901288,57401.59117
1787356800000,0.06399,0.0651,0.06352,0.06496,1606830,103442.2632
1787360400000,0.06496,0.06496,0.06395,0.06405,1122508,72325.54352
1787364000000,0.06405,0.06496,0.06405,0.06487,742828,47871.06159
1787367600000,0.06487,0.06586,0.0648,0.06569,900446,58775.43222
1787371200000,0.06569,0.06694,0.06544,0.0669,867270,57465.93012
1787374800000,0.0669,0.06708,0.05701,0.06221,13551587,832721.27875
1787378400000,0.06221,0.0633,0.06173,0.0631,1510402,94090.58405
1787382000000,0.0631,0.06345,0.06215,0.06267,1186381,74414.11217
1787385600000,0.06267,0.06313,0.06097,0.06185,866897,53676.73509
1787389200000,0.06185,0.06217,0.06097,0.06107,661235,40713.32343
1787392800000,0.06107,0.06116,0.05973,0.06059,933230,56454.41772
1787396400000,0.06059,0.06137,0.06028,0.06122,654201,39770.54392
1787400000000,0.06122,0.06176,0.06089,0.0609,453116,27790.94452
1787403600000,0.0609,0.06142,0.0606,0.06112,513332,31300.5689
1787407200000,0.06112,0.0612,0.06005,0.06024,419536,25344.208
1787410800000,0.06024,0.06036,0.05977,0.06011,338010,20318.16067
1787414400000,0.06011,0.06117,0.06006,0.06095,249664,15141.81583
1787418000000,0.06095,0.06149,0.06082,0.06136,209155,12781.63077
1787421600000,0.06136,0.06143,0.06054,0.06075,136597,8347.37616
1787425200000,0.06075,0.06076,0.06042,0.06057,198517,12033.95818
1787428800000,0.06057,0.06095,0.06046,0.06049,193173,11726.35369
1787432400000,0.06049,0.06049,0.05918,0.05929,566842,33869.11423
1787436000000,0.05929,0.0597,0.05919,0.05925,300275,17865.72764
1787439600000,0.05925,0.05973,0.05902,0.05962,334277,19795.67392
1787443200000,0.05962,0.06035,0.05957,0.06022,267066,15989.05191
1787446800000,0.06022,0.06049,0.0589,0.05908,730180,43710.97311
1787450400000,0.05908,0.05909,0.05825,0.05847,491325,28790.472
1787454000000,0.05847,0.05855,0.05716,0.05766,599815,34623.86609
1787457600000,0.05766,0.05795,0.05673,0.05705,661704,37970.78061
1787461200000,0.05705,0.05755,0.05643,0.05706,596174,34024.322
1787464800000,0.05706,0.05766,0.05681,0.05734,230329,13194.18753
1787468400000,0.05734,0.05822,0.05733,0.0582,213889,12375.81116
1787472000000,0.0582,0.05904,0.05811,0.05875,576526,33825.83763
1787475600000,0.05875,0.0591,0.05848,0.05861,201433,11831.53053
1787479200000,0.05861,0.05901,0.05851,0.05901,261021,15348.03867
1787482800000,0.05901,0.05953,0.0588,0.0593,184216,10895.42569
1787486400000,0.0593,0.0593,0.05894,0.05907,533965,31560.3904
1787490000000,0.05907,0.05978,0.05906,0.05965,463394,27588.45445
1787493600000,0.05965,0.05994,0.05847,0.05918,503243,29734.83318
1787497200000,0.05918,0.0605,0.059,0.05995,415348,24788.466
1787500800000,0.05995,0.06023,0.05984,0.06016,131336,7884.87708
1787504400000,0.06016,0.0612,0.05975,0.06076,656672,39746.14895
1787508000000,0.06076,0.06139,0.06041,0.06135,671807,40875.508
1787511600000,0.06135,0.06137,0.06076,0.06092,276254,16858.30651
1787515200000,0.06092,0.06155,0.06071,0.06126,394165,24142.99517
1787518800000,0.06126,0.06161,0.06103,0.06103,133351,8186.72856
1787522400000,0.06103,0.06108,0.06058,0.06078,140543,8536.96588
1787526000000,0.06078,0.06099,0.06056,0.06076,145252,8827.81477
1787529600000,0.06076,0.06078,0.05924,0.05977,505023,30180.26406
1787533200000,0.05977,0.0598,0.05847,0.05857,261529,15476.20781
1787536800000,0.05857,0.05918,0.05847,0.05883,162508,9547.21082
1787540400000,0.05883,0.0591,0.0583,0.05846,196395,11508.68116
1787544000000,0.05846,0.05912,0.055,0.05639,5990603,338523.46624
1787547600000,0.05639,0.057,0.05462,0.05634,4890953,273850.9701
1787551200000,0.05634,0.05653,0.05594,0.05619,1082511,60841.28874
1787554800000,0.05619,0.05648,0.05588,0.05627,642624,36097.99504
1787558400000,0.05627,0.0566,0.05588,0.05651,782959,44069.61312
1787562000000,0.05651,0.05711,0.05646,0.05688,796712,45262.35939
1787565600000,0.05688,0.05703,0.05666,0.05677,453027,25747.64401
1787569200000,0.05677,0.05848,0.05641,0.05808,1885880,108765.35461
1787572800000,0.05808,0.05886,0.05768,0.05829,1603465,93573.01527
1787576400000,0.05829,0.05829,0.05639,0.05724,1953591,112140.67932
1787580000000,0.05724,0.05799,0.05704,0.05756,640421,36811.47994
1787583600000,0.05756,0.05826,0.05728,0.05747,530545,30604.52828
1787587200000,0.05747,0.05923,0.05747,0.05857,964542,56344.26404
1787590800000,0.05857,0.05857,0.05713,0.05772,863863,49852.82531
1787594400000,0.05772,0.05825,0.05737,0.05744,480185,27750.61405
1787598000000,0.05744,0.05791,0.05741,0.05752,288015,16598.48682
1787601600000,0.05752,0.05796,0.05735,0.05793,219852,12683.63558
1787605200000,0.05793,0.05872,0.05782,0.05824,277797,16140.08988
1787608800000,0.05824,0.05824,0.05764,0.05775,270361,15642.29971
1787612400000,0.05775,0.05854,0.05761,0.05846,278003,16119.18255
1787616000000,0.05846,0.05908,0.0581,0.05877,574798,33610.40569
1787619600000,0.05877,0.0588,0.05791,0.05797,194264,11320.8833
1787623200000,0.05797,0.05868,0.05768,0.05771,761309,44279.73346
1787626800000,0.05771,0.05837,0.05759,0.0579,417662,24173.52715
1787630400000,0.0579,0.05807,0.05754,0.05769,220000,12707.90392
1787634000000,0.05769,0.05846,0.05763,0.05814,193476,11252.10487
1787637600000,0.05814,0.05818,0.05755,0.05771,425178,24593.74466
1787641200000,0.05771,0.0581,0.05681,0.0574,721284,41501.6824
1787644800000,0.0574,0.05799,0.05732,0.05756,542673,31284.41561
1787648400000,0.05756,0.05783,0.05697,0.05716,252596,14502.71683
1787652000000,0.05716,0.05716,0.0568,0.05703,472882,26926.94307
1787655600000,0.05703,0.05756,0.05669,0.05686,982979,56070.09095
1787659200000,0.05686,0.05713,0.05651,0.05699,449468,25546.66671
1787662800000,0.05699,0.05719,0.05575,0.05648,1189904,67100.92846
1787666400000,0.05648,0.05735,0.05635,0.05713,574503,32727.52189
1787670000000,0.05713,0.05713,0.05653,0.05692,407325,23132.86639
1787673600000,0.05692,0.05712,0.05661,0.0568,80125,4558.45826
1787677200000,0.0568,0.05695,0.05622,0.05665,304597,17230.62981
1787680800000,0.05665,0.05698,0.0566,0.05672,154841,8790.29465
1787684400000,0.05672,0.05686,0.05632,0.05652,269454,15260.66267
1787688000000,0.05652,0.05655,0.0548,0.05524,920036,51224.73642
1787691600000,0.05524,0.05575,0.05435,0.05536,993915,54768.94071
1787695200000,0.05536,0.05581,0.05525,0.05572,313083,17407.89671
1787698800000,0.05572,0.05583,0.05538,0.05552,195387,10867.7151
1787702400000,0.05552,0.05742,0.05543,0.05728,1650084,93223.52595
1787706000000,0.05728,0.05775,0.05594,0.05615,2118137,120517.28155
1787709600000,0.05615,0.05676,0.05588,0.05616,582873,32773.80375
1787713200000,0.05616,0.05629,0.05561,0.05578,334016,18669.80381
1787716800000,0.05578,0.05602,0.05564,0.05568,199339,11113.60434
1787720400000,0.05568,0.05593,0.05549,0.05586,230645,12845.93391
1787724000000,0.05586,0.05606,0.05558,0.05578,158423,8836.16574
1787727600000,0.05578,0.05606,0.0557,0.05585,290287,16222.38742
1787731200000,0.05585,0.05629,0.05559,0.05593,269604,15059.48599
1787734800000,0.05593,0.05605,0.05548,0.05569,886044,49438.65599
1787738400000,0.05569,0.05731,0.05564,0.0565,778311,44122.29392
1787742000000,0.0565,0.05686,0.05618,0.05667,427602,24181.11592
1787745600000,0.05667,0.05673,0.0559,0.05608,593057,33398.88554
1787749200000,0.05608,0.05638,0.05568,0.05598,401152,22467.07478
1787752800000,0.05598,0.05694,0.05553,0.0556,531628,29885.04458
1787756400000,0.0556,0.05614,0.05505,0.05565,1467377,81221.00952
1787760000000,0.05565,0.05642,0.05562,0.05622,305139,17113.21602
1787763600000,0.05622,0.05659,0.05611,0.05618,297000,16741.96876
1787767200000,0.05618,0.05683,0.0561,0.05664,303709,17158.02719
1787770800000,0.05664,0.05672,0.05634,0.05639,131506,7433.19966
1787774400000,0.05639,0.05651,0.056,0.05648,213673,12018.31858
1787778000000,0.05648,0.05693,0.05641,0.05688,187877,10668.68483
1787781600000,0.05688,0.05737,0.05686,0.05703,266638,15239.31407
1787785200000,0.05703,0.05739,0.0569,0.05734,152566,8720.54688
1787788800000,0.05734,0.05734,0.05629,0.0563,255651,14508.39389
1787792400000,0.0563,0.05655,0.05604,0.0563,208914,11757.18036
1787796000000,0.0563,0.05651,0.0563,0.05649,312877,17638.02803
1787799600000,0.05649,0.05669,0.05611,0.05621,1228330,69187.69582
1787803200000,0.05621,0.05666,0.05615,0.0562,205636,11593.88254
1787806800000,0.0562,0.05635,0.05588,0.05634,115412,6475.66056
1787810400000,0.05634,0.05643,0.05609,0.05638,120611,6784.98741
1787814000000,0.05638,0.05656,0.05626,0.05655,87844,4953.21665
1787817600000,0.05655,0.05745,0.05654,0.05722,378995,21660.18361
1787821200000,0.05722,0.05748,0.05704,0.05707,184570,10559.02353
1787824800000,0.05707,0.0574,0.05661,0.05734,380832,21693.2421
1787828400000,0.05734,0.05744,0.05685,0.05723,125082,7149.15318
1787832000000,0.05723,0.05755,0.05696,0.057,255361,14619.15417
1787835600000,0.057,0.05766,0.057,0.05747,244142,14002.96165
1787839200000,0.05747,0.05768,0.0572,0.05736,261215,15014.83144
1787842800000,0.05736,0.05758,0.05709,0.0575,262074,15028.84449
1787846400000,0.0575,0.05785,0.05744,0.05771,237398,13683.66193
1787850000000,0.05771,0.05796,0.05731,0.0574,164214,9462.14647
1787853600000,0.0574,0.05747,0.05691,0.05725,253382,14490.0896
1787857200000,0.05725,0.05748,0.05713,0.05716,213622,12243.25889
1787860800000,0.05716,0.05737,0.05715,0.0573,39948,2287.08401
1787864400000,0.0573,0.05736,0.05693,0.05736,62533,3569.88962
1787868000000,0.05736,0.05738,0.05716,0.05734,103832,5948.08725
1787871600000,0.05734,0.05736,0.05707,0.05736,69124,3952.54007
1787875200000,0.05736,0.05934,0.05705,0.05847,1186318,69339.49321
1787878800000,0.05847,0.05847,0.05729,0.05744,477990,27628.32203
1787882400000,0.05744,0.05751,0.05651,0.05673,500228,28517.45594
1787886000000,0.05673,0.05705,0.05651,0.05684,166518,9456.67952
1787889600000,0.05684,0.05686,0.05634,0.0567,154316,8735.262
1787893200000,0.0567,0.05675,0.05634,0.05659,78740,4452.57956
1787896800000,0.05659,0.05681,0.05659,0.05677,63985,3627.07198
1787900400000,0.05677,0.05677,0.05636,0.05651,147409,8331.96451
1787904000000,0.05651,0.05668,0.05596,0.05616,346012,19466.3005
1787907600000,0.05616,0.05667,0.05613,0.05664,215046,12134.40999
1787911200000,0.05664,0.05698,0.0562,0.05698,154566,8743.26381
1787914800000,0.05698,0.05715,0.05673,0.05675,84150,4791.37854
1787918400000,0.05675,0.05685,0.05655,0.05669,142854,8096.47227
1787922000000,0.05669,0.05685,0.05625,0.05639,191103,10786.69398
1787925600000,0.05639,0.05716,0.05568,0.05714,660273,37175.95642
1787929200000,0.05714,0.05729,0.056,0.05607,383743,21747.33136
1787932800000,0.05607,0.05609,0.05474,0.05572,827484,45894.71165
1787936400000,0.05572,0.05601,0.05538,0.0558,457254,25459.18745
1787940000000,0.0558,0.0558,0.05511,0.05552,197876,10960.21651
1787943600000,0.05552,0.05588,0.0555,0.05569,93183,5183.91676
1787947200000,0.05569,0.05611,0.05562,0.05572,159952,8937.61154
1787950800000,0.05572,0.05611,0.05559,0.05559,48884,2728.69194
1787954400000,0.05559,0.05619,0.05559,0.05613,60142,3365.41143
1787958000000,0.05613,0.05685,0.05604,0.05676,408022,23079.94577
1787961600000,0.05676,0.05841,0.05673,0.05811,3394367,196268.49672
1787965200000,0.05811,0.05852,0.05716,0.05789,1356855,78378.96218
1787968800000,0.05789,0.05815,0.05742,0.05783,694564,40091.3109
1787972400000,0.05783,0.05811,0.05748,0.05764,339940,19637.56104
1787976000000,0.05764,0.05807,0.05754,0.05785,297832,17212.36502
1787979600000,0.05785,0.05792,0.05737,0.05767,156025,8991.34459
1787983200000,0.05767,0.05767,0.05641,0.05662,866292,49163.29912
1787986800000,0.05662,0.05718,0.0566,0.05685,424672,24153.73768
1787990400000,0.05685,0.05691,0.05655,0.05677,180995,10271.17672
1787994000000,0.05677,0.05693,0.0567,0.05678,104820,5956.25784
1787997600000,0.05678,0.05694,0.05646,0.05655,159782,9059.95747
1788001200000,0.05655,0.05705,0.0565,0.05689,148556,8434.2734
1788004800000,0.05689,0.05709,0.05672,0.05702,225116,12816.46197
1788008400000,0.05702,0.05774,0.05694,0.0576,236824,13605.401
1788012000000,0.0576,0.05814,0.05755,0.05769,454746,26292.13593
1788015600000,0.05769,0.05798,0.05734,0.05788,391411,22590.91281
1788019200000,0.05788,0.05802,0.05751,0.05773,311987,18020.63299
1788022800000,0.05773,0.05856,0.05763,0.05765,816661,47507.003
1788026400000,0.05765,0.05787,0.05748,0.05756,279406,16122.03921
1788030000000,0.05756,0.05818,0.0575,0.05809,270714,15690.59138
1788033600000,0.05809,0.05809,0.05775,0.05781,103701,6007.39578
1788037200000,0.05781,0.05783,0.05748,0.05777,107371,6196.3349
1788040800000,0.05777,0.05777,0.05746,0.05757,42588,2452.67781
1788044400000,0.05757,0.05769,0.0575,0.05765,164384,9469.04325
1788048000000,0.05765,0.05765,0.05732,0.05744,142167,8174.13168
1788051600000,0.05744,0.0575,0.05719,0.05744,76666,4399.53408
1788055200000,0.05744,0.05747,0.05733,0.05745,18080,1038.02324
1788058800000,0.05745,0.05827,0.05743,0.05794,359327,20755.4025
1788062400000,0.05794,0.05807,0.05738,0.05743,296469,17092.52908
1788066000000,0.05743,0.05808,0.05743,0.05808,152886,8837.62792
1788069600000,0.05808,0.0591,0.05799,0.05859,432667,25304.86625
1788073200000,0.05859,0.0603,0.05837,0.05994,875488,51973.37075
1788076800000,0.05994,0.06028,0.05882,0.05913,1330223,79114.9478
1788080400000,0.05913,0.06025,0.059,0.06001,421836,25110.27208
1788084000000,0.06001,0.06065,0.05969,0.05975,863850,52043.06966
1788087600000,0.05975,0.06038,0.05965,0.06005,324156,19449.5245
1788091200000,0.06005,0.06072,0.05969,0.06049,775647,46663.71577
1788094800000,0.06049,0.06156,0.06021,0.06129,2241820,136924.79799
1788098400000,0.06129,0.06329,0.06108,0.06192,4952101,307326.92281
1788102000000,0.06192,0.06772,0.06138,0.06734,10131048,651056.48819
1788105600000,0.06734,0.07118,0.06554,0.067,20248717,1375029.4183
1788109200000,0.067,0.06846,0.0658,0.06748,6522536,436541.17066
1788112800000,0.06748,0.06781,0.06519,0.06605,3655604,241746.61339
1788116400000,0.06605,0.06637,0.0643,0.06476,3704739,241447.34481
1788120000000,0.06476,0.06518,0.06279,0.06313,3694978,236040.0265
1788123600000,0.06313,0.06419,0.06257,0.06379,1442434,91559.01783
1788127200000,0.06379,0.06429,0.06336,0.06394,899132,57427.03907
1788130800000,0.06394,0.06539,0.06284,0.06499,9204949,592945.63729
1788134400000,0.06499,0.06837,0.06384,0.06502,14264561,944402.34816
1788138000000,0.06502,0.06548,0.06226,0.06436,6777572,433414.89669
1788141600000,0.06436,0.06532,0.06413,0.06454,2218027,143470.87352
1788145200000,0.06454,0.06523,0.06355,0.06386,3087030,198161.15587
1788148800000,0.06386,0.06404,0.06076,0.06151,3870502,241421.36458
1788152400000,0.06151,0.06249,0.0613,0.0617,1463594,90702.95976
1788156000000,0.0617,0.06222,0.06143,0.06191,1256595,77662.55725
1788159600000,0.06191,0.06348,0.06187,0.06299,1473110,92402.64573
1788163200000,0.06299,0.06316,0.06083,0.06129,1421265,88186.77258
1788166800000,0.06129,0.06165,0.0606,0.06063,1228902,75186.865
1788170400000,0.06063,0.06125,0.06063,0.06094,573153,34930.3016
1788174000000,0.06094,0.06168,0.05968,0.0606,2738418,165965.99929
1788177600000,0.0606,0.06117,0.06026,0.06033,576816,35048.91357
1788181200000,0.06033,0.06083,0.06008,0.06038,923653,55876.60475
1788184800000,0.06038,0.06148,0.06033,0.06111,1283619,77994.76648
1788188400000,0.06111,0.0612,0.06055,0.06102,531386,32390.71709
1788192000000,0.06102,0.06103,0.06056,0.06076,400362,24338.55831
1788195600000,0.06076,0.06103,0.06034,0.06056,491872,29841.73998
1788199200000,0.06056,0.06095,0.06037,0.06069,442878,26869.0634
1788202800000,0.06069,0.06082,0.05961,0.05983,1378347,82640.84082
1788206400000,0.05983,0.05998,0.05944,0.05968,436880,26087.41791
1788210000000,0.05968,0.05992,0.05924,0.05985,435028,25905.55942
1788213600000,0.05985,0.06021,0.05968,0.06001,302451,18143.14067
1788217200000,0.06001,0.06037,0.05983,0.06015,469181,28223.51946
1788220800000,0.06015,0.06167,0.05979,0.06116,1961562,118730.43153
1788224400000,0.06116,0.06177,0.06059,0.06086,1424356,86874.44759
1788228000000,0.06086,0.06158,0.06065,0.061,1062942,64954.86574
1788231600000,0.061,0.06145,0.06093,0.06103,445181,27236.25759
1788235200000,0.06103,0.06154,0.06085,0.06147,418490,25602.2884
1788238800000,0.06147,0.0617,0.06107,0.06109,355417,21812.07536
1788242400000,0.06109,0.06109,0.06019,0.06034,808411,48965.86653
1788246000000,0.06034,0.06053,0.0597,0.05996,755474,45352.45901
1788249600000,0.05996,0.06,0.05869,0.05876,1086603,64348.58468
1788253200000,0.05876,0.05912,0.05858,0.05903,598728,35198.0624
1788256800000,0.05903,0.05918,0.05872,0.05888,491242,28935.24328
1788260400000,0.05888,0.05936,0.05877,0.05901,584891,34546.20611
1788264000000,0.05901,0.05913,0.05833,0.05846,636118,37317.60678
1788267600000,0.05846,0.05855,0.0581,0.05839,838504,48897.80167
1788271200000,0.05839,0.05873,0.05829,0.05836,870242,50903.25406
1788274800000,0.05836,0.05854,0.05781,0.05834,722977,41991.6908
1788278400000,0.05834,0.05845,0.05755,0.05787,823876,47683.62799
1788282000000,0.05787,0.05794,0.05735,0.05741,625792,36075.36047
1788285600000,0.05741,0.05759,0.05664,0.05729,953985,54388.09968
1788289200000,0.05729,0.05757,0.05721,0.05742,180562,10364.29773
1788292800000,0.05742,0.05766,0.05733,0.05745,105354,6052.52007
1788296400000,0.05745,0.05764,0.05706,0.05733,425862,24449.39097
1788300000000,0.05733,0.05744,0.05709,0.05726,272360,15577.75328
1788303600000,0.05726,0.05769,0.05724,0.05749,206719,11885.27299
1788307200000,0.05749,0.05822,0.0571,0.05782,447122,25741.69223
1788310800000,0.05782,0.05816,0.05711,0.05738,360508,20779.6686
1788314400000,0.05738,0.05856,0.05731,0.05831,361383,20989.92852
1788318000000,0.05831,0.05836,0.05764,0.05782,216150,12545.1536
1788321600000,0.05782,0.05795,0.05735,0.05789,153629,8853.3475
1788325200000,0.05789,0.05815,0.05774,0.05812,104997,6079.05729
1788328800000,0.05812,0.05831,0.05794,0.05827,145418,8459.48427
1788332400000,0.05827,0.05844,0.05804,0.05813,189810,11043.9532
1788336000000,0.05813,0.05845,0.05798,0.05799,204010,11870.57056
1788339600000,0.05799,0.05854,0.05797,0.05828,354961,20698.53098
1788343200000,0.05828,0.05855,0.05779,0.05841,325402,18942.92925
1788346800000,0.05841,0.05923,0.05821,0.05892,1016367,59831.30719
1788350400000,0.05892,0.05963,0.05883,0.05892,630645,37363.03033
1788354000000,0.05892,0.05937,0.05859,0.05923,1107562,65310.7491
1788357600000,0.05923,0.05948,0.0588,0.05882,373121,22078.91296
1788361200000,0.05882,0.05904,0.05871,0.0588,282893,16656.21009
1788364800000,0.0588,0.05918,0.05859,0.05863,560899,33015.11098
1788368400000,0.05863,0.05865,0.05831,0.05835,361634,21145.78602
1788372000000,0.05835,0.0585,0.05816,0.05827,244390,14245.66872
1788375600000,0.05827,0.05856,0.05799,0.05825,268634,15648.02684
1788379200000,0.05825,0.05841,0.05808,0.05832,163535,9523.6151
1788382800000,0.05832,0.05881,0.05829,0.05867,301529,17655.16475
1788386400000,0.05867,0.05924,0.05853,0.05873,241515,14208.78794
1788390000000,0.05873,0.05882,0.05846,0.05882,228719,13407.87033
1788393600000,0.05882,0.05882,0.05778,0.0578,507015,29501.87747
1788397200000,0.0578,0.05843,0.05769,0.05769,396833,23027.27109
1788400800000,0.05769,0.05817,0.05756,0.05799,247148,14294.35917
1788404400000,0.05799,0.05804,0.05776,0.05788,77966,4514.39722
1788408000000,0.05788,0.05803,0.05759,0.05801,85988,4967.8925
1788411600000,0.05801,0.05808,0.0572,0.05795,609459,35154.72969
1788415200000,0.05795,0.05812,0.05772,0.05776,413548,23976.47969
1788418800000,0.05776,0.05829,0.05776,0.05811,262571,15269.28606
1788422400000,0.05811,0.0583,0.05799,0.05817,124834,7261.94732
1788426000000,0.05817,0.05836,0.05802,0.05809,127209,7399.88004
1788429600000,0.05809,0.05832,0.05801,0.0583,76135,4426.83031
1788433200000,0.0583,0.05865,0.05824,0.05831,374378,21887.72079
1788436800000,0.05831,0.05856,0.05799,0.05854,567994,33088.0894
1788440400000,0.05854,0.05854,0.05776,0.05783,255876,14851.53308
1788444000000,0.05783,0.0589,0.05779,0.0588,516308,30160.71893
1788447600000,0.0588,0.05908,0.0585,0.05904,848558,49932.8933
1788451200000,0.05904,0.05935,0.05865,0.05917,546745,32276.1007
1788454800000,0.05917,0.05961,0.05911,0.05951,366713,21802.53523
1788458400000,0.05951,0.05974,0.05947,0.05969,450367,26850.97256
1788462000000,0.05969,0.05991,0.05948,0.05955,259666,15494.41959
1788465600000,0.05955,0.05986,0.05942,0.0598,118439,7070.65434
1788469200000,0.0598,0.05986,0.05916,0.05945,536162,31951.20393
1788472800000,0.05945,0.05968,0.05905,0.05923,480210,28480.03649
1788476400000,0.05923,0.05934,0.05914,0.05918,100704,5963.35618
1788480000000,0.05918,0.06029,0.05907,0.05923,611446,36478.80947
1788483600000,0.05923,0.05983,0.05921,0.0594,286633,17067.29128
1788487200000,0.0594,0.0594,0.05877,0.0589,409836,24179.79964
1788490800000,0.0589,0.05898,0.05858,0.05867,214541,12617.66609
1788494400000,0.05867,0.0591,0.05867,0.05875,272314,16039.80027
1788498000000,0.05875,0.05877,0.05824,0.05835,80084,4683.31114
1788501600000,0.05835,0.05841,0.05815,0.05839,80464,4689.91768
1788505200000,0.05839,0.05854,0.05839,0.05845,31845,1862.5539
1788508800000,0.05845,0.05885,0.05841,0.05884,110324,6476.37889
1788512400000,0.05884,0.05903,0.05878,0.05893,150664,8873.24049
1788516000000,0.05893,0.05893,0.05852,0.05857,270353,15850.69288
1788519600000,0.05857,0.05883,0.05856,0.0587,53710,3151.61752
1788523200000,0.0587,0.05889,0.0566,0.05791,1893638,109317.27505
1788526800000,0.05791,0.05838,0.05774,0.05829,681500,39544.88961
1788530400000,0.05829,0.05846,0.05805,0.0584,231912,13519.21704
1788534000000,0.0584,0.05888,0.05819,0.05878,269866,15821.32337
1788537600000,0.05878,0.05896,0.0587,0.05871,95087,5592.25916
1788541200000,0.05871,0.05871,0.05826,0.05835,142767,8345.48285
1788544800000,0.05835,0.05845,0.05813,0.05833,44815,2611.34713
1788548400000,0.05833,0.05856,0.05829,0.05846,35428,2069.80765
1788552000000,0.05846,0.05851,0.05819,0.05824,172263,10035.12872
1788555600000,0.05824,0.05846,0.05811,0.0582,68905,4018.11226
1788559200000,0.0582,0.05828,0.05806,0.05823,69152,4021.43344
1788562800000,0.05823,0.05833,0.05815,0.05832,94077,5474.39774
1788566400000,0.05832,0.05905,0.05817,0.05868,269821,15829.3099
1788570000000,0.05868,0.05875,0.05853,0.05853,90736,5324.20455
1788573600000,0.05853,0.05876,0.05841,0.05876,160594,9407.7655
1788577200000,0.05876,0.05876,0.0585,0.05866,147837,8660.42883
1788580800000,0.05866,0.0588,0.05853,0.05876,107840,6327.18125
1788584400000,0.05876,0.05885,0.0587,0.05878,76212,4479.33702
1788588000000,0.05878,0.05889,0.05872,0.05886,28175,1657.16001
1788591600000,0.05886,0.05929,0.05886,0.05912,366960,21702.22256
1788595200000,0.05912,0.05923,0.05903,0.05906,116270,6868.7369
1788598800000,0.05906,0.05961,0.05904,0.0593,131276,7793.99264
1788602400000,0.0593,0.05941,0.05907,0.05926,343559,20355.39055
1788606000000,0.05926,0.05929,0.05893,0.05914,174111,10288.38182
1788609600000,0.05914,0.05928,0.05908,0.05927,100776,5961.59549
1788613200000,0.05927,0.05932,0.05907,0.05913,127829,7572.95489
1788616800000,0.05913,0.05922,0.05901,0.05914,117046,6918.48542
1788620400000,0.05914,0.0593,0.05898,0.05902,196463,11623.52686
1788624000000,0.05902,0.05915,0.05877,0.05899,211012,12433.69384
1788627600000,0.05899,0.05913,0.05869,0.05874,326789,19229.82534
1788631200000,0.05874,0.05895,0.05869,0.05889,88793,5220.19187
1788634800000,0.05889,0.05908,0.05887,0.05902,96962,5720.06657
1788638400000,0.05902,0.05926,0.05897,0.05923,78210,4620.13125
1788642000000,0.05923,0.0593,0.0591,0.05926,73010,4321.6216
1788645600000,0.05926,0.05948,0.05911,0.05913,126869,7516.70359
1788649200000,0.05913,0.05918,0.05903,0.05916,109274,6461.51678
1788652800000,0.05916,0.05986,0.05912,0.0597,284849,16951.93759
1788656400000,0.0597,0.05986,0.05955,0.05979,186820,11150.8722
1788660000000,0.05979,0.06007,0.05955,0.05998,209739,12528.54603
1788663600000,0.05998,0.05998,0.0596,0.05985,218210,13039.90022
1788667200000,0.05985,0.05997,0.05961,0.05961,97618,5829.4634
1788670800000,0.05961,0.05968,0.05956,0.05957,63420,3782.35756
1788674400000,0.05957,0.05981,0.05955,0.05978,83036,4949.92739
1788678000000,0.05978,0.05992,0.05937,0.05969,180348,10748.14308
1788681600000,0.05969,0.05992,0.05959,0.0597,82993,4955.07225
1788685200000,0.0597,0.06019,0.0597,0.06003,155030,9292.92032
1788688800000,0.06003,0.06012,0.05984,0.06006,55610,3334.26098
1788692400000,0.06006,0.06017,0.05998,0.06004,132240,7941.0882
1788696000000,0.06004,0.06024,0.05988,0.05993,124192,7453.792
1788699600000,0.05993,0.0602,0.05991,0.06012,72779,4371.41232
1788703200000,0.06012,0.06046,0.05939,0.05974,575124,34456.62974
1788706800000,0.05974,0.06019,0.05941,0.06006,253228,15144.11385
1788710400000,0.06006,0.06013,0.05977,0.05993,235287,14097.21972
1788714000000,0.05993,0.05997,0.05965,0.05976,197389,11795.09102
1788717600000,0.05976,0.05985,0.05963,0.05969,88863,5306.33827
1788721200000,0.05969,0.05977,0.05967,0.05971,31570,1885.0752
1788724800000,0.05971,0.06001,0.05968,0.05994,46331,2775.28942
1788728400000,0.05994,0.06027,0.05989,0.0601,165186,9928.33597
1788732000000,0.0601,0.0601,0.05986,0.05993,214953,12887.84625
1788735600000,0.05993,0.06045,0.05993,0.06041,86225,5188.92726
1788739200000,0.06041,0.0611,0.0602,0.06035,470763,28571.22955
1788742800000,0.06035,0.06043,0.05974,0.05988,280201,16803.99182
1788746400000,0.05988,0.06068,0.05962,0.06032,469140,28245.22362
1788750000000,0.06032,0.06043,0.06015,0.06029,131899,7951.13227
1788753600000,0.06029,0.0605,0.06006,0.06008,146066,8801.9048
1788757200000,0.06008,0.06042,0.05989,0.05997,174478,10493.00146
1788760800000,0.05997,0.06009,0.05989,0.05995,97933,5875.75742
1788764400000,0.05995,0.06019,0.05944,0.05969,234304,14012.53074
1788768000000,0.05969,0.06009,0.05969,0.06001,127695,7657.71767
1788771600000,0.06001,0.06028,0.05983,0.05985,131897,7923.18671
1788775200000,0.05985,0.06042,0.05985,0.06019,151046,9083.97249
1788778800000,0.06019,0.06069,0.06004,0.06063,269574,16292.01899
1788782400000,0.06063,0.06084,0.06033,0.06072,310598,18807.39611
1788786000000,0.06072,0.06081,0.06027,0.0604,234184,14177.80484
1788789600000,0.0604,0.06082,0.06014,0.06071,300381,18150.14886
1788793200000,0.06071,0.06073,0.06014,0.06045,267479,16160.58125
1788796800000,0.06045,0.06132,0.06045,0.06091,417451,25445.46831
1788800400000,0.06091,0.06093,0.06056,0.06058,159203,9672.4773
1788804000000,0.06058,0.06074,0.0603,0.06061,154915,9386.57833
1788807600000,0.06061,0.06092,0.06041,0.0609,119908,7272.34077
1788811200000,0.0609,0.06091,0.06051,0.0607,133911,8124.54507
1788814800000,0.0607,0.06104,0.06065,0.06092,59894,3643.43214
1788818400000,0.06092,0.06095,0.06031,0.06031,74758,4533.56838
1788822000000,0.06031,0.06103,0.06031,0.06081,166262,10088.56165
1788825600000,0.06081,0.06165,0.06059,0.06147,427329,26089.06553
1788829200000,0.06147,0.06155,0.06111,0.06152,322105,19764.39524
1788832800000,0.06152,0.06164,0.06058,0.06071,270413,16515.31321
1788836400000,0.06071,0.06144,0.06053,0.06115,376399,22944.38696
1788840000000,0.06115,0.06133,0.06097,0.06125,179154,10959.14895
1788843600000,0.06125,0.06186,0.06116,0.06153,331786,20440.98673
1788847200000,0.06153,0.06165,0.06107,0.06157,316579,19444.98266
1788850800000,0.06157,0.06192,0.0614,0.06181,237401,14650.62085
1788854400000,0.06181,0.06188,0.06131,0.06166,204039,12541.54573
1788858000000,0.06166,0.06227,0.0616,0.06197,984828,61144.71211
1788861600000,0.06197,0.06259,0.06188,0.06201,931922,58052.5629
1788865200000,0.06201,0.06217,0.06172,0.06177,196460,12172.386
1788868800000,0.06177,0.06204,0.0616,0.06177,134028,8277.02815
1788872400000,0.06177,0.06179,0.06022,0.06094,444188,27019.14172
1788876000000,0.06094,0.06185,0.0609,0.06185,189483,11627.83145
1788879600000,0.06185,0.06216,0.06167,0.06207,151643,9405.27715
1788883200000,0.06207,0.0621,0.06168,0.06178,62796,3884.90779
1788886800000,0.06178,0.06197,0.06154,0.06157,105969,6538.80869
1788890400000,0.06157,0.06178,0.06088,0.061,171498,10505.6158
1788894000000,0.061,0.06117,0.06068,0.06089,367008,22344.43204
1788897600000,0.06089,0.06141,0.06089,0.06111,253324,15485.43391
1788901200000,0.06111,0.06126,0.06099,0.06101,91795,5610.58866
1788904800000,0.06101,0.0616,0.06101,0.06132,131925,8106.17524
1788908400000,0.06132,0.06142,0.06096,0.06105,167633,10259.89094
1788912000000,0.06105,0.06133,0.06074,0.06088,99745,6079.95584
1788915600000,0.06088,0.06097,0.05972,0.06023,741622,44606.15323
1788919200000,0.06023,0.0605,0.06011,0.06037,258386,15568.53775
1788922800000,0.06037,0.0604,0.05977,0.05997,208917,12529.61749
1788926400000,0.05997,0.06082,0.05997,0.06063,127472,7700.56534
1788930000000,0.06063,0.06075,0.06049,0.06069,50653,3070.56517
1788933600000,0.06069,0.06082,0.06051,0.06076,57668,3503.68389
1788937200000,0.06076,0.06103,0.06076,0.06091,71920,4380.03406
1788940800000,0.06091,0.06144,0.06083,0.06144,131002,8017.34185
1788944400000,0.06144,0.06159,0.06107,0.06118,206053,12638.83134
1788948000000,0.06118,0.0615,0.06106,0.06108,348189,21331.91253
1788951600000,0.06108,0.06136,0.06073,0.06095,345995,21107.71505
1788955200000,0.06095,0.06137,0.06087,0.06121,129779,7940.1506
1788958800000,0.06121,0.06129,0.06072,0.06087,232181,14165.32732
1788962400000,0.06087,0.06117,0.06079,0.06079,151753,9255.45137
1788966000000,0.06079,0.0612,0.05974,0.06008,680520,41025.46114
1788969600000,0.06008,0.06067,0.05984,0.06037,266982,16081.58307
1788973200000,0.06037,0.06065,0.06032,0.06044,83580,5049.06762
1788976800000,0.06044,0.06045,0.06004,0.06009,73329,4415.89431
1788980400000,0.06009,0.06042,0.05997,0.05997,228011,13719.10565
1788984000000,0.05997,0.06052,0.05974,0.06031,432711,26066.60838
1788987600000,0.06031,0.06031,0.05927,0.05939,152817,9124.52507
1788991200000,0.05939,0.0596,0.05685,0.05805,2578674,149131.2285
1788994800000,0.05805,0.05934,0.05805,0.05934,245403,14427.05303
1788998400000,0.05934,0.05955,0.05848,0.05848,612435,36128.59428
1789002000000,0.05848,0.05897,0.05825,0.05872,655477,38402.48334
1789005600000,0.05872,0.05929,0.05825,0.05927,235634,13815.83609
1789009200000,0.05927,0.06018,0.05925,0.05993,742464,44401.74297
1789012800000,0.05993,0.05997,0.05872,0.05889,303555,17946.86797
1789016400000,0.05889,0.05927,0.05862,0.05897,271119,15986.37542
1789020000000,0.05897,0.05897,0.05838,0.05888,233870,13718.76311
1789023600000,0.05888,0.05888,0.05838,0.05857,126973,7432.87911
1789027200000,0.05857,0.05889,0.05837,0.05874,277917,16287.98843
1789030800000,0.05874,0.05875,0.05808,0.05824,251140,14660.9793
1789034400000,0.05824,0.05828,0.05779,0.05797,122550,7118.42639
1789038000000,0.05797,0.05825,0.05769,0.05791,159840,9272.415
1789041600000,0.05791,0.05791,0.05606,0.05651,1214753,69010.77529
1789045200000,0.05651,0.0571,0.05645,0.057,532207,30242.21653
1789048800000,0.057,0.05717,0.05658,0.0568,175073,9961.34889
1789052400000,0.0568,0.05682,0.05652,0.05671,223751,12680.56466
1789056000000,0.05671,0.05672,0.056,0.05655,324851,18289.0865
1789059600000,0.05655,0.05695,0.05648,0.05657,190403,10788.81248
1789063200000,0.05657,0.05659,0.05612,0.05656,102319,5764.54555
1789066800000,0.05656,0.05656,0.05603,0.05614,225269,12673.345
1789070400000,0.05614,0.05649,0.05614,0.05635,169080,9528.64643
1789074000000,0.05635,0.05656,0.0563,0.05642,49387,2786.32765
1789077600000,0.05642,0.05655,0.056,0.05612,141415,7956.18618
1789081200000,0.05612,0.05612,0.05543,0.05561,217495,12125.97477
1789084800000,0.05561,0.05611,0.05558,0.05606,145944,8157.81923
1789088400000,0.05606,0.05635,0.05559,0.05591,310174,17350.20266
1789092000000,0.05591,0.05666,0.05553,0.05655,615366,34419.9937
1789095600000,0.05655,0.05693,0.05637,0.05662,318313,18025.9578
1789099200000,0.05662,0.05691,0.05647,0.05677,207454,11771.58893
1789102800000,0.05677,0.05687,0.05654,0.05687,188215,10667.02456
1789106400000,0.05687,0.05687,0.05641,0.05641,347396,19653.58858
1789110000000,0.05641,0.05679,0.05641,0.05672,275155,15591.73387
1789113600000,0.05672,0.0568,0.05642,0.05643,167895,9497.66113
1789117200000,0.05643,0.05648,0.05591,0.05606,252898,14219.70992
1789120800000,0.05606,0.05641,0.0558,0.05582,186479,10470.3269
1789124400000,0.05582,0.05593,0.05523,0.05585,559997,31065.99496
1789128000000,0.05585,0.05747,0.05529,0.05699,2135141,120017.50983
1789131600000,0.05699,0.05798,0.05659,0.05792,793962,45496.62493
1789135200000,0.05792,0.05825,0.05729,0.05764,1064818,61436.59778
1789138800000,0.05764,0.0583,0.05711,0.0574,883926,51057.79346
1789142400000,0.0574,0.05807,0.05735,0.05802,766357,44183.35757
1789146000000,0.05802,0.05812,0.05749,0.05767,643426,37186.87786
1789149600000,0.05767,0.05767,0.05698,0.05716,551338,31666.33127
