timestamp,open,high,low,close,volume,turnover
1782172800000,0.002513,0.002517,0.002492,0.002515,105424694,264117.036347
1782176400000,0.002515,0.002535,0.002506,0.002526,157188279,396288.014806
1782180000000,0.002526,0.002536,0.002514,0.002533,87493151,221035.962866
1782183600000,0.002533,0.002552,0.002525,0.002551,144695301,367636.326867
1782187200000,0.002551,0.002555,0.002532,0.002532,114719057,291881.530959
1782190800000,0.002532,0.002538,0.002519,0.002526,93642150,236687.644516
1782194400000,0.002526,0.002526,0.002439,0.002475,647329555,1599177.152395
1782198000000,0.002475,0.002486,0.002462,0.002466,113672965,281581.892607
1782201600000,0.002466,0.002472,0.0024,0.002432,594152568,1443956.529468
1782205200000,0.002432,0.002435,0.0024,0.002421,318553719,769560.624617
1782208800000,0.002421,0.002431,0.002411,0.002423,136612599,330663.968241
1782212400000,0.002423,0.00245,0.002422,0.002442,101192525,246876.037622
1782216000000,0.002442,0.002455,0.002434,0.00244,104985229,256676.92036
1782219600000,0.00244,0.002467,0.002429,0.002465,233762240,572776.793125
1782223200000,0.002465,0.002485,0.002456,0.002461,208168725,514450.320665
1782226800000,0.002461,0.002462,0.00244,0.002461,141257677,346316.651432
1782230400000,0.002461,0.002476,0.002453,0.002453,140183292,345496.003145
1782234000000,0.002453,0.002458,0.00243,0.00243,146642653,358253.215624
1782237600000,0.00243,0.002434,0.002413,0.002422,113847492,275874.351788
1782241200000,0.002422,0.002428,0.002403,0.002415,240416803,580735.926046
1782244800000,0.002415,0.002425,0.00241,0.002414,126010853,304537.528697
1782248400000,0.002414,0.002429,0.002411,0.002423,47268013,114401.666817
1782252000000,0.002423,0.002428,0.002418,0.002425,43459244,105313.850391
1782255600000,0.002425,0.002428,0.002413,0.002426,53725574,130007.19612
1782259200000,0.002426,0.002442,0.002425,0.002434,117863943,286835.306317
1782262800000,0.002434,0.002443,0.002417,0.002427,119838868,291533.421147
1782266400000,0.002427,0.002427,0.002403,0.002404,96796226,233739.948687
1782270000000,0.002404,0.002416,0.002396,0.002396,71008321,170710.67454
1782273600000,0.002396,0.002405,0.002374,0.002401,133008847,317711.35582
1782277200000,0.002401,0.002414,0.002396,0.002414,91492356,220059.478171
1782280800000,0.002414,0.002415,0.002401,0.002407,76813453,185024.323604
1782284400000,0.002407,0.002408,0.002395,0.002397,72523785,174114.34284
1782288000000,0.002397,0.002415,0.002393,0.002405,112534825,270742.451776
1782291600000,0.002405,0.002414,0.0024,0.002403,88222039,212358.933065
1782295200000,0.002403,0.002406,0.002391,0.002403,56716924,136117.396883
1782298800000,0.002403,0.002438,0.002395,0.002425,142531980,344027.092548
1782302400000,0.002425,0.002432,0.002422,0.002426,77986362,189291.209946
1782306000000,0.002426,0.002428,0.002353,0.002375,608840873,1445801.278988
1782309600000,0.002375,0.002395,0.002361,0.002395,302207679,719363.181838
1782313200000,0.002395,0.002395,0.002325,0.00234,346586772,815575.634159
1782316800000,0.00234,0.00236,0.002245,0.002274,879968704,2017394.028356
1782320400000,0.002274,0.002287,0.002224,0.00225,370889004,835052.837666
1782324000000,0.00225,0.002306,0.002243,0.002285,220189070,502784.733386
1782327600000,0.002285,0.002304,0.002275,0.002297,195452741,447504.919356
1782331200000,0.002297,0.002364,0.002291,0.00235,240463159,562409.398811
1782334800000,0.00235,0.002365,0.002339,0.002364,84472006,198264.832567
1782338400000,0.002364,0.002382,0.002349,0.002349,100894008,238675.975724
1782342000000,0.002349,0.002354,0.002343,0.002347,102920859,241604.512551
1782345600000,0.002347,0.002356,0.002338,0.002341,73958786,173456.085723
1782349200000,0.002341,0.002345,0.002335,0.002341,61979295,144963.133894
1782352800000,0.002341,0.002345,0.002334,0.002344,53641223,125452.541735
1782356400000,0.002344,0.002345,0.002334,0.002343,39235193,91743.151334
1782360000000,0.002343,0.002373,0.002342,0.002371,106669998,250931.97522
1782363600000,0.002371,0.002434,0.00237,0.002398,431337316,1037296.103148
1782367200000,0.002398,0.002404,0.002389,0.00239,27373132,65573.717285
1782370800000,0.00239,0.002395,0.002384,0.002394,40160309,95904.445119
1782374400000,0.002394,0.002396,0.002385,0.002387,24254524,58021.845521
1782378000000,0.002387,0.002394,0.002382,0.00239,25960881,61994.442157
1782381600000,0.00239,0.00239,0.002366,0.002366,40318504,95897.249737
1782385200000,0.002366,0.002369,0.002356,0.002365,52104678,123136.134075
1782388800000,0.002365,0.002377,0.002344,0.002357,82085917,193654.31675
1782392400000,0.002357,0.002377,0.002177,0.002191,612128347,1376594.770994
1782396000000,0.002191,0.002304,0.002191,0.002263,422297033,952849.525845
1782399600000,0.002263,0.002284,0.002237,0.002281,181177708,409210.854512
1782403200000,0.002281,0.002306,0.002267,0.00227,91985681,210246.659367
1782406800000,0.00227,0.002302,0.002265,0.002301,68101089,155636.85299
1782410400000,0.002301,0.002302,0.002267,0.002274,74594419,170244.087339
1782414000000,0.002274,0.002275,0.002255,0.002262,56110424,126986.394125
1782417600000,0.002262,0.002288,0.002262,0.002266,60396114,137347.868237
1782421200000,0.002266,0.002307,0.002265,0.002306,37836576,86387.69235
1782424800000,0.002306,0.002307,0.002282,0.002286,27458032,62926.606927
1782428400000,0.002286,0.002294,0.002278,0.002285,24831284,56791.67149
1782432000000,0.002285,0.002291,0.002278,0.00228,33375260,76256.067192
1782435600000,0.00228,0.002281,0.002253,0.002259,42042880,95122.600141
1782439200000,0.002259,0.00226,0.002196,0.002214,241848645,535783.763896
1782442800000,0.002214,0.00228,0.002199,0.002276,181778032,408492.208367
1782446400000,0.002276,0.002282,0.002266,0.002269,41236659,93749.346141
1782450000000,0.002269,0.002287,0.002266,0.002283,33058448,75338.454851
1782453600000,0.002283,0.002323,0.002274,0.002322,141072183,324821.215687
1782457200000,0.002322,0.002331,0.002318,0.002319,57512097,133611.221539
1782460800000,0.002319,0.00232,0.002293,0.002297,51983216,119967.829976
1782464400000,0.002297,0.002302,0.002275,0.002276,42213665,96595.952325
1782468000000,0.002276,0.002284,0.002264,0.002267,28208411,64174.529353
1782471600000,0.002267,0.002275,0.002251,0.002258,56398884,127499.643665
1782475200000,0.002258,0.002293,0.002241,0.002257,179669127,407876.51782
1782478800000,0.002257,0.002312,0.002234,0.002309,248369873,563670.788425
1782482400000,0.002309,0.002317,0.002286,0.002293,141788978,326271.960564
1782486000000,0.002293,0.002327,0.002285,0.002315,143547858,332098.521922
1782489600000,0.002315,0.002349,0.00231,0.002332,160127472,373045.21123
1782493200000,0.002332,0.002359,0.00233,0.002353,98562344,231381.849965
1782496800000,0.002353,0.002357,0.002322,0.002326,45797127,107101.523049
1782500400000,0.002326,0.002346,0.002321,0.002325,87833723,205242.451937
1782504000000,0.002325,0.002359,0.002324,0.002337,140082359,327610.842758
1782507600000,0.002337,0.002354,0.002329,0.002341,24774898,57968.177734
1782511200000,0.002341,0.002346,0.00233,0.002345,23885828,55877.928604
1782514800000,0.002345,0.002351,0.002339,0.002341,21782962,51067.402505
1782518400000,0.002341,0.002349,0.002323,0.002335,35465811,82895.389146
1782522000000,0.002335,0.002336,0.002312,0.002315,32476335,75348.279032
1782525600000,0.002315,0.002338,0.002311,0.002327,40469065,94148.981483
1782529200000,0.002327,0.002333,0.002316,0.002322,26363184,61253.062119
1782532800000,0.002322,0.00233,0.002311,0.002312,33187228,77073.285524
1782536400000,0.002312,0.002314,0.002298,0.002308,38253169,88171.133867
1782540000000,0.002308,0.002317,0.002302,0.002307,24072410,55589.218194
1782543600000,0.002307,0.002317,0.002303,0.002313,14202888,32798.059836
1782547200000,0.002313,0.002314,0.002294,0.002304,21994226,50634.46876
1782550800000,0.002304,0.00231,0.002295,0.002306,18854957,43376.747612
1782554400000,0.002306,0.002307,0.002299,0.0023,11150206,25672.396804
1782558000000,0.0023,0.0023,0.002284,0.002295,17681148,40514.104318
1782561600000,0.002295,0.002301,0.002291,0.002293,22536417,51702.056288
1782565200000,0.002293,0.002305,0.002292,0.002301,14810513,34046.143276
1782568800000,0.002301,0.002312,0.002297,0.002306,30087981,69400.80749
1782572400000,0.002306,0.002323,0.002306,0.002317,45189872,104694.9832
1782576000000,0.002317,0.002317,0.002302,0.002302,29404567,67908.157829
1782579600000,0.002302,0.002302,0.002272,0.002281,69912023,159735.334021
1782583200000,0.002281,0.002284,0.002266,0.002276,44487895,101128.494346
1782586800000,0.002276,0.002281,0.002252,0.002268,73681516,166640.507394
1782590400000,0.002268,0.002276,0.002267,0.002275,20669175,46945.847441
1782594000000,0.002275,0.002278,0.002259,0.002267,21353872,48510.663231
1782597600000,0.002267,0.002267,0.002243,0.00226,43001895,96877.633081
1782601200000,0.00226,0.002262,0.002242,0.002253,27521347,61942.577986
1782604800000,0.002253,0.002263,0.002252,0.002255,14916592,33667.392814
1782608400000,0.002255,0.002258,0.002249,0.002255,12624070,28442.626085
1782612000000,0.002255,0.002261,0.00224,0.002241,15774240,35468.242259
1782615600000,0.002241,0.002251,0.00224,0.00225,20697409,46492.983152
1782619200000,0.00225,0.002257,0.002244,0.002252,26224492,59021.294767
1782622800000,0.002252,0.002252,0.002233,0.002248,39661137,88893.321503
1782626400000,0.002248,0.002251,0.002227,0.002249,33560682,75201.083225
1782630000000,0.002249,0.002274,0.002249,0.002273,32441932,73412.141547
1782633600000,0.002273,0.002283,0.002261,0.002274,33974266,77272.591215
1782637200000,0.002274,0.002277,0.002251,0.002254,42611612,96465.103936
1782640800000,0.002254,0.002266,0.002245,0.002251,45956261,103655.423731
1782644400000,0.002251,0.002272,0.002251,0.002268,31106558,70375.444413
1782648000000,0.002268,0.002276,0.002256,0.002265,54126605,122644.273986
1782651600000,0.002265,0.002266,0.002249,0.002257,45161267,101892.186887
1782655200000,0.002257,0.002308,0.002255,0.002275,194723407,444380.813067
1782658800000,0.002275,0.002287,0.002262,0.002283,62249122,141692.244842
1782662400000,0.002283,0.002286,0.002253,0.00226,48752703,110423.344331
1782666000000,0.00226,0.002267,0.002241,0.002259,62107216,139864.323372
1782669600000,0.002259,0.002261,0.002251,0.002258,18836301,42506.291553
1782673200000,0.002258,0.002271,0.002245,0.002262,52010593,117392.065019
1782676800000,0.002262,0.002284,0.00226,0.00227,29029435,66016.179056
1782680400000,0.00227,0.002272,0.002233,0.002247,60641325,136499.995388
1782684000000,0.002247,0.002277,0.002222,0.002237,114488373,257290.960513
1782687600000,0.002237,0.002265,0.002231,0.002255,42797790,96452.209443
1782691200000,0.002255,0.002279,0.00224,0.002277,102302720,230446.142028
1782694800000,0.002277,0.002278,0.002255,0.002264,35347264,80094.71528
1782698400000,0.002264,0.002287,0.002244,0.002286,55597898,126087.562164
1782702000000,0.002286,0.002302,0.002283,0.002291,66926209,153517.117348
1782705600000,0.002291,0.00233,0.002273,0.002278,94954715,218565.041923
1782709200000,0.002278,0.002279,0.002251,0.002278,48597422,110119.653808
1782712800000,0.002278,0.002289,0.002278,0.002283,16818065,38415.343402
1782716400000,0.002283,0.002294,0.002277,0.002284,21356384,48824.660569
1782720000000,0.002284,0.00229,0.002271,0.002274,18736854,42706.131879
1782723600000,0.002274,0.002283,0.002267,0.002282,39557723,89997.441388
1782727200000,0.002282,0.00229,0.002273,0.002279,49106995,112087.546573
1782730800000,0.002279,0.002294,0.002271,0.002276,104623178,238740.040754
1782734400000,0.002276,0.002311,0.002257,0.002285,177482436,406339.97252
1782738000000,0.002285,0.002298,0.002254,0.002269,235856155,536108.967218
1782741600000,0.002269,0.002278,0.00224,0.002277,202788747,457716.746819
1782745200000,0.002277,0.002286,0.002255,0.002285,90469745,205797.816674
1782748800000,0.002285,0.002287,0.002274,0.002284,39008887,89009.260502
1782752400000,0.002284,0.002328,0.002283,0.002307,139225242,322032.336659
1782756000000,0.002307,0.00231,0.002294,0.002296,50538676,116224.294409
1782759600000,0.002296,0.002302,0.002286,0.002291,42156997,96642.322736
1782763200000,0.002291,0.002293,0.002278,0.002282,43430329,99275.524037
1782766800000,0.002282,0.002294,0.002271,0.002289,36905564,84112.767928
1782770400000,0.002289,0.002294,0.002275,0.002275,26171688,59715.374491
1782774000000,0.002275,0.002284,0.002272,0.002278,37774308,86085.561415
1782777600000,0.002278,0.002312,0.002256,0.00226,233162574,531909.808753
1782781200000,0.00226,0.002266,0.00225,0.002259,45099781,101839.913
1782784800000,0.002259,0.002288,0.002256,0.002273,119433268,271232.491451
1782788400000,0.002273,0.002279,0.002268,0.00227,17440558,39658.917317
1782792000000,0.00227,0.00228,0.002266,0.002278,22395710,50960.640311
1782795600000,0.002278,0.00228,0.002271,0.002279,30602830,69627.689083
1782799200000,0.002279,0.002314,0.002276,0.00228,88578716,203100.923278
1782802800000,0.00228,0.002284,0.002273,0.002277,16244771,36997.930055
1782806400000,0.002277,0.002285,0.002267,0.002275,46529643,105855.319089
1782810000000,0.002275,0.002275,0.002254,0.002267,39803071,90042.060115
1782813600000,0.002267,0.002274,0.002263,0.002269,36131816,81968.315754
1782817200000,0.002269,0.00227,0.002242,0.002247,62683054,141302.004289
1782820800000,0.002247,0.002247,0.002213,0.002214,124404604,277262.314115
1782824400000,0.002214,0.002253,0.002198,0.002239,154276305,343276.894598
1782828000000,0.002239,0.002259,0.002236,0.002242,64646121,145455.947034
1782831600000,0.002242,0.002249,0.002231,0.002234,44516735,99650.762516
1782835200000,0.002234,0.002244,0.00222,0.00224,41383958,92375.912769
1782838800000,0.00224,0.00225,0.002235,0.002243,26159775,58701.756476
1782842400000,0.002243,0.002267,0.00224,0.002263,39892641,90034.860156
1782846000000,0.002263,0.002269,0.002254,0.002258,59608097,134788.595636
1782849600000,0.002258,0.002265,0.00222,0.002222,112756644,252347.121634
1782853200000,0.002222,0.00224,0.002221,0.002233,70084148,156368.875029
1782856800000,0.002233,0.002243,0.002213,0.002218,61078793,136008.987358
1782860400000,0.002218,0.002245,0.00221,0.002232,135245243,301564.810811
1782864000000,0.002232,0.00224,0.002223,0.002236,53805126,120020.171893
1782867600000,0.002236,0.00225,0.002179,0.002244,200362776,442683.017319
1782871200000,0.002244,0.002259,0.002236,0.002256,67981877,152971.514173
1782874800000,0.002256,0.002288,0.002255,0.002282,63072251,143305.607832
1782878400000,0.002282,0.00232,0.002282,0.002295,114778312,264479.454038
1782882000000,0.002295,0.002298,0.002275,0.002282,41584523,94996.290839
1782885600000,0.002282,0.002305,0.002255,0.002265,117366059,267080.708279
1782889200000,0.002265,0.002273,0.00226,0.002272,17356478,39308.890281
1782892800000,0.002272,0.002275,0.002256,0.002275,27361649,62012.54566
1782896400000,0.002275,0.002281,0.002266,0.002274,43642450,99229.80669
1782900000000,0.002274,0.002286,0.002271,0.002278,44189534,100766.961794
1782903600000,0.002278,0.00231,0.002276,0.002295,81771679,187678.547002
1782907200000,0.002295,0.002298,0.002276,0.002286,53453621,122174.889951
1782910800000,0.002286,0.002328,0.002262,0.002321,205874357,472334.495905
1782914400000,0.002321,0.002338,0.002299,0.002312,115124579,267070.39836
1782918000000,0.002312,0.002345,0.00231,0.00233,113871383,265726.677033
1782921600000,0.00233,0.002342,0.002319,0.002325,61680613,143758.968234
1782925200000,0.002325,0.002331,0.002301,0.002328,136546957,315987.265994
1782928800000,0.002328,0.002338,0.002308,0.002316,62986923,146353.785872
1782932400000,0.002316,0.002324,0.002296,0.002302,52286210,120679.574356
1782936000000,0.002302,0.002337,0.002296,0.002314,114737274,265482.321607
1782939600000,0.002314,0.002352,0.002314,0.002345,49857479,116338.48301
1782943200000,0.002345,0.002378,0.002325,0.002331,203129524,479285.811932
1782946800000,0.002331,0.002339,0.002299,0.002301,108363389,251341.387996
1782950400000,0.002301,0.002306,0.002283,0.002292,70679270,162088.924189
1782954000000,0.002292,0.002319,0.002289,0.00231,32969026,76023.883519
1782957600000,0.00231,0.002315,0.002305,0.002312,13843325,31977.338045
1782961200000,0.002312,0.002338,0.002302,0.002333,79982923,185520.146325
1782964800000,0.002333,0.002334,0.002316,0.002327,29556264,68710.498629
1782968400000,0.002327,0.002328,0.002304,0.002308,28080337,65050.366493
1782972000000,0.002308,0.002308,0.00229,0.002292,35946477,82613.781394
1782975600000,0.002292,0.002305,0.00229,0.002303,25224911,58012.042652
1782979200000,0.002303,0.002315,0.0023,0.002309,36312152,83848.570467
1782982800000,0.002309,0.00234,0.002302,0.002336,107702491,250862.4345
1782986400000,0.002336,0.002344,0.002328,0.002329,43740149,102192.044162
1782990000000,0.002329,0.002336,0.002318,0.002328,44252188,102953.969802
1782993600000,0.002328,0.002379,0.002323,0.002347,247653424,581607.283633
1782997200000,0.002347,0.002382,0.00234,0.002363,167657512,396051.268955
1783000800000,0.002363,0.002369,0.00232,0.002328,65437850,153238.223586
1783004400000,0.002328,0.002329,0.002285,0.002302,116389244,268546.368139
1783008000000,0.002302,0.002311,0.002285,0.0023,81061022,186182.514687
1783011600000,0.0023,0.00231,0.002295,0.0023,46106152,106170.843335
1783015200000,0.0023,0.002338,0.002298,0.002309,128484071,297337.652443
1783018800000,0.002309,0.002315,0.00229,0.002293,56919706,131193.002498
1783022400000,0.002293,0.002338,0.00229,0.0023,134051817,309570.614228
1783026000000,0.0023,0.002314,0.002293,0.002314,50233589,115569.243764
1783029600000,0.002314,0.002326,0.002306,0.00232,44264729,102347.642326
1783033200000,0.00232,0.002325,0.002314,0.002317,28905825,67036.187676
1783036800000,0.002317,0.002339,0.002307,0.002309,159843701,371043.32024
1783040400000,0.002309,0.002332,0.002308,0.002319,59522636,138125.748052
1783044000000,0.002319,0.002321,0.002302,0.002309,36945674,85354.288714
1783047600000,0.002309,0.002311,0.002285,0.002294,76382787,175234.623894
1783051200000,0.002294,0.002298,0.002287,0.002295,29865038,68513.186907
1783054800000,0.002295,0.002317,0.002295,0.00231,16406274,37882.693018
1783058400000,0.00231,0.002361,0.00231,0.002344,141878290,332564.506381
1783062000000,0.002344,0.002358,0.002338,0.002352,52755289,123911.520774
1783065600000,0.002352,0.002413,0.002352,0.002376,274891900,655991.082742
1783069200000,0.002376,0.002405,0.002376,0.002402,95857894,229169.319991
1783072800000,0.002402,0.002447,0.002402,0.002434,181397346,440679.430517
1783076400000,0.002434,0.002491,0.002428,0.002475,185692695,456843.25205
1783080000000,0.002475,0.002507,0.002465,0.002484,276684153,687268.180066
1783083600000,0.002484,0.002517,0.00246,0.002514,213677843,531899.947457
1783087200000,0.002514,0.00254,0.002476,0.002533,422629356,1062503.296046
1783090800000,0.002533,0.002593,0.002532,0.00257,445679189,1142393.98776
1783094400000,0.00257,0.002576,0.00252,0.002546,242672543,616653.102431
1783098000000,0.002546,0.002548,0.002503,0.002518,121385985,306307.14947
1783101600000,0.002518,0.002519,0.002487,0.00249,75441022,188639.808637
1783105200000,0.00249,0.00254,0.002478,0.002513,144496015,362727.534733
1783108800000,0.002513,0.00253,0.002502,0.002521,105072642,264335.116091
1783112400000,0.002521,0.00253,0.002503,0.002522,32278297,81249.813358
1783116000000,0.002522,0.002522,0.002512,0.002515,26627201,67034.142335
1783119600000,0.002515,0.002516,0.002497,0.002501,30715845,76895.69435
1783123200000,0.002501,0.00251,0.00248,0.002485,24404452,60929.923573
1783126800000,0.002485,0.002485,0.002456,0.00247,76542824,188958.955131
1783130400000,0.00247,0.002472,0.002444,0.002445,67918735,166821.237686
1783134000000,0.002445,0.002447,0.002426,0.002432,61953766,150880.441324
1783137600000,0.002432,0.002436,0.002407,0.00242,127705178,309364.81127
1783141200000,0.00242,0.002421,0.002365,0.002375,224119828,535245.113921
1783144800000,0.002375,0.002376,0.00232,0.002356,304771567,715577.322095
1783148400000,0.002356,0.002371,0.002345,0.002361,60581054,142750.767178
1783152000000,0.002361,0.002381,0.002355,0.002366,94861247,224563.617208
1783155600000,0.002366,0.002379,0.002358,0.002371,59582328,141147.558485
1783159200000,0.002371,0.002381,0.002363,0.002374,52795248,125264.102836
1783162800000,0.002374,0.0024,0.002367,0.002391,83450753,199406.279287
1783166400000,0.002391,0.002413,0.002391,0.0024,91085168,218828.019358
1783170000000,0.0024,0.002412,0.002389,0.002404,41617859,99946.387408
1783173600000,0.002404,0.002415,0.002399,0.002415,39274244,94611.89452
1783177200000,0.002415,0.002473,0.002408,0.002469,163523291,399529.649606
1783180800000,0.002469,0.002497,0.002441,0.002444,207668711,513841.134735
1783184400000,0.002444,0.002463,0.002429,0.002458,79168965,193767.471076
1783188000000,0.002458,0.002461,0.002437,0.002444,48316812,118248.447838
1783191600000,0.002444,0.002452,0.002433,0.002437,42913020,104826.115438
1783195200000,0.002437,0.002445,0.002416,0.002426,80508592,195166.034657
1783198800000,0.002426,0.002432,0.002416,0.002422,25045694,60698.59342
1783202400000,0.002422,0.002425,0.002397,0.002399,59658490,143655.621253
1783206000000,0.002399,0.002411,0.002383,0.002391,50950975,122114.332958
1783209600000,0.002391,0.002394,0.002327,0.002339,226542288,534535.033809
1783213200000,0.002339,0.002351,0.002309,0.002344,179549424,418596.015812
1783216800000,0.002344,0.002346,0.002316,0.00233,68427288,159591.520311
1783220400000,0.00233,0.002335,0.002325,0.002333,36136594,84212.898303
1783224000000,0.002333,0.002336,0.002323,0.002328,30171099,70299.163061
1783227600000,0.002328,0.002359,0.002284,0.002294,172281786,398861.500972
1783231200000,0.002294,0.002302,0.002283,0.002297,52448471,120179.956482
1783234800000,0.002297,0.002299,0.002272,0.002281,79855072,182324.908988
1783238400000,0.002281,0.002288,0.002273,0.00228,35051340,79967.042389
1783242000000,0.00228,0.002305,0.002267,0.002288,108390096,248061.459916
1783245600000,0.002288,0.002296,0.002277,0.002286,43501924,99547.685371
1783249200000,0.002286,0.002297,0.002284,0.002286,33767398,77321.943174
1783252800000,0.002286,0.002307,0.002276,0.002301,66082662,151552.548942
1783256400000,0.002301,0.002335,0.002299,0.002321,81102962,188214.989709
1783260000000,0.002321,0.002325,0.0023,0.002317,36498642,84288.955915
1783263600000,0.002317,0.002328,0.002304,0.002312,45597570,105583.467164
1783267200000,0.002312,0.002313,0.002297,0.00231,43350800,99879.597527
1783270800000,0.00231,0.002325,0.002307,0.002311,33578929,77780.517835
1783274400000,0.002311,0.002329,0.002309,0.002324,44826696,103982.3434
1783278000000,0.002324,0.00233,0.00231,0.002319,30783580,71424.428912
1783281600000,0.002319,0.002347,0.002316,0.002342,89073676,207902.722075
1783285200000,0.002342,0.002343,0.002321,0.00233,43344053,101057.76925
1783288800000,0.00233,0.002358,0.002326,0.002339,53414829,125055.664282
1783292400000,0.002339,0.002344,0.002311,0.002316,40756330,94612.967948
1783296000000,0.002316,0.002318,0.002288,0.002303,94736676,218098.003373
1783299600000,0.002303,0.002315,0.002286,0.00229,29663743,68278.067835
1783303200000,0.00229,0.002308,0.002281,0.002291,47082503,107833.146442
1783306800000,0.002291,0.002299,0.002274,0.002293,54716268,125029.784901
1783310400000,0.002293,0.002297,0.002271,0.002276,28047119,63995.182396
1783314000000,0.002276,0.002276,0.002237,0.002249,194360509,437988.363704
1783317600000,0.002249,0.002252,0.002231,0.002242,74237593,166401.474478
1783321200000,0.002242,0.002265,0.002235,0.002254,67218153,151252.415683
1783324800000,0.002254,0.002258,0.002237,0.002242,55287948,124310.807468
1783328400000,0.002242,0.002244,0.002227,0.002243,63546050,142003.337888
1783332000000,0.002243,0.002265,0.002241,0.00226,66069619,149028.656016
1783335600000,0.00226,0.002273,0.002247,0.002249,73637162,166594.467451
1783339200000,0.002249,0.002249,0.002182,0.002226,444983102,983728.319244
1783342800000,0.002226,0.002248,0.002203,0.002237,177396515,395370.807519
1783346400000,0.002237,0.002251,0.002229,0.002244,113417824,254122.109829
1783350000000,0.002244,0.002281,0.002239,0.002276,138815744,313939.522773
1783353600000,0.002276,0.002297,0.00227,0.002292,114515164,261650.566049
1783357200000,0.002292,0.002294,0.002272,0.002273,79361194,181068.155884
1783360800000,0.002273,0.002281,0.002266,0.002276,52169993,118674.429709
1783364400000,0.002276,0.002306,0.002267,0.002273,116498328,266127.489935
1783368000000,0.002273,0.002275,0.002267,0.00227,21836071,49577.823802
1783371600000,0.00227,0.002314,0.00227,0.00229,129173197,296463.717002
1783375200000,0.00229,0.00229,0.002268,0.002271,46077525,104969.574002
1783378800000,0.002271,0.002276,0.002246,0.002248,103302346,233480.49275
1783382400000,0.002248,0.002254,0.002228,0.00224,78341716,175482.200997
1783386000000,0.00224,0.00224,0.002212,0.002225,75799374,168660.917837
1783389600000,0.002225,0.002255,0.002225,0.002243,90971469,203417.28569
1783393200000,0.002243,0.002251,0.002227,0.002233,36835093,82536.004024
1783396800000,0.002233,0.002242,0.002219,0.002226,51098588,113867.932955
1783400400000,0.002226,0.002227,0.002207,0.002226,46076200,102119.120322
1783404000000,0.002226,0.002242,0.002221,0.002238,35160171,78477.751361
1783407600000,0.002238,0.002242,0.002219,0.00222,24475471,54563.27971
1783411200000,0.00222,0.00223,0.002214,0.002217,23388188,51943.583804
1783414800000,0.002217,0.002228,0.002214,0.002222,53008506,117798.617968
1783418400000,0.002222,0.002226,0.002211,0.002216,36783737,81645.640289
1783422000000,0.002216,0.002235,0.002206,0.002231,63205261,140209.272194
1783425600000,0.002231,0.00224,0.002223,0.002225,45829363,102224.656855
1783429200000,0.002225,0.002225,0.002193,0.002203,131896806,291333.811619
1783432800000,0.002203,0.002232,0.002185,0.002229,132609938,292345.839769
1783436400000,0.002229,0.002237,0.002216,0.002228,124301481,276718.974776
1783440000000,0.002228,0.002235,0.002219,0.002225,95266820,212134.430227
1783443600000,0.002225,0.002231,0.002216,0.002225,41589934,92431.231453
1783447200000,0.002225,0.002227,0.002194,0.002205,128266613,283281.884388
1783450800000,0.002205,0.002215,0.002187,0.002212,158880003,349118.075307
1783454400000,0.002212,0.002216,0.002203,0.002206,61650942,136227.557505
1783458000000,0.002206,0.002211,0.002191,0.002204,58752827,129409.111599
1783461600000,0.002204,0.00221,0.002186,0.002209,45253041,99470.594305
1783465200000,0.002209,0.00224,0.002209,0.002216,72261123,160847.502979
1783468800000,0.002216,0.002228,0.002208,0.002224,65926037,146265.346352
1783472400000,0.002224,0.002233,0.002144,0.002175,324191903,705465.214519
1783476000000,0.002175,0.002175,0.002131,0.002151,203233943,437506.646999
1783479600000,0.002151,0.002165,0.00214,0.002148,60420165,130129.551971
1783483200000,0.002148,0.002148,0.002105,0.002126,274086225,580834.486951
1783486800000,0.002126,0.002138,0.002123,0.002134,34300639,73038.402893
1783490400000,0.002134,0.002134,0.002102,0.002122,127194494,269365.670445
1783494000000,0.002122,0.002138,0.002114,0.002131,79211613,168500.552736
1783497600000,0.002131,0.002149,0.002058,0.002083,692021450,1448926.223666
1783501200000,0.002083,0.002089,0.002062,0.002067,101959709,211637.432404
1783504800000,0.002067,0.002085,0.00204,0.002063,362839444,747833.031705
1783508400000,0.002063,0.00209,0.002056,0.002077,117123273,242662.817696
1783512000000,0.002077,0.002088,0.002074,0.002078,77476875,161212.927083
1783515600000,0.002078,0.002107,0.002066,0.002088,160721904,335477.623923
1783519200000,0.002088,0.002101,0.002055,0.002069,144829680,301216.769292
1783522800000,0.002069,0.00207,0.00205,0.002064,54991634,113193.068099
1783526400000,0.002064,0.002099,0.002062,0.002086,124155499,257873.875681
1783530000000,0.002086,0.002096,0.002075,0.002076,55026335,114910.864879
1783533600000,0.002076,0.002084,0.002064,0.00208,45678491,94793.532378
1783537200000,0.00208,0.002097,0.00208,0.002088,37640300,78586.113663
1783540800000,0.002088,0.002101,0.002076,0.002078,73905767,154449.467261
1783544400000,0.002078,0.002093,0.002066,0.002067,70442747,146346.544781
1783548000000,0.002067,0.002094,0.002064,0.002081,145935548,303883.356589
1783551600000,0.002081,0.002087,0.002076,0.002081,38076080,79287.528593
1783555200000,0.002081,0.002097,0.002074,0.002078,77855647,162484.96838
1783558800000,0.002078,0.002108,0.002077,0.002085,49440535,103524.580982
1783562400000,0.002085,0.002101,0.002074,0.002077,29445406,61409.505143
1783566000000,0.002077,0.002091,0.002067,0.002091,33023879,68555.835158
1783569600000,0.002091,0.00211,0.002088,0.002106,63890486,134150.340502
1783573200000,0.002106,0.002122,0.002101,0.002113,45945182,96970.16063
1783576800000,0.002113,0.002124,0.002109,0.002117,68299029,144547.01453
1783580400000,0.002117,0.002129,0.002109,0.002119,44893976,95134.60961
1783584000000,0.002119,0.002132,0.002115,0.002127,33950171,72187.887532
1783587600000,0.002127,0.00213,0.002118,0.002125,32067735,68097.510226
1783591200000,0.002125,0.00213,0.00211,0.002115,30297072,64235.570299
1783594800000,0.002115,0.002126,0.002106,0.002122,54240662,114800.161273
1783598400000,0.002122,0.002127,0.002103,0.002113,122395270,259028.579023
1783602000000,0.002113,0.002124,0.002098,0.002121,24079966,50822.297978
1783605600000,0.002121,0.002126,0.002109,0.00212,80918905,171319.088741
1783609200000,0.00212,0.002141,0.002112,0.002121,271387981,577166.121374
1783612800000,0.002121,0.002127,0.002107,0.002114,43474579,91984.827829
1783616400000,0.002114,0.002131,0.002114,0.002128,29490992,62679.3301
1783620000000,0.002128,0.002143,0.002116,0.002121,88102863,187620.480078
1783623600000,0.002121,0.002126,0.002113,0.002118,77023259,163196.808191
1783627200000,0.002118,0.00213,0.002116,0.002128,28027367,59500.417647
1783630800000,0.002128,0.002135,0.002118,0.002122,50067046,106571.144856
1783634400000,0.002122,0.00213,0.00212,0.002122,37814042,80398.300347
1783638000000,0.002122,0.002128,0.002111,0.002113,43001558,91148.933023
1783641600000,0.002113,0.002125,0.002099,0.002114,122816137,259148.485935
1783645200000,0.002114,0.002158,0.002107,0.002139,102020771,218411.837085
1783648800000,0.002139,0.002151,0.002138,0.002147,27543361,59064.420976
1783652400000,0.002147,0.002164,0.002141,0.002142,77642095,167085.673633
1783656000000,0.002142,0.002163,0.002136,0.002141,86590062,185923.964632
1783659600000,0.002141,0.002148,0.002141,0.002147,23734257,50923.548293
1783663200000,0.002147,0.002159,0.002138,0.002148,84876697,182434.505424
1783666800000,0.002148,0.002174,0.002148,0.002159,133269014,287558.523915
1783670400000,0.002159,0.002184,0.002157,0.00218,168100474,365222.503135
1783674000000,0.00218,0.002183,0.002154,0.002166,69492741,150488.955379
1783677600000,0.002166,0.002188,0.002164,0.002179,69709391,151997.652691
1783681200000,0.002179,0.00218,0.00217,0.002174,29664199,64485.204377
1783684800000,0.002174,0.002187,0.00217,0.002173,35185296,76686.452248
1783688400000,0.002173,0.002179,0.00216,0.002168,77836667,168848.802131
1783692000000,0.002168,0.002168,0.002124,0.00215,234600762,503079.546064
1783695600000,0.00215,0.002158,0.002144,0.002149,27290376,58697.412207
1783699200000,0.002149,0.002165,0.002145,0.002161,51474189,111072.363501
1783702800000,0.002161,0.00217,0.002157,0.002158,40971395,88668.43018
1783706400000,0.002158,0.002161,0.002139,0.002142,49647861,106838.944784
1783710000000,0.002142,0.002161,0.002141,0.00215,61119595,131510.145752
1783713600000,0.00215,0.002158,0.002143,0.002143,13870182,29829.90674
1783717200000,0.002143,0.002164,0.002143,0.00216,26951185,57973.287643
1783720800000,0.00216,0.002173,0.002156,0.002158,20636509,44673.333826
1783724400000,0.002158,0.002158,0.00215,0.002154,22361132,48193.396017
1783728000000,0.002154,0.002176,0.00215,0.002174,93652642,202754.531045
1783731600000,0.002174,0.002186,0.002171,0.002178,23331415,50825.819301
1783735200000,0.002178,0.002178,0.002142,0.002169,164906268,356458.685348
1783738800000,0.002169,0.002172,0.002155,0.002165,35739970,77346.970804
1783742400000,0.002165,0.002172,0.002159,0.002165,22673095,49097.404856
1783746000000,0.002165,0.002174,0.002158,0.002159,95451756,206549.690354
1783749600000,0.002159,0.002162,0.002152,0.002153,62847198,135559.003012
1783753200000,0.002153,0.002159,0.002145,0.002158,37632870,81034.637744
1783756800000,0.002158,0.002158,0.002144,0.002154,35254385,75876.060731
1783760400000,0.002154,0.002155,0.002138,0.002139,26530045,56948.475177
1783764000000,0.002139,0.002141,0.002119,0.002125,59373598,126434.672745
1783767600000,0.002125,0.002137,0.00212,0.002135,48477287,103305.986322
1783771200000,0.002135,0.002137,0.002122,0.002134,23487226,50015.945384
1783774800000,0.002134,0.002139,0.002126,0.002128,35054706,74775.353182
1783778400000,0.002128,0.002143,0.002127,0.00213,28416069,60717.553005
1783782000000,0.00213,0.002135,0.002103,0.00212,180040730,382127.449327
1783785600000,0.00212,0.002125,0.002105,0.002108,41771807,88318.679759
1783789200000,0.002108,0.002131,0.002104,0.002127,57632177,122046.762724
1783792800000,0.002127,0.002141,0.002122,0.002131,77394398,164825.012316
1783796400000,0.002131,0.002138,0.002126,0.002134,31018370,66164.945412
1783800000000,0.002134,0.002139,0.00213,0.002132,16882825,36044.863277
1783803600000,0.002132,0.002139,0.002122,0.002127,30624922,65265.027121
1783807200000,0.002127,0.002127,0.002104,0.002108,67205181,141926.99117
1783810800000,0.002108,0.00211,0.002075,0.002082,145271223,303384.186311
1783814400000,0.002082,0.002093,0.002062,0.002079,134827814,280226.207705
1783818000000,0.002079,0.002101,0.002079,0.0021,32915468,68811.989603
1783821600000,0.0021,0.002103,0.002093,0.002101,19387021,40688.906704
1783825200000,0.002101,0.002118,0.002099,0.002105,30157138,63603.993498
1783828800000,0.002105,0.002105,0.00208,0.002083,27914386,58391.757236
1783832400000,0.002083,0.002092,0.002083,0.002091,25337792,52895.997767
1783836000000,0.002091,0.002091,0.002075,0.00209,41022990,85408.802087
1783839600000,0.00209,0.002095,0.002088,0.00209,16431117,34344.233658
1783843200000,0.00209,0.002106,0.002088,0.002103,38768484,81388.097873
1783846800000,0.002103,0.002107,0.002092,0.002101,32954759,69192.501447
1783850400000,0.002101,0.002105,0.002096,0.002096,16842469,35369.916814
1783854000000,0.002096,0.0021,0.00209,0.002096,25849503,54125.061305
1783857600000,0.002096,0.002099,0.002084,0.002086,20139751,42085.892654
1783861200000,0.002086,0.002091,0.002081,0.002082,15273309,31847.513457
1783864800000,0.002082,0.002091,0.002074,0.002084,44234432,92049.270652
1783868400000,0.002084,0.002087,0.002078,0.002078,23787681,49540.360718
1783872000000,0.002078,0.002083,0.002063,0.002071,65391653,135541.739614
1783875600000,0.002071,0.002073,0.002047,0.002057,150311891,309623.390276
1783879200000,0.002057,0.002065,0.002054,0.002064,30711648,63226.658097
1783882800000,0.002064,0.002072,0.002059,0.002071,26952215,55641.840221
1783886400000,0.002071,0.002072,0.002057,0.002064,42352402,87460.818149
1783890000000,0.002064,0.002064,0.002046,0.00205,54547767,111946.222677
1783893600000,0.00205,0.00205,0.002028,0.002041,138325880,281495.255103
1783897200000,0.002041,0.002051,0.002037,0.002049,42873327,87629.572396
1783900800000,0.002049,0.002077,0.002036,0.002057,130936717,269978.809068
1783904400000,0.002057,0.002064,0.002035,0.002036,47640931,97732.653068
1783908000000,0.002036,0.002043,0.002023,0.002038,42918544,87232.805769
1783911600000,0.002038,0.002038,0.001993,0.002022,192786761,387426.559574
1783915200000,0.002022,0.002036,0.002017,0.002029,40435880,81922.064388
1783918800000,0.002029,0.002039,0.002022,0.002036,71964446,146095.547379
1783922400000,0.002036,0.002046,0.002031,0.002043,31732788,64763.787232
1783926000000,0.002043,0.002048,0.002035,0.002038,25671544,52423.490435
1783929600000,0.002038,0.002043,0.002025,0.002036,40150550,81692.644095
1783933200000,0.002036,0.002039,0.002028,0.00203,35079391,71267.008879
1783936800000,0.00203,0.002052,0.002027,0.002038,78688286,160668.28963
1783940400000,0.002038,0.002041,0.002027,0.002029,31689508,64523.540065
1783944000000,0.002029,0.002032,0.002017,0.002025,67442917,136474.099649
1783947600000,0.002025,0.002027,0.002006,0.002022,82806143,166845.63986
1783951200000,0.002022,0.002043,0.002014,0.002041,139760094,283580.605679
1783954800000,0.002041,0.002049,0.002036,0.002039,41021851,83860.138062
1783958400000,0.002039,0.002042,0.002014,0.002024,45077537,91341.95264
1783962000000,0.002024,0.002027,0.001984,0.001994,153987851,308238.360819
1783965600000,0.001994,0.002005,0.001992,0.001995,49158928,98184.46653
1783969200000,0.001995,0.002016,0.001992,0.002012,32558722,65195.622611
1783972800000,0.002012,0.002014,0.001994,0.002006,55983841,112060.776903
1783976400000,0.002006,0.002007,0.001967,0.001998,129841185,258121.031495
1783980000000,0.001998,0.002017,0.001998,0.002006,52250835,104879.473225
1783983600000,0.002006,0.002031,0.002,0.002028,69097729,139428.510797
1783987200000,0.002028,0.002034,0.002009,0.002025,131176161,265121.25016
1783990800000,0.002025,0.002027,0.002013,0.002016,27189307,54992.768798
1783994400000,0.002016,0.002017,0.002009,0.002011,16477187,33180.3925
1783998000000,0.002011,0.002011,0.001997,0.002008,25565680,51176.838211
1784001600000,0.002008,0.002022,0.002006,0.002021,24128816,48594.606439
1784005200000,0.002021,0.002035,0.002019,0.002029,28023833,56857.259376
1784008800000,0.002029,0.00204,0.002029,0.002034,25687822,52291.748364
1784012400000,0.002034,0.002039,0.00203,0.002033,34725393,70593.247835
1784016000000,0.002033,0.00206,0.00203,0.002043,109584448,224135.573281
1784019600000,0.002043,0.002093,0.002042,0.002068,226918827,470183.835405
1784023200000,0.002068,0.00209,0.002055,0.00206,201185971,417234.572543
1784026800000,0.00206,0.002065,0.002039,0.002058,121352039,249325.825286
1784030400000,0.002058,0.002083,0.002049,0.002063,313269277,646920.020991
1784034000000,0.002063,0.002065,0.002026,0.002033,268746636,548921.959596
1784037600000,0.002033,0.002055,0.00202,0.002053,194794933,396530.388608
1784041200000,0.002053,0.002061,0.002047,0.00205,117858806,242248.85314
1784044800000,0.00205,0.002069,0.00205,0.002061,144035537,296648.919655
1784048400000,0.002061,0.002071,0.00205,0.00206,77560414,159911.748521
1784052000000,0.00206,0.00206,0.002028,0.002037,129349984,264170.224494
1784055600000,0.002037,0.002039,0.002026,0.002033,62248142,126558.596129
1784059200000,0.002033,0.002036,0.002029,0.002036,44364091,90186.977754
1784062800000,0.002036,0.002048,0.002033,0.002035,29254264,59602.64227
1784066400000,0.002035,0.002045,0.002022,0.002031,121577042,247162.2075
1784070000000,0.002031,0.002036,0.002028,0.002035,37529162,76263.8628
1784073600000,0.002035,0.002036,0.002022,0.002036,58332029,118440.142157
1784077200000,0.002036,0.002039,0.002029,0.002034,36711841,74637.220028
1784080800000,0.002034,0.002038,0.002015,0.002021,43669830,88411.280011
1784084400000,0.002021,0.002032,0.002017,0.002031,38365991,77677.20391
1784088000000,0.002031,0.002031,0.002001,0.002016,87467011,175895.570305
1784091600000,0.002016,0.002028,0.002008,0.002028,45296573,91220.939788
1784095200000,0.002028,0.002041,0.002017,0.002027,166465313,337656.386714
1784098800000,0.002027,0.002027,0.002009,0.002022,58780819,118572.306644
1784102400000,0.002022,0.002038,0.002014,0.002023,98512372,199433.602573
1784106000000,0.002023,0.002038,0.002011,0.002018,109447201,221573.665933
1784109600000,0.002018,0.002034,0.002017,0.00202,118882867,240802.531233
1784113200000,0.00202,0.002023,0.002014,0.002023,39249640,79236.997714
1784116800000,0.002023,0.002049,0.00202,0.002045,148308177,301305.703433
1784120400000,0.002045,0.002056,0.002028,0.002037,137710382,281403.317599
1784124000000,0.002037,0.002039,0.002023,0.00203,107951346,219133.710033
1784127600000,0.00203,0.002038,0.00202,0.002029,161165781,326896.401357
1784131200000,0.002029,0.002031,0.002009,0.002019,184675570,372925.085438
1784134800000,0.002019,0.002023,0.00201,0.00202,54193713,109269.711111
1784138400000,0.00202,0.002043,0.002019,0.002023,118880557,241250.801338
1784142000000,0.002023,0.002028,0.002011,0.002017,48739785,98407.894393
1784145600000,0.002017,0.002029,0.002015,0.002025,68456713,138445.720076
1784149200000,0.002025,0.002033,0.002023,0.002027,13972556,28310.342273
1784152800000,0.002027,0.002034,0.002024,0.002025,50127934,101717.442004
1784156400000,0.002025,0.002033,0.002024,0.002028,41609945,84417.243567
1784160000000,0.002028,0.002046,0.002024,0.002028,91688942,186703.298748
1784163600000,0.002028,0.002032,0.002012,0.002032,78414088,158428.29169
1784167200000,0.002032,0.002038,0.002026,0.002038,23670159,48114.071841
1784170800000,0.002038,0.002039,0.002015,0.00202,93280937,189028.137196
1784174400000,0.00202,0.002025,0.002004,0.002016,139284147,280668.005436
1784178000000,0.002016,0.002021,0.002012,0.002015,34622582,69830.981775
1784181600000,0.002015,0.002026,0.002003,0.002008,167271555,337091.852714
1784185200000,0.002008,0.002015,0.001986,0.001999,197287193,394568.442319
1784188800000,0.001999,0.001999,0.001963,0.00199,233777926,462351.255649
1784192400000,0.00199,0.001996,0.001988,0.00199,43615749,86878.238317
1784196000000,0.00199,0.002006,0.001989,0.002005,20869332,41771.537703
1784199600000,0.002005,0.002015,0.002002,0.002014,91742018,184152.071678
1784203200000,0.002014,0.002015,0.002,0.002003,75192242,150929.741122
1784206800000,0.002003,0.002038,0.002002,0.002031,213453771,432513.687836
1784210400000,0.002031,0.002053,0.002029,0.002037,180855135,369241.568439
1784214000000,0.002037,0.002054,0.002023,0.002045,230163344,469710.35133
1784217600000,0.002045,0.002058,0.002034,0.002046,157527409,322565.174102
1784221200000,0.002046,0.002051,0.002032,0.002041,72548948,148096.834474
1784224800000,0.002041,0.002065,0.002039,0.002054,106423559,218607.273115
1784228400000,0.002054,0.002073,0.002054,0.002063,128262080,264804.654714
1784232000000,0.002063,0.002095,0.002062,0.002075,209444172,435141.925064
1784235600000,0.002075,0.002114,0.002072,0.002083,164845406,344710.310747
1784239200000,0.002083,0.002119,0.002083,0.00209,155510229,326812.198346
1784242800000,0.00209,0.002097,0.002065,0.002078,93855755,194934.162693
1784246400000,0.002078,0.002105,0.002066,0.002087,138620632,288974.095375
1784250000000,0.002087,0.002087,0.002046,0.002054,93044467,192541.638266
1784253600000,0.002054,0.002067,0.002044,0.00205,60091347,123590.481603
1784257200000,0.00205,0.002087,0.00205,0.002059,90541451,187586.738602
1784260800000,0.002059,0.002066,0.002044,0.002055,48085073,98737.18709
1784264400000,0.002055,0.002058,0.002032,0.002041,56758390,115811.546408
1784268000000,0.002041,0.002045,0.002032,0.002037,42120395,85918.003856
1784271600000,0.002037,0.002039,0.002021,0.002026,71863715,145911.881434
1784275200000,0.002026,0.002029,0.002007,0.002023,84600520,170694.031736
1784278800000,0.002023,0.002047,0.002021,0.002032,56441472,114801.845212
1784282400000,0.002032,0.00204,0.00203,0.002032,34291690,69748.547401
1784286000000,0.002032,0.002059,0.00203,0.002039,66817508,136585.323332
1784289600000,0.002039,0.002049,0.002035,0.00204,31544301,64461.276344
1784293200000,0.00204,0.002045,0.002014,0.002043,115859334,234799.98667
1784296800000,0.002043,0.002076,0.002043,0.00206,106062059,218595.667224
1784300400000,0.00206,0.002068,0.002041,0.002063,92859023,190738.493815
1784304000000,0.002063,0.002083,0.002056,0.002083,60428368,125058.662323
1784307600000,0.002083,0.002149,0.002081,0.002134,397226851,843209.576919
1784311200000,0.002134,0.002218,0.002134,0.002209,530383039,1153992.832522
1784314800000,0.002209,0.002219,0.002139,0.00214,409999692,894308.186514
1784318400000,0.00214,0.00215,0.002098,0.00211,173843176,368723.750912
1784322000000,0.00211,0.002121,0.002083,0.002088,99864090,209748.900229
1784325600000,0.002088,0.002118,0.002087,0.002112,80240165,168415.65894
1784329200000,0.002112,0.002113,0.002091,0.002097,41515551,87151.723807
1784332800000,0.002097,0.002115,0.002086,0.002112,66513231,140127.944126
1784336400000,0.002112,0.002112,0.002091,0.002104,59548020,125098.530046
1784340000000,0.002104,0.002132,0.002101,0.002118,72336265,153412.435514
1784343600000,0.002118,0.002147,0.002115,0.002138,100021619,213403.98138
1784347200000,0.002138,0.002145,0.002112,0.002117,46574459,99191.048199
1784350800000,0.002117,0.002149,0.002117,0.002128,170223784,363513.811959
1784354400000,0.002128,0.002194,0.002126,0.002177,240620653,524111.010458
1784358000000,0.002177,0.002187,0.002135,0.002142,151702549,327302.448931
1784361600000,0.002142,0.002149,0.002088,0.002089,181774314,384194.00267
1784365200000,0.002089,0.002092,0.002066,0.002083,194281966,403810.123658
1784368800000,0.002083,0.002088,0.002059,0.002064,89060080,184346.116217
1784372400000,0.002064,0.002084,0.002055,0.002074,70288206,145562.233921
1784376000000,0.002074,0.002075,0.002044,0.002057,114057122,234776.45497
1784379600000,0.002057,0.002067,0.002047,0.002063,65555544,134741.354785
1784383200000,0.002063,0.002071,0.00205,0.002061,47281498,97353.150792
1784386800000,0.002061,0.002062,0.002033,0.002049,85605693,175291.691769
1784390400000,0.002049,0.002052,0.002034,0.002047,73532906,150183.69997
1784394000000,0.002047,0.002054,0.002037,0.002049,71517932,146203.99811
1784397600000,0.002049,0.002068,0.002044,0.002058,40531173,83346.973208
1784401200000,0.002058,0.002058,0.002039,0.00204,27850702,56988.017912
1784404800000,0.00204,0.00205,0.002038,0.002045,20103129,41094.945553
1784408400000,0.002045,0.002052,0.00204,0.002043,12768105,26127.83913
1784412000000,0.002043,0.002048,0.002037,0.002048,28126690,57433.826395
1784415600000,0.002048,0.002051,0.00204,0.002049,41398280,84690.173145
1784419200000,0.002049,0.002062,0.002041,0.00205,50196982,102986.884872
1784422800000,0.00205,0.002051,0.002041,0.002046,12937902,26462.746298
1784426400000,0.002046,0.002063,0.002045,0.002048,20399268,41892.975259
1784430000000,0.002048,0.002058,0.002037,0.002058,62419448,127738.400143
1784433600000,0.002058,0.002067,0.002049,0.002055,33769865,69516.979695
1784437200000,0.002055,0.002105,0.002054,0.002089,119567264,248792.919265
1784440800000,0.002089,0.002112,0.002085,0.002089,81138087,170332.171049
1784444400000,0.002089,0.002097,0.002069,0.002075,57473846,119590.439262
1784448000000,0.002075,0.002096,0.002073,0.002078,48570196,101199.197452
1784451600000,0.002078,0.002083,0.002063,0.002072,31624202,65476.430524
1784455200000,0.002072,0.002074,0.00205,0.002053,67016340,137828.816432
1784458800000,0.002053,0.00206,0.00204,0.002044,27835854,57051.638375
1784462400000,0.002044,0.002053,0.002028,0.00205,80347686,163999.507009
1784466000000,0.00205,0.002054,0.002037,0.00205,35606424,72803.910475
1784469600000,0.00205,0.002061,0.002046,0.002056,24798265,50910.45039
1784473200000,0.002056,0.002057,0.002039,0.00205,39143919,80155.9689
1784476800000,0.00205,0.002053,0.002043,0.002043,27089967,55459.26783
1784480400000,0.002043,0.002046,0.002023,0.00203,80662788,164106.306568
1784484000000,0.00203,0.00203,0.001994,0.002006,125945675,252988.137192
1784487600000,0.002006,0.002016,0.002005,0.002016,19905437,40012.258021
1784491200000,0.002016,0.002022,0.002014,0.002018,18646912,37621.215019
1784494800000,0.002018,0.002021,0.001995,0.002004,45321895,90871.500757
1784498400000,0.002004,0.002022,0.002003,0.002014,34419640,69298.185292
1784502000000,0.002014,0.002014,0.002001,0.00201,29879898,59976.889539
1784505600000,0.00201,0.002025,0.001997,0.002004,50292952,101255.130579
1784509200000,0.002004,0.002024,0.001992,0.002003,40658721,81421.516223
1784512800000,0.002003,0.00202,0.001999,0.002011,31521009,63338.458494
1784516400000,0.002011,0.002015,0.002006,0.002012,11456079,23035.182687
1784520000000,0.002012,0.002012,0.001999,0.002001,14865137,29806.891617
1784523600000,0.002001,0.002001,0.001966,0.001984,143028414,283301.945604
1784527200000,0.001984,0.001993,0.001972,0.001986,59869840,118716.854076
1784530800000,0.001986,0.002015,0.001985,0.002013,67243717,134564.487654
1784534400000,0.002013,0.002016,0.001994,0.002006,48789194,97736.105383
1784538000000,0.002006,0.002032,0.002004,0.002025,54749745,110681.714797
1784541600000,0.002025,0.00205,0.002022,0.002037,42759694,87187.962755
1784545200000,0.002037,0.002053,0.002036,0.002051,43206516,88396.251344
1784548800000,0.002051,0.00206,0.002036,0.002043,69716878,142758.20705
1784552400000,0.002043,0.002055,0.002036,0.00204,46862446,95837.44283
1784556000000,0.00204,0.002063,0.002029,0.002041,72795452,149275.658839
1784559600000,0.002041,0.002063,0.002041,0.002055,59144656,121567.895079
1784563200000,0.002055,0.002059,0.002047,0.002048,48471059,99533.894326
1784566800000,0.002048,0.002052,0.002036,0.002041,45775674,93534.431859
1784570400000,0.002041,0.002055,0.00204,0.002043,50634936,103635.822848
1784574000000,0.002043,0.002046,0.002031,0.002039,43386221,88466.666629
1784577600000,0.002039,0.002048,0.002037,0.002041,24098118,49215.929448
1784581200000,0.002041,0.002045,0.002031,0.002039,28579771,58284.219534
1784584800000,0.002039,0.002039,0.002025,0.002026,21484176,43643.71323
1784588400000,0.002026,0.002036,0.002024,0.002033,11125921,22597.962871
1784592000000,0.002033,0.002035,0.002011,0.002015,197216499,398935.231822
1784595600000,0.002015,0.002015,0.001981,0.002007,248161312,496588.297474
1784599200000,0.002007,0.002011,0.001997,0.002004,52239864,104753.910585
1784602800000,0.002004,0.002019,0.002004,0.002015,25319041,50880.982312
1784606400000,0.002015,0.002019,0.002006,0.002009,25385375,51068.372987
1784610000000,0.002009,0.002022,0.002008,0.002019,30182984,60874.626208
1784613600000,0.002019,0.002033,0.002016,0.002031,44060817,89219.660147
1784617200000,0.002031,0.002034,0.002023,0.002031,50875359,103265.161451
1784620800000,0.002031,0.002035,0.002015,0.002032,72883380,147581.051031
1784624400000,0.002032,0.002038,0.002026,0.002029,30770896,62543.496385
1784628000000,0.002029,0.002042,0.00202,0.002028,91845257,186504.153808
1784631600000,0.002028,0.002032,0.002023,0.002031,41261041,83723.340035
1784635200000,0.002031,0.002036,0.002026,0.002032,29712108,60368.751083
1784638800000,0.002032,0.002039,0.002026,0.002036,22705744,46136.568322
1784642400000,0.002036,0.002045,0.00202,0.002026,49979349,101454.401047
1784646000000,0.002026,0.002033,0.002022,0.002031,28670821,58160.378084
1784649600000,0.002031,0.002038,0.002026,0.002035,36549413,74240.011321
1784653200000,0.002035,0.002043,0.002024,0.002036,47900802,97439.568898
1784656800000,0.002036,0.002044,0.002034,0.002037,38072686,77697.267164
1784660400000,0.002037,0.002054,0.002037,0.002044,38691885,79205.096536
1784664000000,0.002044,0.00205,0.002039,0.002045,26705289,54589.010312
1784667600000,0.002045,0.002063,0.002044,0.002058,44761304,91915.282954
1784671200000,0.002058,0.002062,0.002045,0.002045,17091035,35090.012828
1784674800000,0.002045,0.00206,0.002037,0.00206,45361025,92828.938987
1784678400000,0.00206,0.002078,0.002057,0.002075,45157577,93408.051358
1784682000000,0.002075,0.002094,0.002069,0.00207,93865462,195460.893467
1784685600000,0.00207,0.00207,0.002064,0.002066,20324697,42004.243325
1784689200000,0.002066,0.00208,0.002064,0.002067,21755843,45083.025958
1784692800000,0.002067,0.002076,0.002059,0.002062,30408829,62830.635032
1784696400000,0.002062,0.002063,0.002047,0.00205,50612788,103907.729033
1784700000000,0.00205,0.002052,0.002036,0.002043,91750944,187397.549921
1784703600000,0.002043,0.002046,0.002036,0.00204,55037057,112285.398723
1784707200000,0.00204,0.002046,0.002033,0.00204,32150335,65551.841992
1784710800000,0.00204,0.00205,0.002038,0.002044,42605468,87125.892901
1784714400000,0.002044,0.002055,0.00204,0.002052,39703518,81244.566587
1784718000000,0.002052,0.002061,0.002042,0.002061,72428061,148587.149027
1784721600000,0.002061,0.002064,0.002046,0.002057,109975103,225797.435369
1784725200000,0.002057,0.002064,0.002048,0.002059,28668035,58974.658939
1784728800000,0.002059,0.002069,0.002049,0.002058,95891176,197162.062528
1784732400000,0.002058,0.002085,0.002058,0.002068,83191782,172551.288247
1784736000000,0.002068,0.002086,0.002065,0.002081,39835300,82540.864002
1784739600000,0.002081,0.002084,0.00206,0.002061,66230579,136965.639474
1784743200000,0.002061,0.002065,0.002047,0.002054,78467167,161147.776378
1784746800000,0.002054,0.002062,0.002048,0.002054,83613692,172060.495897
1784750400000,0.002054,0.002061,0.002051,0.002057,27648935,56835.203911
1784754000000,0.002057,0.002062,0.002049,0.002058,29693903,61029.378222
1784757600000,0.002058,0.002058,0.002049,0.002051,16078439,33006.182719
1784761200000,0.002051,0.002052,0.002035,0.00205,50958962,104105.597632
1784764800000,0.00205,0.002054,0.002047,0.002051,12037887,24678.864064
1784768400000,0.002051,0.002063,0.002046,0.002051,29340965,60245.28841
1784772000000,0.002051,0.002061,0.002038,0.002044,37554532,77019.707249
1784775600000,0.002044,0.002044,0.002023,0.002026,38908071,78999.709532
1784779200000,0.002026,0.002042,0.002021,0.002035,47571254,96728.791285
1784782800000,0.002035,0.002038,0.002028,0.00203,20441293,41572.599097
1784786400000,0.00203,0.002035,0.002026,0.002033,17355020,35238.795954
1784790000000,0.002033,0.002038,0.002015,0.002031,68656187,139184.777057
1784793600000,0.002031,0.002044,0.002031,0.002038,14734096,30024.959947
1784797200000,0.002038,0.00204,0.002033,0.002039,18761434,38198.900775
1784800800000,0.002039,0.002039,0.00203,0.002032,13588379,27650.474985
1784804400000,0.002032,0.002032,0.002019,0.002024,34156085,69172.811119
1784808000000,0.002024,0.002028,0.001989,0.002007,128250922,257379.404714
1784811600000,0.002007,0.002007,0.001995,0.001995,86065516,172184.860202
1784815200000,0.001995,0.002008,0.001984,0.00199,108158934,215767.697682
1784818800000,0.00199,0.001994,0.001969,0.001994,151552333,300221.05094
1784822400000,0.001994,0.001994,0.001978,0.001982,52434084,104054.482049
1784826000000,0.001982,0.001997,0.001978,0.001986,55629910,110666.663154
1784829600000,0.001986,0.001999,0.001986,0.001994,29930357,59606.787001
1784833200000,0.001994,0.002001,0.001994,0.002,11595671,23164.571847
1784836800000,0.002,0.002007,0.001996,0.002001,29986461,60066.079839
1784840400000,0.002001,0.002006,0.001988,0.001988,34110475,68149.71609
1784844000000,0.001988,0.001995,0.001984,0.001989,17708955,35216.772059
1784847600000,0.001989,0.001991,0.001983,0.001987,7138191,14180.89666
1784851200000,0.001987,0.00199,0.001976,0.001988,49811000,98806.391695
1784854800000,0.001988,0.001998,0.001986,0.001998,19558513,38917.219364
1784858400000,0.001998,0.002001,0.001981,0.001988,53803056,106974.228221
1784862000000,0.001988,0.002003,0.001987,0.001998,31890561,63655.684721
1784865600000,0.001998,0.002001,0.001992,0.001995,13276402,26501.514842
1784869200000,0.001995,0.002004,0.001995,0.002,19571059,39145.306143
1784872800000,0.002,0.002008,0.001998,0.002005,20013487,40075.185769
1784876400000,0.002005,0.002018,0.001998,0.002008,62126572,124778.408853
1784880000000,0.002008,0.002015,0.002003,0.002012,15631196,31398.57175
1784883600000,0.002012,0.002013,0.002001,0.002013,16499030,33127.066877
1784887200000,0.002013,0.002014,0.002,0.002004,18691522,37494.245868
1784890800000,0.002004,0.002009,0.002,0.002006,27407091,54953.949779
1784894400000,0.002006,0.002015,0.002001,0.002003,43966244,88225.904114
1784898000000,0.002003,0.002003,0.001968,0.001981,177266045,351439.527046
1784901600000,0.001981,0.001985,0.001939,0.001962,355989738,694835.314239
1784905200000,0.001962,0.001973,0.001958,0.001969,133567654,262690.847282
1784908800000,0.001969,0.001974,0.001954,0.001962,42342105,83095.929076
1784912400000,0.001962,0.001987,0.00196,0.001977,73932158,145977.123478
1784916000000,0.001977,0.00198,0.001967,0.001976,46177137,91127.546873
1784919600000,0.001976,0.001979,0.001969,0.001978,24282687,47933.535651
1784923200000,0.001978,0.001984,0.001974,0.001975,31627470,62590.301547
1784926800000,0.001975,0.001978,0.001959,0.00196,33955123,66744.426292
1784930400000,0.00196,0.001977,0.00196,0.001975,27723440,54582.060697
1784934000000,0.001975,0.001979,0.001974,0.001979,8581090,16962.369799
1784937600000,0.001979,0.001995,0.001976,0.001995,24156463,47958.874323
1784941200000,0.001995,0.001999,0.001978,0.001981,16850017,33534.540122
1784944800000,0.001981,0.001984,0.001975,0.001978,14644556,28969.404571
1784948400000,0.001978,0.001982,0.001977,0.001979,7893717,15629.81251
1784952000000,0.001979,0.001981,0.001975,0.001977,5823241,11516.870263
1784955600000,0.001977,0.001977,0.001967,0.001971,37726773,74329.549483
1784959200000,0.001971,0.001972,0.001962,0.001964,15654676,30790.764126
1784962800000,0.001964,0.001972,0.00196,0.001964,15529870,30518.290955
1784966400000,0.001964,0.001972,0.00196,0.001963,13919307,27359.913785
1784970000000,0.001963,0.001969,0.001959,0.001963,15332077,30086.555149
1784973600000,0.001963,0.001965,0.001958,0.001962,17681099,34690.442407
1784977200000,0.001962,0.00197,0.00196,0.00196,22707191,44618.578542
1784980800000,0.00196,0.001978,0.001958,0.001978,25187002,49501.991374
1784984400000,0.001978,0.001985,0.001972,0.001985,32414318,64148.855996
1784988000000,0.001985,0.001988,0.001981,0.001987,20248512,40166.207865
1784991600000,0.001987,0.001995,0.00198,0.001988,96797310,192285.564721
1784995200000,0.001988,0.001999,0.001987,0.001994,32711847,65142.743881
1784998800000,0.001994,0.002011,0.001991,0.002007,78001189,156307.334716
1785002400000,0.002007,0.002018,0.001995,0.002,94491719,189773.086532
1785006000000,0.002,0.002003,0.001994,0.001999,11105683,22182.443516
1785009600000,0.001999,0.002002,0.001992,0.001992,19912921,39772.438112
1785013200000,0.001992,0.001998,0.001985,0.001997,24200422,48132.877828
1785016800000,0.001997,0.002,0.001991,0.001993,7735990,15438.363039
1785020400000,0.001993,0.001994,0.001986,0.001988,12757155,25386.731296
1785024000000,0.001988,0.00199,0.001985,0.001986,7339290,14585.312819
1785027600000,0.001986,0.001987,0.00198,0.001987,17261428,34212.490531
1785031200000,0.001987,0.001992,0.001982,0.00199,22507953,44701.867056
1785034800000,0.00199,0.001996,0.001986,0.00199,13819574,27494.87225
1785038400000,0.00199,0.001997,0.001986,0.001991,21362938,42564.495185
1785042000000,0.001991,0.002,0.001986,0.001996,13558694,27034.488198
1785045600000,0.001996,0.002001,0.001983,0.001999,25808064,51386.763214
1785049200000,0.001999,0.002003,0.001994,0.001995,20882027,41744.728112
1785052800000,0.001995,0.001999,0.00199,0.001991,12886499,25700.368155
1785056400000,0.001991,0.001997,0.00199,0.001991,8499729,16932.700323
1785060000000,0.001991,0.002003,0.001988,0.001994,18500267,36949.012651
1785063600000,0.001994,0.001996,0.001984,0.001986,17242480,34314.172282
1785067200000,0.001986,0.001991,0.001982,0.001986,40196707,79830.025388
1785070800000,0.001986,0.001986,0.001977,0.00198,26710117,52922.129482
1785074400000,0.00198,0.00199,0.001976,0.001977,49317535,97765.484163
1785078000000,0.001977,0.001988,0.001976,0.001986,45982560,91102.194529
1785081600000,0.001986,0.001994,0.001981,0.001981,29053202,57668.501432
1785085200000,0.001981,0.001986,0.001979,0.001982,15772131,31267.12659
1785088800000,0.001982,0.001982,0.001977,0.001981,22497194,44512.256864
1785092400000,0.001981,0.001984,0.00197,0.001982,56439524,111419.964046
1785096000000,0.001982,0.001982,0.001972,0.001977,16389516,32377.786396
1785099600000,0.001977,0.001992,0.001976,0.00199,23288570,46157.96122
1785103200000,0.00199,0.002006,0.00199,0.002005,80947832,161964.898572
1785106800000,0.002005,0.00201,0.001997,0.002008,52095271,104376.081416
1785110400000,0.002008,0.002009,0.001998,0.001998,85049609,170211.620375
1785114000000,0.001998,0.002002,0.001991,0.002,30287544,60506.691816
1785117600000,0.002,0.002005,0.001994,0.002003,28997748,58038.021254
1785121200000,0.002003,0.002006,0.001994,0.001995,29185405,58306.140293
1785124800000,0.001995,0.002006,0.001994,0.001998,25920265,51883.187208
1785128400000,0.001998,0.002007,0.001995,0.002004,30618222,61202.042168
1785132000000,0.002004,0.002012,0.001996,0.001998,37111396,74326.580161
1785135600000,0.001998,0.001998,0.001985,0.001985,25779083,51325.815123
1785139200000,0.001985,0.001986,0.001975,0.001975,25696544,50881.662951
1785142800000,0.001975,0.001975,0.001949,0.001962,171440057,336201.683791
1785146400000,0.001962,0.001968,0.00196,0.001963,60449011,118682.214006
1785150000000,0.001963,0.001963,0.001951,0.001953,52649725,103034.407721
1785153600000,0.001953,0.001955,0.001932,0.001946,202587576,393480.730014
1785157200000,0.001946,0.001965,0.001941,0.001944,152573073,297850.258715
1785160800000,0.001944,0.00195,0.001867,0.001892,748287017,1420759.455819
1785164400000,0.001892,0.001893,0.001867,0.001882,142081944,267223.252875
1785168000000,0.001882,0.001904,0.001872,0.001894,126335324,238624.239123
1785171600000,0.001894,0.001907,0.001893,0.001907,29499435,56044.022635
1785175200000,0.001907,0.001912,0.001894,0.001907,62670717,119334.082325
1785178800000,0.001907,0.001915,0.001902,0.00191,30564027,58307.482091
1785182400000,0.00191,0.001915,0.00191,0.001914,17911004,34254.231955
1785186000000,0.001914,0.001915,0.001904,0.001905,31535854,60206.940699
1785189600000,0.001905,0.001905,0.001836,0.001844,321961028,597637.665222
1785193200000,0.001844,0.001855,0.001813,0.001852,369372488,677395.968049
1785196800000,0.001852,0.001859,0.001844,0.001857,50120902,92872.811176
1785200400000,0.001857,0.001858,0.001822,0.001838,99061874,181786.025257
1785204000000,0.001838,0.001861,0.001835,0.001861,37443647,69260.089333
1785207600000,0.001861,0.001863,0.00185,0.001852,37548312,69672.271072
1785211200000,0.001852,0.00186,0.001846,0.001853,74211191,137603.413018
1785214800000,0.001853,0.00186,0.001845,0.001848,91607473,169904.602131
1785218400000,0.001848,0.001858,0.001842,0.001855,59105682,109317.5016
1785222000000,0.001855,0.001858,0.001842,0.001848,17863463,33025.043172
1785225600000,0.001848,0.001853,0.001846,0.001849,67822447,125455.063643
1785229200000,0.001849,0.001852,0.00184,0.001845,25520063,47149.683304
1785232800000,0.001845,0.001848,0.001834,0.001841,56273821,103629.794123
1785236400000,0.001841,0.001841,0.001827,0.001831,98626854,180676.347049
1785240000000,0.001831,0.001837,0.001805,0.001809,270935948,493748.728629
1785243600000,0.001809,0.001813,0.001784,0.001806,281111024,505725.932654
1785247200000,0.001806,0.00181,0.001792,0.001803,64496518,116238.428128
1785250800000,0.001803,0.001824,0.001797,0.001822,172625142,312161.241212
1785254400000,0.001822,0.001827,0.001815,0.001822,43999640,80104.6316
1785258000000,0.001822,0.001822,0.001798,0.001805,71513622,129258.373269
1785261600000,0.001805,0.001813,0.001805,0.001812,16455599,29788.983252
1785265200000,0.001812,0.001824,0.001812,0.001819,34445407,62637.636623
1785268800000,0.001819,0.001828,0.001816,0.001824,57073255,103926.171168
1785272400000,0.001824,0.001839,0.00182,0.001832,56993617,104198.996425
1785276000000,0.001832,0.001834,0.001819,0.00182,24548125,44872.922056
1785279600000,0.00182,0.001834,0.001815,0.001833,27945842,50921.19112
1785283200000,0.001833,0.001839,0.001824,0.001828,127352325,233344.693338
1785286800000,0.001828,0.001828,0.001803,0.001804,32583052,59086.326294
1785290400000,0.001804,0.001816,0.001793,0.001807,77128769,139011.013993
1785294000000,0.001807,0.001808,0.001776,0.00178,145660936,259908.350457
1785297600000,0.00178,0.001795,0.001765,0.001794,133131628,236706.461214
1785301200000,0.001794,0.001798,0.001789,0.001791,29162932,52295.743574
1785304800000,0.001791,0.001801,0.001785,0.001799,22932547,41183.607046
1785308400000,0.001799,0.001805,0.001793,0.001802,18799473,33816.735023
1785312000000,0.001802,0.001807,0.001786,0.001794,28849659,51853.949657
1785315600000,0.001794,0.001809,0.001791,0.001802,27299015,49140.588616
1785319200000,0.001802,0.00181,0.0018,0.001807,43586356,78640.306241
1785322800000,0.001807,0.001815,0.001799,0.001801,47809754,86372.022798
1785326400000,0.001801,0.001803,0.00179,0.001795,56863337,102108.782383
1785330000000,0.001795,0.0018,0.001786,0.001798,57323127,102738.440384
1785333600000,0.001798,0.001802,0.001789,0.001794,56267009,100901.513965
1785337200000,0.001794,0.001803,0.001786,0.001792,80695190,144815.909722
1785340800000,0.001792,0.0018,0.001783,0.001784,77924746,139403.373635
1785344400000,0.001784,0.001804,0.001784,0.001804,42667626,76415.655649
1785348000000,0.001804,0.001822,0.001797,0.001816,117504829,212823.3699
1785351600000,0.001816,0.00182,0.00177,0.001775,183757920,327907.991696
1785355200000,0.001775,0.001778,0.001743,0.00175,310205369,545940.566362
1785358800000,0.00175,0.001782,0.00174,0.001782,85354428,149816.914406
1785362400000,0.001782,0.001795,0.001782,0.001793,26460876,47363.335867
1785366000000,0.001793,0.001796,0.001782,0.001795,28394473,50840.272871
1785369600000,0.001795,0.001805,0.00179,0.0018,36930864,66380.742151
1785373200000,0.0018,0.001811,0.001799,0.001806,100849391,182076.804142
1785376800000,0.001806,0.001808,0.001793,0.001795,41542753,74811.674854
1785380400000,0.001795,0.001799,0.001781,0.001785,48716967,87148.648711
1785384000000,0.001785,0.001785,0.001775,0.001776,19584706,34863.739664
1785387600000,0.001776,0.001782,0.001773,0.001776,23768647,42238.791288
1785391200000,0.001776,0.001782,0.001773,0.001779,16717816,29728.712529
1785394800000,0.001779,0.001786,0.001771,0.001771,33041861,58808.85353
1785398400000,0.001771,0.001785,0.001769,0.00178,34799271,61807.382196
1785402000000,0.00178,0.001783,0.001776,0.00178,37356114,66441.051527
1785405600000,0.00178,0.001785,0.001763,0.001764,48207504,85615.133114
1785409200000,0.001764,0.00178,0.001764,0.001777,30201378,53572.513976
1785412800000,0.001777,0.001784,0.001775,0.001781,35608855,63397.178525
1785416400000,0.001781,0.001795,0.001776,0.001788,58770565,104990.30593
1785420000000,0.001788,0.001793,0.001783,0.001788,28314366,50601.69031
1785423600000,0.001788,0.001788,0.001774,0.001778,53309301,94885.353338
1785427200000,0.001778,0.001784,0.001765,0.001772,69965287,124072.903968
1785430800000,0.001772,0.00178,0.001765,0.001778,36124102,63966.708727
1785434400000,0.001778,0.001781,0.001765,0.001768,37110574,65753.613607
1785438000000,0.001768,0.001783,0.001768,0.001783,26354705,46811.109567
1785441600000,0.001783,0.001789,0.001774,0.001777,95987010,171070.028369
1785445200000,0.001777,0.001779,0.001769,0.001773,25242008,44772.091291
1785448800000,0.001773,0.001783,0.001771,0.001771,34796870,61799.210865
1785452400000,0.001771,0.001777,0.001763,0.001769,40477026,71644.163799
1785456000000,0.001769,0.001776,0.001767,0.001776,24649495,43651.256944
1785459600000,0.001776,0.001786,0.001767,0.001769,41571895,73958.66081
1785463200000,0.001769,0.001771,0.001752,0.001753,54732216,96378.729764
1785466800000,0.001753,0.001763,0.001747,0.001759,24563159,43154.761635
1785470400000,0.001759,0.001762,0.001755,0.001758,20559772,36173.406727
1785474000000,0.001758,0.001767,0.001758,0.001766,15970060,28174.063828
1785477600000,0.001766,0.001781,0.001766,0.001774,52250882,92627.48925
1785481200000,0.001774,0.001782,0.001763,0.001779,103893429,184309.451498
1785484800000,0.001779,0.001781,0.00177,0.00177,32443140,57637.804636
1785488400000,0.00177,0.001772,0.001762,0.001763,37167888,65674.785437
1785492000000,0.001763,0.001774,0.001755,0.001772,48738425,85947.37415
1785495600000,0.001772,0.001777,0.001763,0.001764,27201471,48085.933997
1785499200000,0.001764,0.001775,0.001759,0.001774,30872298,54567.490392
1785502800000,0.001774,0.00178,0.001749,0.001755,78488187,138574.598051
1785506400000,0.001755,0.001768,0.001725,0.001766,210183980,366968.990146
1785510000000,0.001766,0.001775,0.001761,0.001775,65992897,116738.946373
1785513600000,0.001775,0.001789,0.001774,0.001786,69145161,123232.34866
1785517200000,0.001786,0.001815,0.001786,0.001808,117227285,211227.595874
1785520800000,0.001808,0.001828,0.001804,0.001822,103929892,188638.179222
1785524400000,0.001822,0.001825,0.001795,0.001803,56250297,101762.360464
1785528000000,0.001803,0.001822,0.001801,0.001822,116834128,211998.130965
1785531600000,0.001822,0.001822,0.001805,0.001806,46856701,84952.672811
1785535200000,0.001806,0.00182,0.001806,0.00181,11145142,20213.781449
1785538800000,0.00181,0.001828,0.001808,0.001824,47870663,87173.096896
1785542400000,0.001824,0.001836,0.001815,0.001819,71837632,131168.219496
1785546000000,0.001819,0.001839,0.001819,0.001838,31610628,57789.184752
1785549600000,0.001838,0.001841,0.001817,0.001822,62297026,113866.87901
1785553200000,0.001822,0.001822,0.001813,0.001817,19653903,35721.193924
1785556800000,0.001817,0.001829,0.001813,0.001827,20118222,36596.091909
1785560400000,0.001827,0.001829,0.001814,0.001817,19239113,35076.308679
1785564000000,0.001817,0.001818,0.001808,0.001811,30701413,55690.189896
1785567600000,0.001811,0.001815,0.001797,0.001797,36026397,65104.454933
1785571200000,0.001797,0.001808,0.001794,0.0018,50672793,91335.952602
1785574800000,0.0018,0.001808,0.001797,0.001799,32402258,58383.962668
1785578400000,0.001799,0.001801,0.00179,0.001793,35664672,64002.851227
1785582000000,0.001793,0.001799,0.001791,0.001799,31346058,56289.294462
1785585600000,0.001799,0.001809,0.001793,0.001794,52273200,94143.737147
1785589200000,0.001794,0.001802,0.001791,0.001796,58789012,105537.692559
1785592800000,0.001796,0.001797,0.001782,0.001786,39245282,70180.553851
1785596400000,0.001786,0.001788,0.001777,0.001783,67370629,120168.775272
1785600000000,0.001783,0.001791,0.001778,0.001786,39542081,70611.890342
1785603600000,0.001786,0.001789,0.001768,0.001778,66360697,117847.688476
1785607200000,0.001778,0.001778,0.001746,0.001765,256739804,451887.314581
1785610800000,0.001765,0.001771,0.001759,0.001759,34113733,60180.432789
1785614400000,0.001759,0.001767,0.001756,0.001766,28874778,50920.028135
1785618000000,0.001766,0.001777,0.001763,0.001764,39658117,70168.106106
1785621600000,0.001764,0.00177,0.00176,0.00176,40458743,71392.824618
1785625200000,0.00176,0.001762,0.001751,0.001751,50874102,89382.73423
1785628800000,0.001751,0.00176,0.001748,0.001757,63873640,112018.958375
1785632400000,0.001757,0.001771,0.001756,0.001761,58451282,103144.166137
1785636000000,0.001761,0.001784,0.00176,0.001779,63794894,113372.481289
1785639600000,0.001779,0.001784,0.001776,0.001779,63828668,113604.934814
1785643200000,0.001779,0.001785,0.001777,0.001785,28554477,50850.417734
1785646800000,0.001785,0.001786,0.001774,0.001775,59347596,105546.664326
1785650400000,0.001775,0.00178,0.001768,0.001768,27890149,49538.718997
1785654000000,0.001768,0.00178,0.001767,0.001777,15972658,28339.151805
1785657600000,0.001777,0.001777,0.001767,0.001768,28672296,50831.912182
1785661200000,0.001768,0.001771,0.00176,0.001765,25266122,44584.695965
1785664800000,0.001765,0.001766,0.001752,0.001762,52175858,91733.363203
1785668400000,0.001762,0.001767,0.00176,0.001765,26003286,45850.512552
1785672000000,0.001765,0.001773,0.001765,0.001769,20311287,35933.987753
1785675600000,0.001769,0.001776,0.001765,0.001774,17900834,31646.21773
1785679200000,0.001774,0.001777,0.00177,0.001777,14849686,26335.122559
1785682800000,0.001777,0.001784,0.001775,0.001781,25416607,45231.307274
1785686400000,0.001781,0.001787,0.001778,0.001781,47062691,83894.978099
1785690000000,0.001781,0.001782,0.001773,0.001777,18407234,32697.67486
1785693600000,0.001777,0.001789,0.001776,0.001779,25040622,44641.017323
1785697200000,0.001779,0.001781,0.001774,0.001778,18406220,32720.292873
1785700800000,0.001778,0.001782,0.001772,0.001779,20231581,35939.442096
1785704400000,0.001779,0.001796,0.001778,0.001795,40222790,71904.296959
1785708000000,0.001795,0.001811,0.001788,0.001791,85310615,153618.19534
1785711600000,0.001791,0.001805,0.001787,0.001799,115576363,207771.735614
1785715200000,0.001799,0.001804,0.001787,0.001792,61284550,110113.203241
1785718800000,0.001792,0.001793,0.001772,0.00178,84851080,150796.316545
1785722400000,0.00178,0.00178,0.001765,0.00177,42522468,75303.812181
1785726000000,0.00177,0.001771,0.001752,0.001759,57682812,101689.522431
1785729600000,0.001759,0.001766,0.001756,0.001757,35629425,62758.237094
1785733200000,0.001757,0.001772,0.001756,0.001767,19281382,34041.597778
1785736800000,0.001767,0.00177,0.001754,0.001755,31275294,55061.116376
1785740400000,0.001755,0.001764,0.00175,0.001758,56220290,98716.879802
1785744000000,0.001758,0.001765,0.001743,0.001765,72492968,127182.122499
1785747600000,0.001765,0.001773,0.001763,0.001772,31067155,54896.130983
1785751200000,0.001772,0.001772,0.001761,0.001768,19868292,35094.9479
1785754800000,0.001768,0.001772,0.001762,0.001768,24389273,43120.949075
1785758400000,0.001768,0.001779,0.001767,0.001779,29683563,52625.325775
1785762000000,0.001779,0.001807,0.001778,0.001804,111092814,199591.208048
1785765600000,0.001804,0.001807,0.001794,0.001806,52117289,93842.122898
1785769200000,0.001806,0.001806,0.00179,0.001797,63553704,114069.379739
1785772800000,0.001797,0.001807,0.001788,0.001798,104330819,187578.120491
1785776400000,0.001798,0.001805,0.001795,0.001798,32694723,58841.115599
1785780000000,0.001798,0.001807,0.001797,0.001802,38712355,69747.616762
1785783600000,0.001802,0.001813,0.001795,0.001797,57800335,104447.688137
1785787200000,0.001797,0.001806,0.001792,0.0018,54747999,98476.358358
1785790800000,0.0018,0.001815,0.001799,0.001811,38850550,70111.45781
1785794400000,0.001811,0.001812,0.001795,0.001806,55532268,100180.710936
1785798000000,0.001806,0.001812,0.001797,0.00181,49360563,89062.75986
1785801600000,0.00181,0.001817,0.001792,0.001793,68825118,124190.871223
1785805200000,0.001793,0.001811,0.001791,0.00181,30497026,54995.854006
1785808800000,0.00181,0.001814,0.001803,0.001807,41296864,74684.377915
1785812400000,0.001807,0.001813,0.001799,0.001806,38440130,69460.731529
1785816000000,0.001806,0.001825,0.001806,0.001815,109119793,198199.98947
1785819600000,0.001815,0.001823,0.001801,0.001808,48720960,88200.237721
1785823200000,0.001808,0.001808,0.001798,0.0018,22073334,39798.746903
1785826800000,0.0018,0.001806,0.001789,0.001805,48064464,86402.363299
1785830400000,0.001805,0.001809,0.001798,0.001803,29633345,53437.275994
1785834000000,0.001803,0.001803,0.001792,0.001792,31765647,57065.987443
1785837600000,0.001792,0.001802,0.001788,0.001794,23400248,41983.014
1785841200000,0.001794,0.001796,0.001777,0.001781,120246720,214332.339512
1785844800000,0.001781,0.001784,0.00177,0.001776,68600016,121904.68654
1785848400000,0.001776,0.001784,0.001763,0.001767,122988126,218302.709582
1785852000000,0.001767,0.001774,0.001761,0.00177,61535501,108753.744864
1785855600000,0.00177,0.001783,0.001762,0.001779,46149781,81704.181009
1785859200000,0.001779,0.001785,0.001777,0.001782,42564764,75813.885585
1785862800000,0.001782,0.001801,0.001782,0.001797,45194570,81002.907459
1785866400000,0.001797,0.001804,0.001795,0.0018,33579362,60442.048935
1785870000000,0.0018,0.001801,0.001792,0.001798,19751053,35495.464956
1785873600000,0.001798,0.001815,0.00179,0.001812,83124161,149753.177361
1785877200000,0.001812,0.001814,0.001798,0.001806,38889976,70224.006406
1785880800000,0.001806,0.001812,0.001802,0.001809,15455356,27923.743272
1785884400000,0.001809,0.001814,0.00179,0.001791,36682941,66135.947112
1785888000000,0.001791,0.001791,0.001771,0.001774,64687406,115021.307294
1785891600000,0.001774,0.00178,0.001768,0.001777,59595978,105817.21663
1785895200000,0.001777,0.001785,0.001771,0.001779,35002169,62218.26831
1785898800000,0.001779,0.00178,0.00177,0.001773,38627921,68524.467384
1785902400000,0.001773,0.001782,0.001768,0.001776,24703404,43881.353598
1785906000000,0.001776,0.001784,0.001774,0.001781,20368391,36255.096242
1785909600000,0.001781,0.001781,0.001772,0.001772,22206820,39438.975763
1785913200000,0.001772,0.001773,0.001766,0.00177,31374622,55526.469634
1785916800000,0.00177,0.001775,0.001767,0.00177,23994098,42485.63653
1785920400000,0.00177,0.00177,0.001759,0.001763,52857824,93233.202105
1785924000000,0.001763,0.001772,0.001757,0.001761,79955780,141088.131292
1785927600000,0.001761,0.001766,0.001753,0.001756,46489503,81795.098273
1785931200000,0.001756,0.001771,0.001752,0.001764,92963935,163959.149343
1785934800000,0.001764,0.001766,0.001745,0.001758,168190715,294685.14659
1785938400000,0.001758,0.00177,0.001755,0.00177,65630096,115665.732573
1785942000000,0.00177,0.001776,0.001758,0.001758,119553517,211128.378279
1785945600000,0.001758,0.001779,0.001757,0.001776,70270138,124513.707802
1785949200000,0.001776,0.001788,0.001773,0.001779,87927299,156750.754264
1785952800000,0.001779,0.00179,0.001777,0.00179,47257199,84292.831772
1785956400000,0.00179,0.001791,0.00178,0.001781,45216324,80750.332354
1785960000000,0.001781,0.001793,0.001776,0.001793,70821020,126377.814385
1785963600000,0.001793,0.001793,0.001771,0.001778,39748570,70728.21249
1785967200000,0.001778,0.001783,0.001774,0.001778,35549807,63240.409902
1785970800000,0.001778,0.001779,0.001773,0.001779,30906025,54906.768758
1785974400000,0.001779,0.001798,0.001778,0.001794,46702995,83503.211842
1785978000000,0.001794,0.001799,0.001782,0.001787,35232447,63053.882135
1785981600000,0.001787,0.001792,0.001775,0.001791,86167867,153839.71997
1785985200000,0.001791,0.001794,0.001783,0.00179,23582998,42189.031775
1785988800000,0.00179,0.001798,0.001785,0.001795,34587733,62051.872807
1785992400000,0.001795,0.001805,0.001788,0.001791,52188383,93774.489557
1785996000000,0.001791,0.001794,0.001787,0.001792,51209770,91685.90742
1785999600000,0.001792,0.001797,0.001788,0.001793,29679309,53180.319048
1786003200000,0.001793,0.001795,0.001785,0.001795,23131430,41423.283221
1786006800000,0.001795,0.001796,0.001774,0.001787,78433877,139764.952371
1786010400000,0.001787,0.001787,0.001766,0.001767,39609272,70267.690757
1786014000000,0.001767,0.001778,0.00176,0.001775,40875212,72350.326973
1786017600000,0.001775,0.001779,0.00177,0.001773,21235486,37672.181443
1786021200000,0.001773,0.001782,0.001762,0.001781,65996219,116950.192283
1786024800000,0.001781,0.001783,0.001773,0.001781,52228721,92817.186684
1786028400000,0.001781,0.001786,0.001778,0.001785,22765662,40594.495764
1786032000000,0.001785,0.001807,0.001778,0.001802,88817406,159296.046455
1786035600000,0.001802,0.00181,0.00179,0.001791,51980133,93606.544804
1786039200000,0.001791,0.001793,0.001781,0.001785,67965206,121485.120722
1786042800000,0.001785,0.001794,0.00178,0.001781,41600841,74340.464886
1786046400000,0.001781,0.001799,0.001781,0.001792,22378889,40115.133568
1786050000000,0.001792,0.001826,0.001792,0.00182,76720290,138835.272222
1786053600000,0.00182,0.001824,0.001806,0.001809,106275435,192893.45047
1786057200000,0.001809,0.001811,0.001795,0.001805,90278700,162751.612737
1786060800000,0.001805,0.001813,0.001798,0.001808,57325004,103531.319019
1786064400000,0.001808,0.001811,0.001803,0.001806,20105453,36327.024099
1786068000000,0.001806,0.001811,0.001797,0.001802,40940439,73877.809371
1786071600000,0.001802,0.001804,0.001792,0.001793,25617989,46001.252674
1786075200000,0.001793,0.0018,0.001784,0.001792,68581204,122746.194011
1786078800000,0.001792,0.001799,0.001786,0.001795,67693736,121411.124178
1786082400000,0.001795,0.001804,0.001794,0.001795,26011220,46760.221263
1786086000000,0.001795,0.0018,0.00179,0.001795,54834494,98391.355052
1786089600000,0.001795,0.001798,0.001789,0.001789,40298228,72288.857781
1786093200000,0.001789,0.001793,0.001787,0.00179,38707263,69303.601139
1786096800000,0.00179,0.001792,0.001781,0.001784,48668375,86962.89825
1786100400000,0.001784,0.001794,0.001782,0.001785,69624596,124563.230009
1786104000000,0.001785,0.001791,0.001765,0.001775,103760184,184416.390786
1786107600000,0.001775,0.001784,0.00177,0.001784,35096007,62332.448257
1786111200000,0.001784,0.001785,0.001758,0.001766,80290532,142313.544106
1786114800000,0.001766,0.001779,0.001765,0.001773,51029216,90475.135869
1786118400000,0.001773,0.001778,0.001766,0.001766,43966528,77995.874819
1786122000000,0.001766,0.001766,0.001753,0.001763,79706797,140144.470689
1786125600000,0.001763,0.001764,0.001746,0.001753,74996443,131440.020185
1786129200000,0.001753,0.001766,0.001753,0.001761,33505081,58997.59092
1786132800000,0.001761,0.001762,0.00175,0.001755,22166140,38906.222335
1786136400000,0.001755,0.001766,0.001754,0.001755,18149993,31938.037497
1786140000000,0.001755,0.001761,0.001749,0.001752,30751628,53989.481182
1786143600000,0.001752,0.00176,0.001752,0.001755,14857039,26082.931681
1786147200000,0.001755,0.001755,0.001741,0.001747,67579040,118007.581034
1786150800000,0.001747,0.00178,0.001746,0.001779,66645164,117652.680318
1786154400000,0.001779,0.001781,0.001767,0.00177,58231375,103185.691253
1786158000000,0.00177,0.001781,0.001768,0.001775,48336168,85812.233511
1786161600000,0.001775,0.001778,0.001769,0.001774,19195040,34057.986603
1786165200000,0.001774,0.001778,0.001768,0.001773,31814339,56405.895895
1786168800000,0.001773,0.001782,0.001772,0.001775,38400890,68175.553702
1786172400000,0.001775,0.001776,0.001771,0.001774,17840668,31630.532322
1786176000000,0.001774,0.001777,0.001772,0.001777,18550571,32927.066122
1786179600000,0.001777,0.001777,0.001769,0.001769,22729906,40296.27659
1786183200000,0.001769,0.001777,0.001769,0.001776,22810577,40465.428504
1786186800000,0.001776,0.001776,0.001771,0.001773,4712056,8358.533956
1786190400000,0.001773,0.001778,0.001771,0.001775,19848060,35245.026608
1786194000000,0.001775,0.001787,0.001775,0.001778,95662008,170286.875331
1786197600000,0.001778,0.001807,0.001778,0.001792,145353062,261062.221075
1786201200000,0.001792,0.001813,0.001792,0.001812,91385392,165002.37644
1786204800000,0.001812,0.001828,0.001807,0.001818,160548642,291884.25705
1786208400000,0.001818,0.001824,0.001812,0.001819,67853987,123400.197292
1786212000000,0.001819,0.001838,0.001816,0.001831,70951300,129730.511422
1786215600000,0.001831,0.001834,0.00182,0.001821,55502001,101385.970296
1786219200000,0.001821,0.001824,0.001815,0.001819,36386927,66196.932025
1786222800000,0.001819,0.00182,0.001813,0.001818,32375079,58803.03276
1786226400000,0.001818,0.00182,0.001806,0.001807,52054171,94294.364283
1786230000000,0.001807,0.001812,0.001804,0.00181,14872582,26885.963084
1786233600000,0.00181,0.001814,0.0018,0.001805,59982188,108346.364739
1786237200000,0.001805,0.001807,0.001791,0.001793,40481118,72773.024566
1786240800000,0.001793,0.001799,0.001787,0.001797,64957492,116338.878894
1786244400000,0.001797,0.001805,0.001795,0.001799,29599858,53220.38277
1786248000000,0.001799,0.001809,0.001795,0.001797,37841894,68182.310759
1786251600000,0.001797,0.0018,0.001786,0.001796,39606296,70993.709544
1786255200000,0.001796,0.001815,0.001795,0.001809,69549751,125622.579484
1786258800000,0.001809,0.00181,0.001796,0.001798,33881960,61085.756305
1786262400000,0.001798,0.001807,0.001794,0.0018,36576494,65868.099522
1786266000000,0.0018,0.001804,0.001796,0.001801,12400982,22317.039275
1786269600000,0.001801,0.001801,0.001788,0.001793,16215489,29077.892563
1786273200000,0.001793,0.001802,0.001792,0.001799,19897141,35778.985675
1786276800000,0.001799,0.001806,0.001795,0.001805,21614213,38938.890454
1786280400000,0.001805,0.001813,0.001801,0.001803,40645328,73498.108788
1786284000000,0.001803,0.001812,0.001802,0.001811,9734488,17585.052169
1786287600000,0.001811,0.001816,0.001805,0.001812,47796829,86456.283218
1786291200000,0.001812,0.001815,0.001808,0.001811,27848785,50435.443386
1786294800000,0.001811,0.001814,0.001801,0.001803,27988758,50581.281866
1786298400000,0.001803,0.001809,0.0018,0.001801,15753272,28427.763255
1786302000000,0.001801,0.001806,0.001799,0.001804,20976790,37787.000957
1786305600000,0.001804,0.001807,0.001799,0.001807,15516896,27966.412541
1786309200000,0.001807,0.001821,0.001802,0.001819,32900613,59665.735055
1786312800000,0.001819,0.001858,0.001812,0.001819,183887051,337941.238337
1786316400000,0.001819,0.001819,0.001758,0.001761,340506357,605910.700636
1786320000000,0.001761,0.001794,0.001757,0.001779,159400240,283087.038647
1786323600000,0.001779,0.001798,0.001778,0.001794,68723333,122749.970918
1786327200000,0.001794,0.001796,0.001779,0.001796,62936298,112560.683253
1786330800000,0.001796,0.001798,0.001781,0.001782,35972530,64375.963212
1786334400000,0.001782,0.001792,0.001781,0.001788,18896734,33772.028525
1786338000000,0.001788,0.001813,0.001788,0.00181,60723544,109516.267761
1786341600000,0.00181,0.001819,0.001804,0.001819,45157480,81726.501788
1786345200000,0.001819,0.001824,0.00181,0.001824,53282464,96702.779163
1786348800000,0.001824,0.001837,0.001823,0.001829,90867901,166260.496632
1786352400000,0.001829,0.00183,0.001809,0.001813,58796109,106869.860431
1786356000000,0.001813,0.001815,0.001804,0.001814,39735795,71861.817558
1786359600000,0.001814,0.00182,0.001809,0.001814,30573951,55535.543402
1786363200000,0.001814,0.001827,0.001812,0.001814,87941766,159888.418563
1786366800000,0.001814,0.001829,0.001812,0.001824,72058898,131223.659633
1786370400000,0.001824,0.001828,0.00181,0.001811,43369222,78935.123187
1786374000000,0.001811,0.001821,0.001801,0.00181,99391545,179978.109477
1786377600000,0.00181,0.001814,0.001795,0.001805,84004971,151577.932585
1786381200000,0.001805,0.001821,0.001803,0.001806,99630074,180427.451068
1786384800000,0.001806,0.00181,0.001799,0.001805,39993025,72206.351019
1786388400000,0.001805,0.001811,0.001801,0.001804,25222730,45572.75656
1786392000000,0.001804,0.001807,0.001792,0.001794,46981134,84523.207778
1786395600000,0.001794,0.001802,0.001786,0.00179,53118429,95299.503436
1786399200000,0.00179,0.001794,0.001784,0.00179,31002184,55465.494
1786402800000,0.00179,0.001795,0.001784,0.001789,48984592,87713.894597
1786406400000,0.001789,0.001799,0.001781,0.001795,43911516,78539.398891
1786410000000,0.001795,0.001805,0.001795,0.001803,17987293,32403.653194
1786413600000,0.001803,0.001809,0.001798,0.0018,28027074,50579.015796
1786417200000,0.0018,0.001804,0.001794,0.001794,27808318,50016.11121
1786420800000,0.001794,0.001796,0.001774,0.001778,69214694,123494.827364
1786424400000,0.001778,0.001782,0.001768,0.001772,53475726,94844.348539
1786428000000,0.001772,0.001778,0.001756,0.001761,99683285,176106.299057
1786431600000,0.001761,0.001762,0.001746,0.001755,153125637,268453.91347
1786435200000,0.001755,0.00177,0.001751,0.001767,86482750,152047.355246
1786438800000,0.001767,0.001767,0.001754,0.001759,59972805,105539.711427
1786442400000,0.001759,0.00176,0.001748,0.001755,31314011,54899.028944
1786446000000,0.001755,0.001764,0.001754,0.001757,49495284,87014.106517
1786449600000,0.001757,0.001763,0.001752,0.001758,56465199,99161.180165
1786453200000,0.001758,0.001767,0.001752,0.001753,147724867,260080.316716
1786456800000,0.001753,0.001761,0.001705,0.001714,514039079,888969.805002
1786460400000,0.001714,0.001727,0.001689,0.001712,393680172,672180.425102
1786464000000,0.001712,0.001717,0.001698,0.001699,176989537,301826.708841
1786467600000,0.001699,0.001706,0.001693,0.0017,109424955,186043.802145
1786471200000,0.0017,0.001714,0.001696,0.001711,54643613,93032.885764
1786474800000,0.001711,0.00172,0.001707,0.001717,90016805,154312.248052
1786478400000,0.001717,0.001728,0.001714,0.00172,69342093,119268.149239
1786482000000,0.00172,0.001725,0.001719,0.001722,35975094,61952.4292
1786485600000,0.001722,0.001728,0.00172,0.001726,50944076,87719.773802
1786489200000,0.001726,0.00173,0.001723,0.001726,12705929,21945.375796
1786492800000,0.001726,0.001729,0.001717,0.001719,78275309,134905.475222
1786496400000,0.001719,0.001733,0.001719,0.001727,54180631,93657.359718
1786500000000,0.001727,0.001729,0.001722,0.001728,26251675,45310.412866
1786503600000,0.001728,0.001732,0.001721,0.001721,56417180,97422.617928
1786507200000,0.001721,0.001722,0.001712,0.001715,63980126,109820.347886
1786510800000,0.001715,0.001721,0.001713,0.001714,25386837,43610.928611
1786514400000,0.001714,0.001714,0.001704,0.001704,42940001,73356.421824
1786518000000,0.001704,0.001708,0.001696,0.001703,61116837,103967.749111
1786521600000,0.001703,0.001703,0.001685,0.001691,127467645,215571.363736
1786525200000,0.001691,0.001704,0.001688,0.001703,43657563,74118.075961
1786528800000,0.001703,0.00171,0.001702,0.001706,41893236,71459.068332
1786532400000,0.001706,0.001714,0.001706,0.001713,38155710,65236.879105
1786536000000,0.001713,0.00173,0.00171,0.001719,97434398,167645.973902
1786539600000,0.001719,0.001722,0.001708,0.001715,49341097,84591.46011
1786543200000,0.001715,0.001715,0.001692,0.001696,120496318,204887.669256
1786546800000,0.001696,0.001709,0.001694,0.001697,99382536,169053.410319
1786550400000,0.001697,0.001703,0.001688,0.001696,56327809,95435.557906
1786554000000,0.001696,0.001703,0.001691,0.001691,39288217,66738.454451
1786557600000,0.001691,0.001696,0.001675,0.001682,160141506,269536.379789
1786561200000,0.001682,0.001683,0.001666,0.001672,164487196,275138.615424
1786564800000,0.001672,0.001683,0.00167,0.001673,51294902,85978.534746
1786568400000,0.001673,0.001675,0.001612,0.001637,434164973,711437.802683
1786572000000,0.001637,0.001646,0.001631,0.001643,59772366,98048.698808
1786575600000,0.001643,0.001648,0.001639,0.001642,29150451,47896.729732
1786579200000,0.001642,0.001653,0.00163,0.00163,52404133,86260.938412
1786582800000,0.00163,0.001635,0.001611,0.001629,131831602,214049.614676
1786586400000,0.001629,0.001641,0.001626,0.001641,25708299,42043.404513
1786590000000,0.001641,0.001649,0.001636,0.001636,34602076,56860.022325
1786593600000,0.001636,0.00165,0.001635,0.001641,46131602,75783.42876
1786597200000,0.001641,0.001646,0.001635,0.001641,56402988,92569.829204
1786600800000,0.001641,0.001658,0.001639,0.001656,61258229,101069.613174
1786604400000,0.001656,0.001661,0.001647,0.001651,26542347,43966.028703
1786608000000,0.001651,0.001662,0.001648,0.001662,45477340,75257.405571
1786611600000,0.001662,0.001668,0.001657,0.001665,51610657,85810.841449
1786615200000,0.001665,0.001674,0.001661,0.00167,77660625,129436.585622
1786618800000,0.00167,0.001675,0.001655,0.00166,58503898,97523.748021
1786622400000,0.00166,0.001664,0.001655,0.001661,73193626,121529.632958
1786626000000,0.001661,0.001662,0.001654,0.001661,23255448,38558.980194
1786629600000,0.001661,0.001689,0.00166,0.001688,89598581,150278.26731
1786633200000,0.001688,0.00169,0.001674,0.001675,94585068,159118.171506
1786636800000,0.001675,0.001682,0.001658,0.001659,75475317,126023.569928
1786640400000,0.001659,0.001669,0.001658,0.001663,30432698,50642.917737
1786644000000,0.001663,0.001671,0.001659,0.001665,37676842,62663.916288
1786647600000,0.001665,0.001674,0.001664,0.001674,56777734,94869.473434
1786651200000,0.001674,0.001674,0.001665,0.001667,45651565,76199.931973
1786654800000,0.001667,0.001678,0.001666,0.001675,18976456,31736.332122
1786658400000,0.001675,0.00168,0.001672,0.001675,16681639,27958.734821
1786662000000,0.001675,0.001678,0.001673,0.001676,23999312,40204.016947
1786665600000,0.001676,0.001682,0.001674,0.001678,20307542,34056.889212
1786669200000,0.001678,0.00168,0.001674,0.001675,12217656,20488.909369
1786672800000,0.001675,0.001677,0.001669,0.001671,13787164,23051.711765
1786676400000,0.001671,0.001674,0.001659,0.001661,65279640,108701.81751
1786680000000,0.001661,0.001662,0.001653,0.001653,48468405,80341.151512
1786683600000,0.001653,0.001655,0.001646,0.00165,31945017,52718.159767
1786687200000,0.00165,0.001651,0.001635,0.001636,47517082,78062.569513
1786690800000,0.001636,0.001639,0.001627,0.00163,59481622,97133.17698
1786694400000,0.00163,0.001639,0.001629,0.001637,55979811,91467.332762
1786698000000,0.001637,0.001638,0.001619,0.001621,61912922,100635.52946
1786701600000,0.001621,0.00163,0.001618,0.001626,30814781,50084.394694
1786705200000,0.001626,0.00163,0.001623,0.001626,20029980,32576.432925
1786708800000,0.001626,0.001633,0.001623,0.001633,63258241,102916.636884
1786712400000,0.001633,0.001644,0.001629,0.001641,104154919,170381.826625
1786716000000,0.001641,0.001645,0.001638,0.001643,34730512,57019.87987
1786719600000,0.001643,0.001658,0.001635,0.001658,80955962,133183.84966
1786723200000,0.001658,0.001673,0.001657,0.001671,111024924,184763.985385
1786726800000,0.001671,0.001684,0.001661,0.001684,63882040,106904.515831
1786730400000,0.001684,0.001701,0.001675,0.001685,125877354,212710.51019
1786734000000,0.001685,0.001686,0.001672,0.001674,94103548,157925.52093
1786737600000,0.001674,0.001675,0.001665,0.001667,41797885,69749.015049
1786741200000,0.001667,0.001669,0.001657,0.00166,43237159,71871.235992
1786744800000,0.00166,0.001663,0.001653,0.00166,24100979,39974.650132
1786748400000,0.00166,0.001678,0.00166,0.001678,40586526,67769.244558
1786752000000,0.001678,0.001681,0.001671,0.001678,53162933,89133.55905
1786755600000,0.001678,0.001682,0.001672,0.001674,21526408,36051.125035
1786759200000,0.001674,0.001686,0.001674,0.001683,20532519,34547.181362
1786762800000,0.001683,0.001683,0.001672,0.001673,14757694,24761.731607
1786766400000,0.001673,0.001681,0.001673,0.001676,5083016,8530.312505
1786770000000,0.001676,0.00168,0.001667,0.001671,42540613,71102.55384
1786773600000,0.001671,0.001675,0.001667,0.001667,18463245,30864.367105
1786777200000,0.001667,0.001668,0.001662,0.001663,39067026,65030.779958
1786780800000,0.001663,0.001666,0.00166,0.001661,19944978,33157.242196
1786784400000,0.001661,0.001669,0.001661,0.001665,16650792,27714.647908
1786788000000,0.001665,0.001672,0.001662,0.001662,40088602,66867.154078
1786791600000,0.001662,0.001666,0.00166,0.001663,18939303,31484.592182
1786795200000,0.001663,0.001663,0.001655,0.001657,24166193,40068.713525
1786798800000,0.001657,0.001662,0.001651,0.001657,42087595,69734.554604
1786802400000,0.001657,0.001658,0.001652,0.001656,25713152,42584.307043
1786806000000,0.001656,0.001664,0.001651,0.001662,26159462,43392.114626
1786809600000,0.001662,0.001664,0.001653,0.001656,27110542,44943.527895
1786813200000,0.001656,0.001662,0.001654,0.001656,31486173,52194.181569
1786816800000,0.001656,0.001658,0.001653,0.001656,10078912,16690.735217
1786820400000,0.001656,0.001665,0.001655,0.001662,30701863,50995.147751
1786824000000,0.001662,0.001663,0.001654,0.001658,37562526,62279.140131
1786827600000,0.001658,0.001667,0.001658,0.001662,22215576,36933.034851
1786831200000,0.001662,0.00167,0.001656,0.001656,16147607,26892.694316
1786834800000,0.001656,0.001656,0.001631,0.001637,129671079,212738.657131
1786838400000,0.001637,0.001644,0.001634,0.001641,37252884,61062.996737
1786842000000,0.001641,0.001644,0.001632,0.001637,21677929,35506.952862
1786845600000,0.001637,0.001647,0.00163,0.001647,39216612,64250.270476
1786849200000,0.001647,0.001654,0.001645,0.001647,25534359,42128.29916
1786852800000,0.001647,0.001649,0.001643,0.001649,22835683,37588.69899
1786856400000,0.001649,0.001654,0.001647,0.001652,23412667,38653.665852
1786860000000,0.001652,0.001656,0.001646,0.001653,31385034,51835.375013
1786863600000,0.001653,0.001679,0.00165,0.001679,91868032,153281.280501
1786867200000,0.001679,0.00169,0.00167,0.001687,105964265,178052.375898
1786870800000,0.001687,0.001695,0.001679,0.001686,127039752,214353.347777
1786874400000,0.001686,0.001689,0.001674,0.001674,63692636,107047.433885
1786878000000,0.001674,0.001674,0.001665,0.001669,36806010,61408.714821
1786881600000,0.001669,0.001677,0.001665,0.001676,23215973,38797.747076
1786885200000,0.001676,0.001676,0.001666,0.001666,12381744,20674.280297
1786888800000,0.001666,0.001668,0.001657,0.001658,38414072,63852.326151
1786892400000,0.001658,0.001666,0.001657,0.001665,47525234,79011.090655
1786896000000,0.001665,0.001669,0.001658,0.00166,33254719,55409.268724
1786899600000,0.00166,0.001662,0.001652,0.001653,36540848,60485.683669
1786903200000,0.001653,0.001654,0.00164,0.001641,40999756,67512.612723
1786906800000,0.001641,0.001653,0.001641,0.00165,15701708,25858.661304
1786910400000,0.00165,0.001654,0.001644,0.001645,42120981,69522.116999
1786914000000,0.001645,0.001646,0.001624,0.001627,120562733,196969.264887
1786917600000,0.001627,0.001633,0.001617,0.001625,143506166,233119.680774
1786921200000,0.001625,0.001638,0.001625,0.001636,29492765,48146.449288
1786924800000,0.001636,0.001642,0.001633,0.00164,25762054,42189.727051
1786928400000,0.00164,0.001656,0.00164,0.001653,35441678,58536.443827
1786932000000,0.001653,0.001659,0.001647,0.001656,66188685,109395.443266
1786935600000,0.001656,0.001657,0.001651,0.001652,14317121,23668.652301
1786939200000,0.001652,0.001663,0.001652,0.001659,41010580,68047.020984
1786942800000,0.001659,0.001661,0.001656,0.00166,13327375,22111.20396
1786946400000,0.00166,0.001664,0.001657,0.001661,13540551,22470.805234
1786950000000,0.001661,0.001661,0.001649,0.001653,23246211,38439.880977
1786953600000,0.001653,0.001653,0.001627,0.001628,105492763,172526.180479
1786957200000,0.001628,0.001632,0.001625,0.001631,21352152,34791.789667
1786960800000,0.001631,0.001639,0.00163,0.001636,21448858,35077.981075
1786964400000,0.001636,0.001636,0.001632,0.001633,14148368,23118.743596
1786968000000,0.001633,0.001637,0.001632,0.001636,23684855,38711.400825
1786971600000,0.001636,0.001636,0.001626,0.00163,32586335,53152.054053
1786975200000,0.00163,0.001633,0.001625,0.00163,49460183,80546.163391
1786978800000,0.00163,0.001642,0.001627,0.001634,54587256,89201.661946
1786982400000,0.001634,0.001637,0.00163,0.001632,25091093,40981.540851
1786986000000,0.001632,0.001645,0.001629,0.001638,29394635,48137.938156
1786989600000,0.001638,0.00164,0.001625,0.001629,60124200,98236.515934
1786993200000,0.001629,0.001629,0.00162,0.001629,34561388,56151.788302
1786996800000,0.001629,0.001629,0.001624,0.001626,7148663,11616.678654
1787000400000,0.001626,0.001628,0.001622,0.001623,19941036,32391.227314
1787004000000,0.001623,0.001624,0.001615,0.001617,23029261,37269.257734
1787007600000,0.001617,0.001628,0.001612,0.001624,69648623,112955.206417
1787011200000,0.001624,0.001627,0.001621,0.001623,45281385,73557.282681
1787014800000,0.001623,0.001627,0.00159,0.001604,254780832,407941.964211
1787018400000,0.001604,0.001604,0.0015,0.001518,1203056746,1864942.55552
1787022000000,0.001518,0.001518,0.001371,0.001398,2575472680,3673261.196401
1787025600000,0.001398,0.001399,0.001354,0.001383,780631275,1075612.671914
1787029200000,0.001383,0.001412,0.001377,0.001412,464010128,646309.190085
1787032800000,0.001412,0.001427,0.001406,0.001422,279558592,395839.766509
1787036400000,0.001422,0.001433,0.00141,0.001422,278695111,396136.078872
1787040000000,0.001422,0.001426,0.001411,0.001411,230816551,327686.839012
1787043600000,0.001411,0.001419,0.001408,0.001409,114134690,161373.515316
1787047200000,0.001409,0.001415,0.001401,0.001408,206255825,290466.883067
1787050800000,0.001408,0.001422,0.001404,0.001416,165452981,233953.813912
1787054400000,0.001416,0.001418,0.001401,0.001412,274228037,386448.215701
1787058000000,0.001412,0.001412,0.001392,0.001397,297601023,416925.652894
1787061600000,0.001397,0.00142,0.001384,0.00141,247289606,347200.181437
1787065200000,0.00141,0.001428,0.001406,0.001423,134742219,191070.354723
1787068800000,0.001423,0.001423,0.001375,0.001394,413713710,577837.133927
1787072400000,0.001394,0.001412,0.001387,0.001405,166802357,233631.965797
1787076000000,0.001405,0.001408,0.001395,0.001399,94402024,132199.832999
1787079600000,0.001399,0.001408,0.001392,0.001402,236681047,331632.232126
1787083200000,0.001402,0.001415,0.001399,0.001401,103219688,145257.432661
1787086800000,0.001401,0.001405,0.001396,0.001399,68854069,96497.664119
1787090400000,0.001399,0.001419,0.001398,0.001408,91632337,129179.582166
1787094000000,0.001408,0.001409,0.001388,0.001392,88951376,124323.240044
1787097600000,0.001392,0.001394,0.001366,0.001376,329534920,454482.252479
1787101200000,0.001376,0.001389,0.00136,0.001367,262199732,360468.74097
1787104800000,0.001367,0.001374,0.001351,0.001355,229763630,312956.890641
1787108400000,0.001355,0.001375,0.001352,0.001371,175063739,239098.288906
1787112000000,0.001371,0.001373,0.001363,0.00137,112311429,153706.038535
1787115600000,0.00137,0.001383,0.001366,0.001369,99168937,136355.710761
1787119200000,0.001369,0.001375,0.001362,0.001368,72692505,99411.21481
1787122800000,0.001368,0.001372,0.001358,0.001364,128695047,175592.339263
1787126400000,0.001364,0.001371,0.001355,0.001358,107687074,146810.174644
1787130000000,0.001358,0.001361,0.001316,0.001328,838943172,1117611.181886
1787133600000,0.001328,0.001348,0.001325,0.001347,129889558,173561.218193
1787137200000,0.001347,0.001358,0.001342,0.001355,112598166,152203.563852
1787140800000,0.001355,0.001358,0.001344,0.001344,163140097,220421.845137
1787144400000,0.001344,0.001346,0.001326,0.001335,224281518,300020.304921
1787148000000,0.001335,0.001364,0.001333,0.001358,269991631,365260.922805
1787151600000,0.001358,0.001422,0.001358,0.001373,1137365403,1585813.540518
1787155200000,0.001373,0.001397,0.001373,0.001385,250170948,346616.245864
1787158800000,0.001385,0.001388,0.001365,0.001376,273743915,376916.933375
1787162400000,0.001376,0.001377,0.001358,0.001374,142442211,194760.798794
1787166000000,0.001374,0.001391,0.001369,0.001389,172764056,238627.10163
1787169600000,0.001389,0.001408,0.001381,0.001402,280799498,391667.020334
1787173200000,0.001402,0.001455,0.001401,0.001427,505981876,723299.414418
1787176800000,0.001427,0.001433,0.001401,0.001415,399036886,563370.871054
1787180400000,0.001415,0.001425,0.001405,0.001424,141652157,200470.604195
1787184000000,0.001424,0.001442,0.001416,0.001435,203281714,291262.197926
1787187600000,0.001435,0.001446,0.001427,0.001435,168210747,241928.751688
1787191200000,0.001435,0.001438,0.001424,0.001429,133273420,190433.836104
1787194800000,0.001429,0.001429,0.001407,0.001407,142033287,200897.176226
1787198400000,0.001407,0.001419,0.001401,0.001419,82763377,116515.597721
1787202000000,0.001419,0.001419,0.001405,0.001409,62922520,88861.43115
1787205600000,0.001409,0.001418,0.001394,0.001415,152044298,213926.547768
1787209200000,0.001415,0.001415,0.001409,0.001414,34305393,48450.944567
1787212800000,0.001414,0.001458,0.001413,0.001446,272517244,392923.954029
1787216400000,0.001446,0.001448,0.001436,0.001442,199432740,287646.682611
1787220000000,0.001442,0.00148,0.001439,0.001463,299518266,437100.746689
1787223600000,0.001463,0.001493,0.00146,0.001491,243256839,359685.417094
1787227200000,0.001491,0.001513,0.001476,0.001504,552755458,825423.973618
1787230800000,0.001504,0.001558,0.001501,0.001535,607865670,930179.289439
1787234400000,0.001535,0.001567,0.001525,0.001545,482433403,745600.991844
1787238000000,0.001545,0.001636,0.001545,0.001614,717711310,1145259.54503
1787241600000,0.001614,0.001651,0.001608,0.00163,668680262,1089408.390378
1787245200000,0.00163,0.001635,0.001581,0.001588,548294094,881291.858887
1787248800000,0.001588,0.001602,0.001562,0.001585,484162744,766344.304135
1787252400000,0.001585,0.001588,0.001538,0.001548,368680262,575116.960468
1787256000000,0.001548,0.00159,0.001545,0.001586,239385253,375342.588377
1787259600000,0.001586,0.001615,0.001584,0.001611,199305167,318484.321586
1787263200000,0.001611,0.001632,0.001591,0.001593,197551773,318151.824391
1787266800000,0.001593,0.001618,0.001583,0.001603,281552582,450859.736373
1787270400000,0.001603,0.001657,0.001603,0.001627,405339057,661347.12939
1787274000000,0.001627,0.001667,0.001615,0.00166,312941040,510883.670503
1787277600000,0.00166,0.001673,0.001626,0.001639,285196960,469314.143208
1787281200000,0.001639,0.001653,0.001633,0.001635,164135344,269495.815495
1787284800000,0.001635,0.001653,0.00163,0.001634,179494310,294757.401642
1787288400000,0.001634,0.001671,0.001624,0.001666,321004287,528639.686233
1787292000000,0.001666,0.001682,0.001649,0.001664,352750200,587177.770897
1787295600000,0.001664,0.001783,0.001659,0.00178,653750012,1126772.942935
1787299200000,0.00178,0.001916,0.001727,0.001912,1670516070,3024783.483947
1787302800000,0.001912,0.001912,0.001765,0.001843,2482044663,4577536.071299
1787306400000,0.001843,0.001936,0.001825,0.001924,1344706849,2531297.812766
1787310000000,0.001924,0.001938,0.001865,0.001872,1343074759,2550519.910087
1787313600000,0.001872,0.001997,0.001843,0.001951,1257564692,2431089.257813
1787317200000,0.001951,0.002033,0.001911,0.002021,1098517567,2163955.513817
1787320800000,0.002021,0.002044,0.001959,0.002029,859952581,1723948.546967
1787324400000,0.002029,0.002054,0.001958,0.002006,920031679,1843361.737249
1787328000000,0.002006,0.002083,0.00199,0.002018,782984803,1593196.306666
1787331600000,0.002018,0.002135,0.002011,0.002121,828994001,1721792.578024
1787335200000,0.002121,0.002176,0.002084,0.002096,1313018461,2799988.811593
1787338800000,0.002096,0.002141,0.002036,0.002088,1876246356,3919517.914229
1787342400000,0.002088,0.002228,0.002054,0.002221,2225704660,4775442.57151
1787346000000,0.002221,0.002266,0.002118,0.002174,1755752767,3841234.485076
1787349600000,0.002174,0.002248,0.002164,0.002216,1620611676,3584785.677147
1787353200000,0.002216,0.002225,0.002143,0.002196,1574216580,3439262.66999
1787356800000,0.002196,0.002219,0.002143,0.002193,1451797501,3166936.694689
1787360400000,0.002193,0.002196,0.002076,0.002118,1199283997,2549728.839112
1787364000000,0.002118,0.002282,0.002102,0.002223,1802592247,3962767.594712
1787367600000,0.002223,0.002257,0.002156,0.002161,1338480581,2954456.545083
1787371200000,0.002161,0.002203,0.002144,0.002157,939846609,2041572.596711
1787374800000,0.002157,0.002166,0.001822,0.00199,3029518933,6034486.238078
1787378400000,0.00199,0.002003,0.001937,0.001963,697527305,1371035.159271
1787382000000,0.001963,0.001987,0.00193,0.001966,531476419,1039632.615102
1787385600000,0.001966,0.00199,0.00192,0.001941,514273993,1003495.383839
1787389200000,0.001941,0.001974,0.0019,0.001947,680211249,1323067.017056
1787392800000,0.001947,0.001947,0.00187,0.001933,518615383,989270.704292
1787396400000,0.001933,0.001945,0.001919,0.001932,158360798,305697.12642
1787400000000,0.001932,0.00198,0.001922,0.001955,384402590,750720.554256
1787403600000,0.001955,0.001968,0.001927,0.001932,226057555,439539.956221
1787407200000,0.001932,0.001958,0.001902,0.001927,419774406,809524.658597
1787410800000,0.001927,0.001941,0.001892,0.001913,437301701,837894.227343
1787414400000,0.001913,0.001976,0.001912,0.001943,511657928,998641.635226
1787418000000,0.001943,0.001974,0.001935,0.00197,191002909,373124.134387
1787421600000,0.00197,0.001987,0.001945,0.001959,239802234,472306.518382
1787425200000,0.001959,0.002008,0.001954,0.001982,227315352,450716.655367
1787428800000,0.001982,0.002001,0.001953,0.001967,346184374,682407.733238
1787432400000,0.001967,0.001967,0.001869,0.001888,473159497,905343.51182
1787436000000,0.001888,0.001959,0.001868,0.001953,321721281,618809.772259
1787439600000,0.001953,0.001953,0.001917,0.001928,191195572,369117.13715
1787443200000,0.001928,0.001971,0.001925,0.00196,371618689,723847.995027
1787446800000,0.00196,0.001965,0.001898,0.001913,283794283,547003.069735
1787450400000,0.001913,0.001927,0.001885,0.001901,220826351,420014.452132
1787454000000,0.001901,0.001905,0.001873,0.001879,203849446,383655.205117
1787457600000,0.001879,0.001906,0.00185,0.001863,470811258,881514.415476
1787461200000,0.001863,0.001888,0.001835,0.001863,336184454,626662.799096
1787464800000,0.001863,0.001958,0.001852,0.001899,594564978,1138731.640705
1787468400000,0.001899,0.00193,0.001893,0.001917,412188353,789109.123704
1787472000000,0.001917,0.001962,0.001911,0.00195,532840109,1034772.78406
1787475600000,0.00195,0.001962,0.001933,0.001947,209040940,407658.142508
1787479200000,0.001947,0.001973,0.001942,0.001961,158941929,311350.651413
1787482800000,0.001961,0.00203,0.001961,0.002012,287347041,574338.052519
1787486400000,0.002012,0.002026,0.00198,0.001995,272943121,546940.833476
1787490000000,0.001995,0.002026,0.001983,0.002009,252953242,508107.264496
1787493600000,0.002009,0.002013,0.001915,0.001961,548531788,1074860.466168
1787497200000,0.001961,0.002001,0.001938,0.001979,360525646,709597.866528
1787500800000,0.001979,0.002001,0.001961,0.001988,284037705,561456.617378
1787504400000,0.001988,0.002001,0.001971,0.001977,244229101,485057.461793
1787508000000,0.001977,0.001995,0.001974,0.001989,132844832,263653.925106
1787511600000,0.001989,0.001998,0.001966,0.001968,179625809,355880.133611
1787515200000,0.001968,0.001968,0.001932,0.001941,375756618,732465.112477
1787518800000,0.001941,0.001975,0.001935,0.001955,213906588,418209.012888
1787522400000,0.001955,0.001962,0.00194,0.001951,112121712,218667.012521
1787526000000,0.001951,0.001959,0.001936,0.001947,97527918,189889.340457
1787529600000,0.001947,0.001949,0.001917,0.001946,231702994,447130.371039
1787533200000,0.001946,0.001946,0.0019,0.001901,259809872,496687.792837
1787536800000,0.001901,0.001948,0.001897,0.001943,191371595,367329.960489
1787540400000,0.001943,0.001944,0.001916,0.001928,95089988,183118.578778
1787544000000,0.001928,0.001968,0.001928,0.001939,124201399,242123.976463
1787547600000,0.001939,0.001958,0.001911,0.001915,182248668,352872.129934
1787551200000,0.001915,0.001929,0.001901,0.001915,168941566,323807.029576
1787554800000,0.001915,0.001925,0.001892,0.001905,179480201,342672.018036
1787558400000,0.001905,0.001912,0.001885,0.001894,203910956,386856.060761
1787562000000,0.001894,0.001927,0.001892,0.001912,163591548,312929.554725
1787565600000,0.001912,0.001927,0.001901,0.001907,223413257,428105.007979
1787569200000,0.001907,0.001939,0.001889,0.001921,413148490,792802.954375
1787572800000,0.001921,0.001955,0.001897,0.001945,338994637,652716.806182
1787576400000,0.001945,0.001945,0.001866,0.001896,505874172,957295.206819
1787580000000,0.001896,0.001929,0.001892,0.001925,292671041,558877.318837
1787583600000,0.001925,0.001953,0.00188,0.001897,700924740,1345086.778408
1787587200000,0.001897,0.001924,0.001896,0.001905,230099793,439273.328278
1787590800000,0.001905,0.00191,0.001863,0.001885,559176560,1054287.916922
1787594400000,0.001885,0.001897,0.001878,0.001881,133171596,251488.824138
1787598000000,0.001881,0.001895,0.001872,0.001884,153488868,289348.041827
1787601600000,0.001884,0.0019,0.001876,0.0019,109925180,207310.881324
1787605200000,0.0019,0.00192,0.001892,0.001919,251909976,479396.100975
1787608800000,0.001919,0.001924,0.001907,0.001915,56227209,107695.765976
1787612400000,0.001915,0.001937,0.001898,0.00193,138376674,265107.417847
1787616000000,0.00193,0.001947,0.001908,0.001941,189598252,366135.967151
1787619600000,0.001941,0.001953,0.001934,0.001941,247332379,481513.621754
1787623200000,0.001941,0.001987,0.001924,0.001965,272441708,532662.307071
1787626800000,0.001965,0.001981,0.001959,0.001975,139788407,275603.834955
1787630400000,0.001975,0.001986,0.001953,0.001961,271736350,534880.619699
1787634000000,0.001961,0.001971,0.00195,0.001953,197661380,387674.611628
1787637600000,0.001953,0.001957,0.001898,0.001909,463134947,888258.04036
1787641200000,0.001909,0.00193,0.001888,0.001903,502715515,961820.269732
1787644800000,0.001903,0.001926,0.001901,0.001912,103304399,197630.572552
1787648400000,0.001912,0.001918,0.001879,0.001893,170826703,324731.245385
1787652000000,0.001893,0.001897,0.001886,0.001895,59776603,113139.592143
1787655600000,0.001895,0.0019,0.001884,0.001887,77916124,147268.999723
1787659200000,0.001887,0.001903,0.001871,0.001901,202775424,382234.3302
1787662800000,0.001901,0.001906,0.001829,0.001858,695185601,1289700.824356
1787666400000,0.001858,0.001881,0.001851,0.001871,180414301,336574.251084
1787670000000,0.001871,0.001889,0.001864,0.00188,116789786,218867.902168
1787673600000,0.00188,0.001893,0.001865,0.001883,98263621,184456.240899
1787677200000,0.001883,0.001892,0.001862,0.001882,107208925,201064.826932
1787680800000,0.001882,0.001901,0.001881,0.001892,47637691,90029.513145
1787684400000,0.001892,0.001899,0.001876,0.001881,60745074,114561.45157
1787688000000,0.001881,0.001898,0.001846,0.00185,206254351,386254.474804
1787691600000,0.00185,0.00186,0.001816,0.001843,457190175,838038.993007
1787695200000,0.001843,0.001861,0.001842,0.001852,75660234,140081.055114
1787698800000,0.001852,0.001855,0.001806,0.001816,150456750,274535.11944
1787702400000,0.001816,0.001846,0.00181,0.00184,252361995,460634.545044
1787706000000,0.00184,0.001853,0.001839,0.001841,70500870,130187.626888
1787709600000,0.001841,0.001858,0.001828,0.001853,48981355,90302.936235
1787713200000,0.001853,0.00186,0.001842,0.001845,64946550,120267.966838
1787716800000,0.001845,0.001853,0.00183,0.001832,55658983,102587.596825
1787720400000,0.001832,0.001846,0.001814,0.001844,104597005,191457.694103
1787724000000,0.001844,0.001846,0.001817,0.001822,119921963,219317.04017
1787727600000,0.001822,0.001831,0.001811,0.001813,86224207,157055.03877
1787731200000,0.001813,0.001834,0.001808,0.001823,117725970,214907.964607
1787734800000,0.001823,0.001827,0.001782,0.001795,226548326,407484.813076
1787738400000,0.001795,0.00183,0.001786,0.001823,101439695,183677.85248
1787742000000,0.001823,0.001828,0.001799,0.001807,89390978,162120.980053
1787745600000,0.001807,0.001823,0.001787,0.00181,165752508,299357.118324
1787749200000,0.00181,0.001813,0.001766,0.001778,404583573,721937.877704
1787752800000,0.001778,0.001784,0.001751,0.001755,231336563,408761.384882
1787756400000,0.001755,0.001757,0.001723,0.00174,542834102,943293.802173
1787760000000,0.00174,0.001745,0.001719,0.001727,177279228,306920.118508
1787763600000,0.001727,0.001761,0.001726,0.001734,162705898,284116.858516
1787767200000,0.001734,0.001748,0.001731,0.001743,67123185,116788.595726
1787770800000,0.001743,0.001755,0.001738,0.001741,95352763,166471.960195
1787774400000,0.001741,0.001758,0.001723,0.001754,122496358,212651.665694
1787778000000,0.001754,0.001792,0.001748,0.001792,125365489,221822.025218
1787781600000,0.001792,0.001802,0.001782,0.001785,114663606,205487.292037
1787785200000,0.001785,0.001807,0.001779,0.001799,84030986,151067.257295
1787788800000,0.001799,0.001799,0.001784,0.001784,48610067,87130.964252
1787792400000,0.001784,0.001803,0.00178,0.0018,48943259,87788.591868
1787796000000,0.0018,0.001801,0.001777,0.001781,30693737,54923.860688
1787799600000,0.001781,0.001791,0.001769,0.001776,62754178,111539.006639
1787803200000,0.001776,0.001788,0.001756,0.001762,41872071,74085.069968
1787806800000,0.001762,0.001765,0.001743,0.001763,74256484,130070.92642
1787810400000,0.001763,0.001775,0.001753,0.001773,34900480,61585.099224
1787814000000,0.001773,0.001785,0.001768,0.001782,56019919,99427.387624
1787817600000,0.001782,0.001835,0.001778,0.001824,221646468,402210.326935
1787821200000,0.001824,0.001884,0.001817,0.001865,297233908,551629.489274
1787824800000,0.001865,0.001875,0.001822,0.001833,322568037,594974.832763
1787828400000,0.001833,0.001842,0.00182,0.001838,130910978,239898.313055
1787832000000,0.001838,0.001847,0.001822,0.001823,113404801,208073.101264
1787835600000,0.001823,0.001841,0.001806,0.001834,205072174,373499.057643
1787839200000,0.001834,0.001883,0.00183,0.001872,243765223,454199.900225
1787842800000,0.001872,0.00189,0.001857,0.00187,315192044,590251.373576
1787846400000,0.00187,0.001917,0.001866,0.001897,309420615,585559.125431
1787850000000,0.001897,0.001901,0.00187,0.001873,244605361,461465.286561
1787853600000,0.001873,0.001877,0.001835,0.001847,195788142,362424.823904
1787857200000,0.001847,0.001852,0.001833,0.001836,93744322,172604.488349
1787860800000,0.001836,0.001857,0.00183,0.001852,71667012,132348.639972
1787864400000,0.001852,0.001871,0.001844,0.001865,98265098,182841.199096
1787868000000,0.001865,0.001875,0.001858,0.001862,32969238,61490.234001
1787871600000,0.001862,0.001865,0.001838,0.001839,92065142,170580.04509
1787875200000,0.001839,0.001865,0.001827,0.001858,127877521,235923.433887
1787878800000,0.001858,0.001906,0.001857,0.001864,129205768,243426.120528
1787882400000,0.001864,0.001864,0.001814,0.001827,205911931,377277.284858
1787886000000,0.001827,0.001829,0.001806,0.001817,99641474,180929.421911
1787889600000,0.001817,0.001824,0.001798,0.001821,137406421,249161.410827
1787893200000,0.001821,0.001822,0.001805,0.001812,48743278,88400.36015
1787896800000,0.001812,0.001857,0.001812,0.001856,111520992,204563.171417
1787900400000,0.001856,0.001856,0.001819,0.001834,113710496,208386.900979
1787904000000,0.001834,0.001853,0.001818,0.001823,101183528,185919.482561
1787907600000,0.001823,0.001837,0.001817,0.001823,55109347,100659.584842
1787911200000,0.001823,0.00183,0.001801,0.00183,144543034,262596.181352
1787914800000,0.00183,0.001838,0.001821,0.001823,41541001,75991.542433
1787918400000,0.001823,0.001832,0.001809,0.001821,71030567,129042.379465
1787922000000,0.001821,0.001829,0.001799,0.00181,177052174,320797.601508
1787925600000,0.00181,0.001843,0.001764,0.001825,466446702,839071.409414
1787929200000,0.001825,0.001836,0.001776,0.001777,238033498,431061.20153
1787932800000,0.001777,0.001782,0.001707,0.001749,711669892,1243757.463756
1787936400000,0.001749,0.001757,0.00174,0.001745,100007933,174869.416572
1787940000000,0.001745,0.001747,0.001725,0.001735,100724511,174659.838831
1787943600000,0.001735,0.001748,0.001735,0.001739,55843940,97268.500479
1787947200000,0.001739,0.001749,0.001735,0.001743,36807929,64136.896678
1787950800000,0.001743,0.001761,0.001736,0.001739,67350323,117652.65012
1787954400000,0.001739,0.001768,0.001738,0.001762,84936124,149315.644823
1787958000000,0.001762,0.001774,0.001758,0.00177,28268153,49926.063686
1787961600000,0.00177,0.001784,0.001769,0.001773,96196485,170897.88987
1787965200000,0.001773,0.001781,0.001764,0.001777,56414740,99947.460903
1787968800000,0.001777,0.001777,0.001758,0.001766,42065257,74349.318939
1787972400000,0.001766,0.001768,0.001754,0.001755,29580842,52056.647986
1787976000000,0.001755,0.001764,0.001753,0.001761,37633314,66211.047438
1787979600000,0.001761,0.001772,0.001759,0.001771,27745982,49009.476464
1787983200000,0.001771,0.001772,0.001743,0.001751,79551386,139415.709015
1787986800000,0.001751,0.001753,0.001736,0.001743,49878758,86925.250903
1787990400000,0.001743,0.001743,0.001729,0.001733,51987810,90217.939962
1787994000000,0.001733,0.001744,0.001729,0.00174,59025651,102472.794161
1787997600000,0.00174,0.001794,0.001738,0.001772,191031565,338367.6721
1788001200000,0.001772,0.00179,0.001766,0.001779,123990149,220680.304523
1788004800000,0.001779,0.001815,0.001778,0.001797,159894703,287753.223368
1788008400000,0.001797,0.001808,0.001792,0.001801,81787740,147291.616648
1788012000000,0.001801,0.001832,0.001795,0.001813,106645124,193410.305541
1788015600000,0.001813,0.001813,0.001785,0.00179,126722583,227333.107173
1788019200000,0.00179,0.0018,0.001774,0.001777,74727240,133531.558285
1788022800000,0.001777,0.001784,0.00176,0.001767,92166944,163105.233928
1788026400000,0.001767,0.001773,0.001762,0.001766,47939850,84764.846095
1788030000000,0.001766,0.001777,0.001766,0.001775,31050529,55013.244568
1788033600000,0.001775,0.001782,0.001772,0.001779,31565808,56062.011661
1788037200000,0.001779,0.001783,0.001768,0.001775,29229166,51933.46771
1788040800000,0.001775,0.001776,0.001768,0.001774,25280367,44795.612618
1788044400000,0.001774,0.001776,0.001768,0.00177,14894748,26367.311482
1788048000000,0.00177,0.001776,0.001761,0.001762,29179434,51539.267012
1788051600000,0.001762,0.001763,0.001751,0.001753,50872001,89356.615443
1788055200000,0.001753,0.001769,0.00175,0.001767,22821467,40094.601248
1788058800000,0.001767,0.001771,0.001763,0.001764,17220091,30438.935465
1788062400000,0.001764,0.001766,0.00174,0.001759,76133841,133248.104657
1788066000000,0.001759,0.001793,0.001757,0.001789,99290200,176903.013997
1788069600000,0.001789,0.001791,0.001775,0.001788,28344876,50563.225224
1788073200000,0.001788,0.001788,0.00177,0.001771,25121115,44618.073073
1788076800000,0.001771,0.001776,0.001761,0.001771,36589861,64734.573066
1788080400000,0.001771,0.001774,0.001757,0.001766,62732985,110872.051485
1788084000000,0.001766,0.001782,0.001756,0.001775,55007606,97358.008882
1788087600000,0.001775,0.001778,0.001768,0.001776,37710089,66911.53385
1788091200000,0.001776,0.001791,0.001774,0.001783,56261945,100330.600413
1788094800000,0.001783,0.001795,0.001776,0.001788,56214330,100307.738288
1788098400000,0.001788,0.001791,0.001774,0.001777,39467350,70286.169759
1788102000000,0.001777,0.001781,0.001762,0.001766,38447425,68061.803091
1788105600000,0.001766,0.001787,0.001763,0.001784,63872075,113536.242064
1788109200000,0.001784,0.001788,0.001759,0.001771,84146066,148913.760129
1788112800000,0.001771,0.001784,0.001761,0.001777,47028916,83497.956717
1788116400000,0.001777,0.00178,0.001743,0.001748,113732531,200077.812554
1788120000000,0.001748,0.001756,0.001728,0.001741,128942129,224432.522835
1788123600000,0.001741,0.001756,0.001709,0.001749,180214220,310490.049834
1788127200000,0.001749,0.001761,0.001722,0.001728,184977303,321641.10478
1788130800000,0.001728,0.00173,0.001616,0.00164,749098500,1244341.981828
1788134400000,0.00164,0.001681,0.001633,0.001671,146840313,243857.83496
1788138000000,0.001671,0.00168,0.001656,0.001663,121060420,201715.467755
1788141600000,0.001663,0.001687,0.00166,0.001673,61992759,103880.19015
1788145200000,0.001673,0.001705,0.001672,0.001701,75936337,128530.542083
1788148800000,0.001701,0.001705,0.001695,0.001703,62557661,106281.494279
1788152400000,0.001703,0.001717,0.001697,0.00171,117932069,201498.768514
1788156000000,0.00171,0.001723,0.001708,0.001717,46325538,79468.110331
1788159600000,0.001717,0.001719,0.001707,0.001714,57420515,98386.312689
1788163200000,0.001714,0.001722,0.001705,0.001715,27903367,47779.995957
1788166800000,0.001715,0.001723,0.001709,0.001718,16109351,27642.064682
1788170400000,0.001718,0.001738,0.001713,0.001735,27031296,46714.433528
1788174000000,0.001735,0.001736,0.001712,0.001719,35544373,61168.63072
1788177600000,0.001719,0.001732,0.001695,0.001705,118766925,203475.486677
1788181200000,0.001705,0.001728,0.001693,0.001699,83020000,141802.998732
1788184800000,0.001699,0.001729,0.001694,0.001726,46409592,79318.167619
1788188400000,0.001726,0.00173,0.001709,0.001717,41583066,71398.618268
1788192000000,0.001717,0.001743,0.001713,0.001736,88978335,153412.757216
1788195600000,0.001736,0.001767,0.001731,0.00174,103331265,180820.252026
1788199200000,0.00174,0.00175,0.001729,0.001737,74124764,128858.989221
1788202800000,0.001737,0.001746,0.001723,0.001733,57694520,100045.989221
1788206400000,0.001733,0.001754,0.001726,0.001748,79527228,138365.560414
1788210000000,0.001748,0.001748,0.001734,0.001741,22853112,39753.603779
1788213600000,0.001741,0.001744,0.001722,0.001726,35433402,61319.245229
1788217200000,0.001726,0.001726,0.001702,0.001709,68613289,117538.796567
1788220800000,0.001709,0.001735,0.001708,0.001731,43136192,74366.348448
1788224400000,0.001731,0.001737,0.001716,0.001726,25941451,44827.086277
1788228000000,0.001726,0.001726,0.001705,0.001711,38492938,65930.142881
1788231600000,0.001711,0.001722,0.00171,0.001717,42585114,73066.676365
1788235200000,0.001717,0.00173,0.001717,0.001723,29859805,51468.853293
1788238800000,0.001723,0.001759,0.001721,0.001755,54949758,95769.709144
1788242400000,0.001755,0.001766,0.00174,0.00175,98428082,172417.650585
1788246000000,0.00175,0.001771,0.001742,0.001746,50763783,89109.263741
1788249600000,0.001746,0.001746,0.001702,0.00171,185872175,319375.008319
1788253200000,0.00171,0.001728,0.001706,0.00172,59739555,102472.209175
1788256800000,0.00172,0.001749,0.001718,0.001744,64534943,111868.694624
1788260400000,0.001744,0.001764,0.001739,0.001756,119904187,210030.219522
1788264000000,0.001756,0.001765,0.001732,0.001734,110624729,193420.75536
1788267600000,0.001734,0.001753,0.001717,0.001749,158367652,275192.763983
1788271200000,0.001749,0.001766,0.001744,0.00175,146091715,256331.59493
1788274800000,0.00175,0.001785,0.001732,0.001766,223916083,394956.221611
1788278400000,0.001766,0.001771,0.001735,0.001763,222584485,391380.422605
1788282000000,0.001763,0.001796,0.001754,0.00176,166863049,296537.461529
1788285600000,0.00176,0.001765,0.001718,0.001751,330941763,574140.390585
1788289200000,0.001751,0.001789,0.001748,0.001782,142109544,252194.416566
1788292800000,0.001782,0.001807,0.001766,0.001779,178237501,318639.669371
1788296400000,0.001779,0.001782,0.001757,0.001759,95324708,168466.687953
1788300000000,0.001759,0.001762,0.001738,0.001745,48130686,84141.612746
1788303600000,0.001745,0.00178,0.001742,0.001771,61601062,108321.744491
1788307200000,0.001771,0.001778,0.001757,0.001757,92058130,162805.497339
1788310800000,0.001757,0.001765,0.00173,0.001746,124159363,216802.606415
1788314400000,0.001746,0.001771,0.001737,0.001763,107646071,189549.587425
1788318000000,0.001763,0.001809,0.001754,0.001806,138377981,247156.034112
1788321600000,0.001806,0.001819,0.001779,0.00181,145818322,263019.423883
1788325200000,0.00181,0.001827,0.001795,0.001797,108395727,196245.365902
1788328800000,0.001797,0.001799,0.001767,0.001782,117757694,209656.913894
1788332400000,0.001782,0.001783,0.001769,0.001772,42705919,75780.056298
1788336000000,0.001772,0.001782,0.001755,0.001758,105188462,185808.808479
1788339600000,0.001758,0.001773,0.001746,0.001769,129907902,228588.375276
1788343200000,0.001769,0.001769,0.001719,0.001727,127661460,221639.926385
1788346800000,0.001727,0.001739,0.001722,0.00173,116063522,200731.184709
1788350400000,0.00173,0.001739,0.001712,0.001714,121669414,209750.156982
1788354000000,0.001714,0.001752,0.001711,0.001742,136526687,235915.358943
1788357600000,0.001742,0.001742,0.001723,0.001724,85501807,148224.89239
1788361200000,0.001724,0.001744,0.001709,0.001739,73571498,126876.245028
1788364800000,0.001739,0.001752,0.001737,0.001739,75407105,131511.51315
1788368400000,0.001739,0.001755,0.001729,0.001749,60228181,104890.395376
1788372000000,0.001749,0.001753,0.001728,0.00174,34298239,59702.36876
1788375600000,0.00174,0.001742,0.001723,0.001731,29995679,51955.713443
1788379200000,0.001731,0.001741,0.001726,0.001738,53869908,93416.920633
1788382800000,0.001738,0.001738,0.001717,0.001717,51539470,88982.470331
1788386400000,0.001717,0.001724,0.00171,0.001717,36175223,62159.343644
1788390000000,0.001717,0.001729,0.001715,0.001728,19829481,34153.352234
1788393600000,0.001728,0.00173,0.001718,0.001722,30322920,52269.214874
1788397200000,0.001722,0.001767,0.001712,0.00175,72475802,126677.803623
1788400800000,0.00175,0.001775,0.001742,0.00177,83575368,147353.677653
1788404400000,0.00177,0.001771,0.001759,0.001763,45663833,80621.644438
1788408000000,0.001763,0.001789,0.001755,0.001784,56876276,100735.050167
1788411600000,0.001784,0.001788,0.001748,0.001782,62377655,110288.819924
1788415200000,0.001782,0.001792,0.001771,0.001773,54680110,97404.233061
1788418800000,0.001773,0.001785,0.001763,0.00177,45061484,80057.98278
1788422400000,0.00177,0.001786,0.001769,0.001771,33166832,58913.739042
1788426000000,0.001771,0.00178,0.00176,0.001764,52461966,92683.231108
1788429600000,0.001764,0.001768,0.001747,0.001758,46731590,82094.017336
1788433200000,0.001758,0.001768,0.001756,0.001765,54236016,95631.100333
1788436800000,0.001765,0.001772,0.001754,0.001763,79027470,139193.724868
1788440400000,0.001763,0.001764,0.001746,0.00175,103677720,181905.857231
1788444000000,0.00175,0.001809,0.001745,0.001807,185148697,328777.920247
1788447600000,0.001807,0.00182,0.001793,0.001813,214294112,387508.4632
1788451200000,0.001813,0.001831,0.001789,0.001813,243183470,439379.443404
1788454800000,0.001813,0.001816,0.001806,0.001811,52604819,95192.342177
1788458400000,0.001811,0.00182,0.001801,0.001816,62367732,113017.605946
1788462000000,0.001816,0.001826,0.001805,0.001811,82009052,148779.644308
1788465600000,0.001811,0.001813,0.001799,0.001808,104607241,188842.203658
1788469200000,0.001808,0.001821,0.001805,0.001808,55921204,101318.109106
1788472800000,0.001808,0.001809,0.001781,0.001794,88773544,159335.028107
1788476400000,0.001794,0.001803,0.001788,0.001788,62900278,112928.860815
1788480000000,0.001788,0.001804,0.001785,0.001786,52068212,93323.913269
1788483600000,0.001786,0.001792,0.001767,0.001773,84223910,149697.1945
1788487200000,0.001773,0.001784,0.001765,0.001784,54998025,97618.474412
1788490800000,0.001784,0.001788,0.001773,0.001776,42147498,75024.008049
1788494400000,0.001776,0.001782,0.001761,0.001763,53587579,94921.854076
1788498000000,0.001763,0.001766,0.001739,0.001752,133678163,234474.280303
1788501600000,0.001752,0.001764,0.001744,0.001764,33581879,58848.431558
1788505200000,0.001764,0.001774,0.001764,0.001767,62978113,111410.312867
1788508800000,0.001767,0.001786,0.001765,0.001784,69199509,122883.656363
1788512400000,0.001784,0.001798,0.001781,0.001784,71956839,128639.234533
1788516000000,0.001784,0.001787,0.001773,0.001779,34484918,61334.183976
1788519600000,0.001779,0.001803,0.001777,0.001798,68724908,123251.403691
1788523200000,0.001798,0.001807,0.001714,0.001745,592692633,1038056.846019
1788526800000,0.001745,0.001788,0.00174,0.001772,164116085,288551.108681
1788530400000,0.001772,0.001778,0.001719,0.00173,152595163,266231.953966
1788534000000,0.00173,0.001753,0.001724,0.001746,52599933,91608.285982
1788537600000,0.001746,0.001771,0.001744,0.001767,70284798,123560.783467
1788541200000,0.001767,0.001771,0.001746,0.00175,54656535,95948.74446
1788544800000,0.00175,0.001759,0.001749,0.001758,22398165,39300.326153
1788548400000,0.001758,0.001794,0.001753,0.001774,171085236,304038.766428
1788552000000,0.001774,0.001777,0.001754,0.00176,130468305,229975.930245
1788555600000,0.00176,0.001764,0.001747,0.001747,25577254,44970.107384
1788559200000,0.001747,0.001753,0.001735,0.001738,33066322,57552.785438
1788562800000,0.001738,0.001763,0.001736,0.001762,36658552,64031.03544
1788566400000,0.001762,0.001773,0.001756,0.001764,35201216,62154.206258
1788570000000,0.001764,0.001802,0.001763,0.001791,64166060,114454.815577
1788573600000,0.001791,0.001824,0.001779,0.00182,79086543,142702.245111
1788577200000,0.00182,0.001836,0.001813,0.001824,103889734,189621.726825
1788580800000,0.001824,0.001884,0.001824,0.001882,158369554,293842.165485
1788584400000,0.001882,0.001889,0.001851,0.001866,139320813,259991.257369
1788588000000,0.001866,0.001901,0.001861,0.0019,106623189,200580.463561
1788591600000,0.0019,0.001938,0.00189,0.001925,198047861,379677.928855
1788595200000,0.001925,0.001929,0.001899,0.001912,128686804,246069.331938
1788598800000,0.001912,0.001937,0.001905,0.001928,141490954,272293.672883
1788602400000,0.001928,0.001932,0.001875,0.001881,155573832,295545.198518
1788606000000,0.001881,0.001884,0.001866,0.00187,81990801,153595.826496
1788609600000,0.00187,0.001889,0.001858,0.001888,112036719,209808.971697
1788613200000,0.001888,0.001892,0.001854,0.001869,131937408,246708.425573
1788616800000,0.001869,0.001872,0.001858,0.001866,57398161,107081.076041
1788620400000,0.001866,0.001871,0.001851,0.00186,40199359,74696.328695
1788624000000,0.00186,0.001874,0.001855,0.001859,55829230,104082.339168
1788627600000,0.001859,0.001871,0.001857,0.001868,33339225,62150.456858
1788631200000,0.001868,0.001869,0.001856,0.001867,29373744,54720.196757
1788634800000,0.001867,0.001881,0.001862,0.001869,51046148,95418.241573
1788638400000,0.001869,0.00189,0.001868,0.001875,150052527,282012.386946
1788642000000,0.001875,0.001907,0.001872,0.001907,149553011,282975.486196
1788645600000,0.001907,0.001909,0.001884,0.001892,60451834,114422.85761
1788649200000,0.001892,0.001897,0.001877,0.001883,62010298,117025.903351
1788652800000,0.001883,0.001897,0.001876,0.001887,69258980,130684.056439
1788656400000,0.001887,0.001919,0.00188,0.001909,96068685,182904.746275
1788660000000,0.001909,0.001913,0.001885,0.001897,45981540,87284.792681
1788663600000,0.001897,0.001912,0.001883,0.001905,39702762,75235.449834
1788667200000,0.001905,0.001908,0.001866,0.001881,89055561,167432.179654
1788670800000,0.001881,0.001897,0.001877,0.001888,60281920,113913.169006
1788674400000,0.001888,0.001888,0.00187,0.001873,56665275,106447.578392
1788678000000,0.001873,0.001881,0.001853,0.001877,102096741,190292.303068
1788681600000,0.001877,0.001884,0.001868,0.001873,29254498,54795.74871
1788685200000,0.001873,0.001889,0.001872,0.001888,54747045,103080.919416
1788688800000,0.001888,0.001896,0.001884,0.001893,31128031,58799.934974
1788692400000,0.001893,0.001907,0.001887,0.001899,50059863,95011.491473
1788696000000,0.001899,0.0019,0.001876,0.00188,46812197,88387.05443
1788699600000,0.00188,0.001893,0.001877,0.001889,38323672,72272.126293
1788703200000,0.001889,0.001889,0.001833,0.001858,194563491,360797.428775
1788706800000,0.001858,0.001868,0.001839,0.001867,67896075,125823.15799
1788710400000,0.001867,0.001888,0.001864,0.001883,44765414,83993.202161
1788714000000,0.001883,0.001894,0.00187,0.001886,95906135,180731.606637
1788717600000,0.001886,0.001903,0.001885,0.001889,49566334,93959.440787
1788721200000,0.001889,0.0019,0.001878,0.00189,41047872,77496.599688
1788724800000,0.00189,0.001908,0.001887,0.001898,61530112,116895.068993
1788728400000,0.001898,0.001931,0.001895,0.001913,66793881,127919.066593
1788732000000,0.001913,0.001917,0.001882,0.001891,98456826,186507.218323
1788735600000,0.001891,0.001914,0.00189,0.00191,49337765,93930.769316
1788739200000,0.00191,0.001944,0.001904,0.001909,170160898,327782.666734
1788742800000,0.001909,0.001915,0.001876,0.001885,82796438,156703.37746
1788746400000,0.001885,0.001916,0.001868,0.001899,111716986,211344.137263
1788750000000,0.001899,0.001902,0.001875,0.001879,60470935,114153.314509
1788753600000,0.001879,0.001891,0.001878,0.001889,49296160,92935.777391
1788757200000,0.001889,0.00192,0.001888,0.001915,69929259,133482.781825
1788760800000,0.001915,0.001939,0.001907,0.001914,109464944,210494.771514
1788764400000,0.001914,0.001925,0.001856,0.001876,237164937,446255.506904
1788768000000,0.001876,0.001909,0.001875,0.001902,108145404,204741.285777
1788771600000,0.001902,0.001916,0.001891,0.001894,86574053,164878.595101
1788775200000,0.001894,0.001915,0.001894,0.001908,76058084,144873.511464
1788778800000,0.001908,0.001915,0.0019,0.001907,53113747,101244.483743
1788782400000,0.001907,0.001957,0.001903,0.00195,184472867,356754.533322
1788786000000,0.00195,0.001965,0.001938,0.00195,147737834,288337.071592
1788789600000,0.00195,0.001963,0.001918,0.001957,168366781,326994.516634
1788793200000,0.001957,0.00196,0.001884,0.001901,278920293,531598.866639
1788796800000,0.001901,0.001966,0.0019,0.001956,171723513,332448.393909
1788800400000,0.001956,0.001977,0.001934,0.001935,118753686,232383.146773
1788804000000,0.001935,0.001943,0.001918,0.001935,103006823,198663.507355
1788807600000,0.001935,0.001946,0.001926,0.001935,46731441,90497.339523
1788811200000,0.001935,0.001937,0.001915,0.001924,49419724,95120.717141
1788814800000,0.001924,0.001933,0.001913,0.001914,32389991,62297.806497
1788818400000,0.001914,0.001914,0.001875,0.001888,116601627,220817.77552
1788822000000,0.001888,0.001914,0.001885,0.001909,67417068,128203.71171
1788825600000,0.001909,0.001924,0.001903,0.001923,49382878,94424.412796
1788829200000,0.001923,0.001926,0.001914,0.001919,46030846,88377.338968
1788832800000,0.001919,0.001937,0.001881,0.001881,76971316,146822.40423
1788836400000,0.001881,0.001903,0.00188,0.001895,63845316,120782.618145
1788840000000,0.001895,0.001905,0.001885,0.001895,57131656,108183.708796
1788843600000,0.001895,0.001922,0.00189,0.001902,81161799,155088.953268
1788847200000,0.001902,0.001903,0.00187,0.001883,141412586,266312.598781
1788850800000,0.001883,0.001902,0.001878,0.001894,103517211,195661.146386
1788854400000,0.001894,0.001896,0.001871,0.001893,101977764,191705.988836
1788858000000,0.001893,0.001934,0.001891,0.001925,113870239,218187.651549
1788861600000,0.001925,0.001939,0.001906,0.001909,111994759,215560.31134
1788865200000,0.001909,0.001913,0.001887,0.001896,97881319,185679.392191
1788868800000,0.001896,0.001901,0.001883,0.001899,94787354,179327.676666
1788872400000,0.001899,0.001899,0.001841,0.001874,273226360,510016.228797
1788876000000,0.001874,0.001894,0.001871,0.001893,174520787,328700.342365
1788879600000,0.001893,0.001943,0.001885,0.001919,341618051,656112.425605
1788883200000,0.001919,0.001921,0.001881,0.001888,121117832,229629.265472
1788886800000,0.001888,0.001902,0.001879,0.001891,115901751,219070.286104
1788890400000,0.001891,0.001912,0.001879,0.001889,110723366,209832.054798
1788894000000,0.001889,0.001907,0.001879,0.001888,101174475,191597.585941
1788897600000,0.001888,0.001912,0.001882,0.001886,104108006,197086.852994
1788901200000,0.001886,0.001899,0.001878,0.001883,68476412,129191.399166
1788904800000,0.001883,0.0019,0.001881,0.001897,36170092,68418.79597
1788908400000,0.001897,0.001899,0.001887,0.001891,44277314,83803.664531
1788912000000,0.001891,0.001919,0.001886,0.001886,57207715,108650.348756
1788915600000,0.001886,0.001895,0.001876,0.00188,71145665,133853.505333
1788919200000,0.00188,0.00188,0.001855,0.001868,128856533,240628.61114
1788922800000,0.001868,0.001868,0.001853,0.001854,65499388,121767.117347
1788926400000,0.001854,0.001888,0.001854,0.001886,137318533,257520.599125
1788930000000,0.001886,0.00189,0.001877,0.001882,81308686,153137.796583
1788933600000,0.001882,0.001899,0.001877,0.001888,44973058,84930.303718
1788937200000,0.001888,0.001899,0.00188,0.001885,52190890,98537.195475
1788940800000,0.001885,0.001909,0.001884,0.001907,73910395,140514.989632
1788944400000,0.001907,0.001921,0.001871,0.001873,143032538,271181.707141
1788948000000,0.001873,0.001879,0.001864,0.001868,74628969,139705.800846
1788951600000,0.001868,0.001893,0.001849,0.001884,136192864,254544.810537
1788955200000,0.001884,0.001889,0.00187,0.001879,72612501,136517.758176
1788958800000,0.001879,0.00189,0.001858,0.001874,130888246,245397.592114
1788962400000,0.001874,0.001897,0.001863,0.001873,160407968,301517.239054
1788966000000,0.001873,0.001892,0.001811,0.001855,265363398,489465.589308
1788969600000,0.001855,0.001879,0.001834,0.001861,120067573,222909.584611
1788973200000,0.001861,0.001866,0.001842,0.001845,64188056,119196.194399
1788976800000,0.001845,0.001847,0.001823,0.001825,39338348,72029.52928
1788980400000,0.001825,0.001829,0.001792,0.001797,78080533,141251.118167
1788984000000,0.001797,0.001827,0.00179,0.001825,118362306,213984.879419
1788987600000,0.001825,0.001826,0.00178,0.001792,156042180,281840.209663
1788991200000,0.001792,0.001795,0.001723,0.001747,226385926,397222.862981
1788994800000,0.001747,0.001775,0.001745,0.001773,63233408,111465.822279
1788998400000,0.001773,0.001775,0.001729,0.001731,151757882,265367.727447
1789002000000,0.001731,0.00175,0.001716,0.001728,78730285,136572.349089
1789005600000,0.001728,0.001761,0.001722,0.001757,113062407,196735.990216
1789009200000,0.001757,0.001767,0.001754,0.00176,54370895,95727.861083
1789012800000,0.00176,0.001769,0.001757,0.001764,39902531,70394.873988
1789016400000,0.001764,0.001769,0.001751,0.001761,40814921,71873.426934
1789020000000,0.001761,0.001771,0.001742,0.001763,53307331,93598.716304
1789023600000,0.001763,0.001763,0.001728,0.001736,62216338,108487.218895
1789027200000,0.001736,0.00174,0.001726,0.001729,62631388,108599.381897
1789030800000,0.001729,0.00174,0.001717,0.00173,52071608,90003.113429
1789034400000,0.00173,0.001737,0.001721,0.001723,45281939,78286.972521
1789038000000,0.001723,0.00175,0.001716,0.001732,78635129,136791.14041
1789041600000,0.001732,0.001736,0.001656,0.001692,526953183,891117.451524
1789045200000,0.001692,0.001717,0.001687,0.001712,148633849,253241.123917
1789048800000,0.001712,0.001722,0.001692,0.00171,79613272,136064.894669
1789052400000,0.00171,0.00171,0.001684,0.001702,90920126,154265.449026
1789056000000,0.001702,0.001707,0.001673,0.001703,90980688,153935.927046
1789059600000,0.001703,0.001727,0.001698,0.001722,57263075,98101.677609
1789063200000,0.001722,0.001729,0.001708,0.001727,50950132,87509.479019
1789066800000,0.001727,0.00173,0.00171,0.001711,60609689,104347.93872
1789070400000,0.001711,0.001728,0.001711,0.001719,20191741,34708.080138
1789074000000,0.001719,0.001722,0.001703,0.001707,42355087,72592.043575
1789077600000,0.001707,0.001714,0.001689,0.00169,33586277,57182.045583
1789081200000,0.00169,0.001692,0.001666,0.001673,79651107,133585.825605
1789084800000,0.001673,0.001686,0.001672,0.001683,36134055,60697.047544
1789088400000,0.001683,0.001696,0.001678,0.001687,27711116,46758.604217
1789092000000,0.001687,0.001689,0.001677,0.001684,13952378,23466.224607
1789095600000,0.001684,0.001694,0.00168,0.001693,23330611,39360.621656
1789099200000,0.001693,0.001708,0.00169,0.001701,71476978,121412.125651
1789102800000,0.001701,0.001704,0.001695,0.001702,52271203,88812.156842
1789106400000,0.001702,0.001703,0.001684,0.001688,37868491,64054.018441
1789110000000,0.001688,0.001704,0.001688,0.001691,44576887,75528.152148
1789113600000,0.001691,0.001708,0.001687,0.001691,46468407,78794.368331
1789117200000,0.001691,0.001691,0.001667,0.00168,82341561,138152.194199
1789120800000,0.00168,0.001686,0.001664,0.001669,66518280,111304.811497
1789124400000,0.001669,0.001669,0.001634,0.001664,270194622,445500.10104
1789128000000,0.001664,0.001714,0.001635,0.001702,317554371,533834.733188
1789131600000,0.001702,0.001762,0.001682,0.001758,267845993,459124.674874
1789135200000,0.001758,0.001777,0.001726,0.00175,177643004,311715.771786
1789138800000,0.00175,0.001757,0.001696,0.001708,217294784,375488.616551
1789142400000,0.001708,0.00173,0.001706,0.001725,134850746,231467.384863
1789146000000,0.001725,0.00173,0.001697,0.001698,113784317,194760.819926
1789149600000,0.001698,0.001702,0.001649,0.001657,213552741,356914.296991
1789153200000,0.001657,0.001678,0.001651,0.001675,94475250,157590.096039
1789156800000,0.001675,0.001686,0.001667,0.001676,87472118,146550.686172
1789160400000,0.001676,0.001686,0.001653,0.001657,38746871,64659.98593
1789164000000,0.001657,0.001672,0.001649,0.001659,100990132,167754.386653
1789167600000,0.001659,0.001678,0.001658,0.001677,27448948,45828.464724
1789171200000,0.001677,0.001684,0.001676,0.001683,21770042,36586.160838
1789174800000,0.001683,0.001697,0.00168,0.001696,54229518,91740.164115
1789178400000,0.001696,0.00171,0.001694,0.001709,52861969,90079.718837
1789182000000,0.001709,0.001713,0.0017,0.001702,52578041,89753.350047
1789185600000,0.001702,0.001702,0.001694,0.001699,20287141,34454.145161
1789189200000,0.001699,0.001703,0.00169,0.001695,51444272,87219.025075
1789192800000,0.001695,0.001705,0.001689,0.0017,44986746,76488.331573
1789196400000,0.0017,0.001708,0.001698,0.001704,22708376,38679.361717
1789200000000,0.001704,0.001713,0.001698,0.001699,54732749,93451.564114
1789203600000,0.001699,0.001702,0.001694,0.0017,39968644,67864.992921
1789207200000,0.0017,0.001704,0.001696,0.0017,9230288,15693.436727
1789210800000,0.0017,0.001702,0.001692,0.001697,35643462,60474.625302
1789214400000,0.001697,0.001698,0.001687,0.00169,36741732,62143.177399
1789218000000,0.00169,0.001698,0.001685,0.001689,42933854,72600.42348
1789221600000,0.001689,0.001695,0.001687,0.001692,25064947,42385.352758
1789225200000,0.001692,0.001699,0.00169,0.001696,40394628,68482.668008
1789228800000,0.001696,0.001699,0.001691,0.001696,24619317,41733.769282
1789232400000,0.001696,0.001696,0.001686,0.001689,31008441,52383.193327
1789236000000,0.001689,0.001692,0.001679,0.001686,39710242,66910.105277
1789239600000,0.001686,0.00169,0.001675,0.00168,54663823,91927.273098
1789243200000,0.00168,0.001692,0.00168,0.001686,39170245,66081.450359
1789246800000,0.001686,0.001688,0.001673,0.001676,33506790,56315.865583
1789250400000,0.001676,0.001676,0.001666,0.001669,43904788,73367.620073
1789254000000,0.001669,0.001675,0.001665,0.001674,18832614,31425.598151
1789257600000,0.001674,0.001679,0.001672,0.001677,11465248,19207.466063
1789261200000,0.001677,0.001677,0.001663,0.001672,46869429,78296.384501
1789264800000,0.001672,0.001672,0.001661,0.001661,55260623,91949.626291
1789268400000,0.001661,0.001671,0.001659,0.001661,80600878,134092.253419
1789272000000,0.001661,0.001676,0.001661,0.001671,62310768,103873.326891
1789275600000,0.001671,0.001687,0.00167,0.001686,18999637,31933.989068
1789279200000,0.001686,0.001699,0.001684,0.001691,62579634,105756.812616
1789282800000,0.001691,0.001712,0.001688,0.001697,84226650,143526.610095
1789286400000,0.001697,0.001706,0.001663,0.001668,129417340,217920.25854
1789290000000,0.001668,0.001693,0.001659,0.001688,111377412,186538.293857
1789293600000,0.001688,0.001688,0.001669,0.001674,28429848,47748.405701
1789297200000,0.001674,0.001682,0.00167,0.001676,39284845,65843.473391
1789300800000,0.001676,0.001696,0.00167,0.001682,65229425,109805.473396
1789304400000,0.001682,0.001714,0.001669,0.001713,125370507,212034.921238
1789308000000,0.001713,0.001724,0.001698,0.001698,158987586,272169.769066
1789311600000,0.001698,0.0017,0.00168,0.001684,123511119,208506.626609
1789315200000,0.001684,0.001692,0.00168,0.001689,28378679,47779.876913
1789318800000,0.001689,0.001716,0.001688,0.001703,103099224,175745.513797
1789322400000,0.001703,0.001724,0.001703,0.001714,29387034,50412.07357
1789326000000,0.001714,0.001716,0.001696,0.0017,51692875,87934.696076
1789329600000,0.0017,0.00171,0.001696,0.001708,33393065,56862.175486
1789333200000,0.001708,0.001714,0.001705,0.001705,31751102,54284.796501
1789336800000,0.001705,0.001705,0.001644,0.001651,238082940,397784.222379
1789340400000,0.001651,0.001669,0.00165,0.001661,62272950,103210.894425
1789344000000,0.001661,0.001679,0.001652,0.00167,60169078,100228.541744
1789347600000,0.00167,0.00169,0.001662,0.001686,60321779,100933.058087
1789351200000,0.001686,0.001711,0.001679,0.001696,70173785,119278.745397
1789354800000,0.001696,0.001707,0.001692,0.001696,34325358,58369.361914
1789358400000,0.001696,0.0017,0.001692,0.001694,53442640,90638.844429
1789362000000,0.001694,0.001699,0.001685,0.001699,34985292,59204.460012
1789365600000,0.001699,0.001725,0.001699,0.001715,116507293,199771.916207
1789369200000,0.001715,0.001719,0.001708,0.00171,34928176,59828.488804
1789372800000,0.00171,0.001716,0.0017,0.001705,81148610,138568.388183
1789376400000,0.001705,0.001733,0.001694,0.00172,106236860,181963.625661
1789380000000,0.00172,0.001742,0.001713,0.001722,73377442,126788.855699
1789383600000,0.001722,0.001725,0.001706,0.00171,65996912,113182.823315
1789387200000,0.00171,0.001723,0.001696,0.001698,47552468,81387.41974
1789390800000,0.001698,0.001716,0.001687,0.001702,67119065,113903.898911
1789394400000,0.001702,0.001722,0.001701,0.001707,99288439,169830.057792
1789398000000,0.001707,0.001722,0.001699,0.001716,90761106,155323.473785
1789401600000,0.001716,0.001738,0.001711,0.001732,44578768,76904.258875
1789405200000,0.001732,0.001752,0.001728,0.001749,68877164,119908.751776
1789408800000,0.001749,0.001762,0.001743,0.001752,78117466,136861.056147
1789412400000,0.001752,0.001752,0.001727,0.001735,50782073,88330.943612
1789416000000,0.001735,0.001761,0.001733,0.001734,48645086,84947.749024
1789419600000,0.001734,0.001735,0.001708,0.001717,162394070,278934.009732
1789423200000,0.001717,0.001724,0.001709,0.001711,48806826,83761.08269
1789426800000,0.001711,0.001711,0.001696,0.001702,24190789,41213.9519
1789430400000,0.001702,0.001705,0.001697,0.001702,34295061,58345.203951
1789434000000,0.001702,0.001707,0.001696,0.0017,24790698,42179.332641
1789437600000,0.0017,0.001701,0.001693,0.0017,23740921,40300.805953
1789441200000,0.0017,0.0017,0.001681,0.001687,34244317,57863.911529
1789444800000,0.001687,0.001692,0.001677,0.001685,63456019,106867.977089
1789448400000,0.001685,0.001694,0.001673,0.001691,56798098,95472.69864
1789452000000,0.001691,0.001693,0.001681,0.001684,35155001,59263.288185
1789455600000,0.001684,0.00169,0.00166,0.001663,116653714,194961.570275
1789459200000,0.001663,0.001686,0.001656,0.001681,78500300,131175.850143
1789462800000,0.001681,0.00169,0.001674,0.001683,43430575,73108.150433
1789466400000,0.001683,0.001689,0.001672,0.001684,49365777,82886.64243
1789470000000,0.001684,0.001692,0.00166,0.001672,73412374,122583.196911
1789473600000,0.001672,0.001693,0.00167,0.001687,72261159,121398.784714
1789477200000,0.001687,0.001688,0.001649,0.001677,234861231,392059.351144
1789480800000,0.001677,0.001682,0.001643,0.001662,180628354,300011.236255
1789484400000,0.001662,0.001687,0.00166,0.001669,85798249,143814.783456
1789488000000,0.001669,0.00168,0.00166,0.001673,68547366,114468.294078
1789491600000,0.001673,0.001691,0.001663,0.001679,53341831,89397.327159
1789495200000,0.001679,0.001689,0.001579,0.001643,622977997,1012679.235398
1789498800000,0.001643,0.001651,0.001629,0.001646,114569739,187817.87004
1789502400000,0.001646,0.00165,0.001612,0.001631,63799801,103706.079026
1789506000000,0.001631,0.001633,0.00161,0.001613,53785626,87254.663124
1789509600000,0.001613,0.001626,0.001607,0.001623,51568520,83370.573758
1789513200000,0.001623,0.001633,0.001621,0.001624,31956489,51952.523018
1789516800000,0.001624,0.001645,0.001621,0.001637,68339284,111892.400007
1789520400000,0.001637,0.001641,0.001611,0.001612,53845756,87647.121895
1789524000000,0.001612,0.001638,0.001612,0.001631,31562420,51198.626792
1789527600000,0.001631,0.001642,0.001631,0.001635,25423291,41563.836394
1789531200000,0.001635,0.00164,0.001629,0.001632,65531614,107171.94934
1789534800000,0.001632,0.001637,0.001624,0.001632,34844836,56848.179636
1789538400000,0.001632,0.001634,0.001625,0.001634,27092373,44152.792977
1789542000000,0.001634,0.001637,0.001609,0.001612,75954492,123091.210506
1789545600000,0.001612,0.001614,0.001598,0.001613,105717748,169752.713905
1789549200000,0.001613,0.001617,0.001609,0.001614,37007163,59690.993891
1789552800000,0.001614,0.001615,0.001606,0.001611,57523895,92608.610507
1789556400000,0.001611,0.001623,0.001608,0.001618,50117006,80844.694662
1789560000000,0.001618,0.001619,0.001595,0.001604,92036012,147665.633574
1789563600000,0.001604,0.001604,0.001589,0.001593,145474993,231972.806144
1789567200000,0.001593,0.001593,0.001576,0.001583,176172695,278889.16517
1789570800000,0.001583,0.001592,0.00157,0.001575,174167998,275582.364666
1789574400000,0.001575,0.001586,0.001572,0.00158,48362320,76340.68764
1789578000000,0.00158,0.001581,0.001558,0.00157,182200821,285641.450859
1789581600000,0.00157,0.001609,0.00155,0.001572,281185758,443761.39197
1789585200000,0.001572,0.001585,0.001552,0.001577,104262620,163610.329975
1789588800000,0.001577,0.001601,0.001576,0.001599,102330133,162584.806032
1789592400000,0.001599,0.001601,0.001583,0.001594,41623354,66326.901517
1789596000000,0.001594,0.001594,0.001578,0.00159,52407233,83045.595211
1789599600000,0.00159,0.001638,0.001586,0.001634,101308459,164260.199767
1789603200000,0.001634,0.001645,0.001632,0.001638,59237698,97147.510206
1789606800000,0.001638,0.00166,0.001634,0.001646,112971007,186443.728002
1789610400000,0.001646,0.001654,0.001636,0.001651,50043673,82350.921842
1789614000000,0.001651,0.00166,0.001648,0.001651,56909530,94095.349487
1789617600000,0.001651,0.001659,0.001642,0.001656,54867783,90434.218234
1789621200000,0.001656,0.00166,0.001645,0.001646,43329164,71619.000981
1789624800000,0.001646,0.001657,0.001645,0.001653,29186277,48148.417681
1789628400000,0.001653,0.001669,0.001653,0.001665,49385341,82136.307715
1789632000000,0.001665,0.001691,0.001664,0.001689,124012316,208051.463899
1789635600000,0.001689,0.001734,0.001678,0.001725,222487698,379566.777073
1789639200000,0.001725,0.001734,0.001708,0.001733,187557519,323092.38381
1789642800000,0.001733,0.001742,0.001715,0.001729,162552407,280998.172329
1789646400000,0.001729,0.00174,0.001719,0.00172,141480064,244689.631726
1789650000000,0.00172,0.001731,0.001701,0.001717,193783901,332417.144376
1789653600000,0.001717,0.001742,0.001707,0.001725,127712204,220779.799879
1789657200000,0.001725,0.001759,0.001719,0.001756,137625635,239133.050241
1789660800000,0.001756,0.001899,0.001755,0.001891,857216110,1566092.429092
1789664400000,0.001891,0.001908,0.001803,0.001804,576061792,1071680.230147
1789668000000,0.001804,0.001853,0.001804,0.001838,221985930,406604.77105
1789671600000,0.001838,0.00186,0.001832,0.001841,296368957,546125.853418
1789675200000,0.001841,0.001851,0.001813,0.001833,209484045,384045.001019
1789678800000,0.001833,0.001854,0.001821,0.001838,93014936,170802.739715
1789682400000,0.001838,0.001843,0.001815,0.001833,93124620,169983.913616
1789686000000,0.001833,0.001852,0.001827,0.001837,79537882,146468.459914
1789689600000,0.001837,0.001856,0.001822,0.001851,94905712,174638.72926
1789693200000,0.001851,0.001872,0.001836,0.001869,163528861,302679.08288
1789696800000,0.001869,0.001874,0.001852,0.001866,123708736,230621.557514
1789700400000,0.001866,0.001896,0.00186,0.001887,145274969,273280.61585
1789704000000,0.001887,0.001892,0.001862,0.001878,109357720,205054.006345
1789707600000,0.001878,0.001882,0.001861,0.001863,73341985,137434.644367
1789711200000,0.001863,0.001868,0.001845,0.001856,138467986,257298.560992
1789714800000,0.001856,0.001865,0.001852,0.001858,71015077,131902.776329
1789718400000,0.001858,0.001882,0.001845,0.00188,106809141,198999.873429
1789722000000,0.00188,0.001897,0.001777,0.001864,1356879488,2490143.171993
1789725600000,0.001864,0.001866,0.001833,0.001836,188304675,348682.027277
1789729200000,0.001836,0.001845,0.001819,0.001838,101194393,185274.62447
1789732800000,0.001838,0.00184,0.001815,0.001834,87828720,160615.056614
1789736400000,0.001834,0.001868,0.001826,0.001853,123256818,227630.704022
1789740000000,0.001853,0.001888,0.001844,0.001874,121012171,226064.246271
1789743600000,0.001874,0.001897,0.001859,0.001872,164713313,309364.408347
1789747200000,0.001872,0.001926,0.001868,0.001881,232130348,440367.04794
1789750800000,0.001881,0.001904,0.001874,0.001889,104438904,197500.955678
1789754400000,0.001889,0.0019,0.001878,0.001896,79939152,151027.303567
1789758000000,0.001896,0.001913,0.001895,0.001912,60105752,114518.075719
1789761600000,0.001912,0.001944,0.001902,0.001918,172587606,332253.745543
1789765200000,0.001918,0.001929,0.001905,0.001917,73599596,141037.465212
1789768800000,0.001917,0.00193,0.001912,0.001918,87660526,168411.05739
1789772400000,0.001918,0.001933,0.00191,0.001925,87706364,168505.084062
1789776000000,0.001925,0.001969,0.001923,0.00193,215040675,418036.644168
1789779600000,0.00193,0.001936,0.001897,0.001931,120351317,230719.231393
1789783200000,0.001931,0.001957,0.001921,0.001941,111488703,216524.998443
1789786800000,0.001941,0.001953,0.001906,0.001914,107485446,206780.741928
1789790400000,0.001914,0.001931,0.001901,0.001908,79055536,151417.186388
1789794000000,0.001908,0.001923,0.001868,0.001876,135888784,257172.977388
1789797600000,0.001876,0.001892,0.001864,0.001882,129702043,243349.716806
1789801200000,0.001882,0.001887,0.001866,0.001868,41205652,77320.508948
1789804800000,0.001868,0.001893,0.001864,0.001888,80361692,151038.627443
1789808400000,0.001888,0.001894,0.001872,0.001889,63688435,119976.997261
1789812000000,0.001889,0.001903,0.001878,0.001894,63261154,119694.897437
1789815600000,0.001894,0.001915,0.001891,0.001912,79529873,151520.210868
1789819200000,0.001912,0.001926,0.001909,0.001919,89747966,172289.427336
1789822800000,0.001919,0.001921,0.001895,0.001913,69434838,132333.212171
1789826400000,0.001913,0.00193,0.001908,0.00191,77095316,147853.197435
1789830000000,0.00191,0.001926,0.001892,0.001913,92190118,175567.024115
1789833600000,0.001913,0.00194,0.001902,0.001934,82113877,157751.432516
1789837200000,0.001934,0.001948,0.001923,0.001926,84893194,164117.813858
1789840800000,0.001926,0.001948,0.001917,0.001929,109812008,211933.869891
1789844400000,0.001929,0.001958,0.001916,0.001936,63917357,124034.2109
1789848000000,0.001936,0.00196,0.001926,0.001931,77616756,150707.351721
1789851600000,0.001931,0.001947,0.001894,0.001912,79339792,152105.730768
1789855200000,0.001912,0.001928,0.001892,0.001922,64809695,123652.738817
1789858800000,0.001922,0.001949,0.00192,0.001935,48200780,93249.828861
1789862400000,0.001935,0.001953,0.001924,0.001937,54781179,106137.849792
1789866000000,0.001937,0.001937,0.001914,0.001923,47236295,90863.5928
1789869600000,0.001923,0.001941,0.001853,0.001861,173207787,326243.953126
1789873200000,0.001861,0.001888,0.001848,0.001876,87591866,163591.907006
1789876800000,0.001876,0.001894,0.001865,0.001885,47561113,89423.770249
1789880400000,0.001885,0.001915,0.001874,0.001902,74304485,140828.035122
1789884000000,0.001902,0.001907,0.001872,0.001875,56877230,107524.548112
1789887600000,0.001875,0.001881,0.001859,0.00186,37187494,69575.708417
1789891200000,0.00186,0.001877,0.001842,0.00185,101581494,188228.803979
1789894800000,0.00185,0.001869,0.001845,0.001846,75164510,139612.252379
1789898400000,0.001846,0.00185,0.001827,0.001849,125345852,230851.790052
1789902000000,0.001849,0.001862,0.001846,0.001859,61680374,114450.808507
1789905600000,0.001859,0.001871,0.001843,0.00186,54418695,101118.755094
1789909200000,0.00186,0.001864,0.001841,0.001844,35078602,64934.857437
1789912800000,0.001844,0.001864,0.001844,0.001852,75276412,139807.882102
1789916400000,0.001852,0.001884,0.001852,0.001882,41110201,76813.124016
1789920000000,0.001882,0.00195,0.001882,0.001942,166305685,319617.55806
1789923600000,0.001942,0.001946,0.001915,0.001942,88458674,170951.909648
1789927200000,0.001942,0.001949,0.001914,0.001921,91716139,176850.717385
1789930800000,0.001921,0.00194,0.001918,0.001932,58212782,112225.229964
1789934400000,0.001932,0.001949,0.00193,0.001933,27058790,52480.236473
1789938000000,0.001933,0.001956,0.001895,0.001951,124453759,239341.531998
1789941600000,0.001951,0.001961,0.001932,0.001946,50600883,98707.821001
1789945200000,0.001946,0.001949,0.001933,0.001934,56330842,109364.265106
1789948800000,0.001934,0.001975,0.001934,0.001964,69446707,136129.132511
1789952400000,0.001964,0.001988,0.001922,0.001928,125285754,244806.273715
1789956000000,0.001928,0.001953,0.001922,0.001948,57415749,111281.201314
1789959600000,0.001948,0.001998,0.001947,0.001985,136155225,269676.233199
1789963200000,0.001985,0.002006,0.001958,0.001979,221152409,437878.325029
1789966800000,0.001979,0.00198,0.001959,0.001967,84555012,166318.064511
1789970400000,0.001967,0.001985,0.001953,0.001972,93069869,183272.606999
1789974000000,0.001972,0.00198,0.001955,0.001961,67244318,132201.146656
1789977600000,0.001961,0.002011,0.001957,0.002009,126540673,251540.985368
1789981200000,0.002009,0.002039,0.002001,0.002012,180152775,364181.959145
1789984800000,0.002012,0.002055,0.002006,0.002047,131053587,266987.770657
1789988400000,0.002047,0.002051,0.002033,0.002034,50787178,103746.548917
1789992000000,0.002034,0.002093,0.002026,0.002084,214029784,441988.620159
1789995600000,0.002084,0.002111,0.002045,0.002087,325539997,678456.067331
1789999200000,0.002087,0.002136,0.002041,0.002128,349467439,733199.206656
1790002800000,0.002128,0.002139,0.002082,0.002125,215215110,453447.870555
1790006400000,0.002125,0.002147,0.002091,0.002103,234089114,495406.871012
1790010000000,0.002103,0.002124,0.002074,0.00209,142044786,297581.083185
1790013600000,0.00209,0.002111,0.00208,0.002098,53404146,112216.51543
1790017200000,0.002098,0.002099,0.002065,0.002092,59714806,124154.557194
1790020800000,0.002092,0.002123,0.002078,0.002089,71560518,150188.064713
1790024400000,0.002089,0.002106,0.002058,0.002066,51758543,107704.367536
1790028000000,0.002066,0.002093,0.002066,0.002093,45227114,94094.728265
1790031600000,0.002093,0.002107,0.002072,0.002083,82799087,172881.099399
1790035200000,0.002083,0.002109,0.002076,0.002083,70934948,148457.806289
1790038800000,0.002083,0.002104,0.002067,0.002094,53993882,112627.658761
1790042400000,0.002094,0.002108,0.002073,0.00208,52403687,109527.195521
1790046000000,0.00208,0.002106,0.002072,0.002104,47542911,99344.313335
1790049600000,0.002104,0.002112,0.002071,0.002078,81549029,170548.103191
1790053200000,0.002078,0.002089,0.002033,0.002072,142144992,292359.894835
1790056800000,0.002072,0.002083,0.002057,0.002061,49738863,102898.954926
1790060400000,0.002061,0.002077,0.002054,0.002072,35200400,72694.844464
1790064000000,0.002072,0.002098,0.002051,0.002094,64669139,134110.862952
1790067600000,0.002094,0.002095,0.002063,0.002067,48142255,99818.177618
1790071200000,0.002067,0.002067,0.00203,0.002049,91740586,187586.469467
1790074800000,0.002049,0.002057,0.002033,0.002049,34635360,70939.436007
1790078400000,0.002049,0.00209,0.002041,0.00209,67971482,140500.79231
1790082000000,0.00209,0.002116,0.002077,0.002108,157961047,331673.563487
1790085600000,0.002108,0.002116,0.002048,0.002077,162790582,338753.471669
1790089200000,0.002077,0.002125,0.002076,0.002122,76608068,160751.027036
1790092800000,0.002122,0.002138,0.002093,0.00213,142887814,302996.939037
1790096400000,0.00213,0.002135,0.00211,0.002118,95804462,203147.962484
1790100000000,0.002118,0.002145,0.002116,0.002127,66151470,140912.74198
1790103600000,0.002127,0.002146,0.002117,0.002127,75855386,161714.070334
1790107200000,0.002127,0.00215,0.002114,0.00212,147548040,313858.541604
1790110800000,0.00212,0.002131,0.002104,0.00211,51363910,108725.301513
1790114400000,0.00211,0.00214,0.002094,0.002126,92069542,195229.101223
1790118000000,0.002126,0.002173,0.002125,0.002155,119148054,256376.821062
1790121600000,0.002155,0.002189,0.002136,0.002141,162366215,351312.414455
1790125200000,0.002141,0.002165,0.002129,0.002136,66807864,143352.675678
1790128800000,0.002136,0.002152,0.002125,0.002149,40210412,86024.29028
1790132400000,0.002149,0.002174,0.002141,0.002164,72569188,156650.619917
1790136000000,0.002164,0.002164,0.002141,0.002148,61681884,132774.228851
1790139600000,0.002148,0.002153,0.002128,0.002138,74165134,158709.750216
1790143200000,0.002138,0.002186,0.002135,0.00218,107887132,233475.661277
1790146800000,0.00218,0.002183,0.002141,0.002149,110550539,239071.107182
1790150400000,0.002149,0.002179,0.002121,0.002138,122523502,262931.588595
1790154000000,0.002138,0.002168,0.002132,0.002145,87013765,187187.308736
1790157600000,0.002145,0.002151,0.002108,0.002134,148936314,316721.181809
1790161200000,0.002134,0.002135,0.002091,0.002108,112966705,238328.998487
1790164800000,0.002108,0.002112,0.002081,0.002103,79764393,167389.016164
1790168400000,0.002103,0.002104,0.002071,0.002083,83458588,173913.947268
1790172000000,0.002083,0.002095,0.001926,0.001981,874026475,1733524.772892
1790175600000,0.001981,0.001992,0.001912,0.001916,332946350,646973.288054
1790179200000,0.001916,0.001942,0.001877,0.001915,319776969,610160.736428
1790182800000,0.001915,0.001927,0.00189,0.001917,140718743,268885.115628
1790186400000,0.001917,0.001919,0.001893,0.001903,83088971,158349.607038
1790190000000,0.001903,0.001911,0.001893,0.001897,78332802,148901.011452
1790193600000,0.001897,0.001908,0.001888,0.001895,121804294,231311.887499
1790197200000,0.001895,0.001924,0.001889,0.001907,78861596,150363.637815
1790200800000,0.001907,0.001925,0.001894,0.001901,51901077,98978.802545
1790204400000,0.001901,0.00191,0.001893,0.001904,33709546,64101.109496
1790208000000,0.001904,0.001914,0.001893,0.001898,24199208,46070.886164
1790211600000,0.001898,0.001911,0.001892,0.001896,30919174,58760.457438
1790215200000,0.001896,0.001951,0.001882,0.001946,92415462,176893.582645
1790218800000,0.001946,0.001951,0.001926,0.001931,38332464,74326.377323
1790222400000,0.001931,0.001972,0.001923,0.001969,61009020,118715.676902
1790226000000,0.001969,0.001993,0.001968,0.001983,73728855,146296.079148
1790229600000,0.001983,0.002017,0.001976,0.001999,86156776,172138.679809
1790233200000,0.001999,0.002002,0.001978,0.001993,81656907,162644.865649
1790236800000,0.001993,0.001996,0.001924,0.00194,171536569,334336.094177
1790240400000,0.00194,0.001945,0.001888,0.001903,206721786,394446.587193
1790244000000,0.001903,0.001918,0.001893,0.001918,112197636,213645.797023
1790247600000,0.001918,0.001926,0.001899,0.001906,85548005,163743.456735
1790251200000,0.001906,0.001931,0.001896,0.001925,99226462,190452.197211
1790254800000,0.001925,0.001972,0.001925,0.001971,98206073,191523.909161
1790258400000,0.001971,0.002052,0.001968,0.001993,300558022,604204.850745
1790262000000,0.001993,0.002029,0.001971,0.002018,114790114,229155.378794
1790265600000,0.002018,0.002053,0.002006,0.002031,135865746,276335.785821
1790269200000,0.002031,0.002035,0.001998,0.002008,61548428,124010.216768
1790272800000,0.002008,0.002021,0.00199,0.002017,88070437,176456.773703
1790276400000,0.002017,0.002038,0.002004,0.002028,53888858,108980.712686
1790280000000,0.002028,0.00203,0.002002,0.002011,49359031,99489.125957
1790283600000,0.002011,0.002032,0.002005,0.002017,29004255,58569.509363
1790287200000,0.002017,0.002018,0.00199,0.002001,59372984,118809.329003
1790290800000,0.002001,0.002009,0.001997,0.002001,11354441,22754.853814
1790294400000,0.002001,0.002017,0.001987,0.001997,56566260,113162.43343
1790298000000,0.001997,0.00203,0.001987,0.001996,84645809,170095.489863
1790301600000,0.001996,0.002017,0.001971,0.001982,112231263,222791.861997
1790305200000,0.001982,0.001998,0.001975,0.001992,39876147,79266.696041
1790308800000,0.001992,0.00203,0.001981,0.002015,66926702,134412.339061
1790312400000,0.002015,0.002023,0.001999,0.002012,43370651,87095.064142
1790316000000,0.002012,0.002041,0.002,0.002021,55649378,112562.03943
1790319600000,0.002021,0.002057,0.002007,0.002043,93410039,190351.80338
1790323200000,0.002043,0.002084,0.00204,0.002074,174021355,360265.589431
1790326800000,0.002074,0.002091,0.002059,0.002087,180943110,376430.150324
1790330400000,0.002087,0.002087,0.002067,0.002072,72305634,149970.428413
1790334000000,0.002072,0.00213,0.002072,0.002104,204815877,431999.449885
1790337600000,0.002104,0.002121,0.00207,0.002113,135447564,284516.780694
1790341200000,0.002113,0.002131,0.002056,0.002079,110442980,230952.909106
1790344800000,0.002079,0.002104,0.002039,0.002103,163140610,338522.526914
1790348400000,0.002103,0.002124,0.002076,0.002096,133649582,280441.30731
1790352000000,0.002096,0.002126,0.002089,0.002094,143257400,302561.859308
1790355600000,0.002094,0.002134,0.002093,0.002122,140911223,298214.965254
1790359200000,0.002122,0.00216,0.002118,0.00215,159765892,342038.029329
1790362800000,0.00215,0.002155,0.002123,0.002146,77665407,165869.855792
1790366400000,0.002146,0.00219,0.002144,0.002164,123517573,268167.725739
1790370000000,0.002164,0.002167,0.002126,0.002127,94935093,204298.729901
1790373600000,0.002127,0.002178,0.00212,0.002163,60745185,130795.449949
1790377200000,0.002163,0.002183,0.002152,0.002178,94798951,205353.699379
1790380800000,0.002178,0.00219,0.002146,0.002154,99254117,215101.370008
1790384400000,0.002154,0.002174,0.002147,0.002158,41877887,90575.092028
1790388000000,0.002158,0.002169,0.00214,0.002152,58306573,125540.343701
1790391600000,0.002152,0.002169,0.002131,0.002148,81860086,175734.568048
1790395200000,0.002148,0.002171,0.002145,0.002153,36830693,79509.44732
1790398800000,0.002153,0.002164,0.002142,0.002151,35784025,77031.811262
1790402400000,0.002151,0.002181,0.00214,0.002166,102674839,222010.601636
1790406000000,0.002166,0.002196,0.002163,0.002185,91656814,199973.098519
1790409600000,0.002185,0.002213,0.002172,0.0022,255282013,560350.317664
1790413200000,0.0022,0.002203,0.002149,0.002169,163995730,355719.772206
1790416800000,0.002169,0.002234,0.002169,0.002232,273831786,606063.339913
1790420400000,0.002232,0.002262,0.00219,0.002198,359399158,800360.644891
1790424000000,0.002198,0.002217,0.002176,0.002191,111995050,245856.776088
1790427600000,0.002191,0.002221,0.002177,0.00222,144146765,316503.458558
1790431200000,0.00222,0.002245,0.002207,0.002239,129694358,288488.503321
1790434800000,0.002239,0.002268,0.002233,0.002263,142663397,321627.911186
1790438400000,0.002263,0.002388,0.002255,0.002382,513236412,1194490.918057
1790442000000,0.002382,0.002393,0.002297,0.002305,509945173,1196175.906559
1790445600000,0.002305,0.002334,0.002286,0.002298,150143001,346067.817848
1790449200000,0.002298,0.002327,0.002269,0.002274,136875843,314318.072133
1790452800000,0.002274,0.00228,0.0022,0.002229,318992792,712729.97002
1790456400000,0.002229,0.002257,0.002223,0.002241,70761491,158370.414397
1790460000000,0.002241,0.002256,0.002238,0.002245,63288398,142219.300859
1790463600000,0.002245,0.002269,0.002243,0.002247,42077893,94831.972771
1790467200000,0.002247,0.002276,0.002235,0.002256,93749409,211268.713252
1790470800000,0.002256,0.002276,0.002246,0.002267,73693589,166741.431061
1790474400000,0.002267,0.002291,0.002253,0.002256,89869039,204317.813608
1790478000000,0.002256,0.002268,0.002239,0.002259,46889410,105705.991108
1790481600000,0.002259,0.002261,0.002225,0.002243,94204284,211003.722353
1790485200000,0.002243,0.002289,0.00224,0.002278,77435552,176206.511395
1790488800000,0.002278,0.00231,0.002268,0.002297,133411861,305351.808589
1790492400000,0.002297,0.002347,0.002294,0.002338,112185055,260600.056161
1790496000000,0.002338,0.002343,0.002297,0.002304,127847588,296121.3561
1790499600000,0.002304,0.002314,0.002272,0.002291,166661280,382430.005338
1790503200000,0.002291,0.002301,0.002281,0.002288,57734025,132351.77925
1790506800000,0.002288,0.002294,0.002271,0.002281,61042526,139175.917953
1790510400000,0.002281,0.002292,0.00226,0.002265,73132764,166611.818743
1790514000000,0.002265,0.002271,0.00224,0.002265,108181368,243898.120553
1790517600000,0.002265,0.002282,0.002256,0.002264,90568909,205608.094438
1790521200000,0.002264,0.002278,0.002239,0.002272,118697779,267876.191445
1790524800000,0.002272,0.002291,0.002267,0.002276,58658174,133720.593659
1790528400000,0.002276,0.002306,0.002272,0.002297,95686663,218906.193132
1790532000000,0.002297,0.002321,0.002294,0.002308,57519063,132655.17205
1790535600000,0.002308,0.002308,0.00229,0.0023,54806400,125901.338864
1790539200000,0.0023,0.002329,0.002296,0.002308,105669711,244677.789472
1790542800000,0.002308,0.002329,0.00228,0.002311,88693105,204312.124166
1790546400000,0.002311,0.002311,0.002252,0.002306,223665083,510499.734854
1790550000000,0.002306,0.002327,0.002282,0.002319,95015332,219294.795103
1790553600000,0.002319,0.002345,0.002287,0.002295,138182247,319660.5444
1790557200000,0.002295,0.002315,0.002269,0.002279,81187308,186307.778034
1790560800000,0.002279,0.002306,0.002243,0.002245,86389236,196460.961261
1790564400000,0.002245,0.002259,0.002189,0.002218,131170558,291259.040431
1790568000000,0.002218,0.002247,0.002198,0.002235,51239364,113855.77728
1790571600000,0.002235,0.002244,0.002166,0.002188,156318939,342917.55146
1790575200000,0.002188,0.002207,0.00215,0.002156,84140501,182794.377715
1790578800000,0.002156,0.002165,0.002125,0.002126,167476379,358575.175837
1790582400000,0.002126,0.002161,0.002121,0.002146,104637554,224393.614138
1790586000000,0.002146,0.00217,0.002117,0.002132,131834153,282132.865413
1790589600000,0.002132,0.002178,0.002132,0.002151,62224788,134259.4347
1790593200000,0.002151,0.002165,0.002139,0.002142,44759992,96388.195317
1790596800000,0.002142,0.002197,0.002128,0.002182,137222710,297346.706031
1790600400000,0.002182,0.002204,0.002163,0.002177,130358505,284247.931401
1790604000000,0.002177,0.002177,0.002092,0.002118,189202998,401706.491159
1790607600000,0.002118,0.002147,0.002084,0.002142,123307881,260808.76346
1790611200000,0.002142,0.002198,0.002134,0.002171,92309360,200262.621507
1790614800000,0.002171,0.002204,0.002141,0.002176,130616881,284387.884888
1790618400000,0.002176,0.002188,0.002141,0.002155,68715673,148717.62723
1790622000000,0.002155,0.002155,0.002092,0.002107,82078380,173465.765864
1790625600000,0.002107,0.002136,0.002093,0.002127,56955175,120580.608693
1790629200000,0.002127,0.002142,0.002097,0.002105,72177982,152738.086289
1790632800000,0.002105,0.002118,0.002087,0.002116,43886385,92168.601909
1790636400000,0.002116,0.002163,0.002116,0.002159,49455762,105982.448308
1790640000000,0.002159,0.002174,0.002148,0.002149,77571202,167759.962174
1790643600000,0.002149,0.002172,0.002094,0.002126,112864453,240229.087649
1790647200000,0.002126,0.002142,0.002097,0.002119,53600136,113364.986138
1790650800000,0.002119,0.002152,0.002116,0.002129,62049483,132378.661122
1790654400000,0.002129,0.00215,0.002114,0.002144,43236000,92335.793342
1790658000000,0.002144,0.002162,0.002121,0.002159,44638498,95743.464124
1790661600000,0.002159,0.002222,0.002159,0.002218,78117042,170946.595771
1790665200000,0.002218,0.002263,0.002208,0.002251,137868314,309672.875911
1790668800000,0.002251,0.002291,0.002231,0.002263,192090597,435836.28617
1790672400000,0.002263,0.002312,0.002247,0.002293,125973868,287446.294795
1790676000000,0.002293,0.002334,0.002291,0.002332,196552489,453885.752712
1790679600000,0.002332,0.002332,0.0023,0.002324,137814622,319347.292487
1790683200000,0.002324,0.002334,0.0023,0.002319,92248080,213589.357899
1790686800000,0.002319,0.002344,0.002309,0.002329,139765644,325246.178197
1790690400000,0.002329,0.002358,0.002314,0.002333,201391228,470634.663564
1790694000000,0.002333,0.002335,0.002251,0.002265,280529877,642169.23037
1790697600000,0.002265,0.002289,0.002232,0.002242,161941302,365949.868832
1790701200000,0.002242,0.002259,0.002221,0.002242,109698553,245381.87379
1790704800000,0.002242,0.002271,0.00224,0.002257,107626236,242546.516238
1790708400000,0.002257,0.002269,0.002218,0.002219,61419702,137684.29903
1790712000000,0.002219,0.002259,0.002216,0.002237,31418584,70351.620604
1790715600000,0.002237,0.002246,0.002219,0.002229,24651536,55049.585929
1790719200000,0.002229,0.002239,0.002205,0.002213,38839391,86115.843336
1790722800000,0.002213,0.002239,0.002196,0.002206,33967662,75190.987485
1790726400000,0.002206,0.002224,0.002191,0.002222,53150770,117083.100096
1790730000000,0.002222,0.00226,0.002219,0.002249,36743453,82474.522889
1790733600000,0.002249,0.002257,0.002221,0.002236,54286203,121697.591486
1790737200000,0.002236,0.002241,0.002213,0.002227,43046823,95759.137379
1790740800000,0.002227,0.002271,0.002225,0.00224,98917842,223088.495172
1790744400000,0.00224,0.002291,0.00224,0.002279,96915196,219928.151578
1790748000000,0.002279,0.00229,0.002244,0.002247,60433866,136584.362765
1790751600000,0.002247,0.002266,0.002234,0.002248,74362054,167421.721012
1790755200000,0.002248,0.002295,0.002236,0.002277,82905557,187911.328301
1790758800000,0.002277,0.002337,0.002275,0.002289,142564541,328386.622446
1790762400000,0.002289,0.002295,0.002267,0.002281,86412449,196735.967742
1790766000000,0.002281,0.002288,0.002256,0.002285,56608283,128679.710104
1790769600000,0.002285,0.002319,0.00226,0.002309,125065880,286386.318109
1790773200000,0.002309,0.002327,0.002254,0.00228,120647064,276186.732054
1790776800000,0.00228,0.002289,0.002228,0.002251,113211079,254947.488436
1790780400000,0.002251,0.002281,0.002239,0.00228,78393267,177267.473736
1790784000000,0.00228,0.00231,0.002278,0.002295,59242030,136215.710855
1790787600000,0.002295,0.002335,0.002293,0.002316,102329408,236918.870782
1790791200000,0.002316,0.002318,0.002254,0.002266,66785216,152283.215979
1790794800000,0.002266,0.002286,0.002257,0.00227,54145419,122964.442615
1790798400000,0.00227,0.002319,0.002267,0.002318,110061124,252748.832704
1790802000000,0.002318,0.002341,0.0023,0.002325,79132746,183699.493165
1790805600000,0.002325,0.002353,0.002297,0.002324,119899273,280004.936744
1790809200000,0.002324,0.002335,0.002309,0.002314,70187990,163012.571895
1790812800000,0.002314,0.00233,0.002301,0.002329,49071599,113589.93455
1790816400000,0.002329,0.00237,0.002298,0.002301,134487129,314589.662509
1790820000000,0.002301,0.002316,0.002285,0.00231,74529403,171301.248731
1790823600000,0.00231,0.002328,0.002289,0.002325,60370946,139335.719699
1790827200000,0.002325,0.002325,0.002286,0.002289,45121163,103817.452604
1790830800000,0.002289,0.0023,0.002284,0.0023,42653904,97757.342518
1790834400000,0.0023,0.002309,0.002291,0.002303,35355902,81267.483899
1790838000000,0.002303,0.002303,0.002251,0.002269,120144028,272700.462214
1790841600000,0.002269,0.002291,0.002256,0.002286,54032335,122789.640904
1790845200000,0.002286,0.002287,0.002255,0.002259,41196423,93566.309963
1790848800000,0.002259,0.002264,0.00223,0.002253,90610033,203718.280075
1790852400000,0.002253,0.002273,0.002241,0.002267,46965017,105967.667919
1790856000000,0.002267,0.00227,0.002248,0.002253,42391160,95624.961829
1790859600000,0.002253,0.002265,0.00223,0.002263,106779509,240055.468641
1790863200000,0.002263,0.00227,0.002221,0.002229,112449070,252188.341357
1790866800000,0.002229,0.002263,0.002225,0.002258,105417208,236572.139757
1790870400000,0.002258,0.002275,0.002239,0.002243,63371658,142865.408285
1790874000000,0.002243,0.002322,0.002243,0.002313,138737194,318643.669199
1790877600000,0.002313,0.002321,0.002299,0.002308,94500462,218244.183362
1790881200000,0.002308,0.002309,0.00227,0.002295,66258938,151478.762973
1790884800000,0.002295,0.002305,0.002279,0.002283,34724225,79644.098795
1790888400000,0.002283,0.002285,0.002251,0.002258,47142376,106774.755197
1790892000000,0.002258,0.002273,0.002247,0.002263,36471183,82276.439604
1790895600000,0.002263,0.002263,0.002246,0.002255,21206244,47766.635705
1790899200000,0.002255,0.002282,0.002252,0.002254,35449514,80441.387074
1790902800000,0.002254,0.002274,0.002241,0.002271,34180733,77101.294304
1790906400000,0.002271,0.002307,0.002271,0.002304,82292403,188860.625246
1790910000000,0.002304,0.002316,0.002289,0.002291,38141624,87783.299913
1790913600000,0.002291,0.002353,0.00228,0.002351,111789347,259430.587183
1790917200000,0.002351,0.002351,0.002314,0.002332,91208207,212905.376669
1790920800000,0.002332,0.002365,0.002331,0.002349,101360367,238064.307154
1790924400000,0.002349,0.002505,0.002349,0.002489,757155117,1846882.584408
1790928000000,0.002489,0.002589,0.002433,0.002514,811282559,2042544.660654
1790931600000,0.002514,0.002572,0.002492,0.002521,481373499,1220102.921117
1790935200000,0.002521,0.002533,0.002464,0.002517,372901122,932818.963572
1790938800000,0.002517,0.002626,0.002485,0.002617,492114946,1252733.767425
1790942400000,0.002617,0.002691,0.002554,0.002688,1059655367,2785767.878973
1790946000000,0.002688,0.002747,0.002629,0.002693,1130345264,3039174.070368
1790949600000,0.002693,0.002699,0.002569,0.002595,878403681,2313682.258329
1790953200000,0.002595,0.002608,0.002555,0.00259,391973990,1009677.777581
1790956800000,0.00259,0.002714,0.002582,0.002639,1151525772,3055013.699239
1790960400000,0.002639,0.002666,0.002577,0.002597,338531612,884936.865424
1790964000000,0.002597,0.002607,0.00242,0.002468,748518287,1868765.636435
1790967600000,0.002468,0.002539,0.00245,0.002537,280774810,700358.779224
1790971200000,0.002537,0.00256,0.002478,0.002486,290685797,733518.01931
1790974800000,0.002486,0.002588,0.002484,0.002582,233738516,594338.583485
1790978400000,0.002582,0.002625,0.00255,0.002618,241681870,626714.011884
1790982000000,0.002618,0.002663,0.002583,0.002654,276298980,725112.638379
1790985600000,0.002654,0.002694,0.002629,0.002672,488139868,1296682.977735
1790989200000,0.002672,0.002703,0.00261,0.002616,486086651,1294198.576507
1790992800000,0.002616,0.002711,0.002613,0.00268,405362117,1078141.255649
1790996400000,0.00268,0.002757,0.002565,0.002625,1259685149,3349005.37892
1791000000000,0.002625,0.002641,0.002567,0.002615,430217635,1120048.766804
1791003600000,0.002615,0.002715,0.002609,0.002659,707452838,1889305.275988
1791007200000,0.002659,0.002692,0.002616,0.002637,343953499,910670.818426
1791010800000,0.002637,0.002652,0.002524,0.002569,373555368,967391.018345
1791014400000,0.002569,0.002601,0.002544,0.002566,253421544,651766.506185
1791018000000,0.002566,0.00259,0.002515,0.002579,184720306,471734.728949
1791021600000,0.002579,0.002593,0.002491,0.00251,310607680,786758.268739
1791025200000,0.00251,0.002534,0.002505,0.002521,125988838,317755.146126
1791028800000,0.002521,0.002526,0.002494,0.002521,79888798,200437.279337
1791032400000,0.002521,0.002534,0.002509,0.00252,99994112,252040.007
1791036000000,0.00252,0.002543,0.002513,0.00253,102868312,260032.257862
1791039600000,0.00253,0.002548,0.0025,0.002512,139471293,352168.242259
1791043200000,0.002512,0.002541,0.002507,0.00252,83461327,210808.999821
1791046800000,0.00252,0.002525,0.002499,0.002513,48488250,121808.041767
1791050400000,0.002513,0.00252,0.002499,0.002505,41979037,105315.344121
1791054000000,0.002505,0.002519,0.002502,0.002513,44467136,111655.001212
1791057600000,0.002513,0.002532,0.002505,0.002522,72074852,181296.025016
1791061200000,0.002522,0.002558,0.00252,0.002524,190273341,483110.884907
1791064800000,0.002524,0.002527,0.002498,0.002514,102120632,256585.047864
1791068400000,0.002514,0.002519,0.0025,0.002509,41258831,103532.071464
1791072000000,0.002509,0.002528,0.002493,0.002525,62685019,157325.145408
1791075600000,0.002525,0.002541,0.002518,0.00252,66675802,168621.783099
1791079200000,0.00252,0.002529,0.002503,0.002513,46703797,117511.426384
1791082800000,0.002513,0.002536,0.002504,0.002525,81368931,205491.950386
1791086400000,0.002525,0.002581,0.002522,0.002577,180439845,461734.198967
1791090000000,0.002577,0.002614,0.002559,0.002585,159330840,412537.07795
1791093600000,0.002585,0.002662,0.002572,0.002662,248274337,651601.894099
1791097200000,0.002662,0.002744,0.002658,0.002664,411410165,1111482.614105
1791100800000,0.002664,0.002668,0.002608,0.002612,112710510,297041.434483
1791104400000,0.002612,0.002639,0.002565,0.002574,167853655,435415.960596
1791108000000,0.002574,0.002598,0.002571,0.002577,98840185,255369.811142
1791111600000,0.002577,0.002585,0.002545,0.002559,143212885,367066.482939
1791115200000,0.002559,0.002561,0.002508,0.002538,185337525,469302.305369
1791118800000,0.002538,0.002565,0.002533,0.002554,84039221,214438.294216
1791122400000,0.002554,0.002562,0.002522,0.002527,129223903,328387.635127
1791126000000,0.002527,0.002545,0.002517,0.002529,58631470,148143.873336
1791129600000,0.002529,0.002548,0.002528,0.00254,61947089,157224.732809
1791133200000,0.00254,0.002541,0.002522,0.002534,47191858,119448.15115
1791136800000,0.002534,0.002558,0.002533,0.002553,37822273,96346.650276
1791140400000,0.002553,0.00257,0.002547,0.002558,54995231,140779.740915
1791144000000,0.002558,0.002562,0.002528,0.00253,57442715,146183.484917
1791147600000,0.00253,0.00253,0.002488,0.002503,114802287,288401.021993
1791151200000,0.002503,0.002538,0.002503,0.002529,72297064,182504.029182
1791154800000,0.002529,0.002533,0.002514,0.002526,35155789,88689.223947
1791158400000,0.002526,0.002534,0.0025,0.002527,81030269,203881.503699
1791162000000,0.002527,0.002545,0.002513,0.002516,72008255,182154.259374
1791165600000,0.002516,0.002538,0.002505,0.002527,69446063,175141.004817
1791169200000,0.002527,0.002527,0.002496,0.002511,62680789,157444.215291
1791172800000,0.002511,0.00252,0.002464,0.002473,160934171,399445.786093
1791176400000,0.002473,0.002496,0.002462,0.00249,83688071,207444.958654
1791180000000,0.00249,0.002514,0.002482,0.002512,66748028,166699.398362
1791183600000,0.002512,0.002566,0.002509,0.00256,117142299,298230.329344
1791187200000,0.00256,0.00256,0.002508,0.002525,92745085,234833.237169
1791190800000,0.002525,0.00253,0.002506,0.002523,58393317,147057.627347
1791194400000,0.002523,0.002539,0.002511,0.002517,43922236,110779.88173
1791198000000,0.002517,0.002521,0.002497,0.002514,37440454,93833.407316
1791201600000,0.002514,0.002533,0.002499,0.002508,72415053,182082.343308
