timestamp,open,high,low,close,volume,turnover
1782172800000,0.04323,0.04339,0.04287,0.04339,849461.3,36641.125156
1782176400000,0.04339,0.04346,0.04292,0.04334,529179.9,22870.602064
1782180000000,0.04334,0.0435,0.04312,0.04345,306062.0,13268.06428
1782183600000,0.04345,0.04345,0.04317,0.04331,246226.3,10663.598067
1782187200000,0.04331,0.04342,0.04303,0.0431,295874.1,12791.493115
1782190800000,0.0431,0.04313,0.04273,0.04302,400991.7,17217.501185
1782194400000,0.04302,0.04304,0.04151,0.04196,3414915.7,143781.62858
1782198000000,0.04196,0.04211,0.04176,0.04195,640187.4,26851.657285
1782201600000,0.04195,0.04212,0.04062,0.04122,3730082.0,153786.626557
1782205200000,0.04122,0.0416,0.04121,0.04156,672269.8,27866.745838
1782208800000,0.04156,0.04171,0.04128,0.04132,1323300.8,54891.238623
1782212400000,0.04132,0.04167,0.0413,0.04132,919643.4,38161.730789
1782216000000,0.04132,0.04155,0.04099,0.04099,1254984.1,51876.532469
1782219600000,0.04099,0.04146,0.04089,0.04127,1394910.4,57237.747005
1782223200000,0.04127,0.04174,0.04107,0.04133,1002910.8,41566.419602
1782226800000,0.04133,0.0417,0.04125,0.04148,436899.9,18097.27285
1782230400000,0.04148,0.04168,0.04127,0.04129,395164.9,16389.147821
1782234000000,0.04129,0.0415,0.0412,0.04132,473828.4,19583.868498
1782237600000,0.04132,0.04167,0.04132,0.04163,413887.6,17197.71696
1782241200000,0.04163,0.04219,0.04157,0.04209,961495.0,40271.280096
1782244800000,0.04209,0.04221,0.04168,0.04175,386167.3,16182.366739
1782248400000,0.04175,0.04192,0.04174,0.04177,348872.2,14600.867342
1782252000000,0.04177,0.04196,0.04172,0.04174,335972.0,14059.961902
1782255600000,0.04174,0.04191,0.0416,0.04181,279029.4,11637.294679
1782259200000,0.04181,0.04228,0.04172,0.04208,516168.6,21692.286335
1782262800000,0.04208,0.04213,0.04185,0.04197,286403.9,12023.231559
1782266400000,0.04197,0.04211,0.04178,0.042,389859.1,16345.230142
1782270000000,0.042,0.04215,0.04183,0.04199,310791.4,13051.351623
1782273600000,0.04199,0.04207,0.0416,0.04197,168278.0,7041.171536
1782277200000,0.04197,0.04229,0.0419,0.04217,410633.5,17305.975105
1782280800000,0.04217,0.04227,0.04207,0.0422,314920.0,13281.758169
1782284400000,0.0422,0.04223,0.04195,0.04202,405241.1,17036.346902
1782288000000,0.04202,0.04207,0.04178,0.04179,337616.8,14153.443163
1782291600000,0.04179,0.04182,0.04162,0.04177,516170.5,21536.472138
1782295200000,0.04177,0.0418,0.04145,0.04167,582676.2,24236.679417
1782298800000,0.04167,0.04236,0.04148,0.04219,348056.7,14610.482855
1782302400000,0.04219,0.04224,0.04185,0.04188,282459.4,11883.668911
1782306000000,0.04188,0.04188,0.04099,0.04124,1157959.4,47764.952692
1782309600000,0.04124,0.04145,0.04109,0.04128,354766.7,14627.446294
1782313200000,0.04128,0.0413,0.04058,0.04063,545792.2,22329.678087
1782316800000,0.04063,0.04099,0.03917,0.03971,2374297.0,94727.161304
1782320400000,0.03971,0.03986,0.03916,0.03945,641116.1,25347.719809
1782324000000,0.03945,0.04017,0.03929,0.03974,1498571.4,59664.449371
1782327600000,0.03974,0.03994,0.03937,0.03989,2245598.1,89120.359909
1782331200000,0.03989,0.04037,0.0398,0.04031,1088820.3,43665.221547
1782334800000,0.04031,0.04034,0.03998,0.04018,175756.0,7054.518686
1782338400000,0.04018,0.04043,0.03999,0.04011,600623.9,24111.628555
1782342000000,0.04011,0.04023,0.04002,0.0402,847351.1,34003.698907
1782345600000,0.0402,0.0403,0.03982,0.03993,812227.2,32454.028386
1782349200000,0.03993,0.04015,0.03993,0.04008,195685.3,7841.119508
1782352800000,0.04008,0.04013,0.03976,0.03985,152631.8,6096.224223
1782356400000,0.03985,0.03993,0.03971,0.03978,272086.1,10830.962779
1782360000000,0.03978,0.04005,0.0396,0.04002,743643.3,29613.504695
1782363600000,0.04002,0.04027,0.0399,0.03993,1181930.8,47401.964278
1782367200000,0.03993,0.04006,0.03976,0.04,1251923.2,49984.610141
1782370800000,0.04,0.04002,0.03976,0.03993,1292695.3,51573.272648
1782374400000,0.03993,0.03993,0.03973,0.03977,764558.6,30437.330272
1782378000000,0.03977,0.03983,0.03934,0.0396,1764434.4,69919.926825
1782381600000,0.0396,0.03963,0.03934,0.0394,492716.8,19461.669557
1782385200000,0.0394,0.03951,0.03918,0.03948,346893.6,13656.060096
1782388800000,0.03948,0.03976,0.03906,0.03957,1153375.2,45413.394137
1782392400000,0.03957,0.03979,0.03716,0.03741,3841463.2,146812.50206
1782396000000,0.03741,0.03929,0.03741,0.03881,4561334.1,175096.45057
1782399600000,0.03881,0.03912,0.03854,0.0391,1031035.4,40073.034497
1782403200000,0.0391,0.03948,0.03854,0.0386,1514566.9,59090.018987
1782406800000,0.0386,0.03895,0.03847,0.03871,661026.0,25565.478913
1782410400000,0.03871,0.03877,0.03804,0.03819,887196.3,33935.154839
1782414000000,0.03819,0.03822,0.03796,0.03813,477249.4,18173.791775
1782417600000,0.03813,0.03852,0.03798,0.03799,1246857.8,47739.470245
1782421200000,0.03799,0.03834,0.03798,0.03832,502975.2,19142.958085
1782424800000,0.03832,0.03841,0.03736,0.03772,1564422.2,58979.14193
1782428400000,0.03772,0.03791,0.03725,0.03783,1822409.1,68583.730227
1782432000000,0.03783,0.03796,0.03745,0.03768,2422407.0,91296.239632
1782435600000,0.03768,0.03774,0.03685,0.03711,1912834.9,71049.854434
1782439200000,0.03711,0.03714,0.03625,0.03647,2998718.5,109646.358637
1782442800000,0.03647,0.03727,0.0362,0.03727,1097542.3,40371.15093
1782446400000,0.03727,0.03772,0.0371,0.03731,633662.6,23764.690099
1782450000000,0.03731,0.03769,0.03722,0.03762,351885.2,13187.761793
1782453600000,0.03762,0.03821,0.03745,0.03816,1008397.8,38182.066214
1782457200000,0.03816,0.03847,0.03815,0.03842,432860.6,16612.130222
1782460800000,0.03842,0.03845,0.03805,0.03822,490243.6,18712.451112
1782464400000,0.03822,0.03829,0.03787,0.03787,339160.7,12935.097345
1782468000000,0.03787,0.03791,0.03755,0.03761,606470.0,22883.957143
1782471600000,0.03761,0.03772,0.03728,0.03744,210535.6,7895.371193
1782475200000,0.03744,0.03852,0.03742,0.03772,4359157.5,165556.169423
1782478800000,0.03772,0.0386,0.03744,0.03855,1032852.8,39156.255444
1782482400000,0.03855,0.03885,0.03834,0.03857,976582.1,37720.434465
1782486000000,0.03857,0.0391,0.03845,0.03882,1201289.7,46565.212271
1782489600000,0.03882,0.03903,0.03847,0.03857,794598.8,30762.372428
1782493200000,0.03857,0.03887,0.03856,0.03868,768853.3,29801.919899
1782496800000,0.03868,0.03873,0.03838,0.03844,385731.0,14873.768012
1782500400000,0.03844,0.03869,0.03836,0.03839,499389.1,19256.455701
1782504000000,0.03839,0.03886,0.03839,0.03858,720676.8,27892.413743
1782507600000,0.03858,0.03884,0.03848,0.0385,349158.3,13489.724089
1782511200000,0.0385,0.03863,0.03832,0.03854,623185.7,23976.477179
1782514800000,0.03854,0.03857,0.03831,0.0384,429406.6,16503.368854
1782518400000,0.0384,0.03871,0.03832,0.03861,1044446.6,40243.101598
1782522000000,0.03861,0.03863,0.03845,0.0386,345348.2,13310.220818
1782525600000,0.0386,0.03878,0.03852,0.0387,310634.1,12010.049383
1782529200000,0.0387,0.03889,0.03855,0.0386,393418.6,15228.487852
1782532800000,0.0386,0.03922,0.03855,0.03878,1333112.4,51896.88958
1782536400000,0.03878,0.03911,0.03857,0.0391,523728.9,20285.765702
1782540000000,0.0391,0.03915,0.03877,0.03889,331780.5,12911.119457
1782543600000,0.03889,0.03891,0.03862,0.03863,444335.4,17232.392009
1782547200000,0.03863,0.03863,0.03826,0.03839,490331.1,18862.773311
1782550800000,0.03839,0.0387,0.03837,0.03849,363499.0,13996.685848
1782554400000,0.03849,0.03982,0.03846,0.03905,5492760.4,214974.319841
1782558000000,0.03905,0.03909,0.03869,0.03907,727611.1,28284.529908
1782561600000,0.03907,0.03918,0.03869,0.03876,713640.8,27779.52057
1782565200000,0.03876,0.03884,0.03862,0.03872,306283.3,11861.74724
1782568800000,0.03872,0.03897,0.03863,0.03881,487169.4,18921.60109
1782572400000,0.03881,0.03901,0.03873,0.03883,482854.3,18761.310658
1782576000000,0.03883,0.03887,0.03871,0.03872,250099.3,9702.812016
1782579600000,0.03872,0.03872,0.03787,0.03789,980992.6,37505.084041
1782583200000,0.03789,0.03805,0.03784,0.03798,534997.5,20306.859135
1782586800000,0.03798,0.0381,0.03762,0.03775,739077.9,27946.637655
1782590400000,0.03775,0.03777,0.03754,0.03768,458676.4,17268.316227
1782594000000,0.03768,0.03774,0.03737,0.03745,386016.4,14502.08366
1782597600000,0.03745,0.0376,0.03723,0.03758,473807.5,17740.148682
1782601200000,0.03758,0.03763,0.03738,0.0374,252464.1,9471.068859
1782604800000,0.0374,0.03771,0.03738,0.03763,224863.8,8450.711765
1782608400000,0.03763,0.03763,0.03748,0.03756,217378.3,8161.081735
1782612000000,0.03756,0.03764,0.03723,0.0373,482616.8,18064.058064
1782615600000,0.0373,0.03761,0.0373,0.03761,1188909.8,44540.366139
1782619200000,0.03761,0.03767,0.03733,0.03741,369756.0,13854.960161
1782622800000,0.03741,0.03752,0.03717,0.03728,347638.2,12986.688896
1782626400000,0.03728,0.0373,0.03697,0.03721,952883.7,35314.65734
1782630000000,0.03721,0.03732,0.03707,0.03722,1504153.3,55978.343218
1782633600000,0.03722,0.03748,0.03717,0.03736,774671.7,28880.531708
1782637200000,0.03736,0.03737,0.03691,0.03698,828921.9,30800.100874
1782640800000,0.03698,0.0372,0.03698,0.03708,338901.3,12581.486992
1782644400000,0.03708,0.03735,0.03701,0.03732,462410.3,17208.028413
1782648000000,0.03732,0.03749,0.03727,0.0373,547880.3,20477.896384
1782651600000,0.0373,0.03732,0.03697,0.03699,807147.1,29937.175277
1782655200000,0.03699,0.03722,0.03695,0.037,391908.6,14536.885655
1782658800000,0.037,0.03719,0.03689,0.03701,601477.2,22268.658563
1782662400000,0.03701,0.03705,0.03667,0.03673,1039217.3,38256.800967
1782666000000,0.03673,0.03682,0.0365,0.03666,858970.4,31505.283329
1782669600000,0.03666,0.03666,0.03639,0.0365,918006.8,33478.066361
1782673200000,0.0365,0.03672,0.03526,0.0357,11846817.9,423037.211439
1782676800000,0.0357,0.03593,0.03557,0.0356,2391247.5,85455.762048
1782680400000,0.0356,0.03563,0.0349,0.03508,5481562.8,192894.455337
1782684000000,0.03508,0.03542,0.0348,0.03512,1705440.6,59856.320706
1782687600000,0.03512,0.0356,0.03503,0.03539,466524.8,16476.24512
1782691200000,0.03539,0.03557,0.03503,0.03539,892169.4,31529.980602
1782694800000,0.03539,0.03544,0.03513,0.03522,490786.6,17308.513889
1782698400000,0.03522,0.03553,0.03491,0.03551,1169136.3,41154.811337
1782702000000,0.03551,0.03584,0.03549,0.03562,530753.2,18926.659551
1782705600000,0.03562,0.03572,0.03507,0.0351,966062.3,34232.717344
1782709200000,0.0351,0.03519,0.03471,0.03513,1483407.9,51761.323436
1782712800000,0.03513,0.03534,0.03504,0.03521,812600.1,28601.744284
1782716400000,0.03521,0.03523,0.03494,0.03506,622288.8,21844.526885
1782720000000,0.03506,0.03522,0.03492,0.03522,906047.3,31774.504511
1782723600000,0.03522,0.03543,0.03517,0.0354,887449.8,31343.979858
1782727200000,0.0354,0.03554,0.03531,0.03538,386277.8,13697.92626
1782730800000,0.03538,0.03542,0.03513,0.03518,907929.1,32015.286089
1782734400000,0.03518,0.03589,0.03503,0.03542,958196.7,34082.423208
1782738000000,0.03542,0.03567,0.03508,0.03526,1070716.4,37905.024869
1782741600000,0.03526,0.03546,0.03497,0.03546,964080.7,33888.871567
1782745200000,0.03546,0.03568,0.03517,0.03549,642123.6,22738.038356
1782748800000,0.03549,0.03571,0.03537,0.03561,656412.5,23312.513864
1782752400000,0.03561,0.03631,0.03556,0.03576,1195158.5,42957.702572
1782756000000,0.03576,0.03581,0.03532,0.0354,1017280.8,36130.891601
1782759600000,0.0354,0.03541,0.03518,0.03523,429191.8,15143.857013
1782763200000,0.03523,0.03531,0.0349,0.03493,1360157.7,47653.613699
1782766800000,0.03493,0.03512,0.03477,0.03507,336951.4,11756.340488
1782770400000,0.03507,0.03509,0.03486,0.03497,656346.5,22946.216352
1782774000000,0.03497,0.03514,0.03481,0.03503,648682.8,22706.457361
1782777600000,0.03503,0.03507,0.03427,0.03437,2631915.4,90902.709183
1782781200000,0.03437,0.03475,0.03421,0.03475,498652.6,17193.704087
1782784800000,0.03475,0.03501,0.03465,0.03486,833076.3,29043.306596
1782788400000,0.03486,0.03524,0.03486,0.03493,768744.9,26948.470652
1782792000000,0.03493,0.03507,0.03478,0.03485,850882.5,29699.169632
1782795600000,0.03485,0.03501,0.03472,0.03492,474164.2,16513.046581
1782799200000,0.03492,0.03511,0.0349,0.03491,209639.3,7329.413243
1782802800000,0.03491,0.03493,0.03469,0.03483,417457.6,14537.253575
1782806400000,0.03483,0.03484,0.03459,0.03475,616978.0,21425.151989
1782810000000,0.03475,0.03487,0.0346,0.03483,228316.0,7939.108477
1782813600000,0.03483,0.03489,0.0347,0.03475,518318.8,18023.553845
1782817200000,0.03475,0.03494,0.0347,0.03472,471713.0,16434.668986
1782820800000,0.03472,0.03498,0.0344,0.03474,1087597.0,37680.813421
1782824400000,0.03474,0.03574,0.03473,0.03493,6110237.1,215683.227102
1782828000000,0.03493,0.03567,0.03486,0.03535,2632209.2,93003.272991
1782831600000,0.03535,0.0357,0.035,0.03504,2387518.7,84399.584118
1782835200000,0.03504,0.0353,0.03491,0.03518,1417036.4,49723.699717
1782838800000,0.03518,0.03529,0.03505,0.03508,706379.2,24827.39502
1782842400000,0.03508,0.03556,0.03499,0.03549,726333.9,25568.926705
1782846000000,0.03549,0.03549,0.03506,0.03514,838060.5,29572.98653
1782849600000,0.03514,0.03523,0.03493,0.03499,492573.6,17274.800338
1782853200000,0.03499,0.03556,0.03484,0.03552,991332.6,34929.069378
1782856800000,0.03552,0.03578,0.03515,0.03515,2427905.9,86056.238906
1782860400000,0.03515,0.0353,0.03501,0.03521,557036.5,19594.823931
1782864000000,0.03521,0.03522,0.03487,0.0349,964149.1,33737.774131
1782867600000,0.0349,0.03522,0.03409,0.03512,3258595.5,112695.548075
1782871200000,0.03512,0.03554,0.0351,0.03533,906977.7,32025.711452
1782874800000,0.03533,0.03566,0.03527,0.03566,808339.6,28693.404813
1782878400000,0.03566,0.03586,0.03554,0.03576,1143811.6,40835.359503
1782882000000,0.03576,0.03582,0.03558,0.03561,763462.9,27270.008496
1782885600000,0.03561,0.03644,0.03554,0.03585,4997571.4,180211.398098
1782889200000,0.03585,0.03666,0.03579,0.03639,4296734.8,155813.581355
1782892800000,0.03639,0.03811,0.03636,0.03798,22184578.8,829437.776374
1782896400000,0.03798,0.03892,0.03737,0.03763,15440151.3,588491.735638
1782900000000,0.03763,0.03815,0.03715,0.03784,7788340.3,292873.349042
1782903600000,0.03784,0.0384,0.03659,0.03703,13631354.1,510848.660306
1782907200000,0.03703,0.03762,0.03683,0.03693,8495090.0,315986.684644
1782910800000,0.03693,0.03779,0.03687,0.03776,5265928.5,196954.95013
1782914400000,0.03776,0.03813,0.03751,0.0381,2705160.3,102215.823794
1782918000000,0.0381,0.03831,0.03783,0.03828,2394773.1,91144.271174
1782921600000,0.03828,0.03841,0.03772,0.03784,2637044.8,100032.396747
1782925200000,0.03784,0.03792,0.03748,0.03749,1674502.9,63110.889517
1782928800000,0.03749,0.0375,0.03688,0.03711,1922352.5,71525.922921
1782932400000,0.03711,0.03737,0.03698,0.03714,955928.7,35538.9029
1782936000000,0.03714,0.03719,0.03689,0.03703,935899.5,34639.934526
1782939600000,0.03703,0.03779,0.03698,0.03778,1256499.2,47024.479229
1782943200000,0.03778,0.03821,0.03769,0.0379,3234613.1,122671.23226
1782946800000,0.0379,0.03793,0.03732,0.03752,874475.9,32916.10617
1782950400000,0.03752,0.0376,0.03716,0.03731,1313023.7,48997.056959
1782954000000,0.03731,0.03882,0.03731,0.03858,5704933.6,218602.012629
1782957600000,0.03858,0.03872,0.03817,0.03821,2354380.1,90345.375421
1782961200000,0.03821,0.03863,0.03794,0.03853,2410703.2,92185.248906
1782964800000,0.03853,0.03939,0.03809,0.03912,3197223.5,123827.581981
1782968400000,0.03912,0.03965,0.03884,0.03949,5514625.8,216726.876757
1782972000000,0.03949,0.03992,0.03914,0.03939,3763799.2,148921.970313
1782975600000,0.03939,0.04028,0.03922,0.04026,3902328.8,155219.793848
1782979200000,0.04026,0.0403,0.03962,0.0398,2632411.0,105206.283958
1782982800000,0.0398,0.04075,0.03883,0.04027,6821319.3,271547.457041
1782986400000,0.04027,0.04049,0.03967,0.03967,2068419.8,82929.948763
1782990000000,0.03967,0.03986,0.03931,0.03949,1674849.8,66424.0546
1782993600000,0.03949,0.03966,0.03924,0.0395,1280153.3,50487.518729
1782997200000,0.0395,0.03983,0.03919,0.0394,1441715.2,56982.493729
1783000800000,0.0394,0.03947,0.03894,0.03922,1720381.3,67408.383792
1783004400000,0.03922,0.03926,0.03887,0.0389,987509.5,38536.383381
1783008000000,0.0389,0.03896,0.03863,0.03875,1593116.2,61794.571747
1783011600000,0.03875,0.03893,0.03865,0.03885,835695.7,32434.38204
1783015200000,0.03885,0.03885,0.03866,0.0387,452209.6,17522.437184
1783018800000,0.0387,0.03876,0.03849,0.03859,847971.6,32740.477359
1783022400000,0.03859,0.03881,0.03848,0.03855,674860.9,26074.134834
1783026000000,0.03855,0.03869,0.03847,0.03859,457437.2,17663.243292
1783029600000,0.03859,0.03885,0.03835,0.03864,1243806.0,47986.423367
1783033200000,0.03864,0.03963,0.03853,0.03903,3776034.6,147635.879573
1783036800000,0.03903,0.03908,0.0386,0.0389,1744991.1,67738.935983
1783040400000,0.0389,0.039,0.03877,0.039,1494538.2,58087.119275
1783044000000,0.039,0.03928,0.03871,0.03891,2823973.4,110071.476692
1783047600000,0.03891,0.03901,0.03871,0.03878,2344876.3,91099.393345
1783051200000,0.03878,0.03901,0.03871,0.03885,1181293.2,45857.729149
1783054800000,0.03885,0.03911,0.03874,0.039,1868413.6,72815.951917
1783058400000,0.039,0.0393,0.03896,0.03923,2859952.0,111991.50114
1783062000000,0.03923,0.03927,0.03896,0.03901,1358036.4,53088.583529
1783065600000,0.03901,0.03905,0.03876,0.03894,1574353.3,61268.929484
1783069200000,0.03894,0.03902,0.03878,0.039,495963.6,19302.268132
1783072800000,0.039,0.03927,0.03897,0.03903,1778318.8,69554.819134
1783076400000,0.03903,0.03911,0.0389,0.03904,1194475.0,46614.388043
1783080000000,0.03904,0.03924,0.03888,0.03901,2699774.8,105205.27883
1783083600000,0.03901,0.03908,0.0388,0.03895,1064597.1,41398.283643
1783087200000,0.03895,0.03895,0.03867,0.03879,1601199.8,62126.374241
1783090800000,0.03879,0.03905,0.03842,0.03848,4673886.3,180325.036423
1783094400000,0.03848,0.03863,0.03846,0.03854,882981.9,34038.818419
1783098000000,0.03854,0.03891,0.03852,0.03882,595541.6,23052.630279
1783101600000,0.03882,0.039,0.03866,0.0389,622206.9,24166.280093
1783105200000,0.0389,0.03967,0.03886,0.03912,1219891.2,47897.02628
1783108800000,0.03912,0.03976,0.0391,0.03946,1622119.0,63938.841792
1783112400000,0.03946,0.04019,0.03935,0.04008,1401885.6,55820.595252
1783116000000,0.04008,0.04014,0.0394,0.03946,1609315.3,63833.588124
1783119600000,0.03946,0.03956,0.03924,0.03949,995720.0,39236.861762
1783123200000,0.03949,0.03958,0.03921,0.03934,1520885.2,59882.13013
1783126800000,0.03934,0.03937,0.03891,0.03899,1019232.3,39793.017794
1783130400000,0.03899,0.03927,0.03893,0.03898,856644.5,33480.852125
1783134000000,0.03898,0.03918,0.0389,0.03896,762894.1,29786.308124
1783137600000,0.03896,0.039,0.0388,0.03885,1012761.1,39375.727102
1783141200000,0.03885,0.03886,0.03863,0.03865,644186.4,24938.846835
1783144800000,0.03865,0.03874,0.0384,0.0386,2143357.2,82711.860601
1783148400000,0.0386,0.03862,0.03836,0.03844,755682.7,29095.835193
1783152000000,0.03844,0.03846,0.03835,0.03839,451800.8,17349.840873
1783155600000,0.03839,0.03855,0.03818,0.03843,3108980.2,119159.599803
1783159200000,0.03843,0.03843,0.03797,0.03816,2321909.8,88461.061521
1783162800000,0.03816,0.03847,0.03806,0.03846,917624.8,35104.386499
1783166400000,0.03846,0.03913,0.03846,0.0389,2419608.3,93885.544205
1783170000000,0.0389,0.039,0.03867,0.0388,1022993.7,39716.494287
1783173600000,0.0388,0.03916,0.0388,0.03905,1728155.4,67340.469419
1783177200000,0.03905,0.03947,0.03901,0.03943,1275902.8,50049.625401
1783180800000,0.03943,0.03983,0.03938,0.03952,1915174.8,75816.004656
1783184400000,0.03952,0.04002,0.03945,0.03996,1712418.8,68249.044578
1783188000000,0.03996,0.04051,0.03982,0.04019,1699699.4,68265.566543
1783191600000,0.04019,0.04024,0.03957,0.0396,2109329.0,83974.125746
1783195200000,0.0396,0.03964,0.03927,0.03941,340080.3,13417.999235
1783198800000,0.03941,0.03964,0.03936,0.03946,791451.5,31213.070375
1783202400000,0.03946,0.03959,0.03914,0.03959,614181.0,24163.985839
1783206000000,0.03959,0.03962,0.03905,0.03933,1216558.2,47913.071121
1783209600000,0.03933,0.04017,0.03923,0.03953,2661136.2,105553.307221
1783213200000,0.03953,0.03966,0.03905,0.03917,1494672.1,58708.971692
1783216800000,0.03917,0.03917,0.03869,0.0387,1175416.1,45676.57684
1783220400000,0.0387,0.03881,0.03847,0.03851,907223.1,35058.786843
1783224000000,0.03851,0.03865,0.03839,0.03839,983333.3,37880.261992
1783227600000,0.03839,0.03844,0.03796,0.03815,778956.5,29731.19882
1783231200000,0.03815,0.03819,0.03796,0.03816,534154.6,20325.619432
1783234800000,0.03816,0.03843,0.03802,0.03843,953457.6,36378.118508
1783238400000,0.03843,0.03843,0.03808,0.03811,346489.2,13253.61702
1783242000000,0.03811,0.03821,0.03774,0.03777,1287630.1,48839.975529
1783245600000,0.03777,0.03777,0.0375,0.03753,1604281.5,60336.096923
1783249200000,0.03753,0.03771,0.03752,0.03761,980517.6,36852.662906
1783252800000,0.03761,0.03776,0.03743,0.03767,1136259.4,42756.737124
1783256400000,0.03767,0.03779,0.03758,0.03768,585601.7,22078.773413
1783260000000,0.03768,0.03879,0.03762,0.03824,2439742.3,93043.578034
1783263600000,0.03824,0.03845,0.03804,0.03807,742208.8,28357.602614
1783267200000,0.03807,0.03824,0.03797,0.03819,462778.8,17624.275504
1783270800000,0.03819,0.03851,0.03818,0.0385,1097936.3,42090.844488
1783274400000,0.0385,0.03857,0.03843,0.03851,917565.5,35338.74473
1783278000000,0.03851,0.03865,0.03838,0.0384,753347.2,29003.449397
1783281600000,0.0384,0.03849,0.03818,0.03823,723621.5,27730.472046
1783285200000,0.03823,0.03845,0.03804,0.03833,550380.8,21046.281901
1783288800000,0.03833,0.03871,0.03822,0.03836,1891117.1,72765.789574
1783292400000,0.03836,0.03849,0.03816,0.03827,433994.2,16629.957409
1783296000000,0.03827,0.03829,0.03776,0.03798,830229.4,31522.314068
1783299600000,0.03798,0.03812,0.03772,0.03776,518064.5,19659.917904
1783303200000,0.03776,0.03777,0.03747,0.03756,617801.0,23238.378366
1783306800000,0.03756,0.03756,0.03719,0.03743,1016781.8,37954.382764
1783310400000,0.03743,0.03743,0.03721,0.03723,562069.6,20978.058786
1783314000000,0.03723,0.03724,0.03689,0.03724,1268017.1,46983.274783
1783317600000,0.03724,0.03724,0.03697,0.03702,496868.2,18411.650457
1783321200000,0.03702,0.03715,0.03691,0.03709,690490.2,25564.928725
1783324800000,0.03709,0.03721,0.03696,0.03701,344509.9,12780.623915
1783328400000,0.03701,0.03705,0.03678,0.03704,524710.0,19367.527963
1783332000000,0.03704,0.03735,0.03702,0.0373,356723.1,13265.106209
1783335600000,0.0373,0.03732,0.03692,0.03694,983633.0,36474.961839
1783339200000,0.03694,0.03694,0.03609,0.03638,3879035.6,141366.061716
1783342800000,0.03638,0.03686,0.03611,0.03674,1732845.4,63142.684001
1783346400000,0.03674,0.03698,0.03659,0.03676,618250.6,22730.701662
1783350000000,0.03676,0.03741,0.03676,0.03733,1009010.3,37393.087882
1783353600000,0.03733,0.03779,0.03729,0.0376,1217793.6,45794.574815
1783357200000,0.0376,0.03774,0.03735,0.03753,1706641.3,64039.86174
1783360800000,0.03753,0.03778,0.03746,0.03769,553937.0,20833.876016
1783364400000,0.03769,0.03834,0.03752,0.03776,2501698.6,94897.082259
1783368000000,0.03776,0.03784,0.03757,0.03761,731203.9,27554.167425
1783371600000,0.03761,0.03878,0.03758,0.0385,2508618.1,95958.170071
1783375200000,0.0385,0.03854,0.03796,0.03798,1076678.1,41243.76361
1783378800000,0.03798,0.03803,0.03776,0.03786,333706.7,12643.187231
1783382400000,0.03786,0.03793,0.03761,0.03766,551359.3,20846.509664
1783386000000,0.03766,0.03769,0.03726,0.03733,765982.4,28643.568362
1783389600000,0.03733,0.0374,0.03698,0.03706,744346.9,27667.431486
1783393200000,0.03706,0.03733,0.0369,0.03708,778745.7,28905.443933
1783396800000,0.03708,0.03736,0.03707,0.03732,740631.2,27546.545583
1783400400000,0.03732,0.03735,0.03694,0.03717,641409.2,23803.040904
1783404000000,0.03717,0.03723,0.03697,0.03712,1290077.8,47879.770135
1783407600000,0.03712,0.03724,0.0368,0.03681,816528.8,30276.630905
1783411200000,0.03681,0.03688,0.03657,0.03666,786693.9,28873.795006
1783414800000,0.03666,0.03692,0.03663,0.03682,709085.1,26094.580851
1783418400000,0.03682,0.03687,0.03665,0.03666,805414.1,29608.591319
1783422000000,0.03666,0.03682,0.03658,0.03676,689728.4,25293.042017
1783425600000,0.03676,0.03708,0.0367,0.03676,913561.0,33731.17065
1783429200000,0.03676,0.03679,0.03653,0.03668,863815.2,31669.302772
1783432800000,0.03668,0.03696,0.03626,0.03687,2357302.0,86026.532909
1783436400000,0.03687,0.03742,0.03675,0.03729,869299.4,32263.421563
1783440000000,0.03729,0.03767,0.0372,0.03728,809431.4,30268.225987
1783443600000,0.03728,0.03752,0.03714,0.03744,454962.6,17002.647914
1783447200000,0.03744,0.03748,0.0367,0.03674,1863087.4,69097.231105
1783450800000,0.03674,0.03674,0.03644,0.03651,1117241.2,40832.667033
1783454400000,0.03651,0.03659,0.0363,0.03635,1565403.4,57025.58205
1783458000000,0.03635,0.03648,0.03605,0.03619,1716398.9,62182.357746
1783461600000,0.03619,0.0363,0.03562,0.03617,3401674.0,122418.578685
1783465200000,0.03617,0.03644,0.03617,0.03644,670879.2,24395.942935
1783468800000,0.03644,0.03689,0.03636,0.03657,1789726.6,65449.786562
1783472400000,0.03657,0.03663,0.03587,0.03607,1629948.3,59015.953202
1783476000000,0.03607,0.03613,0.03575,0.03601,906016.6,32573.944097
1783479600000,0.03601,0.03645,0.03601,0.03618,660341.7,23931.496381
1783483200000,0.03618,0.03633,0.03606,0.03622,466517.0,16886.843235
1783486800000,0.03622,0.0368,0.03621,0.03656,1236500.1,45091.8218
1783490400000,0.03656,0.03669,0.03626,0.03649,2169103.3,79118.677142
1783494000000,0.03649,0.03734,0.03647,0.03721,6453006.3,238671.886599
1783497600000,0.03721,0.03742,0.03619,0.03624,6631604.6,244028.92802
1783501200000,0.03624,0.03632,0.03603,0.03611,623149.2,22547.737139
1783504800000,0.03611,0.03672,0.03598,0.03637,1788027.4,65021.588137
1783508400000,0.03637,0.03691,0.03634,0.03679,3023687.5,110812.010547
1783512000000,0.03679,0.03698,0.0367,0.0367,1916623.9,70620.491561
1783515600000,0.0367,0.0374,0.03657,0.03719,6226989.3,230951.449112
1783519200000,0.03719,0.0373,0.03679,0.03718,2313855.8,85885.352246
1783522800000,0.03718,0.03771,0.03691,0.03699,4786512.6,178535.370151
1783526400000,0.03699,0.03737,0.03692,0.0373,1190036.4,44165.418327
1783530000000,0.0373,0.03742,0.0369,0.03691,1902282.9,70960.062374
1783533600000,0.03691,0.03704,0.03667,0.03676,1143507.3,42093.308792
1783537200000,0.03676,0.03685,0.03665,0.03674,416547.7,15308.536177
1783540800000,0.03674,0.03694,0.03652,0.03656,1236381.2,45358.935647
1783544400000,0.03656,0.03657,0.03637,0.03653,1459018.9,53223.401253
1783548000000,0.03653,0.03667,0.0365,0.03657,466873.7,17082.753516
1783551600000,0.03657,0.03663,0.0364,0.03649,465679.1,16989.787835
1783555200000,0.03649,0.03652,0.03618,0.03627,959858.6,34880.32367
1783558800000,0.03627,0.03694,0.03614,0.03679,1673087.4,61198.53786
1783562400000,0.03679,0.03695,0.03664,0.03679,1004951.5,37028.549304
1783566000000,0.03679,0.03687,0.03659,0.03672,489923.8,17997.025161
1783569600000,0.03672,0.03707,0.03668,0.03689,1085406.8,40015.395314
1783573200000,0.03689,0.03689,0.03663,0.0368,819752.4,30143.166945
1783576800000,0.0368,0.037,0.0367,0.0369,583234.8,21493.474411
1783580400000,0.0369,0.03701,0.03663,0.03677,538759.0,19828.402246
1783584000000,0.03677,0.037,0.03676,0.0368,381610.4,14077.282178
1783587600000,0.0368,0.03701,0.03676,0.03699,355562.2,13108.735482
1783591200000,0.03699,0.03719,0.03688,0.03688,408524.5,15125.048783
1783594800000,0.03688,0.03701,0.03683,0.03691,449807.4,16593.898646
1783598400000,0.03691,0.03696,0.03669,0.03676,886817.2,32691.974614
1783602000000,0.03676,0.03698,0.03655,0.03692,993435.6,36553.638783
1783605600000,0.03692,0.03694,0.03647,0.03656,817074.0,29939.568937
1783609200000,0.03656,0.03666,0.03631,0.03635,1130213.6,41265.749376
1783612800000,0.03635,0.03665,0.03629,0.03644,952224.7,34747.496325
1783616400000,0.03644,0.03672,0.03636,0.03653,531523.0,19399.453705
1783620000000,0.03653,0.03675,0.03653,0.03662,599324.4,21982.795958
1783623600000,0.03662,0.03662,0.03645,0.03653,569129.9,20782.360939
1783627200000,0.03653,0.03677,0.0365,0.03676,513032.6,18806.095331
1783630800000,0.03676,0.03698,0.03657,0.03697,297794.8,10943.585291
1783634400000,0.03697,0.03713,0.03678,0.03678,1265621.3,46792.455165
1783638000000,0.03678,0.03693,0.03647,0.03682,940663.8,34553.16703
1783641600000,0.03682,0.037,0.03669,0.03686,1259670.7,46430.716884
1783645200000,0.03686,0.03848,0.03686,0.0383,7110117.5,268396.736455
1783648800000,0.0383,0.03948,0.03819,0.03943,4533561.4,175305.022657
1783652400000,0.03943,0.03972,0.03875,0.03896,7647725.9,299601.487107
1783656000000,0.03896,0.03914,0.03844,0.03912,3557829.6,138047.814537
1783659600000,0.03912,0.03967,0.03873,0.0393,3216444.0,126145.300566
1783663200000,0.0393,0.03954,0.03904,0.03918,4091979.9,160670.813678
1783666800000,0.03918,0.03992,0.03909,0.03989,4535318.4,179660.377989
1783670400000,0.03989,0.04087,0.03961,0.04017,11467125.9,460747.980179
1783674000000,0.04017,0.04123,0.04012,0.04083,12154356.9,495325.421281
1783677600000,0.04083,0.04172,0.04057,0.04132,8275867.8,340893.139442
1783681200000,0.04132,0.0424,0.04118,0.04217,14257502.0,595540.880665
1783684800000,0.04217,0.04316,0.04062,0.04073,23646927.7,991213.35643
1783688400000,0.04073,0.04147,0.04068,0.0412,9742166.1,399979.224686
1783692000000,0.0412,0.04147,0.04076,0.04127,12812601.9,527276.41539
1783695600000,0.04127,0.04158,0.04024,0.04039,10961686.8,447508.873055
1783699200000,0.04039,0.0404,0.03975,0.03979,9854105.3,395057.643866
1783702800000,0.03979,0.03994,0.03927,0.03929,3624875.9,143286.062275
1783706400000,0.03929,0.03945,0.03909,0.03917,4419053.2,173613.590845
1783710000000,0.03917,0.03929,0.03888,0.03896,3653939.3,142928.134455
1783713600000,0.03896,0.03947,0.03887,0.03925,2979674.1,116590.874838
1783717200000,0.03925,0.03966,0.0392,0.03954,2774863.0,109489.51423
1783720800000,0.03954,0.03978,0.0392,0.03937,1811632.4,71515.138004
1783724400000,0.03937,0.03941,0.03902,0.03912,2294347.6,89961.35166
1783728000000,0.03912,0.03923,0.03886,0.03903,4643113.6,181332.93834
1783731600000,0.03903,0.03969,0.03877,0.03966,2807971.6,109747.318609
1783735200000,0.03966,0.04309,0.03928,0.04132,46330981.7,1903911.622494
1783738800000,0.04132,0.04255,0.04103,0.0424,12107617.7,507486.620445
1783742400000,0.0424,0.04244,0.04133,0.04162,6999571.6,292483.93897
1783746000000,0.04162,0.04194,0.04071,0.0409,5051725.0,208532.890294
1783749600000,0.0409,0.0409,0.04035,0.04063,3400755.2,138329.148789
1783753200000,0.04063,0.04102,0.04054,0.04091,2905887.6,118618.096531
1783756800000,0.04091,0.04127,0.04019,0.04033,3757529.6,152897.391977
1783760400000,0.04033,0.04037,0.03987,0.03996,2129580.4,85281.969374
1783764000000,0.03996,0.03998,0.03956,0.03978,2729666.5,108395.692756
1783767600000,0.03978,0.04023,0.03975,0.04007,2166982.6,86819.097365
1783771200000,0.04007,0.04021,0.03952,0.0396,1577014.4,62686.807217
1783774800000,0.0396,0.03974,0.03936,0.03966,1066305.5,42149.956958
1783778400000,0.03966,0.03997,0.0396,0.03994,773899.6,30800.675452
1783782000000,0.03994,0.04015,0.0397,0.03993,1311469.4,52335.717148
1783785600000,0.03993,0.04026,0.03986,0.04003,2077593.5,83192.871706
1783789200000,0.04003,0.04005,0.03972,0.03974,792056.2,31614.983187
1783792800000,0.03974,0.04,0.03967,0.03996,975243.3,38846.470538
1783796400000,0.03996,0.04001,0.03982,0.04001,497610.2,19867.708009
1783800000000,0.04001,0.04005,0.03995,0.03998,473384.4,18932.494651
1783803600000,0.03998,0.04017,0.03976,0.03979,475644.8,19025.092733
1783807200000,0.03979,0.0398,0.03938,0.03949,2241194.2,88565.484567
1783810800000,0.03949,0.03962,0.03923,0.03945,2036719.3,80297.680786
1783814400000,0.03945,0.03961,0.03865,0.03874,3124897.4,122072.400485
1783818000000,0.03874,0.0393,0.03869,0.03905,1110196.6,43343.685143
1783821600000,0.03905,0.0393,0.03889,0.0391,971128.7,37951.518834
1783825200000,0.0391,0.03936,0.03906,0.03918,1035604.7,40607.836912
1783828800000,0.03918,0.03932,0.03889,0.0389,699312.5,27323.96942
1783832400000,0.0389,0.03935,0.03886,0.03915,2122854.0,82862.73825
1783836000000,0.03915,0.03917,0.03882,0.03897,1129833.1,44007.49855
1783839600000,0.03897,0.03897,0.03808,0.03808,5108840.4,196534.143222
1783843200000,0.03808,0.03842,0.03791,0.03818,3654220.0,139313.080509
1783846800000,0.03818,0.03822,0.03803,0.03814,1112386.3,42401.338678
1783850400000,0.03814,0.03818,0.038,0.03811,1537038.1,58521.360322
1783854000000,0.03811,0.03908,0.0381,0.03857,3734553.7,143946.714361
1783857600000,0.03857,0.03887,0.03855,0.03861,1113633.3,43085.449096
1783861200000,0.03861,0.03889,0.03849,0.03876,803221.7,31050.619147
1783864800000,0.03876,0.039,0.03869,0.03887,1498579.2,58156.90575
1783868400000,0.03887,0.03923,0.03883,0.0391,1899859.3,74135.97632
1783872000000,0.0391,0.03944,0.03883,0.03944,3274099.1,128107.527654
1783875600000,0.03944,0.03966,0.03904,0.03962,2706889.9,106453.330612
1783879200000,0.03962,0.03965,0.03904,0.03935,1726221.9,67686.430772
1783882800000,0.03935,0.03945,0.03891,0.03941,1571505.7,61534.434994
1783886400000,0.03941,0.03953,0.03887,0.03893,1237379.2,48424.72145
1783890000000,0.03893,0.03905,0.03869,0.03869,663109.4,25787.508353
1783893600000,0.03869,0.03869,0.03826,0.03841,1638817.9,62973.686647
1783897200000,0.03841,0.03859,0.03837,0.03859,1246883.3,47963.667733
1783900800000,0.03859,0.03895,0.03847,0.03874,1593215.4,61767.799313
1783904400000,0.03874,0.03874,0.03816,0.03818,1239190.3,47655.134118
1783908000000,0.03818,0.03823,0.03789,0.03799,1076653.9,40939.83223
1783911600000,0.03799,0.03799,0.03693,0.03726,4514642.0,168429.807992
1783915200000,0.03726,0.03772,0.03721,0.03764,1272482.6,47767.865566
1783918800000,0.03764,0.03775,0.03735,0.03751,998375.7,37489.025105
1783922400000,0.03751,0.03766,0.03741,0.03749,905175.6,33982.21361
1783926000000,0.03749,0.03767,0.03742,0.03763,665037.4,24975.546439
1783929600000,0.03763,0.03764,0.03738,0.03755,776883.8,29143.766347
1783933200000,0.03755,0.03757,0.03751,0.03753,309992.2,11636.375204
1783936800000,0.03753,0.03757,0.03739,0.03747,795513.6,29834.504559
1783940400000,0.03747,0.03749,0.03707,0.03714,1096216.8,40874.628492
1783944000000,0.03714,0.03715,0.03667,0.03699,1722666.8,63587.64957
1783947600000,0.03699,0.03715,0.03683,0.03715,1139157.1,42100.108257
1783951200000,0.03715,0.03753,0.03677,0.03753,2601355.5,96742.679888
1783954800000,0.03753,0.0376,0.03736,0.03739,702555.3,26352.786884
1783958400000,0.03739,0.03753,0.03724,0.03729,755847.8,28238.967623
1783962000000,0.03729,0.03731,0.03677,0.0368,1555910.8,57605.49116
1783965600000,0.0368,0.03713,0.0368,0.03699,779119.7,28804.49918
1783969200000,0.03699,0.03733,0.03695,0.03728,894509.2,33213.152541
1783972800000,0.03728,0.03733,0.03711,0.0372,693709.1,25810.271976
1783976400000,0.0372,0.0372,0.03671,0.03694,437711.8,16197.71982
1783980000000,0.03694,0.03712,0.0368,0.03681,551116.5,20407.392227
1783983600000,0.03681,0.03689,0.03658,0.03668,1604476.8,58858.683088
1783987200000,0.03668,0.03711,0.03665,0.03705,1213803.5,44771.296221
1783990800000,0.03705,0.03712,0.03678,0.0368,609908.8,22546.26578
1783994400000,0.0368,0.03687,0.03659,0.0366,879192.9,32282.663312
1783998000000,0.0366,0.03681,0.03639,0.03681,1324772.4,48445.632331
1784001600000,0.03681,0.03683,0.03647,0.0365,1311260.2,48060.549324
1784005200000,0.0365,0.03673,0.0365,0.03663,659683.9,24160.355306
1784008800000,0.03663,0.0374,0.03658,0.03698,3723947.6,137684.976215
1784012400000,0.03698,0.03699,0.03656,0.0366,1157418.5,42625.883889
1784016000000,0.0366,0.03665,0.03625,0.03632,1106397.8,40282.779831
1784019600000,0.03632,0.03635,0.03597,0.03616,1119343.8,40481.146089
1784023200000,0.03616,0.03633,0.03607,0.03622,993362.7,35978.730756
1784026800000,0.03622,0.03629,0.03603,0.03609,668011.0,24160.861301
1784030400000,0.03609,0.03694,0.03597,0.03693,5153763.4,187904.951558
1784034000000,0.03693,0.03714,0.03664,0.03689,2204839.5,81332.380431
1784037600000,0.03689,0.03694,0.03663,0.03682,2586151.2,95082.24443
1784041200000,0.03682,0.0371,0.03677,0.03682,847042.4,31258.618883
1784044800000,0.03682,0.03708,0.03679,0.03702,877845.8,32439.94584
1784048400000,0.03702,0.03706,0.0367,0.03691,1645826.2,60694.344667
1784052000000,0.03691,0.03694,0.03661,0.03666,1507722.8,55362.941752
1784055600000,0.03666,0.03685,0.03665,0.03675,1346763.0,49450.65988
1784059200000,0.03675,0.03675,0.0365,0.03661,306315.1,11206.875751
1784062800000,0.03661,0.03683,0.03658,0.03669,571300.5,20977.954616
1784066400000,0.03669,0.0369,0.03643,0.0368,1818721.9,66685.992212
1784070000000,0.0368,0.0369,0.03675,0.03688,868152.8,31988.516493
1784073600000,0.03688,0.03698,0.03674,0.03679,836167.7,30814.233208
1784077200000,0.03679,0.03681,0.03657,0.03662,1061533.8,38936.953922
1784080800000,0.03662,0.03663,0.03638,0.03642,839677.6,30631.262565
1784084400000,0.03642,0.03658,0.03638,0.03653,923180.8,33673.686932
1784088000000,0.03653,0.03653,0.03622,0.0363,1077269.1,39131.969844
1784091600000,0.0363,0.03644,0.03618,0.03644,611702.8,22187.927398
1784095200000,0.03644,0.03653,0.03633,0.0364,987684.2,35969.587301
1784098800000,0.0364,0.03641,0.03613,0.03623,979504.8,35527.980506
1784102400000,0.03623,0.03645,0.03615,0.0363,1193328.4,43350.438369
1784106000000,0.0363,0.03759,0.03623,0.03721,9213905.0,342000.388505
1784109600000,0.03721,0.03726,0.0369,0.03701,2095804.1,77591.336129
1784113200000,0.03701,0.03757,0.03691,0.03731,3401779.7,126670.162298
1784116800000,0.03731,0.03818,0.03712,0.038,4642496.7,174313.174153
1784120400000,0.038,0.03824,0.03766,0.03775,3189789.3,121236.266112
1784124000000,0.03775,0.03781,0.0371,0.03722,2606170.8,97350.643028
1784127600000,0.03722,0.03739,0.03711,0.03731,1115023.8,41538.832933
1784131200000,0.03731,0.03734,0.03683,0.03689,2284857.0,84650.258456
1784134800000,0.03689,0.0373,0.03665,0.03702,3411114.5,126148.284731
1784138400000,0.03702,0.03741,0.03698,0.03709,2528870.8,94108.998721
1784142000000,0.03709,0.03716,0.03677,0.03684,1199875.2,44394.539517
1784145600000,0.03684,0.03767,0.03683,0.0373,3116301.6,116251.26575
1784149200000,0.0373,0.03753,0.03726,0.03732,720622.2,26957.120754
1784152800000,0.03732,0.0375,0.03728,0.03739,692614.6,25889.098587
1784156400000,0.03739,0.03746,0.03718,0.03723,651955.0,24330.435544
1784160000000,0.03723,0.03732,0.03691,0.03694,804647.1,29914.718617
1784163600000,0.03694,0.03725,0.03679,0.03705,981090.0,36297.907883
1784167200000,0.03705,0.03705,0.03677,0.03682,860575.5,31748.548035
1784170800000,0.03682,0.03682,0.03652,0.03657,2128946.0,77994.0813
1784174400000,0.03657,0.03674,0.03642,0.03663,1497918.3,54891.643907
1784178000000,0.03663,0.03686,0.03661,0.0367,1584862.9,58259.867529
1784181600000,0.0367,0.03684,0.03649,0.03651,908609.6,33323.737548
1784185200000,0.03651,0.03656,0.03624,0.03633,1790636.0,65160.554878
1784188800000,0.03633,0.03633,0.03585,0.03605,4277951.3,154020.009385
1784192400000,0.03605,0.03608,0.0356,0.03561,1710075.0,61289.680424
1784196000000,0.03561,0.03577,0.03557,0.03563,1153320.4,41157.151447
1784199600000,0.03563,0.03576,0.03551,0.03574,1518146.7,54134.40463
1784203200000,0.03574,0.03614,0.03561,0.03562,2889112.6,103548.24356
1784206800000,0.03562,0.03609,0.03562,0.03598,787072.2,28285.698301
1784210400000,0.03598,0.03617,0.03597,0.03609,1235091.5,44570.26208
1784214000000,0.03609,0.0362,0.03585,0.03612,875798.1,31542.107265
1784217600000,0.03612,0.03619,0.03604,0.03604,615274.8,22229.299801
1784221200000,0.03604,0.03614,0.03584,0.03589,716187.6,25786.693129
1784224800000,0.03589,0.03608,0.03584,0.03593,374325.1,13471.302206
1784228400000,0.03593,0.03607,0.03593,0.03603,570559.4,20539.802538
1784232000000,0.03603,0.03615,0.03595,0.03603,446785.0,16111.476667
1784235600000,0.03603,0.03618,0.03601,0.0361,530268.6,19156.160895
1784239200000,0.0361,0.03625,0.03557,0.03566,3028269.2,108665.10334
1784242800000,0.03566,0.03569,0.03528,0.03544,1848561.0,65517.178104
1784246400000,0.03544,0.03557,0.03532,0.03556,1718328.5,60893.119731
1784250000000,0.03556,0.03566,0.03533,0.0354,928215.8,32971.08463
1784253600000,0.0354,0.03547,0.03525,0.03535,1365013.8,48266.98419
1784257200000,0.03535,0.03559,0.03534,0.03543,380487.2,13502.993069
1784260800000,0.03543,0.03554,0.03526,0.03544,318376.3,11267.16929
1784264400000,0.03544,0.03549,0.03474,0.03487,1984717.8,69378.506276
1784268000000,0.03487,0.03519,0.03478,0.03514,1792237.6,62630.716788
1784271600000,0.03514,0.03528,0.03504,0.03505,934533.1,32871.338059
1784275200000,0.03505,0.03528,0.03492,0.03521,738145.8,25901.010129
1784278800000,0.03521,0.03524,0.03512,0.03514,439924.5,15478.486399
1784282400000,0.03514,0.03593,0.03512,0.0355,2606899.4,92825.562819
1784286000000,0.0355,0.03555,0.03538,0.03551,728780.4,25862.754798
1784289600000,0.03551,0.03596,0.03551,0.03573,2612197.8,93391.388024
1784293200000,0.03573,0.03602,0.0353,0.03583,2765562.8,98514.18017
1784296800000,0.03583,0.03619,0.03581,0.03603,2277148.9,82059.928485
1784300400000,0.03603,0.03611,0.03576,0.03603,1923240.0,69094.236538
1784304000000,0.03603,0.03668,0.03589,0.03632,4265888.3,155058.673402
1784307600000,0.03632,0.03683,0.0362,0.0362,2395883.7,87570.349447
1784311200000,0.0362,0.0362,0.03588,0.03596,742271.1,26726.855095
1784314800000,0.03596,0.03607,0.03577,0.03582,694488.0,24918.454519
1784318400000,0.03582,0.03586,0.03569,0.03573,656344.2,23481.862645
1784322000000,0.03573,0.03585,0.03571,0.03578,443163.9,15869.521051
1784325600000,0.03578,0.03578,0.03558,0.03571,368973.4,13164.495647
1784329200000,0.03571,0.03586,0.03567,0.03584,328800.0,11764.969991
1784332800000,0.03584,0.03615,0.03583,0.03598,598776.2,21565.864415
1784336400000,0.03598,0.03609,0.03587,0.03587,452660.8,16289.644646
1784340000000,0.03587,0.03658,0.03585,0.03617,2193876.9,79460.068442
1784343600000,0.03617,0.0362,0.03599,0.03603,553100.2,19962.159864
1784347200000,0.03603,0.03611,0.03594,0.03599,738855.7,26614.407856
1784350800000,0.03599,0.036,0.03568,0.03568,571684.0,20519.016672
1784354400000,0.03568,0.0359,0.03566,0.03583,518551.7,18547.662656
1784358000000,0.03583,0.03587,0.03568,0.03568,584651.7,20920.478811
1784361600000,0.03568,0.03583,0.03564,0.03567,408042.2,14586.837518
1784365200000,0.03567,0.03588,0.03544,0.03574,895723.7,31917.338994
1784368800000,0.03574,0.03586,0.0355,0.03551,484300.0,17276.371623
1784372400000,0.03551,0.03584,0.0355,0.0357,1585516.1,56564.67443
1784376000000,0.0357,0.03588,0.03563,0.03585,760028.2,27185.34408
1784379600000,0.03585,0.03589,0.03561,0.03573,814104.1,29091.866618
1784383200000,0.03573,0.03588,0.0356,0.03586,901086.2,32212.73372
1784386800000,0.03586,0.03628,0.0358,0.036,2091253.3,75268.376346
1784390400000,0.036,0.03635,0.0359,0.03621,2036217.7,73533.446206
1784394000000,0.03621,0.03658,0.0362,0.03625,1788072.0,65005.573725
1784397600000,0.03625,0.03634,0.03609,0.03614,999176.8,36160.249757
1784401200000,0.03614,0.03656,0.03613,0.03635,1680951.2,61090.318086
1784404800000,0.03635,0.03638,0.03618,0.03622,647725.3,23508.506019
1784408400000,0.03622,0.03625,0.03612,0.03622,393611.5,14252.289766
1784412000000,0.03622,0.03636,0.03604,0.03606,613485.5,22180.088846
1784415600000,0.03606,0.03613,0.03603,0.03603,298504.7,10772.189436
1784419200000,0.03603,0.0365,0.03599,0.03623,1615522.9,58602.325781
1784422800000,0.03623,0.03658,0.03619,0.03634,1190585.4,43373.699191
1784426400000,0.03634,0.0365,0.03629,0.03638,1315566.3,47879.54504
1784430000000,0.03638,0.03639,0.03616,0.03619,396507.0,14380.798994
1784433600000,0.03619,0.03631,0.03613,0.03624,372812.8,13502.072156
1784437200000,0.03624,0.03641,0.03622,0.03622,688793.7,25039.647765
1784440800000,0.03622,0.03635,0.03622,0.03632,258261.0,9367.924502
1784444400000,0.03632,0.03632,0.0362,0.03621,317656.3,11516.66071
1784448000000,0.03621,0.03633,0.03618,0.03622,337400.0,12230.590737
1784451600000,0.03622,0.03629,0.03601,0.03604,299280.5,10811.968109
1784455200000,0.03604,0.03606,0.03574,0.03593,1158784.5,41568.285425
1784458800000,0.03593,0.03597,0.03574,0.03578,543071.4,19480.208072
1784462400000,0.03578,0.03586,0.03563,0.03585,626084.8,22366.014176
1784466000000,0.03585,0.03591,0.03579,0.03583,87936.9,3150.760214
1784469600000,0.03583,0.03604,0.03568,0.03594,548080.0,19655.105239
1784473200000,0.03594,0.036,0.03582,0.03592,495486.3,17797.414636
1784476800000,0.03592,0.03597,0.03574,0.03576,354852.6,12704.255337
1784480400000,0.03576,0.03595,0.03554,0.03585,834245.4,29832.773429
1784484000000,0.03585,0.03587,0.03556,0.03564,1167186.9,41673.470969
1784487600000,0.03564,0.03575,0.03554,0.03575,280179.5,9980.763469
1784491200000,0.03575,0.03593,0.03575,0.03587,214437.1,7688.080308
1784494800000,0.03587,0.0362,0.03575,0.03577,1135972.9,40958.511084
1784498400000,0.03577,0.0362,0.03574,0.03611,237623.8,8565.153897
1784502000000,0.03611,0.03611,0.03572,0.03583,313699.2,11263.651157
1784505600000,0.03583,0.03616,0.03573,0.03584,294185.2,10587.010079
1784509200000,0.03584,0.03619,0.0357,0.03575,420878.1,15126.645373
1784512800000,0.03575,0.03615,0.03572,0.03602,287766.2,10347.326188
1784516400000,0.03602,0.03606,0.03583,0.03588,209043.7,7508.348673
1784520000000,0.03588,0.03591,0.03564,0.03572,522150.7,18674.827817
1784523600000,0.03572,0.03573,0.03531,0.03556,660196.6,23470.695229
1784527200000,0.03556,0.03572,0.03542,0.03546,577444.7,20512.712476
1784530800000,0.03546,0.03585,0.03538,0.03581,391359.4,13930.205817
1784534400000,0.03581,0.03584,0.03541,0.03561,529621.9,18875.594054
1784538000000,0.03561,0.03594,0.03558,0.0359,379703.7,13580.571002
1784541600000,0.0359,0.03599,0.03579,0.03583,375628.1,13477.753616
1784545200000,0.03583,0.03626,0.03572,0.03605,881806.5,31695.287989
1784548800000,0.03605,0.03605,0.03563,0.03569,466189.4,16714.887751
1784552400000,0.03569,0.03574,0.03543,0.03549,496735.9,17683.320332
1784556000000,0.03549,0.03558,0.03531,0.03546,731563.8,25962.89381
1784559600000,0.03546,0.03604,0.03544,0.036,529292.0,18928.09023
1784563200000,0.036,0.03602,0.03575,0.03596,807986.2,29013.587342
1784566800000,0.03596,0.03613,0.0359,0.03611,448142.1,16148.229014
1784570400000,0.03611,0.03623,0.03598,0.03599,252014.4,9104.800607
1784574000000,0.03599,0.03611,0.03592,0.03601,824952.5,29705.786488
1784577600000,0.03601,0.03623,0.03593,0.03619,450330.9,16249.248594
1784581200000,0.03619,0.03641,0.03613,0.03614,515277.9,18687.802855
1784584800000,0.03614,0.03619,0.03599,0.03605,271449.2,9800.607747
1784588400000,0.03605,0.03633,0.03605,0.03631,321942.9,11644.291583
1784592000000,0.03631,0.03648,0.03607,0.0363,598065.0,21715.752182
1784595600000,0.0363,0.03635,0.03604,0.03605,538442.1,19463.485249
1784599200000,0.03605,0.03632,0.03603,0.03632,198796.4,7184.136513
1784602800000,0.03632,0.03642,0.03621,0.03625,274869.0,9976.233652
1784606400000,0.03625,0.03633,0.03621,0.03621,236761.3,8588.651973
1784610000000,0.03621,0.03644,0.03619,0.03639,316493.5,11501.463559
1784613600000,0.03639,0.03669,0.03639,0.03668,641542.4,23451.348477
1784617200000,0.03668,0.03702,0.03662,0.03672,2117878.7,77958.709187
1784620800000,0.03672,0.03687,0.0366,0.03674,619361.9,22747.962424
1784624400000,0.03674,0.03681,0.03666,0.03671,465652.2,17111.012604
1784628000000,0.03671,0.03684,0.03666,0.03681,459878.8,16896.359062
1784631600000,0.03681,0.03694,0.03666,0.0369,538170.8,19821.242007
1784635200000,0.0369,0.03729,0.03689,0.03704,1138878.9,42261.015332
1784638800000,0.03704,0.03764,0.03704,0.03761,2829053.4,105566.241092
1784642400000,0.03761,0.03796,0.03742,0.03773,2219329.2,83655.358792
1784646000000,0.03773,0.03809,0.0375,0.03764,2051423.0,77494.080991
1784649600000,0.03764,0.03777,0.03746,0.03748,1373055.1,51609.48596
1784653200000,0.03748,0.03764,0.03716,0.03742,910898.0,34085.944802
1784656800000,0.03742,0.03748,0.03724,0.03726,736362.7,27497.779979
1784660400000,0.03726,0.03732,0.03687,0.03702,950829.2,35292.071134
1784664000000,0.03702,0.03705,0.03674,0.03684,965810.3,35647.500371
1784667600000,0.03684,0.03689,0.03673,0.03684,623026.3,22936.177215
1784671200000,0.03684,0.03684,0.03659,0.03666,357041.8,13092.031152
1784674800000,0.03666,0.03686,0.03661,0.03684,894207.5,32862.0279
1784678400000,0.03684,0.03695,0.03671,0.03672,435446.5,16026.740368
1784682000000,0.03672,0.03672,0.03651,0.03662,750333.0,27459.878394
1784685600000,0.03662,0.03664,0.03651,0.03654,409072.0,14961.345297
1784689200000,0.03654,0.03664,0.03648,0.03654,272968.2,9976.75321
1784692800000,0.03654,0.03662,0.03638,0.03655,437498.4,15956.101392
1784696400000,0.03655,0.03655,0.03622,0.03624,353572.1,12845.371971
1784700000000,0.03624,0.03624,0.03606,0.03611,549765.9,19877.834089
1784703600000,0.03611,0.03624,0.03608,0.03624,406219.3,14688.004111
1784707200000,0.03624,0.03646,0.03622,0.03634,473542.4,17217.021852
1784710800000,0.03634,0.03643,0.03628,0.03634,371147.4,13500.171481
1784714400000,0.03634,0.03644,0.03629,0.03644,287604.8,10456.728547
1784718000000,0.03644,0.03644,0.03622,0.03631,389020.6,14130.682513
1784721600000,0.03631,0.03639,0.03599,0.03609,901795.7,32669.084344
1784725200000,0.03609,0.03647,0.03609,0.03644,1099677.8,39921.424802
1784728800000,0.03644,0.0366,0.03631,0.03637,561503.4,20457.12114
1784732400000,0.03637,0.03662,0.03637,0.03647,634060.9,23132.639123
1784736000000,0.03647,0.03685,0.03641,0.03682,725405.1,26608.13842
1784739600000,0.03682,0.03688,0.03643,0.03643,511803.7,18749.175858
1784743200000,0.03643,0.03712,0.0363,0.03662,5577305.1,204877.636088
1784746800000,0.03662,0.03664,0.03636,0.03645,588507.5,21456.861178
1784750400000,0.03645,0.03661,0.03637,0.03654,1973721.7,72136.553391
1784754000000,0.03654,0.03668,0.03652,0.03663,511128.3,18708.976676
1784757600000,0.03663,0.03663,0.03633,0.03644,363615.6,13253.36524
1784761200000,0.03644,0.03644,0.03608,0.03631,518470.7,18776.4675
1784764800000,0.03631,0.03643,0.03621,0.03622,552227.2,20060.440102
1784768400000,0.03622,0.03626,0.03612,0.03615,536914.7,19428.940294
1784772000000,0.03615,0.03622,0.0361,0.03619,350560.0,12676.560334
1784775600000,0.03619,0.03619,0.03603,0.03606,226902.1,8191.556603
1784779200000,0.03606,0.03619,0.03593,0.03613,215015.5,7749.960819
1784782800000,0.03613,0.03618,0.03602,0.03602,176830.1,6385.288276
1784786400000,0.03602,0.03607,0.03597,0.03605,106875.1,3851.085989
1784790000000,0.03605,0.03607,0.03583,0.03593,551566.8,19824.745366
1784793600000,0.03593,0.036,0.03588,0.03595,333330.7,11981.536447
1784797200000,0.03595,0.036,0.0358,0.03581,322215.8,11572.456514
1784800800000,0.03581,0.03591,0.03575,0.03582,689654.7,24715.683232
1784804400000,0.03582,0.03587,0.03575,0.03577,582054.5,20832.100548
1784808000000,0.03577,0.03626,0.03575,0.03598,1889222.4,68108.27536
1784811600000,0.03598,0.03604,0.03568,0.03572,935006.5,33445.231015
1784815200000,0.03572,0.03585,0.03557,0.03561,382609.7,13670.593306
1784818800000,0.03561,0.03574,0.03542,0.03569,847364.4,30141.13988
1784822400000,0.03569,0.03569,0.03523,0.03534,1196014.3,42318.885688
1784826000000,0.03534,0.03535,0.03488,0.03496,1682584.8,59236.966545
1784829600000,0.03496,0.03515,0.03493,0.03503,369666.7,12944.957882
1784833200000,0.03503,0.03515,0.03497,0.0351,383591.5,13447.835975
1784836800000,0.0351,0.03524,0.03509,0.03511,617298.9,21707.473578
1784840400000,0.03511,0.03515,0.03494,0.03502,231084.7,8099.925646
1784844000000,0.03502,0.03506,0.03488,0.03501,406778.6,14226.746306
1784847600000,0.03501,0.03509,0.03499,0.03504,287531.7,10072.957436
1784851200000,0.03504,0.03505,0.03456,0.03464,1570375.2,54562.945283
1784854800000,0.03464,0.03496,0.03459,0.03493,517158.7,17985.596966
1784858400000,0.03493,0.03505,0.03493,0.03505,842725.4,29499.439116
1784862000000,0.03505,0.03512,0.03494,0.03496,476083.6,16680.360695
1784865600000,0.03496,0.03505,0.03485,0.03486,387151.5,13533.644603
1784869200000,0.03486,0.03508,0.03485,0.03502,920522.0,32199.171227
1784872800000,0.03502,0.03509,0.03495,0.03498,439900.8,15399.364303
1784876400000,0.03498,0.03525,0.03491,0.03496,612502.2,21490.647992
1784880000000,0.03496,0.03527,0.03487,0.03505,965594.1,33841.926803
1784883600000,0.03505,0.03508,0.03481,0.035,401438.0,14010.897852
1784887200000,0.035,0.03501,0.0348,0.03483,301855.5,10527.264446
1784890800000,0.03483,0.03493,0.03477,0.03493,439794.2,15322.249444
1784894400000,0.03493,0.03495,0.03473,0.03475,650042.7,22674.811671
1784898000000,0.03475,0.03475,0.03419,0.0344,2019437.6,69495.820295
1784901600000,0.0344,0.03444,0.03373,0.03423,7001726.9,238069.532964
1784905200000,0.03423,0.03441,0.03416,0.03428,717347.6,24605.818122
1784908800000,0.03428,0.03433,0.03417,0.03423,765392.2,26217.00556
1784912400000,0.03423,0.03446,0.03418,0.03443,544172.9,18660.782972
1784916000000,0.03443,0.03449,0.03427,0.0344,458286.9,15759.031504
1784919600000,0.0344,0.03442,0.03432,0.03441,229975.9,7903.120148
1784923200000,0.03441,0.03451,0.03439,0.03444,344536.4,11873.163844
1784926800000,0.03444,0.03452,0.03436,0.0344,327271.5,11274.022856
1784930400000,0.0344,0.03451,0.03434,0.03449,266777.3,9181.776846
1784934000000,0.03449,0.03456,0.03447,0.03455,175119.0,6041.975699
1784937600000,0.03455,0.03464,0.03439,0.03464,372571.0,12867.874941
1784941200000,0.03464,0.03472,0.03447,0.03449,326538.2,11292.202588
1784944800000,0.03449,0.0345,0.03433,0.03439,335516.9,11546.79428
1784948400000,0.03439,0.03455,0.03439,0.03451,79454.5,2739.389407
1784952000000,0.03451,0.03467,0.0345,0.03463,147037.3,5088.235073
1784955600000,0.03463,0.03473,0.03445,0.03453,514201.7,17778.194602
1784959200000,0.03453,0.03453,0.03426,0.03434,262755.8,9027.212398
1784962800000,0.03434,0.0344,0.03423,0.03423,331251.9,11363.078672
1784966400000,0.03423,0.03435,0.03414,0.03415,420381.8,14384.325675
1784970000000,0.03415,0.03421,0.03411,0.03415,187518.5,6406.899205
1784973600000,0.03415,0.03415,0.034,0.03411,545983.0,18596.327651
1784977200000,0.03411,0.03417,0.03405,0.03414,262598.9,8959.331928
1784980800000,0.03414,0.03424,0.03412,0.03424,258842.0,8847.116764
1784984400000,0.03424,0.03433,0.03421,0.03425,252185.0,8641.172629
1784988000000,0.03425,0.03435,0.03422,0.03431,212058.8,7270.802663
1784991600000,0.03431,0.03446,0.0343,0.03442,200221.3,6885.010683
1784995200000,0.03442,0.03457,0.03441,0.03444,230836.6,7955.708891
1784998800000,0.03444,0.03468,0.03444,0.03461,174204.4,6020.806775
1785002400000,0.03461,0.0347,0.0345,0.03455,225312.5,7790.472718
1785006000000,0.03455,0.03465,0.03449,0.03464,311693.5,10776.591986
1785009600000,0.03464,0.03477,0.03454,0.03465,2139014.8,74048.431603
1785013200000,0.03465,0.03475,0.0346,0.03473,200177.6,6941.67282
1785016800000,0.03473,0.03479,0.03466,0.03469,397429.7,13805.900259
1785020400000,0.03469,0.03471,0.0345,0.03459,282657.8,9769.430655
1785024000000,0.03459,0.03469,0.03457,0.03462,170502.2,5905.283341
1785027600000,0.03462,0.03465,0.03459,0.03463,139578.9,4830.879563
1785031200000,0.03463,0.03464,0.0345,0.03461,320046.1,11059.759245
1785034800000,0.03461,0.03466,0.03458,0.03465,122419.8,4237.95333
1785038400000,0.03465,0.03472,0.03454,0.03466,158877.6,5504.114417
1785042000000,0.03466,0.03474,0.03461,0.03464,290903.1,10092.20436
1785045600000,0.03464,0.03473,0.03452,0.03472,271898.3,9411.062081
1785049200000,0.03472,0.03481,0.0347,0.03475,330462.5,11483.032181
1785052800000,0.03475,0.03483,0.03474,0.0348,275797.7,9594.874825
1785056400000,0.0348,0.03482,0.03469,0.03474,141871.8,4933.169076
1785060000000,0.03474,0.03493,0.03473,0.03481,201051.4,7007.570262
1785063600000,0.03481,0.03492,0.03478,0.0348,268586.3,9362.253636
1785067200000,0.0348,0.03493,0.0347,0.03483,289506.0,10072.446663
1785070800000,0.03483,0.03483,0.03456,0.03462,1342713.3,46536.802059
1785074400000,0.03462,0.03473,0.03457,0.03468,398421.6,13809.053157
1785078000000,0.03468,0.03493,0.03467,0.03493,221176.2,7698.975966
1785081600000,0.03493,0.03499,0.0348,0.03481,181542.3,6333.452678
1785085200000,0.03481,0.03483,0.03465,0.03471,670618.4,23277.552763
1785088800000,0.03471,0.03473,0.03464,0.0347,198408.5,6881.598095
1785092400000,0.0347,0.03474,0.03465,0.03471,153447.6,5324.446082
1785096000000,0.03471,0.03474,0.03465,0.03471,98962.5,3434.562434
1785099600000,0.03471,0.03475,0.03461,0.03475,332464.2,11531.980675
1785103200000,0.03475,0.03503,0.03475,0.03497,672277.9,23481.358058
1785106800000,0.03497,0.03532,0.03496,0.03506,3922202.2,137695.446635
1785110400000,0.03506,0.03507,0.03484,0.03484,397895.2,13902.065041
1785114000000,0.03484,0.0349,0.03469,0.03489,317205.9,11049.756467
1785117600000,0.03489,0.0349,0.03463,0.03471,2616324.5,90949.680844
1785121200000,0.03471,0.03477,0.0347,0.03474,134511.0,4674.231686
1785124800000,0.03474,0.03489,0.03473,0.03481,252622.7,8793.437133
1785128400000,0.03481,0.03501,0.03481,0.03496,285642.8,9970.97029
1785132000000,0.03496,0.03507,0.03476,0.03476,402231.3,14037.323206
1785135600000,0.03476,0.03478,0.03461,0.03463,578380.3,20068.518088
1785139200000,0.03463,0.03464,0.0345,0.03457,471658.7,16308.680964
1785142800000,0.03457,0.03473,0.0345,0.03467,423013.7,14646.868834
1785146400000,0.03467,0.03476,0.0346,0.03474,173363.7,6012.858454
1785150000000,0.03474,0.03476,0.03464,0.03464,252100.6,8749.666802
1785153600000,0.03464,0.03467,0.03431,0.03447,1262543.9,43455.740284
1785157200000,0.03447,0.0346,0.03423,0.03444,1002259.3,34475.122282
1785160800000,0.03444,0.03446,0.03323,0.03352,2737087.2,92151.776981
1785164400000,0.03352,0.03357,0.03281,0.03287,5163363.5,171127.026961
1785168000000,0.03287,0.03318,0.03253,0.03315,1846023.3,60444.538154
1785171600000,0.03315,0.03335,0.03313,0.03334,712933.3,23698.68253
1785175200000,0.03334,0.03338,0.03319,0.03325,572412.5,19047.452205
1785178800000,0.03325,0.03352,0.03325,0.03351,525194.1,17552.163085
1785182400000,0.03351,0.03357,0.03334,0.0335,419293.7,14007.299744
1785186000000,0.0335,0.03361,0.03342,0.03343,235014.0,7885.42959
1785189600000,0.03343,0.03343,0.03193,0.03215,4073459.9,131745.83029
1785193200000,0.03215,0.03226,0.03178,0.03219,1742784.9,55884.394711
1785196800000,0.03219,0.03226,0.03199,0.03203,643979.9,20693.721963
1785200400000,0.03203,0.03212,0.03123,0.03139,2070756.6,65323.561921
1785204000000,0.03139,0.03176,0.03131,0.03173,597049.3,18841.206839
1785207600000,0.03173,0.03174,0.03152,0.03153,484946.1,15339.434562
1785211200000,0.03153,0.03159,0.03122,0.03132,666471.3,20904.756975
1785214800000,0.03132,0.03174,0.03131,0.03169,819331.0,25867.52264
1785218400000,0.03169,0.03205,0.03169,0.0319,897024.7,28599.771043
1785222000000,0.0319,0.03194,0.0316,0.03174,775732.3,24608.243482
1785225600000,0.03174,0.03202,0.0317,0.03201,572548.2,18226.096755
1785229200000,0.03201,0.03202,0.03169,0.03175,1291334.5,41099.815027
1785232800000,0.03175,0.03183,0.03137,0.03159,1765984.6,55736.7845
1785236400000,0.03159,0.03165,0.0313,0.03149,922153.2,29018.674941
1785240000000,0.03149,0.0322,0.03149,0.03211,2525914.8,80572.703208
1785243600000,0.03211,0.03224,0.03157,0.03181,1612886.5,51624.1848
1785247200000,0.03181,0.03229,0.03167,0.03211,1334152.3,42763.291769
1785250800000,0.03211,0.03271,0.03208,0.03266,885206.2,28729.521711
1785254400000,0.03266,0.0327,0.03238,0.03259,989869.8,32198.194122
1785258000000,0.03259,0.0326,0.03207,0.03226,835389.6,26962.223739
1785261600000,0.03226,0.03261,0.03226,0.03252,785127.9,25475.515088
1785265200000,0.03252,0.03279,0.03252,0.03261,697744.9,22782.769228
1785268800000,0.03261,0.03263,0.03242,0.0325,872662.4,28357.723256
1785272400000,0.0325,0.03263,0.03245,0.03257,202804.3,6598.820281
1785276000000,0.03257,0.03263,0.03217,0.03222,629906.8,20361.798762
1785279600000,0.03222,0.03272,0.03219,0.0326,569722.4,18517.467981
1785283200000,0.0326,0.03278,0.03257,0.03269,1039678.1,33974.924524
1785286800000,0.03269,0.03281,0.03236,0.03238,681565.6,22221.696948
1785290400000,0.03238,0.03261,0.03222,0.03245,951380.1,30849.70087
1785294000000,0.03245,0.03249,0.03161,0.03175,2637666.1,84155.934847
1785297600000,0.03175,0.03222,0.03149,0.03209,1163532.1,37053.817014
1785301200000,0.03209,0.03226,0.03205,0.0321,536152.1,17239.528626
1785304800000,0.0321,0.0323,0.03196,0.03218,695001.5,22358.943636
1785308400000,0.03218,0.03222,0.03196,0.03211,418609.0,13435.183882
1785312000000,0.03211,0.03214,0.03182,0.03183,1086932.9,34739.674644
1785315600000,0.03183,0.03199,0.03181,0.03188,413774.7,13194.714444
1785319200000,0.03188,0.03193,0.03171,0.03185,650785.6,20725.254099
1785322800000,0.03185,0.03193,0.03178,0.03182,234509.2,7466.257093
1785326400000,0.03182,0.03191,0.03154,0.0317,1137818.8,36059.926505
1785330000000,0.0317,0.03192,0.03161,0.03188,877234.8,27891.284716
1785333600000,0.03188,0.03194,0.0316,0.03169,476731.0,15120.159069
1785337200000,0.03169,0.03184,0.03165,0.03179,426606.2,13556.554094
1785340800000,0.03179,0.0318,0.03149,0.0316,1618340.3,51212.315263
1785344400000,0.0316,0.03203,0.03155,0.03199,584341.0,18584.16167
1785348000000,0.03199,0.03238,0.03185,0.03227,1064805.3,34259.28972
1785351600000,0.03227,0.03236,0.03158,0.03175,984112.7,31339.856236
1785355200000,0.03175,0.03182,0.03146,0.0316,1471261.0,46578.796368
1785358800000,0.0316,0.03184,0.03136,0.03182,898566.7,28367.895568
1785362400000,0.03182,0.03202,0.03182,0.03191,312408.6,9968.786728
1785366000000,0.03191,0.03203,0.03182,0.032,302253.2,9658.446398
1785369600000,0.032,0.03232,0.032,0.03219,341084.5,10991.769046
1785373200000,0.03219,0.0326,0.03219,0.03252,596980.9,19373.487122
1785376800000,0.03252,0.03262,0.03239,0.03239,459107.1,14917.230958
1785380400000,0.03239,0.03259,0.03237,0.0325,120381.3,3908.439423
1785384000000,0.0325,0.03278,0.03246,0.03268,736771.8,24042.928896
1785387600000,0.03268,0.03272,0.03257,0.03263,348733.5,11381.097671
1785391200000,0.03263,0.03302,0.03263,0.03281,2704023.1,88710.660656
1785394800000,0.03281,0.03301,0.03267,0.03277,793977.3,26068.351048
1785398400000,0.03277,0.03301,0.0327,0.033,487602.4,16025.241189
1785402000000,0.033,0.03306,0.03282,0.03306,690661.3,22731.264174
1785405600000,0.03306,0.0332,0.03275,0.03277,937065.5,30936.282082
1785409200000,0.03277,0.03292,0.03269,0.03279,804972.5,26373.516297
1785412800000,0.03279,0.03287,0.03249,0.0326,1114184.6,36343.620445
1785416400000,0.0326,0.0329,0.0325,0.0329,700027.5,22848.714522
1785420000000,0.0329,0.03296,0.03276,0.03286,433943.3,14266.137461
1785423600000,0.03286,0.03292,0.03268,0.03268,336251.8,11037.914557
1785427200000,0.03268,0.03274,0.03242,0.03249,576084.6,18758.664907
1785430800000,0.03249,0.0327,0.03239,0.03261,561324.6,18257.834604
1785434400000,0.03261,0.03263,0.0324,0.03243,309422.5,10052.779341
1785438000000,0.03243,0.03255,0.03239,0.03254,275436.2,8938.270377
1785441600000,0.03254,0.03264,0.03245,0.03254,436563.3,14217.72019
1785445200000,0.03254,0.03287,0.03254,0.03266,900355.5,29467.731904
1785448800000,0.03266,0.03274,0.03251,0.03251,124107.6,4045.894866
1785452400000,0.03251,0.03265,0.03236,0.03243,367483.7,11933.993566
1785456000000,0.03243,0.03246,0.03231,0.03245,195839.7,6341.688383
1785459600000,0.03245,0.03269,0.03222,0.03229,527488.5,17067.416051
1785463200000,0.03229,0.03236,0.0321,0.03214,597555.9,19249.775769
1785466800000,0.03214,0.03232,0.03204,0.03232,409764.9,13193.419582
1785470400000,0.03232,0.03248,0.03209,0.03211,521633.6,16859.982859
1785474000000,0.03211,0.03223,0.03211,0.03219,326932.4,10517.837914
1785477600000,0.03219,0.03226,0.03207,0.0322,269524.9,8664.128324
1785481200000,0.0322,0.03223,0.03187,0.03217,736186.7,23554.266114
1785484800000,0.03217,0.0322,0.03185,0.03188,313208.6,10031.542484
1785488400000,0.03188,0.03189,0.03168,0.03171,378202.7,12008.169189
1785492000000,0.03171,0.03181,0.03147,0.03178,866532.9,27457.606541
1785495600000,0.03178,0.03182,0.0316,0.03164,351241.5,11132.023007
1785499200000,0.03164,0.0318,0.03144,0.03171,821002.7,25956.28808
1785502800000,0.03171,0.03175,0.03137,0.03138,531191.2,16782.789983
1785506400000,0.03138,0.0315,0.03098,0.03139,1828819.0,57208.505799
1785510000000,0.03139,0.0316,0.03132,0.03151,713559.2,22441.624988
1785513600000,0.03151,0.03173,0.0315,0.0317,315020.7,9964.827858
1785517200000,0.0317,0.03174,0.03152,0.03163,827760.1,26186.854753
1785520800000,0.03163,0.03183,0.03154,0.0318,691854.9,21897.093375
1785524400000,0.0318,0.03186,0.03153,0.0317,429740.7,13603.502959
1785528000000,0.0317,0.03183,0.03161,0.03172,1015959.1,32215.730866
1785531600000,0.03172,0.03194,0.03165,0.03183,530942.1,16895.260479
1785535200000,0.03183,0.03218,0.03183,0.03189,2139920.5,68546.002043
1785538800000,0.03189,0.03195,0.03176,0.03195,1321728.9,42077.01043
1785542400000,0.03195,0.0322,0.03191,0.03214,1492916.1,47875.83549
1785546000000,0.03214,0.03225,0.03211,0.03222,846237.8,27252.836
1785549600000,0.03222,0.03228,0.03208,0.0321,789797.3,25446.314391
1785553200000,0.0321,0.03214,0.03198,0.03205,240212.9,7698.045272
1785556800000,0.03205,0.03223,0.03202,0.03223,168504.7,5404.305478
1785560400000,0.03223,0.03224,0.03203,0.03214,394304.2,12658.00339
1785564000000,0.03214,0.03221,0.03201,0.03218,334209.9,10715.354451
1785567600000,0.03218,0.03222,0.03201,0.03201,351985.1,11317.377615
1785571200000,0.03201,0.03261,0.03199,0.03248,1371020.4,44349.306869
1785574800000,0.03248,0.03262,0.03237,0.03255,797711.6,25954.080369
1785578400000,0.03255,0.03262,0.03228,0.03258,444766.8,14424.817581
1785582000000,0.03258,0.0329,0.03248,0.03288,786642.3,25774.106892
1785585600000,0.03288,0.03333,0.03286,0.03289,1469744.3,48714.148237
1785589200000,0.03289,0.03298,0.03271,0.03277,903659.0,29668.718847
1785592800000,0.03277,0.03287,0.03248,0.03263,1243560.5,40597.748564
1785596400000,0.03263,0.03266,0.03247,0.03249,387690.0,12630.67383
1785600000000,0.03249,0.03266,0.03246,0.03253,374693.7,12211.246628
1785603600000,0.03253,0.03253,0.03223,0.03231,833992.3,26940.936158
1785607200000,0.03231,0.03232,0.03169,0.03209,1316799.1,42140.949958
1785610800000,0.03209,0.03229,0.03208,0.0322,478027.6,15385.691029
1785614400000,0.0322,0.0324,0.03212,0.03221,753765.3,24311.263016
1785618000000,0.03221,0.03255,0.03221,0.03239,1341766.0,43465.892913
1785621600000,0.03239,0.03246,0.03228,0.03228,179852.5,5828.600724
1785625200000,0.03228,0.03234,0.03218,0.0323,225225.2,7263.314612
1785628800000,0.0323,0.0325,0.03229,0.03244,175336.5,5683.680937
1785632400000,0.03244,0.03266,0.03244,0.03253,617898.8,20118.713964
1785636000000,0.03253,0.03284,0.03249,0.03275,875882.8,28647.546688
1785639600000,0.03275,0.03289,0.03261,0.03261,888894.5,29160.389093
1785643200000,0.03261,0.03284,0.03258,0.03276,414811.2,13563.831904
1785646800000,0.03276,0.03284,0.03268,0.03272,268938.5,8809.799979
1785650400000,0.03272,0.03275,0.03261,0.03268,453033.4,14803.225202
1785654000000,0.03268,0.03276,0.03255,0.03258,454606.5,14856.747862
1785657600000,0.03258,0.03261,0.03239,0.03239,832122.9,27005.126749
1785661200000,0.03239,0.03274,0.03236,0.03265,2665407.1,86719.752449
1785664800000,0.03265,0.03294,0.03264,0.03294,1070830.9,35131.503156
1785668400000,0.03294,0.03301,0.03273,0.03282,411658.6,13527.148265
1785672000000,0.03282,0.03292,0.0328,0.03288,227871.1,7488.983005
1785675600000,0.03288,0.03311,0.03283,0.03301,616231.5,20316.027652
1785679200000,0.03301,0.03317,0.03294,0.03314,1653352.2,54650.771564
1785682800000,0.03314,0.03327,0.03306,0.03307,191503.1,6348.119058
1785686400000,0.03307,0.0333,0.03301,0.03327,316251.7,10470.242917
1785690000000,0.03327,0.03343,0.03319,0.03331,515778.5,17185.03006
1785693600000,0.03331,0.0335,0.0331,0.0335,775600.7,25827.619825
1785697200000,0.0335,0.03363,0.03348,0.03359,959397.4,32188.384683
1785700800000,0.03359,0.03371,0.03337,0.03352,1037582.7,34791.66154
1785704400000,0.03352,0.03356,0.03335,0.03345,312179.3,10444.123641
1785708000000,0.03345,0.03351,0.03323,0.0334,387857.9,12940.943642
1785711600000,0.0334,0.03389,0.03333,0.03388,1147802.7,38539.252629
1785715200000,0.03388,0.03397,0.03346,0.03353,1322820.3,44685.220636
1785718800000,0.03353,0.03357,0.03326,0.0333,349322.7,11675.697732
1785722400000,0.0333,0.03342,0.03316,0.03338,677201.4,22516.13968
1785726000000,0.03338,0.03346,0.03279,0.03289,976932.1,32215.217122
1785729600000,0.03289,0.033,0.03279,0.03291,1316970.3,43326.323104
1785733200000,0.03291,0.03323,0.0328,0.03322,679573.0,22439.15342
1785736800000,0.03322,0.03327,0.03303,0.0331,422009.8,13993.067629
1785740400000,0.0331,0.0332,0.03307,0.03316,705667.0,23376.946574
1785744000000,0.03316,0.03333,0.03303,0.03332,431994.8,14329.96052
1785747600000,0.03332,0.03385,0.03328,0.03381,562732.2,18931.076614
1785751200000,0.03381,0.03404,0.03366,0.03386,656757.2,22241.547022
1785754800000,0.03386,0.03404,0.03371,0.03395,475240.1,16102.994158
1785758400000,0.03395,0.03431,0.03363,0.03418,1046289.8,35506.210145
1785762000000,0.03418,0.03431,0.03393,0.03421,1114166.6,37998.786021
1785765600000,0.03421,0.0343,0.03379,0.0343,957017.8,32541.015826
1785769200000,0.0343,0.03454,0.03422,0.03431,724249.6,24884.86581
1785772800000,0.03431,0.03431,0.03389,0.03403,618043.9,21042.049296
1785776400000,0.03403,0.03414,0.03398,0.034,353468.1,12042.234581
1785780000000,0.034,0.03408,0.03375,0.03375,284840.7,9667.797245
1785783600000,0.03375,0.03384,0.03366,0.03369,443836.5,14973.970136
1785787200000,0.03369,0.03379,0.03359,0.03374,269795.4,9090.801776
1785790800000,0.03374,0.03393,0.0337,0.03381,237364.5,8030.791157
1785794400000,0.03381,0.03385,0.03341,0.0335,569058.8,19087.954265
1785798000000,0.0335,0.03352,0.03338,0.03342,306534.1,10247.407958
1785801600000,0.03342,0.03359,0.03331,0.0334,1054532.1,35273.891228
1785805200000,0.0334,0.03363,0.0333,0.03354,645175.6,21614.835371
1785808800000,0.03354,0.03356,0.03334,0.0334,273034.8,9129.786942
1785812400000,0.0334,0.03349,0.03312,0.03318,1499220.8,49824.932564
1785816000000,0.03318,0.03337,0.03316,0.03326,608876.9,20264.409206
1785819600000,0.03326,0.03328,0.03318,0.0332,384493.1,12764.980063
1785823200000,0.0332,0.03324,0.03304,0.03305,467158.2,15463.581579
1785826800000,0.03305,0.03328,0.033,0.03325,307848.6,10187.454458
1785830400000,0.03325,0.0333,0.03317,0.03318,198135.2,6585.248421
1785834000000,0.03318,0.0333,0.03316,0.0332,366749.6,12182.510487
1785837600000,0.0332,0.03327,0.03299,0.03321,1380676.9,45716.686412
1785841200000,0.03321,0.03329,0.033,0.0332,1695377.5,56191.205061
1785844800000,0.0332,0.03343,0.03316,0.0333,2877939.1,95835.689836
1785848400000,0.0333,0.03351,0.03321,0.03326,1229667.1,40963.50322
1785852000000,0.03326,0.03348,0.03319,0.03346,392671.7,13080.234254
1785855600000,0.03346,0.03353,0.03319,0.0334,395639.1,13187.591579
1785859200000,0.0334,0.03342,0.03329,0.03331,270140.4,9007.180355
1785862800000,0.03331,0.03337,0.03304,0.03307,1299125.0,43200.688431
1785866400000,0.03307,0.03321,0.03306,0.0331,205370.6,6802.980147
1785870000000,0.0331,0.03323,0.0331,0.03316,279096.8,9259.296076
1785873600000,0.03316,0.03341,0.0331,0.0333,1184332.9,39404.095164
1785877200000,0.0333,0.03334,0.0332,0.03325,528798.9,17588.057408
1785880800000,0.03325,0.03325,0.03312,0.03314,391368.5,12988.101908
1785884400000,0.03314,0.03321,0.0331,0.03312,491094.9,16275.19105
1785888000000,0.03312,0.03325,0.03307,0.03323,378955.0,12564.833312
1785891600000,0.03323,0.03377,0.03318,0.03366,1076364.5,36202.309987
1785895200000,0.03366,0.03375,0.03359,0.03372,707685.2,23824.583575
1785898800000,0.03372,0.03373,0.03349,0.03356,265196.6,8906.750687
1785902400000,0.03356,0.03377,0.03353,0.03369,904784.6,30505.375431
1785906000000,0.03369,0.03373,0.03354,0.03361,251486.2,8447.542487
1785909600000,0.03361,0.03373,0.03359,0.03362,264842.6,8916.136948
1785913200000,0.03362,0.03374,0.03354,0.03373,335371.6,11276.689156
1785916800000,0.03373,0.03375,0.0335,0.03351,583682.7,19625.724689
1785920400000,0.03351,0.03353,0.03337,0.03339,367627.3,12293.197257
1785924000000,0.03339,0.03352,0.03333,0.03342,244506.9,8174.049567
1785927600000,0.03342,0.03349,0.03312,0.03326,862681.6,28701.414913
1785931200000,0.03326,0.03345,0.03321,0.03334,550465.5,18363.290854
1785934800000,0.03334,0.0334,0.03312,0.03332,819294.8,27249.272216
1785938400000,0.03332,0.03339,0.03318,0.03338,358424.1,11926.501181
1785942000000,0.03338,0.03343,0.0332,0.03328,299318.3,9970.461985
1785945600000,0.03328,0.0335,0.03326,0.03339,349651.1,11669.063698
1785949200000,0.03339,0.03372,0.03339,0.03367,498956.0,16740.655487
1785952800000,0.03367,0.03394,0.03362,0.03379,2266320.4,76590.409314
1785956400000,0.03379,0.0338,0.03361,0.03374,628003.1,21192.234523
1785960000000,0.03374,0.03405,0.03368,0.03384,1546456.6,52458.078126
1785963600000,0.03384,0.03393,0.03378,0.03391,584699.2,19797.257616
1785967200000,0.03391,0.03399,0.03376,0.0338,311840.2,10564.220714
1785970800000,0.0338,0.03385,0.03363,0.03383,320242.2,10812.493852
1785974400000,0.03383,0.0341,0.03381,0.03398,536487.5,18221.149743
1785978000000,0.03398,0.03403,0.03382,0.03385,154176.9,5226.084577
1785981600000,0.03385,0.03393,0.03372,0.03389,478552.4,16181.206387
1785985200000,0.03389,0.03395,0.03378,0.03382,117583.3,3978.85347
1785988800000,0.03382,0.0339,0.03369,0.03389,317087.1,10707.863135
1785992400000,0.03389,0.03426,0.03388,0.03425,454425.6,15485.997435
1785996000000,0.03425,0.03436,0.03413,0.03436,794432.4,27188.450188
1785999600000,0.03436,0.03448,0.03422,0.03446,842606.8,28927.411142
1786003200000,0.03446,0.03457,0.03419,0.0343,600098.5,20647.506624
1786006800000,0.0343,0.03432,0.03385,0.03409,518943.7,17656.650209
1786010400000,0.03409,0.03412,0.03395,0.03395,178521.2,6074.975911
1786014000000,0.03395,0.03412,0.03385,0.03402,440804.6,15010.21441
1786017600000,0.03402,0.03402,0.03382,0.03382,335098.3,11366.071954
1786021200000,0.03382,0.034,0.03373,0.034,309471.0,10477.787577
1786024800000,0.034,0.03426,0.03386,0.0342,252937.9,8606.656377
1786028400000,0.0342,0.03426,0.03397,0.03399,496204.0,16948.10544
1786032000000,0.03399,0.03448,0.03393,0.03435,667026.4,22849.439278
1786035600000,0.03435,0.03454,0.03422,0.03424,389838.3,13395.593466
1786039200000,0.03424,0.03424,0.03399,0.03405,216882.1,7400.260022
1786042800000,0.03405,0.03412,0.03394,0.0341,301768.6,10271.369573
1786046400000,0.0341,0.03412,0.03398,0.03398,90634.3,3085.832825
1786050000000,0.03398,0.03426,0.03398,0.03422,831097.0,28325.149559
1786053600000,0.03422,0.03423,0.03384,0.03391,271998.3,9253.28395
1786057200000,0.03391,0.03404,0.03387,0.03404,490486.9,16642.761281
1786060800000,0.03404,0.0342,0.034,0.03407,281064.4,9580.29892
1786064400000,0.03407,0.03417,0.03407,0.03412,52383.5,1788.109914
1786068000000,0.03412,0.03425,0.03408,0.03412,204216.0,6980.442009
1786071600000,0.03412,0.03413,0.03384,0.03389,351383.5,11945.457229
1786075200000,0.03389,0.03389,0.0337,0.03382,547083.1,18502.544993
1786078800000,0.03382,0.03408,0.0338,0.03406,354933.9,12029.594442
1786082400000,0.03406,0.03415,0.03383,0.03385,241153.4,8194.932049
1786086000000,0.03385,0.03391,0.03377,0.03382,114965.1,3890.199159
1786089600000,0.03382,0.03383,0.03364,0.03371,411644.3,13883.987929
1786093200000,0.03371,0.03375,0.03364,0.03374,195960.7,6605.541844
1786096800000,0.03374,0.0338,0.03369,0.03372,95366.0,3220.218361
1786100400000,0.03372,0.03392,0.03372,0.03373,140441.8,4748.797093
1786104000000,0.03373,0.03411,0.03371,0.0339,871954.9,29606.175704
1786107600000,0.0339,0.03413,0.03385,0.03406,420907.0,14316.816328
1786111200000,0.03406,0.03407,0.03374,0.03376,149813.2,5081.738243
1786114800000,0.03376,0.03394,0.03373,0.03385,152692.3,5168.243629
1786118400000,0.03385,0.0339,0.03364,0.03364,179156.8,6053.620986
1786122000000,0.03364,0.0338,0.03341,0.03367,828487.7,27788.339303
1786125600000,0.03367,0.03387,0.03362,0.03368,239455.4,8089.719159
1786129200000,0.03368,0.03383,0.03367,0.03382,265028.4,8942.18027
1786132800000,0.03382,0.03383,0.03371,0.03382,212224.7,7170.655155
1786136400000,0.03382,0.03398,0.03381,0.03382,288547.2,9780.804306
1786140000000,0.03382,0.03388,0.03375,0.03376,178543.6,6041.707577
1786143600000,0.03376,0.03382,0.03375,0.03378,149066.4,5034.541953
1786147200000,0.03378,0.03384,0.0337,0.03377,121090.8,4089.955732
1786150800000,0.03377,0.03385,0.03376,0.0338,38301.6,1295.301195
1786154400000,0.0338,0.03381,0.03369,0.03371,92229.0,3112.286365
1786158000000,0.03371,0.0338,0.03366,0.03379,155115.2,5231.377883
1786161600000,0.03379,0.03388,0.03376,0.03376,352837.6,11935.469847
1786165200000,0.03376,0.03387,0.03368,0.03372,118238.6,3993.854587
1786168800000,0.03372,0.03372,0.03365,0.03368,81524.3,2745.598765
1786172400000,0.03368,0.03369,0.03348,0.03353,630164.6,21163.377076
1786176000000,0.03353,0.03353,0.03327,0.03337,378417.2,12643.674068
1786179600000,0.03337,0.03348,0.03336,0.03346,148964.4,4979.076364
1786183200000,0.03346,0.03353,0.03335,0.03351,270366.2,9040.471606
1786186800000,0.03351,0.03356,0.03344,0.03347,280047.6,9381.941831
1786190400000,0.03347,0.03365,0.03347,0.03362,227239.1,7633.225851
1786194000000,0.03362,0.03363,0.03345,0.03352,299571.3,10048.899044
1786197600000,0.03352,0.03379,0.03351,0.03379,290087.9,9760.272229
1786201200000,0.03379,0.03439,0.03379,0.03422,1508688.7,51525.32663
1786204800000,0.03422,0.03598,0.0342,0.03598,4954571.6,174899.574092
1786208400000,0.03598,0.03677,0.03557,0.03659,5804441.8,209580.752608
1786212000000,0.03659,0.03673,0.03577,0.03583,1691214.9,61147.327696
1786215600000,0.03583,0.03589,0.03541,0.03543,1274724.5,45387.415578
1786219200000,0.03543,0.03554,0.03525,0.03529,985152.6,34834.669002
1786222800000,0.03529,0.03543,0.03517,0.03521,356358.8,12568.481363
1786226400000,0.03521,0.03523,0.03513,0.03519,398480.1,14016.223143
1786230000000,0.03519,0.03535,0.03515,0.03528,449176.2,15830.438099
1786233600000,0.03528,0.03535,0.03497,0.0351,640962.7,22538.789689
1786237200000,0.0351,0.03595,0.03476,0.0357,2012809.9,71194.588985
1786240800000,0.0357,0.03596,0.03516,0.03526,819365.7,29082.337416
1786244400000,0.03526,0.03533,0.03497,0.03504,438205.6,15372.56393
1786248000000,0.03504,0.03525,0.03496,0.03511,381624.1,13381.887442
1786251600000,0.03511,0.03531,0.03494,0.03527,231217.8,8110.482483
1786255200000,0.03527,0.03548,0.03509,0.03546,897874.0,31681.872402
1786258800000,0.03546,0.03609,0.03546,0.03585,1570567.9,56227.391416
1786262400000,0.03585,0.03592,0.03547,0.03584,728813.4,25970.235841
1786266000000,0.03584,0.03589,0.03547,0.03566,676321.4,24071.0727
1786269600000,0.03566,0.03567,0.03502,0.03506,621333.3,21919.723471
1786273200000,0.03506,0.03551,0.035,0.03541,681044.4,24051.428956
1786276800000,0.03541,0.03563,0.03527,0.03541,517948.5,18343.578128
1786280400000,0.03541,0.03543,0.03519,0.03522,493094.8,17412.577897
1786284000000,0.03522,0.03536,0.03509,0.03529,858646.5,30258.246323
1786287600000,0.03529,0.03623,0.03525,0.03577,1307433.9,46798.048588
1786291200000,0.03577,0.03583,0.03557,0.03579,461436.5,16467.651083
1786294800000,0.03579,0.03598,0.0357,0.03589,775574.7,27808.002389
1786298400000,0.03589,0.03589,0.03556,0.03557,337515.7,12065.261738
1786302000000,0.03557,0.03561,0.0355,0.03558,201289.3,7154.304353
1786305600000,0.03558,0.03562,0.03545,0.03557,342549.9,12166.855133
1786309200000,0.03557,0.0356,0.03545,0.03551,149134.3,5298.042097
1786312800000,0.03551,0.03561,0.03525,0.03529,516917.5,18317.339785
1786316400000,0.03529,0.03532,0.03487,0.03496,527077.9,18466.985809
1786320000000,0.03496,0.03522,0.03484,0.0351,587442.6,20574.211628
1786323600000,0.0351,0.03545,0.035,0.03545,508151.7,17882.795836
1786327200000,0.03545,0.03545,0.03508,0.03518,277886.3,9792.697076
1786330800000,0.03518,0.03518,0.03484,0.03487,312221.2,10916.192179
1786334400000,0.03487,0.03501,0.03481,0.03481,277240.8,9680.468974
1786338000000,0.03481,0.035,0.03481,0.03491,239176.9,8346.831179
1786341600000,0.03491,0.03493,0.03477,0.03492,535561.0,18667.236031
1786345200000,0.03492,0.03492,0.03465,0.03473,616131.6,21389.378389
1786348800000,0.03473,0.03494,0.03442,0.0347,992156.6,34406.030663
1786352400000,0.0347,0.03481,0.03462,0.0347,524981.3,18233.231421
1786356000000,0.0347,0.03474,0.03462,0.03463,274412.7,9517.656172
1786359600000,0.03463,0.03472,0.0346,0.03464,212150.4,7351.114842
1786363200000,0.03464,0.03482,0.03446,0.03446,446743.7,15490.532542
1786366800000,0.03446,0.03474,0.03443,0.0347,386161.1,13362.910987
1786370400000,0.0347,0.03482,0.03439,0.0344,459548.4,15925.100816
1786374000000,0.0344,0.03446,0.03415,0.03442,760823.2,26104.175846
1786377600000,0.03442,0.03444,0.03416,0.03418,682371.4,23396.520729
1786381200000,0.03418,0.03438,0.03411,0.03431,415114.5,14216.4905
1786384800000,0.03431,0.03432,0.03413,0.03424,333882.1,11429.330713
1786388400000,0.03424,0.03433,0.0342,0.03424,410717.0,14071.498097
1786392000000,0.03424,0.0344,0.03417,0.03421,259445.5,8894.365476
1786395600000,0.03421,0.03421,0.03392,0.03393,445241.8,15148.403487
1786399200000,0.03393,0.03396,0.03377,0.03377,220161.9,7458.18768
1786402800000,0.03377,0.03386,0.03376,0.03386,139420.3,4713.615145
1786406400000,0.03386,0.03397,0.0335,0.03392,1908857.9,64321.532747
1786410000000,0.03392,0.03394,0.03382,0.03394,437365.6,14813.958396
1786413600000,0.03394,0.03395,0.03382,0.03383,83504.1,2829.758782
1786417200000,0.03383,0.03395,0.03379,0.03391,310897.5,10541.181014
1786420800000,0.03391,0.03397,0.0338,0.03384,215993.3,7318.277208
1786424400000,0.03384,0.03406,0.03382,0.03402,845318.8,28681.379324
1786428000000,0.03402,0.03407,0.03383,0.03391,447215.6,15195.13462
1786431600000,0.03391,0.03396,0.03377,0.03391,283599.7,9602.455312
1786435200000,0.03391,0.0341,0.0339,0.03405,558922.4,19022.011736
1786438800000,0.03405,0.03417,0.03398,0.03405,256872.4,8753.69802
1786442400000,0.03405,0.03416,0.0339,0.03412,556247.5,18929.284022
1786446000000,0.03412,0.03431,0.0341,0.03414,361381.5,12365.715266
1786449600000,0.03414,0.03414,0.03389,0.03403,525708.0,17878.066379
1786453200000,0.03403,0.0343,0.034,0.0343,496928.2,16983.255972
1786456800000,0.0343,0.03443,0.03372,0.03382,1297796.7,44377.607659
1786460400000,0.03382,0.03389,0.03336,0.03362,1026562.0,34504.587666
1786464000000,0.03362,0.03379,0.03337,0.0336,1258320.5,42219.859359
1786467600000,0.0336,0.03366,0.0335,0.03353,202187.6,6788.463241
1786471200000,0.03353,0.03363,0.03345,0.03361,310243.2,10406.392306
1786474800000,0.03361,0.03391,0.0335,0.03384,241176.2,8115.08261
1786478400000,0.03384,0.03393,0.03377,0.03381,241752.8,8179.046669
1786482000000,0.03381,0.03391,0.03377,0.03386,247988.7,8398.399441
1786485600000,0.03386,0.0339,0.03374,0.03378,42540.5,1437.843187
1786489200000,0.03378,0.03379,0.03367,0.0337,141696.4,4775.784762
1786492800000,0.0337,0.03373,0.03362,0.03362,115417.5,3886.973007
1786496400000,0.03362,0.03386,0.03362,0.03379,389877.6,13165.854167
1786500000000,0.03379,0.03407,0.03377,0.03402,261831.7,8883.778753
1786503600000,0.03402,0.03423,0.03395,0.03398,291438.0,9929.177585
1786507200000,0.03398,0.03412,0.03398,0.034,369913.1,12593.279277
1786510800000,0.034,0.03403,0.03396,0.03398,147894.2,5026.940021
1786514400000,0.03398,0.03411,0.03385,0.03392,545259.1,18519.766311
1786518000000,0.03392,0.03399,0.03387,0.03392,414867.3,14073.33188
1786521600000,0.03392,0.03402,0.03374,0.03377,361702.1,12259.217181
1786525200000,0.03377,0.03451,0.03377,0.03438,927170.3,31743.465151
1786528800000,0.03438,0.0344,0.03404,0.03434,543462.7,18609.145461
1786532400000,0.03434,0.03483,0.03425,0.03481,1373586.8,47598.118195
1786536000000,0.03481,0.0351,0.03475,0.0349,1118252.4,39090.030316
1786539600000,0.0349,0.03539,0.03467,0.03478,1699161.9,59451.257242
1786543200000,0.03478,0.03478,0.03412,0.03423,851652.6,29318.434239
1786546800000,0.03423,0.03457,0.03422,0.0343,514314.6,17689.822186
1786550400000,0.0343,0.03437,0.03415,0.03421,1158756.5,39694.746664
1786554000000,0.03421,0.03435,0.03416,0.03423,482380.9,16530.981207
1786557600000,0.03423,0.03441,0.03421,0.03432,677449.5,23279.090643
1786561200000,0.03432,0.03432,0.03394,0.03402,402358.1,13690.470512
1786564800000,0.03402,0.03427,0.03402,0.03411,635739.3,21710.638215
1786568400000,0.03411,0.03436,0.03358,0.03372,1151797.4,39172.860763
1786572000000,0.03372,0.03396,0.03356,0.03393,630680.6,21332.824282
1786575600000,0.03393,0.03406,0.0339,0.03395,641538.7,21798.027608
1786579200000,0.03395,0.0343,0.03389,0.0342,569481.3,19437.510858
1786582800000,0.0342,0.03434,0.0341,0.0342,408648.0,13993.977274
1786586400000,0.0342,0.03423,0.03409,0.0342,526723.2,17994.269547
1786590000000,0.0342,0.03437,0.0342,0.03431,309260.3,10605.62236
1786593600000,0.03431,0.03435,0.03428,0.03433,178295.6,6119.896931
1786597200000,0.03433,0.0345,0.03428,0.03431,458537.4,15774.014776
1786600800000,0.03431,0.03435,0.03419,0.03433,247682.1,8482.184524
1786604400000,0.03433,0.03476,0.03424,0.03452,622717.1,21461.788247
1786608000000,0.03452,0.03477,0.03438,0.03442,624644.4,21583.934263
1786611600000,0.03442,0.03453,0.03432,0.03434,447123.0,15378.064504
1786615200000,0.03434,0.03443,0.03412,0.03417,241213.8,8253.186445
1786618800000,0.03417,0.03419,0.03392,0.03395,557709.8,19011.68587
1786622400000,0.03395,0.03405,0.03392,0.03395,397452.4,13501.692977
1786626000000,0.03395,0.03402,0.03383,0.03391,440262.8,14939.560988
1786629600000,0.03391,0.03415,0.03387,0.03407,869830.6,29593.420847
1786633200000,0.03407,0.03414,0.0337,0.0337,819629.6,27841.833688
1786636800000,0.0337,0.03378,0.03347,0.03364,823394.1,27709.213709
1786640400000,0.03364,0.03384,0.03363,0.03376,184448.9,6226.417141
1786644000000,0.03376,0.03387,0.0337,0.03385,104758.3,3537.518003
1786647600000,0.03385,0.03395,0.03385,0.03391,194665.0,6600.633578
1786651200000,0.03391,0.03394,0.03379,0.03381,179623.8,6085.124014
1786654800000,0.03381,0.03402,0.03381,0.03394,121515.8,4122.089262
1786658400000,0.03394,0.03403,0.03388,0.03392,126385.2,4292.378746
1786662000000,0.03392,0.03392,0.03382,0.03385,64724.4,2191.547984
1786665600000,0.03385,0.03388,0.03371,0.03372,187170.8,6322.400636
1786669200000,0.03372,0.03374,0.03351,0.03353,277508.0,9317.447383
1786672800000,0.03353,0.03354,0.03342,0.03345,182626.3,6114.812271
1786676400000,0.03345,0.03345,0.03331,0.03333,292286.8,9758.426604
1786680000000,0.03333,0.03338,0.03318,0.03319,643002.2,21385.334339
1786683600000,0.03319,0.03326,0.03308,0.03324,218143.5,7235.389704
1786687200000,0.03324,0.03325,0.03313,0.03322,296027.2,9826.468474
1786690800000,0.03322,0.03325,0.03305,0.03307,205431.5,6812.502255
1786694400000,0.03307,0.03314,0.03301,0.03309,182922.7,6051.847531
1786698000000,0.03309,0.03315,0.03298,0.033,180442.8,5969.977783
1786701600000,0.033,0.03305,0.03283,0.03283,278502.0,9164.420465
1786705200000,0.03283,0.03286,0.03272,0.03272,311976.4,10225.394294
1786708800000,0.03272,0.03278,0.03256,0.03263,238587.1,7789.48413
1786712400000,0.03263,0.03284,0.03262,0.03274,689798.3,22550.726082
1786716000000,0.03274,0.03285,0.03267,0.03272,251978.4,8254.68539
1786719600000,0.03272,0.03302,0.03265,0.03302,342463.0,11257.151658
1786723200000,0.03302,0.03335,0.03302,0.03322,416264.8,13826.403286
1786726800000,0.03322,0.03322,0.03306,0.03311,273310.7,9050.429922
1786730400000,0.03311,0.03315,0.03287,0.03293,536256.3,17689.856997
1786734000000,0.03293,0.03304,0.03289,0.03297,314118.5,10350.021569
1786737600000,0.03297,0.03297,0.03272,0.03272,770651.1,25264.840885
1786741200000,0.03272,0.03283,0.03263,0.03283,560600.1,18340.632314
1786744800000,0.03283,0.03295,0.03283,0.03292,1402299.1,46089.263772
1786748400000,0.03292,0.03316,0.03284,0.03316,374034.0,12337.76509
1786752000000,0.03316,0.03316,0.03305,0.03311,588953.0,19498.286114
1786755600000,0.03311,0.03316,0.03309,0.03311,207819.8,6883.068066
1786759200000,0.03311,0.03314,0.03304,0.03306,89459.1,2960.48897
1786762800000,0.03306,0.03306,0.03284,0.0329,233311.2,7680.326831
1786766400000,0.0329,0.03301,0.03285,0.0329,94517.2,3112.073034
1786770000000,0.0329,0.03308,0.03289,0.03305,248451.9,8195.045226
1786773600000,0.03305,0.03315,0.03279,0.03284,1110501.5,36520.030453
1786777200000,0.03284,0.03286,0.03272,0.03272,335630.8,11004.911732
1786780800000,0.03272,0.03273,0.03254,0.03256,584283.9,19069.135642
1786784400000,0.03256,0.03291,0.03252,0.03291,503635.8,16476.024342
1786788000000,0.03291,0.03293,0.03275,0.0328,396180.3,13013.805056
1786791600000,0.0328,0.03285,0.03276,0.0328,133752.1,4387.587655
1786795200000,0.0328,0.03289,0.03277,0.03286,239148.9,7851.04216
1786798800000,0.03286,0.03295,0.0328,0.03283,263862.0,8676.140153
1786802400000,0.03283,0.03286,0.03279,0.03283,228934.0,7514.937075
1786806000000,0.03283,0.03287,0.03281,0.03287,111884.0,3674.01091
1786809600000,0.03287,0.0329,0.03275,0.03282,438318.0,14383.62411
1786813200000,0.03282,0.03286,0.03273,0.03274,231243.6,7587.276431
1786816800000,0.03274,0.03278,0.03271,0.03272,165263.9,5408.855169
1786820400000,0.03272,0.03281,0.0327,0.03281,288010.1,9436.874423
1786824000000,0.03281,0.03284,0.03268,0.0327,324174.1,10618.860383
1786827600000,0.0327,0.03274,0.03268,0.03271,186439.3,6097.982625
1786831200000,0.03271,0.03277,0.03267,0.03269,148706.5,4866.867566
1786834800000,0.03269,0.0327,0.03247,0.03255,893213.6,29105.113692
1786838400000,0.03255,0.03263,0.03249,0.03252,436109.9,14196.265267
1786842000000,0.03252,0.03253,0.03235,0.0325,482662.9,15660.370709
1786845600000,0.0325,0.0325,0.03235,0.03245,183393.2,5944.186881
1786849200000,0.03245,0.03245,0.03236,0.03237,249874.4,8095.186466
1786852800000,0.03237,0.03237,0.03227,0.03231,287011.9,9275.118027
1786856400000,0.03231,0.03232,0.03179,0.03187,2918899.5,93503.719245
1786860000000,0.03187,0.03199,0.0316,0.03176,1614855.5,51296.18889
1786863600000,0.03176,0.03203,0.03172,0.03195,536604.2,17130.937277
1786867200000,0.03195,0.03199,0.03188,0.03196,142720.0,4556.874264
1786870800000,0.03196,0.03205,0.03191,0.03202,500058.5,15989.325288
1786874400000,0.03202,0.03206,0.03194,0.03202,164608.0,5270.487336
1786878000000,0.03202,0.03209,0.03187,0.03198,506962.1,16197.181163
1786881600000,0.03198,0.03201,0.03189,0.03196,208682.4,6663.232647
1786885200000,0.03196,0.03196,0.03192,0.03195,150996.5,4823.324644
1786888800000,0.03195,0.03199,0.03186,0.03189,286664.1,9158.318465
1786892400000,0.03189,0.03197,0.03172,0.03197,841969.6,26832.39817
1786896000000,0.03197,0.0322,0.03192,0.03203,1640588.8,52605.249532
1786899600000,0.03203,0.03206,0.03194,0.03205,317418.5,10159.29205
1786903200000,0.03205,0.03211,0.03191,0.03197,1247219.7,39882.57909
1786906800000,0.03197,0.03202,0.03193,0.03199,300965.8,9622.588324
1786910400000,0.03199,0.03212,0.0319,0.0319,633191.8,20268.952637
1786914000000,0.0319,0.0319,0.03162,0.03165,606079.1,19252.097565
1786917600000,0.03165,0.0318,0.03155,0.03179,510165.0,16150.168262
1786921200000,0.03179,0.03185,0.03178,0.03178,121872.3,3875.499541
1786924800000,0.03178,0.032,0.03171,0.032,500802.4,15937.309648
1786928400000,0.032,0.03235,0.03198,0.03221,402431.3,12959.317568
1786932000000,0.03221,0.03239,0.03216,0.03233,344041.4,11099.35241
1786935600000,0.03233,0.03233,0.03216,0.03222,110561.9,3564.655116
1786939200000,0.03222,0.03236,0.03222,0.03227,103934.9,3356.204896
1786942800000,0.03227,0.03242,0.0322,0.03221,432910.6,14001.730573
1786946400000,0.03221,0.03235,0.0322,0.0323,193764.5,6259.410158
1786950000000,0.0323,0.0323,0.0322,0.03223,522199.3,16840.35748
1786953600000,0.03223,0.03223,0.03205,0.03207,518839.5,16662.541182
1786957200000,0.03207,0.03221,0.03201,0.03205,769939.9,24740.884849
1786960800000,0.03205,0.0322,0.03193,0.0322,438542.9,14062.716383
1786964400000,0.0322,0.03232,0.03218,0.03219,1212992.4,39120.682624
1786968000000,0.03219,0.03236,0.03219,0.03231,274422.8,8863.449614
1786971600000,0.03231,0.03263,0.03223,0.03252,569930.7,18480.073202
1786975200000,0.03252,0.03285,0.03252,0.03273,1770495.4,57964.178288
1786978800000,0.03273,0.03276,0.03248,0.03261,479676.7,15636.372208
1786982400000,0.03261,0.03262,0.03241,0.03247,360364.6,11716.811448
1786986000000,0.03247,0.03264,0.03242,0.03253,351212.7,11428.191136
1786989600000,0.03253,0.03271,0.03253,0.03268,490578.6,16014.063813
1786993200000,0.03268,0.03268,0.03248,0.03252,333707.3,10874.778179
1786996800000,0.03252,0.03266,0.0325,0.03266,97324.4,3170.856891
1787000400000,0.03266,0.03274,0.03259,0.03259,219247.2,7161.724717
1787004000000,0.03259,0.03268,0.03259,0.03268,103333.8,3371.249082
1787007600000,0.03268,0.03268,0.0325,0.03263,111556.1,3636.44112
1787011200000,0.03263,0.03276,0.03261,0.03263,526038.3,17213.128349
1787014800000,0.03263,0.03265,0.03248,0.03253,289536.0,9437.694093
1787018400000,0.03253,0.03261,0.0319,0.03195,1458389.3,46912.695711
1787022000000,0.03195,0.03205,0.03171,0.03203,1001122.5,31917.508397
1787025600000,0.03203,0.03203,0.03186,0.03195,513265.8,16403.20129
1787029200000,0.03195,0.03216,0.03191,0.03216,294655.3,9438.742166
1787032800000,0.03216,0.03226,0.03209,0.03215,176426.1,5673.086322
1787036400000,0.03215,0.03219,0.03177,0.03196,1294112.4,41235.726304
1787040000000,0.03196,0.03207,0.03182,0.03205,675335.7,21568.967918
1787043600000,0.03205,0.03217,0.03199,0.03215,328201.7,10524.28257
1787047200000,0.03215,0.03221,0.0321,0.0321,149241.2,4797.840205
1787050800000,0.0321,0.03228,0.03207,0.03216,191993.2,6177.104756
1787054400000,0.03216,0.03216,0.03211,0.03213,108721.5,3493.921682
1787058000000,0.03213,0.03213,0.0319,0.03193,404632.3,12952.755604
1787061600000,0.03193,0.03221,0.03182,0.03202,763759.2,24422.970805
1787065200000,0.03202,0.03231,0.03201,0.0323,828984.9,26671.906729
1787068800000,0.0323,0.03247,0.03226,0.03235,372287.4,12046.53404
1787072400000,0.03235,0.03244,0.03228,0.03229,246751.9,7985.663129
1787076000000,0.03229,0.03246,0.03226,0.03246,140043.0,4532.989779
1787079600000,0.03246,0.0329,0.03241,0.03271,805530.7,26297.958871
1787083200000,0.03271,0.03286,0.03254,0.03263,553313.5,18097.864204
1787086800000,0.03263,0.0327,0.03256,0.03267,224809.2,7337.901237
1787090400000,0.03267,0.03273,0.03255,0.0326,324627.4,10592.520453
1787094000000,0.0326,0.03292,0.03258,0.03278,681368.5,22366.7011
1787097600000,0.03278,0.03281,0.03256,0.0327,792919.0,25930.034487
1787101200000,0.0327,0.03288,0.03265,0.03288,397627.8,13017.224187
1787104800000,0.03288,0.03301,0.03281,0.03299,716199.7,23573.846141
1787108400000,0.03299,0.0335,0.03298,0.03334,2666823.2,88963.318114
1787112000000,0.03334,0.03363,0.03322,0.0336,1875001.4,62670.940966
1787115600000,0.0336,0.03376,0.03324,0.03324,1073534.3,35995.356727
1787119200000,0.03324,0.03357,0.0332,0.03352,1195647.6,39973.554726
1787122800000,0.03352,0.03379,0.0335,0.03362,711474.3,23940.858648
1787126400000,0.03362,0.03373,0.03349,0.03361,882619.0,29654.501568
1787130000000,0.03361,0.03373,0.03337,0.03338,415968.2,13949.715823
1787133600000,0.03338,0.03342,0.03319,0.03331,507469.5,16888.009693
1787137200000,0.03331,0.03346,0.03324,0.03346,739673.2,24677.71777
1787140800000,0.03346,0.03358,0.03337,0.03338,555373.0,18593.832415
1787144400000,0.03338,0.03344,0.03322,0.03324,745017.5,24842.13886
1787148000000,0.03324,0.03367,0.03316,0.03361,391183.9,13044.454602
1787151600000,0.03361,0.0348,0.03357,0.03408,2748039.7,94141.110342
1787155200000,0.03408,0.03449,0.03388,0.0339,1311773.8,44867.674279
1787158800000,0.0339,0.03395,0.03373,0.03384,584498.4,19773.614918
1787162400000,0.03384,0.03397,0.03372,0.03386,439526.7,14859.918659
1787166000000,0.03386,0.03411,0.03373,0.03407,1270662.2,43099.916932
1787169600000,0.03407,0.03505,0.03406,0.03477,1865245.7,64176.889085
1787173200000,0.03477,0.03571,0.03471,0.03557,1974429.2,69793.9018
1787176800000,0.03557,0.03567,0.03497,0.03513,1157551.5,40715.50741
1787180400000,0.03513,0.03542,0.03505,0.03535,241145.1,8490.975558
1787184000000,0.03535,0.03594,0.03534,0.0359,891604.2,31817.356741
1787187600000,0.0359,0.03623,0.03562,0.03609,1097516.5,39485.324963
1787191200000,0.03609,0.03615,0.03558,0.03559,420755.2,15059.161788
1787194800000,0.03559,0.03559,0.03522,0.03522,689412.3,24345.171661
1787198400000,0.03522,0.03551,0.03522,0.0354,783154.0,27661.777683
1787202000000,0.0354,0.0355,0.03522,0.03523,295783.0,10474.363844
1787205600000,0.03523,0.03536,0.03518,0.03533,330943.0,11680.644318
1787209200000,0.03533,0.03534,0.0351,0.03518,599920.3,21142.333759
1787212800000,0.03518,0.03634,0.03515,0.03616,1456720.1,52427.125425
1787216400000,0.03616,0.03623,0.03592,0.03596,655185.6,23643.560013
1787220000000,0.03596,0.03628,0.03587,0.03606,529867.1,19122.056058
1787223600000,0.03606,0.03619,0.03575,0.03594,727827.1,26164.55815
1787227200000,0.03594,0.03719,0.03565,0.03675,16090522.9,587572.62706
1787230800000,0.03675,0.03724,0.03655,0.03686,2612467.8,96511.94232
1787234400000,0.03686,0.03701,0.03667,0.0369,1715252.7,63174.766895
1787238000000,0.0369,0.03729,0.03682,0.03704,1044211.9,38699.884502
1787241600000,0.03704,0.03757,0.03694,0.03751,1055430.6,39339.521483
1787245200000,0.03751,0.03802,0.03745,0.03767,2448478.2,92262.321835
1787248800000,0.03767,0.03778,0.03686,0.03691,3966260.3,147475.046256
1787252400000,0.03691,0.03718,0.03685,0.03696,515643.6,19101.086057
1787256000000,0.03696,0.03733,0.03694,0.03716,238181.8,8838.786037
1787259600000,0.03716,0.03739,0.03706,0.03737,191161.7,7108.503918
1787263200000,0.03737,0.03747,0.03712,0.03744,357783.5,13349.462788
1787266800000,0.03744,0.0382,0.03742,0.0378,1398557.5,52966.386462
1787270400000,0.0378,0.03846,0.0378,0.03794,562621.6,21421.871793
1787274000000,0.03794,0.03854,0.03791,0.03822,1287797.7,49142.118253
1787277600000,0.03822,0.03823,0.03787,0.03815,463931.2,17650.342457
1787281200000,0.03815,0.03843,0.03806,0.03822,1676855.3,64221.383453
1787284800000,0.03822,0.03875,0.03813,0.03847,2385853.4,91826.991216
1787288400000,0.03847,0.03916,0.03825,0.03904,2116996.6,82053.245422
1787292000000,0.03904,0.03911,0.03862,0.03887,1994211.4,77408.809384
1787295600000,0.03887,0.03979,0.03883,0.03949,4188011.1,164784.976202
1787299200000,0.03949,0.04101,0.03949,0.04075,3967533.7,160005.549898
1787302800000,0.04075,0.04086,0.0395,0.04011,3598777.0,144083.642701
1787306400000,0.04011,0.04114,0.04007,0.0411,2637517.6,107125.347702
1787310000000,0.0411,0.04166,0.04045,0.04124,5928354.6,243744.673916
1787313600000,0.04124,0.04197,0.04113,0.04134,3089397.4,128473.157424
1787317200000,0.04134,0.0418,0.04077,0.04167,2933000.1,121177.818511
1787320800000,0.04167,0.04212,0.04153,0.04204,2000394.2,83721.832672
1787324400000,0.04204,0.04215,0.04165,0.04169,757595.4,31771.98842
1787328000000,0.04169,0.04198,0.0414,0.04185,513746.8,21401.862087
1787331600000,0.04185,0.04215,0.04181,0.04186,443551.8,18615.032283
1787335200000,0.04186,0.04198,0.04135,0.04185,585010.5,24387.728058
1787338800000,0.04185,0.04252,0.04137,0.04215,2201061.9,92689.493121
1787342400000,0.04215,0.04354,0.04186,0.04346,4761135.5,203978.607389
1787346000000,0.04346,0.04447,0.04344,0.0442,4490649.6,197776.279431
1787349600000,0.0442,0.04484,0.04397,0.04466,4386299.5,194569.370458
1787353200000,0.04466,0.04471,0.04394,0.04409,2794337.9,124119.299858
1787356800000,0.04409,0.04638,0.04401,0.04567,5855133.4,267617.844261
1787360400000,0.04567,0.04656,0.04537,0.04543,4508318.7,208000.116361
1787364000000,0.04543,0.04722,0.04541,0.04699,3408235.5,158203.868947
1787367600000,0.04699,0.04804,0.04657,0.04745,4029738.6,191407.899134
1787371200000,0.04745,0.04903,0.04745,0.04903,6111824.5,295464.969119
1787374800000,0.04903,0.04945,0.04205,0.04612,25171767.7,1136135.238971
1787378400000,0.04612,0.04724,0.04553,0.0471,3165203.8,146307.241118
1787382000000,0.0471,0.04747,0.04562,0.04589,4405301.2,203645.504232
1787385600000,0.04589,0.04631,0.04492,0.04553,2879796.8,130464.712555
1787389200000,0.04553,0.046,0.04483,0.04569,1643694.6,74775.102384
1787392800000,0.04569,0.04572,0.04435,0.04523,1781940.2,79889.868877
1787396400000,0.04523,0.04576,0.045,0.04569,444715.8,20169.238027
1787400000000,0.04569,0.04612,0.04551,0.04604,370906.1,17040.827106
1787403600000,0.04604,0.04635,0.04557,0.04568,430232.5,19773.994439
1787407200000,0.04568,0.04571,0.04488,0.04496,1118350.2,50540.177726
1787410800000,0.04496,0.04507,0.04446,0.04463,666737.6,29856.374179
1787414400000,0.04463,0.04545,0.04446,0.04479,978057.8,43985.372563
1787418000000,0.04479,0.04582,0.04474,0.04558,790972.0,35749.795039
1787421600000,0.04558,0.04558,0.04474,0.04506,517711.2,23335.385732
1787425200000,0.04506,0.04549,0.0449,0.0454,248345.9,11231.923652
1787428800000,0.0454,0.04583,0.04518,0.04524,659086.3,29960.938042
1787432400000,0.04524,0.04524,0.04416,0.04425,959801.3,42688.269025
1787436000000,0.04425,0.04475,0.04421,0.04462,270805.8,12049.136824
1787439600000,0.04462,0.04527,0.0445,0.04482,764488.8,34340.074185
1787443200000,0.04482,0.04636,0.0448,0.04604,836323.1,38163.039222
1787446800000,0.04604,0.04652,0.0453,0.04535,962370.7,44283.017206
1787450400000,0.04535,0.04538,0.0444,0.04442,670755.3,30020.939628
1787454000000,0.04442,0.04442,0.04351,0.04377,892611.4,39168.593491
1787457600000,0.04377,0.04407,0.04316,0.04344,494998.2,21553.27301
1787461200000,0.04344,0.0439,0.04293,0.04332,398270.3,17289.493778
1787464800000,0.04332,0.04427,0.0432,0.04384,710493.8,31051.980344
1787468400000,0.04384,0.04433,0.04384,0.04406,138605.2,6113.356845
1787472000000,0.04406,0.04466,0.04402,0.04444,266943.0,11865.052603
1787475600000,0.04444,0.0446,0.04398,0.04422,307682.6,13618.684285
1787479200000,0.04422,0.04497,0.04419,0.04476,382355.2,17109.175363
1787482800000,0.04476,0.04558,0.04475,0.0455,779269.8,35162.954164
1787486400000,0.0455,0.04618,0.04538,0.04612,2038030.9,93362.757825
1787490000000,0.04612,0.04734,0.04611,0.04687,1079921.0,50591.299761
1787493600000,0.04687,0.04707,0.04512,0.04571,2521085.0,115530.006623
1787497200000,0.04571,0.04613,0.04541,0.04588,322012.4,14750.598515
1787500800000,0.04588,0.04623,0.04574,0.04611,60984.2,2805.430349
1787504400000,0.04611,0.04613,0.04576,0.04579,314632.8,14451.128975
1787508000000,0.04579,0.04591,0.04559,0.04581,246044.8,11252.816523
1787511600000,0.04581,0.04594,0.0456,0.04575,185054.4,8478.134706
1787515200000,0.04575,0.04625,0.04558,0.04587,371003.6,17010.814601
1787518800000,0.04587,0.04681,0.04587,0.04622,485872.3,22578.919425
1787522400000,0.04622,0.04649,0.04595,0.04598,383198.9,17667.842724
1787526000000,0.04598,0.04618,0.04556,0.0459,404019.9,18526.081042
1787529600000,0.0459,0.04599,0.0453,0.04591,376740.2,17186.593958
1787533200000,0.04591,0.04593,0.04465,0.04473,376108.7,16980.799099
1787536800000,0.04473,0.04548,0.04456,0.04537,246547.4,11150.541943
1787540400000,0.04537,0.0455,0.04484,0.04484,293349.6,13258.599561
1787544000000,0.04484,0.04576,0.04484,0.04535,212390.0,9632.244701
1787547600000,0.04535,0.04553,0.04491,0.045,311681.7,14095.491555
1787551200000,0.045,0.04507,0.04464,0.04483,155180.1,6960.757931
1787554800000,0.04483,0.04505,0.04433,0.04434,988281.1,44320.24053
1787558400000,0.04434,0.04456,0.04407,0.04424,155353.0,6874.116535
1787562000000,0.04424,0.04458,0.04421,0.04444,152764.4,6792.515147
1787565600000,0.04444,0.04485,0.04403,0.04413,1010585.2,44722.233931
1787569200000,0.04413,0.04496,0.04384,0.04469,386037.3,17107.797152
1787572800000,0.04469,0.04516,0.04415,0.04507,539796.0,24047.780597
1787576400000,0.04507,0.04516,0.04392,0.0443,301382.3,13416.060216
1787580000000,0.0443,0.04568,0.04423,0.04544,889522.4,40080.956498
1787583600000,0.04544,0.04594,0.04488,0.045,908240.1,41351.871023
1787587200000,0.045,0.04586,0.045,0.04552,452088.9,20538.295333
1787590800000,0.04552,0.04554,0.04444,0.0449,268753.1,12057.832269
1787594400000,0.0449,0.0453,0.04472,0.04476,205040.9,9234.665733
1787598000000,0.04476,0.04528,0.04457,0.04494,151498.2,6806.695711
1787601600000,0.04494,0.04504,0.04461,0.04496,121820.5,5461.112835
1787605200000,0.04496,0.04526,0.04488,0.04513,398445.5,17958.048275
1787608800000,0.04513,0.04522,0.04492,0.04494,124075.2,5592.965325
1787612400000,0.04494,0.045,0.04462,0.045,316680.9,14169.951115
1787616000000,0.045,0.04615,0.04493,0.04611,2023154.5,92402.457526
1787619600000,0.04611,0.04631,0.04562,0.04584,139463.5,6417.429353
1787623200000,0.04584,0.04676,0.04563,0.04596,474804.3,21899.60535
1787626800000,0.04596,0.0467,0.04592,0.04613,701939.8,32474.189865
1787630400000,0.04613,0.04657,0.04608,0.04644,484354.1,22461.991109
1787634000000,0.04644,0.04704,0.04628,0.0466,272261.5,12729.307722
1787637600000,0.0466,0.04671,0.04578,0.04586,222480.2,10307.76572
1787641200000,0.04586,0.04671,0.04505,0.04543,1275635.5,58683.377179
1787644800000,0.04543,0.04579,0.04519,0.04535,999397.2,45370.84956
1787648400000,0.04535,0.04569,0.04495,0.04532,610471.1,27706.216832
1787652000000,0.04532,0.04579,0.0452,0.04558,912555.0,41552.933687
1787655600000,0.04558,0.04558,0.04496,0.04496,227336.3,10292.314972
1787659200000,0.04496,0.045,0.04401,0.0445,760099.8,33773.173406
1787662800000,0.0445,0.04461,0.04368,0.04426,569738.5,25106.099293
1787666400000,0.04426,0.04505,0.04414,0.04492,565584.9,25273.888754
1787670000000,0.04492,0.04509,0.04457,0.04496,419495.3,18831.303804
1787673600000,0.04496,0.04514,0.04467,0.04486,210846.8,9472.183327
1787677200000,0.04486,0.04491,0.04448,0.04479,231629.2,10361.002016
1787680800000,0.04479,0.04492,0.04454,0.04463,208103.0,9315.786513
1787684400000,0.04463,0.04469,0.04422,0.04428,265865.4,11782.627684
1787688000000,0.04428,0.04432,0.04325,0.04326,491749.1,21465.480897
1787691600000,0.04326,0.04341,0.04262,0.04341,574446.0,24767.52587
1787695200000,0.04341,0.04369,0.04325,0.04342,267239.0,11604.744353
1787698800000,0.04342,0.04348,0.0428,0.04295,124021.4,5341.661486
1787702400000,0.04295,0.04362,0.04291,0.04352,315366.9,13637.273562
1787706000000,0.04352,0.04376,0.04346,0.04361,458728.3,19994.961727
1787709600000,0.04361,0.04407,0.04343,0.04394,302339.4,13227.060462
1787713200000,0.04394,0.044,0.04368,0.04372,139787.3,6123.351107
1787716800000,0.04372,0.04385,0.0434,0.04342,139251.4,6079.37802
1787720400000,0.04342,0.04348,0.04312,0.04343,246220.4,10659.910858
1787724000000,0.04343,0.04374,0.04332,0.04349,116013.6,5048.088777
1787727600000,0.04349,0.04403,0.04333,0.04374,728300.8,31881.894617
1787731200000,0.04374,0.04405,0.04364,0.04373,542828.5,23811.43194
1787734800000,0.04373,0.04384,0.04316,0.04338,308508.1,13456.772402
1787738400000,0.04338,0.04397,0.0431,0.04385,196019.7,8526.939835
1787742000000,0.04385,0.04395,0.0434,0.04348,352378.0,15410.874947
1787745600000,0.04348,0.04355,0.04269,0.04275,1377226.1,59399.326168
1787749200000,0.04275,0.04282,0.04218,0.0424,780396.0,33126.275941
1787752800000,0.0424,0.04258,0.04081,0.04093,2485506.9,103143.881693
1787756400000,0.04093,0.04156,0.04073,0.04144,3066794.6,125702.521279
1787760000000,0.04144,0.04167,0.04116,0.04146,658003.6,27247.302168
1787763600000,0.04146,0.04194,0.04144,0.04166,1001099.6,41731.194263
1787767200000,0.04166,0.04184,0.04147,0.0415,397177.3,16551.437102
1787770800000,0.0415,0.04172,0.04142,0.04161,227490.5,9453.368091
1787774400000,0.04161,0.04167,0.04116,0.04153,184460.9,7633.710415
1787778000000,0.04153,0.0421,0.04153,0.04201,292836.9,12256.943573
1787781600000,0.04201,0.04246,0.042,0.04212,263870.6,11135.196528
1787785200000,0.04212,0.043,0.04208,0.04289,613724.6,26134.032928
1787788800000,0.04289,0.043,0.04246,0.04246,427294.7,18310.40449
1787792400000,0.04246,0.04294,0.0424,0.04275,217857.2,9276.898004
1787796000000,0.04275,0.04281,0.04224,0.04226,222196.0,9445.22267
1787799600000,0.04226,0.04256,0.0421,0.04213,617961.0,26136.425423
1787803200000,0.04213,0.04248,0.0421,0.04222,428937.0,18146.969991
1787806800000,0.04222,0.04227,0.04192,0.04224,280783.1,11824.665936
1787810400000,0.04224,0.04232,0.04201,0.04221,140700.1,5930.804965
1787814000000,0.04221,0.04231,0.04214,0.04224,169093.9,7137.425362
1787817600000,0.04224,0.0433,0.04224,0.04301,803424.6,34470.124112
1787821200000,0.04301,0.04336,0.04275,0.0428,545638.6,23451.220562
1787824800000,0.0428,0.04304,0.0421,0.04214,1161201.9,49285.276554
1787828400000,0.04214,0.04236,0.042,0.04225,650951.4,27504.136622
1787832000000,0.04225,0.04246,0.04213,0.04232,453719.3,19174.244659
1787835600000,0.04232,0.04254,0.04204,0.04242,1070794.3,45234.088163
1787839200000,0.04242,0.04312,0.04239,0.04287,256844.1,10993.823803
1787842800000,0.04287,0.04331,0.04282,0.04309,645258.4,27796.801583
1787846400000,0.04309,0.04391,0.04294,0.04365,2084775.5,90759.742536
1787850000000,0.04365,0.04397,0.04293,0.04309,2579947.7,111781.048774
1787853600000,0.04309,0.04314,0.0424,0.04264,2348273.5,100090.221882
1787857200000,0.04264,0.04281,0.04236,0.04241,660051.5,28135.298959
1787860800000,0.04241,0.04246,0.04211,0.04231,709736.5,29997.38851
1787864400000,0.04231,0.04236,0.04181,0.04209,2968046.8,124757.339538
1787868000000,0.04209,0.04229,0.04209,0.04212,394919.2,16662.146202
1787871600000,0.04212,0.04225,0.04203,0.04225,183789.7,7740.362192
1787875200000,0.04225,0.04267,0.04212,0.04244,343979.9,14583.995379
1787878800000,0.04244,0.04308,0.04244,0.04272,738600.3,31663.546455
1787882400000,0.04272,0.04275,0.04162,0.04174,1143534.8,48118.355021
1787886000000,0.04174,0.04182,0.04147,0.04156,462153.8,19240.594978
1787889600000,0.04156,0.0416,0.04078,0.04091,637773.3,26233.729048
1787893200000,0.04091,0.04134,0.0407,0.0411,1945719.8,79798.715881
1787896800000,0.0411,0.04149,0.04109,0.04137,443410.0,18339.173671
1787900400000,0.04137,0.0415,0.04106,0.04123,501473.6,20683.262534
1787904000000,0.04123,0.04161,0.04122,0.04148,1076525.0,44633.500875
1787907600000,0.04148,0.0418,0.04143,0.04148,532070.0,22118.901375
1787911200000,0.04148,0.04181,0.04121,0.0418,600406.3,24947.302706
1787914800000,0.0418,0.0419,0.04166,0.04172,355617.9,14853.019512
1787918400000,0.04172,0.04175,0.04146,0.04159,278991.1,11608.250503
1787922000000,0.04159,0.04174,0.04101,0.04114,459814.1,18984.412605
1787925600000,0.04114,0.04192,0.04032,0.04176,2278177.6,93505.387625
1787929200000,0.04176,0.04197,0.04097,0.04097,642123.7,26679.312455
1787932800000,0.04097,0.04101,0.03785,0.03911,20785217.3,813018.87304
1787936400000,0.03911,0.03933,0.0389,0.03909,1437304.0,56236.141584
1787940000000,0.03909,0.03913,0.0385,0.039,2478811.6,96177.112931
1787943600000,0.039,0.03938,0.03898,0.03914,1087115.8,42601.073461
1787947200000,0.03914,0.03933,0.03908,0.0391,408154.8,16004.61004
1787950800000,0.0391,0.03924,0.03893,0.03915,600414.8,23475.543936
1787954400000,0.03915,0.03928,0.03886,0.03914,692270.2,27082.43745
1787958000000,0.03914,0.03982,0.03907,0.03971,566525.5,22375.322658
1787961600000,0.03971,0.04002,0.03962,0.03971,1250529.3,49803.955683
1787965200000,0.03971,0.03976,0.03946,0.03958,324447.2,12860.474566
1787968800000,0.03958,0.03961,0.03912,0.03928,506836.2,19922.914447
1787972400000,0.03928,0.03937,0.03917,0.03919,1259076.4,49487.815147
1787976000000,0.03919,0.03933,0.03907,0.0392,362068.4,14189.947311
1787979600000,0.0392,0.03936,0.03898,0.03904,658102.2,25743.933679
1787983200000,0.03904,0.03906,0.0385,0.03865,853817.1,33033.049408
1787986800000,0.03865,0.03875,0.03841,0.03843,457282.0,17654.557254
1787990400000,0.03843,0.03848,0.03821,0.03841,438168.3,16813.858661
1787994000000,0.03841,0.03874,0.03833,0.0387,296587.9,11442.838208
1787997600000,0.0387,0.03876,0.03848,0.03848,465568.0,18012.596219
1788001200000,0.03848,0.03852,0.03792,0.03796,1269948.7,48460.755426
1788004800000,0.03796,0.03817,0.03791,0.03796,1133209.2,43097.396049
1788008400000,0.03796,0.03839,0.03786,0.03817,857381.5,32639.486445
1788012000000,0.03817,0.03855,0.03808,0.03848,1143858.0,43721.646096
1788015600000,0.03848,0.03848,0.03819,0.03831,963809.3,36923.401212
1788019200000,0.03831,0.03852,0.03826,0.03832,684387.1,26279.581788
1788022800000,0.03832,0.03842,0.03822,0.03836,987864.7,37862.145275
1788026400000,0.03836,0.03874,0.03832,0.03858,504355.9,19438.335515
1788030000000,0.03858,0.03874,0.03844,0.03844,369841.6,14265.037873
1788033600000,0.03844,0.03932,0.0384,0.03924,2252045.8,87784.106827
1788037200000,0.03924,0.03946,0.03904,0.03928,618001.0,24270.439687
1788040800000,0.03928,0.04017,0.03918,0.03968,1612099.1,64138.745699
1788044400000,0.03968,0.03993,0.03958,0.03959,500491.6,19880.330329
1788048000000,0.03959,0.03992,0.0394,0.03949,602348.4,23879.036181
1788051600000,0.03949,0.03977,0.03932,0.03947,369005.0,14583.113156
1788055200000,0.03947,0.0399,0.03933,0.0398,803973.6,31840.374377
1788058800000,0.0398,0.03997,0.03963,0.03968,522873.0,20801.380312
1788062400000,0.03968,0.03972,0.03922,0.03938,511446.3,20149.889628
1788066000000,0.03938,0.0397,0.03936,0.03966,348177.9,13776.440059
1788069600000,0.03966,0.03969,0.0394,0.0396,486349.6,19212.283629
1788073200000,0.0396,0.03962,0.03935,0.03935,242593.9,9583.276684
1788076800000,0.03935,0.03982,0.0393,0.03971,373341.9,14761.648285
1788080400000,0.03971,0.04016,0.03966,0.04001,1654291.5,66108.238894
1788084000000,0.04001,0.04017,0.03986,0.04,412630.6,16514.057116
1788087600000,0.04,0.04002,0.03971,0.03991,469857.7,18714.079089
1788091200000,0.03991,0.04009,0.03978,0.04003,442405.7,17663.734804
1788094800000,0.04003,0.04059,0.04,0.04018,1933669.9,77981.334336
1788098400000,0.04018,0.04081,0.04015,0.04023,1581803.0,64007.291943
1788102000000,0.04023,0.04041,0.03991,0.04037,1233108.8,49508.08016
1788105600000,0.04037,0.04109,0.0403,0.041,1777345.8,72401.008477
1788109200000,0.041,0.04132,0.04053,0.04102,1650307.3,67608.080567
1788112800000,0.04102,0.04182,0.04082,0.04106,2422249.6,100138.687126
1788116400000,0.04106,0.04126,0.04062,0.04064,816937.9,33466.437957
1788120000000,0.04064,0.04195,0.04041,0.0407,3739040.9,153633.657853
1788123600000,0.0407,0.0407,0.04012,0.04048,1516879.1,61095.536346
1788127200000,0.04048,0.04059,0.03987,0.04024,969821.9,39052.80201
1788130800000,0.04024,0.04024,0.03866,0.03926,1913226.0,75380.58252
1788134400000,0.03926,0.03981,0.03913,0.03954,466338.7,18435.135726
1788138000000,0.03954,0.03958,0.03914,0.03924,747346.7,29366.223849
1788141600000,0.03924,0.03959,0.03906,0.0392,417016.8,16385.20033
1788145200000,0.0392,0.03979,0.03917,0.03961,826712.7,32737.607662
1788148800000,0.03961,0.03972,0.03938,0.03972,314479.9,12425.588377
1788152400000,0.03972,0.04048,0.03972,0.0401,363191.3,14598.963083
1788156000000,0.0401,0.04032,0.04001,0.04006,259925.7,10436.232618
1788159600000,0.04006,0.04028,0.03984,0.04002,677984.6,27114.248794
1788163200000,0.04002,0.04016,0.03978,0.0399,296838.2,11859.48491
1788166800000,0.0399,0.04044,0.03979,0.04008,612910.3,24533.795222
1788170400000,0.04008,0.04034,0.0399,0.04022,303532.3,12173.917592
1788174000000,0.04022,0.04022,0.03982,0.03992,259209.6,10369.217928
1788177600000,0.03992,0.04022,0.0398,0.03992,563799.0,22553.132784
1788181200000,0.03992,0.04012,0.03957,0.03968,447454.1,17834.713417
1788184800000,0.03968,0.04021,0.03962,0.04008,427217.3,17033.192561
1788188400000,0.04008,0.04011,0.03968,0.03971,292495.1,11652.776494
1788192000000,0.03971,0.04001,0.03948,0.03982,430980.4,17109.384835
1788195600000,0.03982,0.03999,0.03968,0.03991,382550.5,15239.257019
1788199200000,0.03991,0.04056,0.0397,0.04033,1011504.5,40641.016824
1788202800000,0.04033,0.04066,0.04016,0.04025,578849.2,23385.770168
1788206400000,0.04025,0.04037,0.0401,0.04016,447935.2,18009.900549
1788210000000,0.04016,0.04034,0.03994,0.0403,362088.1,14517.76889
1788213600000,0.0403,0.0403,0.03999,0.04001,185545.5,7439.961131
1788217200000,0.04001,0.04001,0.03982,0.03989,205592.0,8203.825597
1788220800000,0.03989,0.04027,0.03986,0.04013,394447.3,15829.925611
1788224400000,0.04013,0.04017,0.03986,0.03998,376150.6,15042.011254
1788228000000,0.03998,0.03998,0.03974,0.0399,262832.2,10468.272206
1788231600000,0.0399,0.04018,0.03976,0.0401,357926.8,14287.611116
1788235200000,0.0401,0.04055,0.04006,0.04039,283979.6,11461.275843
1788238800000,0.04039,0.0407,0.04032,0.04064,324603.2,13153.744409
1788242400000,0.04064,0.0407,0.0403,0.0403,376252.2,15264.301864
1788246000000,0.0403,0.04064,0.04019,0.04032,277614.9,11213.144041
1788249600000,0.04032,0.04047,0.03961,0.03968,766463.2,30640.931512
1788253200000,0.03968,0.03986,0.03944,0.0397,637878.1,25322.133245
1788256800000,0.0397,0.04036,0.03967,0.04009,508245.9,20342.804254
1788260400000,0.04009,0.04026,0.03981,0.04007,683444.6,27314.677364
1788264000000,0.04007,0.04059,0.03991,0.04017,708959.5,28522.488202
1788267600000,0.04017,0.04044,0.03988,0.04034,804853.2,32353.492706
1788271200000,0.04034,0.04078,0.04032,0.04035,735369.8,29801.032139
1788274800000,0.04035,0.04061,0.0399,0.04048,666508.6,26909.152111
1788278400000,0.04048,0.04049,0.03977,0.04047,617400.9,24773.443946
1788282000000,0.04047,0.04064,0.04008,0.04016,879924.7,35501.369785
1788285600000,0.04016,0.04026,0.03926,0.03973,953279.1,37683.483597
1788289200000,0.03973,0.04,0.0396,0.03993,331264.0,13188.265547
1788292800000,0.03993,0.03993,0.03944,0.03979,561929.1,22301.184623
1788296400000,0.03979,0.0399,0.03944,0.03963,799037.1,31725.368147
1788300000000,0.03963,0.03966,0.03927,0.03939,620786.0,24459.635375
1788303600000,0.03939,0.03964,0.0393,0.03956,182735.9,7205.08381
1788307200000,0.03956,0.03962,0.03928,0.03928,238349.2,9409.630305
1788310800000,0.03928,0.03945,0.03827,0.03882,3774278.8,146035.782346
1788314400000,0.03882,0.04038,0.0388,0.03991,1447079.3,57486.405441
1788318000000,0.03991,0.04095,0.03989,0.04049,2151751.7,87244.115543
1788321600000,0.04049,0.04052,0.03998,0.04018,712782.3,28645.642323
1788325200000,0.04018,0.04044,0.03998,0.04003,423696.3,17018.045919
1788328800000,0.04003,0.04014,0.03982,0.04003,633941.7,25352.117288
1788332400000,0.04003,0.04019,0.03998,0.04019,462186.1,18531.255192
1788336000000,0.04019,0.04032,0.03988,0.03994,373861.2,14988.563806
1788339600000,0.03994,0.04004,0.03944,0.03958,679522.1,26942.98761
1788343200000,0.03958,0.03958,0.03861,0.03902,1308443.4,51017.948124
1788346800000,0.03902,0.03907,0.03877,0.03904,520939.8,20285.942557
1788350400000,0.03904,0.0392,0.03883,0.03887,334993.4,13081.491418
1788354000000,0.03887,0.03976,0.03877,0.03942,1080990.5,42545.604993
1788357600000,0.03942,0.03956,0.03927,0.03927,534861.7,21071.604862
1788361200000,0.03927,0.03953,0.03908,0.03942,517274.1,20332.659119
1788364800000,0.03942,0.04053,0.03938,0.03968,1251721.5,50054.593572
1788368400000,0.03968,0.03974,0.03931,0.03947,802734.1,31681.147307
1788372000000,0.03947,0.03956,0.03936,0.03956,1242939.3,49007.158992
1788375600000,0.03956,0.03962,0.03907,0.03918,462485.8,18158.008502
1788379200000,0.03918,0.03943,0.03916,0.03924,463518.0,18197.53922
1788382800000,0.03924,0.03929,0.03906,0.03916,325991.9,12767.586223
1788386400000,0.03916,0.03918,0.03891,0.03906,310331.2,12108.367613
1788390000000,0.03906,0.03934,0.039,0.03934,254315.2,9963.692681
1788393600000,0.03934,0.03947,0.03904,0.03914,535622.0,20990.468075
1788397200000,0.03914,0.0398,0.0391,0.03952,521922.4,20639.284455
1788400800000,0.03952,0.04004,0.03947,0.04,366264.1,14558.574491
1788404400000,0.04,0.04002,0.03959,0.03968,345277.5,13722.65364
1788408000000,0.03968,0.03998,0.03958,0.03998,289862.9,11523.601386
1788411600000,0.03998,0.04028,0.03969,0.04019,1281843.8,51217.195849
1788415200000,0.04019,0.04024,0.0399,0.0399,315965.0,12664.258812
1788418800000,0.0399,0.04021,0.03965,0.03985,1604914.9,64060.717313
1788422400000,0.03985,0.04062,0.03981,0.04035,712000.3,28680.459015
1788426000000,0.04035,0.04037,0.03988,0.03988,457706.4,18380.242473
1788429600000,0.03988,0.04,0.03964,0.03998,472918.6,18845.257895
1788433200000,0.03998,0.0402,0.03981,0.04014,420276.1,16823.905641
1788436800000,0.04014,0.04037,0.03999,0.04024,655791.7,26306.900202
1788440400000,0.04024,0.04024,0.03979,0.03991,424947.1,16998.023869
1788444000000,0.03991,0.04142,0.03979,0.04134,1788020.2,72696.566504
1788447600000,0.04134,0.04149,0.04062,0.04101,1891890.8,77637.303459
1788451200000,0.04101,0.0411,0.04016,0.04085,1567566.2,63894.564701
1788454800000,0.04085,0.04097,0.04066,0.04077,1394609.0,56927.245233
1788458400000,0.04077,0.04097,0.04072,0.04091,549872.1,22433.854145
1788462000000,0.04091,0.0411,0.04059,0.0407,666935.5,27226.454496
1788465600000,0.0407,0.04114,0.04045,0.04111,1092249.8,44511.152954
1788469200000,0.04111,0.04144,0.04094,0.04102,1476455.9,60847.548654
1788472800000,0.04102,0.04104,0.0403,0.0408,1250086.9,50781.132577
1788476400000,0.0408,0.04092,0.04064,0.0408,382474.7,15598.404842
1788480000000,0.0408,0.04134,0.04054,0.04055,555400.0,22758.649933
1788483600000,0.04055,0.041,0.04048,0.04086,574796.5,23445.905529
1788487200000,0.04086,0.04087,0.0405,0.0408,272858.3,11102.424024
1788490800000,0.0408,0.04094,0.0407,0.04084,186061.9,7592.384085
1788494400000,0.04084,0.04139,0.04041,0.04088,5615604.3,230198.962275
1788498000000,0.04088,0.04091,0.03991,0.04034,5608525.7,225776.064454
1788501600000,0.04034,0.04034,0.03997,0.04007,662066.8,26559.826249
1788505200000,0.04007,0.04052,0.04007,0.04027,1390932.8,56122.805837
1788508800000,0.04027,0.04087,0.04024,0.04086,605601.7,24642.901486
1788512400000,0.04086,0.04109,0.04056,0.04056,2179700.1,88779.3377
1788516000000,0.04056,0.04068,0.0403,0.04068,1223823.2,49519.967368
1788519600000,0.04068,0.04068,0.0403,0.0403,570122.7,23067.478028
1788523200000,0.0403,0.04036,0.03859,0.03908,3317003.2,130467.058133
1788526800000,0.03908,0.03936,0.03865,0.0391,2319623.3,90488.250405
1788530400000,0.0391,0.03917,0.03838,0.03857,1360591.7,52734.009656
1788534000000,0.03857,0.03898,0.0385,0.03895,1243202.0,48208.756289
1788537600000,0.03895,0.03923,0.0389,0.03915,700451.1,27398.820809
1788541200000,0.03915,0.0393,0.03897,0.03927,638443.8,24996.265168
1788544800000,0.03927,0.03948,0.03918,0.0393,249011.6,9795.759447
1788548400000,0.0393,0.03959,0.03925,0.03926,304037.3,11977.495369
1788552000000,0.03926,0.03941,0.03871,0.03888,1150250.9,44864.429591
1788555600000,0.03888,0.03899,0.03877,0.0388,170023.8,6617.953377
1788559200000,0.0388,0.03885,0.03874,0.03874,452597.7,17551.113404
1788562800000,0.03874,0.03905,0.03867,0.039,168307.1,6537.036846
1788566400000,0.039,0.03911,0.03875,0.03891,1186203.7,46164.413163
1788570000000,0.03891,0.03904,0.03886,0.03888,427265.6,16642.993692
1788573600000,0.03888,0.03911,0.03884,0.03904,266084.9,10376.643812
1788577200000,0.03904,0.03924,0.03888,0.03909,264156.3,10322.727115
1788580800000,0.03909,0.03916,0.03893,0.03907,767003.7,29937.789757
1788584400000,0.03907,0.03922,0.03897,0.03922,407497.6,15935.429458
1788588000000,0.03922,0.03962,0.0392,0.0396,565200.0,22325.584373
1788591600000,0.0396,0.03962,0.03926,0.03933,389721.4,15387.474865
1788595200000,0.03933,0.03977,0.03921,0.03969,1398999.8,55174.265389
1788598800000,0.03969,0.03987,0.03965,0.03978,1019041.6,40466.011496
1788602400000,0.03978,0.03981,0.03942,0.03965,644903.4,25534.346639
1788606000000,0.03965,0.03968,0.03945,0.0395,491832.1,19456.796951
1788609600000,0.0395,0.03991,0.03943,0.03978,1142995.1,45401.426947
1788613200000,0.03978,0.03998,0.03966,0.03985,795108.8,31661.445649
1788616800000,0.03985,0.04018,0.03982,0.04004,846618.3,33862.206561
1788620400000,0.04004,0.0401,0.03968,0.03977,459403.0,18314.073007
1788624000000,0.03977,0.04013,0.0397,0.0401,1193264.2,47626.057241
1788627600000,0.0401,0.04054,0.04002,0.04054,1275349.3,51420.367648
1788631200000,0.04054,0.04054,0.04017,0.04018,467938.2,18841.716362
1788634800000,0.04018,0.04057,0.04015,0.04028,820246.7,33125.52303
1788638400000,0.04028,0.04055,0.04022,0.04022,480872.2,19406.537028
1788642000000,0.04022,0.04066,0.0401,0.0406,383086.1,15450.797905
1788645600000,0.0406,0.04069,0.04021,0.04039,1028235.2,41568.048625
1788649200000,0.04039,0.04039,0.04011,0.04031,306433.1,12328.436772
1788652800000,0.04031,0.04144,0.04028,0.04111,1378093.7,56438.97032
1788656400000,0.04111,0.04171,0.04107,0.04161,1689935.4,70105.229143
1788660000000,0.04161,0.04208,0.04129,0.04163,1073119.3,44642.75611
1788663600000,0.04163,0.04202,0.04137,0.04153,875476.4,36465.675748
1788667200000,0.04153,0.04166,0.04094,0.04126,481583.5,19866.786202
1788670800000,0.04126,0.04162,0.04102,0.04142,302733.4,12504.788863
1788674400000,0.04142,0.04171,0.04123,0.04133,825155.8,34188.603637
1788678000000,0.04133,0.04231,0.04087,0.04144,2412324.6,100055.352489
1788681600000,0.04144,0.04202,0.04119,0.0413,657107.4,27323.427021
1788685200000,0.0413,0.04198,0.04128,0.0419,645528.3,26923.781523
1788688800000,0.0419,0.04272,0.04184,0.04261,1900819.0,80453.951398
1788692400000,0.04261,0.04274,0.0421,0.04261,2205055.0,93773.356123
1788696000000,0.04261,0.04306,0.0423,0.0424,3427978.7,146013.711618
1788699600000,0.0424,0.04277,0.04204,0.0426,1183183.3,50130.251216
1788703200000,0.0426,0.04269,0.04155,0.04209,2423347.5,101936.999981
1788706800000,0.04209,0.04233,0.04176,0.04202,1444880.8,60840.193171
1788710400000,0.04202,0.04226,0.04179,0.04206,730363.1,30696.239671
1788714000000,0.04206,0.04216,0.04175,0.04204,543371.1,22801.553988
1788717600000,0.04204,0.04212,0.04177,0.04183,582286.4,24414.790602
1788721200000,0.04183,0.04229,0.04177,0.04211,816609.8,34350.236367
1788724800000,0.04211,0.04222,0.0419,0.04206,527677.0,22197.308456
1788728400000,0.04206,0.04234,0.04204,0.04215,388578.6,16380.036451
1788732000000,0.04215,0.04216,0.04164,0.04185,614251.1,25705.808776
1788735600000,0.04185,0.04234,0.04178,0.04231,228605.5,9634.555667
1788739200000,0.04231,0.04241,0.04195,0.04204,337250.1,14247.061349
1788742800000,0.04204,0.04207,0.04133,0.04143,751173.2,31217.962104
1788746400000,0.04143,0.04202,0.04119,0.04164,561807.8,23326.987898
1788750000000,0.04164,0.04171,0.04121,0.04137,349744.1,14491.865407
1788753600000,0.04137,0.04219,0.04133,0.04219,374289.9,15666.232971
1788757200000,0.04219,0.04261,0.04205,0.04231,448026.6,18946.807458
1788760800000,0.04231,0.0426,0.04215,0.04222,874299.4,37083.454469
1788764400000,0.04222,0.04239,0.04143,0.04189,939229.2,39364.080039
1788768000000,0.04189,0.04255,0.04187,0.04218,811844.5,34379.172927
1788771600000,0.04218,0.04233,0.04178,0.04179,1105184.7,46580.691836
1788775200000,0.04179,0.04222,0.04179,0.04211,421535.5,17698.059309
1788778800000,0.04211,0.0422,0.04198,0.04208,237941.2,10013.599792
1788782400000,0.04208,0.04255,0.04208,0.04253,505521.1,21385.774757
1788786000000,0.04253,0.04266,0.04216,0.04243,506355.6,21502.203142
1788789600000,0.04243,0.04254,0.04203,0.04238,444585.7,18803.956701
1788793200000,0.04238,0.04242,0.04144,0.04163,627266.5,26194.626399
1788796800000,0.04163,0.04235,0.04158,0.04231,316964.1,13284.350364
1788800400000,0.04231,0.04251,0.04212,0.04218,344014.5,14561.348113
1788804000000,0.04218,0.04226,0.04199,0.04214,286064.1,12061.391025
1788807600000,0.04214,0.04226,0.04196,0.04222,86883.7,3660.94769
1788811200000,0.04222,0.04232,0.04198,0.04222,207400.3,8745.470803
1788814800000,0.04222,0.04274,0.04222,0.04261,445804.1,18969.273577
1788818400000,0.04261,0.04269,0.04202,0.0421,196349.2,8318.767857
1788822000000,0.0421,0.0425,0.0421,0.04243,342890.2,14533.29886
1788825600000,0.04243,0.0431,0.04233,0.04306,547069.2,23343.751377
1788829200000,0.04306,0.04322,0.04267,0.04282,664334.5,28515.448968
1788832800000,0.04282,0.04294,0.04211,0.04216,737913.6,31325.275972
1788836400000,0.04216,0.04284,0.04199,0.0427,462259.9,19613.199664
1788840000000,0.0427,0.0433,0.04259,0.04303,973649.4,41751.192333
1788843600000,0.04303,0.04347,0.0429,0.04302,746938.4,32286.637753
1788847200000,0.04302,0.04312,0.04225,0.04241,627840.0,26765.561855
1788850800000,0.04241,0.04306,0.04238,0.0425,867783.3,37140.17658
1788854400000,0.0425,0.04263,0.04224,0.0425,516976.7,21927.468402
1788858000000,0.0425,0.04317,0.04226,0.04306,596129.1,25481.86308
1788861600000,0.04306,0.04318,0.04273,0.04282,328576.1,14107.597536
1788865200000,0.04282,0.04282,0.04228,0.04241,1061871.3,45114.220995
1788868800000,0.04241,0.04241,0.042,0.04213,577484.8,24328.743567
1788872400000,0.04213,0.04213,0.04107,0.04157,1058489.9,44041.003073
1788876000000,0.04157,0.04247,0.04157,0.0423,396534.3,16659.146228
1788879600000,0.0423,0.04307,0.04226,0.04305,293305.6,12531.636404
1788883200000,0.04305,0.04355,0.04257,0.04325,638853.1,27512.346912
1788886800000,0.04325,0.04344,0.04255,0.04255,1727315.9,74251.66987
1788890400000,0.04255,0.04296,0.04204,0.04224,418546.5,17759.571562
1788894000000,0.04224,0.04237,0.04207,0.04215,552810.5,23341.82115
1788897600000,0.04215,0.04253,0.04209,0.04215,378324.3,16000.44744
1788901200000,0.04215,0.04239,0.04203,0.04218,273045.7,11516.744454
1788904800000,0.04218,0.04246,0.04218,0.04227,140741.5,5955.569775
1788908400000,0.04227,0.04234,0.04213,0.04227,199399.7,8417.631151
1788912000000,0.04227,0.04273,0.04227,0.04252,244045.5,10376.20858
1788915600000,0.04252,0.04252,0.04215,0.04233,254116.8,10758.701296
1788919200000,0.04233,0.0429,0.04224,0.04269,371365.7,15782.244139
1788922800000,0.04269,0.04272,0.04207,0.04217,438884.9,18565.755307
1788926400000,0.04217,0.04298,0.04214,0.04278,283100.9,12081.153232
1788930000000,0.04278,0.04282,0.04228,0.04231,330035.6,14012.109654
1788933600000,0.04231,0.04249,0.04221,0.04239,137416.9,5820.599709
1788937200000,0.04239,0.04262,0.0423,0.04249,408908.5,17391.777843
1788940800000,0.04249,0.04309,0.04244,0.04283,485793.1,20810.782103
1788944400000,0.04283,0.04338,0.04244,0.04244,1063008.0,45719.847371
1788948000000,0.04244,0.04257,0.04226,0.04238,232573.6,9859.297925
1788951600000,0.04238,0.04277,0.04215,0.04273,313199.8,13321.182713
1788955200000,0.04273,0.04285,0.04235,0.04269,579388.6,24710.584721
1788958800000,0.04269,0.04285,0.04231,0.04252,496593.3,21170.008533
1788962400000,0.04252,0.04296,0.04245,0.04267,537502.4,22995.897452
1788966000000,0.04267,0.04302,0.0416,0.04222,1298785.4,54757.648628
1788969600000,0.04222,0.04294,0.04201,0.04266,1064675.6,45207.787415
1788973200000,0.04266,0.04295,0.04256,0.04278,275883.2,11804.42028
1788976800000,0.04278,0.04322,0.04262,0.04321,559247.9,24048.339598
1788980400000,0.04321,0.0435,0.04246,0.04284,908127.1,39051.373475
1788984000000,0.04284,0.04356,0.04234,0.04326,955440.2,41046.550445
1788987600000,0.04326,0.04369,0.04279,0.04322,896880.9,38751.786569
1788991200000,0.04322,0.04346,0.04197,0.04205,2047583.9,86992.719482
1788994800000,0.04205,0.04281,0.042,0.04281,1270985.6,53711.912604
1788998400000,0.04281,0.04284,0.04163,0.04177,1009169.0,42526.548598
1789002000000,0.04177,0.04253,0.04105,0.04117,2288492.6,95434.51228
1789005600000,0.04117,0.0417,0.0408,0.04168,970244.2,39838.910963
1789009200000,0.04168,0.0418,0.0414,0.04148,732063.7,30450.867092
1789012800000,0.04148,0.04152,0.04095,0.04104,397789.1,16389.002603
1789016400000,0.04104,0.04132,0.04089,0.04122,593243.9,24409.683973
1789020000000,0.04122,0.04129,0.04083,0.04095,610120.3,24980.436896
1789023600000,0.04095,0.04097,0.04031,0.04056,2040669.5,82738.968889
1789027200000,0.04056,0.04077,0.04051,0.04075,588587.6,23930.095976
1789030800000,0.04075,0.04088,0.04045,0.04047,545785.3,22167.879248
1789034400000,0.04047,0.04077,0.04024,0.04026,430265.1,17451.879089
1789038000000,0.04026,0.04068,0.04016,0.04036,569888.0,23069.386457
1789041600000,0.04036,0.04039,0.03926,0.03968,1815516.3,72265.059592
1789045200000,0.03968,0.04037,0.03965,0.04027,690433.3,27579.484626
1789048800000,0.04027,0.04045,0.03981,0.04008,1009266.2,40539.310535
1789052400000,0.04008,0.04013,0.03981,0.03991,337146.9,13462.2444
1789056000000,0.03991,0.03997,0.0393,0.03973,703277.2,27831.662698
1789059600000,0.03973,0.04029,0.0397,0.04017,782948.5,31347.009793
1789063200000,0.04017,0.04017,0.03985,0.04011,195356.2,7806.737155
1789066800000,0.04011,0.04014,0.03969,0.03974,293987.8,11716.545908
1789070400000,0.03974,0.0399,0.03967,0.03976,230324.7,9169.717481
1789074000000,0.03976,0.03986,0.03964,0.03967,147190.3,5851.210169
1789077600000,0.03967,0.04002,0.03924,0.03925,1510239.6,59738.977806
1789081200000,0.03925,0.03948,0.03902,0.03926,919623.7,36114.636757
1789084800000,0.03926,0.03962,0.03917,0.03956,422556.8,16627.212487
1789088400000,0.03956,0.0397,0.03932,0.03952,371144.4,14670.793357
1789092000000,0.03952,0.03961,0.03937,0.03946,170957.9,6746.528865
1789095600000,0.03946,0.03992,0.03937,0.03992,440719.5,17515.444533
1789099200000,0.03992,0.0402,0.0399,0.04017,464541.0,18616.949485
1789102800000,0.04017,0.04021,0.04005,0.0402,233496.9,9373.388481
1789106400000,0.0402,0.04031,0.03998,0.04011,543917.3,21847.292028
1789110000000,0.04011,0.04026,0.03995,0.03999,157757.0,6329.091219
1789113600000,0.03999,0.0405,0.03997,0.04023,256533.9,10312.417364
1789117200000,0.04023,0.04023,0.03964,0.03966,491713.7,19632.190212
1789120800000,0.03966,0.03987,0.03931,0.03931,519969.1,20536.979631
1789124400000,0.03931,0.03941,0.03886,0.03933,1541085.6,60345.721403
1789128000000,0.03933,0.04057,0.0389,0.04038,2970431.4,117956.356419
1789131600000,0.04038,0.04128,0.03987,0.04124,1162622.6,46956.411817
1789135200000,0.04124,0.04158,0.04073,0.0409,2113102.0,86834.742373
1789138800000,0.0409,0.04104,0.04,0.04007,980333.5,39801.631552
1789142400000,0.04007,0.04043,0.03999,0.04031,558742.7,22463.372216
1789146000000,0.04031,0.04038,0.03993,0.03997,341298.5,13702.473078
1789149600000,0.03997,0.03998,0.03923,0.03929,661384.1,26137.174622
1789153200000,0.03929,0.03971,0.03919,0.03964,483030.8,19074.779789
1789156800000,0.03964,0.03991,0.03946,0.0396,434634.5,17240.198572
1789160400000,0.0396,0.03989,0.03931,0.03931,499881.3,19795.865253
1789164000000,0.03931,0.03956,0.03919,0.03935,642279.7,25278.580208
1789167600000,0.03935,0.03983,0.03932,0.03983,304129.7,12053.914525
1789171200000,0.03983,0.04014,0.03981,0.04008,281664.0,11254.92134
1789174800000,0.04008,0.04013,0.03999,0.04002,233798.7,9366.874079
1789178400000,0.04002,0.04024,0.03999,0.04008,241383.5,9678.702803
1789182000000,0.04008,0.04015,0.04,0.04004,169626.7,6797.180091
1789185600000,0.04004,0.04023,0.03987,0.0401,197791.4,7915.36404
1789189200000,0.0401,0.04033,0.03998,0.03998,490130.9,19689.9189
1789192800000,0.03998,0.04068,0.03995,0.0405,513559.1,20743.620808
1789196400000,0.0405,0.04061,0.04033,0.04034,216212.4,8750.855616
1789200000000,0.04034,0.04047,0.04015,0.04019,428039.8,17229.84759
1789203600000,0.04019,0.04033,0.04014,0.04026,188776.1,7592.8253
1789207200000,0.04026,0.04052,0.04022,0.04038,658271.1,26598.082893
1789210800000,0.04038,0.04039,0.04015,0.04018,292339.9,11762.985328
1789214400000,0.04018,0.04022,0.04001,0.04008,330343.9,13246.307196
1789218000000,0.04008,0.04021,0.03999,0.04004,267170.6,10710.164755
1789221600000,0.04004,0.04016,0.03998,0.04008,130294.2,5218.23125
1789225200000,0.04008,0.04042,0.04008,0.04037,281628.1,11337.387974
1789228800000,0.04037,0.04037,0.04022,0.04027,76284.5,3071.801522
1789232400000,0.04027,0.04031,0.04015,0.0402,235882.0,9488.021608
1789236000000,0.0402,0.04032,0.04015,0.0402,190005.3,7639.039886
1789239600000,0.0402,0.0402,0.03998,0.04009,128287.3,5143.49738
1789243200000,0.04009,0.04018,0.03988,0.03988,189010.9,7562.787746
1789246800000,0.03988,0.03995,0.03976,0.03995,271307.8,10819.742364
1789250400000,0.03995,0.04003,0.03978,0.03979,227002.7,9055.1677
1789254000000,0.03979,0.04019,0.03974,0.04019,271232.5,10829.542604
1789257600000,0.04019,0.04031,0.04007,0.04029,388644.9,15618.024164
1789261200000,0.04029,0.0409,0.04027,0.04078,550115.8,22346.717939
1789264800000,0.04078,0.04133,0.04071,0.04122,946160.5,38854.453324
1789268400000,0.04122,0.04146,0.04115,0.04125,1022099.1,42205.140441
1789272000000,0.04125,0.04136,0.041,0.041,452726.3,18647.862028
1789275600000,0.041,0.04123,0.04095,0.04113,596146.9,24483.579026
1789279200000,0.04113,0.04121,0.04089,0.04093,454925.7,18697.154684
1789282800000,0.04093,0.04104,0.04076,0.04082,531807.6,21756.703975
1789286400000,0.04082,0.04095,0.04004,0.04011,941673.3,38075.760102
1789290000000,0.04011,0.04039,0.03989,0.04033,729067.0,29312.887675
1789293600000,0.04033,0.04048,0.0401,0.04013,385035.7,15508.607938
1789297200000,0.04013,0.04038,0.04007,0.04031,152206.6,6113.959551
1789300800000,0.04031,0.04097,0.04015,0.0409,1290963.0,52175.188091
1789304400000,0.0409,0.04174,0.04077,0.04144,1432722.6,59030.785458
1789308000000,0.04144,0.042,0.04138,0.0419,1685524.3,70200.380167
1789311600000,0.0419,0.04197,0.04151,0.04177,1544191.6,64549.307475
1789315200000,0.04177,0.04185,0.04124,0.04136,665028.7,27588.672167
1789318800000,0.04136,0.04204,0.04136,0.04153,1073003.1,44883.234623
1789322400000,0.04153,0.04167,0.04146,0.04156,205134.0,8531.541822
1789326000000,0.04156,0.04161,0.04124,0.04138,252428.7,10445.898146
1789329600000,0.04138,0.04195,0.04136,0.04181,650447.7,27128.828929
1789333200000,0.04181,0.04186,0.04131,0.04132,466334.0,19404.393491
1789336800000,0.04132,0.04134,0.03994,0.04028,2026670.2,81790.652021
1789340400000,0.04028,0.04076,0.04018,0.04072,962533.8,38976.886739
1789344000000,0.04072,0.0411,0.04056,0.0411,716682.8,29276.157965
1789347600000,0.0411,0.04153,0.04086,0.04149,592429.2,24369.66512
1789351200000,0.04149,0.042,0.0414,0.04168,706440.4,29542.684756
1789354800000,0.04168,0.04199,0.04132,0.04153,384520.3,15999.327655
1789358400000,0.04153,0.04171,0.04139,0.04156,269907.6,11211.941446
1789362000000,0.04156,0.04182,0.04149,0.0417,309882.9,12905.042981
1789365600000,0.0417,0.04227,0.04163,0.04198,670794.8,28195.78743
1789369200000,0.04198,0.04214,0.04144,0.04149,481377.0,20077.448345
1789372800000,0.04149,0.04167,0.0414,0.04142,743368.3,30872.066016
1789376400000,0.04142,0.04169,0.04102,0.04152,648268.8,26766.864137
1789380000000,0.04152,0.04449,0.04149,0.0443,22922082.9,986458.85658
1789383600000,0.0443,0.04547,0.04392,0.04475,15636958.6,697030.53752
1789387200000,0.04475,0.04829,0.04349,0.04396,43497301.6,1993869.629462
1789390800000,0.04396,0.04548,0.04317,0.0437,17168445.7,761021.592912
1789394400000,0.0437,0.04479,0.04344,0.04384,5893525.1,259688.491165
1789398000000,0.04384,0.04451,0.04348,0.04387,4729808.6,208354.462533
1789401600000,0.04387,0.04409,0.04335,0.04361,3093176.0,135008.040132
1789405200000,0.04361,0.04441,0.04357,0.04387,1652566.5,72805.174765
1789408800000,0.04387,0.04402,0.04332,0.04385,3033299.6,132533.860983
1789412400000,0.04385,0.04398,0.0434,0.04351,1219463.7,53167.59258
1789416000000,0.04351,0.04421,0.0435,0.04393,1216037.6,53421.987366
1789419600000,0.04393,0.04428,0.04277,0.04307,7034249.7,304658.4777
1789423200000,0.04307,0.04366,0.04299,0.0436,1090566.0,47191.395117
1789426800000,0.0436,0.04369,0.04324,0.04369,1760980.9,76598.01334
1789430400000,0.04369,0.04373,0.04231,0.04254,3684647.8,158143.014446
1789434000000,0.04254,0.0428,0.04227,0.04267,1979726.0,84210.264232
1789437600000,0.04267,0.043,0.04266,0.04295,1217202.9,52139.466433
1789441200000,0.04295,0.04315,0.04255,0.04293,1102517.9,47209.12352
1789444800000,0.04293,0.04339,0.0427,0.04318,1334878.2,57516.028259
1789448400000,0.04318,0.04323,0.0423,0.04293,2350501.7,100396.288892
1789452000000,0.04293,0.04319,0.04206,0.04228,1727368.8,73458.130993
1789455600000,0.04228,0.04233,0.04172,0.04197,4139853.1,173606.244066
1789459200000,0.04197,0.0425,0.0418,0.04248,1618668.2,68155.285365
1789462800000,0.04248,0.04248,0.04201,0.04207,460297.7,19434.028101
1789466400000,0.04207,0.04211,0.0417,0.04181,639047.3,26722.570678
1789470000000,0.04181,0.0419,0.04101,0.04157,2360893.6,97741.61499
1789473600000,0.04157,0.04195,0.0414,0.04174,1078429.9,44914.697753
1789477200000,0.04174,0.04205,0.04113,0.04145,915487.3,38041.697297
1789480800000,0.04145,0.04155,0.03996,0.04046,6109207.7,248267.714123
1789484400000,0.04046,0.04083,0.04007,0.04061,2243184.8,90833.880557
1789488000000,0.04061,0.04081,0.0403,0.04053,795807.6,32336.274298
1789491600000,0.04053,0.04102,0.04041,0.04088,731895.9,29810.1998
1789495200000,0.04088,0.0409,0.03853,0.03956,8891626.8,350810.270886
1789498800000,0.03956,0.03969,0.03919,0.03946,2903435.6,114241.418701
1789502400000,0.03946,0.0395,0.03817,0.0387,3298622.2,127367.254396
1789506000000,0.0387,0.03877,0.03802,0.03812,558683.1,21505.843751
1789509600000,0.03812,0.03869,0.03806,0.03868,1624524.0,62214.470249
1789513200000,0.03868,0.0389,0.0384,0.0387,911364.0,35236.137961
1789516800000,0.0387,0.03926,0.03852,0.03909,1285038.6,50069.867021
1789520400000,0.03909,0.03916,0.03833,0.03838,957629.3,37191.0394
1789524000000,0.03838,0.03898,0.03836,0.03881,611950.1,23666.91498
1789527600000,0.03881,0.03907,0.03874,0.03884,482375.6,18771.531664
1789531200000,0.03884,0.0391,0.03882,0.03891,663972.4,25853.782237
1789534800000,0.03891,0.03906,0.03874,0.03888,1534948.1,59772.827117
1789538400000,0.03888,0.03904,0.03867,0.03904,480033.2,18633.003816
1789542000000,0.03904,0.03911,0.03841,0.03843,928779.3,35914.338603
1789545600000,0.03843,0.03845,0.03797,0.03827,1563285.6,59584.190688
1789549200000,0.03827,0.03874,0.03825,0.03864,1436494.6,55412.687397
1789552800000,0.03864,0.03865,0.03828,0.03856,803513.4,30912.76482
1789556400000,0.03856,0.03888,0.0384,0.03871,724567.4,27979.772048
1789560000000,0.03871,0.03876,0.03811,0.03814,1467107.9,56277.934772
1789563600000,0.03814,0.03817,0.03771,0.03774,3044633.9,115478.925461
1789567200000,0.03774,0.03783,0.03702,0.0373,4086928.5,152717.377354
1789570800000,0.0373,0.03756,0.03726,0.03729,762881.1,28552.270282
1789574400000,0.03729,0.03778,0.03719,0.03777,1327912.3,49817.440576
1789578000000,0.03777,0.03797,0.03739,0.03776,1257149.5,47457.724866
1789581600000,0.03776,0.03867,0.03752,0.03833,2878341.7,110103.771822
1789585200000,0.03833,0.03857,0.03787,0.03846,618051.9,23689.26679
1789588800000,0.03846,0.03888,0.03843,0.03885,543173.9,20996.233162
1789592400000,0.03885,0.03895,0.03867,0.03893,745473.1,28951.839826
1789596000000,0.03893,0.03893,0.03835,0.03868,762118.4,29375.258257
1789599600000,0.03868,0.03917,0.03866,0.03912,1881811.8,73407.954783
1789603200000,0.03912,0.03941,0.03896,0.03901,625680.2,24539.104136
1789606800000,0.03901,0.03938,0.03889,0.03898,620429.5,24253.609915
1789610400000,0.03898,0.03915,0.03879,0.03907,1073047.7,41834.591339
1789614000000,0.03907,0.03938,0.03905,0.03923,1363531.3,53501.175995
1789617600000,0.03923,0.03961,0.03922,0.03949,1502778.7,59145.559381
1789621200000,0.03949,0.03953,0.03931,0.03934,769274.3,30334.549895
1789624800000,0.03934,0.03977,0.03934,0.03963,654251.7,25906.727735
1789628400000,0.03963,0.03992,0.03963,0.03968,583934.3,23228.801078
1789632000000,0.03968,0.03994,0.03968,0.03974,460483.6,18338.746695
1789635600000,0.03974,0.03992,0.03952,0.03959,612720.5,24358.062497
1789639200000,0.03959,0.0396,0.03925,0.03935,776602.6,30559.371196
1789642800000,0.03935,0.03952,0.03929,0.0395,521030.1,20518.583871
1789646400000,0.0395,0.04004,0.03948,0.03981,754686.8,30056.330157
1789650000000,0.03981,0.03998,0.03947,0.03982,760517.9,30262.409
1789653600000,0.03982,0.04019,0.03968,0.03986,723171.9,28906.416441
1789657200000,0.03986,0.04033,0.03971,0.04031,1041343.6,41721.658474
1789660800000,0.04031,0.04063,0.04018,0.0405,717338.6,28988.341326
1789664400000,0.0405,0.04067,0.04042,0.04048,432175.6,17519.047952
1789668000000,0.04048,0.04073,0.04036,0.04036,653111.9,26492.432543
1789671600000,0.04036,0.04048,0.04007,0.04018,573061.6,23057.089045
1789675200000,0.04018,0.04065,0.04017,0.04057,411874.2,16675.709174
1789678800000,0.04057,0.04074,0.04041,0.04054,1307185.2,53034.386922
1789682400000,0.04054,0.04073,0.0404,0.0406,398512.9,16175.083949
1789686000000,0.0406,0.041,0.04055,0.04091,990638.6,40394.852939
1789689600000,0.04091,0.04123,0.04078,0.0412,539546.5,22115.622592
1789693200000,0.0412,0.04136,0.04106,0.04132,510850.8,21031.630376
1789696800000,0.04132,0.04176,0.04131,0.04169,700350.1,29050.604605
1789700400000,0.04169,0.04277,0.04169,0.04264,871718.7,36886.183209
1789704000000,0.04264,0.04289,0.04229,0.04278,831290.3,35429.348443
1789707600000,0.04278,0.043,0.04271,0.04281,569928.8,24405.90081
1789711200000,0.04281,0.04286,0.04262,0.04268,375345.8,16025.695155
1789714800000,0.04268,0.04308,0.04268,0.04279,476679.6,20448.804367
1789718400000,0.04279,0.04318,0.04258,0.04318,484977.4,20776.908663
1789722000000,0.04318,0.04374,0.04313,0.0436,747091.1,32466.802303
1789725600000,0.0436,0.04369,0.0431,0.04316,1024633.0,44460.93116
1789729200000,0.04316,0.04317,0.04245,0.0426,1071757.2,45770.92034
1789732800000,0.0426,0.04324,0.0426,0.04311,484072.8,20795.884742
1789736400000,0.04311,0.04352,0.04276,0.04316,1414432.9,61038.990086
1789740000000,0.04316,0.04366,0.04316,0.04364,356113.6,15475.002291
1789743600000,0.04364,0.04374,0.04331,0.04361,499282.8,21752.335217
1789747200000,0.04361,0.04433,0.04356,0.04368,1111277.5,48917.304051
1789750800000,0.04368,0.0439,0.04345,0.04382,461604.3,20157.162289
1789754400000,0.04382,0.04391,0.04365,0.04378,278502.1,12186.786368
1789758000000,0.04378,0.04466,0.04378,0.04441,1094716.6,48572.989768
1789761600000,0.04441,0.04461,0.04408,0.04449,746671.7,33110.334525
1789765200000,0.04449,0.04467,0.04441,0.04452,440517.8,19623.991261
1789768800000,0.04452,0.04472,0.04437,0.04457,212607.7,9473.627695
1789772400000,0.04457,0.04472,0.04444,0.04468,220826.6,9841.45991
1789776000000,0.04468,0.04504,0.0446,0.04477,334333.0,14985.251715
1789779600000,0.04477,0.04551,0.04448,0.04537,536387.8,24078.510357
1789783200000,0.04537,0.04571,0.04525,0.04563,883393.1,40252.755669
1789786800000,0.04563,0.04595,0.04519,0.04574,1381671.8,62840.240456
1789790400000,0.04574,0.04683,0.04574,0.04595,3209558.9,148288.107931
1789794000000,0.04595,0.04612,0.04528,0.04534,741873.4,33967.49126
1789797600000,0.04534,0.04558,0.04492,0.04549,1041100.4,47032.003386
1789801200000,0.04549,0.0462,0.04542,0.04586,563656.0,25793.946436
1789804800000,0.04586,0.04744,0.0458,0.04725,726150.1,33954.278195
1789808400000,0.04725,0.04759,0.04637,0.04656,3887466.3,181909.353872
1789812000000,0.04656,0.04743,0.04656,0.04713,657193.4,30863.490436
1789815600000,0.04713,0.0473,0.04651,0.04713,967992.5,45421.579517
1789819200000,0.04713,0.04718,0.04658,0.04685,727982.2,34173.314801
1789822800000,0.04685,0.04708,0.0466,0.04701,802462.7,37580.680622
1789826400000,0.04701,0.04803,0.04695,0.04757,1801669.6,85784.233844
1789830000000,0.04757,0.04767,0.04712,0.04722,376067.2,17807.143281
1789833600000,0.04722,0.04756,0.04722,0.04742,392657.2,18605.883675
1789837200000,0.04742,0.04751,0.04695,0.04711,326988.0,15444.147502
1789840800000,0.04711,0.04725,0.04692,0.04711,301123.8,14169.895411
1789844400000,0.04711,0.04745,0.04703,0.04738,411313.2,19455.145688
1789848000000,0.04738,0.04847,0.04712,0.04715,1968426.7,94112.755947
1789851600000,0.04715,0.04735,0.04638,0.04693,822277.6,38355.768893
1789855200000,0.04693,0.04737,0.04673,0.04728,614591.4,28866.724833
1789858800000,0.04728,0.04797,0.04722,0.04778,328586.8,15645.675605
1789862400000,0.04778,0.04845,0.0476,0.0484,527191.3,25258.729746
1789866000000,0.0484,0.04904,0.04818,0.04877,1348448.4,65575.692977
1789869600000,0.04877,0.04926,0.0468,0.04698,3049488.4,145852.8108
1789873200000,0.04698,0.04864,0.04689,0.04788,3015648.7,144403.23992
1789876800000,0.04788,0.04812,0.04724,0.04742,1169452.8,55694.768963
1789880400000,0.04742,0.04806,0.04734,0.04747,683989.9,32624.899411
1789884000000,0.04747,0.04764,0.04682,0.04723,624778.2,29449.766322
1789887600000,0.04723,0.04771,0.04698,0.04734,310441.7,14690.727476
1789891200000,0.04734,0.04771,0.04666,0.04695,535497.5,25220.065972
1789894800000,0.04695,0.04702,0.04654,0.04664,442448.3,20677.786812
1789898400000,0.04664,0.04682,0.04583,0.04597,1557274.3,71901.944608
1789902000000,0.04597,0.0463,0.04597,0.04624,294571.0,13605.788591
1789905600000,0.04624,0.04626,0.04575,0.04592,477565.7,21954.640105
1789909200000,0.04592,0.04603,0.04535,0.04563,1109112.0,50613.581337
1789912800000,0.04563,0.04685,0.04563,0.04671,1700788.8,78868.274431
1789916400000,0.04671,0.04958,0.04671,0.04869,6258087.6,303175.98407
1789920000000,0.04869,0.04981,0.0484,0.04921,1590557.0,78097.651231
1789923600000,0.04921,0.04928,0.0479,0.04875,2618628.7,127112.130879
1789927200000,0.04875,0.04878,0.04774,0.04787,975216.0,46904.635161
1789930800000,0.04787,0.04809,0.04771,0.04784,399286.1,19132.95713
1789934400000,0.04784,0.04811,0.04767,0.04772,1241513.1,59424.797475
1789938000000,0.04772,0.04775,0.04683,0.0475,2542324.7,119947.227499
1789941600000,0.0475,0.04771,0.04721,0.04723,480580.9,22789.849298
1789945200000,0.04723,0.04731,0.04692,0.04702,614605.9,28939.427072
1789948800000,0.04702,0.0481,0.04696,0.0475,804299.7,38325.630208
1789952400000,0.0475,0.04796,0.04639,0.04657,1086916.1,51271.504735
1789956000000,0.04657,0.04707,0.04649,0.04695,549681.8,25734.991989
1789959600000,0.04695,0.04796,0.04692,0.04774,856158.5,40757.718582
1789963200000,0.04774,0.04778,0.04689,0.04726,750848.8,35533.885458
1789966800000,0.04726,0.04738,0.04697,0.04702,565398.0,26662.403761
1789970400000,0.04702,0.04753,0.04697,0.04727,408957.5,19326.228539
1789974000000,0.04727,0.04757,0.04701,0.04738,1303414.3,61744.527708
1789977600000,0.04738,0.04819,0.04719,0.04792,2345454.6,111656.425716
1789981200000,0.04792,0.04876,0.04773,0.04791,2553894.4,122990.630032
1789984800000,0.04791,0.04869,0.04776,0.04868,1389849.2,67122.297941
1789988400000,0.04868,0.04888,0.04833,0.04847,2122451.6,103124.272889
1789992000000,0.04847,0.04901,0.04839,0.04899,1463527.9,71195.397714
1789995600000,0.04899,0.0491,0.04803,0.04854,1911272.8,92723.434802
1789999200000,0.04854,0.0488,0.04794,0.04868,736129.1,35603.937456
1790002800000,0.04868,0.04884,0.04823,0.04842,1483300.6,71980.353513
1790006400000,0.04842,0.04868,0.0478,0.0481,993668.0,47855.48153
1790010000000,0.0481,0.0482,0.04689,0.04735,2167268.5,102585.469646
1790013600000,0.04735,0.04783,0.04731,0.04741,488293.9,23231.434931
1790017200000,0.04741,0.04778,0.047,0.04768,1184794.9,56184.656685
1790020800000,0.04768,0.04813,0.04758,0.04798,1053720.7,50451.427828
1790024400000,0.04798,0.04818,0.04761,0.04792,666146.5,31948.68458
1790028000000,0.04792,0.04848,0.04784,0.0484,625873.9,30157.054548
1790031600000,0.0484,0.04865,0.04805,0.04861,488500.0,23615.070264
1790035200000,0.04861,0.04885,0.04823,0.04823,1522157.8,73978.197094
1790038800000,0.04823,0.04842,0.04755,0.04778,2942327.0,141005.964348
1790042400000,0.04778,0.04831,0.04759,0.0478,1148967.4,55115.87601
1790046000000,0.0478,0.04797,0.04739,0.04797,515495.0,24561.846583
1790049600000,0.04797,0.04816,0.04764,0.04767,957317.1,45910.888781
1790053200000,0.04767,0.04802,0.04707,0.04791,1509772.9,71700.709751
1790056800000,0.04791,0.04797,0.0475,0.04767,240916.5,11495.30613
1790060400000,0.04767,0.04799,0.04716,0.04764,721262.1,34240.436174
1790064000000,0.04764,0.04817,0.04726,0.04805,684267.8,32717.967199
1790067600000,0.04805,0.04805,0.04732,0.04755,555364.5,26393.949166
1790071200000,0.04755,0.04757,0.04671,0.04705,822616.2,38693.251439
1790074800000,0.04705,0.04712,0.0464,0.04699,1304578.1,61144.209717
1790078400000,0.04699,0.0479,0.04654,0.0479,949790.3,44707.278965
1790082000000,0.0479,0.04811,0.04735,0.04797,782274.3,37377.834159
1790085600000,0.04797,0.04806,0.04682,0.04743,1582996.5,75054.250981
1790089200000,0.04743,0.04825,0.04738,0.04813,387459.4,18509.802972
1790092800000,0.04813,0.04827,0.04765,0.04811,1130384.1,54221.337103
1790096400000,0.04811,0.0483,0.04797,0.04825,403100.0,19403.674857
1790100000000,0.04825,0.04832,0.04786,0.04795,458167.0,22059.175948
1790103600000,0.04795,0.04868,0.04793,0.04839,453962.3,21942.337271
1790107200000,0.04839,0.04862,0.04797,0.0485,565349.3,27341.168769
1790110800000,0.0485,0.04883,0.04839,0.04862,505184.9,24554.241874
1790114400000,0.04862,0.04913,0.04817,0.0489,307544.8,14978.715829
1790118000000,0.0489,0.04936,0.04886,0.04908,808793.0,39755.374692
1790121600000,0.04908,0.0494,0.04872,0.04872,1064556.3,52237.679242
1790125200000,0.04872,0.04921,0.04868,0.04901,277060.4,13573.304893
1790128800000,0.04901,0.04954,0.04878,0.04939,748089.4,36918.560815
1790132400000,0.04939,0.05012,0.04929,0.04998,576013.2,28657.451381
1790136000000,0.04998,0.05053,0.04975,0.05049,1128464.2,56766.22748
1790139600000,0.05049,0.05049,0.04934,0.04955,631511.9,31511.057228
1790143200000,0.04955,0.05067,0.04954,0.05059,602677.9,30244.149631
1790146800000,0.05059,0.05071,0.04978,0.04989,1010588.1,50841.1453
1790150400000,0.04989,0.0504,0.04927,0.04942,1101755.7,54839.888473
1790154000000,0.04942,0.05036,0.04936,0.04975,789635.4,39358.386582
1790157600000,0.04975,0.04998,0.04934,0.0499,778080.0,38662.453082
1790161200000,0.0499,0.0499,0.04842,0.04888,1307288.9,63861.524568
1790164800000,0.04888,0.04895,0.04837,0.04865,553811.2,26941.00121
1790168400000,0.04865,0.04879,0.04784,0.04844,921211.4,44504.242937
1790172000000,0.04844,0.04864,0.04558,0.04701,6256333.8,291280.041949
1790175600000,0.04701,0.04738,0.0462,0.04626,1198552.0,56192.806404
1790179200000,0.04626,0.04696,0.04556,0.04679,1553119.5,71838.990313
1790182800000,0.04679,0.04698,0.04634,0.04671,735859.4,34394.04188
1790186400000,0.04671,0.04671,0.04618,0.04636,574085.9,26639.681486
1790190000000,0.04636,0.04671,0.04619,0.04644,553027.9,25701.907129
1790193600000,0.04644,0.04658,0.04621,0.0463,300529.9,13928.731466
1790197200000,0.0463,0.04679,0.04628,0.04664,321619.9,14959.674545
1790200800000,0.04664,0.0469,0.04627,0.04643,195315.5,9094.317318
1790204400000,0.04643,0.04651,0.04613,0.04628,187882.8,8701.928639
1790208000000,0.04628,0.04681,0.04602,0.04627,1014035.0,47100.909185
1790211600000,0.04627,0.04652,0.04596,0.04603,330899.1,15284.984754
1790215200000,0.04603,0.04696,0.04585,0.04686,1058333.4,48986.441998
1790218800000,0.04686,0.04696,0.04641,0.0465,517724.3,24128.695033
1790222400000,0.0465,0.04685,0.04626,0.04683,614238.9,28603.075971
1790226000000,0.04683,0.04744,0.04674,0.04682,1747579.3,82548.767069
1790229600000,0.04682,0.04725,0.04679,0.0472,397294.3,18714.786387
1790233200000,0.0472,0.04731,0.04694,0.04717,201103.9,9482.210706
1790236800000,0.04717,0.04731,0.04589,0.04619,1027793.0,47663.040584
1790240400000,0.04619,0.04627,0.04489,0.04536,1454200.5,66056.797209
1790244000000,0.04536,0.04549,0.04512,0.04541,394380.1,17866.043207
1790247600000,0.04541,0.04612,0.04541,0.04581,1167120.7,53588.968085
1790251200000,0.04581,0.0463,0.04564,0.04623,672786.9,30832.732385
1790254800000,0.04623,0.04719,0.04618,0.04716,1615215.8,75694.069544
1790258400000,0.04716,0.04817,0.04669,0.04717,1980048.7,93850.603193
1790262000000,0.04717,0.04807,0.04702,0.04798,982363.4,46759.727502
1790265600000,0.04798,0.04904,0.04772,0.04851,1261593.1,61219.5341
1790269200000,0.04851,0.04861,0.04786,0.04804,648735.3,31294.777717
1790272800000,0.04804,0.04816,0.04761,0.04794,585563.4,28048.138179
1790276400000,0.04794,0.04843,0.04776,0.04814,598956.8,28856.747261
1790280000000,0.04814,0.04824,0.04788,0.048,358008.7,17207.796656
1790283600000,0.048,0.04824,0.04775,0.04789,295936.5,14218.897722
1790287200000,0.04789,0.04799,0.04752,0.04762,280507.5,13386.554235
1790290800000,0.04762,0.04805,0.04762,0.048,130380.9,6238.443332
1790294400000,0.048,0.0493,0.048,0.04852,925189.6,45021.031713
1790298000000,0.04852,0.04909,0.04793,0.0481,1091175.0,52941.572907
1790301600000,0.0481,0.04858,0.04755,0.04768,798556.4,38353.975802
1790305200000,0.04768,0.04792,0.0475,0.04775,393056.8,18745.370176
1790308800000,0.04775,0.0483,0.04752,0.048,272164.6,13031.462223
1790312400000,0.048,0.0481,0.04763,0.04788,640810.8,30605.014866
1790316000000,0.04788,0.04843,0.04773,0.04805,260102.8,12501.808102
1790319600000,0.04805,0.04831,0.04787,0.04827,340265.8,16363.436498
1790323200000,0.04827,0.04894,0.04815,0.04871,485333.9,23603.521333
1790326800000,0.04871,0.0494,0.04864,0.04883,596520.5,29235.30336
1790330400000,0.04883,0.04916,0.04856,0.049,466209.0,22768.206068
1790334000000,0.049,0.04994,0.04898,0.04968,1692826.4,84131.717599
1790337600000,0.04968,0.05097,0.04947,0.05022,2977039.1,149745.314686
1790341200000,0.05022,0.05032,0.04924,0.04972,812766.9,40564.802569
1790344800000,0.04972,0.05031,0.0487,0.05031,1468944.4,72645.022664
1790348400000,0.05031,0.05045,0.04943,0.04983,724252.2,36160.906594
1790352000000,0.04983,0.05043,0.04981,0.04986,747924.9,37486.55029
1790355600000,0.04986,0.0508,0.04986,0.0502,2204029.5,111185.68933
1790359200000,0.0502,0.0505,0.05003,0.0504,612405.4,30820.10375
1790362800000,0.0504,0.05061,0.05009,0.05035,759358.5,38234.756088
1790366400000,0.05035,0.05073,0.0502,0.05021,425216.1,21469.432413
1790370000000,0.05021,0.05026,0.04965,0.05009,459131.9,22942.896435
1790373600000,0.05009,0.05085,0.04987,0.05065,301247.3,15258.632085
1790377200000,0.05065,0.05113,0.05049,0.05097,584428.8,29693.743766
1790380800000,0.05097,0.05108,0.05008,0.05014,1299551.0,65612.090905
1790384400000,0.05014,0.0508,0.04994,0.0505,668147.3,33725.333301
1790388000000,0.0505,0.05057,0.05009,0.05016,152521.3,7668.467744
1790391600000,0.05016,0.0502,0.04951,0.04988,581606.9,28988.924291
1790395200000,0.04988,0.05031,0.04962,0.05018,557241.5,27835.671278
1790398800000,0.05018,0.05071,0.0499,0.05027,253115.7,12725.662673
1790402400000,0.05027,0.05052,0.05006,0.05025,259930.2,13069.916355
1790406000000,0.05025,0.05056,0.05017,0.05022,316107.4,15902.422905
1790409600000,0.05022,0.05056,0.05004,0.05032,265759.1,13356.237169
1790413200000,0.05032,0.05033,0.0498,0.05007,263262.6,13170.190673
1790416800000,0.05007,0.05073,0.05007,0.05072,252838.6,12783.828339
1790420400000,0.05072,0.05094,0.05062,0.05063,531519.9,26994.552625
1790424000000,0.05063,0.05222,0.05033,0.05177,11619139.0,596289.9281
1790427600000,0.05177,0.05202,0.05117,0.05147,3846603.0,197924.30233
1790431200000,0.05147,0.05169,0.05123,0.05155,633820.3,32620.001161
1790434800000,0.05155,0.05226,0.0514,0.05182,2049292.7,106194.235033
1790438400000,0.05182,0.05255,0.05169,0.05239,1637939.7,85663.885575
1790442000000,0.05239,0.05246,0.05128,0.05137,1993622.2,103240.225061
1790445600000,0.05137,0.05154,0.0509,0.05102,1155414.7,59018.497096
1790449200000,0.05102,0.05111,0.05088,0.05103,491765.0,25083.389201
1790452800000,0.05103,0.05109,0.04998,0.05029,2743900.9,139088.72461
1790456400000,0.05029,0.05068,0.05012,0.05029,981712.5,49416.692956
1790460000000,0.05029,0.05109,0.05029,0.05069,789753.6,40026.434391
1790463600000,0.05069,0.05149,0.05044,0.05124,941742.9,47991.897636
1790467200000,0.05124,0.05124,0.05025,0.05032,836874.4,42415.461554
1790470800000,0.05032,0.05063,0.05016,0.05058,331814.9,16715.608351
1790474400000,0.05058,0.05073,0.05029,0.05032,1027771.5,51897.082627
1790478000000,0.05032,0.05061,0.05032,0.05035,441423.0,22278.355288
1790481600000,0.05035,0.0504,0.04991,0.05016,803999.8,40252.144003
1790485200000,0.05016,0.05086,0.05011,0.05065,206997.3,10449.101052
1790488800000,0.05065,0.05113,0.05057,0.05083,583463.9,29664.347913
1790492400000,0.05083,0.0513,0.05069,0.05128,1197254.6,61176.390554
1790496000000,0.05128,0.05132,0.05085,0.05088,995892.6,50797.078567
1790499600000,0.05088,0.051,0.05044,0.05088,1895647.4,95995.459545
1790503200000,0.05088,0.05107,0.05076,0.05089,438112.5,22300.366526
1790506800000,0.05089,0.0509,0.05056,0.05061,659329.2,33390.205729
1790510400000,0.05061,0.05076,0.05031,0.05033,530613.2,26855.037438
1790514000000,0.05033,0.0506,0.04998,0.05052,1952440.2,98212.304143
1790517600000,0.05052,0.05061,0.04999,0.04999,536540.9,26942.496875
1790521200000,0.04999,0.05006,0.04953,0.04999,1088185.5,54168.084432
1790524800000,0.04999,0.05024,0.04983,0.04993,753869.9,37733.522079
1790528400000,0.04993,0.0501,0.04964,0.04991,1902719.4,94824.895234
1790532000000,0.04991,0.05075,0.04984,0.05074,1078061.8,54279.396343
1790535600000,0.05074,0.05096,0.05061,0.05083,562136.7,28566.669975
1790539200000,0.05083,0.05127,0.05083,0.05106,520340.8,26532.171885
1790542800000,0.05106,0.05115,0.05038,0.05078,1336897.1,67953.672725
1790546400000,0.05078,0.05084,0.04982,0.05044,822718.5,41328.105392
1790550000000,0.05044,0.05127,0.05036,0.05116,1018896.4,51707.508869
1790553600000,0.05116,0.05221,0.05094,0.05181,1201303.0,62240.901396
1790557200000,0.05181,0.05312,0.05159,0.05263,4497643.0,235882.469768
1790560800000,0.05263,0.05401,0.05186,0.05205,8299726.8,439723.89737
1790564400000,0.05205,0.05251,0.05008,0.05018,4044927.5,206662.828118
1790568000000,0.05018,0.052,0.04989,0.05184,2012321.8,102833.739477
1790571600000,0.05184,0.05222,0.0496,0.05096,4347491.9,219076.033222
1790575200000,0.05096,0.05145,0.05012,0.05025,2102787.3,106578.991416
1790578800000,0.05025,0.05061,0.0496,0.04963,3027139.3,151557.505932
1790582400000,0.04963,0.05224,0.04893,0.05182,5739707.5,289789.664739
1790586000000,0.05182,0.0534,0.05121,0.05271,12777483.5,669823.433709
1790589600000,0.05271,0.05474,0.05263,0.05292,11314184.4,606756.486588
1790593200000,0.05292,0.05357,0.05169,0.05305,6793161.2,358031.971964
1790596800000,0.05305,0.05538,0.0527,0.05379,6781409.6,365759.813915
1790600400000,0.05379,0.05418,0.05277,0.05381,3867603.1,206847.252789
1790604000000,0.05381,0.05444,0.05197,0.05273,4820493.4,255980.392708
1790607600000,0.05273,0.05487,0.05251,0.05458,4725072.1,254030.754309
1790611200000,0.05458,0.05514,0.05342,0.05464,8618326.7,467890.24914
1790614800000,0.05464,0.05687,0.05358,0.05682,9579847.2,533360.398731
1790618400000,0.05682,0.0569,0.05476,0.05541,8795367.3,491778.149337
1790622000000,0.05541,0.0561,0.05389,0.05531,8152580.0,447989.800515
1790625600000,0.05531,0.05691,0.0551,0.05607,7754901.0,435421.297481
1790629200000,0.05607,0.05624,0.05496,0.05575,4350912.6,242016.694252
1790632800000,0.05575,0.05604,0.05456,0.05536,7354767.8,405302.204716
1790636400000,0.05536,0.05586,0.05497,0.05572,2863418.5,158422.921345
1790640000000,0.05572,0.05572,0.05373,0.05399,9134715.6,497696.812149
1790643600000,0.05399,0.05418,0.05257,0.05313,6111729.1,326257.77096
1790647200000,0.05313,0.05336,0.05241,0.05332,2352144.0,124358.76848
1790650800000,0.05332,0.05436,0.05325,0.05422,1572920.5,84724.996916
1790654400000,0.05422,0.05582,0.05364,0.05564,4688592.7,257672.276463
1790658000000,0.05564,0.05605,0.05402,0.05518,7003901.3,384797.823297
1790661600000,0.05518,0.05577,0.05452,0.05492,2751219.2,151768.093958
1790665200000,0.05492,0.05645,0.0546,0.05613,4246975.7,237176.884363
1790668800000,0.05613,0.05632,0.0551,0.05547,5923485.0,329304.184979
1790672400000,0.05547,0.05548,0.05472,0.05523,3068944.7,169059.532604
1790676000000,0.05523,0.05588,0.05476,0.05542,2983639.2,165033.839362
1790679600000,0.05542,0.05595,0.0551,0.05546,2041553.5,113281.749983
1790683200000,0.05546,0.05586,0.05513,0.0553,2112100.7,117235.367827
1790686800000,0.0553,0.05574,0.05497,0.05524,1607355.9,88912.173044
1790690400000,0.05524,0.05592,0.055,0.0557,1601057.7,88925.38951
1790694000000,0.0557,0.05575,0.05302,0.05342,8485955.0,458474.456704
1790697600000,0.05342,0.05384,0.05271,0.05301,3746600.4,199732.655763
1790701200000,0.05301,0.05312,0.05242,0.05276,1541504.3,81332.312013
1790704800000,0.05276,0.0537,0.05276,0.05345,1127581.4,60055.227961
1790708400000,0.05345,0.05359,0.05304,0.0532,1166629.9,62217.659015
1790712000000,0.0532,0.05375,0.05294,0.05357,875691.2,46699.477679
1790715600000,0.05357,0.05358,0.05276,0.0529,1254228.9,66604.14277
1790719200000,0.0529,0.05301,0.05223,0.05233,2647145.1,138867.544546
1790722800000,0.05233,0.05278,0.05206,0.05222,1303592.2,68251.243031
1790726400000,0.05222,0.05229,0.05092,0.05149,2760436.2,142204.761498
1790730000000,0.05149,0.05244,0.05143,0.05218,1174183.7,61079.097068
1790733600000,0.05218,0.0524,0.05143,0.0516,739185.4,38252.27771
1790737200000,0.0516,0.05174,0.05115,0.05128,1017670.2,52312.680484
1790740800000,0.05128,0.05221,0.05125,0.05173,1038155.1,53932.171908
1790744400000,0.05173,0.05223,0.05168,0.05214,537125.9,27920.203705
1790748000000,0.05214,0.05219,0.05118,0.05136,1584481.0,81499.247633
1790751600000,0.05136,0.05205,0.051,0.0518,1803545.0,92563.524355
1790755200000,0.0518,0.05201,0.05149,0.0518,666109.5,34435.64978
1790758800000,0.0518,0.05262,0.05175,0.05234,512092.8,26753.213885
1790762400000,0.05234,0.05278,0.05234,0.05263,679797.7,35762.610396
1790766000000,0.05263,0.05346,0.05231,0.05333,2431746.3,129058.895883
1790769600000,0.05333,0.05413,0.05292,0.05393,2152715.2,115600.638759
1790773200000,0.05393,0.05402,0.05234,0.05295,4231316.3,225386.461635
1790776800000,0.05295,0.05344,0.05243,0.05298,1650605.7,87366.882622
1790780400000,0.05298,0.05372,0.05269,0.05337,1667194.1,88939.057996
1790784000000,0.05337,0.05386,0.05327,0.05356,795764.3,42635.780272
1790787600000,0.05356,0.05358,0.05284,0.05326,715759.0,38114.194438
1790791200000,0.05326,0.05374,0.053,0.05308,1109109.4,59093.072078
1790794800000,0.05308,0.05327,0.05272,0.05303,901950.1,47837.894824
1790798400000,0.05303,0.05364,0.05285,0.05291,615323.8,32665.938821
1790802000000,0.05291,0.05336,0.05272,0.05276,983217.0,52083.710613
1790805600000,0.05276,0.05367,0.05247,0.05345,2414876.2,127988.24742
1790809200000,0.05345,0.05388,0.05345,0.05374,1479484.8,79406.055553
1790812800000,0.05374,0.05401,0.0533,0.05333,1310646.4,70333.972342
1790816400000,0.05333,0.05374,0.05294,0.05304,1201566.1,64132.687574
1790820000000,0.05304,0.05468,0.05301,0.05439,1526464.1,82453.951669
1790823600000,0.05439,0.05543,0.05435,0.0554,3269518.6,179777.591808
1790827200000,0.0554,0.05556,0.0549,0.05508,1715672.5,94793.299078
1790830800000,0.05508,0.05563,0.05503,0.05554,807937.2,44725.146783
1790834400000,0.05554,0.05621,0.05506,0.05597,1727375.0,96045.765416
1790838000000,0.05597,0.05666,0.05501,0.05581,2506240.6,139890.699357
1790841600000,0.05581,0.056,0.05487,0.05559,1601872.1,88680.057464
1790845200000,0.05559,0.05559,0.05422,0.05493,2277218.4,124862.37058
1790848800000,0.05493,0.05537,0.05431,0.05507,1837977.0,100980.713486
1790852400000,0.05507,0.05536,0.05469,0.0549,1629885.7,89627.052849
1790856000000,0.0549,0.05553,0.05483,0.05535,1133099.9,62534.316003
1790859600000,0.05535,0.05535,0.05386,0.05454,2644286.8,143358.938966
1790863200000,0.05454,0.05464,0.05373,0.05395,1629260.1,88275.11791
1790866800000,0.05395,0.05492,0.05376,0.05484,1601483.2,87478.360343
1790870400000,0.05484,0.05511,0.05417,0.05422,1387224.9,75876.740736
1790874000000,0.05422,0.05545,0.05422,0.05462,1608513.0,88365.978658
1790877600000,0.05462,0.05469,0.05408,0.0544,1232438.6,67032.385028
1790881200000,0.0544,0.05487,0.05396,0.05476,1131895.2,61603.146746
1790884800000,0.05476,0.05526,0.05474,0.05497,867633.1,47725.303445
1790888400000,0.05497,0.05512,0.05458,0.05476,833807.5,45767.016195
1790892000000,0.05476,0.05557,0.05474,0.05515,1472179.8,81326.752661
1790895600000,0.05515,0.05515,0.0546,0.0549,828879.2,45450.935538
1790899200000,0.0549,0.05507,0.05463,0.05468,524441.9,28774.650525
1790902800000,0.05468,0.05468,0.05397,0.05455,1972958.8,106936.614124
1790906400000,0.05455,0.05499,0.05446,0.05454,718757.0,39298.079307
1790910000000,0.05454,0.05478,0.05403,0.05418,1761362.3,95641.64957
1790913600000,0.05418,0.05521,0.05415,0.05483,1508004.6,82640.465111
1790917200000,0.05483,0.05529,0.0546,0.05524,723075.6,39751.887081
1790920800000,0.05524,0.05551,0.05486,0.05499,789343.1,43475.040197
1790924400000,0.05499,0.05537,0.05472,0.05513,1041937.2,57331.451712
1790928000000,0.05513,0.05608,0.05506,0.05577,1157919.9,64501.247652
1790931600000,0.05577,0.05597,0.05541,0.05554,1625436.9,90447.265666
1790935200000,0.05554,0.05576,0.05501,0.05551,1566284.8,86685.738543
1790938800000,0.05551,0.05594,0.05535,0.05572,961351.4,53564.204071
1790942400000,0.05572,0.0563,0.05537,0.05604,1289982.2,72142.825906
1790946000000,0.05604,0.05604,0.05516,0.05531,1089934.0,60645.276906
1790949600000,0.05531,0.0555,0.05436,0.05475,1294302.4,71123.173819
1790953200000,0.05475,0.0548,0.0542,0.05452,1120170.7,61121.991692
1790956800000,0.05452,0.055,0.05428,0.05452,1085389.1,59288.784231
1790960400000,0.05452,0.05463,0.05392,0.05431,853740.8,46363.98257
1790964000000,0.05431,0.05438,0.05182,0.0524,3328889.9,176160.609199
1790967600000,0.0524,0.05254,0.0518,0.05224,1094997.0,57201.045445
1790971200000,0.05224,0.05259,0.05204,0.05209,689838.1,36048.298874
1790974800000,0.05209,0.05304,0.05202,0.053,652531.7,34310.841057
1790978400000,0.053,0.05327,0.05274,0.05306,515076.3,27309.787145
1790982000000,0.05306,0.05351,0.05279,0.05338,689726.4,36704.999687
1790985600000,0.05338,0.05375,0.05328,0.05354,660406.7,35343.145561
1790989200000,0.05354,0.05385,0.05325,0.05326,571079.1,30565.647798
1790992800000,0.05326,0.05345,0.0531,0.05336,553041.2,29464.163029
1790996400000,0.05336,0.05387,0.05324,0.05344,902715.6,48289.997615
1791000000000,0.05344,0.05344,0.0529,0.05317,796208.2,42305.336996
1791003600000,0.05317,0.05371,0.05294,0.05294,543990.3,29018.054756
1791007200000,0.05294,0.05303,0.0526,0.05263,456131.4,24061.161269
1791010800000,0.05263,0.05268,0.05235,0.05235,452593.0,23777.130457
1791014400000,0.05235,0.05249,0.0522,0.05236,481762.3,25237.160966
1791018000000,0.05236,0.05295,0.05236,0.05276,763527.3,40194.423965
1791021600000,0.05276,0.05332,0.05271,0.05324,639314.6,33874.512986
1791025200000,0.05324,0.05361,0.05313,0.05354,486216.7,25961.104168
1791028800000,0.05354,0.05374,0.05324,0.0534,1075398.8,57548.445068
1791032400000,0.0534,0.05388,0.05334,0.05384,885761.5,47510.386817
1791036000000,0.05384,0.05455,0.05377,0.05421,1466968.4,79501.454898
1791039600000,0.05421,0.05455,0.05414,0.05448,670964.1,36450.893334
1791043200000,0.05448,0.05452,0.05383,0.05442,796007.8,43160.196392
1791046800000,0.05442,0.05455,0.05418,0.05426,594920.2,32331.832758
1791050400000,0.05426,0.05456,0.05426,0.05451,970689.5,52828.793505
1791054000000,0.05451,0.05466,0.0542,0.05434,563464.7,30659.075351
1791057600000,0.05434,0.05452,0.05426,0.05431,1005079.0,54639.742376
1791061200000,0.05431,0.05436,0.05395,0.0541,423001.4,22893.827919
1791064800000,0.0541,0.05426,0.05401,0.05419,251321.6,13598.262484
1791068400000,0.05419,0.05439,0.05404,0.05433,671452.4,36409.020666
1791072000000,0.05433,0.05511,0.05431,0.05488,809222.5,44362.284223
1791075600000,0.05488,0.0555,0.0547,0.05538,1057201.1,58245.745429
1791079200000,0.05538,0.05606,0.05528,0.05587,2659474.3,148239.917864
1791082800000,0.05587,0.05615,0.05516,0.05595,1200843.7,66809.948529
1791086400000,0.05595,0.05723,0.05588,0.05694,2827730.1,160309.808873
1791090000000,0.05694,0.05775,0.05689,0.05729,2974968.6,170796.010987
1791093600000,0.05729,0.05794,0.05698,0.05747,1608038.5,92306.036156
1791097200000,0.05747,0.05863,0.05696,0.05786,3404220.5,197268.719879
1791100800000,0.05786,0.06034,0.05779,0.06003,7640984.4,454307.781511
1791104400000,0.06003,0.06186,0.0589,0.05969,11240406.3,673497.393271
1791108000000,0.05969,0.06003,0.05893,0.05918,4163964.5,247223.554196
1791111600000,0.05918,0.06038,0.05867,0.05969,5363579.9,319473.182915
1791115200000,0.05969,0.06022,0.059,0.0599,3172475.9,189461.090702
1791118800000,0.0599,0.06142,0.05925,0.06113,5857721.5,354991.769136
1791122400000,0.06113,0.06329,0.06072,0.06092,13328864.6,826464.182163
1791126000000,0.06092,0.06116,0.05966,0.06014,3893343.2,234580.279426
1791129600000,0.06014,0.06028,0.0594,0.06026,3487431.8,208771.224275
1791133200000,0.06026,0.06034,0.05923,0.05934,2857981.8,170511.113312
1791136800000,0.05934,0.0598,0.05923,0.05956,1491224.1,88708.713444
1791140400000,0.05956,0.05961,0.05911,0.05946,1792269.7,106247.414495
1791144000000,0.05946,0.05964,0.05883,0.05928,1750427.5,103663.827727
1791147600000,0.05928,0.05962,0.05868,0.05962,1495784.0,88371.195764
1791151200000,0.05962,0.0599,0.05889,0.05938,1882548.1,111644.443887
1791154800000,0.05938,0.05943,0.05896,0.05913,1332380.4,78827.87715
1791158400000,0.05913,0.06049,0.05888,0.05994,3420880.5,204330.394268
1791162000000,0.05994,0.05994,0.05914,0.05946,1264708.3,75210.962825
1791165600000,0.05946,0.05948,0.05894,0.05905,2074467.0,122889.475666
1791169200000,0.05905,0.05905,0.05792,0.05809,2942119.8,172387.606114
1791172800000,0.05809,0.05877,0.05794,0.05816,953013.4,55466.75869
1791176400000,0.05816,0.05896,0.05816,0.05882,512389.1,30063.305116
1791180000000,0.05882,0.05914,0.0586,0.05908,849146.6,50043.72924
1791183600000,0.05908,0.05961,0.05903,0.05956,841853.5,50015.349012
1791187200000,0.05956,0.05973,0.05897,0.05911,2077874.7,123325.58078
1791190800000,0.05911,0.05934,0.05882,0.05896,656369.3,38772.710381
1791194400000,0.05896,0.05906,0.0587,0.05897,523440.2,30856.375229
1791198000000,0.05897,0.05905,0.05852,0.05902,525728.3,30884.782159
1791201600000,0.05902,0.05926,0.05881,0.05902,756062.5,44602.837969
