timestamp,open,high,low,close,volume,turnover
1782172800000,0.02933,0.0294,0.02918,0.02939,1915010,56156.5909
1782176400000,0.02939,0.02946,0.02892,0.02914,5971210,174783.2964
1782180000000,0.02914,0.02923,0.02905,0.0292,1599700,46591.5676
1782183600000,0.0292,0.02937,0.02912,0.02933,1521780,44530.7677
1782187200000,0.02933,0.02934,0.029,0.02902,1117770,32556.7871
1782190800000,0.02902,0.02921,0.02896,0.02914,2661280,77364.6904
1782194400000,0.02914,0.02914,0.0285,0.0289,13143440,377842.2021
1782198000000,0.0289,0.02911,0.0289,0.02891,2732950,79306.0091
1782201600000,0.02891,0.03025,0.02883,0.02995,39531420,1168759.7533
1782205200000,0.02995,0.03014,0.02951,0.02957,8740020,260741.6959
1782208800000,0.02957,0.02963,0.02914,0.02923,5594330,164272.8486
1782212400000,0.02923,0.02931,0.02905,0.02928,3542890,103390.8471
1782216000000,0.02928,0.02943,0.02886,0.02899,6295860,182982.7698
1782219600000,0.02899,0.02914,0.02883,0.02898,3463500,100403.9495
1782223200000,0.02898,0.02927,0.02884,0.02889,4640700,134685.1024
1782226800000,0.02889,0.02891,0.02824,0.02849,12794580,364638.4685
1782230400000,0.02849,0.02875,0.02847,0.02866,2587610,74050.196
1782234000000,0.02866,0.02881,0.0285,0.02859,2175160,62326.4061
1782237600000,0.02859,0.02871,0.02855,0.02867,1211290,34678.0826
1782241200000,0.02867,0.02871,0.02834,0.02849,4950160,140850.062
1782244800000,0.02849,0.0286,0.02849,0.02858,1417320,40453.7757
1782248400000,0.02858,0.02882,0.02857,0.02881,2691060,77214.7941
1782252000000,0.02881,0.02892,0.02875,0.02879,1346390,38809.5938
1782255600000,0.02879,0.02896,0.02876,0.02885,983330,28397.4126
1782259200000,0.02885,0.02908,0.02883,0.02906,1506780,43598.121
1782262800000,0.02906,0.02965,0.02898,0.02921,10468400,306822.9417
1782266400000,0.02921,0.02931,0.02858,0.02859,6911460,199804.1842
1782270000000,0.02859,0.02884,0.02848,0.02862,4130220,118360.0654
1782273600000,0.02862,0.02869,0.02842,0.02847,1016320,29010.9079
1782277200000,0.02847,0.02866,0.02844,0.02859,2292760,65497.5899
1782280800000,0.02859,0.02862,0.02848,0.02852,1381940,39449.0999
1782284400000,0.02852,0.02854,0.02833,0.02841,2436960,69295.544
1782288000000,0.02841,0.02855,0.02834,0.02847,2682890,76356.5458
1782291600000,0.02847,0.02861,0.02839,0.02851,2475920,70545.3642
1782295200000,0.02851,0.02851,0.02821,0.02826,3052050,86389.5372
1782298800000,0.02826,0.02858,0.02814,0.02845,3537840,100254.0747
1782302400000,0.02845,0.02853,0.0282,0.02821,2661340,75548.7996
1782306000000,0.02821,0.02829,0.02794,0.02805,8339070,234391.3643
1782309600000,0.02805,0.02838,0.02795,0.0282,6556120,184603.8964
1782313200000,0.0282,0.02822,0.02759,0.02783,11611780,323426.458
1782316800000,0.02783,0.02815,0.02734,0.02759,18392480,509548.987
1782320400000,0.02759,0.02764,0.02695,0.02709,12904500,351345.3802
1782324000000,0.02709,0.02759,0.02708,0.02722,10111740,276126.7803
1782327600000,0.02722,0.02741,0.02721,0.02741,3267850,89256.4591
1782331200000,0.02741,0.028,0.02736,0.02788,6630400,183800.7004
1782334800000,0.02788,0.02799,0.02764,0.02797,2988080,83007.9373
1782338400000,0.02797,0.0281,0.02784,0.02789,4358300,121802.8601
1782342000000,0.02789,0.02797,0.02786,0.0279,1590330,44406.5745
1782345600000,0.0279,0.02805,0.0279,0.02798,2511700,70271.7632
1782349200000,0.02798,0.02805,0.02794,0.02798,1745240,48851.3921
1782352800000,0.02798,0.02801,0.02776,0.02778,1129730,31472.526
1782356400000,0.02778,0.02782,0.02765,0.02779,1630770,45205.9089
1782360000000,0.02779,0.02801,0.02776,0.028,1098150,30566.6956
1782363600000,0.028,0.02817,0.02796,0.0281,1731910,48673.4709
1782367200000,0.0281,0.0282,0.02809,0.02816,2297050,64650.3727
1782370800000,0.02816,0.02834,0.0281,0.02829,6630580,187277.3695
1782374400000,0.02829,0.02832,0.02815,0.02815,1457950,41152.1599
1782378000000,0.02815,0.02824,0.0281,0.02813,3384540,95317.2965
1782381600000,0.02813,0.02814,0.02779,0.0278,1851010,51721.1007
1782385200000,0.0278,0.02791,0.0277,0.02784,3636260,101172.4527
1782388800000,0.02784,0.02802,0.02768,0.02795,5999480,167152.4435
1782392400000,0.02795,0.02801,0.02652,0.0266,26794580,724855.245
1782396000000,0.0266,0.02773,0.0266,0.02735,14137500,385095.0797
1782399600000,0.02735,0.02749,0.02712,0.02748,3131280,85572.4267
1782403200000,0.02748,0.02766,0.02721,0.02729,4523440,124091.1724
1782406800000,0.02729,0.02772,0.02726,0.02764,5940330,163920.1782
1782410400000,0.02764,0.02764,0.02732,0.02734,3788440,103995.5353
1782414000000,0.02734,0.02735,0.02722,0.02732,1523140,41549.8529
1782417600000,0.02732,0.02749,0.02722,0.02727,1636040,44800.9349
1782421200000,0.02727,0.02769,0.02727,0.02761,2642350,72592.9447
1782424800000,0.02761,0.02764,0.02743,0.02756,1344830,37053.8426
1782428400000,0.02756,0.02772,0.02748,0.02754,2662910,73510.6044
1782432000000,0.02754,0.02766,0.0275,0.02759,1504960,41496.0027
1782435600000,0.02759,0.02759,0.02734,0.02743,2121940,58296.6533
1782439200000,0.02743,0.02744,0.02692,0.02703,5254110,142529.0225
1782442800000,0.02703,0.02753,0.02691,0.02748,3852110,104789.7189
1782446400000,0.02748,0.02757,0.02738,0.0275,1938780,53294.1866
1782450000000,0.0275,0.02756,0.02727,0.02742,1857610,50861.4225
1782453600000,0.02742,0.02765,0.0273,0.02758,2737230,75130.3215
1782457200000,0.02758,0.02784,0.02758,0.02769,2589400,71799.124
1782460800000,0.02769,0.02774,0.02755,0.02762,2158470,59674.8908
1782464400000,0.02762,0.02762,0.0273,0.02735,3996010,109728.4515
1782468000000,0.02735,0.02738,0.02716,0.02718,1645050,44896.5909
1782471600000,0.02718,0.0273,0.02713,0.02722,1163360,31651.3324
1782475200000,0.02722,0.0277,0.02722,0.02743,5882040,161363.4584
1782478800000,0.02743,0.02816,0.02701,0.02811,11510480,316208.5129
1782482400000,0.02811,0.02816,0.02781,0.0279,3965580,110899.2174
1782486000000,0.0279,0.0282,0.02788,0.02817,3920040,110079.4524
1782489600000,0.02817,0.02842,0.02802,0.02823,6703050,189170.066
1782493200000,0.02823,0.02846,0.02822,0.02828,2049030,58024.5506
1782496800000,0.02828,0.02835,0.02816,0.02822,1823040,51504.9441
1782500400000,0.02822,0.02838,0.02803,0.02805,2365350,66695.935
1782504000000,0.02805,0.02828,0.02798,0.02811,3023690,84979.4667
1782507600000,0.02811,0.02815,0.02788,0.028,4836630,135300.7286
1782511200000,0.028,0.02808,0.02793,0.02806,1169660,32774.2406
1782514800000,0.02806,0.02809,0.02797,0.02807,723420,20281.424
1782518400000,0.02807,0.02816,0.02798,0.02801,1149190,32251.2798
1782522000000,0.02801,0.02805,0.02796,0.02798,656030,18371.0235
1782525600000,0.02798,0.02812,0.02789,0.02797,1962050,54867.2171
1782529200000,0.02797,0.028,0.02789,0.02789,452470,12643.781
1782532800000,0.02789,0.02801,0.02785,0.02788,595120,16630.8297
1782536400000,0.02788,0.02792,0.02772,0.02788,1115240,31019.1203
1782540000000,0.02788,0.02797,0.02777,0.02794,1406380,39208.1144
1782543600000,0.02794,0.02804,0.02791,0.02798,938900,26277.8791
1782547200000,0.02798,0.02801,0.02787,0.02801,1267220,35391.9656
1782550800000,0.02801,0.02801,0.02785,0.02787,599720,16736.0432
1782554400000,0.02787,0.0279,0.02782,0.02787,1015880,28303.2798
1782558000000,0.02787,0.02795,0.0278,0.02788,782770,21816.5828
1782561600000,0.02788,0.02803,0.02787,0.02802,1495650,41788.1882
1782565200000,0.02802,0.02812,0.02798,0.0281,1561250,43785.7078
1782568800000,0.0281,0.02817,0.02797,0.02804,1816740,50978.9403
1782572400000,0.02804,0.02826,0.02802,0.02821,1654180,46558.9732
1782576000000,0.02821,0.02826,0.0281,0.02822,2120580,59780.9897
1782579600000,0.02822,0.02838,0.02799,0.02826,3169490,89378.5931
1782583200000,0.02826,0.02931,0.02821,0.02912,12629540,364345.1951
1782586800000,0.02912,0.02915,0.02815,0.02823,9925290,283586.6469
1782590400000,0.02823,0.02854,0.02801,0.02808,5516820,155762.0353
1782594000000,0.02808,0.02812,0.02752,0.02771,8630660,239444.3627
1782597600000,0.02771,0.02784,0.02752,0.02778,1960940,54399.6227
1782601200000,0.02778,0.02789,0.02773,0.02777,920300,25583.116
1782604800000,0.02777,0.02795,0.02775,0.02787,2139010,59564.018
1782608400000,0.02787,0.02794,0.0277,0.02789,2264740,62974.4927
1782612000000,0.02789,0.02794,0.02776,0.02779,778990,21680.7399
1782615600000,0.02779,0.02798,0.02776,0.02787,569480,15863.2017
1782619200000,0.02787,0.02792,0.02775,0.02786,854430,23774.198
1782622800000,0.02786,0.02792,0.02773,0.02776,2767780,76961.6962
1782626400000,0.02776,0.02777,0.02751,0.02769,4542270,125518.2959
1782630000000,0.02769,0.02794,0.02766,0.02788,1658650,46132.244
1782633600000,0.02788,0.02807,0.02782,0.02796,2256300,63093.9027
1782637200000,0.02796,0.02805,0.02783,0.02786,1117360,31243.2795
1782640800000,0.02786,0.02793,0.02715,0.02784,20550730,566534.9558
1782644400000,0.02784,0.02793,0.02772,0.02779,3181190,88563.2295
1782648000000,0.02779,0.02792,0.02771,0.02773,1357470,37760.8912
1782651600000,0.02773,0.02774,0.02763,0.02768,1194270,33067.0611
1782655200000,0.02768,0.0279,0.02766,0.02781,1527380,42472.4472
1782658800000,0.02781,0.02793,0.02776,0.02785,1974600,54997.2949
1782662400000,0.02785,0.02787,0.02763,0.02773,950460,26344.4832
1782666000000,0.02773,0.02783,0.02756,0.02764,1216970,33674.3994
1782669600000,0.02764,0.02774,0.02758,0.02773,2175490,60168.3687
1782673200000,0.02773,0.02773,0.02749,0.02759,1144850,31606.3023
1782676800000,0.02759,0.02765,0.02754,0.02763,494470,13642.9346
1782680400000,0.02763,0.02764,0.02736,0.0274,1162410,31978.2357
1782684000000,0.0274,0.02764,0.02737,0.02749,1395330,38395.9034
1782687600000,0.02749,0.02776,0.02744,0.02769,1359410,37513.7092
1782691200000,0.02769,0.02817,0.02763,0.02803,5798430,161517.4545
1782694800000,0.02803,0.02803,0.02767,0.02779,4684000,130212.63
1782698400000,0.02779,0.02791,0.0275,0.02791,3340140,92464.8486
1782702000000,0.02791,0.02818,0.02789,0.02807,2758260,77462.8497
1782705600000,0.02807,0.02815,0.02785,0.02788,2847360,79724.1069
1782709200000,0.02788,0.02789,0.02769,0.02788,1917750,53291.6397
1782712800000,0.02788,0.0284,0.02784,0.02807,6213430,175056.29
1782716400000,0.02807,0.02861,0.02798,0.02818,10690870,302101.9131
1782720000000,0.02818,0.02839,0.0281,0.0283,3821580,108046.6429
1782723600000,0.0283,0.0283,0.0281,0.02829,2122280,59892.7801
1782727200000,0.02829,0.02839,0.0282,0.02822,1450760,41085.5756
1782730800000,0.02822,0.02829,0.02807,0.02825,2150410,60571.9577
1782734400000,0.02825,0.02856,0.02809,0.02823,3923150,111019.5419
1782738000000,0.02823,0.02842,0.02806,0.0282,3934630,111106.2633
1782741600000,0.0282,0.0282,0.0279,0.02808,4490250,125786.2795
1782745200000,0.02808,0.02809,0.02777,0.02802,4159310,116253.4724
1782748800000,0.02802,0.02822,0.02796,0.02802,2901530,81588.1528
1782752400000,0.02802,0.02869,0.02801,0.02847,4517350,128839.1733
1782756000000,0.02847,0.02957,0.02843,0.0295,18836320,549947.2112
1782759600000,0.0295,0.02994,0.02945,0.02989,8784670,261062.0405
1782763200000,0.02989,0.03008,0.02951,0.02958,11902780,355185.3968
1782766800000,0.02958,0.03022,0.02958,0.03022,5969830,178001.1107
1782770400000,0.03022,0.03043,0.03001,0.03016,3985310,120494.9536
1782774000000,0.03016,0.03048,0.03015,0.03033,5070710,153678.2986
1782777600000,0.03033,0.03091,0.0303,0.03057,8294290,254012.0383
1782781200000,0.03057,0.03082,0.03007,0.03071,8704320,265164.0726
1782784800000,0.03071,0.03079,0.03049,0.03059,4735350,145060.9514
1782788400000,0.03059,0.03068,0.03034,0.03058,3805280,115949.0767
1782792000000,0.03058,0.03061,0.0303,0.03043,2244570,68380.6098
1782795600000,0.03043,0.03108,0.0303,0.03104,7042670,216589.8076
1782799200000,0.03104,0.03127,0.03051,0.03056,12412200,384124.9904
1782802800000,0.03056,0.03061,0.02996,0.03006,7935790,239835.1022
1782806400000,0.03006,0.03073,0.02994,0.03047,6739570,204759.332
1782810000000,0.03047,0.03154,0.03009,0.03147,26512450,821225.1566
1782813600000,0.03147,0.03198,0.03056,0.03062,29807130,933260.7626
1782817200000,0.03062,0.03157,0.03044,0.03114,30307440,942724.9995
1782820800000,0.03114,0.03188,0.03097,0.03137,21547590,675801.7662
1782824400000,0.03137,0.0317,0.03101,0.03118,13375140,419228.2264
1782828000000,0.03118,0.03133,0.03057,0.03076,12766320,395290.4314
1782831600000,0.03076,0.03078,0.03031,0.03038,5533940,168960.5828
1782835200000,0.03038,0.03122,0.03037,0.03071,13919500,427558.2388
1782838800000,0.03071,0.03086,0.03011,0.03015,4418900,134243.5568
1782842400000,0.03015,0.03015,0.02962,0.02988,10949320,326877.509
1782846000000,0.02988,0.02988,0.02934,0.0295,9486320,279845.2387
1782849600000,0.0295,0.02952,0.02927,0.02935,3143250,92469.8882
1782853200000,0.02935,0.02935,0.02906,0.02922,6250570,182281.8724
1782856800000,0.02922,0.02933,0.02911,0.02916,1383810,40446.3188
1782860400000,0.02916,0.02932,0.02912,0.02923,1821150,53201.9295
1782864000000,0.02923,0.03001,0.02918,0.0299,8799530,261312.8984
1782867600000,0.0299,0.02999,0.02943,0.02993,5550010,164993.328
1782871200000,0.02993,0.03056,0.02984,0.03047,5719930,173195.2207
1782874800000,0.03047,0.03073,0.03026,0.03063,4855010,147943.0767
1782878400000,0.03063,0.03083,0.02998,0.03072,7238560,219948.8177
1782882000000,0.03072,0.03086,0.03049,0.03081,4920750,150912.9509
1782885600000,0.03081,0.03108,0.03013,0.0303,7174170,219424.5056
1782889200000,0.0303,0.03036,0.03017,0.0303,1733390,52498.1235
1782892800000,0.0303,0.03082,0.03029,0.03078,4850780,148129.1305
1782896400000,0.03078,0.0309,0.03029,0.03039,3031130,92801.0698
1782900000000,0.03039,0.03045,0.03019,0.03021,1313620,39839.8383
1782903600000,0.03021,0.03118,0.03019,0.03071,9506220,293016.874
1782907200000,0.03071,0.03114,0.03062,0.03076,8505850,263095.6215
1782910800000,0.03076,0.03115,0.03069,0.03084,4503030,139154.0666
1782914400000,0.03084,0.03137,0.0306,0.03105,7818180,242152.4795
1782918000000,0.03105,0.03166,0.03087,0.0314,11283790,353285.4542
1782921600000,0.0314,0.03145,0.03107,0.03112,2214300,69199.8207
1782925200000,0.03112,0.03123,0.03098,0.03122,1677680,52201.5566
1782928800000,0.03122,0.03125,0.03113,0.03115,1421580,44321.9916
1782932400000,0.03115,0.03148,0.03093,0.0311,4588230,143177.6826
1782936000000,0.0311,0.03113,0.03093,0.03105,2470070,76546.8687
1782939600000,0.03105,0.03125,0.03099,0.0312,2594470,80726.5464
1782943200000,0.0312,0.03125,0.03098,0.03105,1919080,59688.7947
1782946800000,0.03105,0.03105,0.03076,0.03079,1456240,44964.186
1782950400000,0.03079,0.03089,0.03072,0.03087,1233620,37980.5874
1782954000000,0.03087,0.03092,0.03073,0.03074,612950,18906.0432
1782957600000,0.03074,0.03093,0.03067,0.03091,1030110,31716.1929
1782961200000,0.03091,0.0313,0.03088,0.03123,3673250,114450.7311
1782964800000,0.03123,0.03127,0.03094,0.03095,1576810,49003.7513
1782968400000,0.03095,0.03095,0.03077,0.03083,1392490,42959.819
1782972000000,0.03083,0.03098,0.03079,0.03091,956930,29573.9377
1782975600000,0.03091,0.03102,0.03086,0.03091,572450,17698.6216
1782979200000,0.03091,0.03112,0.0308,0.03101,2361820,73169.5206
1782982800000,0.03101,0.03127,0.03089,0.03121,2270360,70658.6688
1782986400000,0.03121,0.03132,0.0312,0.03123,1545130,48291.5775
1782990000000,0.03123,0.03125,0.03112,0.03119,1160790,36205.6021
1782993600000,0.03119,0.03119,0.03096,0.03103,2329890,72356.8249
1782997200000,0.03103,0.03123,0.03093,0.031,8297110,257663.2237
1783000800000,0.031,0.03112,0.03094,0.03105,3376980,104793.4562
1783004400000,0.03105,0.03107,0.03098,0.03104,1480740,45928.5566
1783008000000,0.03104,0.03168,0.03101,0.03133,7024470,219581.6612
1783011600000,0.03133,0.03133,0.03075,0.0308,2887150,89366.9648
1783015200000,0.0308,0.03088,0.03069,0.03075,3195080,98362.8253
1783018800000,0.03075,0.03084,0.03069,0.03072,2475890,76168.4151
1783022400000,0.03072,0.03078,0.0307,0.03075,527620,16217.9604
1783026000000,0.03075,0.03093,0.03072,0.03083,1478240,45557.8643
1783029600000,0.03083,0.03084,0.03048,0.03069,3977840,121851.982
1783033200000,0.03069,0.03103,0.03059,0.03101,2810320,86730.6199
1783036800000,0.03101,0.03142,0.03082,0.03089,6039870,187914.3635
1783040400000,0.03089,0.03105,0.03067,0.03105,3533690,108933.9935
1783044000000,0.03105,0.03139,0.03093,0.03098,3679510,114632.3753
1783047600000,0.03098,0.03111,0.03091,0.03102,1347150,41820.6248
1783051200000,0.03102,0.03106,0.03088,0.03091,756330,23403.0341
1783054800000,0.03091,0.03102,0.03088,0.03091,647690,20025.9013
1783058400000,0.03091,0.031,0.03089,0.03099,611810,18937.3545
1783062000000,0.03099,0.03102,0.03093,0.03095,928800,28773.4448
1783065600000,0.03095,0.03098,0.03071,0.03076,4092810,126288.725
1783069200000,0.03076,0.03083,0.03069,0.03077,1365400,41991.46
1783072800000,0.03077,0.03092,0.03073,0.03084,1483160,45707.2982
1783076400000,0.03084,0.03103,0.0308,0.03092,1137130,35164.7748
1783080000000,0.03092,0.03099,0.0308,0.03086,1805920,55826.4229
1783083600000,0.03086,0.03108,0.03082,0.03102,1262150,39121.0144
1783087200000,0.03102,0.03103,0.03076,0.03082,2126850,65637.1992
1783090800000,0.03082,0.03097,0.03074,0.03075,736360,22717.2272
1783094400000,0.03075,0.03093,0.03074,0.03085,541300,16695.7793
1783098000000,0.03085,0.031,0.03081,0.03082,1360870,42024.1143
1783101600000,0.03082,0.03084,0.03066,0.03082,1220980,37581.7468
1783105200000,0.03082,0.03126,0.03079,0.03112,2857770,88876.7151
1783108800000,0.03112,0.03128,0.03105,0.03119,3670130,114427.1632
1783112400000,0.03119,0.03142,0.03118,0.03135,1139100,35641.6857
1783116000000,0.03135,0.03138,0.03123,0.03133,1250450,39141.5834
1783119600000,0.03133,0.03142,0.0313,0.03136,2482480,77953.3063
1783123200000,0.03136,0.03138,0.03125,0.03135,1269290,39736.1995
1783126800000,0.03135,0.03136,0.03124,0.0313,665010,20807.3479
1783130400000,0.0313,0.03132,0.03114,0.0312,852750,26613.3703
1783134000000,0.0312,0.03136,0.03118,0.03124,1183540,36999.7402
1783137600000,0.03124,0.03178,0.03122,0.03173,2455070,77383.118
1783141200000,0.03173,0.03185,0.03147,0.0318,2370140,75093.2473
1783144800000,0.0318,0.03182,0.03134,0.03145,2583520,81548.5508
1783148400000,0.03145,0.03169,0.03137,0.03144,1812270,57118.0352
1783152000000,0.03144,0.0316,0.03137,0.03145,2810120,88560.068
1783155600000,0.03145,0.03154,0.03132,0.03142,820690,25788.806
1783159200000,0.03142,0.03142,0.03097,0.03116,6501140,202543.0961
1783162800000,0.03116,0.0312,0.03097,0.03106,1177720,36614.1293
1783166400000,0.03106,0.03118,0.03105,0.0311,1079740,33598.5702
1783170000000,0.0311,0.0313,0.03098,0.03104,2105570,65410.6922
1783173600000,0.03104,0.03123,0.031,0.03112,1374730,42716.6574
1783177200000,0.03112,0.03131,0.0311,0.0312,852310,26600.5187
1783180800000,0.0312,0.0312,0.03092,0.03097,1259150,39145.5685
1783184400000,0.03097,0.03116,0.03079,0.03113,3828210,118589.7831
1783188000000,0.03113,0.03114,0.03095,0.03101,1487300,46125.2308
1783191600000,0.03101,0.03114,0.03098,0.03106,4180410,129807.6929
1783195200000,0.03106,0.03114,0.031,0.03112,680700,21163.1976
1783198800000,0.03112,0.03148,0.031,0.03124,2326710,72647.3119
1783202400000,0.03124,0.03155,0.03111,0.03152,2331000,72965.9481
1783206000000,0.03152,0.032,0.03143,0.03181,10940510,347612.8435
1783209600000,0.03181,0.03183,0.03103,0.03105,10254870,321551.5206
1783213200000,0.03105,0.03112,0.03077,0.03082,3993060,123506.5729
1783216800000,0.03082,0.03124,0.03067,0.03107,5571210,172318.531
1783220400000,0.03107,0.03109,0.03088,0.03102,1007820,31229.5867
1783224000000,0.03102,0.03107,0.03091,0.03097,1716440,53207.9796
1783227600000,0.03097,0.03101,0.03082,0.0309,1654060,51127.2559
1783231200000,0.0309,0.0311,0.03088,0.03106,1509600,46786.7993
1783234800000,0.03106,0.0311,0.03094,0.03103,1027180,31871.6341
1783238400000,0.03103,0.03111,0.03094,0.031,694880,21557.4792
1783242000000,0.031,0.03105,0.03093,0.03101,876070,27158.9102
1783245600000,0.03101,0.03102,0.03085,0.03095,928710,28725.3281
1783249200000,0.03095,0.03115,0.0309,0.03102,2894300,89888.3974
1783252800000,0.03102,0.03125,0.03094,0.0312,2117190,65798.716
1783256400000,0.0312,0.03126,0.03112,0.03119,818660,25536.5454
1783260000000,0.03119,0.0312,0.03105,0.03111,1531620,47617.2121
1783263600000,0.03111,0.03118,0.03097,0.03108,1249560,38777.6011
1783267200000,0.03108,0.03112,0.03087,0.03095,1828440,56647.0961
1783270800000,0.03095,0.03096,0.0308,0.03093,2227370,68771.3889
1783274400000,0.03093,0.031,0.03087,0.03092,2229910,68952.5089
1783278000000,0.03092,0.03104,0.0309,0.03094,988710,30603.2758
1783281600000,0.03094,0.03101,0.03081,0.03088,929590,28711.3449
1783285200000,0.03088,0.03101,0.03081,0.03097,1369930,42355.3718
1783288800000,0.03097,0.03119,0.03094,0.03112,2164330,67280.1895
1783292400000,0.03112,0.03115,0.0309,0.03095,2083740,64604.5312
1783296000000,0.03095,0.03101,0.03083,0.03097,981380,30339.1004
1783299600000,0.03097,0.03104,0.03086,0.03089,1171680,36246.0242
1783303200000,0.03089,0.03091,0.03053,0.03075,3067130,94142.0554
1783306800000,0.03075,0.03076,0.03051,0.03066,1418800,43412.4197
1783310400000,0.03066,0.0311,0.03032,0.03053,6564410,201309.7635
1783314000000,0.03053,0.03064,0.03034,0.03054,2534210,77291.3794
1783317600000,0.03054,0.03079,0.0304,0.03051,4961990,151610.1163
1783321200000,0.03051,0.03072,0.03046,0.03065,1967940,60285.6342
1783324800000,0.03065,0.03072,0.03049,0.03056,2183010,66779.6597
1783328400000,0.03056,0.03057,0.03028,0.03039,3067260,93327.2162
1783332000000,0.03039,0.03076,0.03031,0.03051,8563180,261475.5388
1783335600000,0.03051,0.03054,0.03038,0.0304,1723870,52555.3936
1783339200000,0.0304,0.03047,0.03005,0.03023,14197570,429388.2046
1783342800000,0.03023,0.03042,0.02998,0.03025,6245180,188228.771
1783346400000,0.03025,0.03035,0.03002,0.03005,2337310,70559.0326
1783350000000,0.03005,0.03032,0.02998,0.03027,3526900,106230.3487
1783353600000,0.03027,0.03031,0.03013,0.03023,3193800,96657.4195
1783357200000,0.03023,0.03035,0.03014,0.03019,2842690,86031.2765
1783360800000,0.03019,0.03031,0.03019,0.03028,1033930,31296.1969
1783364400000,0.03028,0.03035,0.03025,0.03029,1163320,35246.1009
1783368000000,0.03029,0.03031,0.03006,0.03009,4240780,127825.7057
1783371600000,0.03009,0.03027,0.03002,0.03026,1883880,56823.906
1783375200000,0.03026,0.0304,0.03024,0.03029,2787300,84454.4632
1783378800000,0.03029,0.03035,0.03017,0.0302,1029810,31189.761
1783382400000,0.0302,0.03024,0.03016,0.03024,549430,16592.0349
1783386000000,0.03024,0.03025,0.02986,0.02991,2918420,87448.4241
1783389600000,0.02991,0.02995,0.02974,0.02979,2659490,79362.9872
1783393200000,0.02979,0.02982,0.02972,0.02979,747570,22252.1484
1783396800000,0.02979,0.02983,0.0296,0.02963,1712010,50818.8002
1783400400000,0.02963,0.02966,0.02943,0.02963,2709810,80007.779
1783404000000,0.02963,0.02969,0.02954,0.02964,1488930,44090.3299
1783407600000,0.02964,0.02968,0.02943,0.02945,1210080,35741.2511
1783411200000,0.02945,0.02949,0.02941,0.02947,1719600,50637.634
1783414800000,0.02947,0.02958,0.02941,0.02947,1670920,49272.1447
1783418400000,0.02947,0.0295,0.02938,0.0294,1632470,48056.3435
1783422000000,0.0294,0.02958,0.02932,0.02958,1359700,40031.4583
1783425600000,0.02958,0.02986,0.02958,0.02982,2737760,81470.2638
1783429200000,0.02982,0.02982,0.02953,0.02954,3655370,108265.3926
1783432800000,0.02954,0.02976,0.02934,0.02975,3446150,101536.3539
1783436400000,0.02975,0.02997,0.02972,0.02994,2050640,61180.3891
1783440000000,0.02994,0.03012,0.02984,0.02996,2318320,69495.3794
1783443600000,0.02996,0.02996,0.02972,0.02987,1677320,50036.4035
1783447200000,0.02987,0.02988,0.0296,0.02964,1126770,33471.8135
1783450800000,0.02964,0.0297,0.0295,0.02961,2618250,77371.4266
1783454400000,0.02961,0.02963,0.02927,0.02939,3360070,98762.4589
1783458000000,0.02939,0.02946,0.02928,0.02933,1107970,32561.9762
1783461600000,0.02933,0.02936,0.02916,0.02922,2687330,78600.2103
1783465200000,0.02922,0.02937,0.02915,0.02918,1648920,48263.5018
1783468800000,0.02918,0.02935,0.0291,0.02931,3035460,88737.9652
1783472400000,0.02931,0.02931,0.02894,0.02899,3970460,115338.0441
1783476000000,0.02899,0.02908,0.02885,0.02908,2158330,62473.763
1783479600000,0.02908,0.02925,0.02907,0.02916,1277010,37197.3033
1783483200000,0.02916,0.02918,0.02904,0.02908,786540,22901.5635
1783486800000,0.02908,0.02913,0.029,0.02905,876070,25453.0068
1783490400000,0.02905,0.02905,0.02883,0.02897,1020230,29523.2245
1783494000000,0.02897,0.02929,0.02889,0.02923,4025250,117318.9502
1783497600000,0.02923,0.02927,0.02865,0.02879,7984100,230476.1031
1783501200000,0.02879,0.02891,0.02871,0.02879,1685330,48566.9813
1783504800000,0.02879,0.02882,0.02868,0.02876,1892750,54409.3989
1783508400000,0.02876,0.02905,0.02862,0.02891,6375560,183984.1906
1783512000000,0.02891,0.02899,0.02876,0.02876,2095600,60543.6124
1783515600000,0.02876,0.02885,0.02863,0.02875,2188130,62872.3869
1783519200000,0.02875,0.029,0.02875,0.02885,4639680,133854.9141
1783522800000,0.02885,0.02887,0.02869,0.02875,889840,25576.4568
1783526400000,0.02875,0.02893,0.02874,0.0289,1418900,40928.3064
1783530000000,0.0289,0.02938,0.0289,0.02924,5374580,156728.0843
1783533600000,0.02924,0.02958,0.02922,0.02936,8321940,244900.9075
1783537200000,0.02936,0.0294,0.02921,0.02928,2196370,64351.9744
1783540800000,0.02928,0.02942,0.02924,0.02925,1273120,37319.1876
1783544400000,0.02925,0.02925,0.02907,0.02914,3033320,88514.2482
1783548000000,0.02914,0.0293,0.02914,0.02922,1844280,53909.4159
1783551600000,0.02922,0.02924,0.02916,0.02924,289440,8453.6973
1783555200000,0.02924,0.02953,0.02901,0.02908,4277260,125151.0839
1783558800000,0.02908,0.02937,0.02905,0.02917,1977200,57798.146
1783562400000,0.02917,0.02932,0.02908,0.02912,1543000,45055.7773
1783566000000,0.02912,0.02918,0.02906,0.02908,858250,24982.3229
1783569600000,0.02908,0.02908,0.02883,0.02894,1917730,55544.0041
1783573200000,0.02894,0.02906,0.0289,0.02906,1348530,39057.0979
1783576800000,0.02906,0.02927,0.02901,0.02908,1748370,50944.683
1783580400000,0.02908,0.02933,0.02902,0.02908,4521140,131823.1294
1783584000000,0.02908,0.02923,0.02905,0.02911,1019990,29737.4765
1783587600000,0.02911,0.02925,0.02908,0.02917,1944600,56768.098
1783591200000,0.02917,0.02919,0.02904,0.02908,850460,24779.9114
1783594800000,0.02908,0.02918,0.02905,0.02909,815840,23735.4315
1783598400000,0.02909,0.02917,0.02906,0.02916,1223300,35630.5779
1783602000000,0.02916,0.02924,0.02903,0.02919,1210890,35314.7413
1783605600000,0.02919,0.02938,0.02919,0.02933,880840,25793.0124
1783609200000,0.02933,0.02933,0.02919,0.02928,695040,20336.1337
1783612800000,0.02928,0.02937,0.02912,0.02915,1570610,45952.4624
1783616400000,0.02915,0.02936,0.029,0.02932,1775850,51900.1511
1783620000000,0.02932,0.02954,0.02932,0.02949,1079560,31804.7758
1783623600000,0.02949,0.02968,0.02946,0.02957,1813950,53672.2167
1783627200000,0.02957,0.0297,0.02955,0.0297,1341150,39721.2662
1783630800000,0.0297,0.0298,0.02955,0.02958,1372570,40781.8321
1783634400000,0.02958,0.02962,0.02946,0.0295,859370,25401.8474
1783638000000,0.0295,0.02955,0.02943,0.02949,1444080,42584.0445
1783641600000,0.02949,0.02961,0.02946,0.02955,1542050,45534.7873
1783645200000,0.02955,0.02978,0.02946,0.02967,2164140,64128.0066
1783648800000,0.02967,0.0298,0.02967,0.02975,539580,16049.3407
1783652400000,0.02975,0.02976,0.02959,0.02966,934550,27724.3313
1783656000000,0.02966,0.0297,0.02961,0.02962,994760,29500.489
1783659600000,0.02962,0.0297,0.0296,0.02969,478450,14176.7934
1783663200000,0.02969,0.02975,0.02959,0.02963,1379590,40946.5215
1783666800000,0.02963,0.02965,0.02917,0.02947,9527930,280106.5479
1783670400000,0.02947,0.02959,0.02944,0.02956,1421260,41942.8276
1783674000000,0.02956,0.02968,0.02949,0.02962,1641970,48600.7621
1783677600000,0.02962,0.02985,0.02961,0.0298,2579750,76817.2537
1783681200000,0.0298,0.02986,0.02976,0.0298,1365420,40711.7301
1783684800000,0.0298,0.02991,0.02976,0.02981,1433210,42774.0491
1783688400000,0.02981,0.03007,0.02978,0.02998,3650210,109216.2578
1783692000000,0.02998,0.02998,0.02959,0.02975,3258070,97121.3797
1783695600000,0.02975,0.02997,0.02974,0.02987,1661960,49654.432
1783699200000,0.02987,0.02996,0.0298,0.02993,1236750,36938.4225
1783702800000,0.02993,0.02993,0.02979,0.02979,2197460,65604.1381
1783706400000,0.02979,0.02987,0.02968,0.02972,1383010,41215.2804
1783710000000,0.02972,0.02977,0.02965,0.02972,924340,27465.3151
1783713600000,0.02972,0.02976,0.02954,0.02971,2876800,85379.1551
1783717200000,0.02971,0.02976,0.02969,0.02974,646500,19215.0311
1783720800000,0.02974,0.02982,0.02963,0.02964,3477410,103421.5593
1783724400000,0.02964,0.02964,0.02932,0.02947,4364160,128609.5764
1783728000000,0.02947,0.03037,0.02944,0.03022,10426050,313002.7631
1783731600000,0.03022,0.03037,0.02977,0.02979,6682690,200901.0669
1783735200000,0.02979,0.02994,0.02965,0.02982,1971630,58631.2506
1783738800000,0.02982,0.0302,0.02973,0.02988,4148220,124254.7323
1783742400000,0.02988,0.02995,0.02962,0.02964,1620420,48283.6057
1783746000000,0.02964,0.02979,0.0296,0.02976,675120,20055.6892
1783749600000,0.02976,0.02991,0.02964,0.02971,1482960,44134.4416
1783753200000,0.02971,0.02972,0.0296,0.02965,783080,23222.4478
1783756800000,0.02965,0.02965,0.02952,0.0296,1010210,29877.3966
1783760400000,0.0296,0.02965,0.02951,0.02951,663550,19627.5221
1783764000000,0.02951,0.02963,0.0295,0.02952,1101200,32553.5993
1783767600000,0.02952,0.02957,0.0295,0.02955,581700,17176.9526
1783771200000,0.02955,0.02966,0.02952,0.02953,894120,26443.2187
1783774800000,0.02953,0.02961,0.02947,0.02948,1369880,40460.503
1783778400000,0.02948,0.02964,0.02947,0.02959,583490,17261.7947
1783782000000,0.02959,0.02973,0.02945,0.02952,1706180,50497.9624
1783785600000,0.02952,0.02955,0.02937,0.02947,1417360,41756.3014
1783789200000,0.02947,0.02956,0.02943,0.02952,619160,18263.0815
1783792800000,0.02952,0.02978,0.02951,0.02959,1778350,52762.2718
1783796400000,0.02959,0.02967,0.02956,0.02956,404170,11968.7561
1783800000000,0.02956,0.02965,0.02956,0.02961,449170,13305.1654
1783803600000,0.02961,0.02969,0.02955,0.0296,513790,15227.6668
1783807200000,0.0296,0.0296,0.0295,0.02956,923850,27292.0546
1783810800000,0.02956,0.02958,0.02926,0.02927,3510580,103080.3098
1783814400000,0.02927,0.0293,0.02902,0.02921,3346780,97558.4156
1783818000000,0.02921,0.02929,0.0292,0.02928,304490,8907.2186
1783821600000,0.02928,0.02929,0.02922,0.02925,528760,15466.2507
1783825200000,0.02925,0.02934,0.02924,0.02931,402060,11778.0109
1783828800000,0.02931,0.02936,0.029,0.02906,2485950,72367.8689
1783832400000,0.02906,0.0291,0.02879,0.02903,2261500,65434.3177
1783836000000,0.02903,0.02904,0.02891,0.02891,2649100,76694.7889
1783839600000,0.02891,0.02894,0.02884,0.02885,2065640,59687.6237
1783843200000,0.02885,0.02905,0.02878,0.0289,2443250,70714.3771
1783846800000,0.0289,0.02892,0.02881,0.02888,740270,21370.8454
1783850400000,0.02888,0.02888,0.02873,0.02875,662460,19079.0483
1783854000000,0.02875,0.02885,0.02855,0.0287,2295400,65791.5596
1783857600000,0.0287,0.02879,0.02848,0.02863,3028220,86796.4237
1783861200000,0.02863,0.02876,0.02862,0.02868,839850,24117.1346
1783864800000,0.02868,0.02885,0.02862,0.0288,1013020,29069.7819
1783868400000,0.0288,0.02889,0.02876,0.02884,2114750,60993.3861
1783872000000,0.02884,0.02892,0.02869,0.02873,1498900,43153.7575
1783875600000,0.02873,0.02877,0.02861,0.02868,2118130,60766.1187
1783879200000,0.02868,0.02871,0.02861,0.02865,809970,23213.2185
1783882800000,0.02865,0.02877,0.02864,0.02875,1438530,41329.661
1783886400000,0.02875,0.0289,0.0287,0.02889,1041130,29975.7566
1783890000000,0.02889,0.02892,0.02877,0.02885,927060,26769.001
1783893600000,0.02885,0.02885,0.02866,0.02874,1598410,45925.8601
1783897200000,0.02874,0.02874,0.02832,0.0284,6972800,198415.1947
1783900800000,0.0284,0.02881,0.02834,0.02872,5687620,163034.4681
1783904400000,0.02872,0.02876,0.02832,0.02836,2327780,66304.693
1783908000000,0.02836,0.02841,0.02821,0.02828,3658420,103469.2383
1783911600000,0.02828,0.02833,0.02813,0.02828,3648380,102982.159
1783915200000,0.02828,0.02836,0.02817,0.02832,933680,26395.2663
1783918800000,0.02832,0.02844,0.02826,0.02844,1157030,32803.556
1783922400000,0.02844,0.0285,0.02834,0.02838,1336870,37957.6014
1783926000000,0.02838,0.02854,0.02836,0.02844,1179170,33561.8236
1783929600000,0.02844,0.02848,0.02838,0.02843,723260,20558.7801
1783933200000,0.02843,0.02843,0.02835,0.02838,333230,9458.8147
1783936800000,0.02838,0.02843,0.02835,0.02839,722530,20516.6283
1783940400000,0.02839,0.02849,0.02839,0.02841,765270,21767.8259
1783944000000,0.02841,0.02842,0.02827,0.02834,2389100,67735.9868
1783947600000,0.02834,0.02855,0.02834,0.02853,2483720,70635.7271
1783951200000,0.02853,0.02884,0.02847,0.02884,3651450,104582.4923
1783954800000,0.02884,0.02903,0.02867,0.02894,3493810,100668.7573
1783958400000,0.02894,0.02896,0.02852,0.02865,2718960,77970.0326
1783962000000,0.02865,0.02869,0.02836,0.02838,1777770,50666.6134
1783965600000,0.02838,0.02846,0.02827,0.02831,1934860,54848.4441
1783969200000,0.02831,0.0284,0.0283,0.02837,711780,20184.5696
1783972800000,0.02837,0.02845,0.0283,0.02834,1134690,32186.6238
1783976400000,0.02834,0.02836,0.02781,0.02814,8380840,234826.4402
1783980000000,0.02814,0.02828,0.02812,0.02824,1864170,52643.1984
1783983600000,0.02824,0.02839,0.02822,0.02839,862610,24407.5536
1783987200000,0.02839,0.02852,0.02835,0.02851,1963800,55853.2345
1783990800000,0.02851,0.02856,0.0284,0.02843,1441090,41070.2532
1783994400000,0.02843,0.02846,0.02822,0.02829,1666710,47242.7568
1783998000000,0.02829,0.02831,0.02813,0.02823,1494770,42117.1414
1784001600000,0.02823,0.02834,0.02822,0.02828,630620,17838.8216
1784005200000,0.02828,0.02839,0.02828,0.02835,1651670,46787.9881
1784008800000,0.02835,0.02843,0.02833,0.02837,449310,12753.4897
1784012400000,0.02837,0.02838,0.02828,0.02833,500230,14169.5139
1784016000000,0.02833,0.02834,0.02821,0.02824,761000,21509.9858
1784019600000,0.02824,0.0283,0.02817,0.0282,1156070,32651.9383
1784023200000,0.0282,0.02823,0.02807,0.02818,1070110,30129.6708
1784026800000,0.02818,0.02825,0.02809,0.02817,1055470,29745.266
1784030400000,0.02817,0.02854,0.02816,0.0285,5044760,143210.5947
1784034000000,0.0285,0.02863,0.02844,0.02855,3023290,86204.7868
1784037600000,0.02855,0.02863,0.0284,0.02862,3087860,88045.4592
1784041200000,0.02862,0.02886,0.0286,0.02877,2239710,64352.847
1784044800000,0.02877,0.02905,0.02873,0.02881,5869910,169647.5469
1784048400000,0.02881,0.02881,0.02861,0.0287,3229010,92684.6423
1784052000000,0.0287,0.02872,0.02851,0.02854,1459070,41728.9013
1784055600000,0.02854,0.02861,0.02848,0.02852,1855230,52935.569
1784059200000,0.02852,0.02854,0.02847,0.0285,798690,22756.5229
1784062800000,0.0285,0.02855,0.02844,0.02849,1913180,54498.5789
1784066400000,0.02849,0.02869,0.02841,0.02864,1392420,39767.0793
1784070000000,0.02864,0.02868,0.02857,0.02857,1348480,38590.0354
1784073600000,0.02857,0.02898,0.02841,0.02879,5821860,166881.5944
1784077200000,0.02879,0.02914,0.02865,0.02912,7329610,212294.8197
1784080800000,0.02912,0.02922,0.02862,0.02865,11018080,318329.8442
1784084400000,0.02865,0.02888,0.02861,0.02869,4336050,124648.7863
1784088000000,0.02869,0.02888,0.02856,0.02874,4252620,122314.7925
1784091600000,0.02874,0.02881,0.02865,0.02881,1684210,48341.9348
1784095200000,0.02881,0.02891,0.02877,0.02888,1756620,50682.2209
1784098800000,0.02888,0.02888,0.02871,0.02872,644230,18546.0102
1784102400000,0.02872,0.02873,0.02863,0.02868,1008160,28923.7598
1784106000000,0.02868,0.02873,0.02853,0.02859,1837000,52567.657
1784109600000,0.02859,0.02865,0.02854,0.02855,829350,23717.7664
1784113200000,0.02855,0.02892,0.02854,0.02869,3948020,113507.8119
1784116800000,0.02869,0.02899,0.02867,0.02898,1578160,45420.9222
1784120400000,0.02898,0.02912,0.02884,0.02899,3849320,111596.17
1784124000000,0.02899,0.02901,0.02885,0.02891,1031390,29835.8225
1784127600000,0.02891,0.02902,0.02882,0.02898,1540900,44511.7259
1784131200000,0.02898,0.029,0.02866,0.02873,3015180,86753.2809
1784134800000,0.02873,0.02886,0.02865,0.02876,2135360,61391.475
1784138400000,0.02876,0.02908,0.02871,0.02886,6728120,194630.1921
1784142000000,0.02886,0.02888,0.02873,0.02875,1231400,35451.4474
1784145600000,0.02875,0.02891,0.0287,0.02879,1135680,32702.1037
1784149200000,0.02879,0.0289,0.02877,0.02884,746360,21526.3939
1784152800000,0.02884,0.02902,0.02884,0.02895,1011080,29260.7526
1784156400000,0.02895,0.029,0.02885,0.02889,572510,16566.0895
1784160000000,0.02889,0.02899,0.02886,0.02886,830610,24026.2711
1784163600000,0.02886,0.02893,0.02878,0.02893,403990,11664.1242
1784167200000,0.02893,0.02907,0.02892,0.02898,1200620,34811.0779
1784170800000,0.02898,0.02903,0.02888,0.02892,1039140,30085.8263
1784174400000,0.02892,0.02904,0.02888,0.02904,1122250,32520.513
1784178000000,0.02904,0.02916,0.02901,0.02907,2100530,61111.4958
1784181600000,0.02907,0.02915,0.02878,0.02888,4092090,118490.8471
1784185200000,0.02888,0.02908,0.02865,0.02873,4207920,121232.6269
1784188800000,0.02873,0.02873,0.02848,0.02853,5447810,155578.1212
1784192400000,0.02853,0.02854,0.02848,0.0285,384540,10965.0093
1784196000000,0.0285,0.02856,0.02837,0.02841,1799870,51231.5321
1784199600000,0.02841,0.02849,0.02839,0.02846,1416050,40275.3311
1784203200000,0.02846,0.02858,0.02836,0.02842,2368740,67431.0983
1784206800000,0.02842,0.02862,0.02841,0.0286,1464840,41809.8931
1784210400000,0.0286,0.02881,0.0286,0.02867,3662020,105040.8389
1784214000000,0.02867,0.02874,0.02858,0.02865,1525640,43726.0318
1784217600000,0.02865,0.02869,0.02859,0.02865,1116760,31989.4433
1784221200000,0.02865,0.02866,0.02837,0.02845,2121130,60396.716
1784224800000,0.02845,0.02848,0.02835,0.02838,1192020,33848.563
1784228400000,0.02838,0.02844,0.02836,0.02838,987500,28040.8432
1784232000000,0.02838,0.02846,0.02837,0.0284,496350,14100.8729
1784235600000,0.0284,0.0285,0.02839,0.02847,171530,4883.2624
1784239200000,0.02847,0.02849,0.02825,0.02826,1807750,51235.0505
1784242800000,0.02826,0.0283,0.02811,0.02814,3308710,93260.0884
1784246400000,0.02814,0.02837,0.0281,0.02837,4667390,131689.0123
1784250000000,0.02837,0.02839,0.02813,0.02814,1374820,38923.2686
1784253600000,0.02814,0.02818,0.02782,0.02795,3086020,86424.3643
1784257200000,0.02795,0.02813,0.02795,0.02809,914830,25652.1738
1784260800000,0.02809,0.02812,0.02796,0.02808,1298700,36442.711
1784264400000,0.02808,0.0281,0.02783,0.02787,1511160,42240.7864
1784268000000,0.02787,0.02797,0.02784,0.02795,1004390,28053.3174
1784271600000,0.02795,0.02797,0.02776,0.02784,2533830,70582.3401
1784275200000,0.02784,0.02788,0.02758,0.02778,2924570,80963.8596
1784278800000,0.02778,0.02786,0.02758,0.02767,3167350,87833.918
1784282400000,0.02767,0.02777,0.02764,0.02766,1831380,50756.0744
1784286000000,0.02766,0.02789,0.02762,0.02789,1931680,53547.0516
1784289600000,0.02789,0.02793,0.0278,0.02785,2477010,69029.9695
1784293200000,0.02785,0.02785,0.0275,0.0278,4868030,134536.78
1784296800000,0.0278,0.02796,0.02769,0.02775,2815780,78210.9186
1784300400000,0.02775,0.02775,0.02756,0.02772,2529010,69928.6208
1784304000000,0.02772,0.02786,0.02764,0.02782,2466410,68438.2565
1784307600000,0.02782,0.02807,0.02782,0.02795,2318850,64864.9139
1784311200000,0.02795,0.02801,0.02788,0.02796,695800,19441.2406
1784314800000,0.02796,0.02803,0.02784,0.02795,1640810,45857.6489
1784318400000,0.02795,0.02795,0.02784,0.02787,477610,13321.8222
1784322000000,0.02787,0.0281,0.02784,0.02797,1107560,31027.956
1784325600000,0.02797,0.02799,0.02784,0.0279,453670,12657.9662
1784329200000,0.0279,0.02791,0.02782,0.02788,884530,24644.242
1784332800000,0.02788,0.02789,0.02779,0.0278,513960,14304.5525
1784336400000,0.0278,0.02791,0.02778,0.02786,418060,11633.9055
1784340000000,0.02786,0.02795,0.02784,0.02792,202980,5665.7618
1784343600000,0.02792,0.02799,0.02787,0.02792,1810180,50545.5529
1784347200000,0.02792,0.02792,0.02781,0.02787,163110,4543.0962
1784350800000,0.02787,0.02788,0.02779,0.0278,316820,8818.0532
1784354400000,0.0278,0.02783,0.02779,0.02779,268150,7457.426
1784358000000,0.02779,0.02791,0.02778,0.02786,1144390,31878.512
1784361600000,0.02786,0.02788,0.02779,0.02781,771410,21472.2603
1784365200000,0.02781,0.02785,0.02776,0.02778,531980,14784.8674
1784368800000,0.02778,0.02788,0.02763,0.02781,2519720,69947.2769
1784372400000,0.02781,0.02782,0.02775,0.02775,432100,12006.4236
1784376000000,0.02775,0.0278,0.02769,0.0277,609520,16911.6556
1784379600000,0.0277,0.02773,0.02761,0.02766,1740690,48189.1216
1784383200000,0.02766,0.02774,0.02762,0.02772,777290,21509.7249
1784386800000,0.02772,0.02773,0.02726,0.02743,14966620,410548.3079
1784390400000,0.02743,0.02765,0.02735,0.02761,4959320,136333.3684
1784394000000,0.02761,0.02795,0.0276,0.02793,2976400,82554.3333
1784397600000,0.02793,0.02803,0.02755,0.02756,6485670,180428.4383
1784401200000,0.02756,0.02762,0.02734,0.02749,2626560,72084.8989
1784404800000,0.02749,0.02759,0.02748,0.02755,1331530,36652.5921
1784408400000,0.02755,0.02768,0.02751,0.02768,1247960,34426.6188
1784412000000,0.02768,0.02776,0.02761,0.02762,1090600,30189.9403
1784415600000,0.02762,0.02779,0.02762,0.02775,2785460,77220.6859
1784419200000,0.02775,0.02784,0.02773,0.02779,2280060,63315.63
1784422800000,0.02779,0.0278,0.02776,0.02777,467720,12996.614
1784426400000,0.02777,0.02791,0.02777,0.02788,682880,19021.1741
1784430000000,0.02788,0.02791,0.02776,0.02779,678400,18863.1442
1784433600000,0.02779,0.02783,0.02762,0.02771,1535190,42553.8728
1784437200000,0.02771,0.02773,0.02764,0.02767,526580,14577.6823
1784440800000,0.02767,0.02771,0.02754,0.02767,2059310,56906.3193
1784444400000,0.02767,0.02767,0.02762,0.02763,240050,6634.976
1784448000000,0.02763,0.02775,0.02763,0.0277,653320,18104.9914
1784451600000,0.0277,0.02772,0.02763,0.02768,555830,15371.268
1784455200000,0.02768,0.02784,0.02765,0.02776,1878490,52116.0033
1784458800000,0.02776,0.02787,0.02774,0.02777,696800,19384.076
1784462400000,0.02777,0.02779,0.02767,0.02776,924360,25652.6094
1784466000000,0.02776,0.02783,0.0277,0.02781,1000220,27773.9652
1784469600000,0.02781,0.02799,0.0278,0.02796,3542730,98820.288
1784473200000,0.02796,0.0282,0.02794,0.02814,5692140,159897.1921
1784476800000,0.02814,0.02819,0.02805,0.02809,3480140,97909.27
1784480400000,0.02809,0.0281,0.02792,0.02793,2670410,74810.4394
1784484000000,0.02793,0.02793,0.02783,0.02787,1560320,43499.3112
1784487600000,0.02787,0.02789,0.02775,0.02784,1284310,35721.1407
1784491200000,0.02784,0.02795,0.02784,0.02793,751120,20955.0004
1784494800000,0.02793,0.02812,0.02792,0.02794,1934260,54155.1317
1784498400000,0.02794,0.02819,0.02788,0.02811,1690340,47422.2753
1784502000000,0.02811,0.02834,0.0281,0.02829,5054410,142710.3045
1784505600000,0.02829,0.02846,0.02802,0.02822,7206780,203291.0628
1784509200000,0.02822,0.02845,0.0281,0.02819,1614650,45603.4885
1784512800000,0.02819,0.02829,0.02812,0.02815,2215160,62432.2351
1784516400000,0.02815,0.02817,0.02808,0.0281,519590,14604.8785
1784520000000,0.0281,0.02818,0.02802,0.02806,752070,21119.681
1784523600000,0.02806,0.02806,0.02782,0.02782,1424800,39789.4099
1784527200000,0.02782,0.02787,0.02764,0.02771,3553720,98457.5091
1784530800000,0.02771,0.02793,0.02766,0.02786,3553560,98841.6163
1784534400000,0.02786,0.02789,0.02765,0.02774,1738110,48253.7561
1784538000000,0.02774,0.02782,0.02774,0.02782,692310,19234.0405
1784541600000,0.02782,0.0282,0.02781,0.02805,4974020,139371.578
1784545200000,0.02805,0.02819,0.02796,0.02818,2828180,79357.2596
1784548800000,0.02818,0.02818,0.02798,0.02798,2355590,66128.6226
1784552400000,0.02798,0.02813,0.02787,0.02788,3417360,95630.125
1784556000000,0.02788,0.02794,0.02774,0.02788,2905620,80923.8939
1784559600000,0.02788,0.02824,0.02788,0.02823,2748740,77280.1453
1784563200000,0.02823,0.02827,0.02813,0.02826,2105060,59396.477
1784566800000,0.02826,0.02832,0.02816,0.02829,1633440,46130.61
1784570400000,0.02829,0.02834,0.02812,0.02813,866080,24474.0839
1784574000000,0.02813,0.02822,0.02808,0.02821,1170120,32959.9468
1784577600000,0.02821,0.02838,0.02818,0.02836,1277770,36127.028
1784581200000,0.02836,0.02839,0.02831,0.02835,2083190,59078.1949
1784584800000,0.02835,0.02837,0.02821,0.02828,2716310,76826.8729
1784588400000,0.02828,0.02837,0.02825,0.02835,743490,21041.555
1784592000000,0.02835,0.02845,0.0283,0.02839,2600070,73785.601
1784595600000,0.02839,0.02845,0.02835,0.02836,890660,25305.9236
1784599200000,0.02836,0.02841,0.02828,0.02831,1579260,44728.7727
1784602800000,0.02831,0.02839,0.0283,0.02837,244380,6924.4173
1784606400000,0.02837,0.02844,0.02833,0.02839,1478700,41954.72
1784610000000,0.02839,0.02865,0.02838,0.02855,2964960,84688.688
1784613600000,0.02855,0.02862,0.02847,0.02849,1544190,44066.9422
1784617200000,0.02849,0.02859,0.02845,0.02854,1250340,35649.7841
1784620800000,0.02854,0.02866,0.02852,0.02861,1864800,53319.1481
1784624400000,0.02861,0.02861,0.02842,0.02845,2154780,61394.2607
1784628000000,0.02845,0.02847,0.02836,0.02841,1172420,33305.5925
1784631600000,0.02841,0.02841,0.02834,0.02835,1352800,38371.4689
1784635200000,0.02835,0.02835,0.02819,0.02827,2609150,73815.7447
1784638800000,0.02827,0.02853,0.02815,0.02847,4134090,117042.4014
1784642400000,0.02847,0.02847,0.0283,0.02833,3344910,94995.698
1784646000000,0.02833,0.02846,0.02827,0.0284,3822300,108325.2753
1784649600000,0.0284,0.02877,0.02834,0.02848,10698160,305989.9275
1784653200000,0.02848,0.02877,0.02847,0.02855,7448410,213165.177
1784656800000,0.02855,0.02866,0.02853,0.02862,1500050,42912.6029
1784660400000,0.02862,0.0287,0.02857,0.02869,1547340,44285.2947
1784664000000,0.02869,0.02875,0.02857,0.02862,871630,24993.5307
1784667600000,0.02862,0.02875,0.02861,0.02864,893790,25644.1138
1784671200000,0.02864,0.02864,0.02837,0.02849,3058930,87102.213
1784674800000,0.02849,0.02859,0.02845,0.02857,556060,15858.8123
1784678400000,0.02857,0.02864,0.02853,0.02861,1534390,43864.824
1784682000000,0.02861,0.02863,0.02849,0.02853,403170,11508.7377
1784685600000,0.02853,0.0286,0.02853,0.02857,311050,8888.3069
1784689200000,0.02857,0.02859,0.02844,0.02844,1170740,33322.3583
1784692800000,0.02844,0.02863,0.02844,0.02848,1461680,41713.7441
1784696400000,0.02848,0.02848,0.02822,0.02824,2522220,71446.8354
1784700000000,0.02824,0.02824,0.02795,0.02808,5878720,165055.4733
1784703600000,0.02808,0.02815,0.028,0.02807,3282430,92183.7839
1784707200000,0.02807,0.02816,0.02801,0.02809,1999270,56175.7095
1784710800000,0.02809,0.02814,0.02803,0.02806,1230910,34570.7985
1784714400000,0.02806,0.02815,0.02803,0.02811,1424720,40026.4505
1784718000000,0.02811,0.02812,0.02798,0.02801,1492730,41823.4369
1784721600000,0.02801,0.02803,0.02788,0.02795,2142160,59927.6286
1784725200000,0.02795,0.02821,0.02794,0.02817,3858210,108345.6539
1784728800000,0.02817,0.02831,0.02806,0.02816,5122590,144325.5043
1784732400000,0.02816,0.02823,0.02814,0.02819,2464810,69503.5206
1784736000000,0.02819,0.02846,0.02818,0.02842,4342710,123097.8403
1784739600000,0.02842,0.02851,0.02834,0.02836,1990390,56561.7594
1784743200000,0.02836,0.02843,0.02823,0.02833,3031410,85767.9429
1784746800000,0.02833,0.02834,0.02813,0.02819,1990170,56110.5054
1784750400000,0.02819,0.02824,0.02814,0.02817,1104010,31134.4871
1784754000000,0.02817,0.0282,0.02811,0.02815,628420,17680.7327
1784757600000,0.02815,0.02815,0.02804,0.02809,2749710,77237.4357
1784761200000,0.02809,0.02823,0.02808,0.02822,5799090,163268.8527
1784764800000,0.02822,0.02823,0.0281,0.02814,1715220,48290.8564
1784768400000,0.02814,0.02819,0.028,0.02805,2068430,58083.2216
1784772000000,0.02805,0.02805,0.02798,0.02804,965830,27047.1507
1784775600000,0.02804,0.02804,0.02794,0.02798,1438370,40264.496
1784779200000,0.02798,0.02808,0.02796,0.02802,774290,21710.6607
1784782800000,0.02802,0.02811,0.028,0.02811,1190120,33406.8205
1784786400000,0.02811,0.02811,0.02803,0.02809,905250,25403.9702
1784790000000,0.02809,0.02809,0.02798,0.02805,1728840,48444.0895
1784793600000,0.02805,0.02817,0.02805,0.02815,2584240,72659.2851
1784797200000,0.02815,0.02829,0.02809,0.02809,3874220,109186.795
1784800800000,0.02809,0.02815,0.02807,0.02815,917260,25798.0236
1784804400000,0.02815,0.02837,0.02813,0.02835,3841330,108660.972
1784808000000,0.02835,0.02846,0.02818,0.02827,4612240,130650.087
1784811600000,0.02827,0.02836,0.02817,0.02822,4076100,115165.853
1784815200000,0.02822,0.02848,0.02819,0.02837,4843450,137316.1568
1784818800000,0.02837,0.02839,0.02809,0.02823,4494910,126791.8412
1784822400000,0.02823,0.02823,0.02803,0.02804,2189400,61562.749
1784826000000,0.02804,0.02812,0.02779,0.02785,5819640,162898.0174
1784829600000,0.02785,0.02793,0.02773,0.02787,2229260,62063.7425
1784833200000,0.02787,0.02791,0.02782,0.02787,1133190,31568.625
1784836800000,0.02787,0.02797,0.02786,0.02794,1066700,29796.1169
1784840400000,0.02794,0.02799,0.02791,0.02794,729650,20398.7587
1784844000000,0.02794,0.02797,0.02788,0.02794,932690,26042.063
1784847600000,0.02794,0.02799,0.02792,0.02796,1010690,28258.491
1784851200000,0.02796,0.02826,0.02786,0.02797,11123010,312208.1566
1784854800000,0.02797,0.02813,0.02797,0.02812,947220,26578.3549
1784858400000,0.02812,0.0283,0.02803,0.02809,1791180,50427.967
1784862000000,0.02809,0.02817,0.02804,0.02815,508500,14292.3174
1784865600000,0.02815,0.02816,0.02803,0.02805,533760,14998.5798
1784869200000,0.02805,0.0282,0.02803,0.02813,1556090,43731.7025
1784872800000,0.02813,0.02825,0.02811,0.02817,1308790,36873.8205
1784876400000,0.02817,0.02835,0.02811,0.02824,2732420,77191.2802
1784880000000,0.02824,0.02826,0.02805,0.0281,4218070,118567.031
1784883600000,0.0281,0.02815,0.02804,0.02815,533120,14971.7811
1784887200000,0.02815,0.02816,0.02797,0.028,1728970,48503.0549
1784890800000,0.028,0.02804,0.02792,0.02798,1019790,28529.9412
1784894400000,0.02798,0.02799,0.02783,0.02784,1208540,33722.527
1784898000000,0.02784,0.02784,0.0275,0.02774,6636460,183527.8963
1784901600000,0.02774,0.02787,0.0277,0.02787,2710570,75311.5066
1784905200000,0.02787,0.02789,0.02779,0.02784,1257550,35034.0503
1784908800000,0.02784,0.0279,0.02777,0.02781,1568800,43618.4901
1784912400000,0.02781,0.02784,0.02761,0.02766,2783920,77163.4112
1784916000000,0.02766,0.0277,0.02756,0.0277,1566670,43314.9372
1784919600000,0.0277,0.02772,0.02763,0.02769,798500,22104.5434
1784923200000,0.02769,0.02776,0.02763,0.02763,1675230,46387.7006
1784926800000,0.02763,0.02767,0.02756,0.02758,829530,22900.1507
1784930400000,0.02758,0.02765,0.02754,0.02764,777210,21452.9712
1784934000000,0.02764,0.0277,0.02762,0.02769,528580,14624.5506
1784937600000,0.02769,0.02773,0.02763,0.02765,1279320,35409.7241
1784941200000,0.02765,0.0277,0.02762,0.02765,819150,22660.3066
1784944800000,0.02765,0.02771,0.02758,0.02764,1268250,35060.7641
1784948400000,0.02764,0.02769,0.02764,0.02767,330220,9137.4903
1784952000000,0.02767,0.02767,0.02762,0.02764,512600,14166.8247
1784955600000,0.02764,0.02767,0.0276,0.02763,779870,21549.0991
1784959200000,0.02763,0.02764,0.0275,0.02755,1538500,42392.7437
1784962800000,0.02755,0.02761,0.02752,0.02755,1387610,38251.5005
1784966400000,0.02755,0.02792,0.02753,0.02762,7701780,213835.1561
1784970000000,0.02762,0.02769,0.02759,0.02765,796190,22006.0968
1784973600000,0.02765,0.02768,0.02758,0.02761,764060,21103.2483
1784977200000,0.02761,0.02762,0.02753,0.02755,605930,16704.6979
1784980800000,0.02755,0.02767,0.02755,0.02764,782460,21620.8871
1784984400000,0.02764,0.02775,0.02762,0.02769,2310260,63976.6707
1784988000000,0.02769,0.02776,0.02768,0.02775,258210,7156.342
1784991600000,0.02775,0.02781,0.02774,0.02778,546510,15182.7118
1784995200000,0.02778,0.02781,0.02763,0.0278,3646350,101027.0321
1784998800000,0.0278,0.02785,0.02776,0.0278,684130,19023.2781
1785002400000,0.0278,0.02792,0.02778,0.02788,2442660,68077.1783
1785006000000,0.02788,0.02792,0.02785,0.02792,724090,20181.2209
1785009600000,0.02792,0.02792,0.02784,0.0279,426610,11892.8777
1785013200000,0.0279,0.02806,0.02786,0.02805,1969590,55085.4264
1785016800000,0.02805,0.02825,0.02804,0.02814,2532280,71270.5666
1785020400000,0.02814,0.02822,0.02803,0.02806,2202330,61900.3122
1785024000000,0.02806,0.02808,0.02801,0.02803,532800,14945.4641
1785027600000,0.02803,0.02815,0.028,0.02809,2340540,65739.7631
1785031200000,0.02809,0.02812,0.02801,0.02804,354470,9944.1392
1785034800000,0.02804,0.0281,0.02803,0.02809,523770,14693.2599
1785038400000,0.02809,0.02809,0.028,0.02806,498220,13965.7604
1785042000000,0.02806,0.02819,0.02802,0.02817,1515120,42633.3631
1785045600000,0.02817,0.02827,0.02809,0.02826,1224560,34481.4781
1785049200000,0.02826,0.02848,0.02825,0.02828,3911670,110969.1687
1785052800000,0.02828,0.02839,0.02825,0.02838,2304190,65209.0225
1785056400000,0.02838,0.02848,0.02833,0.02844,2708480,76935.2897
1785060000000,0.02844,0.029,0.02844,0.02879,8206530,236250.6413
1785063600000,0.02879,0.02889,0.0287,0.02875,2492890,71786.8861
1785067200000,0.02875,0.0289,0.0286,0.02862,4212610,121174.8201
1785070800000,0.02862,0.02871,0.02848,0.02859,3202110,91503.0553
1785074400000,0.02859,0.02873,0.02858,0.02864,1319190,37784.8612
1785078000000,0.02864,0.02891,0.02863,0.02891,1456010,41915.0641
1785081600000,0.02891,0.02914,0.0289,0.02893,3732550,108273.3482
1785085200000,0.02893,0.02899,0.02887,0.0289,924250,26727.023
1785088800000,0.0289,0.02892,0.02879,0.02884,1423020,41047.7598
1785092400000,0.02884,0.02902,0.0288,0.02898,1325980,38359.0657
1785096000000,0.02898,0.029,0.02887,0.02891,910790,26354.8921
1785099600000,0.02891,0.02902,0.02889,0.02898,1006640,29138.5817
1785103200000,0.02898,0.0292,0.02897,0.02907,2101520,61173.3302
1785106800000,0.02907,0.02932,0.02906,0.02932,3277240,95648.044
1785110400000,0.02932,0.02937,0.02917,0.02917,875140,25640.8722
1785114000000,0.02917,0.02936,0.02913,0.02935,791700,23165.0356
1785117600000,0.02935,0.02943,0.02931,0.02938,479690,14084.8849
1785121200000,0.02938,0.02943,0.02926,0.02927,472770,13873.2594
1785124800000,0.02927,0.02936,0.02918,0.02921,727260,21286.2666
1785128400000,0.02921,0.02921,0.02898,0.02909,3069660,89271.1863
1785132000000,0.02909,0.02922,0.02903,0.02903,666470,19396.9785
1785135600000,0.02903,0.0291,0.02895,0.02897,633400,18389.4384
1785139200000,0.02897,0.02949,0.02897,0.02944,8944460,262091.0679
1785142800000,0.02944,0.02957,0.02929,0.02955,5121340,150777.8154
1785146400000,0.02955,0.02982,0.02944,0.02946,6336370,187641.886
1785150000000,0.02946,0.0295,0.02932,0.02932,1155650,33990.4148
1785153600000,0.02932,0.02941,0.0291,0.02915,2195190,64101.7983
1785157200000,0.02915,0.02941,0.02911,0.02933,3220530,94250.4096
1785160800000,0.02933,0.02936,0.02871,0.0289,9799750,284427.5642
1785164400000,0.0289,0.02893,0.0287,0.02881,1328150,38284.0981
1785168000000,0.02881,0.02892,0.02866,0.02889,2431610,69999.259
1785171600000,0.02889,0.02894,0.02873,0.02879,1346810,38802.5941
1785175200000,0.02879,0.02882,0.02864,0.02872,2820610,80998.9551
1785178800000,0.02872,0.02872,0.02856,0.02868,1694300,48539.2071
1785182400000,0.02868,0.02871,0.02862,0.02866,798860,22899.4381
1785186000000,0.02866,0.02866,0.02853,0.02856,1073030,30669.1664
1785189600000,0.02856,0.02856,0.02821,0.02826,6584350,186729.5634
1785193200000,0.02826,0.02826,0.02803,0.02811,3573390,100572.834
1785196800000,0.02811,0.02811,0.02786,0.02795,5493380,153445.1863
1785200400000,0.02795,0.02798,0.02765,0.02774,4765890,132263.6473
1785204000000,0.02774,0.02788,0.0277,0.02785,3021040,83937.9582
1785207600000,0.02785,0.02785,0.02775,0.02775,1163830,32363.6516
1785211200000,0.02775,0.0278,0.02766,0.0278,1908980,52958.7647
1785214800000,0.0278,0.02795,0.02777,0.02784,1372680,38269.7577
1785218400000,0.02784,0.02787,0.02779,0.02787,887610,24709.3198
1785222000000,0.02787,0.02791,0.02779,0.02783,2497810,69582.6532
1785225600000,0.02783,0.02812,0.0278,0.02789,5834720,163291.0382
1785229200000,0.02789,0.02797,0.02788,0.02789,1195400,33370.8964
1785232800000,0.02789,0.02792,0.02776,0.02778,1772040,49272.7869
1785236400000,0.02778,0.02782,0.02771,0.02775,1187340,32956.6677
1785240000000,0.02775,0.02778,0.0277,0.02776,1284240,35622.3117
1785243600000,0.02776,0.02779,0.02745,0.02757,5451970,150273.649
1785247200000,0.02757,0.02779,0.02757,0.02776,1518910,42060.2209
1785250800000,0.02776,0.02809,0.02775,0.02794,4470610,124876.4818
1785254400000,0.02794,0.02811,0.0277,0.02787,4124960,114989.4962
1785258000000,0.02787,0.02788,0.0277,0.02775,5453560,151500.0414
1785261600000,0.02775,0.02788,0.02772,0.02778,1623920,45137.2961
1785265200000,0.02778,0.02789,0.02776,0.02785,1463400,40706.9563
1785268800000,0.02785,0.02798,0.02782,0.02793,2451610,68450.4334
1785272400000,0.02793,0.02812,0.02793,0.02803,3971510,111313.8178
1785276000000,0.02803,0.02811,0.02785,0.02787,1052700,29441.6029
1785279600000,0.02787,0.02797,0.02775,0.02792,3011740,83948.9016
1785283200000,0.02792,0.02801,0.02788,0.02795,2332640,65230.8727
1785286800000,0.02795,0.02799,0.02769,0.0277,1602870,44552.3419
1785290400000,0.0277,0.02791,0.02765,0.02779,2178670,60584.3082
1785294000000,0.02779,0.0278,0.02764,0.02766,1532740,42447.2773
1785297600000,0.02766,0.02779,0.02757,0.02774,1752140,48500.5167
1785301200000,0.02774,0.02784,0.02774,0.02781,484510,13460.0537
1785304800000,0.02781,0.02789,0.02775,0.02787,1236080,34447.1644
1785308400000,0.02787,0.02788,0.02774,0.02788,1605980,44630.0898
1785312000000,0.02788,0.02788,0.02766,0.02779,1692420,46951.2458
1785315600000,0.02779,0.02799,0.02779,0.02798,1913590,53335.9284
1785319200000,0.02798,0.02813,0.0278,0.02782,3870130,108436.3899
1785322800000,0.02782,0.02784,0.02771,0.02777,941930,26166.5423
1785326400000,0.02777,0.02778,0.02766,0.02771,863300,23930.7849
1785330000000,0.02771,0.0278,0.02762,0.02774,1975230,54733.011
1785333600000,0.02774,0.02777,0.02758,0.02763,1314410,36331.5593
1785337200000,0.02763,0.02776,0.02758,0.02766,1533260,42387.6308
1785340800000,0.02766,0.0277,0.02745,0.02757,3299070,90917.2195
1785344400000,0.02757,0.02772,0.02753,0.0277,1255080,34657.75
1785348000000,0.0277,0.02796,0.02761,0.02771,4422300,122842.1879
1785351600000,0.02771,0.02775,0.02732,0.02737,4991600,136891.0527
1785355200000,0.02737,0.02739,0.02706,0.02721,6375010,173512.8996
1785358800000,0.02721,0.02735,0.02716,0.02735,3057260,83225.9767
1785362400000,0.02735,0.02747,0.02735,0.02745,3068260,84128.8329
1785366000000,0.02745,0.02747,0.02736,0.02736,1188070,32578.1992
1785369600000,0.02736,0.02744,0.02726,0.02729,1525570,41729.0191
1785373200000,0.02729,0.02758,0.02729,0.02753,1363370,37427.3287
1785376800000,0.02753,0.02759,0.02752,0.02756,548700,15115.763
1785380400000,0.02756,0.02759,0.02749,0.0275,496290,13659.1695
1785384000000,0.0275,0.02755,0.02747,0.0275,897010,24675.0043
1785387600000,0.0275,0.0275,0.02736,0.02748,2355090,64605.7067
1785391200000,0.02748,0.02756,0.02745,0.02752,1388730,38199.61
1785394800000,0.02752,0.02765,0.02752,0.02753,1830050,50490.1107
1785398400000,0.02753,0.02774,0.02753,0.02765,1143930,31623.833
1785402000000,0.02765,0.02767,0.02759,0.02765,1919910,53040.9109
1785405600000,0.02765,0.02765,0.02734,0.02742,5712400,157005.0495
1785409200000,0.02742,0.02749,0.02735,0.02744,1354090,37148.3629
1785412800000,0.02744,0.02755,0.0274,0.02754,1533030,42116.3233
1785416400000,0.02754,0.02766,0.02745,0.02763,1348180,37135.7196
1785420000000,0.02763,0.02765,0.02745,0.02748,963480,26541.2351
1785423600000,0.02748,0.02753,0.02723,0.02733,4494420,122991.1114
1785427200000,0.02733,0.02742,0.02731,0.0274,813780,22267.2771
1785430800000,0.0274,0.02752,0.02734,0.02751,512740,14060.9995
1785434400000,0.02751,0.02753,0.02748,0.02751,477760,13142.5602
1785438000000,0.02751,0.02763,0.02748,0.02763,1251280,34483.0502
1785441600000,0.02763,0.0277,0.02752,0.02757,1630450,45048.0206
1785445200000,0.02757,0.02765,0.02756,0.02761,428010,11815.4487
1785448800000,0.02761,0.02766,0.0275,0.0276,1244460,34316.3371
1785452400000,0.0276,0.02772,0.02758,0.02768,2210120,61112.9293
1785456000000,0.02768,0.02788,0.02768,0.02781,3191870,88738.8663
1785459600000,0.02781,0.02793,0.02774,0.02777,1298270,36146.0995
1785463200000,0.02777,0.02777,0.02752,0.02761,1500030,41494.1738
1785466800000,0.02761,0.0277,0.02754,0.02763,494400,13655.3551
1785470400000,0.02763,0.02763,0.02748,0.02751,809450,22295.7802
1785474000000,0.02751,0.0278,0.0275,0.0278,1906020,52710.4849
1785477600000,0.0278,0.02788,0.02773,0.02779,1948410,54155.3095
1785481200000,0.02779,0.0278,0.02754,0.02765,1566330,43303.378
1785484800000,0.02765,0.02767,0.02751,0.02753,605770,16716.0182
1785488400000,0.02753,0.02756,0.02741,0.02745,990850,27226.1438
1785492000000,0.02745,0.02752,0.02732,0.02743,1720380,47196.5258
1785495600000,0.02743,0.02756,0.02742,0.02748,1691380,46497.4717
1785499200000,0.02748,0.02752,0.02741,0.02744,644990,17710.2742
1785502800000,0.02744,0.02751,0.02724,0.02727,1964420,53779.6176
1785506400000,0.02727,0.02729,0.02695,0.02719,8981960,243561.8973
1785510000000,0.02719,0.02726,0.02713,0.02717,1621700,44111.9793
1785513600000,0.02717,0.02729,0.02711,0.02721,1130930,30762.4843
1785517200000,0.02721,0.0273,0.02721,0.02729,630990,17196.9345
1785520800000,0.02729,0.02732,0.02716,0.02718,552820,15057.1227
1785524400000,0.02718,0.02722,0.02715,0.02719,1302400,35406.6608
1785528000000,0.02719,0.02729,0.02718,0.02721,1288330,35083.8894
1785531600000,0.02721,0.02724,0.02715,0.02717,695730,18924.1048
1785535200000,0.02717,0.02722,0.02716,0.02717,373250,10149.4629
1785538800000,0.02717,0.02721,0.02715,0.02718,920940,25027.3683
1785542400000,0.02718,0.02728,0.02716,0.02726,411690,11214.7169
1785546000000,0.02726,0.02726,0.02721,0.02723,133990,3648.8512
1785549600000,0.02723,0.02739,0.02723,0.02733,985970,26922.5639
1785553200000,0.02733,0.02736,0.02731,0.02733,677290,18508.4241
1785556800000,0.02733,0.02734,0.02726,0.02731,827980,22601.1895
1785560400000,0.02731,0.02732,0.02704,0.02719,2780310,75448.7369
1785564000000,0.02719,0.0272,0.02716,0.0272,644090,17507.9749
1785567600000,0.0272,0.02724,0.02717,0.02717,345620,9398.923
1785571200000,0.02717,0.02718,0.02704,0.02708,1274980,34545.5639
1785574800000,0.02708,0.02711,0.027,0.02707,1481410,40063.8447
1785578400000,0.02707,0.02707,0.02699,0.02704,1004980,27154.5508
1785582000000,0.02704,0.02711,0.02704,0.02708,1091020,29552.755
1785585600000,0.02708,0.02712,0.02702,0.02702,578100,15647.58
1785589200000,0.02702,0.02707,0.02696,0.027,1750500,47280.1433
1785592800000,0.027,0.02706,0.02694,0.02706,1387120,37459.5605
1785596400000,0.02706,0.02708,0.02695,0.02701,1079990,29178.985
1785600000000,0.02701,0.02703,0.02692,0.02697,2225580,60015.0157
1785603600000,0.02697,0.02698,0.02668,0.02679,5479710,146860.6228
1785607200000,0.02679,0.02679,0.02635,0.0266,8759160,232307.4463
1785610800000,0.0266,0.02669,0.0265,0.02662,1965890,52324.6496
1785614400000,0.02662,0.02667,0.02658,0.02667,1384040,36842.3064
1785618000000,0.02667,0.02674,0.02665,0.0267,768240,20517.5694
1785621600000,0.0267,0.02677,0.02669,0.02673,515950,13788.7291
1785625200000,0.02673,0.02677,0.02668,0.02676,629950,16840.5549
1785628800000,0.02676,0.02681,0.02664,0.02668,809650,21637.7399
1785632400000,0.02668,0.02685,0.02668,0.02685,516500,13839.7253
1785636000000,0.02685,0.02702,0.0268,0.02697,1842040,49599.033
1785639600000,0.02697,0.02701,0.02688,0.02694,4941960,133175.6189
1785643200000,0.02694,0.02702,0.0269,0.02693,1688070,45516.8764
1785646800000,0.02693,0.02693,0.02685,0.02685,550710,14809.1764
1785650400000,0.02685,0.02689,0.02681,0.02686,1355650,36395.3524
1785654000000,0.02686,0.02694,0.02683,0.02692,538500,14471.058
1785657600000,0.02692,0.02693,0.02685,0.02687,1186730,31926.8962
1785661200000,0.02687,0.02689,0.02683,0.02687,404680,10867.5755
1785664800000,0.02687,0.02687,0.02671,0.02677,1677030,44866.2931
1785668400000,0.02677,0.02678,0.02662,0.02667,2059000,54939.0589
1785672000000,0.02667,0.02678,0.02664,0.02669,1564910,41823.9168
1785675600000,0.02669,0.02674,0.02659,0.02666,1132800,30196.1742
1785679200000,0.02666,0.02674,0.02664,0.02669,498950,13317.2204
1785682800000,0.02669,0.02675,0.02664,0.02667,922040,24615.5049
1785686400000,0.02667,0.02675,0.0266,0.02673,733710,19551.526
1785690000000,0.02673,0.0269,0.02671,0.02687,1809860,48531.1603
1785693600000,0.02687,0.02718,0.02685,0.02696,6194630,167716.6228
1785697200000,0.02696,0.02696,0.02687,0.02689,1264560,34036.4187
1785700800000,0.02689,0.02694,0.02685,0.0269,1817250,48863.7788
1785704400000,0.0269,0.02705,0.02687,0.02693,2308360,62239.3664
1785708000000,0.02693,0.027,0.02681,0.02683,1200280,32263.6216
1785711600000,0.02683,0.02687,0.02675,0.0268,1414610,37910.4423
1785715200000,0.0268,0.0268,0.02671,0.02679,721470,19296.4023
1785718800000,0.02679,0.0268,0.02669,0.0267,514800,13764.5875
1785722400000,0.0267,0.02681,0.0267,0.02671,746220,19962.3801
1785726000000,0.02671,0.02677,0.02661,0.02662,855020,22818.2006
1785729600000,0.02662,0.02673,0.02647,0.02654,3529470,93838.8158
1785733200000,0.02654,0.02661,0.02651,0.0266,814050,21623.0557
1785736800000,0.0266,0.02662,0.02647,0.02647,1041600,27644.9178
1785740400000,0.02647,0.02653,0.02609,0.02612,10915700,286814.6745
1785744000000,0.02612,0.02616,0.02594,0.02608,3802120,99010.2783
1785747600000,0.02608,0.02626,0.02608,0.02624,1486500,38938.0267
1785751200000,0.02624,0.02626,0.02599,0.02607,3996910,104293.0559
1785754800000,0.02607,0.02616,0.02598,0.02599,1616540,42119.5277
1785758400000,0.02599,0.02621,0.02598,0.02612,3427870,89466.0667
1785762000000,0.02612,0.02616,0.02577,0.02616,8383260,217727.2533
1785765600000,0.02616,0.02636,0.02609,0.02636,2512020,65861.0182
1785769200000,0.02636,0.02641,0.02624,0.02633,2193240,57672.245
1785772800000,0.02633,0.02642,0.02625,0.02632,1053080,27703.4163
1785776400000,0.02632,0.02645,0.02629,0.02641,1552810,40966.6556
1785780000000,0.02641,0.02643,0.02618,0.0262,2236180,58909.1679
1785783600000,0.0262,0.02623,0.02601,0.02607,3810130,99552.3807
1785787200000,0.02607,0.02614,0.02603,0.02606,1295950,33798.3599
1785790800000,0.02606,0.02621,0.02604,0.02617,621530,16237.2247
1785794400000,0.02617,0.02621,0.02607,0.02613,481280,12574.0981
1785798000000,0.02613,0.02617,0.02607,0.02607,1013860,26499.9782
1785801600000,0.02607,0.02619,0.02575,0.02588,3404130,88309.3647
1785805200000,0.02588,0.02609,0.02582,0.02605,2752860,71432.3481
1785808800000,0.02605,0.02609,0.02592,0.02597,1867550,48582.6174
1785812400000,0.02597,0.02599,0.02581,0.02585,1969130,50969.3674
1785816000000,0.02585,0.02596,0.0258,0.0259,2370210,61323.856
1785819600000,0.0259,0.02611,0.02588,0.0261,1873800,48676.0417
1785823200000,0.0261,0.02629,0.02602,0.02604,3427760,89673.6391
1785826800000,0.02604,0.02641,0.02602,0.02641,3184200,83680.9194
1785830400000,0.02641,0.02654,0.0263,0.02633,2481810,65519.229
1785834000000,0.02633,0.02672,0.02623,0.02665,4102940,108883.2948
1785837600000,0.02665,0.02674,0.02649,0.0265,2961190,78804.655
1785841200000,0.0265,0.02657,0.02636,0.02653,3416520,90352.9533
1785844800000,0.02653,0.02655,0.02642,0.02652,1894240,50186.5527
1785848400000,0.02652,0.02695,0.02647,0.02674,4749270,126701.522
1785852000000,0.02674,0.02703,0.02672,0.02691,3261300,87623.3063
1785855600000,0.02691,0.02695,0.02658,0.02674,1410240,37698.7311
1785859200000,0.02674,0.02697,0.02669,0.02676,4265330,114359.5264
1785862800000,0.02676,0.02687,0.02669,0.02674,1003300,26877.616
1785866400000,0.02674,0.02686,0.02668,0.02671,3806770,101865.898
1785870000000,0.02671,0.02677,0.0267,0.02674,755880,20210.261
1785873600000,0.02674,0.02677,0.02654,0.02671,3087100,82232.2923
1785877200000,0.02671,0.02672,0.02659,0.02661,699610,18675.2415
1785880800000,0.02661,0.02661,0.02654,0.02656,2212800,58798.0845
1785884400000,0.02656,0.02657,0.02636,0.02637,2958340,78299.5299
1785888000000,0.02637,0.02638,0.02605,0.02625,5727590,150146.962
1785891600000,0.02625,0.02646,0.02618,0.0264,1892770,49817.3648
1785895200000,0.0264,0.02645,0.02628,0.02642,1273990,33582.1243
1785898800000,0.02642,0.02651,0.02636,0.02643,2469900,65262.4287
1785902400000,0.02643,0.02643,0.02634,0.02636,888540,23435.8183
1785906000000,0.02636,0.02642,0.02633,0.02635,965770,25471.4788
1785909600000,0.02635,0.02635,0.02605,0.02617,4092340,107114.9343
1785913200000,0.02617,0.02619,0.02604,0.02619,1677040,43828.2798
1785916800000,0.02619,0.0263,0.02617,0.02625,2235870,58666.9532
1785920400000,0.02625,0.02633,0.02614,0.02615,1898730,49846.7084
1785924000000,0.02615,0.02623,0.02597,0.02604,9166320,239280.5814
1785927600000,0.02604,0.02613,0.02589,0.02596,5066080,131731.9592
1785931200000,0.02596,0.02619,0.02595,0.02606,2349240,61270.1755
1785934800000,0.02606,0.02616,0.02602,0.02613,3852280,100481.7384
1785938400000,0.02613,0.02623,0.02601,0.02618,5202500,135931.4195
1785942000000,0.02618,0.02621,0.02599,0.02601,3857110,100559.2586
1785945600000,0.02601,0.02615,0.02591,0.02612,3914470,101929.1302
1785949200000,0.02612,0.02629,0.0261,0.02625,1365400,35777.4863
1785952800000,0.02625,0.02641,0.02606,0.02611,15195230,399078.6881
1785956400000,0.02611,0.02618,0.02607,0.02616,2716270,70952.1258
1785960000000,0.02616,0.02623,0.02604,0.02606,2292670,59929.0736
1785963600000,0.02606,0.02608,0.02597,0.02602,2026990,52724.409
1785967200000,0.02602,0.02608,0.026,0.02606,473120,12321.5904
1785970800000,0.02606,0.02609,0.02598,0.02607,2087930,54371.8289
1785974400000,0.02607,0.02619,0.02607,0.02617,1177500,30773.0945
1785978000000,0.02617,0.02626,0.02608,0.02608,1880680,49200.5406
1785981600000,0.02608,0.02608,0.02595,0.026,1056120,27477.3488
1785985200000,0.026,0.02609,0.02597,0.02603,2248020,58512.6784
1785988800000,0.02603,0.02619,0.02599,0.02616,1674830,43733.0053
1785992400000,0.02616,0.02629,0.02614,0.02625,2296180,60230.9782
1785996000000,0.02625,0.02635,0.02619,0.0263,1309150,34362.894
1785999600000,0.0263,0.0263,0.02616,0.02616,1045580,27443.8985
1786003200000,0.02616,0.02616,0.02604,0.02615,1830120,47749.7775
1786006800000,0.02615,0.02615,0.02598,0.02608,6206760,161645.8206
1786010400000,0.02608,0.02608,0.0259,0.02592,2180920,56653.5833
1786014000000,0.02592,0.02601,0.02587,0.02592,2317020,60058.7968
1786017600000,0.02592,0.02595,0.0252,0.02541,21221280,542504.9345
1786021200000,0.02541,0.02541,0.02498,0.02529,18023780,454611.7108
1786024800000,0.02529,0.02539,0.0252,0.02531,6520460,164772.3815
1786028400000,0.02531,0.02545,0.02531,0.02533,2799370,71074.2356
1786032000000,0.02533,0.02565,0.0253,0.02554,5243190,133797.9226
1786035600000,0.02554,0.02558,0.02543,0.02546,1633360,41632.906
1786039200000,0.02546,0.02571,0.02543,0.02561,3611250,92439.8109
1786042800000,0.02561,0.02562,0.02543,0.02548,1944830,49645.0927
1786046400000,0.02548,0.02553,0.02542,0.02546,2506800,63843.3077
1786050000000,0.02546,0.02565,0.02545,0.02559,4634680,118305.7386
1786053600000,0.02559,0.02568,0.02548,0.02567,875750,22392.9165
1786057200000,0.02567,0.02567,0.02556,0.02562,1203740,30820.7052
1786060800000,0.02562,0.0257,0.02558,0.02569,1301240,33360.7164
1786064400000,0.02569,0.02578,0.02566,0.02571,969890,24948.8088
1786068000000,0.02571,0.02575,0.02561,0.02567,1474710,37860.1699
1786071600000,0.02567,0.02567,0.02539,0.02543,1415380,36099.0742
1786075200000,0.02543,0.02546,0.02538,0.02539,714930,18170.7391
1786078800000,0.02539,0.02557,0.02536,0.02556,2761010,70242.9298
1786082400000,0.02556,0.0257,0.02556,0.02568,1217290,31207.2445
1786086000000,0.02568,0.02568,0.02562,0.02565,574770,14742.6516
1786089600000,0.02565,0.02598,0.02562,0.02592,3037920,78602.641
1786093200000,0.02592,0.02604,0.02585,0.02602,2379610,61698.125
1786096800000,0.02602,0.02623,0.02595,0.02606,6191320,161690.9436
1786100400000,0.02606,0.02617,0.02599,0.02602,1597060,41664.5456
1786104000000,0.02602,0.02619,0.02594,0.02611,2444970,63737.5858
1786107600000,0.02611,0.02611,0.02595,0.02595,1558210,40580.4477
1786111200000,0.02595,0.02601,0.02583,0.02593,3199080,82896.6269
1786114800000,0.02593,0.02623,0.02593,0.02603,2133580,55740.9737
1786118400000,0.02603,0.02669,0.02603,0.02651,9100080,240223.9847
1786122000000,0.02651,0.02657,0.02618,0.02619,5867660,154682.0396
1786125600000,0.02619,0.02629,0.02608,0.02614,1562860,40956.6022
1786129200000,0.02614,0.02657,0.0261,0.02635,12596850,332564.5378
1786132800000,0.02635,0.02641,0.02629,0.02632,1634620,43060.8721
1786136400000,0.02632,0.02636,0.02615,0.02616,1946390,51095.0831
1786140000000,0.02616,0.02629,0.02611,0.02628,1708390,44744.3446
1786143600000,0.02628,0.02642,0.02626,0.02642,865980,22800.8914
1786147200000,0.02642,0.02654,0.02641,0.02642,1801290,47698.2632
1786150800000,0.02642,0.02657,0.0264,0.02655,729830,19339.305
1786154400000,0.02655,0.02658,0.02644,0.02647,1153780,30598.9352
1786158000000,0.02647,0.02657,0.02642,0.02645,1852880,49116.6753
1786161600000,0.02645,0.02665,0.02643,0.02658,1590880,42219.866
1786165200000,0.02658,0.0266,0.02641,0.02643,475680,12616.912
1786168800000,0.02643,0.02648,0.02639,0.02644,2353380,62209.538
1786172400000,0.02644,0.0265,0.02638,0.02644,173740,4593.411
1786176000000,0.02644,0.02689,0.02627,0.02684,6758650,179561.1111
1786179600000,0.02684,0.02702,0.02678,0.02683,6258230,168398.6507
1786183200000,0.02683,0.02719,0.02681,0.02688,5446290,147110.808
1786186800000,0.02688,0.02695,0.02677,0.02677,1318580,35427.7651
1786190400000,0.02677,0.02692,0.02677,0.02687,1501220,40286.7713
1786194000000,0.02687,0.02704,0.0268,0.0268,2563600,69000.6282
1786197600000,0.0268,0.02693,0.02669,0.02688,4986780,133720.0635
1786201200000,0.02688,0.02689,0.02678,0.02684,1028450,27598.9127
1786204800000,0.02684,0.02684,0.02668,0.02675,1308780,34986.9841
1786208400000,0.02675,0.02679,0.02671,0.02679,408280,10922.578
1786212000000,0.02679,0.0268,0.02662,0.02668,2090120,55772.3551
1786215600000,0.02668,0.02678,0.02668,0.02671,583180,15585.9177
1786219200000,0.02671,0.02682,0.02668,0.02677,1085980,29050.9242
1786222800000,0.02677,0.02686,0.02675,0.02677,1146260,30726.9612
1786226400000,0.02677,0.02677,0.02664,0.02666,299290,7991.4315
1786230000000,0.02666,0.02667,0.0266,0.02666,855870,22791.4128
1786233600000,0.02666,0.02681,0.02663,0.02679,962470,25727.5119
1786237200000,0.02679,0.0268,0.02663,0.02667,310320,8289.9753
1786240800000,0.02667,0.02671,0.02664,0.02669,322610,8605.8802
1786244400000,0.02669,0.02669,0.02658,0.02663,1865830,49670.4223
1786248000000,0.02663,0.02684,0.02662,0.02671,1015130,27144.7867
1786251600000,0.02671,0.02676,0.02648,0.02651,2816980,74822.7548
1786255200000,0.02651,0.02663,0.02651,0.02662,1819370,48372.4445
1786258800000,0.02662,0.0267,0.02651,0.02651,2385210,63477.1749
1786262400000,0.02651,0.02659,0.0265,0.02654,670400,17789.7573
1786266000000,0.02654,0.02658,0.0265,0.02656,672300,17840.499
1786269600000,0.02656,0.02666,0.02652,0.02654,1056080,28076.9348
1786273200000,0.02654,0.02658,0.0264,0.02645,2018160,53418.1224
1786276800000,0.02645,0.02646,0.02635,0.02639,830700,21909.7319
1786280400000,0.02639,0.02668,0.02639,0.02655,1845570,49012.4658
1786284000000,0.02655,0.02667,0.02651,0.02662,2322360,61734.9653
1786287600000,0.02662,0.02666,0.02646,0.02656,4369240,116003.323
1786291200000,0.02656,0.02664,0.0265,0.02658,1952260,51847.4802
1786294800000,0.02658,0.02665,0.02656,0.02662,686410,18267.3822
1786298400000,0.02662,0.02665,0.02658,0.02661,503880,13408.6102
1786302000000,0.02661,0.02665,0.02658,0.02659,796370,21191.0855
1786305600000,0.02659,0.02659,0.0264,0.02647,1560790,41341.748
1786309200000,0.02647,0.02654,0.02646,0.02654,601220,15923.6312
1786312800000,0.02654,0.0266,0.02617,0.02617,3643000,95845.4413
1786316400000,0.02617,0.02622,0.02593,0.02599,3258540,84970.8817
1786320000000,0.02599,0.02624,0.02587,0.02612,4101650,106976.0552
1786323600000,0.02612,0.02625,0.02604,0.02617,1527700,39904.782
1786327200000,0.02617,0.02623,0.02609,0.02617,1106630,28940.5054
1786330800000,0.02617,0.02618,0.02607,0.02612,1679620,43880.4865
1786334400000,0.02612,0.02626,0.02612,0.02616,1125130,29484.4099
1786338000000,0.02616,0.02625,0.02615,0.02624,788980,20652.5308
1786341600000,0.02624,0.02626,0.02619,0.02623,488370,12799.0449
1786345200000,0.02623,0.02625,0.02613,0.02618,767500,20103.7186
1786348800000,0.02618,0.02622,0.02614,0.02618,537580,14071.8365
1786352400000,0.02618,0.02618,0.0261,0.0261,374030,9773.5064
1786356000000,0.0261,0.02624,0.02607,0.02624,1745550,45724.3334
1786359600000,0.02624,0.0263,0.02621,0.02624,1097180,28805.6854
1786363200000,0.02624,0.02629,0.0262,0.0262,786920,20640.9492
1786366800000,0.0262,0.02627,0.02615,0.02619,1252230,32810.8372
1786370400000,0.02619,0.02629,0.0261,0.0261,1881670,49367.6696
1786374000000,0.0261,0.02614,0.02597,0.02605,1604670,41780.4261
1786377600000,0.02605,0.02619,0.02596,0.02596,2964750,77228.318
1786381200000,0.02596,0.02604,0.02593,0.02603,1198890,31187.1903
1786384800000,0.02603,0.02604,0.02582,0.02591,2231200,57803.112
1786388400000,0.02591,0.026,0.02587,0.02595,1198900,31071.5755
1786392000000,0.02595,0.026,0.02592,0.02598,1661360,43142.7031
1786395600000,0.02598,0.02599,0.02587,0.02589,635700,16501.9132
1786399200000,0.02589,0.02594,0.02584,0.02592,383690,9933.8021
1786402800000,0.02592,0.02593,0.02586,0.02589,501870,12998.3201
1786406400000,0.02589,0.0261,0.02565,0.02608,5362180,138647.7931
1786410000000,0.02608,0.02614,0.02602,0.02609,728990,19014.1694
1786413600000,0.02609,0.02653,0.02605,0.02635,4594090,121133.4234
1786417200000,0.02635,0.02653,0.0263,0.02633,1807490,47707.709
1786420800000,0.02633,0.02635,0.02613,0.02614,645130,16919.2473
1786424400000,0.02614,0.02618,0.02607,0.02617,741520,19363.4003
1786428000000,0.02617,0.02633,0.02615,0.02622,1076420,28252.3786
1786431600000,0.02622,0.02623,0.02604,0.02607,626150,16363.3962
1786435200000,0.02607,0.02634,0.02605,0.02633,598330,15672.7435
1786438800000,0.02633,0.02645,0.02619,0.02626,2133800,56180.7683
1786442400000,0.02626,0.02627,0.02607,0.02607,993930,26040.3804
1786446000000,0.02607,0.02616,0.02605,0.02614,462600,12079.277
1786449600000,0.02614,0.02618,0.02594,0.026,2050220,53342.5804
1786453200000,0.026,0.02605,0.02596,0.02597,790410,20548.4779
1786456800000,0.02597,0.026,0.02572,0.02579,2173310,56230.6564
1786460400000,0.02579,0.02592,0.02567,0.0258,1417610,36541.2069
1786464000000,0.0258,0.02588,0.02574,0.02577,853500,22033.9934
1786467600000,0.02577,0.02591,0.02573,0.02576,891530,22986.0533
1786471200000,0.02576,0.02578,0.02549,0.02565,2667560,68326.1282
1786474800000,0.02565,0.02588,0.02558,0.02587,1025740,26385.3613
1786478400000,0.02587,0.02591,0.02583,0.02587,451710,11687.8767
1786482000000,0.02587,0.02594,0.02583,0.02593,237520,6146.4217
1786485600000,0.02593,0.02599,0.02589,0.0259,399620,10372.1107
1786489200000,0.0259,0.02599,0.02587,0.02597,319880,8294.1039
1786492800000,0.02597,0.02609,0.02595,0.02605,643280,16733.3272
1786496400000,0.02605,0.0262,0.02605,0.02613,806500,21083.9153
1786500000000,0.02613,0.02614,0.02597,0.02609,719140,18733.835
1786503600000,0.02609,0.02613,0.02597,0.02597,654330,17031.2394
1786507200000,0.02597,0.02598,0.02588,0.02592,1835080,47596.5391
1786510800000,0.02592,0.02595,0.02589,0.0259,248680,6446.0735
1786514400000,0.0259,0.02592,0.02578,0.02586,639030,16524.2954
1786518000000,0.02586,0.02588,0.02579,0.02587,479970,12398.43
1786521600000,0.02587,0.02587,0.02574,0.02576,365460,9420.847
1786525200000,0.02576,0.02592,0.02576,0.02587,1097420,28366.8626
1786528800000,0.02587,0.02599,0.02583,0.02595,890090,23067.5061
1786532400000,0.02595,0.02598,0.0259,0.02596,389860,10109.2684
1786536000000,0.02596,0.02603,0.02585,0.02588,2350510,61008.2224
1786539600000,0.02588,0.02595,0.02583,0.02592,1931130,49986.2434
1786543200000,0.02592,0.02594,0.0257,0.02571,1474730,38020.6631
1786546800000,0.02571,0.02576,0.02554,0.02557,1292020,33166.6424
1786550400000,0.02557,0.0256,0.02544,0.02549,1272140,32452.1817
1786554000000,0.02549,0.0256,0.02548,0.02554,476000,12162.3724
1786557600000,0.02554,0.02554,0.02546,0.02548,334860,8544.1878
1786561200000,0.02548,0.02548,0.02524,0.02538,3039200,76991.5837
1786564800000,0.02538,0.02543,0.02534,0.02537,625840,15884.1588
1786568400000,0.02537,0.0255,0.02529,0.02529,1626250,41300.2448
1786572000000,0.02529,0.02553,0.02525,0.02537,1038330,26376.5514
1786575600000,0.02537,0.02555,0.02519,0.02555,2570450,65123.8231
1786579200000,0.02555,0.0256,0.02542,0.02547,1477400,37675.3118
1786582800000,0.02547,0.02579,0.02541,0.02554,3478480,89169.4843
1786586400000,0.02554,0.02563,0.02549,0.02553,1258180,32143.023
1786590000000,0.02553,0.02573,0.02552,0.02568,1800510,46117.3306
1786593600000,0.02568,0.02568,0.02558,0.0256,326440,8362.9609
1786597200000,0.0256,0.0256,0.02548,0.02551,1009920,25773.3916
1786600800000,0.02551,0.02554,0.02536,0.02552,950830,24208.3718
1786604400000,0.02552,0.02561,0.02548,0.02552,1889290,48270.1362
1786608000000,0.02552,0.02561,0.0255,0.02555,208660,5332.4655
1786611600000,0.02555,0.02555,0.02548,0.02553,678120,17296.5088
1786615200000,0.02553,0.02553,0.02541,0.02542,594280,15123.5992
1786618800000,0.02542,0.02546,0.02533,0.02542,966030,24523.3337
1786622400000,0.02542,0.02544,0.02531,0.02537,783570,19891.3033
1786626000000,0.02537,0.02544,0.02534,0.02538,760080,19308.152
1786629600000,0.02538,0.02557,0.02537,0.02553,480740,12251.2687
1786633200000,0.02553,0.02555,0.02532,0.02532,1324050,33705.4003
1786636800000,0.02532,0.02577,0.02527,0.02544,5409180,137886.3243
1786640400000,0.02544,0.02553,0.02537,0.02543,607270,15447.7539
1786644000000,0.02543,0.02556,0.02537,0.02538,1385110,35243.612
1786647600000,0.02538,0.02542,0.02529,0.02534,859340,21788.3799
1786651200000,0.02534,0.02539,0.0253,0.02539,884620,22422.5688
1786654800000,0.02539,0.02551,0.02539,0.02546,349000,8886.5247
1786658400000,0.02546,0.02548,0.02527,0.02528,850560,21543.6808
1786662000000,0.02528,0.0253,0.0251,0.02527,3868080,97344.53
1786665600000,0.02527,0.02536,0.02523,0.02532,1024290,25918.2719
1786669200000,0.02532,0.02533,0.02518,0.02518,451800,11414.9263
1786672800000,0.02518,0.02528,0.02504,0.02511,2753290,69181.8861
1786676400000,0.02511,0.02516,0.02505,0.02513,941680,23650.5911
1786680000000,0.02513,0.02531,0.02513,0.02526,1188170,30003.2462
1786683600000,0.02526,0.02531,0.02517,0.02524,344610,8698.4486
1786687200000,0.02524,0.0253,0.0252,0.02526,883750,22320.7725
1786690800000,0.02526,0.02526,0.02508,0.02512,1214530,30532.8578
1786694400000,0.02512,0.02522,0.02511,0.0252,1393530,35100.8214
1786698000000,0.0252,0.0252,0.02505,0.02505,838720,21090.9812
1786701600000,0.02505,0.02516,0.02502,0.02511,749100,18799.2789
1786705200000,0.02511,0.02517,0.02511,0.02513,297140,7472.2381
1786708800000,0.02513,0.0252,0.02506,0.02513,923380,23217.062
1786712400000,0.02513,0.02515,0.02506,0.02509,1477620,37097.6994
1786716000000,0.02509,0.02515,0.02503,0.02509,1108870,27819.1326
1786719600000,0.02509,0.02518,0.02507,0.02514,597630,15014.772
1786723200000,0.02514,0.02532,0.02507,0.02527,2457060,61987.0775
1786726800000,0.02527,0.02531,0.02516,0.0252,1845460,46560.6258
1786730400000,0.0252,0.02524,0.02515,0.02515,639560,16117.9387
1786734000000,0.02515,0.02515,0.02506,0.0251,841960,21121.8155
1786737600000,0.0251,0.02518,0.02507,0.02516,682640,17141.3902
1786741200000,0.02516,0.02536,0.02514,0.02524,1394030,35195.2624
1786744800000,0.02524,0.02549,0.02523,0.0254,2748160,69707.1882
1786748400000,0.0254,0.02547,0.02538,0.02542,364110,9252.7934
1786752000000,0.02542,0.02544,0.02537,0.02543,511340,12984.2085
1786755600000,0.02543,0.02543,0.02539,0.02541,217890,5536.7898
1786759200000,0.02541,0.02565,0.02541,0.02561,1412430,36116.6538
1786762800000,0.02561,0.02565,0.02553,0.02555,1350710,34575.3187
1786766400000,0.02555,0.02556,0.02548,0.02554,838710,21402.3854
1786770000000,0.02554,0.02565,0.0255,0.02562,1338950,34254.94
1786773600000,0.02562,0.0257,0.02558,0.02569,1784350,45762.0726
1786777200000,0.02569,0.02569,0.02546,0.02548,1197240,30562.6734
1786780800000,0.02548,0.02564,0.02538,0.02549,2002730,51052.6187
1786784400000,0.02549,0.02559,0.02548,0.02557,1194870,30527.5619
1786788000000,0.02557,0.02558,0.0255,0.0255,790790,20191.5913
1786791600000,0.0255,0.02555,0.02547,0.02552,467890,11942.0242
1786795200000,0.02552,0.02552,0.02538,0.02541,343370,8734.9896
1786798800000,0.02541,0.02547,0.02528,0.02539,1373610,34841.9021
1786802400000,0.02539,0.02545,0.02538,0.02542,570670,14503.6583
1786806000000,0.02542,0.02548,0.02542,0.02543,310100,7894.5444
1786809600000,0.02543,0.0256,0.02542,0.02556,1374800,35087.4631
1786813200000,0.02556,0.02561,0.02548,0.02551,1227860,31358.4234
1786816800000,0.02551,0.02553,0.02544,0.02546,2911770,74235.5399
1786820400000,0.02546,0.0258,0.02543,0.02556,3014580,77294.9864
1786824000000,0.02556,0.02562,0.02556,0.0256,233970,5987.1198
1786827600000,0.0256,0.02589,0.0256,0.02586,2377530,61337.6468
1786831200000,0.02586,0.02592,0.02585,0.02586,835310,21614.7664
1786834800000,0.02586,0.02589,0.02574,0.02581,399250,10297.6207
1786838400000,0.02581,0.02593,0.0258,0.02582,1158800,29989.1183
1786842000000,0.02582,0.02586,0.02571,0.02572,776770,20005.8806
1786845600000,0.02572,0.02589,0.02569,0.02579,350410,9041.8993
1786849200000,0.02579,0.02586,0.02577,0.02581,1205430,31118.0321
1786852800000,0.02581,0.02582,0.02569,0.02572,646350,16646.2054
1786856400000,0.02572,0.02572,0.02566,0.02567,264760,6801.1294
1786860000000,0.02567,0.02569,0.02556,0.02561,2074900,53163.8244
1786863600000,0.02561,0.0257,0.02559,0.02568,703260,18039.6996
1786867200000,0.02568,0.02573,0.02567,0.02572,303580,7803.4715
1786870800000,0.02572,0.02573,0.02566,0.02568,843280,21661.3508
1786874400000,0.02568,0.026,0.02566,0.02598,1845570,47760.3149
1786878000000,0.02598,0.02695,0.02598,0.02675,22140050,588283.4469
1786881600000,0.02675,0.02708,0.02667,0.02684,13536070,363807.7116
1786885200000,0.02684,0.02694,0.02652,0.02659,5586990,149170.9307
1786888800000,0.02659,0.02661,0.02633,0.02641,7796930,206263.327
1786892400000,0.02641,0.02644,0.02627,0.02632,2319040,61098.7905
1786896000000,0.02632,0.02659,0.02631,0.02646,2088900,55289.0629
1786899600000,0.02646,0.0265,0.0264,0.02643,895190,23678.7563
1786903200000,0.02643,0.02645,0.02635,0.02638,1150670,30373.8439
1786906800000,0.02638,0.02654,0.02638,0.02641,1143560,30262.3553
1786910400000,0.02641,0.02642,0.02588,0.02602,5734560,149548.3499
1786914000000,0.02602,0.02602,0.0258,0.02593,3231280,83747.9713
1786917600000,0.02593,0.02593,0.02537,0.02558,7335870,187688.4309
1786921200000,0.02558,0.0256,0.02551,0.02554,1133810,28979.1811
1786924800000,0.02554,0.0257,0.02548,0.02559,2375360,60805.3746
1786928400000,0.02559,0.02572,0.02554,0.02565,1296600,33242.4741
1786932000000,0.02565,0.02566,0.02555,0.02562,1056860,27073.4493
1786935600000,0.02562,0.02573,0.0256,0.02571,985190,25296.1948
1786939200000,0.02571,0.02589,0.02571,0.02586,1440560,37195.8046
1786942800000,0.02586,0.02587,0.02563,0.02564,2402020,61789.0317
1786946400000,0.02564,0.02581,0.0256,0.02576,1521590,39133.6853
1786950000000,0.02576,0.02577,0.02565,0.02571,1075630,27646.7696
1786953600000,0.02571,0.0258,0.02564,0.02578,2047400,52709.028
1786957200000,0.02578,0.02586,0.02572,0.02575,673610,17369.1957
1786960800000,0.02575,0.02575,0.02563,0.02572,393220,10109.2126
1786964400000,0.02572,0.02573,0.02552,0.02557,571380,14632.7809
1786968000000,0.02557,0.0256,0.02551,0.02552,625350,15977.6933
1786971600000,0.02552,0.02562,0.0255,0.02559,684790,17508.566
1786975200000,0.02559,0.02565,0.02556,0.02564,1290260,33038.7434
1786978800000,0.02564,0.02567,0.02555,0.0256,743650,19047.243
1786982400000,0.0256,0.02568,0.02551,0.02555,2243540,57406.2789
1786986000000,0.02555,0.02557,0.02544,0.02549,1517750,38691.1893
1786989600000,0.02549,0.02557,0.02543,0.0255,1054720,26893.496
1786993200000,0.0255,0.02556,0.02548,0.02552,472190,12048.0923
1786996800000,0.02552,0.02559,0.02541,0.02559,3035620,77424.0333
1787000400000,0.02559,0.02566,0.02552,0.02554,582700,14917.291
1787004000000,0.02554,0.02556,0.02549,0.02555,336470,8587.9345
1787007600000,0.02555,0.02577,0.02555,0.02567,689730,17710.7776
1787011200000,0.02567,0.02573,0.02562,0.02569,479870,12321.2052
1787014800000,0.02569,0.02572,0.02554,0.02557,898700,23021.445
1787018400000,0.02557,0.02558,0.02516,0.02517,3629540,91966.4172
1787022000000,0.02517,0.02534,0.02516,0.02532,1698640,42906.2593
1787025600000,0.02532,0.0254,0.02528,0.0254,565120,14310.371
1787029200000,0.0254,0.02548,0.02537,0.02546,1806090,45942.5754
1787032800000,0.02546,0.02555,0.02543,0.02545,844010,21514.6148
1787036400000,0.02545,0.02547,0.0254,0.02542,419870,10679.8127
1787040000000,0.02542,0.02547,0.0254,0.02543,657040,16702.7784
1787043600000,0.02543,0.02543,0.02532,0.02536,1038020,26327.7157
1787047200000,0.02536,0.02537,0.02529,0.02529,732280,18549.5845
1787050800000,0.02529,0.02548,0.02524,0.02546,1817100,46123.3087
1787054400000,0.02546,0.02546,0.0253,0.02531,2484590,63114.7696
1787058000000,0.02531,0.02531,0.02512,0.02521,1866460,47070.856
1787061600000,0.02521,0.0255,0.02521,0.02536,2526220,64191.3485
1787065200000,0.02536,0.02538,0.02525,0.0253,912430,23086.9879
1787068800000,0.0253,0.02543,0.02523,0.02535,2075070,52617.7951
1787072400000,0.02535,0.02537,0.0253,0.02532,505090,12795.0409
1787076000000,0.02532,0.02536,0.02525,0.02534,622660,15755.4905
1787079600000,0.02534,0.02534,0.02529,0.02529,143120,3622.7482
1787083200000,0.02529,0.02532,0.02525,0.02525,336820,8515.342
1787086800000,0.02525,0.02533,0.02525,0.02526,633810,16034.4392
1787090400000,0.02526,0.02528,0.02513,0.02523,1894660,47782.7295
1787094000000,0.02523,0.02531,0.02523,0.02527,381380,9645.0237
1787097600000,0.02527,0.02527,0.02516,0.02518,1394850,35164.3728
1787101200000,0.02518,0.02523,0.02518,0.02523,288610,7273.591
1787104800000,0.02523,0.02523,0.02517,0.0252,373540,9413.6812
1787108400000,0.0252,0.02536,0.02519,0.02534,527330,13341.049
1787112000000,0.02534,0.02538,0.02533,0.02537,341110,8648.7363
1787115600000,0.02537,0.02545,0.02532,0.02535,1017770,25841.6774
1787119200000,0.02535,0.02564,0.02529,0.02553,3394400,86429.4588
1787122800000,0.02553,0.02556,0.02544,0.02546,784720,20003.0737
1787126400000,0.02546,0.02626,0.02546,0.02605,6576300,170493.9302
1787130000000,0.02605,0.02612,0.02571,0.02572,2679010,69399.4938
1787133600000,0.02572,0.02572,0.02561,0.02565,903540,23199.785
1787137200000,0.02565,0.02573,0.02562,0.02562,2088610,53648.2923
1787140800000,0.02562,0.02571,0.02559,0.02563,1034900,26543.0505
1787144400000,0.02563,0.02567,0.02553,0.02553,889970,22798.435
1787148000000,0.02553,0.02581,0.02553,0.02578,4420820,113467.5061
1787151600000,0.02578,0.02658,0.02578,0.02604,12315500,323154.4785
1787155200000,0.02604,0.02623,0.02603,0.02608,3228790,84399.978
1787158800000,0.02608,0.02609,0.02585,0.02587,3025570,78439.8827
1787162400000,0.02587,0.026,0.02585,0.02599,1124220,29162.9285
1787166000000,0.02599,0.02638,0.02589,0.02636,3294580,86136.7026
1787169600000,0.02636,0.02679,0.02627,0.02676,4062000,107565.2623
1787173200000,0.02676,0.02717,0.02675,0.02696,7690170,207376.3533
1787176800000,0.02696,0.02698,0.02669,0.02681,5281380,141493.3717
1787180400000,0.02681,0.02703,0.02678,0.02695,1444010,38917.3342
1787184000000,0.02695,0.02701,0.02676,0.02678,1711380,46058.6535
1787187600000,0.02678,0.02683,0.02656,0.02668,2889970,77019.9678
1787191200000,0.02668,0.02674,0.02621,0.02647,7072080,186700.4592
1787194800000,0.02647,0.02647,0.02624,0.0264,2364750,62282.8947
1787198400000,0.0264,0.02652,0.02637,0.02652,876860,23182.1768
1787202000000,0.02652,0.02673,0.02648,0.02667,2273010,60638.3379
1787205600000,0.02667,0.02686,0.02661,0.02686,953740,25500.4388
1787209200000,0.02686,0.02716,0.02669,0.02693,6133370,164950.1005
1787212800000,0.02693,0.0277,0.02691,0.02749,6338580,173939.5399
1787216400000,0.02749,0.02779,0.02748,0.0276,4051880,112008.3871
1787220000000,0.0276,0.02854,0.02756,0.02836,9804810,276176.5615
1787223600000,0.02836,0.02843,0.02781,0.02798,6573700,184631.3047
1787227200000,0.02798,0.02812,0.02768,0.02809,5552430,154600.1749
1787230800000,0.02809,0.02814,0.02761,0.02812,7692170,214108.9222
1787234400000,0.02812,0.02833,0.02801,0.02807,4063460,114423.3352
1787238000000,0.02807,0.02823,0.02797,0.02803,2379380,66827.6782
1787241600000,0.02803,0.02814,0.02788,0.02812,1035530,29035.9549
1787245200000,0.02812,0.0283,0.02795,0.02821,1819230,51225.1686
1787248800000,0.02821,0.02828,0.02785,0.02793,1964570,54992.5591
1787252400000,0.02793,0.02816,0.02788,0.02806,858620,24094.2127
1787256000000,0.02806,0.02848,0.02806,0.02847,1531220,43341.3099
1787259600000,0.02847,0.02858,0.02815,0.02816,2935380,83206.078
1787263200000,0.02816,0.02837,0.02804,0.02804,1251930,35335.3692
1787266800000,0.02804,0.02833,0.02798,0.02798,1481200,41680.7297
1787270400000,0.02798,0.02827,0.02795,0.02825,2255910,63463.965
1787274000000,0.02825,0.02922,0.02823,0.02902,6894580,198366.4266
1787277600000,0.02902,0.0293,0.02887,0.02923,3685700,107247.6867
1787281200000,0.02923,0.02925,0.02901,0.02902,1974290,57484.8743
1787284800000,0.02902,0.02909,0.02873,0.02877,3681800,106209.7393
1787288400000,0.02877,0.02908,0.02866,0.02905,2344840,67631.4275
1787292000000,0.02905,0.02913,0.02884,0.02902,3282870,95260.0529
1787295600000,0.02902,0.02972,0.02893,0.02947,5189450,152350.5975
1787299200000,0.02947,0.03011,0.02937,0.03005,7740180,230473.3676
1787302800000,0.03005,0.03006,0.02897,0.02919,11095600,326898.6
1787306400000,0.02919,0.02945,0.02912,0.0293,2797990,81871.7144
1787310000000,0.0293,0.02937,0.0285,0.0286,10543920,304845.6447
1787313600000,0.0286,0.02905,0.02852,0.02905,4676360,134834.8844
1787317200000,0.02905,0.02913,0.02876,0.02909,2699920,78323.333
1787320800000,0.02909,0.02934,0.02873,0.02934,5038470,146371.4614
1787324400000,0.02934,0.02992,0.02933,0.02952,7889600,234184.5684
1787328000000,0.02952,0.0297,0.02938,0.02948,3952720,116791.6901
1787331600000,0.02948,0.02965,0.02927,0.02934,1722050,50654.7954
1787335200000,0.02934,0.02943,0.02902,0.02917,1952290,56935.6453
1787338800000,0.02917,0.02927,0.02886,0.02895,6229170,180717.2913
1787342400000,0.02895,0.02924,0.0288,0.02919,4472500,129715.4731
1787346000000,0.02919,0.0296,0.02905,0.02958,4088170,119717.5786
1787349600000,0.02958,0.02967,0.02925,0.02953,2517270,74186.4022
1787353200000,0.02953,0.02975,0.02951,0.02963,3408560,101070.2795
1787356800000,0.02963,0.03002,0.02945,0.03001,5131940,153112.6687
1787360400000,0.03001,0.03009,0.02988,0.02995,3154860,94587.3251
1787364000000,0.02995,0.03119,0.02995,0.0311,12334620,376250.7213
1787367600000,0.0311,0.03184,0.03102,0.03138,8147690,256401.9604
1787371200000,0.03138,0.03189,0.03122,0.03163,6134440,193538.0401
1787374800000,0.03163,0.03169,0.02861,0.03063,30160150,899484.6795
1787378400000,0.03063,0.03101,0.03031,0.03076,6694400,205160.245
1787382000000,0.03076,0.0309,0.02946,0.02982,12782360,384071.2451
1787385600000,0.02982,0.02994,0.02935,0.02955,5591070,165575.1975
1787389200000,0.02955,0.02956,0.02921,0.02937,3367590,98952.2509
1787392800000,0.02937,0.02938,0.02876,0.02913,8030410,233395.884
1787396400000,0.02913,0.02915,0.0287,0.02908,6468740,186893.8241
1787400000000,0.02908,0.02937,0.02898,0.02931,4815940,140418.6623
1787403600000,0.02931,0.02942,0.02917,0.02935,3891010,114090.3557
1787407200000,0.02935,0.02946,0.02901,0.02918,4874920,142441.4602
1787410800000,0.02918,0.02928,0.02899,0.02901,3494000,101701.6581
1787414400000,0.02901,0.02953,0.02899,0.02944,2411560,70659.8392
1787418000000,0.02944,0.0296,0.02923,0.02949,1364000,40158.3672
1787421600000,0.02949,0.02956,0.02927,0.02937,910870,26801.6654
1787425200000,0.02937,0.02943,0.02914,0.02933,1948540,56982.4534
1787428800000,0.02933,0.02943,0.02921,0.02925,1838480,53882.0441
1787432400000,0.02925,0.02926,0.02879,0.02879,2173950,63040.288
1787436000000,0.02879,0.02908,0.0287,0.02903,1296850,37495.6458
1787439600000,0.02903,0.02917,0.02896,0.02908,593260,17227.9699
1787443200000,0.02908,0.02946,0.02905,0.02942,1320490,38665.9573
1787446800000,0.02942,0.02954,0.02914,0.02923,2271180,66588.6359
1787450400000,0.02923,0.02923,0.02882,0.02889,2350650,68135.1269
1787454000000,0.02889,0.0289,0.0285,0.02861,2407690,68922.997
1787457600000,0.02861,0.02879,0.02824,0.02839,3556110,101280.9078
1787461200000,0.02839,0.02857,0.02797,0.02842,4234990,119735.0408
1787464800000,0.02842,0.02846,0.02783,0.02825,8333970,233960.1369
1787468400000,0.02825,0.02839,0.02822,0.02833,1341380,37962.2839
1787472000000,0.02833,0.02866,0.0283,0.02859,3807090,108646.9441
1787475600000,0.02859,0.02868,0.02851,0.02862,1138090,32540.2528
1787479200000,0.02862,0.02888,0.02858,0.02884,1660070,47701.2472
1787482800000,0.02884,0.02908,0.02879,0.02902,1521150,44019.8249
1787486400000,0.02902,0.02905,0.02878,0.02888,2849290,82311.598
1787490000000,0.02888,0.02923,0.02881,0.02921,1648920,47892.6377
1787493600000,0.02921,0.02936,0.02865,0.02921,6050180,175977.145
1787497200000,0.02921,0.02932,0.02897,0.02901,2929020,85390.3284
1787500800000,0.02901,0.02917,0.02889,0.02913,3138530,91238.4692
1787504400000,0.02913,0.02922,0.02897,0.02903,1513210,44065.8944
1787508000000,0.02903,0.02916,0.02902,0.02909,674710,19624.7801
1787511600000,0.02909,0.02914,0.02887,0.02901,2010560,58240.4701
1787515200000,0.02901,0.02903,0.02887,0.029,1348500,39042.7659
1787518800000,0.029,0.02958,0.02897,0.02934,7294630,213583.6172
1787522400000,0.02934,0.02936,0.02911,0.02918,1039870,30384.3468
1787526000000,0.02918,0.02931,0.02904,0.02928,1329750,38846.0577
1787529600000,0.02928,0.02928,0.02857,0.02895,3867300,111607.2323
1787533200000,0.02895,0.02896,0.02847,0.02848,1292370,37044.3472
1787536800000,0.02848,0.02874,0.02844,0.02863,976830,27942.6998
1787540400000,0.02863,0.02863,0.0283,0.02847,2700080,76729.0117
1787544000000,0.02847,0.02895,0.02844,0.02878,1560960,44880.6979
1787547600000,0.02878,0.02893,0.02863,0.0287,1753620,50474.7336
1787551200000,0.0287,0.02883,0.02816,0.02833,7390390,209667.4986
1787554800000,0.02833,0.02855,0.02825,0.02833,2619410,74277.809
1787558400000,0.02833,0.02842,0.02813,0.02822,2256500,63679.8901
1787562000000,0.02822,0.0285,0.02818,0.02842,2792750,79162.5643
1787565600000,0.02842,0.02869,0.02836,0.02847,1564580,44635.0276
1787569200000,0.02847,0.029,0.02834,0.029,2827120,81203.6591
1787572800000,0.029,0.02992,0.0288,0.02983,8076480,236756.6147
1787576400000,0.02983,0.0304,0.02943,0.02947,13402540,400328.869
1787580000000,0.02947,0.03047,0.02943,0.02984,11168140,335513.1506
1787583600000,0.02984,0.02999,0.02922,0.02934,11293290,334908.0055
1787587200000,0.02934,0.02973,0.02934,0.02957,4238190,125089.4785
1787590800000,0.02957,0.02974,0.02901,0.02908,8078590,237051.3342
1787594400000,0.02908,0.02912,0.02873,0.02896,7366470,213061.4632
1787598000000,0.02896,0.02919,0.02884,0.02912,1366830,39665.9535
1787601600000,0.02912,0.02921,0.02891,0.029,630010,18291.9902
1787605200000,0.029,0.02908,0.02889,0.02893,1062230,30779.3292
1787608800000,0.02893,0.02899,0.02881,0.02885,873850,25251.8325
1787612400000,0.02885,0.02914,0.0288,0.0291,1162440,33683.2977
1787616000000,0.0291,0.02945,0.02908,0.02936,3561590,104190.6031
1787619600000,0.02936,0.0295,0.02928,0.0294,1724030,50657.2443
1787623200000,0.0294,0.02989,0.02932,0.02967,3657830,108482.9516
1787626800000,0.02967,0.02996,0.02951,0.02955,1551830,46192.1027
1787630400000,0.02955,0.02976,0.02951,0.02965,3121930,92480.7576
1787634000000,0.02965,0.02973,0.02954,0.02959,1157190,34298.2105
1787637600000,0.02959,0.03016,0.0295,0.02994,5313160,158607.5656
1787641200000,0.02994,0.0304,0.02969,0.02994,12442020,375530.1098
1787644800000,0.02994,0.03028,0.0292,0.02937,13001600,386350.7378
1787648400000,0.02937,0.02942,0.02912,0.02922,3475770,101760.7445
1787652000000,0.02922,0.02931,0.02906,0.02917,2615190,76300.1475
1787655600000,0.02917,0.02928,0.0291,0.02911,2760480,80612.4965
1787659200000,0.02911,0.02917,0.02842,0.02884,11551130,331115.8951
1787662800000,0.02884,0.02888,0.02801,0.02803,13577390,386232.4586
1787666400000,0.02803,0.02827,0.02771,0.02815,9710110,272163.7466
1787670000000,0.02815,0.02827,0.02805,0.02825,3874560,109208.1333
1787673600000,0.02825,0.0284,0.0281,0.02828,4476960,126406.0508
1787677200000,0.02828,0.02828,0.02792,0.02815,2215890,62258.1297
1787680800000,0.02815,0.02829,0.02814,0.0282,1659750,46842.7669
1787684400000,0.0282,0.02828,0.02802,0.02809,1613660,45378.6213
1787688000000,0.02809,0.02809,0.02729,0.02735,9031260,249110.9443
1787691600000,0.02735,0.0276,0.02722,0.02756,4951150,135832.7656
1787695200000,0.02756,0.02786,0.02756,0.02782,2349080,65113.5585
1787698800000,0.02782,0.02785,0.02757,0.02762,1853610,51368.4464
1787702400000,0.02762,0.02782,0.02747,0.02776,2518880,69511.1007
1787706000000,0.02776,0.02788,0.02773,0.02776,1974840,54929.865
1787709600000,0.02776,0.02788,0.02771,0.02786,883540,24551.9596
1787713200000,0.02786,0.02793,0.02772,0.02777,1714920,47717.4535
1787716800000,0.02777,0.02783,0.02768,0.02773,1533330,42569.7461
1787720400000,0.02773,0.02782,0.02739,0.0277,2762950,76336.837
1787724000000,0.0277,0.02777,0.02725,0.02741,4908250,134758.3516
1787727600000,0.02741,0.02761,0.02739,0.02746,2973910,81783.5058
1787731200000,0.02746,0.02759,0.0272,0.02737,6311010,172726.6073
1787734800000,0.02737,0.02738,0.02708,0.02729,3849610,104788.1597
1787738400000,0.02729,0.02741,0.02715,0.02741,3760070,102621.7842
1787742000000,0.02741,0.0275,0.02713,0.02725,5425210,148196.8198
1787745600000,0.02725,0.02741,0.02708,0.02725,3077650,83848.7375
1787749200000,0.02725,0.02733,0.02689,0.02728,7284400,197405.8133
1787752800000,0.02728,0.02737,0.02672,0.02677,5586500,151049.4215
1787756400000,0.02677,0.02692,0.02665,0.02683,3133040,83906.4989
1787760000000,0.02683,0.02701,0.02677,0.0269,2176000,58523.3983
1787763600000,0.0269,0.02721,0.02686,0.02708,2442460,66024.1103
1787767200000,0.02708,0.02763,0.02702,0.02747,6662970,182672.6183
1787770800000,0.02747,0.0278,0.0274,0.02768,3261180,90016.8273
1787774400000,0.02768,0.02773,0.02752,0.02767,1233590,34061.1717
1787778000000,0.02767,0.02779,0.02764,0.02776,1907460,52909.0488
1787781600000,0.02776,0.02788,0.0277,0.02776,2718770,75546.7105
1787785200000,0.02776,0.02822,0.02772,0.02799,6150750,172278.6048
1787788800000,0.02799,0.02803,0.02779,0.02779,2137250,59609.8763
1787792400000,0.02779,0.02784,0.02767,0.02772,994920,27622.9847
1787796000000,0.02772,0.02775,0.02731,0.02745,2795650,76742.6299
1787799600000,0.02745,0.02748,0.02736,0.02743,645330,17708.7943
1787803200000,0.02743,0.02754,0.02736,0.02744,1312550,36052.2882
1787806800000,0.02744,0.02744,0.02727,0.02739,1182280,32378.3485
1787810400000,0.02739,0.02757,0.02736,0.02757,871590,23912.9841
1787814000000,0.02757,0.0278,0.0275,0.02775,2224760,61595.7308
1787817600000,0.02775,0.02835,0.02772,0.02828,5595070,157180.6634
1787821200000,0.02828,0.02834,0.02811,0.02815,2406110,67890.4396
1787824800000,0.02815,0.02817,0.02771,0.02797,4500290,125468.5291
1787828400000,0.02797,0.02805,0.02778,0.02792,960790,26838.5678
1787832000000,0.02792,0.02819,0.02785,0.02793,2562350,71833.1226
1787835600000,0.02793,0.02832,0.02792,0.02821,3406360,95743.7135
1787839200000,0.02821,0.02894,0.02816,0.02862,8987000,257024.113
1787842800000,0.02862,0.02874,0.02842,0.02849,2585680,73900.0197
1787846400000,0.02849,0.02868,0.02841,0.02861,2725410,77789.4069
1787850000000,0.02861,0.02902,0.02857,0.02867,3679740,106196.5929
1787853600000,0.02867,0.02881,0.02835,0.02857,2608410,74484.7456
1787857200000,0.02857,0.02874,0.02855,0.02867,1792900,51372.1793
1787860800000,0.02867,0.02874,0.02855,0.02869,927010,26561.81
1787864400000,0.02869,0.02931,0.02867,0.02929,3808170,110573.6374
1787868000000,0.02929,0.02938,0.02908,0.02913,4980140,145604.4525
1787871600000,0.02913,0.02963,0.02913,0.0295,6020520,176826.1969
1787875200000,0.0295,0.02975,0.0294,0.02966,3610260,106855.7543
1787878800000,0.02966,0.02985,0.02947,0.0295,2796160,82904.1454
1787882400000,0.0295,0.0295,0.0287,0.02884,10005460,290433.3165
1787886000000,0.02884,0.0289,0.02846,0.02868,2883290,82752.9974
1787889600000,0.02868,0.02875,0.02852,0.02864,2185370,62590.7561
1787893200000,0.02864,0.02884,0.02851,0.0288,1230930,35297.405
1787896800000,0.0288,0.0289,0.02875,0.02883,2471820,71259.4178
1787900400000,0.02883,0.02895,0.02858,0.02891,2517890,72450.1911
1787904000000,0.02891,0.02981,0.02891,0.02918,12045750,353820.4376
1787907600000,0.02918,0.02918,0.02887,0.02902,2323980,67487.1845
1787911200000,0.02902,0.02935,0.02869,0.02917,3195010,92791.7501
1787914800000,0.02917,0.02948,0.02912,0.02936,2987950,87528.5699
1787918400000,0.02936,0.0294,0.02899,0.02904,2657490,77479.0278
1787922000000,0.02904,0.02918,0.0289,0.02902,3006790,87352.1082
1787925600000,0.02902,0.02927,0.02844,0.02912,10747680,309425.5919
1787929200000,0.02912,0.02923,0.0283,0.02834,4487290,128929.1966
1787932800000,0.02834,0.02841,0.0276,0.02812,10842980,303543.5572
1787936400000,0.02812,0.02826,0.02797,0.02799,2521630,70836.1805
1787940000000,0.02799,0.02814,0.02779,0.02785,3338790,93338.5106
1787943600000,0.02785,0.02812,0.02785,0.02805,1177190,32985.3747
1787947200000,0.02805,0.02815,0.02795,0.02803,1121090,31448.26
1787950800000,0.02803,0.02812,0.02731,0.02772,9871010,272518.7364
1787954400000,0.02772,0.02801,0.02771,0.02799,1162550,32374.1373
1787958000000,0.02799,0.02804,0.02797,0.02803,874300,24487.8373
1787961600000,0.02803,0.02806,0.02791,0.02792,850630,23805.4507
1787965200000,0.02792,0.02792,0.02772,0.02779,1077060,29952.5404
1787968800000,0.02779,0.0279,0.02764,0.02781,1900480,52781.3378
1787972400000,0.02781,0.02792,0.02775,0.02777,3159330,87923.6254
1787976000000,0.02777,0.02795,0.02774,0.02791,942280,26265.4922
1787979600000,0.02791,0.02802,0.02783,0.028,911180,25423.8759
1787983200000,0.028,0.028,0.02756,0.02769,3253060,90162.8489
1787986800000,0.02769,0.02784,0.02768,0.02772,1259040,34954.8128
1787990400000,0.02772,0.02784,0.02767,0.02772,1144250,31742.8908
1787994000000,0.02772,0.0278,0.02768,0.02772,807600,22402.4911
1787997600000,0.02772,0.02773,0.02761,0.02762,804720,22255.9447
1788001200000,0.02762,0.02768,0.02749,0.02755,873210,24065.6437
1788004800000,0.02755,0.02777,0.02755,0.02766,1267010,35097.8374
1788008400000,0.02766,0.02772,0.02759,0.02766,662830,18324.8208
1788012000000,0.02766,0.02799,0.02766,0.0279,2434610,67776.0908
1788015600000,0.0279,0.0279,0.02773,0.02775,1503480,41853.6822
1788019200000,0.02775,0.02793,0.02765,0.0277,2006420,55780.8016
1788022800000,0.0277,0.02771,0.02752,0.02762,1831240,50535.9673
1788026400000,0.02762,0.02785,0.02759,0.02776,951790,26377.5147
1788030000000,0.02776,0.02785,0.0277,0.02776,1179050,32743.4048
1788033600000,0.02776,0.02783,0.02767,0.02767,699820,19423.7558
1788037200000,0.02767,0.02768,0.02754,0.02759,1241550,34284.6212
1788040800000,0.02759,0.02764,0.02753,0.02762,331720,9149.7355
1788044400000,0.02762,0.02773,0.02756,0.02764,538770,14886.93
1788048000000,0.02764,0.02771,0.02753,0.02753,527170,14555.033
1788051600000,0.02753,0.02757,0.02735,0.02744,1900910,52120.4561
1788055200000,0.02744,0.02756,0.02742,0.02747,918580,25255.5923
1788058800000,0.02747,0.02759,0.02747,0.02756,639310,17607.0469
1788062400000,0.02756,0.0276,0.02741,0.02754,574450,15794.6392
1788066000000,0.02754,0.02773,0.02754,0.02762,1287390,35568.719
1788069600000,0.02762,0.02791,0.02759,0.02789,2122580,59001.4397
1788073200000,0.02789,0.02795,0.02774,0.02782,1214180,33856.8735
1788076800000,0.02782,0.02784,0.02769,0.02773,595240,16525.8558
1788080400000,0.02773,0.02778,0.02767,0.02772,1187260,32912.7061
1788084000000,0.02772,0.02782,0.02766,0.02773,984170,27308.2183
1788087600000,0.02773,0.0278,0.02768,0.02776,750820,20836.7065
1788091200000,0.02776,0.02808,0.02776,0.028,2689280,75252.0732
1788094800000,0.028,0.02876,0.02789,0.02861,22581060,639729.9042
1788098400000,0.02861,0.02866,0.0278,0.028,20344690,572684.8864
1788102000000,0.028,0.02803,0.02785,0.0279,1398800,39054.5886
1788105600000,0.0279,0.02834,0.02787,0.02832,4497820,126456.053
1788109200000,0.02832,0.02835,0.02805,0.0281,1414770,39864.1213
1788112800000,0.0281,0.02826,0.02803,0.02819,1101860,31032.7845
1788116400000,0.02819,0.02835,0.02814,0.02825,875220,24724.0018
1788120000000,0.02825,0.02857,0.02791,0.02809,8882280,250394.6496
1788123600000,0.02809,0.02809,0.02751,0.02784,8522760,236636.9566
1788127200000,0.02784,0.02797,0.0275,0.02759,2864390,79142.3454
1788130800000,0.02759,0.02759,0.0266,0.02701,13460190,363052.2131
1788134400000,0.02701,0.02722,0.02685,0.02711,5511680,149253.1499
1788138000000,0.02711,0.02713,0.02691,0.02693,2862350,77299.2262
1788141600000,0.02693,0.02718,0.02688,0.027,1554850,42008.4236
1788145200000,0.027,0.02721,0.02696,0.02718,1290520,34978.0945
1788148800000,0.02718,0.02723,0.02707,0.0272,1074310,29184.5155
1788152400000,0.0272,0.02747,0.02719,0.02737,4394340,120016.956
1788156000000,0.02737,0.02744,0.02729,0.02731,1064930,29142.7539
1788159600000,0.02731,0.02751,0.02729,0.02746,1217910,33393.8529
1788163200000,0.02746,0.02748,0.02726,0.02728,3001870,82152.927
1788166800000,0.02728,0.02743,0.02727,0.02736,868180,23750.4735
1788170400000,0.02736,0.02763,0.0273,0.02753,1627260,44772.3615
1788174000000,0.02753,0.02756,0.02727,0.02732,882380,24199.7351
1788177600000,0.02732,0.0274,0.02692,0.02705,4611920,125067.2286
1788181200000,0.02705,0.02718,0.02692,0.02695,2836890,76693.0194
1788184800000,0.02695,0.02715,0.02677,0.02712,3245030,87376.277
1788188400000,0.02712,0.02719,0.02691,0.02705,1768000,47818.8629
1788192000000,0.02705,0.0274,0.02702,0.02728,4108570,111858.0687
1788195600000,0.02728,0.02752,0.02722,0.02743,3572680,97845.4072
1788199200000,0.02743,0.02776,0.02735,0.02754,4289670,118296.5057
1788202800000,0.02754,0.02758,0.0274,0.02749,1441650,39627.8185
1788206400000,0.02749,0.02762,0.02748,0.02755,760820,20952.8818
1788210000000,0.02755,0.02806,0.02749,0.02806,2970370,82479.0873
1788213600000,0.02806,0.02807,0.02765,0.0278,2519340,70046.905
1788217200000,0.0278,0.02783,0.02764,0.02783,952110,26383.3542
1788220800000,0.02783,0.02848,0.02783,0.0282,3353750,94561.6041
1788224400000,0.0282,0.0283,0.02783,0.02787,3828310,107253.9413
1788228000000,0.02787,0.02799,0.02771,0.02799,2625180,72985.3284
1788231600000,0.02799,0.02804,0.02784,0.02797,1309930,36584.6583
1788235200000,0.02797,0.02817,0.0279,0.02791,1115420,31267.1699
1788238800000,0.02791,0.02807,0.0279,0.02798,2144040,59975.4937
1788242400000,0.02798,0.028,0.02775,0.02775,2667340,74308.3217
1788246000000,0.02775,0.02785,0.02765,0.02776,1627530,45150.9145
1788249600000,0.02776,0.02778,0.0274,0.02753,2715460,74874.7385
1788253200000,0.02753,0.02763,0.02738,0.02753,3841670,105573.244
1788256800000,0.02753,0.02764,0.02745,0.0276,818610,22560.4139
1788260400000,0.0276,0.02774,0.02752,0.02764,1421580,39294.2213
1788264000000,0.02764,0.02765,0.02728,0.02728,1494170,41014.9821
1788267600000,0.02728,0.02746,0.0271,0.02738,5653150,154354.3805
1788271200000,0.02738,0.02761,0.02726,0.02727,3253610,89215.1202
1788274800000,0.02727,0.02739,0.02686,0.02731,6493790,175783.7548
1788278400000,0.02731,0.02745,0.02696,0.02716,3653370,99406.7959
1788282000000,0.02716,0.02735,0.02708,0.0272,1145870,31191.6486
1788285600000,0.0272,0.02742,0.02688,0.02741,4048640,109656.8156
1788289200000,0.02741,0.02747,0.02718,0.02731,3030600,82787.206
1788292800000,0.02731,0.0275,0.02722,0.02737,3135620,85833.5394
1788296400000,0.02737,0.02737,0.02701,0.02715,1674660,45400.4764
1788300000000,0.02715,0.02729,0.02714,0.02729,1115280,30363.4999
1788303600000,0.02729,0.02752,0.02725,0.02746,1270030,34830.3859
1788307200000,0.02746,0.02752,0.02728,0.02736,1725590,47217.0741
1788310800000,0.02736,0.02746,0.02724,0.02733,1639390,44842.421
1788314400000,0.02733,0.02764,0.02728,0.02748,997800,27459.4458
1788318000000,0.02748,0.02765,0.02745,0.02751,845850,23286.9014
1788321600000,0.02751,0.02751,0.02735,0.02742,1577740,43236.2491
1788325200000,0.02742,0.02795,0.02737,0.02778,3921760,108719.7912
1788328800000,0.02778,0.02797,0.02767,0.02791,2415190,67263.0173
1788332400000,0.02791,0.02793,0.02774,0.02774,3277200,91186.5551
1788336000000,0.02774,0.02788,0.02752,0.02756,1609000,44622.146
1788339600000,0.02756,0.02768,0.02743,0.02752,1103440,30445.4028
1788343200000,0.02752,0.02753,0.02718,0.02728,2897340,79113.3516
1788346800000,0.02728,0.02744,0.0271,0.02735,1661280,45252.7763
1788350400000,0.02735,0.02748,0.02712,0.02715,2059830,56265.844
1788354000000,0.02715,0.02754,0.02715,0.0274,1710000,46828.1963
1788357600000,0.0274,0.02756,0.02733,0.02737,878190,24120.5391
1788361200000,0.02737,0.02753,0.02725,0.02751,1774190,48573.6294
1788364800000,0.02751,0.0276,0.02731,0.02732,1204310,33047.7483
1788368400000,0.02732,0.02746,0.02726,0.02743,959560,26235.8753
1788372000000,0.02743,0.02772,0.02737,0.02772,2054680,56627.0036
1788375600000,0.02772,0.02776,0.02757,0.0277,3053600,84488.9037
1788379200000,0.0277,0.02781,0.02756,0.02776,1906060,52800.9204
1788382800000,0.02776,0.02777,0.02758,0.0276,693480,19191.0744
1788386400000,0.0276,0.02766,0.0275,0.0276,669020,18442.1702
1788390000000,0.0276,0.02794,0.02759,0.02792,1598610,44452.1143
1788393600000,0.02792,0.02805,0.02786,0.02796,3280990,91702.9355
1788397200000,0.02796,0.02875,0.0279,0.02846,9452690,268229.3327
1788400800000,0.02846,0.0288,0.02844,0.02865,10297110,294933.8965
1788404400000,0.02865,0.029,0.02851,0.0288,5704110,164027.3376
1788408000000,0.0288,0.02895,0.02851,0.02874,4720660,135518.391
1788411600000,0.02874,0.02883,0.0285,0.02864,2972920,85229.0235
1788415200000,0.02864,0.02879,0.02852,0.02853,3792920,108739.538
1788418800000,0.02853,0.02869,0.0284,0.02866,2531760,72281.5421
1788422400000,0.02866,0.0288,0.02859,0.02873,978170,28075.5743
1788426000000,0.02873,0.02903,0.0287,0.02872,3475840,100317.8344
1788429600000,0.02872,0.02922,0.02867,0.02905,4073420,118176.0913
1788433200000,0.02905,0.02914,0.02882,0.02901,2689330,77897.6861
1788436800000,0.02901,0.02943,0.02899,0.02933,3953580,115558.4588
1788440400000,0.02933,0.02947,0.02916,0.02933,8064010,236174.9772
1788444000000,0.02933,0.02939,0.02913,0.02923,3848090,112614.3352
1788447600000,0.02923,0.0298,0.02914,0.02974,10310630,304093.3632
1788451200000,0.02974,0.02981,0.02954,0.0296,5064680,150195.9193
1788454800000,0.0296,0.02975,0.0295,0.02967,1672260,49491.3182
1788458400000,0.02967,0.02969,0.02949,0.02956,1203170,35594.4751
1788462000000,0.02956,0.02966,0.02945,0.02962,2535360,74954.4856
1788465600000,0.02962,0.02988,0.02958,0.02982,3836020,114151.6905
1788469200000,0.02982,0.02994,0.02962,0.02965,1644950,49072.1366
1788472800000,0.02965,0.02966,0.02942,0.02946,2123600,62748.6828
1788476400000,0.02946,0.02984,0.02945,0.02975,1382240,41031.0916
1788480000000,0.02975,0.03012,0.02965,0.0299,7788990,232874.0997
1788483600000,0.0299,0.03011,0.02972,0.02977,3643090,108973.7315
1788487200000,0.02977,0.02985,0.02964,0.02971,929560,27641.6793
1788490800000,0.02971,0.02979,0.02967,0.02975,529970,15758.7985
1788494400000,0.02975,0.03009,0.02968,0.02982,3318040,99271.0842
1788498000000,0.02982,0.02991,0.02945,0.02957,2467160,73266.8841
1788501600000,0.02957,0.0296,0.0291,0.02925,4425420,129851.8812
1788505200000,0.02925,0.02948,0.02915,0.0292,3803040,111358.8006
1788508800000,0.0292,0.02995,0.0292,0.02991,6554840,194332.8946
1788512400000,0.02991,0.03002,0.02976,0.02979,6660790,199231.3762
1788516000000,0.02979,0.03004,0.02975,0.02995,2299490,68801.1643
1788519600000,0.02995,0.03056,0.02992,0.03014,6282340,190132.9913
1788523200000,0.03014,0.03037,0.02911,0.02921,13411230,397141.0944
1788526800000,0.02921,0.02956,0.02915,0.02934,3498120,102635.7156
1788530400000,0.02934,0.02947,0.02885,0.029,6600850,191874.0298
1788534000000,0.029,0.02931,0.02889,0.02922,3739110,108799.916
1788537600000,0.02922,0.02932,0.02904,0.0293,1524610,44513.9016
1788541200000,0.0293,0.0293,0.02887,0.02893,1152190,33414.8214
1788544800000,0.02893,0.02927,0.0289,0.02924,1135250,32996.2724
1788548400000,0.02924,0.02931,0.02917,0.02925,621280,18167.2221
1788552000000,0.02925,0.02941,0.02922,0.02927,2455440,72005.02
1788555600000,0.02927,0.02932,0.02918,0.02923,555550,16242.6856
1788559200000,0.02923,0.02934,0.02918,0.02934,677480,19809.9754
1788562800000,0.02934,0.02942,0.02931,0.02941,1690280,49606.2579
1788566400000,0.02941,0.02996,0.02934,0.0297,8977830,266889.6371
1788570000000,0.0297,0.02989,0.02946,0.02971,3062140,90898.2478
1788573600000,0.02971,0.02971,0.02953,0.02965,696590,20617.631
1788577200000,0.02965,0.0297,0.02951,0.02966,889640,26355.0431
1788580800000,0.02966,0.02987,0.02953,0.02971,3145890,93534.6561
1788584400000,0.02971,0.03003,0.02955,0.02991,5008260,149458.2661
1788588000000,0.02991,0.03072,0.02991,0.03048,9025250,274365.8579
1788591600000,0.03048,0.03066,0.03032,0.03052,8801800,268111.3281
1788595200000,0.03052,0.03052,0.03013,0.03044,3679930,111520.1861
1788598800000,0.03044,0.0305,0.03016,0.03033,3996600,121222.6868
1788602400000,0.03033,0.03033,0.03017,0.03022,1560720,47185.6168
1788606000000,0.03022,0.03022,0.02991,0.03004,3927810,117881.04
1788609600000,0.03004,0.03049,0.03004,0.03043,2955710,89468.7716
1788613200000,0.03043,0.03044,0.03018,0.03025,1726370,52363.0522
1788616800000,0.03025,0.0304,0.03014,0.03032,824280,24971.3682
1788620400000,0.03032,0.03045,0.03029,0.03043,984020,29895.7961
1788624000000,0.03043,0.03048,0.03031,0.03039,1541010,46853.1612
1788627600000,0.03039,0.03059,0.03032,0.03046,1174800,35739.0923
1788631200000,0.03046,0.03048,0.03029,0.03029,855920,25993.0867
1788634800000,0.03029,0.0304,0.03018,0.03021,1015380,30745.7527
1788638400000,0.03021,0.03043,0.03021,0.03039,1956780,59336.6867
1788642000000,0.03039,0.03063,0.03031,0.03059,1012190,30861.8856
1788645600000,0.03059,0.03061,0.03046,0.03053,1265160,38616.09
1788649200000,0.03053,0.03061,0.03046,0.03053,1332930,40675.0405
1788652800000,0.03053,0.03062,0.03045,0.03052,1354860,41353.4259
1788656400000,0.03052,0.0309,0.03046,0.03059,3270690,100376.5197
1788660000000,0.03059,0.03069,0.0305,0.03051,1049440,32078.4029
1788663600000,0.03051,0.0307,0.03045,0.03066,1205580,36816.7887
1788667200000,0.03066,0.03078,0.03045,0.03067,1104000,33806.6259
1788670800000,0.03067,0.0307,0.03049,0.03054,1115920,34106.8455
1788674400000,0.03054,0.03057,0.03014,0.03026,5442160,165012.0897
1788678000000,0.03026,0.03033,0.02999,0.03023,6210650,187386.3213
1788681600000,0.03023,0.03032,0.03013,0.03017,1466490,44273.7015
1788685200000,0.03017,0.03033,0.03015,0.0302,912010,27568.3557
1788688800000,0.0302,0.03035,0.03014,0.03033,1231030,37226.387
1788692400000,0.03033,0.03037,0.03026,0.03029,850590,25786.0224
1788696000000,0.03029,0.03044,0.03029,0.03042,1205930,36612.5136
1788699600000,0.03042,0.0305,0.03028,0.0305,1094080,33259.4027
1788703200000,0.0305,0.03056,0.03001,0.03031,3200720,96733.4856
1788706800000,0.03031,0.03096,0.03011,0.03056,11440810,350702.6709
1788710400000,0.03056,0.03079,0.03044,0.03058,2660080,81401.0099
1788714000000,0.03058,0.03058,0.0304,0.0304,770350,23475.5752
1788717600000,0.0304,0.03056,0.03039,0.03044,867000,26413.2759
1788721200000,0.03044,0.03055,0.03041,0.03052,386570,11784.3529
1788724800000,0.03052,0.0313,0.03046,0.03129,5497600,170116.1418
1788728400000,0.03129,0.03248,0.03117,0.03222,13640150,434690.7273
1788732000000,0.03222,0.03224,0.03151,0.03203,9513620,303011.3024
1788735600000,0.03203,0.03238,0.03198,0.03222,3737120,120307.4958
1788739200000,0.03222,0.03234,0.03196,0.032,2424000,77855.1062
1788742800000,0.032,0.03228,0.03167,0.03172,4298360,137701.5216
1788746400000,0.03172,0.0329,0.03162,0.03249,5527210,178910.1301
1788750000000,0.03249,0.033,0.03204,0.0328,9267190,301409.9467
1788753600000,0.0328,0.03316,0.03245,0.03273,7849070,257011.6583
1788757200000,0.03273,0.03359,0.03271,0.03321,13316850,442722.3622
1788760800000,0.03321,0.03421,0.03319,0.03417,17585370,594170.1086
1788764400000,0.03417,0.03437,0.03343,0.03364,19076910,646608.7765
1788768000000,0.03364,0.03505,0.03364,0.0349,23114240,797216.0646
1788771600000,0.0349,0.03586,0.03477,0.03556,37392160,1323823.1767
1788775200000,0.03556,0.03578,0.03476,0.03507,30313620,1068185.8994
1788778800000,0.03507,0.0354,0.03451,0.03515,20538280,719372.3434
1788782400000,0.03515,0.03638,0.03512,0.03628,24250820,871803.6233
1788786000000,0.03628,0.03716,0.03598,0.03694,26814330,982418.9675
1788789600000,0.03694,0.03754,0.03599,0.03644,44544560,1638313.9442
1788793200000,0.03644,0.03681,0.03515,0.0361,51097650,1835510.9169
1788796800000,0.0361,0.03664,0.03523,0.03649,28627400,1028894.5872
1788800400000,0.03649,0.03668,0.03542,0.03596,26860160,965495.4636
1788804000000,0.03596,0.03637,0.03531,0.03538,19019110,682511.516
1788807600000,0.03538,0.03633,0.03533,0.036,13554400,485462.6634
1788811200000,0.036,0.03647,0.03574,0.03637,9612770,346695.2024
1788814800000,0.03637,0.03687,0.03617,0.03649,9991960,365635.5857
1788818400000,0.03649,0.03649,0.03593,0.03624,6234240,225555.2405
1788822000000,0.03624,0.03656,0.03597,0.03647,6481770,234958.2359
1788825600000,0.03647,0.03728,0.0362,0.03704,19941880,734245.3822
1788829200000,0.03704,0.03704,0.03606,0.03648,9193410,335411.4325
1788832800000,0.03648,0.03691,0.03557,0.0358,14621310,530423.6177
1788836400000,0.0358,0.03616,0.03499,0.0355,18241850,648616.2029
1788840000000,0.0355,0.03571,0.03455,0.03475,13914320,488505.4503
1788843600000,0.03475,0.03516,0.03436,0.03446,14212630,494634.5479
1788847200000,0.03446,0.03471,0.0338,0.03388,20180090,689662.7884
1788850800000,0.03388,0.03469,0.03385,0.0344,8414400,288969.1304
1788854400000,0.0344,0.0347,0.03409,0.03441,6794050,233773.6361
1788858000000,0.03441,0.03509,0.03403,0.03483,10992490,381954.7949
1788861600000,0.03483,0.03494,0.03443,0.03451,4709980,163433.6441
1788865200000,0.03451,0.03477,0.03419,0.03469,4843570,166872.4185
1788868800000,0.03469,0.035,0.03443,0.03476,3074880,106658.6724
1788872400000,0.03476,0.03546,0.03456,0.03544,13918860,487432.9236
1788876000000,0.03544,0.0372,0.03541,0.03644,23412650,853169.2499
1788879600000,0.03644,0.03644,0.03573,0.03611,13025770,469332.956
1788883200000,0.03611,0.03654,0.03581,0.03604,6652150,240516.1349
1788886800000,0.03604,0.03613,0.03564,0.03569,5135820,184140.7655
1788890400000,0.03569,0.03599,0.03549,0.0356,3099060,110969.9797
1788894000000,0.0356,0.03575,0.03503,0.03536,6257850,221181.7504
1788897600000,0.03536,0.03592,0.0353,0.03574,5522430,196858.9279
1788901200000,0.03574,0.03593,0.03527,0.03537,2241690,79868.8725
1788904800000,0.03537,0.03573,0.03533,0.03551,2088180,74266.8763
1788908400000,0.03551,0.0356,0.03517,0.03542,2027660,71651.2711
1788912000000,0.03542,0.03622,0.03539,0.03603,2650980,95297.3163
1788915600000,0.03603,0.03614,0.03575,0.03599,2481820,89303.4725
1788919200000,0.03599,0.03607,0.03561,0.03564,2545780,91241.5568
1788922800000,0.03564,0.03578,0.03511,0.03521,3816300,135057.0322
1788926400000,0.03521,0.03581,0.03509,0.03567,3090560,109614.5599
1788930000000,0.03567,0.03588,0.03502,0.03519,4984950,176428.0561
1788933600000,0.03519,0.03562,0.03508,0.03548,2388440,84593.323
1788937200000,0.03548,0.03574,0.03532,0.03557,4003770,142430.2446
1788940800000,0.03557,0.03649,0.03557,0.03605,7566220,273018.7749
1788944400000,0.03605,0.03617,0.0355,0.03556,2335990,83842.5032
1788948000000,0.03556,0.03572,0.03532,0.03548,1785000,63372.0824
1788951600000,0.03548,0.03648,0.0352,0.03628,13492670,486673.4893
1788955200000,0.03628,0.03641,0.03576,0.0358,3232550,116539.5201
1788958800000,0.0358,0.03628,0.03547,0.0356,8219180,295686.3031
1788962400000,0.0356,0.03586,0.03536,0.03562,3743360,133218.8358
1788966000000,0.03562,0.03585,0.03465,0.03519,11936690,418452.0247
1788969600000,0.03519,0.03586,0.03516,0.03569,4191900,148878.0279
1788973200000,0.03569,0.03573,0.03532,0.03542,2686980,95492.4872
1788976800000,0.03542,0.03573,0.03528,0.03567,2688590,95526.8785
1788980400000,0.03567,0.03632,0.03555,0.03561,9639830,346655.5874
1788984000000,0.03561,0.03603,0.03542,0.03592,5013970,179487.6867
1788987600000,0.03592,0.0373,0.03587,0.03696,22997330,844586.7323
1788991200000,0.03696,0.03703,0.03581,0.03596,14204930,518394.7491
1788994800000,0.03596,0.03659,0.03596,0.03646,3702620,134633.7969
1788998400000,0.03646,0.03647,0.03573,0.03622,5287140,190914.92
1789002000000,0.03622,0.037,0.03604,0.03623,4915150,179563.971
1789005600000,0.03623,0.03649,0.03559,0.03615,5804610,209191.3938
1789009200000,0.03615,0.03626,0.03575,0.03577,1760670,63339.88
1789012800000,0.03577,0.0363,0.03575,0.03624,2356610,84821.2836
1789016400000,0.03624,0.03722,0.0361,0.03708,8902160,327298.2796
1789020000000,0.03708,0.03815,0.03673,0.0378,13421050,502022.9753
1789023600000,0.0378,0.03886,0.03748,0.03798,27962000,1066526.8707
1789027200000,0.03798,0.03847,0.03742,0.03808,15702170,596080.0506
1789030800000,0.03808,0.03925,0.03808,0.03888,31196940,1211659.2241
1789034400000,0.03888,0.03926,0.03807,0.03833,31600540,1220079.6881
1789038000000,0.03833,0.0389,0.03816,0.03846,15146070,583262.6408
1789041600000,0.03846,0.03884,0.03709,0.03758,42465560,1611423.4899
1789045200000,0.03758,0.03827,0.03742,0.03779,27313560,1032472.5596
1789048800000,0.03779,0.03825,0.03652,0.03698,35208320,1309240.0727
1789052400000,0.03698,0.03753,0.03652,0.03691,18385330,681165.0766
1789056000000,0.03691,0.03703,0.0358,0.03624,27277930,989500.9121
1789059600000,0.03624,0.03703,0.03619,0.03696,11040170,404863.869
1789063200000,0.03696,0.03719,0.0365,0.03691,8594180,317038.0469
1789066800000,0.03691,0.03695,0.03635,0.03645,6981410,255452.1958
1789070400000,0.03645,0.0372,0.03645,0.0367,9691530,356763.532
1789074000000,0.0367,0.03688,0.03605,0.03618,3630100,132472.8315
1789077600000,0.03618,0.03637,0.0355,0.03553,9172210,329193.2004
1789081200000,0.03553,0.03556,0.03508,0.0353,10522920,372441.6073
1789084800000,0.0353,0.03583,0.0353,0.03544,6271060,222682.878
1789088400000,0.03544,0.0357,0.03477,0.03507,5549840,194778.6147
1789092000000,0.03507,0.03522,0.03478,0.03498,3984520,139565.8993
1789095600000,0.03498,0.03513,0.03478,0.035,5384550,188022.8485
1789099200000,0.035,0.03555,0.03498,0.03514,6698460,236670.5392
1789102800000,0.03514,0.03545,0.03505,0.03531,2981100,105068.0627
1789106400000,0.03531,0.03588,0.03527,0.03538,7573560,269070.8798
1789110000000,0.03538,0.03583,0.0351,0.0351,3664900,130178.183
1789113600000,0.0351,0.03531,0.03502,0.03513,3976760,139869.5312
1789117200000,0.03513,0.03517,0.03438,0.03457,10178900,352374.449
1789120800000,0.03457,0.03459,0.03401,0.03421,9561450,327732.6674
1789124400000,0.03421,0.0343,0.03385,0.03418,7772050,264975.9591
1789128000000,0.03418,0.03593,0.0339,0.03577,15521260,542267.4066
1789131600000,0.03577,0.03664,0.03512,0.03649,20447700,732054.993
1789135200000,0.03649,0.03662,0.03584,0.03608,10716160,388647.6066
1789138800000,0.03608,0.03618,0.03532,0.03556,6227310,223041.6753
1789142400000,0.03556,0.03611,0.03534,0.03604,8620370,307583.1428
1789146000000,0.03604,0.03658,0.03578,0.03599,7071340,255258.9966
1789149600000,0.03599,0.03606,0.0355,0.03556,4005440,143015.8739
1789153200000,0.03556,0.03599,0.03546,0.03583,2102340,75228.0011
1789156800000,0.03583,0.03615,0.03564,0.03574,3172320,113821.3297
1789160400000,0.03574,0.03582,0.03531,0.03534,2698260,96130.3662
1789164000000,0.03534,0.03539,0.03503,0.03518,4404350,155089.7046
1789167600000,0.03518,0.03599,0.03512,0.03589,3834060,136385.1417
1789171200000,0.03589,0.03589,0.03552,0.03552,1545310,55153.4984
1789174800000,0.03552,0.03604,0.03551,0.03582,1694630,60762.0065
1789178400000,0.03582,0.03682,0.03575,0.03667,6278660,228346.4336
1789182000000,0.03667,0.03669,0.03633,0.03642,2676300,97710.62
1789185600000,0.03642,0.03646,0.03596,0.03602,2109690,76157.7859
1789189200000,0.03602,0.03602,0.03571,0.03575,1702990,61049.5481
1789192800000,0.03575,0.03586,0.03535,0.03547,5022860,178734.4449
1789196400000,0.03547,0.03549,0.03525,0.03542,2224550,78695.6663
1789200000000,0.03542,0.03579,0.03535,0.0354,3622080,128879.9308
1789203600000,0.0354,0.03577,0.03539,0.03557,1486860,52915.5339
1789207200000,0.03557,0.03574,0.03546,0.03548,1858490,66146.7017
1789210800000,0.03548,0.03556,0.03541,0.03548,628190,22290.5251
1789214400000,0.03548,0.03569,0.0353,0.03538,1328730,47139.1971
1789218000000,0.03538,0.03547,0.03502,0.03519,3142550,110589.0238
1789221600000,0.03519,0.03527,0.03505,0.03507,862400,30329.808
1789225200000,0.03507,0.03536,0.03503,0.03524,2315580,81633.9616
1789228800000,0.03524,0.03529,0.03506,0.03509,1110220,39047.5673
1789232400000,0.03509,0.03522,0.03496,0.03516,3899090,136708.666
1789236000000,0.03516,0.0352,0.03473,0.03483,2954790,103138.0687
1789239600000,0.03483,0.03498,0.03462,0.03477,2169330,75467.052
1789243200000,0.03477,0.03507,0.03476,0.03493,1679020,58677.5
1789246800000,0.03493,0.03512,0.03493,0.03503,674290,23617.5416
1789250400000,0.03503,0.03518,0.03494,0.03499,894530,31366.9601
1789254000000,0.03499,0.03516,0.03495,0.03514,677960,23796.5863
1789257600000,0.03514,0.03531,0.03489,0.03498,2563120,90019.6562
1789261200000,0.03498,0.03519,0.03493,0.03513,1153230,40401.0116
1789264800000,0.03513,0.03513,0.03498,0.03501,944170,33094.4957
1789268400000,0.03501,0.03534,0.03496,0.03496,1395160,48966.9726
1789272000000,0.03496,0.0351,0.03485,0.03491,974160,34076.4558
1789275600000,0.03491,0.0356,0.03487,0.03522,3118610,110127.6857
1789279200000,0.03522,0.0353,0.03478,0.0349,1352380,47358.3815
1789282800000,0.0349,0.03499,0.03453,0.03457,2139070,74253.7589
1789286400000,0.03457,0.03468,0.03428,0.03432,3621950,124890.0168
1789290000000,0.03432,0.03457,0.03413,0.03453,3296590,113209.793
1789293600000,0.03453,0.03455,0.03402,0.03413,4203900,143704.5545
1789297200000,0.03413,0.03454,0.03407,0.03451,1748370,60083.7866
1789300800000,0.03451,0.03451,0.03419,0.03423,2722580,93481.9255
1789304400000,0.03423,0.03445,0.03406,0.0344,1374640,47089.1235
1789308000000,0.0344,0.03459,0.03437,0.03448,1223040,42115.1469
1789311600000,0.03448,0.03456,0.03436,0.03438,947070,32612.3868
1789315200000,0.03438,0.03458,0.03436,0.03448,699620,24116.8223
1789318800000,0.03448,0.03482,0.03443,0.0347,2343270,81308.8868
1789322400000,0.0347,0.03474,0.03442,0.03442,939400,32461.1916
1789326000000,0.03442,0.03449,0.03402,0.03428,3169560,108379.6307
1789329600000,0.03428,0.03447,0.03414,0.03436,1482330,50910.768
1789333200000,0.03436,0.03438,0.03406,0.03406,1168820,39941.1707
1789336800000,0.03406,0.03408,0.03306,0.0332,12935390,432941.7571
1789340400000,0.0332,0.03331,0.03294,0.03325,7123520,236138.9009
1789344000000,0.03325,0.03376,0.03323,0.03367,2188550,73248.0248
1789347600000,0.03367,0.03396,0.03357,0.03394,2564160,86506.8425
1789351200000,0.03394,0.03408,0.03382,0.03393,2234180,75843.6096
1789354800000,0.03393,0.03398,0.03369,0.03373,829400,28093.6774
1789358400000,0.03373,0.03396,0.03361,0.03381,2614060,88271.5364
1789362000000,0.03381,0.03386,0.0336,0.03384,2708720,91389.931
1789365600000,0.03384,0.03402,0.03367,0.03375,2258740,76423.7505
1789369200000,0.03375,0.03412,0.03371,0.03401,3288860,111564.7578
1789372800000,0.03401,0.03401,0.03325,0.03333,4632500,155191.1136
1789376400000,0.03333,0.034,0.03314,0.03393,5664510,190062.3595
1789380000000,0.03393,0.03406,0.03355,0.0336,4252750,143663.6373
1789383600000,0.0336,0.03363,0.03342,0.03347,1915950,64228.2492
1789387200000,0.03347,0.0336,0.03327,0.03328,2212880,73962.6406
1789390800000,0.03328,0.03357,0.03315,0.03331,3024170,100891.3183
1789394400000,0.03331,0.03363,0.03325,0.03344,1540870,51548.2463
1789398000000,0.03344,0.03354,0.03331,0.03347,1280950,42827.0562
1789401600000,0.03347,0.03399,0.03331,0.03384,6410420,216235.5163
1789405200000,0.03384,0.03433,0.03369,0.03397,7225670,245998.6367
1789408800000,0.03397,0.03505,0.03373,0.03477,14591150,503950.9716
1789412400000,0.03477,0.03493,0.03429,0.03469,9306680,321693.5251
1789416000000,0.03469,0.03525,0.03459,0.03496,10351830,361166.5225
1789419600000,0.03496,0.03497,0.03455,0.03468,3982760,138352.0371
1789423200000,0.03468,0.03528,0.03465,0.0352,2232850,78217.639
1789426800000,0.0352,0.03527,0.03466,0.03477,1666530,58291.5031
1789430400000,0.03477,0.03505,0.03472,0.03494,2461780,85797.8351
1789434000000,0.03494,0.03522,0.03474,0.03484,1604830,56079.7428
1789437600000,0.03484,0.03495,0.03477,0.03482,870770,30353.9009
1789441200000,0.03482,0.0351,0.03458,0.03474,1838750,64035.712
1789444800000,0.03474,0.03521,0.03456,0.03516,2909090,101365.5036
1789448400000,0.03516,0.03518,0.03469,0.03497,2594240,90682.877
1789452000000,0.03497,0.0352,0.03411,0.03429,9357850,324170.9749
1789455600000,0.03429,0.03433,0.03375,0.03379,10329840,351206.329
1789459200000,0.03379,0.03395,0.03356,0.03391,10087630,340533.8043
1789462800000,0.03391,0.03391,0.03339,0.03369,9251960,310883.8578
1789466400000,0.03369,0.03382,0.03358,0.03379,2246570,75718.0855
1789470000000,0.03379,0.03415,0.03342,0.0341,8800150,296808.6856
1789473600000,0.0341,0.03422,0.03385,0.03401,4837560,164437.3923
1789477200000,0.03401,0.03416,0.03355,0.03399,8211290,278080.134
1789480800000,0.03399,0.03405,0.03269,0.0329,18843250,623556.7273
1789484400000,0.0329,0.03334,0.03283,0.0331,6325890,209459.1114
1789488000000,0.0331,0.03396,0.03305,0.03387,6331530,212516.1825
1789491600000,0.03387,0.03409,0.03343,0.03357,3061110,103207.7267
1789495200000,0.03357,0.03377,0.03215,0.03298,16568020,541783.3989
1789498800000,0.03298,0.03319,0.03268,0.03302,3140550,103471.7859
1789502400000,0.03302,0.03311,0.03247,0.03268,5019420,164521.7216
1789506000000,0.03268,0.03277,0.03244,0.03248,3518200,114645.633
1789509600000,0.03248,0.03279,0.03246,0.03274,919710,30013.206
1789513200000,0.03274,0.03295,0.03272,0.03289,1123590,36913.9054
1789516800000,0.03289,0.033,0.03277,0.03282,671310,22073.1394
1789520400000,0.03282,0.03292,0.03232,0.03237,1720370,56079.5042
1789524000000,0.03237,0.03266,0.03225,0.03261,5074000,164635.6906
1789527600000,0.03261,0.03284,0.03243,0.03259,10982220,358888.1192
1789531200000,0.03259,0.03278,0.03243,0.03249,1377580,44814.3811
1789534800000,0.03249,0.03257,0.03232,0.03253,1300100,42195.8211
1789538400000,0.03253,0.03258,0.03207,0.03257,5768900,186523.7015
1789542000000,0.03257,0.03261,0.03232,0.03237,2182550,70873.1756
1789545600000,0.03237,0.03244,0.03162,0.03185,19422920,619798.1434
1789549200000,0.03185,0.03203,0.03184,0.03199,3325390,106253.8784
1789552800000,0.03199,0.03204,0.03193,0.03197,899690,28777.2612
1789556400000,0.03197,0.0323,0.03191,0.03223,2885350,92587.6559
1789560000000,0.03223,0.03248,0.03206,0.03225,4004770,129070.3185
1789563600000,0.03225,0.03236,0.03207,0.03213,2602990,83833.9377
1789567200000,0.03213,0.03215,0.03161,0.03183,7933910,252871.5719
1789570800000,0.03183,0.03202,0.03162,0.03173,7997370,254579.2481
1789574400000,0.03173,0.03215,0.03169,0.03211,2501530,79621.1465
1789578000000,0.03211,0.03235,0.03191,0.0322,3228750,103552.5973
1789581600000,0.0322,0.03293,0.03206,0.03234,15873620,516236.0431
1789585200000,0.03234,0.03278,0.03215,0.03249,3420090,111032.3422
1789588800000,0.03249,0.03271,0.03231,0.03256,1851320,60216.7148
1789592400000,0.03256,0.03299,0.03232,0.03277,5726600,186994.3695
1789596000000,0.03277,0.03282,0.03252,0.03255,2443420,79672.4014
1789599600000,0.03255,0.03311,0.03253,0.03291,7957760,262045.4122
1789603200000,0.03291,0.03323,0.03281,0.03314,4161660,137629.9017
1789606800000,0.03314,0.0337,0.03306,0.03346,3506870,117241.3325
1789610400000,0.03346,0.03373,0.03328,0.03349,1468020,49186.4073
1789614000000,0.03349,0.03357,0.03334,0.03341,876200,29303.2635
1789617600000,0.03341,0.03354,0.03327,0.03353,1597070,53345.3299
1789621200000,0.03353,0.0336,0.03319,0.03321,1984200,66236.2577
1789624800000,0.03321,0.03348,0.0332,0.03341,1708840,56968.4521
1789628400000,0.03341,0.03414,0.03341,0.03391,6238970,211435.0591
1789632000000,0.03391,0.03446,0.03381,0.03441,3883490,132451.6269
1789635600000,0.03441,0.03463,0.03414,0.03426,7734720,265982.0106
1789639200000,0.03426,0.03426,0.03384,0.03386,2004230,68254.2901
1789642800000,0.03386,0.03414,0.03382,0.03412,3957460,134458.3388
1789646400000,0.03412,0.03434,0.03397,0.03402,3812050,130387.9004
1789650000000,0.03402,0.03409,0.03332,0.0336,6052880,203505.8938
1789653600000,0.0336,0.03393,0.03336,0.03337,5028190,169092.2573
1789657200000,0.03337,0.03373,0.03313,0.03367,3571250,119237.7994
1789660800000,0.03367,0.03395,0.0336,0.03394,1397900,47190.7641
1789664400000,0.03394,0.03407,0.03375,0.03381,2367390,80393.4338
1789668000000,0.03381,0.03381,0.03332,0.03342,3211820,107506.6125
1789671600000,0.03342,0.03362,0.03334,0.03358,1844530,61780.1403
1789675200000,0.03358,0.03365,0.03343,0.03359,6240570,209210.4442
1789678800000,0.03359,0.03363,0.03335,0.03336,808110,27054.1412
1789682400000,0.03336,0.03354,0.03312,0.03354,4072270,135504.9947
1789686000000,0.03354,0.03376,0.03346,0.03374,1934640,65016.1363
1789689600000,0.03374,0.03401,0.0336,0.03399,1899730,64191.3377
1789693200000,0.03399,0.03421,0.0339,0.03405,3877250,132051.3402
1789696800000,0.03405,0.03418,0.03384,0.03413,2195180,74695.1549
1789700400000,0.03413,0.03452,0.03405,0.03447,3317260,113947.5971
1789704000000,0.03447,0.03453,0.03394,0.03437,6019640,206027.223
1789707600000,0.03437,0.03441,0.03425,0.03432,1852670,63611.1717
1789711200000,0.03432,0.03496,0.03432,0.03487,7843560,271908.0765
1789714800000,0.03487,0.03561,0.03482,0.03552,10712830,377981.6857
1789718400000,0.03552,0.03586,0.03517,0.03568,5343730,190005.7652
1789722000000,0.03568,0.03605,0.03566,0.0358,3886180,139363.6039
1789725600000,0.0358,0.03673,0.03567,0.03622,6557900,238188.155
1789729200000,0.03622,0.0364,0.03592,0.03621,3946970,142620.3224
1789732800000,0.03621,0.03623,0.03575,0.03578,3161580,113493.3038
1789736400000,0.03578,0.03644,0.03546,0.036,9983590,358313.9177
1789740000000,0.036,0.0362,0.03576,0.03619,6299140,226852.0425
1789743600000,0.03619,0.03653,0.03607,0.03637,4738590,172085.8135
1789747200000,0.03637,0.03721,0.03627,0.03687,8108290,298294.2196
1789750800000,0.03687,0.03689,0.03629,0.03647,5903480,215571.3433
1789754400000,0.03647,0.03683,0.03641,0.03669,4180170,153196.8744
1789758000000,0.03669,0.03731,0.03669,0.03695,5139510,190338.7126
1789761600000,0.03695,0.03778,0.03689,0.03756,4851930,181520.0747
1789765200000,0.03756,0.03798,0.03741,0.03761,3190800,120256.3418
1789768800000,0.03761,0.03765,0.03709,0.03733,5761460,215417.8108
1789772400000,0.03733,0.0382,0.03724,0.03802,6801100,256924.6327
1789776000000,0.03802,0.03823,0.03783,0.03788,4560510,173468.5252
1789779600000,0.03788,0.03834,0.03779,0.03818,3854340,146642.3771
1789783200000,0.03818,0.03883,0.03811,0.03864,5107520,196159.9848
1789786800000,0.03864,0.03898,0.03856,0.03888,4493770,174516.5569
1789790400000,0.03888,0.0389,0.03784,0.03822,4957160,190156.4879
1789794000000,0.03822,0.03833,0.0378,0.03798,2349940,89485.4329
1789797600000,0.03798,0.03816,0.03755,0.0379,3948920,149814.46
1789801200000,0.0379,0.03825,0.03777,0.03789,3250290,123473.232
1789804800000,0.03789,0.03843,0.03774,0.0383,3611190,137651.6932
1789808400000,0.0383,0.0385,0.03806,0.03831,4187030,160134.9501
1789812000000,0.03831,0.03854,0.03802,0.03807,2630850,100839.048
1789815600000,0.03807,0.03844,0.03807,0.03843,2252120,86132.2237
1789819200000,0.03843,0.03846,0.03802,0.03816,3669200,140203.2543
1789822800000,0.03816,0.03839,0.03808,0.03835,975300,37301.3307
1789826400000,0.03835,0.03988,0.03835,0.03978,8892070,349052.8928
1789830000000,0.03978,0.04023,0.03953,0.03998,11145730,444619.2487
1789833600000,0.03998,0.04092,0.03972,0.04044,16713190,675925.7258
1789837200000,0.04044,0.04062,0.03944,0.03983,14485570,578779.0527
1789840800000,0.03983,0.03996,0.03957,0.0397,2527780,100603.8134
1789844400000,0.0397,0.03981,0.03916,0.03944,5315350,209209.2246
1789848000000,0.03944,0.0397,0.03878,0.03889,5372970,210556.0935
1789851600000,0.03889,0.03901,0.03841,0.03872,6588730,254663.7914
1789855200000,0.03872,0.03874,0.03833,0.03868,2359520,90944.0105
1789858800000,0.03868,0.03927,0.03852,0.03908,3160250,122945.9779
1789862400000,0.03908,0.03942,0.03904,0.03928,3755410,147375.9334
1789866000000,0.03928,0.03932,0.03882,0.03901,1349870,52715.3154
1789869600000,0.03901,0.03932,0.03763,0.0377,5095760,194471.1972
1789873200000,0.0377,0.03848,0.03765,0.03832,2660950,101545.4426
1789876800000,0.03832,0.03876,0.03797,0.03869,3911060,150121.0221
1789880400000,0.03869,0.03891,0.03834,0.0387,4566160,176430.9193
1789884000000,0.0387,0.03908,0.03859,0.03894,3019790,117112.142
1789887600000,0.03894,0.03898,0.03809,0.03888,7473830,288190.4735
1789891200000,0.03888,0.04014,0.03855,0.03997,15312290,605953.5985
1789894800000,0.03997,0.04057,0.03939,0.03941,11487330,460498.1289
1789898400000,0.03941,0.03956,0.03871,0.03872,5842130,227981.0248
1789902000000,0.03872,0.03879,0.03813,0.03841,8426010,323584.8878
1789905600000,0.03841,0.03862,0.03823,0.03848,2831320,108783.536
1789909200000,0.03848,0.03854,0.03802,0.03808,7329130,280195.7788
1789912800000,0.03808,0.03881,0.03808,0.0386,4814890,184779.065
1789916400000,0.0386,0.03915,0.0386,0.03894,3185760,124146.038
1789920000000,0.03894,0.03964,0.03888,0.03935,4390380,172703.8987
1789923600000,0.03935,0.03935,0.03897,0.03914,4121380,161453.3189
1789927200000,0.03914,0.03914,0.03863,0.03868,2367430,92023.7668
1789930800000,0.03868,0.039,0.03854,0.0389,4028600,155968.7885
1789934400000,0.0389,0.0394,0.03889,0.03921,3342320,131109.925
1789938000000,0.03921,0.0395,0.03869,0.03946,3565410,139637.5215
1789941600000,0.03946,0.04005,0.03938,0.03969,7502440,298645.4048
1789945200000,0.03969,0.03993,0.03958,0.03986,3359860,133713.1165
1789948800000,0.03986,0.04014,0.03978,0.03991,1625790,64997.3594
1789952400000,0.03991,0.04005,0.03922,0.03938,2132650,84596.8191
1789956000000,0.03938,0.03973,0.0393,0.03943,2498060,98690.4158
1789959600000,0.03943,0.04004,0.03943,0.03997,2374130,94509.6854
1789963200000,0.03997,0.04006,0.03966,0.03985,1970020,78520.7101
1789966800000,0.03985,0.04041,0.03966,0.03986,7466270,299616.3506
1789970400000,0.03986,0.04021,0.03969,0.04002,4442400,177619.3799
1789974000000,0.04002,0.04017,0.03962,0.03986,2293000,91471.0816
1789977600000,0.03986,0.04098,0.03979,0.04081,5447200,220876.1365
1789981200000,0.04081,0.04141,0.04046,0.04114,8575140,351564.1578
1789984800000,0.04114,0.04139,0.04096,0.04135,6332080,260635.4598
1789988400000,0.04135,0.04186,0.04111,0.04111,6662320,276508.2839
1789992000000,0.04111,0.04178,0.041,0.04178,5232980,216174.7013
1789995600000,0.04178,0.04199,0.0414,0.04169,6631530,276766.123
1789999200000,0.04169,0.04182,0.04083,0.04162,9114800,376320.4511
1790002800000,0.04162,0.0429,0.04142,0.04243,21869390,922804.2758
1790006400000,0.04243,0.04297,0.04226,0.04274,7928230,337475.2738
1790010000000,0.04274,0.04283,0.04169,0.04243,11029320,466218.7003
1790013600000,0.04243,0.04302,0.04235,0.04266,7029550,300104.296
1790017200000,0.04266,0.04432,0.04251,0.04417,14818880,644951.2995
1790020800000,0.04417,0.04515,0.04387,0.04406,19490730,867476.9874
1790024400000,0.04406,0.04413,0.04337,0.0436,6003500,262190.1279
1790028000000,0.0436,0.04386,0.0433,0.04359,4044020,176465.0537
1790031600000,0.04359,0.04368,0.043,0.04324,4105190,177501.9701
1790035200000,0.04324,0.04408,0.04306,0.04389,3916060,170825.4991
1790038800000,0.04389,0.04465,0.04329,0.04337,7258030,318751.668
1790042400000,0.04337,0.04362,0.04262,0.0428,7665910,331115.021
1790046000000,0.0428,0.04327,0.04255,0.04322,2890570,124008.0202
1790049600000,0.04322,0.04337,0.04295,0.04321,3200420,138178.2192
1790053200000,0.04321,0.04356,0.0426,0.04291,7132330,305830.5361
1790056800000,0.04291,0.0431,0.04256,0.04293,2872610,122931.7436
1790060400000,0.04293,0.04304,0.04247,0.04269,2387240,102011.4966
1790064000000,0.04269,0.04325,0.04228,0.04321,6417310,274235.2004
1790067600000,0.04321,0.04321,0.04176,0.04204,13811440,582270.2296
1790071200000,0.04204,0.04204,0.04158,0.04179,4180410,174915.2965
1790074800000,0.04179,0.04228,0.04178,0.04193,4396640,185103.5113
1790078400000,0.04193,0.04217,0.04161,0.04212,2608100,109372.3098
1790082000000,0.04212,0.04241,0.04158,0.04201,5036840,211430.3271
1790085600000,0.04201,0.04218,0.04139,0.04174,4274340,178347.3062
1790089200000,0.04174,0.04195,0.04165,0.04174,2394890,100133.5195
1790092800000,0.04174,0.04176,0.04126,0.04153,5034940,208694.4747
1790096400000,0.04153,0.04181,0.04141,0.04178,2623380,109201.8617
1790100000000,0.04178,0.04234,0.0417,0.04188,4554230,191226.3282
1790103600000,0.04188,0.04215,0.04174,0.04193,2051640,86058.7305
1790107200000,0.04193,0.04203,0.04166,0.04182,1949340,81528.2907
1790110800000,0.04182,0.04196,0.04152,0.04164,1089310,45432.7175
1790114400000,0.04164,0.04169,0.0413,0.04147,2184810,90648.2421
1790118000000,0.04147,0.04203,0.04144,0.0416,2206800,92061.7594
1790121600000,0.0416,0.0416,0.04124,0.04139,1717160,71018.1311
1790125200000,0.04139,0.04182,0.04107,0.04123,1592740,65905.9316
1790128800000,0.04123,0.04173,0.04112,0.04171,1317050,54618.3101
1790132400000,0.04171,0.04246,0.04154,0.04229,5045870,213160.3642
1790136000000,0.04229,0.04294,0.04203,0.04246,9473060,402966.6756
1790139600000,0.04246,0.04248,0.04178,0.04184,4707070,198694.8516
1790143200000,0.04184,0.0424,0.04179,0.04226,3193040,134520.5147
1790146800000,0.04226,0.04226,0.04172,0.0418,5133120,215321.5639
1790150400000,0.0418,0.04192,0.04128,0.04157,5004850,208041.5472
1790154000000,0.04157,0.04206,0.04143,0.04162,2678120,111849.0058
1790157600000,0.04162,0.04196,0.04146,0.04193,2479480,103435.7662
1790161200000,0.04193,0.04196,0.04117,0.04149,4232210,175389.3643
1790164800000,0.04149,0.04157,0.04067,0.04103,7821300,320708.0904
1790168400000,0.04103,0.04109,0.04067,0.04093,5340580,218398.6841
1790172000000,0.04093,0.04103,0.03641,0.03909,71672710,2776425.7766
1790175600000,0.03909,0.03953,0.03844,0.03858,9957170,388526.5067
1790179200000,0.03858,0.03883,0.03757,0.03848,15623210,596673.8865
1790182800000,0.03848,0.03942,0.03822,0.03902,9029030,351417.6836
1790186400000,0.03902,0.03904,0.03865,0.03888,2222500,86305.9776
1790190000000,0.03888,0.03906,0.03881,0.03887,2015570,78497.9278
1790193600000,0.03887,0.0389,0.03857,0.03864,2882030,111547.2696
1790197200000,0.03864,0.0387,0.03847,0.03855,1272660,49075.383
1790200800000,0.03855,0.03872,0.0383,0.03845,810030,31188.116
1790204400000,0.03845,0.03858,0.03838,0.03844,695440,26758.848
1790208000000,0.03844,0.03851,0.03808,0.03823,2603510,99514.6961
1790211600000,0.03823,0.03838,0.03796,0.03811,1945400,74268.0081
1790215200000,0.03811,0.0389,0.03804,0.03882,1428390,55040.1998
1790218800000,0.03882,0.03903,0.03858,0.03881,6004570,232917.529
1790222400000,0.03881,0.03918,0.03859,0.03909,2649110,103161.0385
1790226000000,0.03909,0.03995,0.03903,0.0394,6096810,240937.6142
1790229600000,0.0394,0.03958,0.0393,0.03935,1298550,51224.7733
1790233200000,0.03935,0.03956,0.0392,0.03941,1341920,52789.357
1790236800000,0.03941,0.03945,0.03847,0.03887,2505890,97554.4253
1790240400000,0.03887,0.03895,0.03796,0.03815,4526160,173512.8244
1790244000000,0.03815,0.03841,0.03801,0.03832,1339790,51207.4451
1790247600000,0.03832,0.03867,0.03832,0.0385,1544380,59457.2016
1790251200000,0.0385,0.03883,0.03841,0.03876,2296410,88725.6949
1790254800000,0.03876,0.03923,0.03876,0.03912,2478270,96815.6914
1790258400000,0.03912,0.0399,0.03894,0.03914,6114110,240944.7008
1790262000000,0.03914,0.04025,0.03904,0.04016,4306070,171248.3283
1790265600000,0.04016,0.04075,0.03975,0.04022,6486200,261397.9151
1790269200000,0.04022,0.04031,0.03957,0.03969,2803730,111845.409
1790272800000,0.03969,0.03994,0.0394,0.03987,1701140,67522.7688
1790276400000,0.03987,0.04002,0.03962,0.03989,1875970,74751.2923
1790280000000,0.03989,0.03989,0.03946,0.03973,1823340,72357.8468
1790283600000,0.03973,0.04006,0.03964,0.03986,795750,31732.2349
1790287200000,0.03986,0.03987,0.03951,0.03958,840890,33322.2642
1790290800000,0.03958,0.03983,0.03955,0.03983,933370,37058.8277
1790294400000,0.03983,0.0403,0.0398,0.04011,3934740,157762.6925
1790298000000,0.04011,0.04047,0.03975,0.04015,3109100,124750.4972
1790301600000,0.04015,0.04054,0.03963,0.0397,3463590,138961.9259
1790305200000,0.0397,0.03997,0.03962,0.0398,1232320,49010.3588
1790308800000,0.0398,0.03998,0.03968,0.03983,1446980,57657.0761
1790312400000,0.03983,0.03985,0.03953,0.03967,989290,39218.5571
1790316000000,0.03967,0.03993,0.03955,0.03971,2545880,101187.2397
1790319600000,0.03971,0.04012,0.03958,0.04005,2338760,93184.9393
1790323200000,0.04005,0.04139,0.04001,0.0413,4859870,197849.0396
1790326800000,0.0413,0.04168,0.04096,0.04114,4922530,203705.7866
1790330400000,0.04114,0.04183,0.04079,0.04137,11751010,485661.0852
1790334000000,0.04137,0.04229,0.04137,0.04193,5430890,228246.9229
1790337600000,0.04193,0.04214,0.0412,0.04195,5995270,250639.6413
1790341200000,0.04195,0.04227,0.0414,0.04176,5902750,247178.2975
1790344800000,0.04176,0.04209,0.04109,0.04198,7433880,309606.1929
1790348400000,0.04198,0.04203,0.04107,0.04152,4406750,182969.8195
1790352000000,0.04152,0.04185,0.04132,0.04134,3800710,157966.5662
1790355600000,0.04134,0.04163,0.04094,0.04118,3088660,127152.3033
1790359200000,0.04118,0.04169,0.04114,0.04163,3384120,140626.4795
1790362800000,0.04163,0.04199,0.04153,0.04181,2451790,102460.6268
1790366400000,0.04181,0.04192,0.04145,0.04147,1441430,60185.6068
1790370000000,0.04147,0.04149,0.04125,0.04132,1031170,42644.4175
1790373600000,0.04132,0.04225,0.04132,0.04211,3337760,140360.1297
1790377200000,0.04211,0.04222,0.04194,0.0421,1434070,60409.2894
1790380800000,0.0421,0.0423,0.04166,0.04174,2057700,86349.574
1790384400000,0.04174,0.04284,0.04172,0.04247,7427810,315356.7654
1790388000000,0.04247,0.04247,0.04218,0.04234,1264380,53509.3796
1790391600000,0.04234,0.04295,0.04223,0.0426,4013410,170989.6271
1790395200000,0.0426,0.04405,0.04257,0.04358,14027230,608685.406
1790398800000,0.04358,0.04366,0.04307,0.04323,2291050,99370.7687
1790402400000,0.04323,0.04342,0.0429,0.043,1821250,78650.3032
1790406000000,0.043,0.04396,0.04293,0.04376,3391940,147840.9971
1790409600000,0.04376,0.04436,0.0434,0.04418,6009240,263964.5511
1790413200000,0.04418,0.04446,0.04366,0.04403,5283320,233138.2102
1790416800000,0.04403,0.04495,0.04403,0.04475,6744230,300675.4652
1790420400000,0.04475,0.04498,0.04459,0.04481,2786080,124769.3877
1790424000000,0.04481,0.04571,0.04469,0.04538,9315320,421279.4353
1790427600000,0.04538,0.04611,0.0452,0.04582,12548660,572795.4672
1790431200000,0.04582,0.0489,0.04565,0.04849,51549590,2458415.9803
1790434800000,0.04849,0.04892,0.04727,0.04785,19042560,913479.0526
1790438400000,0.04785,0.04911,0.04768,0.04837,9474900,459335.4751
1790442000000,0.04837,0.04979,0.04814,0.04954,11775790,578447.5189
1790445600000,0.04954,0.05003,0.04858,0.04927,13670090,672998.2685
1790449200000,0.04927,0.04982,0.04871,0.04885,10543200,518756.42
1790452800000,0.04885,0.04904,0.04765,0.0481,18324370,886398.2372
1790456400000,0.0481,0.04879,0.04643,0.04734,29493190,1393109.2798
1790460000000,0.04734,0.04755,0.04662,0.04692,5875940,276976.6834
1790463600000,0.04692,0.04786,0.04679,0.0478,4986160,236097.0265
1790467200000,0.0478,0.04781,0.04678,0.04701,3235930,152369.5492
1790470800000,0.04701,0.04732,0.0463,0.0471,6664830,311377.5888
1790474400000,0.0471,0.04744,0.0468,0.04733,3984180,187752.8071
1790478000000,0.04733,0.04773,0.04696,0.0471,3718640,175916.5997
1790481600000,0.0471,0.04717,0.04623,0.04648,4677560,217728.797
1790485200000,0.04648,0.04828,0.04643,0.04813,7630280,363902.3568
1790488800000,0.04813,0.05016,0.04804,0.04953,27262980,1347214.3402
1790492400000,0.04953,0.04984,0.04896,0.04947,8157130,403514.3571
1790496000000,0.04947,0.04959,0.0487,0.04884,6972290,342451.6435
1790499600000,0.04884,0.04889,0.04816,0.04854,4058660,196612.389
1790503200000,0.04854,0.04928,0.04844,0.04911,3930770,192326.3881
1790506800000,0.04911,0.04946,0.04839,0.04839,6045920,295401.2324
1790510400000,0.04839,0.04871,0.048,0.0481,3770280,182420.8972
1790514000000,0.0481,0.04811,0.04702,0.0473,16098890,763408.7479
1790517600000,0.0473,0.04737,0.04693,0.04703,5891030,277736.4713
1790521200000,0.04703,0.0477,0.0468,0.04743,7362640,347923.4032
1790524800000,0.04743,0.04793,0.04735,0.04769,3563450,169644.503
1790528400000,0.04769,0.04795,0.04754,0.04782,1747180,83374.0371
1790532000000,0.04782,0.04896,0.04775,0.0489,4926590,238934.2188
1790535600000,0.0489,0.0489,0.0483,0.04833,3318230,161453.1257
1790539200000,0.04833,0.04872,0.04813,0.04826,3232140,156375.7932
1790542800000,0.04826,0.04881,0.04823,0.04848,1455720,70720.198
1790546400000,0.04848,0.0485,0.0464,0.04659,9187960,435174.9746
1790550000000,0.04659,0.04701,0.04644,0.04696,3476050,162588.6991
1790553600000,0.04696,0.04839,0.04693,0.0473,8089080,385739.903
1790557200000,0.0473,0.04761,0.04664,0.04681,3833860,180820.6586
1790560800000,0.04681,0.04692,0.04635,0.04651,4117820,192063.2926
1790564400000,0.04651,0.0467,0.04582,0.04622,5156120,238144.9219
1790568000000,0.04622,0.04808,0.04599,0.04795,7943990,374803.8508
1790571600000,0.04795,0.04805,0.04707,0.04767,5928450,281282.0675
1790575200000,0.04767,0.04848,0.04724,0.04742,9159030,438287.6916
1790578800000,0.04742,0.04785,0.04633,0.04659,12648860,597884.8583
1790582400000,0.04659,0.04722,0.04656,0.0469,3016640,141345.9314
1790586000000,0.0469,0.0475,0.04639,0.04664,3207100,150536.6906
1790589600000,0.04664,0.04821,0.0466,0.04763,7777280,368886.3889
1790593200000,0.04763,0.04817,0.04726,0.04745,4619730,220125.6622
1790596800000,0.04745,0.04833,0.0471,0.04792,3450480,164575.9343
1790600400000,0.04792,0.04794,0.04736,0.04782,3243780,154736.2904
1790604000000,0.04782,0.04782,0.04498,0.04579,12097370,559294.238
1790607600000,0.04579,0.04623,0.04533,0.04616,4372620,200560.6425
1790611200000,0.04616,0.04703,0.04575,0.0463,7074340,327428.2156
1790614800000,0.0463,0.04673,0.0456,0.04618,8812600,407441.5175
1790618400000,0.04618,0.0465,0.04488,0.04536,6999800,318197.5846
1790622000000,0.04536,0.04552,0.0441,0.04457,17386860,777843.2455
1790625600000,0.04457,0.04515,0.04452,0.04498,3972910,178372.2717
1790629200000,0.04498,0.04541,0.04472,0.04509,4834730,217780.3034
1790632800000,0.04509,0.04514,0.04481,0.04509,1441920,64850.0155
1790636400000,0.04509,0.04547,0.04494,0.04542,1219500,55133.7786
1790640000000,0.04542,0.04575,0.04517,0.04524,3986850,181392.0319
1790643600000,0.04524,0.04553,0.04422,0.04438,4578370,204929.1205
1790647200000,0.04438,0.04466,0.04411,0.04444,3440000,152539.0491
1790650800000,0.04444,0.0451,0.04439,0.04503,2171280,97399.9521
1790654400000,0.04503,0.04591,0.04495,0.04566,4027890,183220.0079
1790658000000,0.04566,0.0461,0.04531,0.04595,5606340,256474.9693
1790661600000,0.04595,0.04632,0.04568,0.04601,4573600,210409.8316
1790665200000,0.04601,0.04693,0.04575,0.04684,4329790,201515.6611
1790668800000,0.04684,0.0471,0.04644,0.04672,4512320,211044.417
1790672400000,0.04672,0.04676,0.04638,0.04659,3622750,168631.1675
1790676000000,0.04659,0.04659,0.04581,0.04582,2603040,119985.6683
1790679600000,0.04582,0.04665,0.04574,0.04618,4153760,191317.2899
1790683200000,0.04618,0.04639,0.04549,0.04563,5834660,268180.6483
1790686800000,0.04563,0.04586,0.04528,0.04544,2989990,136251.1792
1790690400000,0.04544,0.04578,0.04516,0.04557,4680010,213024.2463
1790694000000,0.04557,0.04559,0.04447,0.04492,9471180,425153.0337
1790697600000,0.04492,0.04499,0.04401,0.04416,3893000,173347.19
1790701200000,0.04416,0.04436,0.04391,0.04413,5105340,225316.0259
1790704800000,0.04413,0.04458,0.04413,0.04447,4652540,206590.9017
1790708400000,0.04447,0.04459,0.04373,0.04381,3897870,172036.8714
1790712000000,0.04381,0.04388,0.04344,0.04359,4332100,189292.6907
1790715600000,0.04359,0.04368,0.04293,0.04301,4962420,214798.9199
1790719200000,0.04301,0.04338,0.04283,0.04287,3447720,148545.2062
1790722800000,0.04287,0.04319,0.04256,0.04287,4516840,193289.8459
1790726400000,0.04287,0.04327,0.04273,0.04322,3153120,135537.1657
1790730000000,0.04322,0.04384,0.0432,0.04364,2983200,130013.83
1790733600000,0.04364,0.04381,0.04333,0.04337,2505470,109252.651
1790737200000,0.04337,0.04344,0.04312,0.04339,1848460,79960.716
1790740800000,0.04339,0.04406,0.04339,0.04389,3780710,165872.6545
1790744400000,0.04389,0.0442,0.04369,0.04391,2677460,117694.6361
1790748000000,0.04391,0.0441,0.04347,0.0436,1803680,78832.5221
1790751600000,0.0436,0.04407,0.04355,0.04389,1948670,85370.0433
1790755200000,0.04389,0.04389,0.04327,0.04347,6974370,303289.7307
1790758800000,0.04347,0.04368,0.04334,0.04334,1670870,72723.5235
1790762400000,0.04334,0.04381,0.04317,0.04362,4760170,207383.3813
1790766000000,0.04362,0.04392,0.0434,0.04371,1876570,81946.5868
1790769600000,0.04371,0.04438,0.04257,0.04407,18287430,791987.8112
1790773200000,0.04407,0.04421,0.04294,0.04344,12414560,541163.5572
1790776800000,0.04344,0.04347,0.0423,0.0431,11034450,472134.6204
1790780400000,0.0431,0.04328,0.0426,0.0431,7270590,311931.4443
1790784000000,0.0431,0.04371,0.04308,0.04355,3300680,143235.6853
1790787600000,0.04355,0.04357,0.0429,0.04302,2394400,103490.9922
1790791200000,0.04302,0.04326,0.04272,0.04323,1976880,84891.8922
1790794800000,0.04323,0.0436,0.04294,0.04357,3609900,156155.537
1790798400000,0.04357,0.04394,0.04349,0.0437,2654160,115911.0015
1790802000000,0.0437,0.04381,0.04336,0.04338,1483200,64673.1061
1790805600000,0.04338,0.04356,0.04289,0.04329,2290910,99213.9641
1790809200000,0.04329,0.04354,0.04326,0.04343,1275530,55378.3789
1790812800000,0.04343,0.04398,0.04336,0.04376,1674320,73245.2747
1790816400000,0.04376,0.04424,0.04374,0.04413,2449660,107772.5755
1790820000000,0.04413,0.04436,0.04384,0.04407,2683490,118218.9732
1790823600000,0.04407,0.04435,0.04386,0.04435,2101920,92737.4117
1790827200000,0.04435,0.04467,0.04391,0.04436,7265010,321958.3422
1790830800000,0.04436,0.04446,0.044,0.0442,2957290,130700.0282
1790834400000,0.0442,0.04427,0.04373,0.0438,3151290,138550.2189
1790838000000,0.0438,0.04392,0.04303,0.04318,4336650,188043.9509
1790841600000,0.04318,0.04331,0.04292,0.04294,2050610,88335.0231
1790845200000,0.04294,0.04309,0.0428,0.04284,1471160,63210.98
1790848800000,0.04284,0.04302,0.04245,0.04292,4618620,197239.0031
1790852400000,0.04292,0.04334,0.04278,0.04309,2500210,107748.1993
1790856000000,0.04309,0.04332,0.04277,0.04282,3197220,137412.7028
1790859600000,0.04282,0.04291,0.04242,0.04257,3946500,168215.3808
1790863200000,0.04257,0.04257,0.04191,0.0421,7147680,301209.7934
1790866800000,0.0421,0.04263,0.04193,0.04225,3709750,156908.2422
1790870400000,0.04225,0.04241,0.04116,0.04142,11983700,500189.0191
1790874000000,0.04142,0.04209,0.0414,0.04187,10019140,418464.7605
1790877600000,0.04187,0.04194,0.04114,0.04177,8130740,337390.009
1790881200000,0.04177,0.04212,0.04146,0.04201,2932320,122617.7928
1790884800000,0.04201,0.04246,0.0414,0.04143,9214960,386069.2879
1790888400000,0.04143,0.04167,0.0405,0.04117,11984030,491038.4147
1790892000000,0.04117,0.04135,0.04078,0.04112,7037010,288695.0934
1790895600000,0.04112,0.0414,0.04104,0.04135,1768690,72998.945
1790899200000,0.04135,0.04138,0.04106,0.04117,2333770,96113.4805
1790902800000,0.04117,0.04153,0.0411,0.0415,1771190,73088.6652
1790906400000,0.0415,0.04217,0.04146,0.04209,3677150,153635.3458
1790910000000,0.04209,0.04226,0.04188,0.04197,2989250,125668.5388
1790913600000,0.04197,0.04275,0.04182,0.04264,6683800,283558.0366
1790917200000,0.04264,0.04264,0.04212,0.04228,5634130,238868.5176
1790920800000,0.04228,0.04284,0.04225,0.0427,3688110,157210.3433
1790924400000,0.0427,0.0427,0.04196,0.04235,7147820,301825.1792
1790928000000,0.04235,0.04302,0.04234,0.04294,4989180,212974.787
1790931600000,0.04294,0.04294,0.04262,0.04276,2248590,96134.4628
1790935200000,0.04276,0.04293,0.04251,0.04279,3285430,140453.7035
1790938800000,0.04279,0.04296,0.0425,0.0425,3350480,143152.8251
1790942400000,0.0425,0.04307,0.04238,0.04297,4750870,203398.8868
1790946000000,0.04297,0.04349,0.04291,0.04305,6993410,302001.9135
1790949600000,0.04305,0.04362,0.0423,0.04262,9147030,393272.715
1790953200000,0.04262,0.04308,0.04221,0.04296,6941010,296563.3488
1790956800000,0.04296,0.04319,0.04256,0.04278,2030060,86994.8919
1790960400000,0.04278,0.04282,0.04214,0.04236,1836700,77879.7514
1790964000000,0.04236,0.04251,0.04083,0.04136,9089150,376527.2597
1790967600000,0.04136,0.04151,0.04114,0.04151,1947230,80595.2025
1790971200000,0.04151,0.04165,0.04132,0.04146,2580950,107241.909
1790974800000,0.04146,0.04161,0.04126,0.04151,1233160,51163.0221
1790978400000,0.04151,0.04172,0.04141,0.04168,896180,37260.5259
1790982000000,0.04168,0.04205,0.04168,0.042,1214980,50900.5948
1790985600000,0.042,0.04256,0.04196,0.04242,1240280,52479.9773
1790989200000,0.04242,0.04257,0.04234,0.04238,1198850,50873.9652
1790992800000,0.04238,0.04253,0.04227,0.04235,1083350,45923.0155
1790996400000,0.04235,0.04272,0.04223,0.04252,1056990,44863.2755
1791000000000,0.04252,0.04255,0.04213,0.04221,1484300,62783.4206
1791003600000,0.04221,0.04233,0.04209,0.04209,831780,35119.4286
1791007200000,0.04209,0.04214,0.04189,0.04196,1191850,50023.1984
1791010800000,0.04196,0.04196,0.04161,0.04172,764620,31906.0631
1791014400000,0.04172,0.0422,0.0417,0.04196,1656990,69592.9187
1791018000000,0.04196,0.04211,0.04184,0.04205,867920,36464.2201
1791021600000,0.04205,0.04211,0.04202,0.0421,425470,17901.2391
1791025200000,0.0421,0.04316,0.04204,0.04276,15720000,670140.6257
1791028800000,0.04276,0.0428,0.0423,0.04243,3482210,148069.2772
1791032400000,0.04243,0.04266,0.04233,0.04266,1312880,55744.9574
1791036000000,0.04266,0.04293,0.04246,0.04273,2028610,86611.715
1791039600000,0.04273,0.04273,0.04222,0.0424,1715180,72742.0535
1791043200000,0.0424,0.04262,0.04228,0.04245,1107490,47008.0803
1791046800000,0.04245,0.04277,0.04242,0.04265,886850,37821.9054
1791050400000,0.04265,0.04273,0.04243,0.04253,2086230,88823.2235
1791054000000,0.04253,0.04279,0.04249,0.04277,1287120,54920.7531
1791057600000,0.04277,0.04305,0.04273,0.04291,1906060,81846.1158
1791061200000,0.04291,0.04293,0.04266,0.04281,1594790,68272.353
1791064800000,0.04281,0.04289,0.04271,0.04282,672520,28787.2992
1791068400000,0.04282,0.04322,0.04273,0.04303,2170730,93500.0734
1791072000000,0.04303,0.04326,0.04299,0.04303,1590110,68555.5118
1791075600000,0.04303,0.04305,0.04268,0.04269,829640,35547.2518
1791079200000,0.04269,0.04288,0.04265,0.04271,705120,30134.2258
1791082800000,0.04271,0.04271,0.04252,0.0426,669040,28496.7897
1791086400000,0.0426,0.04267,0.04249,0.04259,595000,25311.642
1791090000000,0.04259,0.04275,0.04254,0.04266,1123720,47944.7051
1791093600000,0.04266,0.04266,0.04232,0.04239,2077790,88169.9477
1791097200000,0.04239,0.04246,0.04202,0.04239,1447960,61148.2009
1791100800000,0.04239,0.04243,0.0423,0.04234,1270680,53825.5078
1791104400000,0.04234,0.04246,0.0418,0.04208,4359960,183171.0661
1791108000000,0.04208,0.04221,0.042,0.04209,1052050,44305.367
1791111600000,0.04209,0.04216,0.04174,0.04183,917310,38432.8998
1791115200000,0.04183,0.042,0.04182,0.04189,693720,29079.9109
1791118800000,0.04189,0.04215,0.04184,0.04211,1156610,48589.8547
1791122400000,0.04211,0.04261,0.04205,0.04252,1916450,81132.2979
1791126000000,0.04252,0.04259,0.04218,0.04218,1208920,51192.663
1791129600000,0.04218,0.04226,0.04196,0.0422,1989010,83809.937
1791133200000,0.0422,0.04233,0.04201,0.04221,1652780,69701.804
1791136800000,0.04221,0.04229,0.04185,0.04208,2600210,109293.8948
1791140400000,0.04208,0.04234,0.04208,0.04225,1413220,59682.9476
1791144000000,0.04225,0.0424,0.04215,0.04235,1743890,73738.1141
1791147600000,0.04235,0.04253,0.04218,0.04229,1328720,56293.0573
1791151200000,0.04229,0.04272,0.04229,0.04267,4452300,189559.9019
1791154800000,0.04267,0.04271,0.04257,0.04264,1047560,44678.232
1791158400000,0.04264,0.04285,0.04257,0.04282,2808090,119979.0366
1791162000000,0.04282,0.04315,0.0427,0.04284,3844000,164820.896
1791165600000,0.04284,0.04366,0.04282,0.04348,6034160,261658.5425
1791169200000,0.04348,0.04365,0.04324,0.04345,10183100,442277.3724
1791172800000,0.04345,0.04348,0.04247,0.04264,7090840,304441.8494
1791176400000,0.04264,0.0429,0.04253,0.04277,3068740,131133.0559
1791180000000,0.04277,0.04321,0.0426,0.0432,3905260,167502.4643
1791183600000,0.0432,0.04387,0.04314,0.04378,7063180,307305.9896
1791187200000,0.04378,0.04387,0.04311,0.04348,5430610,236206.7487
1791190800000,0.04348,0.04349,0.04294,0.04297,2386860,103003.2606
1791194400000,0.04297,0.04341,0.04293,0.04333,11001470,475327.6302
1791198000000,0.04333,0.04446,0.04321,0.04433,11558890,509012.3036
1791201600000,0.04433,0.04457,0.04392,0.04399,5738060,254244.3216
