timestamp,open,high,low,close,volume,turnover
1782169200000,0.020604,0.020645,0.020536,0.020634,1253816,25832.948273
1782172800000,0.020634,0.020687,0.02053,0.020683,1504468,30993.453875
1782176400000,0.020683,0.020778,0.020601,0.020722,1623757,33623.914845
1782180000000,0.020722,0.020884,0.020665,0.02083,1796849,37331.012497
1782183600000,0.02083,0.020844,0.020692,0.02079,2225930,46200.393434
1782187200000,0.02079,0.020825,0.020533,0.020569,2022525,41719.777082
1782190800000,0.020569,0.020598,0.020419,0.020427,3446458,70578.531007
1782194400000,0.020427,0.02044,0.019835,0.02016,20669584,414892.586439
1782198000000,0.02016,0.020248,0.020124,0.020133,4796062,96816.73872
1782201600000,0.020133,0.020171,0.019681,0.019895,15661749,311564.409071
1782205200000,0.019895,0.020082,0.01988,0.019944,8090703,161841.586397
1782208800000,0.019944,0.019949,0.019538,0.019844,24991438,492724.09705
1782212400000,0.019844,0.020099,0.019832,0.020073,10470708,209368.765044
1782216000000,0.020073,0.02008,0.019942,0.019978,2852330,57059.847593
1782219600000,0.019978,0.020176,0.019893,0.020161,10148653,203336.259161
1782223200000,0.020161,0.020269,0.020089,0.020198,7096465,143204.043766
1782226800000,0.020198,0.02021,0.019936,0.020037,3242319,65064.737101
1782230400000,0.020037,0.020158,0.019959,0.020028,3674998,73731.187334
1782234000000,0.020028,0.020035,0.019847,0.019887,1874026,37368.336725
1782237600000,0.019887,0.019984,0.019885,0.019974,2044871,40762.690209
1782241200000,0.019974,0.020061,0.019957,0.02001,3988130,79825.15365
1782244800000,0.02001,0.020089,0.02001,0.020025,2051202,41118.147134
1782248400000,0.020025,0.0202,0.020016,0.020163,2494446,50199.624618
1782252000000,0.020163,0.020219,0.020097,0.020164,2047686,41286.611104
1782255600000,0.020164,0.020184,0.02003,0.020095,2140802,43049.853532
1782259200000,0.020095,0.02013,0.01988,0.020019,8201916,164150.253559
1782262800000,0.020019,0.020099,0.01992,0.01997,1639621,32797.356931
1782266400000,0.01997,0.020033,0.019896,0.01992,2363489,47183.068492
1782270000000,0.01992,0.020036,0.019858,0.019923,4568312,91071.83778
1782273600000,0.019923,0.01996,0.019756,0.019934,3451667,68536.866485
1782277200000,0.019934,0.020134,0.019924,0.02006,2800082,56137.657678
1782280800000,0.02006,0.020079,0.019946,0.019963,4151375,83035.13553
1782284400000,0.019963,0.019989,0.019822,0.019859,6676431,132981.048085
1782288000000,0.019859,0.019934,0.019838,0.019898,3213917,63909.355197
1782291600000,0.019898,0.019949,0.019809,0.019906,4712775,93762.076101
1782295200000,0.019906,0.019911,0.019809,0.019832,5175352,102747.045297
1782298800000,0.019832,0.020111,0.01979,0.019995,4168254,83069.334006
1782302400000,0.019995,0.019998,0.019846,0.019855,3211453,63995.891756
1782306000000,0.019855,0.019865,0.019335,0.019451,25169219,491671.341689
1782309600000,0.019451,0.019684,0.019386,0.019647,6519828,127403.806026
1782313200000,0.019647,0.019656,0.01903,0.019171,22485694,431310.302008
1782316800000,0.019171,0.019514,0.018861,0.019057,43954588,843222.205326
1782320400000,0.019057,0.019245,0.018738,0.018998,34294655,651565.798381
1782324000000,0.018998,0.019863,0.018956,0.019392,26811327,524194.863944
1782327600000,0.019392,0.019735,0.01931,0.019588,15386768,299217.527014
1782331200000,0.019588,0.019863,0.019496,0.019771,10705334,211095.942208
1782334800000,0.019771,0.019875,0.019695,0.019828,3233611,63996.144739
1782338400000,0.019828,0.019886,0.019766,0.019777,1615453,32034.41226
1782342000000,0.019777,0.019792,0.019677,0.019701,3155870,62320.022983
1782345600000,0.019701,0.019777,0.019635,0.019727,3822040,75325.598285
1782349200000,0.019727,0.019758,0.019627,0.019627,3091788,60828.798785
1782352800000,0.019627,0.019685,0.019487,0.019623,4389029,86037.997794
1782356400000,0.019623,0.019683,0.019556,0.019616,3489681,68421.711774
1782360000000,0.019616,0.019781,0.019592,0.019764,3281187,64563.631944
1782363600000,0.019764,0.019979,0.019758,0.019931,4320845,85947.718237
1782367200000,0.019931,0.020049,0.019916,0.019962,4337642,86754.814032
1782370800000,0.019962,0.020217,0.019434,0.019932,106399342,2110529.464337
1782374400000,0.019932,0.01994,0.019734,0.019752,6031644,119717.97309
1782378000000,0.019752,0.019879,0.019693,0.019791,4117877,81409.43159
1782381600000,0.019791,0.01982,0.019612,0.019637,6416634,126410.146195
1782385200000,0.019637,0.019699,0.019571,0.019648,3906467,76690.811526
1782388800000,0.019648,0.019986,0.019556,0.019825,9772381,193801.897704
1782392400000,0.019825,0.019957,0.018951,0.01902,23095348,448572.842186
1782396000000,0.01902,0.019451,0.019015,0.019186,29295552,565594.166191
1782399600000,0.019186,0.019487,0.019066,0.019125,15726778,302661.586275
1782403200000,0.019125,0.019484,0.01902,0.019232,17739409,340952.033147
1782406800000,0.019232,0.019354,0.01901,0.01935,7916808,152122.589354
1782410400000,0.01935,0.019358,0.019026,0.019075,5172870,98993.071852
1782414000000,0.019075,0.019079,0.01895,0.019025,3550753,67486.70103
1782417600000,0.019025,0.019174,0.019002,0.019025,3728585,71188.691464
1782421200000,0.019025,0.019351,0.01902,0.01935,2361928,45283.407955
1782424800000,0.01935,0.01935,0.019129,0.019147,4052683,77949.491913
1782428400000,0.019147,0.019295,0.01912,0.019174,4232189,81326.666458
1782432000000,0.019174,0.019261,0.019111,0.019132,2891020,55464.121219
1782435600000,0.019132,0.019182,0.018828,0.018912,3744007,71050.963113
1782439200000,0.018912,0.018923,0.018352,0.018415,23752401,440579.846074
1782442800000,0.018415,0.019012,0.018319,0.018942,8752805,163577.747428
1782446400000,0.018942,0.018948,0.018803,0.018814,2743118,51726.18256
1782450000000,0.018814,0.019182,0.018792,0.018931,8319615,158033.104558
1782453600000,0.018931,0.019182,0.018827,0.019092,12570182,239072.091295
1782457200000,0.019092,0.019183,0.019075,0.019111,10212171,195296.453229
1782460800000,0.019111,0.019133,0.018916,0.019021,10179176,193784.820223
1782464400000,0.019021,0.019026,0.018754,0.018789,7059215,133198.81589
1782468000000,0.018789,0.018888,0.018691,0.018698,8926330,167945.521949
1782471600000,0.018698,0.018786,0.018558,0.018672,19685116,367371.627055
1782475200000,0.018672,0.018859,0.018533,0.018542,10670300,199326.923409
1782478800000,0.018542,0.019096,0.018457,0.019096,21797106,408008.644322
1782482400000,0.019096,0.019205,0.018843,0.01892,21196073,402483.272004
1782486000000,0.01892,0.01927,0.018865,0.019156,13910650,265426.976128
1782489600000,0.019156,0.019293,0.019036,0.01917,8184687,157028.354242
1782493200000,0.01917,0.019293,0.019165,0.019232,4773799,91820.857805
1782496800000,0.019232,0.019296,0.019101,0.019148,6475411,124293.208826
1782500400000,0.019148,0.01927,0.019084,0.019119,9955702,190978.687866
1782504000000,0.019119,0.019332,0.019054,0.019226,10340565,198525.856705
1782507600000,0.019226,0.019284,0.019156,0.019205,2703213,51993.063654
1782511200000,0.019205,0.019278,0.019141,0.019262,7356631,141439.552299
1782514800000,0.019262,0.019409,0.019246,0.019343,4622962,89377.777459
1782518400000,0.019343,0.01984,0.019343,0.01945,16322958,320006.963145
1782522000000,0.01945,0.019554,0.019333,0.019368,6243202,121241.211999
1782525600000,0.019368,0.01957,0.01935,0.019543,3948782,77032.297242
1782529200000,0.019543,0.019565,0.019396,0.019438,2148432,41844.670237
1782532800000,0.019438,0.019512,0.019343,0.019356,1479719,28785.391219
1782536400000,0.019356,0.019372,0.019281,0.019318,1912163,36952.417502
1782540000000,0.019318,0.019397,0.019241,0.01935,4453452,86024.220192
1782543600000,0.01935,0.019429,0.019296,0.019419,4720831,91429.525168
1782547200000,0.019419,0.019437,0.019333,0.019351,4761617,92376.959677
1782550800000,0.019351,0.019353,0.019234,0.019295,2369948,45673.839866
1782554400000,0.019295,0.019303,0.019246,0.019302,1394728,26893.568406
1782558000000,0.019302,0.019302,0.019166,0.0192,1539637,29580.629804
1782561600000,0.0192,0.019214,0.019146,0.019165,1939645,37189.290152
1782565200000,0.019165,0.019275,0.019141,0.019248,4547003,87314.827939
1782568800000,0.019248,0.019315,0.01921,0.019239,1811222,34875.679478
1782572400000,0.019239,0.019317,0.019107,0.019196,11610268,223097.717148
1782576000000,0.019196,0.019265,0.019172,0.019246,3861572,74203.027001
1782579600000,0.019246,0.019248,0.019046,0.019092,4409192,84230.125212
1782583200000,0.019092,0.019092,0.018998,0.019033,2572995,48976.427924
1782586800000,0.019033,0.01908,0.018762,0.018872,9264610,175215.361959
1782590400000,0.018872,0.018922,0.018851,0.01891,1752986,33093.864092
1782594000000,0.01891,0.018985,0.018791,0.018811,5569235,105064.536663
1782597600000,0.018811,0.01888,0.018713,0.01888,4493727,84452.961578
1782601200000,0.01888,0.018899,0.018801,0.018836,2026806,38204.467854
1782604800000,0.018836,0.018888,0.018822,0.018843,3913103,73784.247091
1782608400000,0.018843,0.018964,0.018818,0.018941,2512647,47472.343571
1782612000000,0.018941,0.019072,0.018896,0.018943,3094364,58711.165722
1782615600000,0.018943,0.019011,0.018926,0.019011,1244461,23604.042524
1782619200000,0.019011,0.01902,0.018939,0.018965,1464630,27798.215274
1782622800000,0.018965,0.018972,0.018816,0.018894,1253016,23668.313823
1782626400000,0.018894,0.018921,0.018766,0.018899,2919646,55028.676602
1782630000000,0.018899,0.019001,0.018896,0.018977,2245307,42537.663352
1782633600000,0.018977,0.01913,0.018956,0.019086,1622612,30919.922797
1782637200000,0.019086,0.019149,0.019029,0.019051,2157390,41145.032532
1782640800000,0.019051,0.019084,0.018997,0.019031,926247,17629.798089
1782644400000,0.019031,0.01908,0.018974,0.019009,1805058,34321.673403
1782648000000,0.019009,0.019063,0.018916,0.018955,2491198,47295.738197
1782651600000,0.018955,0.018958,0.018771,0.018771,6582995,124057.117046
1782655200000,0.018771,0.018875,0.018762,0.018825,4742965,89309.210518
1782658800000,0.018825,0.018911,0.018783,0.018835,5592899,105360.940201
1782662400000,0.018835,0.018861,0.018726,0.018741,2539175,47687.081865
1782666000000,0.018741,0.018838,0.018667,0.018813,4242181,79563.50341
1782669600000,0.018813,0.018833,0.01873,0.018776,879471,16515.033144
1782673200000,0.018776,0.018782,0.018595,0.018602,3890541,72564.429228
1782676800000,0.018602,0.018828,0.018601,0.018757,5976050,111873.404747
1782680400000,0.018757,0.018757,0.01858,0.018619,3360112,62715.949049
1782684000000,0.018619,0.018779,0.018465,0.018517,8509846,158754.837483
1782687600000,0.018517,0.018726,0.018498,0.018654,1794710,33450.425797
1782691200000,0.018654,0.018764,0.018503,0.018764,3397886,63231.951706
1782694800000,0.018764,0.018865,0.018696,0.018844,2730937,51257.674968
1782698400000,0.018844,0.018947,0.01868,0.018895,2641525,49808.705812
1782702000000,0.018895,0.019085,0.018895,0.019029,3664091,69644.720493
1782705600000,0.019029,0.019031,0.018796,0.018842,2851160,53907.775472
1782709200000,0.018842,0.018945,0.018725,0.01894,1738535,32656.412055
1782712800000,0.01894,0.019045,0.0189,0.018931,2023893,38407.47953
1782716400000,0.018931,0.018935,0.018852,0.018906,1071304,20238.987393
1782720000000,0.018906,0.018941,0.01879,0.018801,3683240,69533.639207
1782723600000,0.018801,0.018862,0.018766,0.018835,2418314,45507.538452
1782727200000,0.018835,0.018974,0.018835,0.018901,6000754,113511.943942
1782730800000,0.018901,0.018989,0.018837,0.018872,5559432,105069.998373
1782734400000,0.018872,0.019113,0.018781,0.018846,7642029,144860.956589
1782738000000,0.018846,0.018997,0.018667,0.018793,7770621,146290.57024
1782741600000,0.018793,0.018837,0.018625,0.01871,12848671,240678.178378
1782745200000,0.01871,0.018851,0.018502,0.018794,5544439,103492.525505
1782748800000,0.018794,0.018853,0.018729,0.018826,1209581,22735.755478
1782752400000,0.018826,0.019125,0.018825,0.018997,6239413,118517.083344
1782756000000,0.018997,0.019043,0.018922,0.018942,2592316,49211.917878
1782759600000,0.018942,0.019066,0.018883,0.019005,2497721,47398.508867
1782763200000,0.019005,0.019049,0.018913,0.018918,1220882,23209.587347
1782766800000,0.018918,0.018948,0.018857,0.018932,2766615,52277.016078
1782770400000,0.018932,0.018983,0.018872,0.018872,2438024,46159.525765
1782774000000,0.018872,0.019206,0.018871,0.018936,11903080,226645.764559
1782777600000,0.018936,0.018939,0.018686,0.018688,4225572,79402.665524
1782781200000,0.018688,0.018767,0.01865,0.018723,2602771,48693.568523
1782784800000,0.018723,0.018834,0.01868,0.018819,2033071,38115.289964
1782788400000,0.018819,0.018857,0.018739,0.018807,5409453,101715.056503
1782792000000,0.018807,0.018807,0.018736,0.018797,1721382,32311.989499
1782795600000,0.018797,0.01881,0.018734,0.018798,1208765,22695.243043
1782799200000,0.018798,0.018863,0.018757,0.018762,2890701,54365.537433
1782802800000,0.018762,0.018779,0.018656,0.018672,3278557,61377.992543
1782806400000,0.018672,0.018687,0.018513,0.018591,8208025,152610.033395
1782810000000,0.018591,0.018616,0.0185,0.018592,3178640,59015.428124
1782813600000,0.018592,0.018648,0.018512,0.018602,4262617,79227.199352
1782817200000,0.018602,0.018615,0.018351,0.018411,4302398,79446.765648
1782820800000,0.018411,0.018411,0.01805,0.018067,12503703,227546.036143
1782824400000,0.018067,0.018398,0.018046,0.01832,9000832,163737.314084
1782828000000,0.01832,0.01849,0.018305,0.01837,5693359,104723.725905
1782831600000,0.01837,0.018527,0.018234,0.018459,4306152,79171.280837
1782835200000,0.018459,0.018587,0.018431,0.018523,2548561,47178.997763
1782838800000,0.018523,0.018557,0.018413,0.018424,966664,17864.154149
1782842400000,0.018424,0.01851,0.018388,0.018453,2138307,39434.52968
1782846000000,0.018453,0.018463,0.018331,0.018371,2320481,42667.976566
1782849600000,0.018371,0.018405,0.018238,0.018254,2038639,37318.271862
1782853200000,0.018254,0.018357,0.018151,0.018357,3789059,69036.582738
1782856800000,0.018357,0.01844,0.018327,0.018342,1622918,29824.864203
1782860400000,0.018342,0.018371,0.018263,0.018328,1527658,27985.146424
1782864000000,0.018328,0.018416,0.018319,0.018378,2005832,36838.63739
1782867600000,0.018378,0.01857,0.018023,0.018551,7350930,134334.028941
1782871200000,0.018551,0.018726,0.018506,0.01866,3890954,72520.663475
1782874800000,0.01866,0.018784,0.018529,0.018727,5363851,99820.064643
1782878400000,0.018727,0.019174,0.018727,0.018948,11390947,216518.707139
1782882000000,0.018948,0.018956,0.018782,0.01884,3406810,64298.0899
1782885600000,0.01884,0.018857,0.018579,0.018654,4788253,89433.229034
1782889200000,0.018654,0.018706,0.018531,0.018624,3032990,56430.993401
1782892800000,0.018624,0.01875,0.018503,0.018742,2848584,52989.349811
1782896400000,0.018742,0.018872,0.018722,0.018837,3832823,72136.543557
1782900000000,0.018837,0.018887,0.018712,0.01884,2497701,46984.669318
1782903600000,0.01884,0.018905,0.018747,0.018833,3983271,75076.803506
1782907200000,0.018833,0.018898,0.01875,0.018818,8187257,154234.909229
1782910800000,0.018818,0.019044,0.0187,0.019,15889420,299848.823016
1782914400000,0.019,0.019253,0.01894,0.019197,13719467,262154.532796
1782918000000,0.019197,0.019751,0.019196,0.019635,21112847,411645.181406
1782921600000,0.019635,0.020699,0.019588,0.020147,49883205,1012146.140591
1782925200000,0.020147,0.020436,0.020024,0.02037,14602832,294851.195057
1782928800000,0.02037,0.020446,0.019916,0.020038,19456615,392562.2488
1782932400000,0.020038,0.020266,0.019999,0.020043,6761971,136045.242436
1782936000000,0.020043,0.020888,0.020041,0.020456,21774809,447426.279016
1782939600000,0.020456,0.020561,0.020241,0.020394,5655410,115526.837181
1782943200000,0.020394,0.020454,0.020132,0.020154,7180030,145329.717111
1782946800000,0.020154,0.020154,0.019952,0.020044,4427753,88648.774255
1782950400000,0.020044,0.0201,0.019899,0.020025,5857313,117104.196446
1782954000000,0.020025,0.020362,0.019998,0.020279,6277966,126967.086416
1782957600000,0.020279,0.020479,0.020206,0.02045,6182376,126190.18055
1782961200000,0.02045,0.020567,0.020271,0.020552,8363740,170422.28413
1782964800000,0.020552,0.020584,0.020489,0.02056,3427457,70374.511237
1782968400000,0.02056,0.020599,0.020318,0.020373,3185775,65222.738586
1782972000000,0.020373,0.020392,0.020206,0.020206,3418176,69438.536961
1782975600000,0.020206,0.020237,0.020089,0.020129,3898527,78547.152966
1782979200000,0.020129,0.020174,0.02005,0.020072,2709319,54444.303752
1782982800000,0.020072,0.020216,0.019974,0.020152,5052361,101670.263549
1782986400000,0.020152,0.020218,0.01991,0.01998,8151535,163167.564977
1782990000000,0.01998,0.020113,0.01995,0.019997,5342374,106885.657122
1782993600000,0.019997,0.020206,0.019951,0.020206,5906073,118549.791841
1782997200000,0.020206,0.020501,0.020186,0.020419,11913274,242542.947261
1783000800000,0.020419,0.020571,0.019985,0.020086,9959207,202074.686569
1783004400000,0.020086,0.020255,0.019861,0.019951,13559480,271383.769288
1783008000000,0.019951,0.020159,0.019934,0.02007,4618357,92620.796349
1783011600000,0.02007,0.020209,0.020025,0.020084,2462385,49527.483463
1783015200000,0.020084,0.020107,0.020015,0.020094,4142039,83127.718261
1783018800000,0.020094,0.020634,0.020054,0.020283,22212592,452082.610232
1783022400000,0.020283,0.020404,0.020249,0.020326,3274200,66573.292135
1783026000000,0.020326,0.020419,0.020041,0.020118,5021480,101520.621925
1783029600000,0.020118,0.020123,0.019948,0.020079,6738903,134728.065087
1783033200000,0.020079,0.020081,0.019957,0.01997,3131341,62643.981197
1783036800000,0.01997,0.020035,0.019923,0.02001,3047172,60908.639196
1783040400000,0.02001,0.020334,0.020004,0.020241,2268759,45832.118927
1783044000000,0.020241,0.020328,0.020171,0.020311,1617331,32781.483188
1783047600000,0.020311,0.020393,0.020145,0.020297,4205209,85182.562886
1783051200000,0.020297,0.020384,0.020226,0.020371,3373646,68456.509681
1783054800000,0.020371,0.020565,0.020353,0.020551,7196894,147260.963495
1783058400000,0.020551,0.020958,0.020461,0.020482,10194994,211190.52626
1783062000000,0.020482,0.020575,0.020478,0.020486,3386203,69555.754378
1783065600000,0.020486,0.020486,0.020306,0.020319,3673533,74930.101048
1783069200000,0.020319,0.020381,0.020268,0.020285,1176708,23899.064433
1783072800000,0.020285,0.020494,0.020272,0.020462,2097852,42762.57062
1783076400000,0.020462,0.020627,0.020416,0.020572,3406107,69988.958966
1783080000000,0.020572,0.020825,0.02053,0.020581,7822928,161792.903594
1783083600000,0.020581,0.021157,0.020581,0.020667,12055801,252571.054344
1783087200000,0.020667,0.02077,0.020366,0.020758,8737747,179975.90576
1783090800000,0.020758,0.021137,0.02069,0.020826,6708438,140224.585398
1783094400000,0.020826,0.020907,0.020647,0.020832,5737216,119250.762078
1783098000000,0.020832,0.021004,0.020832,0.020952,3075568,64380.11085
1783101600000,0.020952,0.020961,0.020784,0.020802,2829622,59084.809706
1783105200000,0.020802,0.020851,0.020655,0.020667,2264760,46984.691823
1783108800000,0.020667,0.020856,0.02066,0.020802,1632576,33867.366462
1783112400000,0.020802,0.020849,0.020575,0.020686,4024200,83167.167129
1783116000000,0.020686,0.020686,0.020534,0.020541,2084781,42890.792879
1783119600000,0.020541,0.020541,0.020255,0.020483,10598378,215737.224879
1783123200000,0.020483,0.020648,0.020466,0.020619,5900171,121342.929031
1783126800000,0.020619,0.020619,0.020429,0.020471,2169161,44450.904227
1783130400000,0.020471,0.020489,0.020386,0.020447,2130981,43596.781664
1783134000000,0.020447,0.020579,0.020391,0.020527,1170413,23987.776499
1783137600000,0.020527,0.02058,0.020425,0.020528,1389768,28505.117212
1783141200000,0.020528,0.020528,0.02027,0.020339,6341323,129114.306477
1783144800000,0.020339,0.020441,0.020295,0.020303,2737051,55790.156457
1783148400000,0.020303,0.020326,0.02011,0.020299,7955366,160853.526762
1783152000000,0.020299,0.020414,0.020233,0.020318,1125295,22870.802561
1783155600000,0.020318,0.020339,0.02019,0.02022,2286703,46282.181174
1783159200000,0.02022,0.020679,0.020192,0.020548,10723510,219518.18855
1783162800000,0.020548,0.020766,0.020513,0.020637,6404627,132380.596741
1783166400000,0.020637,0.020821,0.020622,0.020803,4758772,98355.967875
1783170000000,0.020803,0.020817,0.020565,0.020661,2246147,46480.584164
1783173600000,0.020661,0.020711,0.020589,0.020636,1086243,22433.631861
1783177200000,0.020636,0.020754,0.020601,0.020636,7283232,150677.953587
1783180800000,0.020636,0.020665,0.02056,0.020576,2052983,42313.650065
1783184400000,0.020576,0.020724,0.020524,0.020696,1684832,34786.649578
1783188000000,0.020696,0.0207,0.020541,0.020569,2613642,53930.664304
1783191600000,0.020569,0.020679,0.020538,0.020651,2793457,57584.70121
1783195200000,0.020651,0.020947,0.020647,0.020669,8377143,174508.079579
1783198800000,0.020669,0.020878,0.020663,0.020769,1581064,32877.818336
1783202400000,0.020769,0.020944,0.020734,0.02091,2450712,51096.140039
1783206000000,0.02091,0.021128,0.020844,0.021109,4626128,97152.127097
1783209600000,0.021109,0.021306,0.020977,0.02099,8509772,180079.175604
1783213200000,0.02099,0.02105,0.020646,0.020683,8065495,167662.21194
1783216800000,0.020683,0.020709,0.020403,0.02042,3209743,65906.664241
1783220400000,0.02042,0.02053,0.02038,0.020441,3279758,67107.450832
1783224000000,0.020441,0.02058,0.02039,0.020423,3931353,80450.321974
1783227600000,0.020423,0.020426,0.020296,0.020326,1526085,31050.872163
1783231200000,0.020326,0.020378,0.020254,0.020363,2380402,48341.445705
1783234800000,0.020363,0.020454,0.0203,0.020432,2521558,51257.924468
1783238400000,0.020432,0.020495,0.020377,0.020378,2128086,43480.163986
1783242000000,0.020378,0.020446,0.020116,0.020269,3625149,73537.559439
1783245600000,0.020269,0.020334,0.02022,0.020319,1341669,27222.845403
1783249200000,0.020319,0.02034,0.020239,0.020285,1168315,23709.210455
1783252800000,0.020285,0.020351,0.02014,0.020343,1731153,35028.6887
1783256400000,0.020343,0.020484,0.020238,0.020473,1798168,36618.676876
1783260000000,0.020473,0.02061,0.020368,0.02061,2898807,59312.651756
1783263600000,0.02061,0.020748,0.020444,0.02051,4864137,100057.66221
1783267200000,0.02051,0.020525,0.020373,0.020405,1869707,38193.268838
1783270800000,0.020405,0.020507,0.020349,0.02035,1087077,22185.778476
1783274400000,0.02035,0.020594,0.02035,0.020561,1309243,26815.721224
1783278000000,0.020561,0.020638,0.020497,0.020514,2335127,47994.996813
1783281600000,0.020514,0.0207,0.020514,0.020695,1078260,22229.18324
1783285200000,0.020695,0.02129,0.020597,0.021212,4111642,86463.806259
1783288800000,0.021212,0.021718,0.021104,0.021364,20252413,433241.724975
1783292400000,0.021364,0.021763,0.021329,0.021571,10103674,218186.528448
1783296000000,0.021571,0.021865,0.02142,0.021594,15093644,326194.336656
1783299600000,0.021594,0.02169,0.021375,0.021512,10409049,224220.253244
1783303200000,0.021512,0.022552,0.021348,0.022203,88974515,1968466.195425
1783306800000,0.022203,0.022462,0.022001,0.02235,30581238,679971.81391
1783310400000,0.02235,0.022469,0.021902,0.021907,16194029,358327.391509
1783314000000,0.021907,0.021975,0.021692,0.021768,15772920,344067.824589
1783317600000,0.021768,0.021982,0.021738,0.021973,3697665,80792.4448
1783321200000,0.021973,0.022405,0.021772,0.022066,16623992,366823.573094
1783324800000,0.022066,0.022386,0.021958,0.022379,13499131,299501.282333
1783328400000,0.022379,0.022379,0.022176,0.022337,15236096,339611.927913
1783332000000,0.022337,0.022943,0.02233,0.022746,24183176,547543.043465
1783335600000,0.022746,0.023261,0.022683,0.022814,21925697,503417.702809
1783339200000,0.022814,0.022853,0.022047,0.022253,30282399,678378.585302
1783342800000,0.022253,0.023121,0.022148,0.02307,24029263,545593.338596
1783346400000,0.02307,0.023333,0.022783,0.023214,26415202,609303.944227
1783350000000,0.023214,0.024667,0.023139,0.024391,62971710,1507672.163897
1783353600000,0.024391,0.024457,0.023314,0.023478,65926697,1572382.311717
1783357200000,0.023478,0.024128,0.023252,0.023825,59583748,1411131.913928
1783360800000,0.023825,0.02462,0.023822,0.02425,34961913,850606.456015
1783364400000,0.02425,0.024381,0.023899,0.02412,15949867,385404.308807
1783368000000,0.02412,0.024862,0.024047,0.024516,25181299,617159.77578
1783371600000,0.024516,0.025284,0.024459,0.025243,23228630,578536.186388
1783375200000,0.025243,0.025267,0.024671,0.024976,14286162,356338.359145
1783378800000,0.024976,0.025385,0.024732,0.024969,34320853,859820.798877
1783382400000,0.024969,0.025253,0.024598,0.025098,17432388,434369.348536
1783386000000,0.025098,0.025266,0.024652,0.024978,16901818,421272.757209
1783389600000,0.024978,0.025128,0.024342,0.024589,27023997,669098.768517
1783393200000,0.024589,0.0246,0.02413,0.024454,12335512,300182.721876
1783396800000,0.024454,0.024874,0.024322,0.02457,24298357,597652.34758
1783400400000,0.02457,0.024577,0.02421,0.024329,10221207,249504.499708
1783404000000,0.024329,0.025407,0.024276,0.025171,30929860,774104.871603
1783407600000,0.025171,0.025222,0.024519,0.024924,18358831,456534.898634
1783411200000,0.024924,0.025081,0.024622,0.024634,13537292,336453.191847
1783414800000,0.024634,0.024885,0.024501,0.024724,7697311,189786.553008
1783418400000,0.024724,0.024751,0.024052,0.024381,17160231,418018.910049
1783422000000,0.024381,0.0252,0.024227,0.025122,21227379,523680.915153
1783425600000,0.025122,0.025466,0.024975,0.02503,17337824,437585.405184
1783429200000,0.02503,0.025294,0.024695,0.024783,20859182,520176.624932
1783432800000,0.024783,0.025128,0.024211,0.024987,21264725,524686.319658
1783436400000,0.024987,0.025431,0.024718,0.024959,21926122,550173.586854
1783440000000,0.024959,0.025738,0.024418,0.025672,32710769,825984.420358
1783443600000,0.025672,0.026224,0.025579,0.025773,29056606,751923.777053
1783447200000,0.025773,0.025817,0.025232,0.025269,16470633,420842.112531
1783450800000,0.025269,0.025543,0.024814,0.024896,12337735,311423.988156
1783454400000,0.024896,0.02494,0.024382,0.024563,11087138,272976.224969
1783458000000,0.024563,0.024696,0.023729,0.024233,18126668,437515.807242
1783461600000,0.024233,0.024661,0.024044,0.02459,11055044,269874.468357
1783465200000,0.02459,0.024733,0.024345,0.024383,5985269,146856.168023
1783468800000,0.024383,0.024806,0.024217,0.024705,11661335,285491.232913
1783472400000,0.024705,0.024749,0.024179,0.024325,14326813,349858.414862
1783476000000,0.024325,0.024902,0.024074,0.024626,20559393,504820.98769
1783479600000,0.024626,0.025018,0.024313,0.024347,8106302,199745.493235
1783483200000,0.024347,0.024596,0.023979,0.024297,12948552,314185.483959
1783486800000,0.024297,0.024632,0.024297,0.024551,8729749,213379.892372
1783490400000,0.024551,0.024558,0.023891,0.02409,12719449,306791.283787
1783494000000,0.02409,0.024499,0.024055,0.024138,8512834,206417.517494
1783497600000,0.024138,0.024572,0.023258,0.023615,55106466,1303404.740899
1783501200000,0.023615,0.024156,0.023349,0.023933,34728612,824116.095573
1783504800000,0.023933,0.023997,0.023504,0.023765,19718160,467192.853266
1783508400000,0.023765,0.024118,0.023675,0.023849,11841536,283079.148009
1783512000000,0.023849,0.024272,0.023738,0.023862,21187068,507805.398656
1783515600000,0.023862,0.0242,0.023636,0.023817,17577348,419573.130889
1783519200000,0.023817,0.024053,0.023553,0.023624,20384018,484442.860386
1783522800000,0.023624,0.023639,0.023232,0.023375,9307859,217398.883312
1783526400000,0.023375,0.023841,0.023221,0.02358,10597286,249229.66304
1783530000000,0.02358,0.02361,0.022919,0.022979,13999543,325044.519816
1783533600000,0.022979,0.023193,0.022753,0.022981,30712539,705264.645823
1783537200000,0.022981,0.023098,0.022897,0.022898,2129743,49035.296594
1783540800000,0.022898,0.022986,0.022675,0.022713,4746502,108476.190414
1783544400000,0.022713,0.022736,0.022347,0.022667,17439895,392364.082128
1783548000000,0.022667,0.023044,0.022657,0.022915,9275481,212341.945738
1783551600000,0.022915,0.023213,0.022886,0.023079,9636265,222307.375167
1783555200000,0.023079,0.023207,0.022775,0.022841,8615567,197847.85675
1783558800000,0.022841,0.023177,0.022778,0.02287,6575254,151152.620176
1783562400000,0.02287,0.023034,0.022754,0.022816,3041702,69600.559326
1783566000000,0.022816,0.02303,0.022772,0.022806,5963913,136494.439267
1783569600000,0.022806,0.023091,0.022731,0.023017,9196427,210629.219883
1783573200000,0.023017,0.023511,0.022969,0.023257,18458820,429457.784292
1783576800000,0.023257,0.02388,0.023201,0.02367,13581396,321055.713407
1783580400000,0.02367,0.023771,0.023414,0.023486,6730167,158518.497083
1783584000000,0.023486,0.023562,0.023322,0.023443,3589932,84001.473749
1783587600000,0.023443,0.023636,0.023221,0.023387,12817849,299978.544695
1783591200000,0.023387,0.023502,0.023164,0.023244,5468344,127447.965902
1783594800000,0.023244,0.023314,0.022758,0.022869,25842456,594126.896494
1783598400000,0.022869,0.023223,0.022786,0.023107,14131624,325730.660482
1783602000000,0.023107,0.023459,0.023017,0.0233,8724011,202807.032086
1783605600000,0.0233,0.023443,0.023196,0.023296,6027193,140595.330345
1783609200000,0.023296,0.023653,0.023062,0.023127,9505246,221794.907707
1783612800000,0.023127,0.0232,0.022952,0.023065,9089514,209550.881157
1783616400000,0.023065,0.02334,0.023008,0.023324,4104705,95374.524604
1783620000000,0.023324,0.023563,0.023311,0.023502,3150173,73917.807577
1783623600000,0.023502,0.023733,0.023241,0.023265,12418185,291099.055393
1783627200000,0.023265,0.023299,0.023168,0.023217,3007383,69816.617683
1783630800000,0.023217,0.023281,0.023023,0.0231,3110270,72095.720892
1783634400000,0.0231,0.023375,0.022918,0.023154,13444305,311155.527199
1783638000000,0.023154,0.023204,0.023051,0.023074,1003649,23200.838986
1783641600000,0.023074,0.023096,0.022831,0.022892,5932644,136163.878937
1783645200000,0.022892,0.023349,0.022793,0.023216,7040441,162852.474103
1783648800000,0.023216,0.023633,0.023095,0.023318,13152580,307286.644328
1783652400000,0.023318,0.023336,0.023152,0.023209,4045807,93931.576625
1783656000000,0.023209,0.023444,0.023163,0.023436,6052223,140771.014864
1783659600000,0.023436,0.023581,0.02339,0.023581,6830083,160192.690295
1783663200000,0.023581,0.023787,0.023337,0.023388,7980286,187910.300765
1783666800000,0.023388,0.023403,0.022505,0.022584,19281651,441182.577824
1783670400000,0.022584,0.022941,0.022484,0.022766,8417625,191491.535527
1783674000000,0.022766,0.022857,0.022528,0.022707,8139725,184887.221632
1783677600000,0.022707,0.023013,0.022692,0.022742,8130665,185617.052533
1783681200000,0.022742,0.022841,0.022699,0.022776,5310405,120787.059344
1783684800000,0.022776,0.023182,0.022681,0.0229,7598107,173903.38787
1783688400000,0.0229,0.023019,0.022797,0.022886,5761688,131765.555835
1783692000000,0.022886,0.02296,0.022495,0.02265,9619169,217884.508469
1783695600000,0.02265,0.022799,0.022419,0.022632,6851211,154787.528009
1783699200000,0.022632,0.023,0.022482,0.02284,14398098,327293.815028
1783702800000,0.02284,0.022939,0.022598,0.022626,6249361,142232.35142
1783706400000,0.022626,0.022739,0.022511,0.022523,2313349,52367.615016
1783710000000,0.022523,0.022692,0.022455,0.022611,1772817,40072.359827
1783713600000,0.022611,0.022689,0.022555,0.022586,1346264,30433.640866
1783717200000,0.022586,0.022844,0.022583,0.022838,1953531,44455.330838
1783720800000,0.022838,0.02309,0.022821,0.022984,3021868,69437.014891
1783724400000,0.022984,0.023035,0.022916,0.02296,3025803,69516.600875
1783728000000,0.02296,0.022999,0.02275,0.022911,2387063,54645.760193
1783731600000,0.022911,0.023952,0.022909,0.023926,27205137,638737.732643
1783735200000,0.023926,0.024184,0.023443,0.023589,18254653,435225.664387
1783738800000,0.023589,0.023625,0.02326,0.023284,6723166,157227.4543
1783742400000,0.023284,0.023839,0.023231,0.023401,13062568,308392.650613
1783746000000,0.023401,0.023676,0.023232,0.02324,6967228,163238.469299
1783749600000,0.02324,0.023255,0.023001,0.023123,6108406,141390.383626
1783753200000,0.023123,0.023197,0.023045,0.023091,5525360,127648.532267
1783756800000,0.023091,0.023155,0.023014,0.023067,2640492,60945.511393
1783760400000,0.023067,0.023156,0.023037,0.02305,1832974,42326.279047
1783764000000,0.02305,0.023073,0.022871,0.022891,5953925,136810.072878
1783767600000,0.022891,0.022989,0.022879,0.022981,2143033,49164.692489
1783771200000,0.022981,0.023063,0.02295,0.023028,2608135,60030.978384
1783774800000,0.023028,0.023192,0.022859,0.022866,8033014,184669.240801
1783778400000,0.022866,0.023134,0.022842,0.022977,4480770,103036.891853
1783782000000,0.022977,0.023019,0.022666,0.02271,7865988,179582.77569
1783785600000,0.02271,0.022803,0.022612,0.022661,1578461,35836.228381
1783789200000,0.022661,0.022859,0.022646,0.022752,3951101,89797.708825
1783792800000,0.022752,0.022814,0.022615,0.022666,8352086,189648.993894
1783796400000,0.022666,0.022695,0.022575,0.022647,1162582,26323.780024
1783800000000,0.022647,0.022858,0.022616,0.022756,1458313,33175.05112
1783803600000,0.022756,0.022868,0.022622,0.022648,1883658,42824.224311
1783807200000,0.022648,0.022713,0.022454,0.022487,4769124,107474.372966
1783810800000,0.022487,0.022562,0.022172,0.02225,12403771,276357.794655
1783814400000,0.02225,0.022495,0.022197,0.022451,4404364,98421.641261
1783818000000,0.022451,0.02256,0.022355,0.0225,3532645,79377.096423
1783821600000,0.0225,0.022705,0.02233,0.022395,5396532,121226.560511
1783825200000,0.022395,0.02255,0.022364,0.022536,1891250,42499.474324
1783828800000,0.022536,0.022562,0.022373,0.022419,1176362,26428.07416
1783832400000,0.022419,0.022447,0.022309,0.022404,1270975,28416.80461
1783836000000,0.022404,0.022406,0.022144,0.022242,3381607,75135.161855
1783839600000,0.022242,0.02231,0.022134,0.022164,2524155,56059.93359
1783843200000,0.022164,0.022311,0.022144,0.022219,1612537,35840.232721
1783846800000,0.022219,0.02226,0.022079,0.022204,2500439,55466.067478
1783850400000,0.022204,0.022241,0.022168,0.02221,804764,17874.340189
1783854000000,0.02221,0.022431,0.02221,0.022417,2273710,50758.518604
1783857600000,0.022417,0.02282,0.022377,0.022538,8638198,195450.092574
1783861200000,0.022538,0.023167,0.0225,0.023068,11587806,265671.191017
1783864800000,0.023068,0.023237,0.022926,0.02309,8321872,192088.582208
1783868400000,0.02309,0.023161,0.022862,0.022917,4613315,106038.171488
1783872000000,0.022917,0.022991,0.022776,0.022934,3603461,82442.124071
1783875600000,0.022934,0.023029,0.022872,0.022927,1937171,44440.980179
1783879200000,0.022927,0.023287,0.022921,0.023209,5091167,117748.484697
1783882800000,0.023209,0.023566,0.023037,0.023151,9526601,221899.105542
1783886400000,0.023151,0.023151,0.022978,0.022987,2137501,49288.448856
1783890000000,0.022987,0.02303,0.022833,0.022904,1586495,36383.672936
1783893600000,0.022904,0.022904,0.022679,0.022824,4755154,108294.291206
1783897200000,0.022824,0.02287,0.022756,0.022772,1754612,40008.084297
1783900800000,0.022772,0.023197,0.022703,0.022846,9516553,218374.648179
1783904400000,0.022846,0.022846,0.022459,0.02248,6905511,156352.131128
1783908000000,0.02248,0.022724,0.022453,0.022647,4135113,93469.698446
1783911600000,0.022647,0.022664,0.021953,0.02205,11024645,244974.863173
1783915200000,0.02205,0.022225,0.022013,0.0221,4959011,109725.238841
1783918800000,0.0221,0.022362,0.022031,0.022211,7502213,166669.175934
1783922400000,0.022211,0.022305,0.022176,0.022182,3117740,69336.920335
1783926000000,0.022182,0.022321,0.022165,0.02226,1945335,43299.089071
1783929600000,0.02226,0.022369,0.022253,0.022277,716453,15975.665881
1783933200000,0.022277,0.022285,0.022101,0.022138,3907053,86722.648796
1783936800000,0.022138,0.022177,0.022093,0.022127,1769635,39205.041621
1783940400000,0.022127,0.022175,0.022078,0.022102,1717346,38015.334126
1783944000000,0.022102,0.022147,0.021639,0.021852,16645766,362939.348517
1783947600000,0.021852,0.021899,0.021614,0.021754,10352994,225312.703143
1783951200000,0.021754,0.021962,0.021643,0.021931,4622048,100938.380251
1783954800000,0.021931,0.022182,0.021903,0.021982,4202206,92580.20953
1783958400000,0.021982,0.022296,0.021947,0.022014,10082919,222706.371913
1783962000000,0.022014,0.022129,0.021838,0.021979,6330512,139188.081851
1783965600000,0.021979,0.022182,0.021979,0.022079,3559087,78640.895423
1783969200000,0.022079,0.022151,0.021907,0.021957,3185848,70027.0787
1783972800000,0.021957,0.021957,0.021792,0.021869,7550271,165196.669268
1783976400000,0.021869,0.021979,0.021791,0.021856,2334503,51117.830969
1783980000000,0.021856,0.022147,0.021837,0.022006,6646118,146275.305642
1783983600000,0.022006,0.022274,0.02194,0.022271,4703851,104003.149783
1783987200000,0.022271,0.022315,0.022159,0.022281,3564566,79302.32201
1783990800000,0.022281,0.022354,0.022151,0.022166,3367401,74974.265677
1783994400000,0.022166,0.022168,0.021969,0.021969,4291810,94564.295448
1783998000000,0.021969,0.022023,0.021904,0.021997,3074159,67507.956312
1784001600000,0.021997,0.022169,0.021981,0.022061,843691,18612.897846
1784005200000,0.022061,0.022363,0.022047,0.022363,1944849,43245.084869
1784008800000,0.022363,0.022545,0.02233,0.022545,4389606,98453.554732
1784012400000,0.022545,0.022563,0.022417,0.022438,1854827,41735.754544
1784016000000,0.022438,0.022829,0.022414,0.02261,5148907,116790.573283
1784019600000,0.02261,0.022671,0.022483,0.022497,2816250,63575.002809
1784023200000,0.022497,0.022811,0.022383,0.022433,12735159,286944.424727
1784026800000,0.022433,0.02267,0.022428,0.02265,4371855,98724.765905
1784030400000,0.02265,0.023781,0.022643,0.023661,45380568,1056184.593667
1784034000000,0.023661,0.023703,0.022945,0.023006,58875728,1361290.578875
1784037600000,0.023006,0.023214,0.022674,0.023037,33291515,763122.21283
1784041200000,0.023037,0.023037,0.022786,0.02283,6503788,148927.502103
1784044800000,0.02283,0.02314,0.02276,0.022864,7516733,172364.470475
1784048400000,0.022864,0.022889,0.022569,0.022598,14229107,323098.445792
1784052000000,0.022598,0.022665,0.022349,0.022504,14305136,321361.949182
1784055600000,0.022504,0.022531,0.022358,0.022514,4534864,101802.50448
1784059200000,0.022514,0.022597,0.022483,0.022578,2507181,56529.663926
1784062800000,0.022578,0.022588,0.022388,0.022419,4433413,99656.074515
1784066400000,0.022419,0.022706,0.022348,0.022652,6596325,148594.68003
1784070000000,0.022652,0.022809,0.022623,0.022653,3704767,84088.769795
1784073600000,0.022653,0.022896,0.022617,0.022765,8841936,201253.053117
1784077200000,0.022765,0.0229,0.022597,0.022653,4459547,101393.927392
1784080800000,0.022653,0.022692,0.022578,0.022678,3049901,69035.365265
1784084400000,0.022678,0.022812,0.022643,0.022803,3632553,82624.073655
1784088000000,0.022803,0.023123,0.02272,0.023037,8235398,188728.24599
1784091600000,0.023037,0.023331,0.022854,0.023298,9335971,215682.415973
1784095200000,0.023298,0.023409,0.022813,0.022825,13298226,306657.712584
1784098800000,0.022825,0.02292,0.022584,0.022588,6941308,157707.785963
1784102400000,0.022588,0.022797,0.022408,0.022551,10815427,243905.630268
1784106000000,0.022551,0.022574,0.022372,0.022505,5790940,130078.094281
1784109600000,0.022505,0.02274,0.02245,0.022495,5310059,119839.210578
1784113200000,0.022495,0.022524,0.022459,0.022487,2145907,48262.022785
1784116800000,0.022487,0.022795,0.022435,0.022771,5023041,113452.416388
1784120400000,0.022771,0.022939,0.022635,0.022673,12448552,284151.358272
1784124000000,0.022673,0.02288,0.022611,0.022668,11825610,268563.072623
1784127600000,0.022668,0.022769,0.022541,0.022769,2903289,65829.217029
1784131200000,0.022769,0.022779,0.022369,0.022421,13310613,299143.636357
1784134800000,0.022421,0.02266,0.022404,0.022507,4492067,101057.348445
1784138400000,0.022507,0.022586,0.022208,0.022217,8838187,197371.098857
1784142000000,0.022217,0.022302,0.022109,0.022266,5056739,112265.700746
1784145600000,0.022266,0.02242,0.022236,0.022266,3090711,68972.974426
1784149200000,0.022266,0.022445,0.022261,0.022407,1740384,38943.371406
1784152800000,0.022407,0.022608,0.022285,0.022345,3319747,74537.552049
1784156400000,0.022345,0.022445,0.022243,0.022281,1315878,29382.785898
1784160000000,0.022281,0.022365,0.02221,0.022231,2150780,47888.941074
1784163600000,0.022231,0.022351,0.02208,0.022319,2924677,64925.768081
1784167200000,0.022319,0.022349,0.022206,0.02225,2141411,47697.191796
1784170800000,0.02225,0.022266,0.02211,0.022155,964422,21397.15773
1784174400000,0.022155,0.022264,0.0221,0.022246,2968967,65814.432168
1784178000000,0.022246,0.022538,0.022243,0.0224,6510169,145832.809257
1784181600000,0.0224,0.022455,0.022221,0.022293,2309388,51587.094335
1784185200000,0.022293,0.022312,0.021971,0.022082,8683782,191899.307492
1784188800000,0.022082,0.022088,0.021845,0.02203,10484939,230341.967647
1784192400000,0.02203,0.022136,0.021983,0.021988,7202840,158831.718237
1784196000000,0.021988,0.022279,0.021961,0.022197,3444183,76134.067424
1784199600000,0.022197,0.022361,0.0221,0.02215,9324422,207201.219898
1784203200000,0.02215,0.022345,0.022148,0.022307,3829891,85266.190677
1784206800000,0.022307,0.022344,0.022166,0.022203,1777076,39579.815863
1784210400000,0.022203,0.022547,0.022186,0.022381,9022889,202344.561577
1784214000000,0.022381,0.022381,0.021956,0.022006,9429132,208369.483131
1784217600000,0.022006,0.022075,0.021966,0.021986,1979187,43542.311664
1784221200000,0.021986,0.021996,0.02145,0.021552,12580027,272786.436242
1784224800000,0.021552,0.021725,0.021482,0.021537,7968239,171775.787016
1784228400000,0.021537,0.021574,0.021426,0.021493,2478258,53281.670768
1784232000000,0.021493,0.021579,0.021363,0.021545,3606844,77543.469274
1784235600000,0.021545,0.021659,0.02153,0.021554,2979872,64367.040001
1784239200000,0.021554,0.021602,0.021423,0.021442,2071710,44531.970583
1784242800000,0.021442,0.021574,0.021324,0.021543,3640700,78012.360393
1784246400000,0.021543,0.021697,0.02138,0.021623,5486038,118404.272253
1784250000000,0.021623,0.021756,0.021533,0.021593,4758118,103180.039861
1784253600000,0.021593,0.021837,0.021569,0.021761,3243586,70472.205788
1784257200000,0.021761,0.021972,0.021745,0.021873,2983834,65237.086307
1784260800000,0.021873,0.022067,0.021802,0.021983,2514114,55106.321538
1784264400000,0.021983,0.021983,0.02173,0.021904,3281224,71783.42701
1784268000000,0.021904,0.022122,0.021824,0.021981,2651121,58182.697643
1784271600000,0.021981,0.022019,0.021819,0.021819,2606861,57128.505344
1784275200000,0.021819,0.021863,0.0217,0.021833,5152166,112265.115823
1784278800000,0.021833,0.02199,0.021655,0.021655,21572784,470401.117954
1784282400000,0.021655,0.021745,0.021552,0.02163,17554224,379905.878254
1784286000000,0.02163,0.02169,0.02148,0.021636,9371880,202159.855412
1784289600000,0.021636,0.021744,0.021562,0.021737,3681595,79634.321205
1784293200000,0.021737,0.021754,0.021448,0.021644,15902654,342569.520431
1784296800000,0.021644,0.021958,0.021642,0.02192,8541926,186561.811116
1784300400000,0.02192,0.021976,0.021838,0.021948,3094073,67735.217665
1784304000000,0.021948,0.022172,0.021894,0.022116,2876652,63349.320279
1784307600000,0.022116,0.022302,0.022065,0.022081,3325887,73809.809529
1784311200000,0.022081,0.022255,0.022075,0.022198,5034642,111567.169666
1784314800000,0.022198,0.022222,0.021914,0.022032,4639690,102303.598748
1784318400000,0.022032,0.022032,0.021913,0.021992,3412902,74933.741099
1784322000000,0.021992,0.022031,0.021918,0.021924,1367203,30042.084767
1784325600000,0.021924,0.021977,0.021866,0.021873,1185040,25964.096086
1784329200000,0.021873,0.021946,0.021843,0.021918,2616712,57308.481884
1784332800000,0.021918,0.022066,0.021888,0.021914,3157245,69401.116853
1784336400000,0.021914,0.021933,0.02181,0.021917,5074536,110943.540051
1784340000000,0.021917,0.021957,0.021801,0.021814,2134663,46687.842258
1784343600000,0.021814,0.021855,0.021772,0.021812,3519487,76717.636648
1784347200000,0.021812,0.021812,0.021703,0.021731,1556233,33845.136671
1784350800000,0.021731,0.021731,0.0216,0.021697,2394489,51894.791724
1784354400000,0.021697,0.021718,0.021533,0.021581,5759940,124346.067355
1784358000000,0.021581,0.021612,0.02153,0.02157,2166337,46735.721655
1784361600000,0.02157,0.02167,0.021559,0.021592,2682769,57986.652621
1784365200000,0.021592,0.021595,0.02145,0.021485,4529015,97345.621432
1784368800000,0.021485,0.02174,0.021474,0.021524,3706603,80057.80467
1784372400000,0.021524,0.021564,0.021489,0.021498,1007831,21701.874578
1784376000000,0.021498,0.021611,0.021392,0.021485,3927726,84461.155916
1784379600000,0.021485,0.021492,0.021403,0.021412,1322140,28344.497824
1784383200000,0.021412,0.02157,0.021411,0.021534,1514733,32548.584421
1784386800000,0.021534,0.021585,0.021448,0.02147,1775393,38176.728218
1784390400000,0.02147,0.02147,0.021264,0.021308,5919251,126407.448493
1784394000000,0.021308,0.021381,0.021225,0.021365,3938689,83846.72283
1784397600000,0.021365,0.021396,0.021192,0.021235,3766096,80169.034159
1784401200000,0.021235,0.02133,0.021203,0.021306,2055051,43698.099442
1784404800000,0.021306,0.02151,0.021269,0.021323,5544564,118516.306066
1784408400000,0.021323,0.02141,0.021251,0.021397,3891657,82949.36467
1784412000000,0.021397,0.021624,0.021394,0.02162,8320633,179220.967032
1784415600000,0.02162,0.021657,0.021498,0.021558,4332860,93429.320291
1784419200000,0.021558,0.021594,0.021441,0.02156,3330064,71705.556452
1784422800000,0.02156,0.021581,0.021385,0.021424,2856715,61316.212816
1784426400000,0.021424,0.021601,0.021424,0.021582,2220299,47833.295464
1784430000000,0.021582,0.021621,0.021383,0.021434,2758032,59190.218124
1784433600000,0.021434,0.0215,0.021379,0.021441,1910818,40940.645644
1784437200000,0.021441,0.021637,0.021426,0.021426,3743834,80610.191094
1784440800000,0.021426,0.021437,0.021378,0.021437,640094,13703.512557
1784444400000,0.021437,0.021459,0.021354,0.021379,1256196,26904.754412
1784448000000,0.021379,0.021413,0.021311,0.021383,1519744,32470.836978
1784451600000,0.021383,0.021383,0.021212,0.021288,1462865,31136.845413
1784455200000,0.021288,0.021353,0.021252,0.021314,2525167,53817.720546
1784458800000,0.021314,0.021323,0.02112,0.021161,3123830,66264.974504
1784462400000,0.021161,0.021235,0.021068,0.02117,4532555,95724.140577
1784466000000,0.02117,0.02131,0.021134,0.021272,3483192,73938.905619
1784469600000,0.021272,0.021317,0.021182,0.021248,1791484,38105.090592
1784473200000,0.021248,0.021256,0.021199,0.021221,457556,9709.789401
1784476800000,0.021221,0.021328,0.021182,0.021221,2069476,44031.33526
1784480400000,0.021221,0.021329,0.021165,0.021256,2651448,56359.877778
1784484000000,0.021256,0.021256,0.02103,0.021118,4701530,99072.854585
1784487600000,0.021118,0.021234,0.021091,0.021197,1510327,31984.132884
1784491200000,0.021197,0.02127,0.021197,0.021241,1031247,21900.54169
1784494800000,0.021241,0.021263,0.0211,0.021106,794013,16825.624848
1784498400000,0.021106,0.021264,0.021034,0.02122,2514089,53186.284641
1784502000000,0.02122,0.021248,0.021121,0.02121,1193704,25291.424885
1784505600000,0.02121,0.021456,0.021133,0.021178,5162733,110057.857131
1784509200000,0.021178,0.021354,0.021029,0.021095,2257285,47808.748599
1784512800000,0.021095,0.021174,0.020947,0.021049,3490670,73481.079004
1784516400000,0.021049,0.021199,0.020963,0.02114,3533367,74460.91063
1784520000000,0.02114,0.021346,0.021091,0.021266,4347194,92523.302248
1784523600000,0.021266,0.02136,0.021165,0.021294,3796983,80829.597894
1784527200000,0.021294,0.021474,0.021234,0.021405,5403925,115614.945116
1784530800000,0.021405,0.021717,0.02129,0.021595,12594570,271662.370617
1784534400000,0.021595,0.022007,0.021547,0.021713,14064226,306593.883331
1784538000000,0.021713,0.021851,0.021478,0.021487,10974104,237281.390382
1784541600000,0.021487,0.021529,0.021316,0.021348,5511201,118096.375988
1784545200000,0.021348,0.021562,0.021296,0.021539,3469538,74311.050798
1784548800000,0.021539,0.021559,0.021448,0.021503,2102163,45187.737886
1784552400000,0.021503,0.02162,0.021369,0.021406,3496524,75210.535038
1784556000000,0.021406,0.021507,0.02127,0.021291,3908369,83642.503044
1784559600000,0.021291,0.021728,0.021278,0.021711,4532024,97529.981982
1784563200000,0.021711,0.02271,0.021646,0.022607,39279219,875313.153762
1784566800000,0.022607,0.022734,0.022284,0.022697,10124689,227787.369377
1784570400000,0.022697,0.022795,0.022357,0.022417,12755103,287236.4074
1784574000000,0.022417,0.0226,0.022303,0.022594,4394927,98519.055859
1784577600000,0.022594,0.022935,0.022451,0.02291,7430726,168485.073279
1784581200000,0.02291,0.023666,0.02291,0.023373,21703188,505597.598752
1784584800000,0.023373,0.02338,0.022824,0.022925,15055002,346683.536659
1784588400000,0.022925,0.022925,0.022791,0.022856,5629954,128643.509202
1784592000000,0.022856,0.023233,0.022742,0.023198,11403685,262645.105118
1784595600000,0.023198,0.023491,0.023079,0.02319,12587400,293561.447481
1784599200000,0.02319,0.023216,0.022434,0.022563,18399658,417455.405514
1784602800000,0.022563,0.022708,0.022563,0.022595,4747528,107416.358898
1784606400000,0.022595,0.022643,0.022563,0.022565,2182747,49307.086077
1784610000000,0.022565,0.022823,0.022563,0.022793,4390479,99409.369023
1784613600000,0.022793,0.023005,0.022785,0.022797,8830236,202527.03531
1784617200000,0.022797,0.022965,0.022609,0.02275,4665803,106166.249451
1784620800000,0.02275,0.022952,0.022701,0.022951,3273416,74661.387582
1784624400000,0.022951,0.023153,0.022693,0.022859,8233274,188250.107571
1784628000000,0.022859,0.023037,0.02277,0.022853,8492445,194606.797617
1784631600000,0.022853,0.022875,0.022682,0.022707,2833689,64503.377207
1784635200000,0.022707,0.022948,0.022619,0.022942,2166598,49295.972155
1784638800000,0.022942,0.023086,0.022729,0.02282,6354045,145661.047686
1784642400000,0.02282,0.022899,0.022721,0.02276,3638890,82960.462756
1784646000000,0.02276,0.023218,0.022716,0.023194,6842696,157525.205468
1784649600000,0.023194,0.023294,0.022849,0.022904,6146603,141836.311127
1784653200000,0.022904,0.022959,0.022631,0.022833,5160278,117520.242571
1784656800000,0.022833,0.023204,0.022816,0.02315,5662535,130725.120762
1784660400000,0.02315,0.023439,0.02315,0.023403,7766581,181142.049975
1784664000000,0.023403,0.023673,0.023333,0.023348,8310697,195292.497556
1784667600000,0.023348,0.023432,0.023278,0.023297,2144451,50085.362153
1784671200000,0.023297,0.023298,0.022925,0.022974,3858916,88937.342539
1784674800000,0.022974,0.022987,0.022869,0.022926,2313721,53037.880737
1784678400000,0.022926,0.022926,0.022714,0.022872,7447540,170015.766706
1784682000000,0.022872,0.022887,0.0227,0.022743,3264578,74377.537745
1784685600000,0.022743,0.023205,0.022706,0.023151,12754781,293057.618523
1784689200000,0.023151,0.023355,0.022978,0.023009,12481119,289453.436629
1784692800000,0.023009,0.023394,0.022947,0.023364,11746282,272919.395591
1784696400000,0.023364,0.023381,0.023101,0.023101,8419708,195619.442372
1784700000000,0.023101,0.023418,0.022895,0.023346,17578332,407015.038033
1784703600000,0.023346,0.023364,0.023118,0.023285,6347263,147678.168963
1784707200000,0.023285,0.023669,0.023254,0.023527,13065692,307302.432083
1784710800000,0.023527,0.024091,0.023503,0.023705,13854926,329761.889396
1784714400000,0.023705,0.023948,0.023614,0.023814,8976469,213027.250806
1784718000000,0.023814,0.024003,0.023721,0.02391,5825358,138801.087288
1784721600000,0.02391,0.023953,0.02341,0.023493,13153424,310152.647494
1784725200000,0.023493,0.023911,0.023477,0.023886,6190637,146358.517196
1784728800000,0.023886,0.02403,0.023242,0.023548,8805486,208357.337507
1784732400000,0.023548,0.023834,0.023415,0.023808,4435534,104805.719449
1784736000000,0.023808,0.023903,0.022785,0.022946,23444247,543343.883534
1784739600000,0.022946,0.023212,0.022946,0.023074,10656356,246006.174601
1784743200000,0.023074,0.023122,0.02276,0.023122,6823352,156555.842861
1784746800000,0.023122,0.023174,0.022692,0.022808,7384547,169265.943861
1784750400000,0.022808,0.023014,0.022725,0.022995,4078698,93300.611046
1784754000000,0.022995,0.023211,0.02294,0.023153,2920004,67327.639003
1784757600000,0.023153,0.023207,0.022949,0.023044,2035211,46964.737261
1784761200000,0.023044,0.023044,0.022767,0.022905,3769575,86154.571452
1784764800000,0.022905,0.023214,0.022855,0.022971,3966002,91373.416562
1784768400000,0.022971,0.022985,0.022802,0.022819,3607120,82497.2854
1784772000000,0.022819,0.022979,0.022634,0.022898,7120823,161980.518564
1784775600000,0.022898,0.023216,0.022835,0.023206,3937811,90641.874152
1784779200000,0.023206,0.023375,0.023069,0.023092,3540664,82218.232586
1784782800000,0.023092,0.023138,0.023026,0.023053,2049619,47325.042478
1784786400000,0.023053,0.023107,0.023005,0.023034,3605756,83089.176829
1784790000000,0.023034,0.02307,0.022859,0.023,6181290,141719.675192
1784793600000,0.023,0.023272,0.022981,0.023026,4822758,111622.592165
1784797200000,0.023026,0.023026,0.022908,0.022928,3076596,70609.168063
1784800800000,0.022928,0.022944,0.022878,0.022903,1667369,38203.597339
1784804400000,0.022903,0.023097,0.022748,0.023016,4933872,113095.817323
1784808000000,0.023016,0.023264,0.022937,0.023003,5534360,127877.930504
1784811600000,0.023003,0.023261,0.022929,0.023048,7008867,161755.455248
1784815200000,0.023048,0.023379,0.022955,0.023205,9114541,211907.642187
1784818800000,0.023205,0.023205,0.022799,0.022934,9234141,211496.571312
1784822400000,0.022934,0.022967,0.022526,0.022582,9763493,221339.92339
1784826000000,0.022582,0.022634,0.022407,0.022473,4362884,98214.031383
1784829600000,0.022473,0.022576,0.02238,0.02244,7957106,178816.606635
1784833200000,0.02244,0.022497,0.02235,0.022476,2892417,64889.440415
1784836800000,0.022476,0.022628,0.022465,0.022596,3808580,85950.189185
1784840400000,0.022596,0.022648,0.022399,0.02245,3160441,70969.849281
1784844000000,0.02245,0.022595,0.022359,0.022399,4767035,107041.5433
1784847600000,0.022399,0.022574,0.022291,0.022335,3273561,73497.421085
1784851200000,0.022335,0.022349,0.021738,0.02195,21560351,473623.479256
1784854800000,0.02195,0.021997,0.021874,0.021899,3522430,77236.589457
1784858400000,0.021899,0.021972,0.021836,0.02192,3959546,86715.168217
1784862000000,0.02192,0.022037,0.021911,0.02196,3227783,70974.812495
1784865600000,0.02196,0.022033,0.02195,0.022,1735690,38169.234212
1784869200000,0.022,0.022107,0.021985,0.022027,1497401,33011.245124
1784872800000,0.022027,0.022292,0.022019,0.022096,4061452,89975.380088
1784876400000,0.022096,0.022227,0.022033,0.022112,3072823,67990.563518
1784880000000,0.022112,0.022283,0.021988,0.022104,6065861,134247.178458
1784883600000,0.022104,0.022114,0.021908,0.022058,1784721,39242.498894
1784887200000,0.022058,0.022107,0.021925,0.021974,2949997,64882.721383
1784890800000,0.021974,0.022134,0.021945,0.021962,3127065,68895.132261
1784894400000,0.021962,0.022113,0.021862,0.021924,7266854,159371.004359
1784898000000,0.021924,0.021938,0.021724,0.021805,14997692,327103.219808
1784901600000,0.021805,0.022004,0.021746,0.021996,3724787,81341.172011
1784905200000,0.021996,0.022184,0.021944,0.02205,3998447,88265.264097
1784908800000,0.02205,0.022102,0.021907,0.021976,3585079,78869.437924
1784912400000,0.021976,0.022088,0.021904,0.022011,2823509,62097.889806
1784916000000,0.022011,0.022105,0.021961,0.022051,3235914,71312.585127
1784919600000,0.022051,0.022054,0.021886,0.021978,1834024,40224.777105
1784923200000,0.021978,0.022013,0.021777,0.021778,2925436,64049.77545
1784926800000,0.021778,0.021912,0.021682,0.021743,6909390,150576.956338
1784930400000,0.021743,0.021886,0.021742,0.021832,2789116,60906.385016
1784934000000,0.021832,0.021889,0.021803,0.021846,1121789,24503.65016
1784937600000,0.021846,0.021941,0.021731,0.021914,2419400,52857.74611
1784941200000,0.021914,0.02195,0.02138,0.021421,9025546,194649.713726
1784944800000,0.021421,0.021489,0.021272,0.02133,11227722,240008.561799
1784948400000,0.02133,0.021439,0.021064,0.02113,10484963,222761.309151
1784952000000,0.02113,0.021313,0.021093,0.021236,7261962,153937.122866
1784955600000,0.021236,0.021246,0.021111,0.021146,3127387,66240.40459
1784959200000,0.021146,0.021146,0.02101,0.021126,7339607,154646.539963
1784962800000,0.021126,0.021192,0.021092,0.021162,2757187,58319.531108
1784966400000,0.021162,0.021162,0.020943,0.020985,4144719,87139.522413
1784970000000,0.020985,0.021042,0.020959,0.020959,2595301,54491.659896
1784973600000,0.020959,0.021058,0.020944,0.020988,2488153,52237.141482
1784977200000,0.020988,0.021039,0.020843,0.020898,5349278,111889.59033
1784980800000,0.020898,0.020976,0.020769,0.02094,6033352,125899.888671
1784984400000,0.02094,0.020991,0.020861,0.02092,2933094,61408.765805
1784988000000,0.02092,0.020921,0.020792,0.020805,8939285,186419.830271
1784991600000,0.020805,0.020873,0.020591,0.020784,10975747,227613.924689
1784995200000,0.020784,0.020826,0.020655,0.020703,9246812,191625.030322
1784998800000,0.020703,0.020909,0.020681,0.020835,2581585,53696.166454
1785002400000,0.020835,0.020918,0.020686,0.020863,4241714,88339.40113
1785006000000,0.020863,0.020897,0.020716,0.020746,2549147,53074.010898
1785009600000,0.020746,0.020752,0.020606,0.020639,3797442,78493.463519
1785013200000,0.020639,0.020729,0.020601,0.020673,5734760,118456.42501
1785016800000,0.020673,0.02073,0.02061,0.020634,2624054,54187.192057
1785020400000,0.020634,0.02066,0.020571,0.0206,3653376,75335.389668
1785024000000,0.0206,0.02082,0.020576,0.020781,3636261,75246.279839
1785027600000,0.020781,0.02079,0.020621,0.020736,3264153,67570.743642
1785031200000,0.020736,0.020968,0.020669,0.020964,6728803,140406.156449
1785034800000,0.020964,0.021154,0.020925,0.021038,5521358,116155.012694
1785038400000,0.021038,0.021353,0.02097,0.021343,7313815,155066.998185
1785042000000,0.021343,0.021366,0.021126,0.021241,5499032,116781.380581
1785045600000,0.021241,0.0213,0.02111,0.021223,1649752,35005.096572
1785049200000,0.021223,0.021403,0.021169,0.021192,4561481,97038.547346
1785052800000,0.021192,0.021196,0.020989,0.021003,4004884,84362.627752
1785056400000,0.021003,0.021065,0.020994,0.021022,2268341,47724.086726
1785060000000,0.021022,0.021215,0.021013,0.021055,2243607,47352.777859
1785063600000,0.021055,0.021055,0.020952,0.021006,1920311,40319.838825
1785067200000,0.021006,0.021052,0.020926,0.021009,1612003,33828.995921
1785070800000,0.021009,0.021062,0.02093,0.020993,990974,20802.204886
1785074400000,0.020993,0.021116,0.020929,0.020956,4957170,104194.955732
1785078000000,0.020956,0.021025,0.020937,0.020996,3357102,70446.265371
1785081600000,0.020996,0.021012,0.020661,0.020765,5601102,116472.117821
1785085200000,0.020765,0.02084,0.02074,0.02079,3738013,77714.84821
1785088800000,0.02079,0.020837,0.020727,0.020822,1685452,35025.290096
1785092400000,0.020822,0.02085,0.020774,0.020845,1112165,23144.867814
1785096000000,0.020845,0.020916,0.020788,0.020819,2004608,41808.527237
1785099600000,0.020819,0.021574,0.020802,0.021545,10790452,228841.723755
1785103200000,0.021545,0.021687,0.021282,0.021329,13432467,287733.479953
1785106800000,0.021329,0.021456,0.021283,0.021366,2559306,54716.70374
1785110400000,0.021366,0.021396,0.021287,0.02132,3927017,83793.332997
1785114000000,0.02132,0.021382,0.0212,0.021348,2009201,42804.79883
1785117600000,0.021348,0.021363,0.021219,0.021236,1462015,31109.893598
1785121200000,0.021236,0.021299,0.021162,0.021201,1727768,36651.58622
1785124800000,0.021201,0.021242,0.021098,0.021098,756844,16019.783841
1785128400000,0.021098,0.02112,0.020989,0.021035,2770948,58379.595464
1785132000000,0.021035,0.021143,0.020971,0.02099,8081708,170082.397314
1785135600000,0.02099,0.021112,0.020778,0.020878,7484653,156433.124166
1785139200000,0.020878,0.020977,0.020831,0.020968,3300325,69031.112735
1785142800000,0.020968,0.021003,0.020887,0.02094,2723544,57021.478061
1785146400000,0.02094,0.021022,0.020821,0.02098,2538428,53097.081874
1785150000000,0.02098,0.021066,0.020903,0.020978,4400925,92383.365337
1785153600000,0.020978,0.021005,0.020344,0.020554,47515748,978158.197682
1785157200000,0.020554,0.02071,0.020449,0.020617,12411011,255688.782031
1785160800000,0.020617,0.020698,0.020226,0.020363,20662910,420758.611284
1785164400000,0.020363,0.020448,0.020128,0.020151,9094256,184081.270051
1785168000000,0.020151,0.020613,0.020023,0.020485,23553451,477736.039067
1785171600000,0.020485,0.020525,0.020439,0.020525,3427272,70187.26973
1785175200000,0.020525,0.020554,0.02026,0.02029,7863717,160074.311734
1785178800000,0.02029,0.020735,0.02029,0.020658,7210525,148288.828645
1785182400000,0.020658,0.020742,0.020574,0.020724,5655690,116968.940949
1785186000000,0.020724,0.020916,0.020586,0.020667,4000259,83015.126627
1785189600000,0.020667,0.020668,0.020114,0.020144,7900107,160644.387683
1785193200000,0.020144,0.020249,0.020083,0.020115,3749986,75518.910494
1785196800000,0.020115,0.020297,0.020042,0.02016,9744721,196788.730773
1785200400000,0.02016,0.020227,0.01998,0.02017,5578961,112131.443542
1785204000000,0.02017,0.020325,0.020156,0.02032,3914737,79180.153243
1785207600000,0.02032,0.020628,0.020269,0.020613,4735888,96975.832386
1785211200000,0.020613,0.020785,0.020557,0.020742,5656325,116959.77007
1785214800000,0.020742,0.021225,0.020676,0.021091,24110836,506995.939241
1785218400000,0.021091,0.021306,0.021091,0.0211,9335795,197903.915455
1785222000000,0.0211,0.021336,0.021014,0.021174,10943503,231857.525816
1785225600000,0.021174,0.021304,0.021084,0.021225,7735101,164050.638407
1785229200000,0.021225,0.021276,0.021045,0.021081,2838807,60065.300326
1785232800000,0.021081,0.021091,0.020882,0.020959,11264068,236040.975965
1785236400000,0.020959,0.021153,0.020909,0.021091,3503304,73677.179135
1785240000000,0.021091,0.0213,0.021058,0.021197,5014078,106284.683884
1785243600000,0.021197,0.021267,0.020807,0.020992,8442090,177778.901713
1785247200000,0.020992,0.021167,0.020929,0.021037,5645428,118979.489069
1785250800000,0.021037,0.02125,0.021008,0.021084,5243063,110702.549414
1785254400000,0.021084,0.021448,0.021007,0.021405,7716725,164024.078279
1785258000000,0.021405,0.021426,0.021241,0.02138,4370055,93322.709542
1785261600000,0.02138,0.021494,0.02118,0.021195,5575576,118709.772304
1785265200000,0.021195,0.021257,0.021109,0.021152,3517713,74463.095678
1785268800000,0.021152,0.021257,0.021127,0.021244,688542,14586.937085
1785272400000,0.021244,0.021325,0.021222,0.021245,796844,16950.134795
1785276000000,0.021245,0.021282,0.021096,0.021096,2023748,42923.54778
1785279600000,0.021096,0.021251,0.021043,0.021239,1546680,32725.960092
1785283200000,0.021239,0.021311,0.021036,0.021063,3088673,65500.165809
1785286800000,0.021063,0.021065,0.020848,0.020885,3619371,75736.524728
1785290400000,0.020885,0.021037,0.020773,0.021008,2266501,47226.019626
1785294000000,0.021008,0.021016,0.020783,0.020803,2986153,62388.048029
1785297600000,0.020803,0.020897,0.020686,0.02085,8489828,176296.546835
1785301200000,0.02085,0.021068,0.020842,0.020908,1413522,29616.003503
1785304800000,0.020908,0.020965,0.020821,0.02088,1718775,35936.357166
1785308400000,0.02088,0.020952,0.02086,0.020942,1254584,26226.981539
1785312000000,0.020942,0.020972,0.020772,0.020852,1925306,40180.555889
1785315600000,0.020852,0.021021,0.020826,0.020941,1385156,29000.151581
1785319200000,0.020941,0.021069,0.020854,0.020907,4243993,89049.189261
1785322800000,0.020907,0.021,0.02082,0.02095,1763004,36892.448383
1785326400000,0.02095,0.020988,0.020791,0.020795,2699099,56332.429375
1785330000000,0.020795,0.021111,0.020771,0.021111,3085544,64542.954601
1785333600000,0.021111,0.021245,0.020992,0.021087,5904640,124819.834879
1785337200000,0.021087,0.021233,0.020979,0.020994,3952584,83432.26553
1785340800000,0.020994,0.020999,0.020773,0.020824,3508459,73160.878383
1785344400000,0.020824,0.020963,0.020707,0.020929,2543514,52965.699542
1785348000000,0.020929,0.021386,0.020917,0.021228,5665200,119579.735632
1785351600000,0.021228,0.021294,0.020672,0.020741,4150825,86599.066224
1785355200000,0.020741,0.020779,0.020536,0.020641,5231041,108151.887151
1785358800000,0.020641,0.020839,0.020578,0.020816,2037883,42179.709489
1785362400000,0.020816,0.02092,0.020786,0.020816,2856883,59626.789898
1785366000000,0.020816,0.020847,0.020761,0.020776,3215135,66891.118579
1785369600000,0.020776,0.020953,0.020723,0.020783,3505962,73000.470415
1785373200000,0.020783,0.021035,0.020743,0.020986,1554322,32473.008241
1785376800000,0.020986,0.021034,0.02092,0.020969,1134468,23812.989546
1785380400000,0.020969,0.021056,0.020758,0.020766,2676157,55884.361052
1785384000000,0.020766,0.020781,0.020625,0.020641,2844581,58942.861954
1785387600000,0.020641,0.020729,0.020587,0.020695,1535822,31731.261852
1785391200000,0.020695,0.020725,0.020609,0.020609,1484861,30667.772212
1785394800000,0.020609,0.020709,0.02055,0.020584,3099878,63886.443043
1785398400000,0.020584,0.020733,0.020569,0.02064,2769311,57164.047317
1785402000000,0.02064,0.020773,0.020631,0.020663,2245984,46511.969959
1785405600000,0.020663,0.020737,0.020612,0.020723,1791815,37043.263507
1785409200000,0.020723,0.020991,0.020683,0.02097,3442043,71646.35147
1785412800000,0.02097,0.02134,0.020953,0.021292,7706857,163313.564672
1785416400000,0.021292,0.021508,0.021239,0.021441,5667162,120962.053678
1785420000000,0.021441,0.021591,0.02113,0.021416,6458429,137946.86795
1785423600000,0.021416,0.021599,0.021334,0.021405,3697880,79311.722956
1785427200000,0.021405,0.021451,0.021241,0.021359,1469201,31331.833479
1785430800000,0.021359,0.021432,0.021299,0.021299,2566919,54823.436664
1785434400000,0.021299,0.021306,0.021192,0.021212,2536142,53920.859926
1785438000000,0.021212,0.021363,0.021205,0.021341,1511041,32191.993921
1785441600000,0.021341,0.021627,0.021308,0.021619,2572002,55300.893782
1785445200000,0.021619,0.021943,0.021597,0.021788,9539240,207935.9062
1785448800000,0.021788,0.021788,0.021632,0.021638,2977521,64563.221636
1785452400000,0.021638,0.021895,0.021623,0.021703,2050143,44565.547481
1785456000000,0.021703,0.02188,0.021621,0.021647,2453185,53236.40287
1785459600000,0.021647,0.021799,0.021488,0.021522,2758177,59695.000964
1785463200000,0.021522,0.021555,0.021383,0.021388,1801735,38745.422623
1785466800000,0.021388,0.021503,0.021369,0.021492,1208799,25901.254736
1785470400000,0.021492,0.021567,0.021331,0.021341,1230611,26396.621322
1785474000000,0.021341,0.02139,0.021195,0.021221,3408707,72603.49798
1785477600000,0.021221,0.021257,0.021149,0.021216,3986677,84479.986968
1785481200000,0.021216,0.021299,0.021141,0.021227,6727183,142750.187633
1785484800000,0.021227,0.021227,0.021157,0.021176,1082317,22932.007229
1785488400000,0.021176,0.021189,0.020979,0.02107,2921844,61550.625168
1785492000000,0.02107,0.021099,0.020981,0.021063,2328862,49020.253441
1785495600000,0.021063,0.021086,0.020882,0.020894,3086067,64785.248042
1785499200000,0.020894,0.020994,0.020829,0.020919,6535859,136716.423379
1785502800000,0.020919,0.02097,0.020725,0.020775,4707963,98251.012374
1785506400000,0.020775,0.020853,0.020582,0.020718,7994890,165702.696076
1785510000000,0.020718,0.020898,0.020668,0.020816,5519473,114688.719035
1785513600000,0.020816,0.021138,0.020802,0.021014,7834192,164682.253881
1785517200000,0.021014,0.021109,0.020953,0.021003,3099742,65204.485128
1785520800000,0.021003,0.021069,0.020868,0.020936,1251550,26259.03064
1785524400000,0.020936,0.020951,0.020668,0.020676,2955173,61397.590043
1785528000000,0.020676,0.020778,0.020658,0.020703,2033667,42138.363871
1785531600000,0.020703,0.020748,0.020571,0.02058,3134788,64682.006024
1785535200000,0.02058,0.020683,0.020428,0.02051,9237864,189954.21312
1785538800000,0.02051,0.020742,0.020506,0.020721,4006679,82744.923577
1785542400000,0.020721,0.020961,0.020712,0.020898,5224946,108705.866725
1785546000000,0.020898,0.020898,0.020693,0.020731,1504659,31267.701951
1785549600000,0.020731,0.020826,0.020716,0.020795,2307095,47923.163254
1785553200000,0.020795,0.020874,0.020759,0.020811,1607220,33449.210929
1785556800000,0.020811,0.020903,0.020811,0.020877,1011438,21100.579575
1785560400000,0.020877,0.020945,0.020794,0.02082,1270773,26487.779969
1785564000000,0.02082,0.020958,0.02082,0.020958,798315,16671.679447
1785567600000,0.020958,0.020958,0.020799,0.020801,2883760,60149.899856
1785571200000,0.020801,0.02116,0.0208,0.020994,2499488,52540.37635
1785574800000,0.020994,0.021035,0.020764,0.020804,2391051,49895.437183
1785578400000,0.020804,0.020805,0.020629,0.020737,2541756,52590.18166
1785582000000,0.020737,0.020867,0.020719,0.020832,1126309,23403.809846
1785585600000,0.020832,0.020898,0.020761,0.020784,1699284,35364.239213
1785589200000,0.020784,0.020864,0.020736,0.020798,4900299,101957.431232
1785592800000,0.020798,0.020849,0.020723,0.020796,2790734,57988.42796
1785596400000,0.020796,0.020878,0.020726,0.020814,1588155,33041.045631
1785600000000,0.020814,0.020844,0.020684,0.020705,2233962,46354.30855
1785603600000,0.020705,0.02073,0.020561,0.020672,2960438,61087.700235
1785607200000,0.020672,0.020673,0.020354,0.020565,8672487,177739.303966
1785610800000,0.020565,0.020662,0.020517,0.020626,2496017,51403.077809
1785614400000,0.020626,0.020675,0.020585,0.020607,1387022,28616.988088
1785618000000,0.020607,0.020711,0.020599,0.020711,1483468,30631.393775
1785621600000,0.020711,0.020726,0.020589,0.020615,878909,18176.394315
1785625200000,0.020615,0.020651,0.020361,0.020446,7484408,153313.928922
1785628800000,0.020446,0.020565,0.020445,0.020452,1790678,36713.543988
1785632400000,0.020452,0.020631,0.020452,0.020547,1811281,37261.700505
1785636000000,0.020547,0.020844,0.020495,0.020765,3774032,78171.096506
1785639600000,0.020765,0.020791,0.020713,0.020772,1600779,33215.776028
1785643200000,0.020772,0.020887,0.020696,0.020883,2439923,50763.522544
1785646800000,0.020883,0.020963,0.020845,0.020901,2518421,52649.644028
1785650400000,0.020901,0.021093,0.020871,0.021087,6283751,131995.146573
1785654000000,0.021087,0.021189,0.021,0.021018,4200709,88736.913669
1785657600000,0.021018,0.021031,0.0209,0.020997,4636937,97230.188094
1785661200000,0.020997,0.021018,0.020891,0.02097,1443858,30282.234504
1785664800000,0.02097,0.021108,0.020959,0.021018,1694655,35675.630249
1785668400000,0.021018,0.021042,0.020889,0.020937,3198737,67046.55847
1785672000000,0.020937,0.020962,0.020889,0.020957,1487039,31122.613491
1785675600000,0.020957,0.020957,0.020787,0.020834,3717828,77493.42968
1785679200000,0.020834,0.02086,0.020797,0.020836,969344,20191.691316
1785682800000,0.020836,0.020948,0.020805,0.020899,1922831,40198.956552
1785686400000,0.020899,0.020902,0.020734,0.020826,2756561,57270.430816
1785690000000,0.020826,0.020858,0.020815,0.020843,821747,17122.80029
1785693600000,0.020843,0.020931,0.02079,0.020873,1704238,35552.902535
1785697200000,0.020873,0.020966,0.020848,0.020966,1273693,26626.626455
1785700800000,0.020966,0.02109,0.020945,0.021024,2012477,42308.04451
1785704400000,0.021024,0.02105,0.02096,0.021039,733243,15408.418554
1785708000000,0.021039,0.021042,0.020855,0.020887,1328755,27843.92631
1785711600000,0.020887,0.021023,0.020858,0.020976,2702576,56589.960646
1785715200000,0.020976,0.020988,0.020819,0.02084,1127640,23574.954757
1785718800000,0.02084,0.020887,0.020738,0.02082,1933764,40268.794612
1785722400000,0.02082,0.020921,0.020804,0.02085,1518697,31672.602224
1785726000000,0.02085,0.02086,0.020713,0.020734,1090021,22654.079347
1785729600000,0.020734,0.020775,0.020634,0.02075,1660261,34379.132756
1785733200000,0.02075,0.020908,0.020749,0.020804,1615325,33603.155586
1785736800000,0.020804,0.020812,0.02059,0.020615,1740719,35975.027876
1785740400000,0.020615,0.020627,0.020538,0.020564,1663812,34234.478794
1785744000000,0.020564,0.020577,0.020468,0.02057,2486190,51035.421705
1785747600000,0.02057,0.02061,0.020537,0.020592,1164073,23946.993291
1785751200000,0.020592,0.020592,0.020443,0.020454,2572670,52742.442137
1785754800000,0.020454,0.020512,0.020358,0.02043,4852720,99123.924805
1785758400000,0.02043,0.020507,0.020327,0.020467,2868795,58607.046396
1785762000000,0.020467,0.020709,0.02045,0.020689,4040751,82978.051119
1785765600000,0.020689,0.020864,0.020632,0.020817,3481053,72301.953247
1785769200000,0.020817,0.020919,0.02077,0.020898,3347662,69798.622868
1785772800000,0.020898,0.021137,0.020783,0.021119,7105166,149284.175609
1785776400000,0.021119,0.0214,0.021101,0.021383,9750758,207491.039436
1785780000000,0.021383,0.021528,0.021328,0.021481,6094583,130483.892768
1785783600000,0.021481,0.021536,0.021364,0.021485,4721126,101340.813731
1785787200000,0.021485,0.021684,0.021472,0.02158,5262469,113662.876673
1785790800000,0.02158,0.021756,0.021579,0.021726,12771072,276737.648109
1785794400000,0.021726,0.021743,0.021521,0.021531,5291546,114454.115363
1785798000000,0.021531,0.021591,0.021488,0.021531,4996058,107659.789928
1785801600000,0.021531,0.021583,0.021199,0.021199,5509325,117672.279167
1785805200000,0.021199,0.021206,0.020977,0.021095,8608807,181842.974759
1785808800000,0.021095,0.021213,0.021018,0.021099,4155348,87774.558912
1785812400000,0.021099,0.021099,0.020947,0.020972,1784132,37450.865474
1785816000000,0.020972,0.021137,0.020952,0.021047,1157454,24345.045743
1785819600000,0.021047,0.021129,0.020997,0.021064,2085789,43939.645929
1785823200000,0.021064,0.021064,0.020906,0.020913,973541,20428.1354
1785826800000,0.020913,0.020928,0.020837,0.020892,3251494,67861.251888
1785830400000,0.020892,0.020911,0.020842,0.020843,1047122,21852.399003
1785834000000,0.020843,0.020859,0.020732,0.020766,4955124,103040.500539
1785837600000,0.020766,0.02086,0.020682,0.020803,3399743,70602.757296
1785841200000,0.020803,0.020853,0.020706,0.020791,5538054,115073.085795
1785844800000,0.020791,0.020799,0.020618,0.020618,4579703,94788.445131
1785848400000,0.020618,0.020744,0.020609,0.020623,4503357,93018.515562
1785852000000,0.020623,0.020672,0.020539,0.020597,4384627,90297.956804
1785855600000,0.020597,0.020649,0.020509,0.020612,4081032,83931.409209
1785859200000,0.020612,0.020697,0.020465,0.02058,6981160,143587.150801
1785862800000,0.02058,0.020888,0.02058,0.02081,7207359,149689.485817
1785866400000,0.02081,0.021062,0.020777,0.020802,4060348,84863.430161
1785870000000,0.020802,0.020857,0.020707,0.02074,3080620,64077.379957
1785873600000,0.02074,0.020754,0.020623,0.020717,2677626,55410.409712
1785877200000,0.020717,0.020717,0.02059,0.02065,1188279,24527.927739
1785880800000,0.02065,0.020702,0.020616,0.020664,1727960,35695.820884
1785884400000,0.020664,0.020704,0.020509,0.020512,2936635,60480.982614
1785888000000,0.020512,0.020621,0.020472,0.020492,3586723,73642.227033
1785891600000,0.020492,0.020622,0.020461,0.020613,689487,14157.438679
1785895200000,0.020613,0.020719,0.02059,0.020692,3109572,64240.973991
1785898800000,0.020692,0.020699,0.02053,0.020553,2441068,50218.170466
1785902400000,0.020553,0.020571,0.02046,0.020503,2268344,46546.177623
1785906000000,0.020503,0.020646,0.020499,0.02059,8522505,175305.299519
1785909600000,0.02059,0.02076,0.02057,0.020703,3911790,80927.621918
1785913200000,0.020703,0.020897,0.020628,0.020864,7605315,157940.52581
1785916800000,0.020864,0.020982,0.020841,0.020966,4440281,92924.126749
1785920400000,0.020966,0.02109,0.020944,0.021057,7272173,152931.254465
1785924000000,0.021057,0.021112,0.02097,0.020976,4577919,96359.558974
1785927600000,0.020976,0.021131,0.020968,0.02103,4224421,88908.226436
1785931200000,0.02103,0.021222,0.02103,0.021146,7005486,148168.356662
1785934800000,0.021146,0.021148,0.020834,0.020884,5865660,123138.041667
1785938400000,0.020884,0.02096,0.020701,0.020846,9865939,205501.914165
1785942000000,0.020846,0.021242,0.020778,0.020781,11864142,249373.387144
1785945600000,0.020781,0.020928,0.020602,0.020842,16253009,336851.043646
1785949200000,0.020842,0.021092,0.020722,0.021033,2762665,57743.039731
1785952800000,0.021033,0.021147,0.020919,0.021144,3477919,73160.533909
1785956400000,0.021144,0.021145,0.021006,0.021065,1868314,39355.503531
1785960000000,0.021065,0.021116,0.020952,0.021059,1893821,39833.471161
1785963600000,0.021059,0.021059,0.020961,0.020975,1294177,27168.235441
1785967200000,0.020975,0.021031,0.020945,0.021031,1098917,23066.758162
1785970800000,0.021031,0.021031,0.020935,0.020996,1353227,28403.503314
1785974400000,0.020996,0.021128,0.020967,0.021073,3095364,65176.349801
1785978000000,0.021073,0.021122,0.020952,0.021023,1039519,21870.715543
1785981600000,0.021023,0.021033,0.020856,0.021009,4266187,89414.944259
1785985200000,0.021009,0.02102,0.020859,0.020862,2518241,52757.62275
1785988800000,0.020862,0.020973,0.020833,0.020938,1942753,40603.856447
1785992400000,0.020938,0.021093,0.02093,0.02099,2365229,49690.456284
1785996000000,0.02099,0.021025,0.020898,0.020915,2676664,56038.127
1785999600000,0.020915,0.020944,0.020755,0.020823,4924363,102616.992701
1786003200000,0.020823,0.020919,0.020792,0.020902,2147335,44722.014995
1786006800000,0.020902,0.020908,0.020731,0.02079,3490832,72544.128382
1786010400000,0.02079,0.020891,0.020752,0.02081,1838799,38302.157092
1786014000000,0.02081,0.021014,0.020771,0.020972,2598817,54357.986002
1786017600000,0.020972,0.020974,0.020725,0.020727,2924377,60863.945391
1786021200000,0.020727,0.020789,0.020613,0.020779,7177080,148397.700691
1786024800000,0.020779,0.020869,0.020673,0.020843,5593859,116172.771268
1786028400000,0.020843,0.020905,0.020697,0.020699,1816490,37811.183576
1786032000000,0.020699,0.020791,0.020663,0.020706,4227215,87539.882278
1786035600000,0.020706,0.020727,0.020581,0.020645,3024042,62399.08992
1786039200000,0.020645,0.020673,0.020489,0.020605,5347579,109990.758629
1786042800000,0.020605,0.020624,0.020454,0.020512,3904051,80112.536477
1786046400000,0.020512,0.020594,0.020477,0.020506,3116102,63970.987347
1786050000000,0.020506,0.02056,0.02046,0.020533,2229321,45701.265994
1786053600000,0.020533,0.02056,0.020483,0.020504,1526269,31320.291185
1786057200000,0.020504,0.020566,0.020396,0.020444,3674503,75249.195305
1786060800000,0.020444,0.020583,0.020377,0.020556,4085177,83642.21906
1786064400000,0.020556,0.020639,0.020437,0.020452,1545858,31762.048232
1786068000000,0.020452,0.020559,0.020395,0.020496,4246264,86799.513947
1786071600000,0.020496,0.020528,0.020383,0.020383,2595913,53143.90067
1786075200000,0.020383,0.020539,0.02027,0.020308,5333030,108599.201463
1786078800000,0.020308,0.020416,0.020267,0.02037,3960074,80454.19264
1786082400000,0.02037,0.02043,0.020325,0.020347,3069142,62521.82976
1786086000000,0.020347,0.020421,0.020285,0.020385,4259986,86667.213057
1786089600000,0.020385,0.020529,0.020381,0.020445,3527517,72179.187425
1786093200000,0.020445,0.020921,0.020445,0.020876,5496082,113534.485788
1786096800000,0.020876,0.02106,0.020797,0.021013,9865637,206928.874289
1786100400000,0.021013,0.021088,0.020785,0.020796,4857462,101694.891711
1786104000000,0.020796,0.020938,0.020731,0.020797,3075048,64033.768867
1786107600000,0.020797,0.02105,0.020758,0.02098,2951838,61671.151355
1786111200000,0.02098,0.020984,0.0207,0.020766,4789015,99630.489843
1786114800000,0.020766,0.020847,0.020696,0.020741,2295174,47680.769542
1786118400000,0.020741,0.020853,0.020671,0.02072,1554452,32238.741045
1786122000000,0.02072,0.020922,0.020685,0.020922,1496227,31098.065458
1786125600000,0.020922,0.020934,0.020728,0.020825,2545908,52975.677172
1786129200000,0.020825,0.020877,0.020797,0.020852,1440833,30030.833093
1786132800000,0.020852,0.020933,0.020781,0.020826,2017512,42096.32713
1786136400000,0.020826,0.020902,0.020761,0.020761,1770528,36835.610178
1786140000000,0.020761,0.020816,0.020759,0.020795,1152082,23945.055134
1786143600000,0.020795,0.020969,0.02074,0.020864,2153570,44954.790322
1786147200000,0.020864,0.020942,0.020831,0.020935,1490403,31134.65832
1786150800000,0.020935,0.020935,0.020825,0.020877,1745123,36398.687019
1786154400000,0.020877,0.020964,0.020825,0.020881,859446,17959.681662
1786158000000,0.020881,0.020916,0.020813,0.020881,1725909,35993.112252
1786161600000,0.020881,0.020929,0.02078,0.020843,1750798,36492.77266
1786165200000,0.020843,0.020843,0.020732,0.020815,2252166,46811.50894
1786168800000,0.020815,0.020836,0.020693,0.020718,2461615,51009.210138
1786172400000,0.020718,0.020758,0.02059,0.020633,2835729,58518.927398
1786176000000,0.020633,0.020766,0.020584,0.02072,2913893,60186.731697
1786179600000,0.02072,0.020776,0.020689,0.020695,1168571,24229.719255
1786183200000,0.020695,0.020805,0.020676,0.020782,952695,19728.010041
1786186800000,0.020782,0.020863,0.020772,0.020796,440002,9155.592681
1786190400000,0.020796,0.020911,0.020747,0.020815,1249763,26062.381281
1786194000000,0.020815,0.020933,0.020807,0.020913,2416790,50539.263325
1786197600000,0.020913,0.021031,0.020885,0.021005,1737469,36431.064755
1786201200000,0.021005,0.021031,0.020952,0.021001,1213954,25491.215305
1786204800000,0.021001,0.021023,0.020843,0.02093,4311029,90118.076776
1786208400000,0.02093,0.021139,0.02093,0.021087,4001720,84213.990322
1786212000000,0.021087,0.021097,0.020977,0.021009,1764440,37112.18491
1786215600000,0.021009,0.021028,0.020975,0.021013,529618,11124.393545
1786219200000,0.021013,0.021092,0.02094,0.020983,1140247,23986.841003
1786222800000,0.020983,0.021037,0.020972,0.021016,1837450,38600.906831
1786226400000,0.021016,0.021034,0.020745,0.020748,4142869,86442.525022
1786230000000,0.020748,0.020873,0.020739,0.020853,756903,15739.020656
1786233600000,0.020853,0.020965,0.020835,0.020952,1426050,29801.914306
1786237200000,0.020952,0.021032,0.020892,0.020923,859880,18032.575743
1786240800000,0.020923,0.020923,0.020756,0.020763,2161563,45035.682966
1786244400000,0.020763,0.020913,0.020722,0.020909,2163492,45016.848823
1786248000000,0.020909,0.021032,0.020883,0.020937,978676,20519.094062
1786251600000,0.020937,0.021062,0.020937,0.021051,2976735,62575.577019
1786255200000,0.021051,0.021239,0.020998,0.021214,2259635,47710.833002
1786258800000,0.021214,0.021238,0.021027,0.021144,2760724,58361.498268
1786262400000,0.021144,0.021179,0.020978,0.02107,1774588,37324.244732
1786266000000,0.02107,0.021111,0.020975,0.021004,1105606,23261.249572
1786269600000,0.021004,0.021047,0.020929,0.021007,1647438,34558.301624
1786273200000,0.021007,0.02101,0.020948,0.020977,500721,10505.957427
1786276800000,0.020977,0.021053,0.020954,0.02096,350374,7361.168358
1786280400000,0.02096,0.021091,0.020929,0.020939,1117406,23469.342845
1786284000000,0.020939,0.021152,0.020939,0.021149,3129334,65891.754224
1786287600000,0.021149,0.021351,0.021132,0.021204,10319327,219335.283416
1786291200000,0.021204,0.021311,0.021169,0.021216,1608339,34145.818607
1786294800000,0.021216,0.021269,0.021096,0.021096,1242874,26284.92876
1786298400000,0.021096,0.021128,0.02103,0.021054,1992666,42003.183645
1786302000000,0.021054,0.021105,0.02104,0.021071,687343,14484.708313
1786305600000,0.021071,0.021094,0.021022,0.021073,1179232,24824.261966
1786309200000,0.021073,0.021145,0.021047,0.021143,1287244,27163.627918
1786312800000,0.021143,0.021259,0.021006,0.021007,1988931,42054.700173
1786316400000,0.021007,0.021042,0.020841,0.020951,5356160,112127.866602
1786320000000,0.020951,0.021165,0.020913,0.021082,1550929,32675.250701
1786323600000,0.021082,0.021411,0.021082,0.021296,6570645,139772.275195
1786327200000,0.021296,0.021302,0.021091,0.021231,3214844,68181.766201
1786330800000,0.021231,0.021308,0.021098,0.021104,5881983,124886.462239
1786334400000,0.021104,0.021396,0.021092,0.021348,2255009,48027.272956
1786338000000,0.021348,0.02146,0.021297,0.021441,2041391,43650.263175
1786341600000,0.021441,0.021815,0.021422,0.021607,9587837,207196.980616
1786345200000,0.021607,0.02175,0.02136,0.021592,6302817,135580.39348
1786348800000,0.021592,0.021794,0.021546,0.021728,3814776,82762.626489
1786352400000,0.021728,0.021846,0.021705,0.021736,6315003,137572.110362
1786356000000,0.021736,0.022946,0.021583,0.02286,38230915,856497.111063
1786359600000,0.02286,0.023181,0.022462,0.022483,30081419,689021.914867
1786363200000,0.022483,0.02264,0.022337,0.02236,9439581,212314.823435
1786366800000,0.02236,0.02264,0.021696,0.02198,50616035,1114956.106629
1786370400000,0.02198,0.022395,0.021703,0.022089,19931253,440444.487644
1786374000000,0.022089,0.022181,0.021853,0.022177,9426935,207700.129754
1786377600000,0.022177,0.02244,0.022148,0.022271,7099571,158190.47311
1786381200000,0.022271,0.02232,0.022067,0.022082,4997892,110857.068699
1786384800000,0.022082,0.022333,0.022027,0.022132,3445117,76495.364158
1786388400000,0.022132,0.02218,0.02175,0.021774,8127133,178597.385535
1786392000000,0.021774,0.02192,0.021741,0.021783,5443159,118752.002505
1786395600000,0.021783,0.021863,0.021723,0.021764,4262748,92959.369137
1786399200000,0.021764,0.021858,0.021574,0.021808,8865639,192434.524443
1786402800000,0.021808,0.021905,0.02175,0.021768,5785202,126296.359973
1786406400000,0.021768,0.022159,0.021729,0.021838,30148802,661116.981258
1786410000000,0.021838,0.021997,0.021806,0.021951,3397928,74374.1057
1786413600000,0.021951,0.022054,0.021811,0.021821,3656313,80126.596456
1786417200000,0.021821,0.022124,0.021819,0.021951,6245958,137408.960512
1786420800000,0.021951,0.022198,0.021922,0.022122,4938032,108953.101177
1786424400000,0.022122,0.022174,0.021971,0.02202,3228211,71312.704201
1786428000000,0.02202,0.022111,0.0218,0.021812,3203715,70303.057927
1786431600000,0.021812,0.02196,0.021791,0.021923,2343992,51267.119508
1786435200000,0.021923,0.022192,0.021923,0.02199,5178979,114266.549876
1786438800000,0.02199,0.02231,0.02198,0.02231,6686509,147746.884494
1786442400000,0.02231,0.02231,0.02205,0.02206,4608681,102203.11167
1786446000000,0.02206,0.02216,0.02203,0.02203,2804591,61941.37844
1786449600000,0.02203,0.02217,0.02194,0.02194,5392746,118882.896797
1786453200000,0.02194,0.02209,0.0219,0.02208,2680469,59007.957879
1786456800000,0.02208,0.02209,0.02166,0.02172,6726049,146748.210311
1786460400000,0.02172,0.02172,0.02117,0.02122,23350533,501220.524998
1786464000000,0.02122,0.02135,0.02119,0.02127,2833258,60272.69542
1786467600000,0.02127,0.02142,0.02125,0.02136,2630272,56103.22957
1786471200000,0.02136,0.02141,0.02129,0.02131,1465986,31286.34556
1786474800000,0.02131,0.02138,0.02122,0.0213,3878013,82591.02174
1786478400000,0.0213,0.02141,0.02127,0.02136,3912811,83631.6925
1786482000000,0.02136,0.02147,0.02133,0.02138,4755832,101815.48554
1786485600000,0.02138,0.02158,0.02138,0.02145,4010704,86266.75359
1786489200000,0.02145,0.02149,0.02138,0.02139,3183014,68217.31034
1786492800000,0.02139,0.02147,0.02136,0.02143,1477489,31627.9227
1786496400000,0.02143,0.02148,0.02141,0.02146,841197,18041.33619
1786500000000,0.02146,0.02168,0.02137,0.02159,4329563,93409.72274
1786503600000,0.02159,0.02181,0.02158,0.02158,4478241,97001.43888
1786507200000,0.02158,0.02164,0.02152,0.02164,696342,15021.28943
1786510800000,0.02164,0.02168,0.02161,0.02163,1063747,23014.16908
1786514400000,0.02163,0.02163,0.02142,0.02152,4087335,87991.93039
1786518000000,0.02152,0.02164,0.02149,0.02164,1489588,32121.0321
1786521600000,0.02164,0.02172,0.02156,0.02156,1783067,38635.03558
1786525200000,0.02156,0.02175,0.02154,0.02168,1226981,26592.78254
1786528800000,0.02168,0.02174,0.02168,0.02171,1315898,28556.70815
1786532400000,0.02171,0.02179,0.02167,0.02177,2089269,45442.41976
1786536000000,0.02177,0.02191,0.0217,0.02184,4540714,99009.06894
1786539600000,0.02184,0.02194,0.02153,0.02175,9137067,198834.37378
1786543200000,0.02175,0.02191,0.02154,0.02164,9930586,216053.28835
1786546800000,0.02164,0.0221,0.02164,0.022,6806569,149430.71826
1786550400000,0.022,0.02225,0.022,0.02208,6586731,145970.88551
1786554000000,0.02208,0.02214,0.02196,0.02202,4597219,101354.37848
1786557600000,0.02202,0.02206,0.02192,0.02196,2822220,62007.52037
1786561200000,0.02196,0.02196,0.02178,0.0218,5465241,119346.46827
1786564800000,0.0218,0.02183,0.02172,0.02174,1427092,31079.58402
1786568400000,0.02174,0.0218,0.02161,0.02162,3445562,74791.28561
1786572000000,0.02162,0.02171,0.0215,0.02171,3665395,79098.71973
1786575600000,0.02171,0.02183,0.02163,0.02181,4063703,88469.90331
1786579200000,0.02181,0.02195,0.0218,0.02187,1937346,42352.82926
1786582800000,0.02187,0.0219,0.02171,0.02172,753378,16428.76394
1786586400000,0.02172,0.02172,0.02158,0.02171,6379850,138172.65731
1786590000000,0.02171,0.02176,0.02167,0.02173,1332658,28925.75693
1786593600000,0.02173,0.02183,0.02166,0.02178,3396421,73963.39532
1786597200000,0.02178,0.02186,0.02175,0.02181,1261838,27511.18401
1786600800000,0.02181,0.02184,0.02174,0.02178,1497006,32599.77349
1786604400000,0.02178,0.0218,0.02171,0.02176,1703348,37062.0014
1786608000000,0.02176,0.02178,0.02166,0.0217,1690441,36714.3362
1786611600000,0.0217,0.02175,0.0216,0.02171,2516407,54550.1443
1786615200000,0.02171,0.02171,0.02158,0.02161,1442185,31166.36234
1786618800000,0.02161,0.02168,0.02158,0.02165,5320284,115035.47007
1786622400000,0.02165,0.02185,0.02162,0.02183,2919700,63478.37127
1786626000000,0.02183,0.02183,0.02159,0.02166,3164657,68572.79334
1786629600000,0.02166,0.02182,0.02163,0.02173,2476245,53823.43952
1786633200000,0.02173,0.02173,0.02144,0.02147,3218657,69450.26004
1786636800000,0.02147,0.02159,0.02132,0.02143,7736847,165829.15802
1786640400000,0.02143,0.0215,0.02141,0.02145,1668555,35808.82574
1786644000000,0.02145,0.02156,0.02143,0.02155,1457243,31323.72286
1786647600000,0.02155,0.02168,0.02155,0.02164,1385999,29987.26262
1786651200000,0.02164,0.02166,0.0215,0.02154,803739,17343.76763
1786654800000,0.02154,0.0216,0.02145,0.02157,1315386,28286.74071
1786658400000,0.02157,0.0217,0.02146,0.02149,3576871,77312.2673
1786662000000,0.02149,0.02158,0.02144,0.02151,1283384,27584.1328
1786665600000,0.02151,0.02162,0.02151,0.02156,666088,14361.34077
1786669200000,0.02156,0.02161,0.02153,0.02154,360144,7768.98071
1786672800000,0.02154,0.02157,0.02149,0.0215,277052,5961.67094
1786676400000,0.0215,0.02153,0.02133,0.02136,1904867,40749.1074
1786680000000,0.02136,0.02146,0.02132,0.02135,1896072,40546.65696
1786683600000,0.02135,0.02139,0.02123,0.02124,2683373,57129.16093
1786687200000,0.02124,0.02136,0.02121,0.02124,2783451,59190.56269
1786690800000,0.02124,0.02129,0.02121,0.02121,1191237,25315.09339
1786694400000,0.02121,0.02124,0.02114,0.02122,1826776,38708.683538
1786698000000,0.02122,0.02123,0.02104,0.02108,2124340,44854.717037
1786701600000,0.02108,0.02116,0.02106,0.02107,1044308,22051.68102
1786705200000,0.02107,0.02124,0.02107,0.02122,2268477,47983.01465
1786708800000,0.02122,0.02129,0.02111,0.02112,2312820,49077.02254
1786712400000,0.02112,0.02119,0.02109,0.02115,1969318,41637.36477
1786716000000,0.02115,0.02116,0.02085,0.02094,7219647,151266.837339
1786719600000,0.02094,0.02106,0.02089,0.02106,1929981,40446.16094
1786723200000,0.02106,0.02116,0.02105,0.02106,2446066,51607.54628
1786726800000,0.02106,0.02111,0.02102,0.02102,2020073,42554.01797
1786730400000,0.02102,0.02109,0.02096,0.02098,1883495,39613.78865
1786734000000,0.02098,0.02108,0.0209,0.02107,2069893,43407.03539
1786737600000,0.02107,0.02112,0.02102,0.02105,3423983,72116.75654
1786741200000,0.02105,0.02108,0.02094,0.02098,1020117,21444.32372
1786744800000,0.02098,0.02102,0.02088,0.021,2423757,50725.25136
1786748400000,0.021,0.02113,0.02098,0.02111,1265595,26617.87895
1786752000000,0.02111,0.02116,0.02089,0.02101,3909543,82174.72014
1786755600000,0.02101,0.02101,0.02095,0.02095,785624,16475.49933
1786759200000,0.02095,0.02104,0.02094,0.02099,1556068,32668.11157
1786762800000,0.02099,0.02104,0.02093,0.02093,1590124,33332.3575
1786766400000,0.02093,0.021,0.02084,0.0209,2810523,58803.700863
1786770000000,0.0209,0.02091,0.02076,0.02085,3284000,68442.362627
1786773600000,0.02085,0.02104,0.02085,0.02098,2987650,62599.65205
1786777200000,0.02098,0.021,0.02094,0.02096,1633942,34252.42368
1786780800000,0.02096,0.02103,0.02091,0.02099,914948,19194.98889
1786784400000,0.02099,0.02105,0.02096,0.02105,1038838,21809.86875
1786788000000,0.02105,0.02112,0.02103,0.02107,2870434,60494.62344
1786791600000,0.02107,0.02107,0.02096,0.02096,1237974,26018.51582
1786795200000,0.02096,0.02097,0.02094,0.02097,511732,10724.71172
1786798800000,0.02097,0.02102,0.02095,0.02097,1478865,31045.17705
1786802400000,0.02097,0.021,0.02087,0.0209,1718821,35945.54695
1786806000000,0.0209,0.02099,0.0209,0.02098,1025766,21494.89472
1786809600000,0.02098,0.02106,0.02092,0.02093,1922551,40368.35867
1786813200000,0.02093,0.02095,0.02086,0.02089,1106553,23121.6282
1786816800000,0.02089,0.02094,0.02084,0.02084,2945575,61488.76189
1786820400000,0.02084,0.02089,0.02081,0.02088,1795185,37425.72026
1786824000000,0.02088,0.02088,0.02066,0.02076,3475422,72023.40764
1786827600000,0.02076,0.02084,0.02072,0.02079,1227127,25501.54815
1786831200000,0.02079,0.0209,0.02079,0.02084,1154361,24070.84006
1786834800000,0.02084,0.02094,0.02081,0.02087,1393701,29107.24289
1786838400000,0.02087,0.0209,0.02082,0.02084,993773,20718.39226
1786842000000,0.02084,0.02084,0.02077,0.02081,854646,17776.90988
1786845600000,0.02081,0.02085,0.02077,0.02078,837030,17412.61065
1786849200000,0.02078,0.02085,0.02078,0.02082,574718,11968.49668
1786852800000,0.02082,0.02086,0.02082,0.02085,727687,15165.30092
1786856400000,0.02085,0.02097,0.02085,0.02097,1562874,32703.27281
1786860000000,0.02097,0.02099,0.02088,0.02093,545138,11415.71776
1786863600000,0.02093,0.02093,0.0209,0.0209,804838,16828.16456
1786867200000,0.0209,0.02093,0.02087,0.02088,957480,20002.72027
1786870800000,0.02088,0.02091,0.02087,0.02091,586057,12243.84926
1786874400000,0.02091,0.02096,0.02088,0.02094,739095,15472.74881
1786878000000,0.02094,0.02099,0.0209,0.02097,657975,13790.38425
1786881600000,0.02097,0.02101,0.02089,0.0209,1182683,24757.50878
1786885200000,0.0209,0.02091,0.02082,0.02083,1744460,36398.64425
1786888800000,0.02083,0.02087,0.02079,0.02085,1270054,26461.58488
1786892400000,0.02085,0.02089,0.02083,0.02088,388879,8112.7209
1786896000000,0.02088,0.02093,0.02087,0.0209,928152,19404.11671
1786899600000,0.0209,0.02098,0.0209,0.02093,1010349,21150.85245
1786903200000,0.02093,0.02093,0.02081,0.02085,2068494,43114.09086
1786906800000,0.02085,0.02088,0.02083,0.02087,1704182,35553.17332
1786910400000,0.02087,0.02088,0.02076,0.02076,692096,14413.46706
1786914000000,0.02076,0.02085,0.02059,0.02064,3126326,64730.482407
1786917600000,0.02064,0.02065,0.02033,0.02041,14486258,296675.557266
1786921200000,0.02041,0.02043,0.02017,0.02027,9788718,198496.521954
1786924800000,0.02027,0.02029,0.01997,0.0201,7721896,155171.617144
1786928400000,0.0201,0.0204,0.02004,0.02021,7570392,152637.55158
1786932000000,0.02021,0.02027,0.02007,0.02022,3205816,64646.60299
1786935600000,0.02022,0.02047,0.02004,0.0203,6880122,139973.37598
1786939200000,0.0203,0.02033,0.02014,0.02021,3327066,67361.6419
1786942800000,0.02021,0.02021,0.02001,0.02006,3721614,74739.0949
1786946400000,0.02006,0.02029,0.01998,0.02021,7829544,157382.1315
1786950000000,0.02021,0.02028,0.02012,0.02013,4000737,80847.95011
1786953600000,0.02013,0.02015,0.01993,0.02003,9406028,188500.465173
1786957200000,0.02003,0.02006,0.01969,0.01981,19422107,385165.82442
1786960800000,0.01981,0.02009,0.01973,0.02009,11077941,220261.81492
1786964400000,0.02009,0.02023,0.02005,0.02016,8490049,170966.38112
1786968000000,0.02016,0.02019,0.02009,0.0201,3185472,64142.92847
1786971600000,0.0201,0.02018,0.02003,0.02011,1893844,38075.55927
1786975200000,0.02011,0.02028,0.02008,0.02025,2889025,58337.48102
1786978800000,0.02025,0.02097,0.02016,0.02091,24453862,503620.7675
1786982400000,0.02091,0.02114,0.02074,0.0209,17621512,368774.379
1786986000000,0.0209,0.02096,0.02071,0.02085,6854038,142860.21355
1786989600000,0.02085,0.02088,0.02067,0.02072,5192792,107783.14341
1786993200000,0.02072,0.02085,0.02064,0.02069,4818721,99943.00185
1786996800000,0.02069,0.02081,0.02062,0.0208,3745113,77620.41757
1787000400000,0.0208,0.02115,0.02074,0.02107,3294256,68896.4609
1787004000000,0.02107,0.02128,0.02095,0.02101,6392657,134799.70802
1787007600000,0.02101,0.02189,0.02092,0.02177,26525672,568333.42418
1787011200000,0.02177,0.0219,0.0214,0.02157,12715230,275219.98959
1787014800000,0.02157,0.02162,0.02145,0.0216,3634150,78347.74465
1787018400000,0.0216,0.02164,0.02115,0.02119,6846212,146538.95144
1787022000000,0.02119,0.02121,0.02082,0.021,15782572,330977.56609
1787025600000,0.021,0.02115,0.02096,0.02101,1883500,39672.84201
1787029200000,0.02101,0.02103,0.02076,0.021,3175571,66311.73686
1787032800000,0.021,0.02149,0.02097,0.02148,11195867,237839.33128
1787036400000,0.02148,0.02169,0.0212,0.02128,10088566,217049.60397
1787040000000,0.02128,0.02142,0.02117,0.02141,4812877,102492.19265
1787043600000,0.02141,0.02151,0.0212,0.02123,6881287,146807.19738
1787047200000,0.02123,0.02131,0.02112,0.02113,3571941,75738.62836
1787050800000,0.02113,0.0212,0.02096,0.02113,3177843,67085.42039
1787054400000,0.02113,0.02113,0.02097,0.02103,4225844,88822.9082
1787058000000,0.02103,0.02126,0.02096,0.0212,3826463,81018.60251
1787061600000,0.0212,0.02141,0.021,0.02104,14112735,299359.75283
1787065200000,0.02104,0.02109,0.02094,0.02105,4966838,104506.70946
1787068800000,0.02105,0.02108,0.02093,0.02106,3727803,78322.60869
1787072400000,0.02106,0.02133,0.02103,0.02125,3826756,81041.70159
1787076000000,0.02125,0.02134,0.02121,0.02131,1739173,37037.97294
1787079600000,0.02131,0.02131,0.02119,0.02121,1405260,29828.79208
1787083200000,0.02121,0.02129,0.02095,0.02099,2441561,51514.86584
1787086800000,0.02099,0.02113,0.02098,0.02104,1396706,29400.3399
1787090400000,0.02104,0.0211,0.02099,0.02107,1324392,27877.68205
1787094000000,0.02107,0.02128,0.02107,0.02122,3929172,83276.63375
1787097600000,0.02122,0.02134,0.02112,0.02117,4224600,89797.44006
1787101200000,0.02117,0.02158,0.02103,0.02158,15063243,320077.10954
1787104800000,0.02158,0.022,0.02135,0.02147,18407640,399847.38329
1787108400000,0.02147,0.02149,0.02128,0.02128,2679278,57301.50189
1787112000000,0.02128,0.02136,0.02122,0.02136,3364768,71617.72841
1787115600000,0.02136,0.02141,0.02116,0.02124,5191249,110241.90039
1787119200000,0.02124,0.02151,0.02118,0.02145,10586644,226818.33499
1787122800000,0.02145,0.02164,0.02145,0.02163,4886698,105281.08239
1787126400000,0.02163,0.02174,0.02149,0.02169,3709582,80273.73817
1787130000000,0.02169,0.02182,0.02165,0.02177,5698855,123990.77126
1787133600000,0.02177,0.02192,0.02176,0.02192,5091082,111188.62549
1787137200000,0.02192,0.02199,0.02184,0.02188,7079471,155283.29185
1787140800000,0.02188,0.02204,0.02176,0.02197,4656722,101983.98281
1787144400000,0.02197,0.0221,0.02171,0.02173,12796705,280500.51234
1787148000000,0.02173,0.02212,0.02165,0.02202,13407815,293040.38743
1787151600000,0.02202,0.02237,0.02184,0.0219,37656929,832681.381578
1787155200000,0.0219,0.02256,0.02182,0.02216,25960547,575636.181367
1787158800000,0.02216,0.02216,0.02183,0.02204,16819335,369515.66094
1787162400000,0.02204,0.02225,0.02201,0.02218,13731181,303576.46637
1787166000000,0.02218,0.02224,0.02199,0.02223,5029355,111129.86182
1787169600000,0.02223,0.0228,0.02222,0.02273,33525701,754826.821339
1787173200000,0.02273,0.02309,0.02245,0.02261,39750386,907661.236165
1787176800000,0.02261,0.02302,0.02233,0.02239,19633922,442254.88782
1787180400000,0.02239,0.02264,0.02236,0.02255,3698816,83234.78875
1787184000000,0.02255,0.02274,0.02244,0.02252,11813629,266938.77944
1787187600000,0.02252,0.023,0.0223,0.02277,11427593,259177.58767
1787191200000,0.02277,0.02318,0.02275,0.02304,18768259,432210.407489
1787194800000,0.02304,0.02387,0.02289,0.02377,51513530,1204802.840248
1787198400000,0.02377,0.02429,0.02369,0.02393,46762766,1122395.755208
1787202000000,0.02393,0.02475,0.02388,0.02432,30916033,753943.590061
1787205600000,0.02432,0.02502,0.02425,0.02499,21004779,517726.045069
1787209200000,0.02499,0.02511,0.02486,0.02504,29537004,738405.471754
1787212800000,0.02504,0.02546,0.02454,0.02476,41286468,1030458.324361
1787216400000,0.02476,0.02554,0.02472,0.02546,22595214,568943.022725
1787220000000,0.02546,0.02608,0.02525,0.02598,36087289,929372.455997
1787223600000,0.02598,0.027,0.02559,0.02656,94770649,2492241.142429
1787227200000,0.02656,0.02698,0.02595,0.02633,56213411,1482928.00669
1787230800000,0.02633,0.02662,0.02535,0.02592,51928513,1339384.80331
1787234400000,0.02592,0.0261,0.02556,0.02585,47852725,1241392.2119
1787238000000,0.02585,0.02681,0.02585,0.02666,51384477,1357288.77201
1787241600000,0.02666,0.02671,0.02598,0.02603,30749861,807429.40207
1787245200000,0.02603,0.02624,0.02571,0.02593,15163073,394306.94333
1787248800000,0.02593,0.02596,0.02528,0.02546,33071008,844037.39975
1787252400000,0.02546,0.02593,0.0253,0.02573,8769779,224937.33909
1787256000000,0.02573,0.02579,0.02543,0.02548,10664426,273048.09565
1787259600000,0.02548,0.02683,0.02523,0.02665,63309787,1652110.04796
1787263200000,0.02665,0.02741,0.0256,0.02608,197770964,5256718.109663
1787266800000,0.02608,0.02698,0.02605,0.02671,56316919,1497722.88587
1787270400000,0.02671,0.02727,0.0263,0.02664,48351921,1293265.78091
1787274000000,0.02664,0.02713,0.02605,0.02637,40015086,1061902.96648
1787277600000,0.02637,0.02655,0.02607,0.02623,22570600,593386.35442
1787281200000,0.02623,0.02646,0.02594,0.02616,17673715,462543.05427
1787284800000,0.02616,0.0264,0.02609,0.02636,9141794,240264.18059
1787288400000,0.02636,0.02732,0.02629,0.02713,17789729,477692.29644
1787292000000,0.02713,0.02797,0.02707,0.02793,55108175,1518059.016355
1787295600000,0.02793,0.0283,0.02746,0.02763,49743384,1389527.551307
1787299200000,0.02763,0.02856,0.02745,0.02824,75893390,2134804.120091
1787302800000,0.02824,0.02827,0.02682,0.02709,66986902,1835851.27416
1787306400000,0.02709,0.02885,0.02685,0.02862,80592557,2238329.887549
1787310000000,0.02862,0.02903,0.02804,0.02805,66388560,1904666.641913
1787313600000,0.02805,0.0284,0.02757,0.02788,50641677,1418108.38641
1787317200000,0.02788,0.02835,0.02737,0.02819,64326297,1796933.14837
1787320800000,0.02819,0.02827,0.02709,0.02822,97265633,2689841.13216
1787324400000,0.02822,0.02868,0.02784,0.02822,38795499,1094670.39536
1787328000000,0.02822,0.02823,0.02749,0.02778,34053641,947189.71669
1787331600000,0.02778,0.02813,0.02745,0.02791,27104771,754051.12935
1787335200000,0.02791,0.02829,0.02771,0.02791,32296696,904774.05293
1787338800000,0.02791,0.02881,0.02764,0.02846,32285443,910042.82345
1787342400000,0.02846,0.02889,0.02809,0.02889,38672133,1102706.5372
1787346000000,0.02889,0.0289,0.02819,0.02826,42613825,1213819.7307
1787349600000,0.02826,0.02937,0.02823,0.02915,65369496,1893832.701903
1787353200000,0.02915,0.02969,0.02852,0.02863,58592953,1705607.290379
1787356800000,0.02863,0.02864,0.02712,0.02821,82033498,2284678.51152
1787360400000,0.02821,0.02884,0.02809,0.02811,16887925,480880.32515
1787364000000,0.02811,0.02947,0.02805,0.02928,31416526,908100.54912
1787367600000,0.02928,0.02985,0.02912,0.02915,39804338,1176729.564959
1787371200000,0.02915,0.02996,0.02865,0.02881,93664997,2740581.76093
1787374800000,0.02881,0.02911,0.02536,0.02689,236433206,6327724.49862
1787378400000,0.02689,0.0274,0.02632,0.02693,55987118,1504598.62094
1787382000000,0.02693,0.02778,0.02679,0.02692,45277728,1235165.97218
1787385600000,0.02692,0.02765,0.0266,0.02678,59333069,1604066.66805
1787389200000,0.02678,0.02686,0.02634,0.02671,29716537,790351.152
1787392800000,0.02671,0.02686,0.02614,0.0265,29748932,786866.00343
1787396400000,0.0265,0.02687,0.02628,0.02677,23115654,613760.0602
1787400000000,0.02677,0.02756,0.02668,0.02732,37895075,1028373.05603
1787403600000,0.02732,0.02812,0.02716,0.0277,33429573,923785.35679
1787407200000,0.0277,0.02778,0.02704,0.02728,27843427,758313.88984
1787410800000,0.02728,0.02778,0.02709,0.02773,7466579,205015.05622
1787414400000,0.02773,0.02885,0.02737,0.0283,26598438,746703.07602
1787418000000,0.0283,0.02875,0.0279,0.02824,24489460,691889.48713
1787421600000,0.02824,0.02886,0.02798,0.02874,17075687,486059.25239
1787425200000,0.02874,0.0297,0.02857,0.02955,32907901,957632.74964
1787428800000,0.02955,0.03023,0.02925,0.02939,53631252,1599381.17533
1787432400000,0.02939,0.02948,0.02819,0.02836,37605142,1076157.91987
1787436000000,0.02836,0.02874,0.02806,0.02832,15381921,436373.19069
1787439600000,0.02832,0.02854,0.0279,0.02807,23379994,656903.69883
1787443200000,0.02807,0.02842,0.02752,0.0281,34426352,960556.2183
1787446800000,0.0281,0.02839,0.02789,0.02794,8047997,226324.58593
1787450400000,0.02794,0.02797,0.02731,0.02753,23775251,654579.67311
1787454000000,0.02753,0.02763,0.02724,0.02726,7640421,209102.7229
1787457600000,0.02726,0.02735,0.02669,0.02685,29951581,807603.51613
1787461200000,0.02685,0.02748,0.0265,0.02709,19077164,515185.4023
1787464800000,0.02709,0.02732,0.02654,0.02703,24559071,660533.21902
1787468400000,0.02703,0.02766,0.02699,0.0272,21928087,599479.39871
1787472000000,0.0272,0.02873,0.02718,0.02871,37667692,1060017.42907
1787475600000,0.02871,0.02892,0.02835,0.02878,12855470,368690.32955
1787479200000,0.02878,0.02957,0.02858,0.02943,28373160,828229.54519
1787482800000,0.02943,0.02973,0.02873,0.02973,23710743,690213.1313
1787486400000,0.02973,0.02974,0.02907,0.02914,19344193,569455.48915
1787490000000,0.02914,0.03057,0.02912,0.03035,59965860,1790717.215583
1787493600000,0.03035,0.030901,0.02965,0.03057,43566090,1320426.77661
1787497200000,0.03057,0.03096,0.0292,0.02925,57972648,1728667.053746
1787500800000,0.02925,0.0293,0.02848,0.02909,35135633,1013675.17845
1787504400000,0.02909,0.02949,0.02844,0.02899,21301610,619464.27795
1787508000000,0.02899,0.03013,0.02889,0.0297,30894135,917359.4428
1787511600000,0.0297,0.03022,0.02955,0.03001,26844038,804940.49003
1787515200000,0.03001,0.03004,0.02963,0.02982,21896465,652862.64544
1787518800000,0.02982,0.0303,0.0294,0.02977,16867039,504785.98997
1787522400000,0.02977,0.03018,0.02951,0.0298,26384056,786134.91573
1787526000000,0.0298,0.03045,0.0297,0.03042,14735684,443146.90052
1787529600000,0.03042,0.03065,0.02984,0.03034,48724362,1474854.95037
1787533200000,0.03034,0.03035,0.02909,0.02915,23452095,697596.73178
1787536800000,0.02915,0.02964,0.02893,0.02947,19438890,568559.87035
1787540400000,0.02947,0.02957,0.02876,0.02879,36971268,1076045.01976
1787544000000,0.02879,0.02938,0.02878,0.02908,13519803,393670.6847
1787547600000,0.02908,0.02988,0.02895,0.02976,12475844,365757.03432
1787551200000,0.02976,0.02993,0.02901,0.02967,9503639,280098.50508
1787554800000,0.02967,0.03078,0.02948,0.02997,42050851,1270051.78428
1787558400000,0.02997,0.03005,0.02885,0.02901,22256065,651369.39059
1787562000000,0.02901,0.02941,0.02901,0.02912,22978830,671366.34691
1787565600000,0.02912,0.02943,0.02827,0.02867,57990923,1676699.11766
1787569200000,0.02867,0.02993,0.02848,0.0294,51825261,1507526.86418
1787572800000,0.0294,0.03004,0.02874,0.02995,31015636,915587.30136
1787576400000,0.02995,0.03015,0.02873,0.02909,42819407,1254149.7435
1787580000000,0.02909,0.02956,0.0287,0.02915,44163891,1283862.33676
1787583600000,0.02915,0.03077,0.02908,0.0296,74726170,2246690.43683
1787587200000,0.0296,0.03032,0.02922,0.02968,31100664,924895.50453
1787590800000,0.02968,0.03016,0.02921,0.02984,25322007,753155.74583
1787594400000,0.02984,0.03224,0.02978,0.03172,111581135,3502862.698862
1787598000000,0.03172,0.03228,0.03136,0.03162,58126943,1843110.86699
1787601600000,0.03162,0.03167,0.03031,0.03069,60086023,1851909.04409
1787605200000,0.03069,0.03128,0.0304,0.03048,28395541,877058.31589
1787608800000,0.03048,0.03178,0.03039,0.03159,20215355,631923.80622
1787612400000,0.03159,0.03165,0.03101,0.0315,26515172,830356.11931
1787616000000,0.0315,0.03203,0.0309,0.03163,32736552,1028081.45707
1787619600000,0.03163,0.03178,0.03081,0.03159,35228674,1106365.31921
1787623200000,0.03159,0.03222,0.03135,0.03162,20291549,645354.60247
1787626800000,0.03162,0.03173,0.03123,0.0313,15427992,486013.21701
1787630400000,0.0313,0.03152,0.0307,0.0309,23247880,722862.27552
1787634000000,0.0309,0.03159,0.03089,0.03104,17274265,538896.97483
1787637600000,0.03104,0.0311,0.02964,0.02984,87930370,2661226.52971
1787641200000,0.02984,0.0306,0.02979,0.03006,46686049,1406129.45038
1787644800000,0.03006,0.0301,0.02941,0.02961,28431554,845197.14482
1787648400000,0.02961,0.03031,0.02928,0.02982,55400283,1657367.57244
1787652000000,0.02982,0.03017,0.0296,0.03003,12635957,376886.93572
1787655600000,0.03003,0.03005,0.02952,0.02994,26009530,774530.89467
1787659200000,0.02994,0.03037,0.02961,0.03018,17999869,538363.27865
1787662800000,0.03018,0.03022,0.0285,0.02915,107373307,3115527.5788
1787666400000,0.02915,0.02976,0.029,0.02955,26918894,789763.77288
1787670000000,0.02955,0.02956,0.02899,0.02916,18769037,548280.18856
1787673600000,0.02916,0.02948,0.02902,0.02921,11366865,332259.29234
1787677200000,0.02921,0.0293,0.02875,0.02916,12466120,361508.65501
1787680800000,0.02916,0.02941,0.02911,0.02926,6222613,182166.33816
1787684400000,0.02926,0.02932,0.02889,0.02913,10631151,308967.48347
1787688000000,0.02913,0.02917,0.02793,0.02827,44275378,1259457.96478
1787691600000,0.02827,0.02882,0.02796,0.02856,31418012,892076.22795
1787695200000,0.02856,0.02882,0.02831,0.02876,13681366,391307.83706
1787698800000,0.02876,0.02887,0.0276,0.02766,67918123,1900967.13706
1787702400000,0.02766,0.02798,0.02751,0.02771,47455227,1315734.33302
1787706000000,0.02771,0.02794,0.02754,0.02772,34903555,968465.63206
1787709600000,0.02772,0.02808,0.02765,0.02782,18877745,525513.48629
1787713200000,0.02782,0.02792,0.02754,0.02764,8047755,222955.42069
1787716800000,0.02764,0.0282,0.02743,0.0277,31311369,872144.92007
1787720400000,0.0277,0.02781,0.02699,0.02759,43541249,1187251.22999
1787724000000,0.02759,0.02829,0.02754,0.02763,39838236,1112439.67098
1787727600000,0.02763,0.02792,0.02753,0.02771,8388065,232759.55435
1787731200000,0.02771,0.0279,0.02752,0.0276,16877672,468463.72743
1787734800000,0.0276,0.0277,0.02721,0.02747,13554529,371259.54283
1787738400000,0.02747,0.02846,0.02722,0.02845,41555725,1160701.87316
1787742000000,0.02845,0.02845,0.02774,0.02802,10946005,306417.31938
1787745600000,0.02802,0.02826,0.02779,0.02782,9946379,278698.98693
1787749200000,0.02782,0.02795,0.0274,0.02765,20560299,568146.39619
1787752800000,0.02765,0.02787,0.0271,0.02712,22971784,629768.91766
1787756400000,0.02712,0.0275,0.02688,0.0274,31592318,859457.857
1787760000000,0.0274,0.02769,0.02729,0.02758,12923056,354773.36606
1787763600000,0.02758,0.02794,0.02754,0.02784,15955434,443084.63883
1787767200000,0.02784,0.02812,0.02774,0.02791,13009029,363562.99151
1787770800000,0.02791,0.02791,0.02763,0.02764,6504804,180900.42122
1787774400000,0.02764,0.02764,0.02737,0.02744,7717667,212019.98993
1787778000000,0.02744,0.02854,0.02742,0.02829,19477800,546293.2873
1787781600000,0.02829,0.02871,0.02825,0.02833,20432460,581826.1229
1787785200000,0.02833,0.02861,0.02831,0.02851,8471011,240962.73101
1787788800000,0.02851,0.02852,0.02806,0.02807,9247522,261052.68525
1787792400000,0.02807,0.02884,0.028,0.02839,33663739,950604.05322
1787796000000,0.02839,0.02846,0.02807,0.02819,7403403,208895.19182
1787799600000,0.02819,0.02829,0.02782,0.02787,4996928,140339.63435
1787803200000,0.02787,0.02795,0.02745,0.02756,7054838,195604.46217
1787806800000,0.02756,0.02811,0.02696,0.02802,51647829,1419064.65308
1787810400000,0.02802,0.02812,0.02761,0.02773,9674626,269553.53656
1787814000000,0.02773,0.02849,0.02762,0.02837,28485394,800240.96981
1787817600000,0.02837,0.02909,0.02828,0.02872,54077773,1555158.14754
1787821200000,0.02872,0.02925,0.02853,0.02856,26704414,773065.24007
1787824800000,0.02856,0.02864,0.02787,0.02806,24482300,687721.3917
1787828400000,0.02806,0.02826,0.02788,0.02813,7779529,218195.74111
1787832000000,0.02813,0.02813,0.02784,0.02793,6757796,189166.75108
1787835600000,0.02793,0.02831,0.0276,0.02794,21683307,603429.71251
1787839200000,0.02794,0.02848,0.02789,0.02817,12444370,350047.10991
1787842800000,0.02817,0.02834,0.02753,0.02771,27161412,757112.31072
1787846400000,0.02771,0.02815,0.02768,0.028,13835248,386783.76311
1787850000000,0.028,0.02889,0.02782,0.02863,62486942,1784860.41848
1787853600000,0.02863,0.02911,0.02795,0.02831,20874536,592040.91901
1787857200000,0.02831,0.02835,0.02766,0.02795,13382552,374642.01594
1787860800000,0.02795,0.02805,0.02785,0.028,2661054,74353.09152
1787864400000,0.028,0.02818,0.02787,0.02798,4993099,140070.65512
1787868000000,0.02798,0.02836,0.02798,0.02818,4959720,139874.37917
1787871600000,0.02818,0.02859,0.028,0.02858,12378110,350821.81191
1787875200000,0.02858,0.02883,0.02838,0.0287,9884539,282758.35868
1787878800000,0.0287,0.02908,0.02815,0.02828,9869620,283138.11685
1787882400000,0.02828,0.02829,0.0272,0.02737,34490356,950471.93575
1787886000000,0.02737,0.02744,0.02683,0.02708,24681904,671042.43653
1787889600000,0.02708,0.02726,0.02683,0.02688,18657996,503629.33402
1787893200000,0.02688,0.02758,0.02686,0.02731,26380104,719721.63668
1787896800000,0.02731,0.02737,0.02724,0.02732,5320940,145302.40092
1787900400000,0.02732,0.02734,0.02679,0.02698,20999139,566897.01556
1787904000000,0.02698,0.02713,0.02655,0.02697,24364319,654248.6804
1787907600000,0.02697,0.02714,0.02684,0.0271,9650426,260386.25662
1787911200000,0.0271,0.0276,0.02683,0.02756,24275328,661212.30328
1787914800000,0.02756,0.02802,0.02744,0.02796,16215911,450445.189
1787918400000,0.02796,0.02796,0.02728,0.02731,10896975,300046.90882
1787922000000,0.02731,0.02765,0.0273,0.02751,9104678,250278.37038
1787925600000,0.02751,0.02801,0.02683,0.02787,34541724,947744.14293
1787929200000,0.02787,0.02798,0.02615,0.02615,69472451,1863537.51406
1787932800000,0.02615,0.02649,0.02548,0.02622,74333224,1935931.86927
1787936400000,0.02622,0.02657,0.02608,0.02642,12568171,331140.73129
1787940000000,0.02642,0.0265,0.02585,0.02649,23311029,611116.15449
1787943600000,0.02649,0.02661,0.02624,0.02648,12476053,330101.28273
1787947200000,0.02648,0.027,0.02639,0.02666,15573774,417315.23968
1787950800000,0.02666,0.02692,0.02637,0.02675,20797862,553501.7801
1787954400000,0.02675,0.02745,0.02673,0.02695,28993752,785077.79997
1787958000000,0.02695,0.02736,0.0269,0.0273,3763826,102058.82723
1787961600000,0.0273,0.02732,0.02706,0.02708,3145623,85623.4231
1787965200000,0.02708,0.02716,0.02677,0.02679,5038065,135873.01929
1787968800000,0.02679,0.02746,0.02679,0.02741,5591009,151663.72112
1787972400000,0.02741,0.02745,0.027,0.02704,5705397,155334.52143
1787976000000,0.02704,0.02773,0.02704,0.02771,7302126,200165.29396
1787979600000,0.02771,0.02784,0.02752,0.02759,8993584,248955.50015
1787983200000,0.02759,0.0276,0.02718,0.02739,9393236,257403.68218
1787986800000,0.02739,0.02759,0.02728,0.02734,4890707,134335.22406
1787990400000,0.02734,0.02756,0.02702,0.02704,13718612,373524.21541
1787994000000,0.02704,0.02723,0.02696,0.0271,5693360,154167.67364
1787997600000,0.0271,0.0272,0.02698,0.0271,3108655,84179.55367
1788001200000,0.0271,0.02721,0.02706,0.02711,3350209,90891.10708
1788004800000,0.02711,0.02726,0.02702,0.02713,2583303,70121.47149
1788008400000,0.02713,0.02719,0.02702,0.02714,1464231,39687.48595
1788012000000,0.02714,0.02741,0.02708,0.02724,6779381,184565.16597
1788015600000,0.02724,0.02726,0.02688,0.02691,4584703,123894.75565
1788019200000,0.02691,0.02711,0.02646,0.0268,10194840,273446.98057
1788022800000,0.0268,0.02684,0.02611,0.02636,12573149,332250.09346
1788026400000,0.02636,0.02679,0.02628,0.02666,9439935,249975.08223
1788030000000,0.02666,0.02682,0.02662,0.02674,2639915,70579.38391
1788033600000,0.02674,0.02687,0.02663,0.02668,4904030,131240.15844
1788037200000,0.02668,0.02678,0.0265,0.02674,10839681,288648.70848
1788040800000,0.02674,0.02681,0.02663,0.02677,3561075,95093.78879
1788044400000,0.02677,0.02683,0.02663,0.02667,2291484,61307.55308
1788048000000,0.02667,0.02709,0.02648,0.02678,17866346,480043.03122
1788051600000,0.02678,0.02689,0.02669,0.0267,5050583,135212.42272
1788055200000,0.0267,0.02705,0.0267,0.02691,5998878,161380.12807
1788058800000,0.02691,0.02696,0.02673,0.02674,2025822,54423.298
1788062400000,0.02674,0.02674,0.02634,0.02655,8264085,218951.86232
1788066000000,0.02655,0.0267,0.02652,0.0267,4466841,118963.0417
1788069600000,0.0267,0.02672,0.02653,0.02669,4525910,120522.31347
1788073200000,0.02669,0.02669,0.02649,0.02656,2580808,68622.55488
1788076800000,0.02656,0.0268,0.02634,0.0265,13341592,353645.47673
1788080400000,0.0265,0.02661,0.0265,0.02656,4659198,123736.94183
1788084000000,0.02656,0.0267,0.02644,0.02659,1844767,48999.24388
1788087600000,0.02659,0.02661,0.02639,0.02647,3058764,81065.58123
1788091200000,0.02647,0.02719,0.02646,0.02712,14939798,401468.37471
1788094800000,0.02712,0.0275,0.02708,0.02744,12786271,349172.6284
1788098400000,0.02744,0.02793,0.0274,0.02773,15032316,416338.46488
1788102000000,0.02773,0.0278,0.02754,0.02775,7035598,194657.03397
1788105600000,0.02775,0.02797,0.02763,0.02773,9573725,265886.05383
1788109200000,0.02773,0.02773,0.02726,0.02734,3216702,88158.93752
1788112800000,0.02734,0.02768,0.02724,0.02757,3551532,97570.61603
1788116400000,0.02757,0.02845,0.02756,0.02813,47407108,1336998.70612
1788120000000,0.02813,0.02823,0.0276,0.02801,23219850,648803.60411
1788123600000,0.02801,0.02807,0.02741,0.0279,23673701,656594.59081
1788127200000,0.0279,0.02798,0.0271,0.02736,20801055,569920.49521
1788130800000,0.02736,0.02741,0.02588,0.02649,60045350,1593486.57349
1788134400000,0.02649,0.0271,0.02641,0.02678,14847628,398103.78291
1788138000000,0.02678,0.02698,0.02634,0.02642,10044847,267326.38099
1788141600000,0.02642,0.02663,0.02627,0.02642,13819680,366339.08907
1788145200000,0.02642,0.02651,0.0263,0.02635,3234907,85436.16838
1788148800000,0.02635,0.02638,0.02603,0.02635,6601332,172740.88331
1788152400000,0.02635,0.02663,0.02631,0.02648,3063199,81246.63115
1788156000000,0.02648,0.02655,0.02636,0.02647,3646804,96408.52206
1788159600000,0.02647,0.02665,0.02645,0.0265,3198507,84763.31657
1788163200000,0.0265,0.02664,0.02616,0.02635,15011275,396154.24895
1788166800000,0.02635,0.02681,0.0263,0.02658,8467196,225022.7486
1788170400000,0.02658,0.02676,0.02645,0.0267,6458340,171779.20799
1788174000000,0.0267,0.02682,0.02664,0.02674,5232375,139890.58862
1788177600000,0.02674,0.0269,0.02621,0.02631,11763388,312289.69526
1788181200000,0.02631,0.02659,0.02621,0.0263,9213469,243085.11087
1788184800000,0.0263,0.02677,0.02622,0.02668,9651751,255805.17557
1788188400000,0.02668,0.02691,0.02654,0.02665,10187379,271881.44797
1788192000000,0.02665,0.02715,0.02643,0.02699,13059507,349333.81827
1788195600000,0.02699,0.02742,0.02674,0.02726,14775948,400702.80002
1788199200000,0.02726,0.02776,0.02714,0.02718,26823153,737153.68441
1788202800000,0.02718,0.02734,0.02627,0.02643,26888742,718343.5427
1788206400000,0.02643,0.02687,0.02641,0.02664,12149907,324065.9805
1788210000000,0.02664,0.02667,0.02635,0.02649,4073322,107933.80089
1788213600000,0.02649,0.02659,0.02609,0.02633,6309528,165988.26182
1788217200000,0.02633,0.02651,0.02629,0.02643,2297613,60693.59735
1788220800000,0.02643,0.02661,0.02642,0.0265,3846151,102026.69408
1788224400000,0.0265,0.02657,0.02635,0.02642,3900103,103063.75007
1788228000000,0.02642,0.02642,0.02611,0.02641,6605577,173352.49339
1788231600000,0.02641,0.02716,0.02635,0.027,16638741,446816.39283
1788235200000,0.027,0.02718,0.02678,0.0268,8189685,221081.50207
1788238800000,0.0268,0.0273,0.02676,0.0272,9381058,254349.70023
1788242400000,0.0272,0.0272,0.02699,0.027,4795819,129848.93667
1788246000000,0.027,0.02725,0.02685,0.02699,7293401,197463.02282
1788249600000,0.02699,0.02699,0.02637,0.02653,16635052,442307.85911
1788253200000,0.02653,0.02669,0.02646,0.0266,3836980,101947.48112
1788256800000,0.0266,0.02667,0.02626,0.02651,20229850,534399.9173
1788260400000,0.02651,0.0269,0.02636,0.02684,8814049,235612.81603
1788264000000,0.02684,0.02687,0.02642,0.02654,7058881,187730.1712
1788267600000,0.02654,0.02671,0.02629,0.0266,8750670,231727.19735
1788271200000,0.0266,0.0268,0.02629,0.02635,7838828,208098.63342
1788274800000,0.02635,0.02646,0.02606,0.02632,11415036,299560.99035
1788278400000,0.02632,0.02645,0.02595,0.02619,15211516,397755.52244
1788282000000,0.02619,0.02624,0.02574,0.02581,15561725,403966.18318
1788285600000,0.02581,0.02593,0.02545,0.02578,29721195,762671.87315
1788289200000,0.02578,0.0259,0.02575,0.02589,13093506,338244.47006
1788292800000,0.02589,0.02608,0.02586,0.02602,15785043,409439.97408
1788296400000,0.02602,0.02656,0.026,0.02635,52869668,1388084.8342
1788300000000,0.02635,0.02662,0.02626,0.02646,7036990,186152.15
1788303600000,0.02646,0.02656,0.02638,0.02645,4337740,114850.05597
1788307200000,0.02645,0.02652,0.02613,0.02616,5718844,150686.5444
1788310800000,0.02616,0.0263,0.02579,0.02588,4254795,110836.46581
1788314400000,0.02588,0.02609,0.02576,0.02598,3932628,101743.41062
1788318000000,0.02598,0.02635,0.02598,0.0262,14499638,380352.78788
1788321600000,0.0262,0.02637,0.02602,0.0263,4835238,126639.19298
1788325200000,0.0263,0.02655,0.0262,0.0264,8193371,216481.36449
1788328800000,0.0264,0.02644,0.02609,0.02621,4982462,130842.04736
1788332400000,0.02621,0.02634,0.02584,0.02587,9638872,251142.16856
1788336000000,0.02587,0.02602,0.02562,0.02568,5682556,146690.89951
1788339600000,0.02568,0.02582,0.02538,0.0257,22649608,579989.71071
1788343200000,0.0257,0.02577,0.02513,0.02551,30116777,765620.73478
1788346800000,0.02551,0.02559,0.02538,0.02553,11082199,282575.55184
1788350400000,0.02553,0.0257,0.0255,0.0255,15439558,394535.81729
1788354000000,0.0255,0.02611,0.0255,0.02587,21863379,564513.4361
1788357600000,0.02587,0.02594,0.02566,0.02568,5474162,141440.17302
1788361200000,0.02568,0.02594,0.0255,0.02582,25521967,654642.92375
1788364800000,0.02582,0.02597,0.02555,0.02557,6588026,169686.61412
1788368400000,0.02557,0.02589,0.0255,0.02578,7209530,185009.35631
1788372000000,0.02578,0.02586,0.02561,0.02564,5712593,146877.99687
1788375600000,0.02564,0.02567,0.02555,0.02562,2923310,74846.15052
1788379200000,0.02562,0.02567,0.0255,0.02558,11736362,300200.04194
1788382800000,0.02558,0.02562,0.02528,0.02531,21632827,551399.55973
1788386400000,0.02531,0.02535,0.02472,0.02521,49876811,1246831.67909
1788390000000,0.02521,0.02543,0.02512,0.02534,8052921,203570.4721
1788393600000,0.02534,0.02544,0.02479,0.02498,12818269,320488.51178
1788397200000,0.02498,0.02517,0.0249,0.0249,6221284,155834.92188
1788400800000,0.0249,0.02535,0.0248,0.0252,11538166,289386.91185
1788404400000,0.0252,0.02527,0.02505,0.02508,4694372,118057.63068
1788408000000,0.02508,0.02523,0.02501,0.02523,4491547,112691.97173
1788411600000,0.02523,0.02548,0.02496,0.02547,8334259,209929.50161
1788415200000,0.02547,0.02565,0.02532,0.02557,27588630,703843.59962
1788418800000,0.02557,0.02573,0.02532,0.02543,9732183,248663.80153
1788422400000,0.02543,0.02574,0.02541,0.02545,12810793,328073.97435
1788426000000,0.02545,0.02561,0.02529,0.0253,5580476,141867.56413
1788429600000,0.0253,0.0253,0.02492,0.02526,10969644,275521.57043
1788433200000,0.02526,0.02588,0.02522,0.02552,28692614,733605.55363
1788436800000,0.02552,0.02578,0.02529,0.02563,14143804,361466.65903
1788440400000,0.02563,0.02621,0.02547,0.02594,51710726,1341049.85338
1788444000000,0.02594,0.02677,0.02583,0.02663,32192409,845575.24788
1788447600000,0.02663,0.02732,0.02619,0.02707,51883880,1386558.3949
1788451200000,0.02707,0.02725,0.02683,0.02695,25990242,702064.37453
1788454800000,0.02695,0.0271,0.02678,0.02703,15343431,413215.72584
1788458400000,0.02703,0.02713,0.02677,0.02707,10414118,280409.12525
1788462000000,0.02707,0.02715,0.02678,0.02697,18541734,499518.30815
1788465600000,0.02697,0.02709,0.02685,0.02692,11807120,318563.86604
1788469200000,0.02692,0.02703,0.02653,0.02663,15419020,413248.6203
1788472800000,0.02663,0.02691,0.02637,0.02651,12414885,329994.77048
1788476400000,0.02651,0.02721,0.02642,0.02708,14266110,383306.62242
1788480000000,0.02708,0.02716,0.02655,0.0266,24805753,665006.2445
1788483600000,0.0266,0.02685,0.02651,0.02677,12044861,321531.79055
1788487200000,0.02677,0.02688,0.02636,0.02683,12361704,329544.20191
1788490800000,0.02683,0.02702,0.02668,0.02672,25906482,696003.66941
1788494400000,0.02672,0.02672,0.02642,0.02669,16680779,443762.63443
1788498000000,0.02669,0.02669,0.02593,0.0262,29973407,787159.0471
1788501600000,0.0262,0.0265,0.02591,0.02645,18261010,478468.30939
1788505200000,0.02645,0.02664,0.02637,0.02646,12015192,318775.51907
1788508800000,0.02646,0.02715,0.02637,0.02692,30447889,815141.75101
1788512400000,0.02692,0.02794,0.02688,0.02792,42259160,1159448.60251
1788516000000,0.02792,0.0281,0.02694,0.02726,55719907,1525495.60041
1788519600000,0.02726,0.02752,0.02714,0.02726,16956474,462591.65878
1788523200000,0.02726,0.02729,0.0254,0.02561,120452820,3127858.22561
1788526800000,0.02561,0.02573,0.02493,0.02553,76574968,1942534.33606
1788530400000,0.02553,0.02559,0.02421,0.02427,84009609,2080782.65576
1788534000000,0.02427,0.02476,0.02412,0.02451,39360039,965216.06102
1788537600000,0.02451,0.02461,0.02423,0.0245,36360298,888172.46591
1788541200000,0.0245,0.02453,0.02422,0.02427,17545331,428076.07105
1788544800000,0.02427,0.02462,0.02426,0.02454,15870135,389198.09347
1788548400000,0.02454,0.0249,0.02453,0.02473,11120464,275000.48252
1788552000000,0.02473,0.02484,0.02464,0.0248,9684711,239537.06604
1788555600000,0.0248,0.02504,0.02475,0.02484,9576388,238387.3134
1788559200000,0.02484,0.02491,0.02463,0.02467,9152496,226266.14648
1788562800000,0.02467,0.02508,0.02457,0.02498,12278177,305525.93554
1788566400000,0.02498,0.02537,0.02481,0.0251,16817910,422453.49912
1788570000000,0.0251,0.0254,0.0251,0.0253,10063099,254307.93686
1788573600000,0.0253,0.02545,0.02507,0.0254,8939218,226035.43379
1788577200000,0.0254,0.02559,0.02513,0.02525,10788232,274431.94181
1788580800000,0.02525,0.02542,0.02522,0.02533,6586081,167012.07541
1788584400000,0.02533,0.02554,0.02495,0.02501,18526847,467242.56448
1788588000000,0.02501,0.02548,0.02501,0.02538,8376877,211163.20509
1788591600000,0.02538,0.02548,0.02523,0.02525,7170599,181680.51463
1788595200000,0.02525,0.0253,0.02507,0.02523,7225140,182202.72645
1788598800000,0.02523,0.02534,0.02518,0.02521,5542075,140057.26794
1788602400000,0.02521,0.02534,0.02513,0.0252,6222701,157003.56787
1788606000000,0.0252,0.02522,0.02492,0.02497,13341777,334398.1364
1788609600000,0.02497,0.02517,0.02481,0.02506,10391663,259227.17261
1788613200000,0.02506,0.02513,0.02488,0.02496,10086681,251979.89636
1788616800000,0.02496,0.02529,0.02463,0.02511,22112551,551423.01239
1788620400000,0.02511,0.02526,0.02503,0.02517,8664502,217757.34867
1788624000000,0.02517,0.02533,0.02513,0.02529,7939656,200128.15345
1788627600000,0.02529,0.02545,0.0251,0.02536,9153933,231835.69384
1788631200000,0.02536,0.02538,0.02508,0.02519,7457485,188084.17012
1788634800000,0.02519,0.02537,0.02497,0.02504,9780548,246455.4453
1788638400000,0.02504,0.02518,0.02498,0.02502,4500080,112822.50911
1788642000000,0.02502,0.0262,0.02469,0.02534,139757026,3557565.7931
1788645600000,0.02534,0.02549,0.02509,0.02524,29066453,735603.86322
1788649200000,0.02524,0.02524,0.02486,0.02491,15904446,398307.40807
1788652800000,0.02491,0.02533,0.02485,0.02511,13200396,330981.39428
1788656400000,0.02511,0.02559,0.02504,0.02546,16464335,416732.53822
1788660000000,0.02546,0.02584,0.02541,0.0257,15830609,406294.01095
1788663600000,0.0257,0.02595,0.02563,0.02565,10211283,263016.53095
1788667200000,0.02565,0.02577,0.02538,0.02571,10768025,275388.64685
1788670800000,0.02571,0.02593,0.0256,0.02579,9702383,249862.75009
1788674400000,0.02579,0.02583,0.02546,0.02567,13369416,343030.20222
1788678000000,0.02567,0.02597,0.02538,0.02591,9263764,237417.96174
1788681600000,0.02591,0.02625,0.02577,0.02625,14543255,377547.43448
1788685200000,0.02625,0.02646,0.02611,0.02626,18586873,489283.65075
1788688800000,0.02626,0.02673,0.02617,0.02666,16953916,448845.58297
1788692400000,0.02666,0.02727,0.02636,0.02718,27305274,729101.33107
1788696000000,0.02718,0.02744,0.02664,0.02712,32856242,888568.01219
1788699600000,0.02712,0.02713,0.02641,0.02653,29486952,787028.85734
1788703200000,0.02653,0.02671,0.02592,0.02608,29547003,776246.79514
1788706800000,0.02608,0.02657,0.02596,0.02641,14945508,393578.13632
1788710400000,0.02641,0.02658,0.02618,0.02654,13224605,349255.58388
1788714000000,0.02654,0.0267,0.02634,0.02657,13447943,356824.68019
1788717600000,0.02657,0.02691,0.02639,0.0269,16669884,443604.88291
1788721200000,0.0269,0.02703,0.02654,0.02689,19059947,511198.81404
1788724800000,0.02689,0.02695,0.02658,0.02678,10969763,293516.9899
1788728400000,0.02678,0.02706,0.02673,0.02699,10692544,287672.48128
1788732000000,0.02699,0.02699,0.02641,0.02684,17017814,454377.84314
1788735600000,0.02684,0.02713,0.02675,0.02708,10978431,296125.73422
1788739200000,0.02708,0.0272,0.02679,0.02701,14385546,388789.87963
1788742800000,0.02701,0.02719,0.02669,0.02681,15274986,411559.60154
1788746400000,0.02681,0.02702,0.02649,0.02661,11444172,306157.38219
1788750000000,0.02661,0.0267,0.02594,0.02623,21443787,564270.45377
1788753600000,0.02623,0.02641,0.02605,0.02627,15458991,405508.53938
1788757200000,0.02627,0.02674,0.02626,0.02656,8249816,218782.06298
1788760800000,0.02656,0.02657,0.02616,0.02627,10317878,272484.46744
1788764400000,0.02627,0.02642,0.0259,0.02624,21052068,550188.59538
1788768000000,0.02624,0.0265,0.02619,0.0263,8737752,230272.0125
1788771600000,0.0263,0.02668,0.02615,0.02633,12798997,338484.16989
1788775200000,0.02633,0.02639,0.02621,0.02631,3637406,95638.36374
1788778800000,0.02631,0.02641,0.02583,0.02638,13555556,353362.47928
1788782400000,0.02638,0.02687,0.0263,0.0267,19379405,516723.70484
1788786000000,0.0267,0.02687,0.02634,0.02647,24524252,651136.0719
1788789600000,0.02647,0.02672,0.02612,0.02652,17683903,466903.53258
1788793200000,0.02652,0.02666,0.0258,0.02608,16555486,434147.766
1788796800000,0.02608,0.02622,0.02602,0.02617,5254876,137292.35367
1788800400000,0.02617,0.02728,0.02616,0.02709,57350039,1547451.39057
1788804000000,0.02709,0.02827,0.02688,0.02799,97996171,2700670.76544
1788807600000,0.02799,0.02813,0.02706,0.02726,54882967,1509080.31969
1788811200000,0.02726,0.02749,0.02681,0.02742,43517789,1178409.98544
1788814800000,0.02742,0.02749,0.02704,0.02717,14914888,407177.86579
1788818400000,0.02717,0.02725,0.02664,0.02675,10875537,292136.05462
1788822000000,0.02675,0.0271,0.02674,0.02696,9633591,258872.40616
1788825600000,0.02696,0.027,0.02657,0.0269,23727467,635242.2338
1788829200000,0.0269,0.02726,0.02684,0.02712,9311701,252418.15372
1788832800000,0.02712,0.02725,0.02595,0.02619,25782658,682713.31376
1788836400000,0.02619,0.0264,0.026,0.02616,28596056,748549.68203
1788840000000,0.02616,0.02632,0.02606,0.02614,10617442,277977.50809
1788843600000,0.02614,0.02635,0.02591,0.02597,13680975,357613.6336
1788847200000,0.02597,0.02603,0.02526,0.02531,35241004,900132.29913
1788850800000,0.02531,0.02561,0.0253,0.02556,8437530,214943.09227
1788854400000,0.02556,0.02567,0.02528,0.02557,10992094,279762.63753
1788858000000,0.02557,0.02593,0.0255,0.02586,8843370,227330.11899
1788861600000,0.02586,0.02599,0.02557,0.02559,8203244,211496.44988
1788865200000,0.02559,0.02561,0.02513,0.0254,24412725,619314.44318
1788868800000,0.0254,0.02544,0.02522,0.02536,5981884,151479.81648
1788872400000,0.02536,0.02576,0.02504,0.02536,28549701,727090.95936
1788876000000,0.02536,0.02566,0.02527,0.02559,8917922,227463.96013
1788879600000,0.02559,0.02619,0.02556,0.02613,14661787,380172.42515
1788883200000,0.02613,0.02633,0.0258,0.02626,10002336,261099.88564
1788886800000,0.02626,0.02633,0.02589,0.02589,5876326,153385.38232
1788890400000,0.02589,0.02624,0.02556,0.02567,7270241,187758.8044
1788894000000,0.02567,0.02584,0.0255,0.02563,8470404,217401.39532
1788897600000,0.02563,0.02594,0.02562,0.02574,11047628,284756.71177
1788901200000,0.02574,0.02583,0.02556,0.02566,3951720,101672.59555
1788904800000,0.02566,0.02597,0.02566,0.02581,4586437,118365.51638
1788908400000,0.02581,0.02585,0.02557,0.0256,10574757,271519.56129
1788912000000,0.0256,0.02593,0.02559,0.02584,5232511,134811.16245
1788915600000,0.02584,0.02589,0.02559,0.02583,2816938,72579.63668
1788919200000,0.02583,0.02593,0.02562,0.02562,3355862,86452.72584
1788922800000,0.02562,0.02578,0.02538,0.02558,7403439,189416.5837
1788926400000,0.02558,0.02596,0.02556,0.02591,7672109,197890.95799
1788930000000,0.02591,0.02619,0.02573,0.02583,6393650,166126.86736
1788933600000,0.02583,0.02638,0.02583,0.02636,6133621,160566.37973
1788937200000,0.02636,0.02645,0.02621,0.02634,8322982,219113.77785
1788940800000,0.02634,0.02649,0.02628,0.02638,6641015,175274.56427
1788944400000,0.02638,0.02638,0.02593,0.02595,7486604,195778.79628
1788948000000,0.02595,0.02631,0.02593,0.02626,4805142,125739.83015
1788951600000,0.02626,0.02626,0.02588,0.02622,7289359,190204.73408
1788955200000,0.02622,0.02655,0.02618,0.02651,4293341,113340.10316
1788958800000,0.02651,0.02668,0.02606,0.02627,12045795,317631.99186
1788962400000,0.02627,0.02628,0.02587,0.02607,13171872,343305.54915
1788966000000,0.02607,0.02636,0.02554,0.02566,25603184,659740.59563
1788969600000,0.02566,0.02592,0.02558,0.02569,12226292,314750.24093
1788973200000,0.02569,0.0258,0.02545,0.02568,6447270,165416.96134
1788976800000,0.02568,0.02616,0.02566,0.02587,12559936,326226.47986
1788980400000,0.02587,0.02593,0.02499,0.02508,22170249,561626.8507
1788984000000,0.02508,0.02513,0.02475,0.02495,30129113,751027.72206
1788987600000,0.02495,0.02499,0.0245,0.0246,21321772,525868.05157
1788991200000,0.0246,0.02467,0.0242,0.02451,21509835,525397.74676
1788994800000,0.02451,0.02507,0.02447,0.02496,17777084,442628.52151
1788998400000,0.02496,0.02496,0.02433,0.02448,14244271,350535.16803
1789002000000,0.02448,0.02483,0.02442,0.02456,12386163,304940.92725
1789005600000,0.02456,0.02472,0.02435,0.02469,4574612,112199.78619
1789009200000,0.02469,0.02476,0.02444,0.0245,8305278,203916.87194
1789012800000,0.0245,0.02457,0.02428,0.0244,7030946,171808.71327
1789016400000,0.0244,0.02468,0.02415,0.02461,16489742,403776.14881
1789020000000,0.02461,0.02462,0.02423,0.0244,7199382,175631.46265
1789023600000,0.0244,0.0244,0.02354,0.02372,40348877,962585.2387
1789027200000,0.02372,0.02388,0.02347,0.02362,11916567,282686.00514
1789030800000,0.02362,0.02371,0.02306,0.0232,19082832,445668.27766
1789034400000,0.0232,0.02377,0.02317,0.02354,18883774,442631.16235
1789038000000,0.02354,0.02365,0.02333,0.02337,9797543,230103.3263
1789041600000,0.02337,0.02354,0.02304,0.02319,26028482,606942.22579
1789045200000,0.02319,0.02363,0.02308,0.02346,10670340,248990.38247
1789048800000,0.02346,0.02362,0.02321,0.02347,7675025,179826.5502
1789052400000,0.02347,0.02364,0.02336,0.02353,6204767,145791.43619
1789056000000,0.02353,0.02365,0.02285,0.02338,31398036,725061.31263
1789059600000,0.02338,0.02349,0.02323,0.02333,9599959,224017.64108
1789063200000,0.02333,0.02356,0.02307,0.02353,11134199,259386.27053
1789066800000,0.02353,0.02391,0.02345,0.02368,19769899,469076.43143
1789070400000,0.02368,0.02379,0.02354,0.0236,4565848,107912.75722
1789074000000,0.0236,0.02364,0.02345,0.0235,1486347,35017.56644
1789077600000,0.0235,0.0236,0.02326,0.02332,4086287,95556.57916
1789081200000,0.02332,0.0234,0.02287,0.02289,20878563,481562.80699
1789084800000,0.02289,0.02333,0.02289,0.02321,3999570,92840.70635
1789088400000,0.02321,0.02332,0.02282,0.02302,4660976,107271.66755
1789092000000,0.02302,0.02304,0.02287,0.02293,883572,20273.76221
1789095600000,0.02293,0.02297,0.02247,0.02285,22769208,516370.97574
1789099200000,0.02285,0.02327,0.02283,0.02324,8465519,195498.10828
1789102800000,0.02324,0.02338,0.02309,0.02333,9051696,210028.97335
1789106400000,0.02333,0.0234,0.02324,0.02333,6462712,150699.27631
1789110000000,0.02333,0.02341,0.02302,0.02307,5032748,116671.51501
1789113600000,0.02307,0.02339,0.023,0.02328,10970499,254522.93896
1789117200000,0.02328,0.02331,0.02291,0.02301,5711809,132055.46904
1789120800000,0.02301,0.02313,0.02278,0.02284,3555282,81541.37634
1789124400000,0.02284,0.02298,0.02262,0.02294,11419594,259783.52622
1789128000000,0.02294,0.02383,0.02268,0.02375,20594193,480741.74734
1789131600000,0.02375,0.02456,0.02325,0.02455,20312836,485549.42809
1789135200000,0.02455,0.0248,0.02429,0.02471,29220148,718662.2035
1789138800000,0.02471,0.02482,0.02396,0.02406,19222554,471303.86355
1789142400000,0.02406,0.02423,0.02379,0.024,13100797,314472.01914
1789146000000,0.024,0.02402,0.02349,0.02366,9830136,233356.64805
1789149600000,0.02366,0.02377,0.02325,0.02331,12805541,300614.64799
1789153200000,0.02331,0.02351,0.02316,0.02351,25090672,584293.24646
1789156800000,0.02351,0.02364,0.02321,0.02332,9272700,216968.11377
1789160400000,0.02332,0.02344,0.02307,0.0231,7151027,166436.93415
1789164000000,0.0231,0.02322,0.02292,0.02305,9567915,220922.49908
1789167600000,0.02305,0.02332,0.02303,0.02329,2183463,50636.05665
1789171200000,0.02329,0.02345,0.02325,0.02337,2891716,67475.69728
1789174800000,0.02337,0.02347,0.0232,0.02328,5881059,137174.67548
1789178400000,0.02328,0.02353,0.02328,0.02343,4911315,114966.73414
1789182000000,0.02343,0.02353,0.02332,0.02339,2549808,59751.45127
1789185600000,0.02339,0.02349,0.02332,0.02335,4198626,98142.33306
1789189200000,0.02335,0.02338,0.02323,0.02331,3531515,82282.81196
1789192800000,0.02331,0.02345,0.0232,0.02339,2962256,69098.80562
1789196400000,0.02339,0.02365,0.02337,0.02356,11187427,263446.99204
1789200000000,0.02356,0.02362,0.02348,0.0236,4218843,99342.71574
1789203600000,0.0236,0.0236,0.02346,0.02357,3557408,83697.11067
1789207200000,0.02357,0.02364,0.02353,0.02362,1913628,45133.79166
1789210800000,0.02362,0.02366,0.02353,0.02358,2659246,62751.50758
1789214400000,0.02358,0.02374,0.02349,0.02356,3381176,79803.34341
1789218000000,0.02356,0.02358,0.02334,0.02345,6773550,158675.99143
1789221600000,0.02345,0.02354,0.02339,0.02344,1853124,43513.15862
1789225200000,0.02344,0.02356,0.02344,0.02352,2243389,52728.33005
1789228800000,0.02352,0.02354,0.02342,0.02347,2264612,53152.46198
1789232400000,0.02347,0.02349,0.02336,0.02345,3013579,70558.27054
1789236000000,0.02345,0.02345,0.02326,0.02329,2791467,65192.00659
1789239600000,0.02329,0.02334,0.02313,0.02319,7694732,178617.16839
1789243200000,0.02319,0.02327,0.0231,0.02313,3110488,72168.08108
1789246800000,0.02313,0.0232,0.02307,0.02314,2325463,53791.47606
1789250400000,0.02314,0.02317,0.02301,0.02308,2823193,65207.79697
1789254000000,0.02308,0.02315,0.02298,0.02311,2758121,63632.60396
1789257600000,0.02311,0.02321,0.02305,0.02306,1620531,37511.13391
1789261200000,0.02306,0.02322,0.02302,0.0232,3281622,75886.86771
1789264800000,0.0232,0.02321,0.02304,0.02309,2826411,65338.05813
1789268400000,0.02309,0.02313,0.02284,0.02301,5493214,126310.9925
1789272000000,0.02301,0.02308,0.02297,0.02303,2223988,51211.93369
1789275600000,0.02303,0.02317,0.02303,0.02312,1223406,28278.95863
1789279200000,0.02312,0.02317,0.02288,0.02296,2338277,53871.50595
1789282800000,0.02296,0.02319,0.02294,0.02305,6896551,159304.02727
1789286400000,0.02305,0.02316,0.02262,0.02279,16690135,381595.99772
1789290000000,0.02279,0.02322,0.02278,0.02305,8446637,194341.00064
1789293600000,0.02305,0.02306,0.02282,0.02291,10070076,231135.23945
1789297200000,0.02291,0.02299,0.02285,0.02295,2547369,58426.81715
1789300800000,0.02295,0.02308,0.0229,0.02297,2491005,57249.46513
1789304400000,0.02297,0.02297,0.02268,0.02286,11672541,265745.06496
1789308000000,0.02286,0.02313,0.02286,0.02308,4206648,96863.59066
1789311600000,0.02308,0.0231,0.02274,0.02305,6710924,153836.78225
1789315200000,0.02305,0.02335,0.02297,0.02313,11651606,269633.25873
1789318800000,0.02313,0.02341,0.02312,0.02328,6189275,144194.84642
1789322400000,0.02328,0.02357,0.02327,0.02346,5089297,119116.82955
1789326000000,0.02346,0.0235,0.02303,0.02309,4430700,102883.76346
1789329600000,0.02309,0.02328,0.02308,0.02324,1425200,33057.26772
1789333200000,0.02324,0.02332,0.02311,0.02317,4178889,96997.82153
1789336800000,0.02317,0.02317,0.02246,0.02262,21524850,488337.50401
1789340400000,0.02262,0.02274,0.02254,0.02262,8614220,195010.22039
1789344000000,0.02262,0.02298,0.02261,0.02289,8836690,201670.20529
1789347600000,0.02289,0.02317,0.02278,0.02314,4248577,97505.67814
1789351200000,0.02314,0.02356,0.0231,0.0235,12527868,292351.15676
1789354800000,0.0235,0.02354,0.02328,0.02338,9502171,222478.15047
1789358400000,0.02338,0.02363,0.02336,0.0234,9971479,233912.66699
1789362000000,0.0234,0.02347,0.02331,0.02337,2462604,57607.84269
1789365600000,0.02337,0.02365,0.02332,0.02333,3753804,88128.17362
1789369200000,0.02333,0.02346,0.02326,0.02333,4852783,113264.00985
1789372800000,0.02333,0.02338,0.02313,0.02319,4591042,106708.55491
1789376400000,0.02319,0.02338,0.02303,0.02322,5772217,133793.67509
1789380000000,0.02322,0.02331,0.02316,0.0232,3689519,85723.77633
1789383600000,0.0232,0.02342,0.02313,0.02337,6170388,143836.46775
1789387200000,0.02337,0.02345,0.02306,0.02308,9106449,211637.79216
1789390800000,0.02308,0.02335,0.02292,0.02315,8620047,199208.52286
1789394400000,0.02315,0.02332,0.02293,0.02305,7148201,165210.98295
1789398000000,0.02305,0.02324,0.02299,0.02312,9000403,208160.7219
1789401600000,0.02312,0.02338,0.02306,0.02319,4795688,111317.97083
1789405200000,0.02319,0.02336,0.02315,0.02332,3992593,92808.80656
1789408800000,0.02332,0.02348,0.02321,0.02336,7454242,174185.5748
1789412400000,0.02336,0.02348,0.0232,0.0234,5723069,133456.11697
1789416000000,0.0234,0.02388,0.02338,0.02356,21902068,516675.72185
1789419600000,0.02356,0.02357,0.02327,0.02343,11239464,262585.69219
1789423200000,0.02343,0.02351,0.02315,0.02321,7694838,179440.0926
1789426800000,0.02321,0.02322,0.02282,0.02285,6349899,145950.12521
1789430400000,0.02285,0.02294,0.0227,0.02279,8840092,201566.64109
1789434000000,0.02279,0.0229,0.02274,0.02284,5279297,120470.37509
1789437600000,0.02284,0.02309,0.02276,0.02307,7858839,180037.06215
1789441200000,0.02307,0.02307,0.02283,0.02294,4118884,94538.78307
1789444800000,0.02294,0.02298,0.02275,0.02294,6459217,147580.36869
1789448400000,0.02294,0.023,0.02274,0.02293,5179810,118326.22011
1789452000000,0.02293,0.02301,0.02272,0.02277,4603340,105220.43292
1789455600000,0.02277,0.02277,0.02235,0.02242,9281630,209436.34708
1789459200000,0.02242,0.02248,0.02215,0.02237,13436418,299540.62924
1789462800000,0.02237,0.0224,0.02217,0.02228,6656931,148359.97155
1789466400000,0.02228,0.02239,0.02222,0.02238,4931613,110012.9202
1789470000000,0.02238,0.0224,0.02211,0.02218,6476534,143765.54828
1789473600000,0.02218,0.02227,0.02213,0.02218,4304973,95540.00502
1789477200000,0.02218,0.02228,0.02201,0.02219,8716522,192817.06896
1789480800000,0.02219,0.02228,0.02172,0.02195,18634995,408482.52526
1789484400000,0.02195,0.02225,0.02193,0.02207,8397033,185696.48709
1789488000000,0.02207,0.02234,0.02182,0.02202,22683738,502265.89932
1789491600000,0.02202,0.02228,0.0218,0.02217,8240724,181427.31388
1789495200000,0.02217,0.0222,0.02075,0.02155,86971072,1849171.77358
1789498800000,0.02155,0.02186,0.02152,0.02174,15430634,334516.99806
1789502400000,0.02174,0.0218,0.02134,0.02162,7452247,160379.86577
1789506000000,0.02162,0.02162,0.02124,0.02128,6834450,146600.29842
1789509600000,0.02128,0.02166,0.02115,0.02157,8496380,181662.51442
1789513200000,0.02157,0.02185,0.02157,0.02168,4491823,97412.10254
1789516800000,0.02168,0.02181,0.02162,0.02164,3383559,73511.07527
1789520400000,0.02164,0.02172,0.02142,0.02144,4309616,92982.92724
1789524000000,0.02144,0.02189,0.02143,0.02175,5761874,124852.17651
1789527600000,0.02175,0.02177,0.02152,0.02156,4709257,101759.06685
1789531200000,0.02156,0.02205,0.02156,0.02204,14067324,307460.01188
1789534800000,0.02204,0.02216,0.02195,0.02211,6590979,145351.85387
1789538400000,0.02211,0.02233,0.02197,0.02226,10665969,235893.1068
1789542000000,0.02226,0.02234,0.02204,0.02207,15844431,352180.40041
1789545600000,0.02207,0.0221,0.02191,0.0221,12645556,278773.72839
1789549200000,0.0221,0.02235,0.02206,0.02214,16415909,364995.30628
1789552800000,0.02214,0.0222,0.02183,0.02202,14683730,323455.04617
1789556400000,0.02202,0.02321,0.022,0.02232,79702001,1791650.3889
1789560000000,0.02232,0.02232,0.02203,0.02226,10330393,229136.09693
1789563600000,0.02226,0.02268,0.0221,0.02244,11974149,268012.87428
1789567200000,0.02244,0.02244,0.02205,0.02231,17145318,381587.08336
1789570800000,0.02231,0.02248,0.02226,0.02233,11108911,248120.31403
1789574400000,0.02233,0.0224,0.0222,0.0223,6536777,145741.79356
1789578000000,0.0223,0.02233,0.02196,0.02214,8408034,185982.88553
1789581600000,0.02214,0.02282,0.02196,0.02221,26975154,604946.5183
1789585200000,0.02221,0.0225,0.02188,0.02229,9326392,207265.36913
1789588800000,0.02229,0.0225,0.02219,0.02229,5043905,112615.95525
1789592400000,0.02229,0.0223,0.02205,0.02212,3024950,67041.17653
1789596000000,0.02212,0.02215,0.0219,0.02192,4474891,98528.57596
1789599600000,0.02192,0.02226,0.0219,0.02213,6841646,151570.20674
1789603200000,0.02213,0.02232,0.02204,0.02223,9695611,215241.96406
1789606800000,0.02223,0.02278,0.02218,0.02258,15340966,346394.83036
1789610400000,0.02258,0.02269,0.02235,0.02247,5011061,112753.79015
1789614000000,0.02247,0.02266,0.0224,0.02256,4167712,94126.3146
1789617600000,0.02256,0.02264,0.02236,0.02257,4335881,97550.86487
1789621200000,0.02257,0.02274,0.02246,0.02254,5262443,118850.49148
1789624800000,0.02254,0.02262,0.02234,0.02241,3557668,79991.66576
1789628400000,0.02241,0.02286,0.02241,0.02268,5402160,122633.7711
1789632000000,0.02268,0.02269,0.0223,0.02257,10714460,240811.98508
1789635600000,0.02257,0.02269,0.02243,0.02249,4078483,92016.52183
1789639200000,0.02249,0.02256,0.02238,0.02255,2737327,61540.24852
1789642800000,0.02255,0.02267,0.02252,0.02264,3731312,84267.51943
1789646400000,0.02264,0.02301,0.02255,0.02291,11204734,255655.7786
1789650000000,0.02291,0.0232,0.0227,0.02289,17982335,412624.27612
1789653600000,0.02289,0.02312,0.02264,0.02291,12352594,282844.57278
1789657200000,0.02291,0.02309,0.02276,0.02308,8253555,189409.87681
1789660800000,0.02308,0.02314,0.02296,0.02311,6633843,152931.66279
1789664400000,0.02311,0.02368,0.02297,0.023,50205210,1173138.47586
1789668000000,0.023,0.02324,0.02291,0.02294,12819305,295878.16945
1789671600000,0.02294,0.02306,0.02286,0.02304,3174690,72844.53485
1789675200000,0.02304,0.02314,0.02288,0.02309,2835666,65327.97392
1789678800000,0.02309,0.02316,0.02288,0.0229,2396290,55176.73175
1789682400000,0.0229,0.02329,0.02268,0.02326,18621199,427038.14975
1789686000000,0.02326,0.0233,0.02314,0.02325,3021737,70158.39553
1789689600000,0.02325,0.02334,0.02313,0.02328,4324997,100406.02049
1789693200000,0.02328,0.02348,0.02308,0.02342,9595731,223515.11922
1789696800000,0.02342,0.0236,0.02323,0.02351,11657551,272831.38414
1789700400000,0.02351,0.02378,0.02346,0.02373,6500983,153538.35565
1789704000000,0.02373,0.02397,0.02356,0.02396,9598402,228025.02437
1789707600000,0.02396,0.02397,0.02367,0.02376,3125734,74525.8104
1789711200000,0.02376,0.02389,0.02356,0.02368,7973764,188860.03629
1789714800000,0.02368,0.02428,0.02362,0.02411,16959794,406141.31272
1789718400000,0.02411,0.02413,0.02373,0.02393,13423808,320777.98092
1789722000000,0.02393,0.02402,0.0238,0.02391,7440447,177790.23498
1789725600000,0.02391,0.02438,0.02388,0.02398,7673404,185304.08903
1789729200000,0.02398,0.02413,0.02359,0.02375,9764112,231771.75052
1789732800000,0.02375,0.02403,0.02367,0.02401,11843281,282390.3131
1789736400000,0.02401,0.02446,0.0239,0.02402,17326556,418877.09541
1789740000000,0.02402,0.02441,0.02387,0.02437,20941007,505067.58013
1789743600000,0.02437,0.02438,0.02398,0.02414,12926966,312111.42737
1789747200000,0.02414,0.02451,0.02409,0.02413,9626568,233580.19944
1789750800000,0.02413,0.0243,0.02392,0.0242,12843736,309581.71735
1789754400000,0.0242,0.0244,0.02403,0.02423,14656323,354971.18496
1789758000000,0.02423,0.02464,0.02422,0.02457,10557947,258346.07203
1789761600000,0.02457,0.02484,0.02439,0.02474,23673765,582589.89158
1789765200000,0.02474,0.02508,0.02467,0.02508,12895332,320832.61707
1789768800000,0.02508,0.0254,0.0246,0.02472,52666282,1316091.1546
1789772400000,0.02472,0.025,0.02444,0.02465,24002060,593515.11527
1789776000000,0.02465,0.025,0.02456,0.02478,16732931,415022.84729
1789779600000,0.02478,0.02493,0.02426,0.02443,12338186,302644.82188
1789783200000,0.02443,0.02483,0.02443,0.02459,9824970,242008.99198
1789786800000,0.02459,0.02468,0.02419,0.02424,11118866,270799.7572
1789790400000,0.02424,0.0245,0.02405,0.02412,7955896,192947.60302
1789794000000,0.02412,0.0243,0.02396,0.02402,4273989,103182.57284
1789797600000,0.02402,0.0241,0.02394,0.02408,5467145,131231.51927
1789801200000,0.02408,0.02431,0.02338,0.02405,34240498,816044.12543
1789804800000,0.02405,0.02472,0.024,0.0246,13996901,341516.64842
1789808400000,0.0246,0.02467,0.02419,0.02441,17659139,431451.4782
1789812000000,0.02441,0.02491,0.02437,0.02472,16667922,411913.33886
1789815600000,0.02472,0.02501,0.0247,0.0249,25557300,635203.44892
1789819200000,0.0249,0.02503,0.02476,0.02486,15560821,387711.47491
1789822800000,0.02486,0.02505,0.02457,0.02497,20562385,509365.56462
1789826400000,0.02497,0.02541,0.02473,0.02525,65083763,1636917.28744
1789830000000,0.02525,0.02537,0.02504,0.02506,15202264,383753.32449
1789833600000,0.02506,0.0257,0.02495,0.02569,25606069,648795.37199
1789837200000,0.02569,0.02575,0.02512,0.02514,24505823,623812.12984
1789840800000,0.02514,0.0254,0.02495,0.02514,18516013,465318.16758
1789844400000,0.02514,0.02518,0.02494,0.02495,6480935,162313.09107
1789848000000,0.02495,0.02502,0.02461,0.02482,19295063,478871.64772
1789851600000,0.02482,0.02482,0.02427,0.02457,14296654,350199.69132
1789855200000,0.02457,0.02486,0.02436,0.02485,9721145,239105.8437
1789858800000,0.02485,0.02488,0.02458,0.02478,7873621,194709.78447
1789862400000,0.02478,0.02489,0.02464,0.02479,10146942,251035.56181
1789866000000,0.02479,0.02479,0.02434,0.02444,19224159,470957.85827
1789869600000,0.02444,0.02463,0.02368,0.02376,33566888,810064.54221
1789873200000,0.02376,0.02408,0.02368,0.02406,15874742,378983.24133
1789876800000,0.02406,0.02407,0.02388,0.02396,8055436,193229.40806
1789880400000,0.02396,0.02403,0.02377,0.02385,11400837,272388.4824
1789884000000,0.02385,0.02386,0.02354,0.02375,16026289,379963.64032
1789887600000,0.02375,0.02382,0.02356,0.02358,5246293,124193.80528
1789891200000,0.02358,0.02368,0.02331,0.0234,23062009,541487.92601
1789894800000,0.0234,0.0236,0.0234,0.02341,6855385,160964.05041
1789898400000,0.02341,0.02354,0.023,0.02334,32343840,752797.9288
1789902000000,0.02334,0.02357,0.0232,0.02347,10399024,242983.69293
1789905600000,0.02347,0.02361,0.02326,0.02338,10561545,247505.18938
1789909200000,0.02338,0.02343,0.02315,0.02322,4844031,112669.5819
1789912800000,0.02322,0.02346,0.02319,0.0233,8191204,190882.02302
1789916400000,0.0233,0.02387,0.0233,0.02386,11990196,282750.83401
1789920000000,0.02386,0.02467,0.02373,0.02452,25758268,622977.42563
1789923600000,0.02452,0.02467,0.02434,0.02444,13547110,331763.05207
1789927200000,0.02444,0.0245,0.0241,0.02425,14969753,363924.36657
1789930800000,0.02425,0.0246,0.02421,0.02451,5672558,138563.51573
1789934400000,0.02451,0.02463,0.02431,0.02441,9761427,238663.92309
1789938000000,0.02441,0.02459,0.02411,0.02459,7503947,182675.92479
1789941600000,0.02459,0.02498,0.02448,0.02462,13644729,338414.52409
1789945200000,0.02462,0.02502,0.02457,0.02499,8725727,216689.47666
1789948800000,0.02499,0.02545,0.02491,0.02515,15910830,401572.54489
1789952400000,0.02515,0.02528,0.02452,0.02461,13992061,348858.79344
1789956000000,0.02461,0.02481,0.02452,0.02477,7288972,179713.11504
1789959600000,0.02477,0.02502,0.02472,0.02494,3589849,89464.97193
1789963200000,0.02494,0.02497,0.02463,0.02484,5102676,126575.87159
1789966800000,0.02484,0.02485,0.02461,0.02466,7954246,196702.53575
1789970400000,0.02466,0.02501,0.02462,0.0248,7767468,192863.36504
1789974000000,0.0248,0.02491,0.02464,0.02485,7448059,184623.17205
1789977600000,0.02485,0.02548,0.02482,0.02531,33662337,847998.40565
1789981200000,0.02531,0.02567,0.02512,0.02522,26408837,668799.21535
1789984800000,0.02522,0.02586,0.02519,0.0258,22226170,567776.81497
1789988400000,0.0258,0.02665,0.02575,0.0264,50459119,1331206.37395
1789992000000,0.0264,0.02669,0.02606,0.02614,33308038,876231.28892
1789995600000,0.02614,0.02617,0.02549,0.02594,37697318,974052.19359
1789999200000,0.02594,0.02626,0.02547,0.02617,42683420,1102682.0192
1790002800000,0.02617,0.02634,0.02573,0.02578,23851289,620085.12636
1790006400000,0.02578,0.0259,0.02552,0.02577,17878262,459732.73004
1790010000000,0.02577,0.02582,0.0251,0.02526,26711045,677811.58853
1790013600000,0.02526,0.02547,0.02521,0.02538,9289080,235561.68617
1790017200000,0.02538,0.02546,0.02519,0.02539,11357478,287192.85702
1790020800000,0.02539,0.02615,0.02524,0.02596,25213077,648498.37923
1790024400000,0.02596,0.02602,0.0257,0.02577,9777133,252764.11871
1790028000000,0.02577,0.02596,0.02543,0.02567,16401811,421100.18817
1790031600000,0.02567,0.02601,0.02551,0.02559,16233230,417439.592
1790035200000,0.02559,0.02609,0.02547,0.02559,19376406,499094.26034
1790038800000,0.02559,0.02562,0.02506,0.02529,36810704,932509.10516
1790042400000,0.02529,0.02539,0.02511,0.02519,21226745,535980.46919
1790046000000,0.02519,0.02523,0.02487,0.02518,11321527,283530.05814
1790049600000,0.02518,0.02532,0.02489,0.02493,11482586,288584.43059
1790053200000,0.02493,0.02534,0.02463,0.02512,15682652,390314.37927
1790056800000,0.02512,0.02517,0.02479,0.02496,11850290,296003.80429
1790060400000,0.02496,0.02512,0.02487,0.02503,11864996,296775.67489
1790064000000,0.02503,0.02564,0.0249,0.02554,15186895,384227.11128
1790067600000,0.02554,0.02564,0.02518,0.02527,25837592,656044.20284
1790071200000,0.02527,0.02531,0.02492,0.02527,23643934,594867.83431
1790074800000,0.02527,0.02545,0.02505,0.02528,12307520,311002.8372
1790078400000,0.02528,0.02575,0.02502,0.02574,14194632,360453.28321
1790082000000,0.02574,0.02648,0.0257,0.02615,71048942,1855932.43307
1790085600000,0.02615,0.02663,0.0258,0.02628,60264672,1583601.72848
1790089200000,0.02628,0.0271,0.02618,0.02667,46174013,1233010.79785
1790092800000,0.02667,0.02684,0.02633,0.02665,22202273,589181.07862
1790096400000,0.02665,0.02711,0.02649,0.02682,32885157,883860.87833
1790100000000,0.02682,0.02684,0.02637,0.02646,17846582,473431.86744
1790103600000,0.02646,0.02662,0.0261,0.02622,24419594,644312.11315
1790107200000,0.02622,0.02661,0.02592,0.02647,20425176,535867.39803
1790110800000,0.02647,0.02659,0.02628,0.02637,11103143,293310.82141
1790114400000,0.02637,0.02696,0.02626,0.02647,39323387,1045119.60962
1790118000000,0.02647,0.02786,0.02643,0.02729,97689108,2663473.86994
1790121600000,0.02729,0.02797,0.02715,0.02745,39910846,1096455.59971
1790125200000,0.02745,0.02767,0.02677,0.02697,31117287,844308.24852
1790128800000,0.02697,0.027,0.02665,0.027,25229425,676918.52903
1790132400000,0.027,0.0273,0.02686,0.02708,13530981,366776.106
1790136000000,0.02708,0.02717,0.02677,0.02694,16826537,453918.1719
1790139600000,0.02694,0.02695,0.02652,0.0266,7837236,209448.21504
1790143200000,0.0266,0.0268,0.0265,0.02653,12025128,320233.07157
1790146800000,0.02653,0.02668,0.02599,0.02616,40865494,1071758.80456
1790150400000,0.02616,0.02642,0.02588,0.02603,25995254,680700.44363
1790154000000,0.02603,0.02657,0.02597,0.02602,21832013,573533.84413
1790157600000,0.02602,0.02629,0.0257,0.02622,35723293,928570.0882
1790161200000,0.02622,0.02624,0.02559,0.02578,24268641,627581.35762
1790164800000,0.02578,0.02598,0.0255,0.02573,16754066,430823.26318
1790168400000,0.02573,0.02575,0.02543,0.02561,13730844,351525.13503
1790172000000,0.02561,0.02572,0.02395,0.02484,129108951,3187030.79593
1790175600000,0.02484,0.025,0.02406,0.02419,53223183,1296838.20018
1790179200000,0.02419,0.02443,0.02367,0.02415,52583421,1267789.71002
1790182800000,0.02415,0.0243,0.02389,0.02419,19339001,466661.85245
1790186400000,0.02419,0.02419,0.02383,0.024,11881181,284858.72396
1790190000000,0.024,0.02416,0.02384,0.02403,12591458,302413.37704
1790193600000,0.02403,0.02423,0.02382,0.02385,17080354,409962.07957
1790197200000,0.02385,0.02416,0.02378,0.02398,8588751,205737.51359
1790200800000,0.02398,0.02423,0.02387,0.02391,7710046,185419.28111
1790204400000,0.02391,0.02397,0.02385,0.02396,4514008,107928.3277
1790208000000,0.02396,0.02408,0.0237,0.02382,10812065,258307.93797
1790211600000,0.02382,0.02389,0.02353,0.02364,11051996,262089.55701
1790215200000,0.02364,0.02417,0.02346,0.02397,11396340,272401.16905
1790218800000,0.02397,0.0241,0.02384,0.02393,6403710,153345.14914
1790222400000,0.02393,0.02433,0.0238,0.0243,4459548,106943.66113
1790226000000,0.0243,0.02447,0.02422,0.02425,4389052,106864.90692
1790229600000,0.02425,0.0244,0.02416,0.0242,8549885,207430.22833
1790233200000,0.0242,0.02438,0.02404,0.02432,7040849,170639.64153
1790236800000,0.02432,0.02434,0.02378,0.024,11299993,271337.55952
1790240400000,0.024,0.02414,0.02359,0.02366,26249154,624150.0179
1790244000000,0.02366,0.02388,0.02351,0.02384,14908555,353170.33927
1790247600000,0.02384,0.02402,0.02374,0.02388,10579593,252581.40612
1790251200000,0.02388,0.02416,0.02376,0.02409,8825914,211564.48011
1790254800000,0.02409,0.0244,0.02407,0.02434,14822730,359252.62777
1790258400000,0.02434,0.02492,0.02399,0.02422,37740876,925725.25922
1790262000000,0.02422,0.02472,0.02414,0.02466,17764044,434564.51424
1790265600000,0.02466,0.02508,0.02445,0.02498,23325273,579380.37344
1790269200000,0.02498,0.0254,0.02488,0.02507,25738156,646895.30157
1790272800000,0.02507,0.02525,0.02484,0.02519,11675754,292073.13943
1790276400000,0.02519,0.02533,0.02501,0.02513,8555027,215390.91326
1790280000000,0.02513,0.02514,0.02487,0.02506,10242883,255839.76949
1790283600000,0.02506,0.02526,0.025,0.02508,3986398,100236.71601
1790287200000,0.02508,0.02508,0.0248,0.02494,7838781,195258.07962
1790290800000,0.02494,0.02508,0.02488,0.02498,5851450,146065.8199
1790294400000,0.02498,0.02536,0.02489,0.02493,11481258,288314.06402
1790298000000,0.02493,0.02538,0.02481,0.0249,17922320,450261.31954
1790301600000,0.0249,0.02515,0.02473,0.02482,9226620,230218.93754
1790305200000,0.02482,0.02492,0.0247,0.02483,8253016,204608.68376
1790308800000,0.02483,0.02529,0.02479,0.02521,8041553,201602.33396
1790312400000,0.02521,0.02547,0.02509,0.0254,9341544,235900.04468
1790316000000,0.0254,0.02554,0.02524,0.02533,10516599,266877.83597
1790319600000,0.02533,0.02584,0.02514,0.02582,20987361,536088.87146
1790323200000,0.02582,0.02593,0.02565,0.02585,14918984,384832.26641
1790326800000,0.02585,0.02593,0.02561,0.02565,13892626,358223.04239
1790330400000,0.02565,0.02632,0.02557,0.02617,29148413,758672.90751
1790334000000,0.02617,0.02641,0.02609,0.02615,20440697,537188.22527
1790337600000,0.02615,0.02634,0.02565,0.02592,57846953,1506281.13906
1790341200000,0.02592,0.02607,0.02536,0.02562,28110807,724288.55031
1790344800000,0.02562,0.02595,0.02522,0.02595,18041815,460720.58258
1790348400000,0.02595,0.02601,0.02514,0.02545,23834195,609862.27136
1790352000000,0.02545,0.02586,0.02539,0.02565,20272680,520324.59498
1790355600000,0.02565,0.02579,0.02539,0.02572,11731204,300921.36155
1790359200000,0.02572,0.02611,0.02571,0.0261,17138354,445264.46745
1790362800000,0.0261,0.02637,0.02602,0.02635,8860207,232026.98804
1790366400000,0.02635,0.02643,0.02596,0.02603,25437914,665928.91965
1790370000000,0.02603,0.0261,0.02572,0.02588,15996281,414538.55672
1790373600000,0.02588,0.02634,0.02585,0.02628,7155636,187105.62826
1790377200000,0.02628,0.02673,0.02621,0.02641,16568270,438442.11559
1790380800000,0.02641,0.02671,0.02617,0.02623,19412930,513690.55762
1790384400000,0.02623,0.02644,0.02617,0.0263,10805229,284124.14111
1790388000000,0.0263,0.02651,0.02619,0.02631,7796643,205479.90861
1790391600000,0.02631,0.02632,0.02606,0.02618,6671285,174628.80984
1790395200000,0.02618,0.02649,0.02595,0.02646,15568402,408072.55661
1790398800000,0.02646,0.02647,0.0262,0.02635,9408853,247800.74511
1790402400000,0.02635,0.02642,0.02623,0.02634,10091767,265721.45272
1790406000000,0.02634,0.02674,0.02634,0.02658,10479171,278731.67536
1790409600000,0.02658,0.02675,0.02637,0.02654,9391536,249498.93524
1790413200000,0.02654,0.02657,0.02618,0.02639,10103203,266299.25095
1790416800000,0.02639,0.02676,0.02625,0.02658,52041115,1377012.53628
1790420400000,0.02658,0.02683,0.02653,0.02668,11782538,314442.8501
1790424000000,0.02668,0.02693,0.02649,0.02659,17578449,470170.99626
1790427600000,0.02659,0.02682,0.02641,0.02666,8900558,236621.79126
1790431200000,0.02666,0.02684,0.02652,0.0268,5787950,154493.96335
1790434800000,0.0268,0.0269,0.02671,0.02673,3980347,106667.92232
1790438400000,0.02673,0.02704,0.02665,0.02691,12221184,328545.00068
1790442000000,0.02691,0.02693,0.02646,0.02656,11865986,316006.4522
1790445600000,0.02656,0.02664,0.02626,0.02638,9814986,259053.30339
1790449200000,0.02638,0.02648,0.02628,0.02629,4114977,108472.26979
1790452800000,0.02629,0.02629,0.02564,0.02592,20248561,526272.14431
1790456400000,0.02592,0.0265,0.02587,0.02649,10293818,269869.42599
1790460000000,0.02649,0.02701,0.02647,0.02669,19333350,516376.48492
1790463600000,0.02669,0.02687,0.02661,0.02671,5149691,137726.6147
1790467200000,0.02671,0.02673,0.02652,0.02654,6472822,172296.82577
1790470800000,0.02654,0.02667,0.02637,0.0266,8187229,217190.76067
1790474400000,0.0266,0.02676,0.02643,0.02647,7642219,203121.93019
1790478000000,0.02647,0.0265,0.02623,0.02628,5418943,142727.53946
1790481600000,0.02628,0.0263,0.026,0.02611,6214863,162285.48088
1790485200000,0.02611,0.0264,0.0261,0.02627,3213423,84363.89896
1790488800000,0.02627,0.02641,0.02625,0.02626,2863835,75395.57081
1790492400000,0.02626,0.02682,0.02624,0.02671,7823367,207460.36494
1790496000000,0.02671,0.02694,0.02662,0.02673,10752751,287947.41432
1790499600000,0.02673,0.02675,0.02639,0.0266,10511751,278986.91807
1790503200000,0.0266,0.02672,0.02644,0.0267,8307595,220843.36046
1790506800000,0.0267,0.02676,0.0265,0.02656,10322113,274896.36219
1790510400000,0.02656,0.02672,0.02635,0.02642,4420775,117472.58738
1790514000000,0.02642,0.02663,0.02613,0.02663,14452138,380532.00272
1790517600000,0.02663,0.0269,0.02625,0.02628,18652014,496256.88772
1790521200000,0.02628,0.0263,0.02578,0.02608,37977683,988207.48868
1790524800000,0.02608,0.02636,0.02603,0.02619,8053243,211303.24115
1790528400000,0.02619,0.02673,0.02617,0.0267,14590044,386844.58332
1790532000000,0.0267,0.02769,0.02654,0.02763,69485891,1886344.50597
1790535600000,0.02763,0.02879,0.0274,0.02866,171017615,4767753.10886
1790539200000,0.02866,0.02881,0.02766,0.02777,88085764,2485034.19002
1790542800000,0.02777,0.02814,0.02755,0.0281,34791279,967716.40318
1790546400000,0.0281,0.02815,0.02711,0.02722,30454358,835019.69754
1790550000000,0.02722,0.02824,0.02722,0.02814,34826661,968920.08914
1790553600000,0.02814,0.0288,0.02798,0.02805,55276253,1567855.56158
1790557200000,0.02805,0.02844,0.02778,0.02785,44314092,1243680.27582
1790560800000,0.02785,0.02798,0.02743,0.02751,48564590,1346723.99836
1790564400000,0.02751,0.02774,0.02711,0.02737,39266696,1074800.34439
1790568000000,0.02737,0.02817,0.02684,0.02801,56423324,1550851.28233
1790571600000,0.02801,0.02838,0.02726,0.02769,45952602,1275851.27815
1790575200000,0.02769,0.02826,0.02697,0.02791,53561065,1476519.11352
1790578800000,0.02791,0.02852,0.02749,0.02806,77501745,2179676.92882
1790582400000,0.02806,0.02886,0.0279,0.02841,90808204,2578940.36967
1790586000000,0.02841,0.02848,0.02683,0.02702,76705720,2120949.99111
1790589600000,0.02702,0.0275,0.027,0.02723,36242605,987350.38128
1790593200000,0.02723,0.02838,0.02692,0.02826,62163025,1723079.52718
1790596800000,0.02826,0.03009,0.02822,0.02901,125804173,3677452.85959
1790600400000,0.02901,0.02984,0.02881,0.02894,60426329,1762538.63167
1790604000000,0.02894,0.02909,0.02737,0.02809,157179887,4429694.76125
1790607600000,0.02809,0.02971,0.0277,0.0294,68123676,1959181.27625
1790611200000,0.0294,0.03063,0.02912,0.02953,192559228,5735945.12823
1790614800000,0.02953,0.02954,0.02859,0.02907,149934731,4351480.66432
1790618400000,0.02907,0.02931,0.02863,0.02898,24808944,719054.20322
1790622000000,0.02898,0.02905,0.02847,0.02901,36062038,1038484.66314
1790625600000,0.02901,0.02938,0.02867,0.02883,24194282,700657.61041
1790629200000,0.02883,0.0292,0.02781,0.02785,65954605,1876139.66864
1790632800000,0.02785,0.02858,0.02757,0.02825,27750980,776361.07335
1790636400000,0.02825,0.02884,0.02822,0.02848,27377333,782064.29341
1790640000000,0.02848,0.02862,0.02805,0.02806,20598273,582338.8492
1790643600000,0.02806,0.02826,0.02697,0.02738,68592938,1879999.9035
1790647200000,0.02738,0.02751,0.02685,0.02724,36998278,1002762.76269
1790650800000,0.02724,0.02755,0.0267,0.0271,46296393,1254704.21691
1790654400000,0.0271,0.02761,0.02703,0.02728,25985981,708729.91127
1790658000000,0.02728,0.02769,0.02702,0.02743,26299033,720704.81016
1790661600000,0.02743,0.02836,0.02728,0.02831,38669101,1074816.61225
1790665200000,0.02831,0.02876,0.02814,0.02863,33695748,959094.02192
1790668800000,0.02863,0.02867,0.02804,0.02828,16183546,458692.56707
1790672400000,0.02828,0.02929,0.02824,0.02899,29496865,851610.88412
1790676000000,0.02899,0.02908,0.02878,0.02893,18967184,548849.28672
1790679600000,0.02893,0.02909,0.02867,0.02895,18051874,521494.1714
1790683200000,0.02895,0.02933,0.02883,0.02919,29016758,845394.56622
1790686800000,0.02919,0.02923,0.02849,0.02865,22452896,646000.20188
1790690400000,0.02865,0.0289,0.02824,0.02856,28128194,803531.03158
1790694000000,0.02856,0.02857,0.02723,0.02743,69281530,1928969.49619
1790697600000,0.02743,0.0277,0.02695,0.02711,44007954,1204458.26837
1790701200000,0.02711,0.02718,0.02681,0.02718,27522103,744201.51381
1790704800000,0.02718,0.02792,0.02717,0.02776,20879956,575316.00545
1790708400000,0.02776,0.02792,0.02672,0.02694,30853422,835612.13021
1790712000000,0.02694,0.02736,0.02678,0.02725,22021514,597293.14951
1790715600000,0.02725,0.02726,0.02692,0.027,17580029,476034.76496
1790719200000,0.027,0.0272,0.02688,0.02707,16245026,439275.22874
1790722800000,0.02707,0.02727,0.02656,0.02683,22481899,602461.29133
1790726400000,0.02683,0.02714,0.02651,0.02709,30205526,808819.53824
1790730000000,0.02709,0.02718,0.0269,0.02691,9617149,260263.17329
1790733600000,0.02691,0.02721,0.02682,0.02691,14130613,381160.04604
1790737200000,0.02691,0.02696,0.02655,0.0266,11145303,297287.2393
1790740800000,0.0266,0.0268,0.02641,0.02661,13379230,356445.16651
1790744400000,0.02661,0.02702,0.02656,0.0268,13349990,357893.53126
1790748000000,0.0268,0.02686,0.02646,0.02664,20063319,534360.73001
1790751600000,0.02664,0.02747,0.02648,0.02718,29376431,793093.91767
1790755200000,0.02718,0.02726,0.02686,0.02691,19712898,533021.84442
1790758800000,0.02691,0.02802,0.02683,0.02771,41447581,1144950.37642
1790762400000,0.02771,0.02778,0.02746,0.02754,16162122,446292.0769
1790766000000,0.02754,0.02754,0.02722,0.02745,13063736,357208.33331
1790769600000,0.02745,0.02848,0.02707,0.02836,61762474,1720886.5727
1790773200000,0.02836,0.0285,0.02757,0.02805,35132668,989030.96842
1790776800000,0.02805,0.02813,0.02717,0.02766,38488280,1063285.37661
1790780400000,0.02766,0.0279,0.02685,0.02774,48652232,1332193.75072
1790784000000,0.02774,0.02856,0.0277,0.02842,51493706,1451833.94198
1790787600000,0.02842,0.02926,0.02835,0.0292,77143845,2220871.78438
1790791200000,0.0292,0.02945,0.02853,0.02907,56328805,1634194.98358
1790794800000,0.02907,0.02919,0.02861,0.02884,27141595,783740.90685
1790798400000,0.02884,0.02949,0.02881,0.02905,30344336,884083.90863
1790802000000,0.02905,0.03013,0.02902,0.02996,34264299,1015292.58363
1790805600000,0.02996,0.03055,0.02934,0.03016,63412656,1902224.96051
1790809200000,0.03016,0.03187,0.03015,0.03179,97461807,3040731.13497
1790812800000,0.03179,0.03301,0.03136,0.03211,287915372,9292102.709719
1790816400000,0.03211,0.03256,0.03148,0.03165,68359285,2187637.77989
1790820000000,0.03165,0.03256,0.03136,0.03239,65031731,2076301.97985
1790823600000,0.03239,0.03294,0.03207,0.03274,47558917,1542624.54439
1790827200000,0.03274,0.03276,0.03188,0.0325,39633691,1283546.39257
1790830800000,0.0325,0.03371,0.03221,0.03363,63879527,2117382.621732
1790834400000,0.03363,0.03444,0.03342,0.03405,101998314,3468167.612564
1790838000000,0.03405,0.03453,0.0319,0.03211,216873866,7173509.943495
1790841600000,0.03211,0.03262,0.03181,0.03219,55860442,1799793.66231
1790845200000,0.03219,0.03268,0.0314,0.03171,61324835,1963049.6161
1790848800000,0.03171,0.03243,0.0314,0.03195,49363314,1571027.43442
1790852400000,0.03195,0.03307,0.03166,0.03296,122478261,3988253.4051
1790856000000,0.03296,0.03366,0.03277,0.03292,69746378,2319772.42351
1790859600000,0.03292,0.03297,0.03203,0.03239,74601919,2421234.13907
1790863200000,0.03239,0.03264,0.03172,0.03195,64615161,2080562.97969
1790866800000,0.03195,0.03291,0.0317,0.03282,45767677,1484703.63329
1790870400000,0.03282,0.0333,0.03243,0.0328,45469005,1494313.74335
1790874000000,0.0328,0.03487,0.03277,0.03425,97677106,3336020.269701
1790877600000,0.03425,0.03515,0.03412,0.03487,71462292,2480372.977806
1790881200000,0.03487,0.03524,0.03453,0.03487,43752948,1527099.641517
1790884800000,0.03487,0.03505,0.03355,0.0338,54316071,1851763.85692
1790888400000,0.0338,0.0341,0.03322,0.03357,20291423,683040.44801
1790892000000,0.03357,0.03382,0.03313,0.0334,23697634,792259.99375
1790895600000,0.0334,0.03386,0.03334,0.03365,21350806,718113.956
1790899200000,0.03365,0.03393,0.03327,0.03368,21260742,714262.21049
1790902800000,0.03368,0.03406,0.0333,0.0336,28611860,963396.12343
1790906400000,0.0336,0.03422,0.03356,0.03393,27344383,928629.13085
1790910000000,0.03393,0.03421,0.03353,0.03361,26042575,879826.12853
1790913600000,0.03361,0.03405,0.03326,0.03365,27115328,913072.61526
1790917200000,0.03365,0.03367,0.03271,0.03311,38296195,1270360.10083
1790920800000,0.03311,0.03427,0.03302,0.03406,34476705,1166483.3823
1790924400000,0.03406,0.03417,0.03356,0.03383,21205381,718944.79687
1790928000000,0.03383,0.03405,0.03335,0.03392,20222435,682041.49261
1790931600000,0.03392,0.03407,0.0332,0.03364,26063678,873582.49237
1790935200000,0.03364,0.03383,0.03345,0.03373,16751660,563912.89995
1790938800000,0.03373,0.03424,0.03367,0.03393,23456786,796471.85658
1790942400000,0.03393,0.03454,0.03363,0.03449,30904325,1056792.79728
1790946000000,0.03449,0.03572,0.03422,0.03475,69469336,2442310.547722
1790949600000,0.03475,0.03512,0.03396,0.03437,45736754,1578302.45486
1790953200000,0.03437,0.03534,0.0342,0.03508,36023874,1254435.24963
1790956800000,0.03508,0.0358,0.03352,0.03383,86946646,3009027.85522
1790960400000,0.03383,0.03421,0.03213,0.03233,79671342,2623320.04507
1790964000000,0.03233,0.03236,0.03071,0.0314,165409497,5195925.82309
1790967600000,0.0314,0.03237,0.03123,0.03192,40505662,1288303.17328
1790971200000,0.03192,0.0326,0.03179,0.03193,43144795,1389626.8921
1790974800000,0.03193,0.03231,0.03159,0.03224,12985040,415656.33577
1790978400000,0.03224,0.03228,0.03178,0.03222,10250948,328824.9756
1790982000000,0.03222,0.03245,0.03205,0.03229,11572090,373417.12563
1790985600000,0.03229,0.03245,0.03189,0.0322,18743710,603628.66803
1790989200000,0.0322,0.03242,0.03167,0.03191,18193622,581913.96326
1790992800000,0.03191,0.03234,0.03179,0.03187,15950101,510427.43275
1790996400000,0.03187,0.03213,0.0318,0.03203,7087099,226546.45258
1791000000000,0.03203,0.03205,0.03141,0.03147,10926491,344959.877
1791003600000,0.03147,0.03177,0.03125,0.03156,13873995,437398.74992
1791007200000,0.03156,0.03166,0.03132,0.03143,11635987,365905.93525
1791010800000,0.03143,0.03149,0.03102,0.0311,11107843,346660.74188
1791014400000,0.0311,0.03133,0.03097,0.03127,13597920,424277.81437
1791018000000,0.03127,0.03169,0.03124,0.03148,12864813,404347.98048
1791021600000,0.03148,0.03194,0.03129,0.0313,12397066,392330.63369
1791025200000,0.0313,0.03132,0.03102,0.03125,10326432,322176.43265
1791028800000,0.03125,0.03139,0.03076,0.03094,22196055,689316.88866
1791032400000,0.03094,0.03132,0.03088,0.03125,16347350,507937.23162
1791036000000,0.03125,0.03192,0.03117,0.03184,15209374,479831.69086
1791039600000,0.03184,0.03188,0.03152,0.0317,19320214,612309.07211
1791043200000,0.0317,0.03295,0.03145,0.03279,34886058,1126232.78386
1791046800000,0.03279,0.03286,0.03206,0.03215,29831642,970969.46533
1791050400000,0.03215,0.03276,0.03197,0.03275,15557665,501565.77159
1791054000000,0.03275,0.03353,0.03271,0.03297,47452567,1569595.30794
1791057600000,0.03297,0.03372,0.03254,0.03362,51359101,1697659.53614
1791061200000,0.03362,0.03442,0.03337,0.03384,24929014,840683.46051
1791064800000,0.03384,0.03389,0.03344,0.03354,15125093,509404.11825
1791068400000,0.03354,0.0343,0.03349,0.03386,35457183,1201937.45143
1791072000000,0.03386,0.03445,0.03369,0.03441,28448700,968248.22932
1791075600000,0.03441,0.03485,0.03414,0.03472,28915676,995881.95621
1791079200000,0.03472,0.03476,0.03401,0.03435,18622985,638146.09755
1791082800000,0.03435,0.03517,0.0342,0.03499,16265076,566664.23407
1791086400000,0.03499,0.03546,0.03459,0.03475,22042598,771526.82233
1791090000000,0.03475,0.03541,0.03458,0.0348,32242285,1129330.39492
1791093600000,0.0348,0.0348,0.03418,0.0344,15747100,542917.35709
1791097200000,0.0344,0.03491,0.03425,0.0345,13465262,464914.62327
1791100800000,0.0345,0.03454,0.03393,0.03403,10933245,374013.9778
1791104400000,0.03403,0.03437,0.03346,0.03361,17517420,591803.88558
1791108000000,0.03361,0.03375,0.03338,0.0335,9156800,307667.64799
1791111600000,0.0335,0.03383,0.03343,0.03349,14539094,489598.08469
1791115200000,0.03349,0.03363,0.03323,0.0335,11996842,401260.99146
1791118800000,0.0335,0.03358,0.03327,0.03334,8709041,291183.70472
1791122400000,0.03334,0.03335,0.033,0.03314,10034873,333050.00157
1791126000000,0.03314,0.0332,0.0328,0.03282,13234330,436490.58343
1791129600000,0.03282,0.03362,0.0327,0.03335,22140222,736408.41344
1791133200000,0.03335,0.03436,0.03304,0.03432,18821574,633774.25392
1791136800000,0.03432,0.03495,0.03359,0.03371,31581969,1080113.24266
1791140400000,0.03371,0.0344,0.03345,0.03381,24443791,827871.69741
1791144000000,0.03381,0.0344,0.03371,0.03428,15020189,511415.08221
1791147600000,0.03428,0.03447,0.03295,0.03316,29001731,976127.99279
1791151200000,0.03316,0.03368,0.03316,0.03338,20519198,686578.35375
1791154800000,0.03338,0.03348,0.03324,0.03328,11350352,378474.6451
1791158400000,0.03328,0.03341,0.03299,0.03337,8828696,293231.28494
1791162000000,0.03337,0.03337,0.03291,0.03296,7296409,241610.94494
1791165600000,0.03296,0.03329,0.03292,0.03298,12672848,419054.98754
1791169200000,0.03298,0.03302,0.03242,0.03247,19127187,625493.06542
1791172800000,0.03247,0.03263,0.03229,0.03251,11691327,379739.15611
1791176400000,0.03251,0.03259,0.03211,0.0325,16530131,534742.95712
1791180000000,0.0325,0.03265,0.03226,0.03247,12231087,397416.58622
1791183600000,0.03247,0.0328,0.03239,0.0326,11451513,373585.25888
1791187200000,0.0326,0.03286,0.03242,0.03255,13035360,425118.03779
1791190800000,0.03255,0.03268,0.03225,0.03228,7228739,234518.51496
1791194400000,0.03228,0.03238,0.03118,0.03211,56824911,1811492.85452
1791198000000,0.03211,0.03214,0.03183,0.03205,10774942,344584.79827
