timestamp,open,high,low,close,volume,turnover
1782169200000,1230.52,1231.98,1225.51,1230.58,410.44,504276.8783
1782172800000,1230.58,1236.19,1167.79,1206.31,3302.69,3965913.5908
1782176400000,1206.31,1210.03,1174.81,1178.82,2213.88,2635319.9656
1782180000000,1178.82,1188.36,1169.1,1173.91,1363.98,1606033.4032
1782183600000,1173.91,1175.76,1146.75,1174.65,2402.06,2790369.8333
1782187200000,1174.65,1181.69,1152.91,1158.44,1676.39,1959779.289
1782190800000,1158.44,1163.35,1105.66,1106.75,3211.58,3645406.0323
1782194400000,1106.75,1137.68,1103.08,1128.8,3085.69,3466164.1019
1782198000000,1128.8,1156.9,1120.27,1121.3,2524.16,2868434.7449
1782201600000,1121.3,1126.91,1089.82,1107.2,5485.9,6069916.6539
1782205200000,1107.2,1127.41,1107.2,1118.32,2938.62,3287895.9991
1782208800000,1118.32,1122.56,1096.91,1113.15,2362.12,2617489.4952
1782212400000,1113.15,1137.52,1112.72,1134.29,1901.82,2140212.9906
1782216000000,1134.29,1143.74,1094.2,1097.79,2568.88,2864712.8486
1782219600000,1097.79,1100.54,1054.84,1093.39,6127.59,6619982.6192
1782223200000,1093.39,1125.71,1083.47,1090.72,4275.37,4717589.7199
1782226800000,1090.72,1097.08,1075.24,1084.3,1434.13,1553524.9099
1782230400000,1084.3,1099.15,1078.18,1080.67,1163.69,1267661.8754
1782234000000,1080.67,1082.85,1057.75,1058.21,1260.08,1352169.157
1782237600000,1058.21,1063.24,1040.42,1048.29,1260.94,1326164.2013
1782241200000,1048.29,1062.71,1045.85,1053.09,1997.28,2105948.0019
1782244800000,1053.09,1072.71,1051.45,1062.23,1549.61,1648246.3699
1782248400000,1062.23,1082.47,1061.49,1078.9,489.8,525642.719
1782252000000,1078.9,1088.37,1065.24,1065.6,576.59,621672.3797
1782255600000,1065.6,1071.92,1054.18,1066.18,588.18,625296.095
1782259200000,1066.18,1116.04,1065.89,1100.0,2762.25,3033226.7331
1782262800000,1100.0,1105.62,1084.76,1103.22,1907.43,2088426.3112
1782266400000,1103.22,1103.22,1060.0,1061.62,1977.79,2145339.2173
1782270000000,1061.62,1082.83,1060.33,1077.81,1176.39,1260750.0849
1782273600000,1077.81,1078.31,1060.61,1076.72,1271.68,1357355.3826
1782277200000,1076.72,1103.21,1076.72,1087.13,1852.37,2023537.5168
1782280800000,1087.13,1097.1,1084.3,1091.15,503.59,550290.3453
1782284400000,1091.15,1093.99,1082.28,1083.53,393.98,429049.2324
1782288000000,1083.53,1109.01,1083.53,1096.9,1526.59,1675749.5974
1782291600000,1096.9,1100.13,1087.13,1093.21,888.1,970975.2622
1782295200000,1093.21,1098.05,1087.99,1089.08,624.09,682308.71
1782298800000,1089.08,1104.88,1081.05,1103.46,939.89,1027050.7383
1782302400000,1103.46,1107.28,1088.54,1090.05,1271.36,1395934.925
1782306000000,1090.05,1094.99,1034.34,1047.69,7563.91,8046271.0791
1782309600000,1047.69,1060.27,1032.71,1052.77,3042.15,3193572.698
1782313200000,1052.77,1055.78,1031.77,1044.23,1253.74,1308082.6585
1782316800000,1044.23,1051.04,1037.81,1039.56,1441.46,1506022.6397
1782320400000,1039.56,1045.0,1016.27,1016.91,3041.82,3126185.0631
1782324000000,1016.91,1036.43,1013.47,1015.58,1603.03,1641955.9453
1782327600000,1015.58,1050.88,994.51,1049.67,4102.76,4172517.3233
1782331200000,1049.67,1218.12,1032.18,1201.07,25241.69,28933047.8695
1782334800000,1201.07,1206.37,1165.71,1191.57,4896.31,5790845.0843
1782338400000,1191.57,1210.25,1184.95,1200.45,2901.23,3475887.2547
1782342000000,1200.45,1221.9,1200.45,1215.0,1614.71,1959810.7064
1782345600000,1215.0,1227.53,1182.63,1193.36,3597.97,4324568.7729
1782349200000,1193.36,1209.33,1191.11,1203.85,1896.75,2270841.8447
1782352800000,1203.85,1210.84,1194.72,1207.45,831.51,1000414.39
1782356400000,1207.45,1215.52,1205.95,1213.97,1001.75,1212399.6277
1782360000000,1213.97,1237.68,1213.07,1235.68,969.33,1189041.9876
1782363600000,1235.68,1252.16,1230.94,1234.86,3178.33,3951539.6762
1782367200000,1234.86,1243.24,1232.77,1238.79,671.99,832342.7593
1782370800000,1238.79,1246.32,1234.57,1238.21,921.4,1143430.3068
1782374400000,1238.21,1238.87,1213.78,1216.79,2053.55,2521106.3863
1782378000000,1216.79,1230.88,1215.56,1218.4,1057.3,1293355.4931
1782381600000,1218.4,1241.19,1218.23,1235.82,1060.63,1307949.8103
1782385200000,1235.82,1248.66,1229.01,1233.25,1668.5,2067021.0188
1782388800000,1233.25,1247.54,1225.92,1243.57,2274.02,2812177.3577
1782392400000,1243.57,1256.1,1140.38,1142.33,14873.92,17828900.0147
1782396000000,1142.33,1186.01,1141.69,1179.65,15140.84,17625075.1259
1782399600000,1179.65,1203.03,1166.47,1195.56,4897.23,5813920.0462
1782403200000,1195.56,1223.78,1195.1,1216.72,2484.02,3010884.9042
1782406800000,1216.72,1239.11,1213.44,1238.67,1518.12,1860808.2627
1782410400000,1238.67,1239.57,1214.6,1229.98,1708.38,2092611.059
1782414000000,1229.98,1230.18,1196.38,1215.52,3867.58,4669260.6455
1782417600000,1215.52,1226.91,1201.67,1207.69,2676.32,3251903.9816
1782421200000,1207.69,1209.96,1197.03,1198.94,686.16,825618.5897
1782424800000,1198.94,1200.72,1171.19,1184.71,1321.16,1562671.2299
1782428400000,1184.71,1200.87,1184.66,1189.72,788.76,940913.0956
1782432000000,1189.72,1198.01,1165.67,1173.97,2655.16,3134889.0931
1782435600000,1173.97,1179.36,1161.48,1162.73,958.94,1123675.2049
1782439200000,1162.73,1166.89,1137.2,1147.44,1820.74,2095477.6985
1782442800000,1147.44,1160.24,1127.57,1158.84,2241.82,2557474.1013
1782446400000,1158.84,1166.87,1145.06,1147.5,1440.2,1667184.6265
1782450000000,1147.5,1170.94,1144.77,1155.84,1931.3,2241408.8323
1782453600000,1155.84,1179.14,1151.32,1175.71,884.09,1030182.9182
1782457200000,1175.71,1182.71,1168.09,1173.22,643.24,755836.0776
1782460800000,1173.22,1174.27,1151.74,1162.16,2014.39,2342048.3101
1782464400000,1162.16,1163.44,1148.83,1152.47,1043.39,1206209.9493
1782468000000,1152.47,1154.1,1142.2,1149.87,604.77,694441.2788
1782471600000,1149.87,1167.41,1149.84,1155.71,1335.96,1547218.9866
1782475200000,1155.71,1160.64,1134.69,1139.18,1696.46,1941890.6607
1782478800000,1139.18,1175.39,1121.06,1173.84,11934.07,13654787.7158
1782482400000,1173.84,1199.11,1158.38,1163.79,9284.47,10985346.5996
1782486000000,1163.79,1183.87,1151.47,1166.29,2256.85,2629418.2633
1782489600000,1166.29,1190.64,1164.55,1179.17,2132.72,2507243.9817
1782493200000,1179.17,1188.57,1160.2,1160.53,1171.51,1374693.8904
1782496800000,1160.53,1164.23,1143.46,1146.23,1395.23,1605671.4821
1782500400000,1146.23,1158.04,1125.75,1127.18,2880.06,3297126.3759
1782504000000,1127.18,1140.26,1126.27,1133.0,1338.02,1518049.9431
1782507600000,1133.0,1134.13,1124.02,1130.87,624.26,704305.4912
1782511200000,1130.87,1134.43,1129.35,1131.25,489.7,554314.9677
1782514800000,1131.25,1139.07,1130.93,1135.95,299.44,339991.366
1782518400000,1135.95,1141.3,1131.17,1137.88,875.32,995183.1614
1782522000000,1137.88,1144.5,1134.65,1140.55,354.08,403440.0729
1782525600000,1140.55,1152.95,1136.14,1136.77,608.6,697498.7154
1782529200000,1136.77,1142.82,1136.33,1138.23,330.27,376146.9403
1782532800000,1138.23,1141.55,1137.53,1137.58,243.62,277509.0831
1782536400000,1137.58,1139.76,1136.35,1137.6,153.12,174277.1656
1782540000000,1137.6,1140.74,1135.09,1139.95,200.83,228671.1516
1782543600000,1139.95,1141.28,1137.12,1141.11,108.13,123164.6456
1782547200000,1141.11,1141.5,1136.69,1137.3,153.77,175063.3765
1782550800000,1137.3,1139.07,1135.42,1137.22,117.22,133248.9887
1782554400000,1137.22,1139.61,1136.44,1138.84,116.31,132398.5319
1782558000000,1138.84,1140.5,1137.53,1140.09,129.35,147342.1549
1782561600000,1140.09,1140.51,1138.53,1140.09,80.68,91941.0276
1782565200000,1140.09,1146.03,1140.0,1145.32,208.05,237942.8764
1782568800000,1145.32,1145.37,1139.97,1140.86,123.58,141066.6618
1782572400000,1140.86,1144.07,1139.97,1141.36,140.36,160336.0999
1782576000000,1141.36,1142.01,1138.83,1139.33,183.02,208704.0782
1782579600000,1139.33,1139.67,1136.65,1138.18,1038.91,1181884.8628
1782583200000,1138.18,1143.73,1138.18,1143.01,127.05,145003.814
1782586800000,1143.01,1144.5,1126.64,1129.39,407.07,462151.4839
1782590400000,1129.39,1134.54,1129.27,1132.96,256.77,290740.2584
1782594000000,1132.96,1139.18,1132.59,1133.02,206.8,234585.5573
1782597600000,1133.02,1134.18,1126.73,1130.86,349.74,395060.2134
1782601200000,1130.86,1135.32,1130.12,1131.69,238.73,270267.3953
1782604800000,1131.69,1136.72,1122.84,1124.59,264.91,299591.6561
1782608400000,1124.59,1128.87,1119.58,1126.13,836.57,940687.7832
1782612000000,1126.13,1130.62,1124.33,1128.8,134.95,152095.0648
1782615600000,1128.8,1131.42,1127.96,1130.29,82.64,93361.67
1782619200000,1130.29,1132.36,1128.6,1131.09,95.44,107890.8522
1782622800000,1131.09,1131.18,1125.16,1126.45,205.22,231342.8027
1782626400000,1126.45,1127.73,1124.04,1126.85,72.55,81665.834
1782630000000,1126.85,1134.64,1125.52,1132.27,189.61,214499.4243
1782633600000,1132.27,1142.33,1132.27,1138.57,815.46,928712.3875
1782637200000,1138.57,1143.21,1137.25,1139.24,451.37,514288.7571
1782640800000,1139.24,1140.67,1135.95,1138.78,280.53,319388.4838
1782644400000,1138.78,1144.32,1138.69,1139.72,225.01,256834.4891
1782648000000,1139.72,1143.02,1138.04,1141.42,97.33,111028.8183
1782651600000,1141.42,1144.37,1139.86,1142.9,123.13,140634.0362
1782655200000,1142.9,1149.55,1142.74,1146.19,246.52,282687.2366
1782658800000,1146.19,1148.93,1144.39,1145.18,161.11,184674.4818
1782662400000,1145.18,1149.7,1143.93,1145.76,168.67,193476.5532
1782666000000,1145.76,1147.51,1141.36,1146.73,114.38,130890.4044
1782669600000,1146.73,1148.77,1145.83,1148.23,55.77,63984.6405
1782673200000,1148.23,1150.14,1143.83,1144.16,305.73,350283.6883
1782676800000,1144.16,1156.73,1143.27,1154.01,305.6,351169.0471
1782680400000,1154.01,1157.71,1145.6,1145.6,156.43,180335.5603
1782684000000,1145.6,1157.08,1145.6,1151.76,945.55,1089381.0627
1782687600000,1151.76,1161.22,1148.52,1153.72,638.61,737095.3157
1782691200000,1153.72,1166.18,1121.33,1140.25,4632.22,5288824.774
1782694800000,1140.25,1148.33,1133.39,1141.3,1451.2,1656997.8136
1782698400000,1141.3,1143.99,1135.38,1142.26,507.17,578597.9243
1782702000000,1142.26,1146.4,1132.66,1139.27,837.64,952770.0337
1782705600000,1139.27,1139.92,1124.02,1126.26,1330.93,1503288.0688
1782709200000,1126.26,1155.84,1120.2,1153.92,2373.93,2715932.262
1782712800000,1153.92,1161.71,1146.64,1153.91,1779.08,2055772.7946
1782716400000,1153.91,1161.39,1148.97,1158.01,938.3,1084618.5969
1782720000000,1158.01,1165.72,1147.88,1151.02,1034.8,1197242.9301
1782723600000,1151.02,1151.45,1137.28,1140.92,1777.53,2030612.076
1782727200000,1140.92,1151.92,1140.92,1144.85,561.97,643876.6425
1782730800000,1144.85,1148.31,1125.33,1128.51,1448.88,1642265.8638
1782734400000,1128.51,1137.85,1124.23,1130.21,1783.19,2015449.8294
1782738000000,1130.21,1136.5,1064.2,1065.19,10373.08,11457037.6042
1782741600000,1065.19,1067.99,1027.34,1064.62,12401.62,13020107.1158
1782745200000,1064.62,1097.88,1061.76,1094.22,5227.54,5644487.6652
1782748800000,1094.22,1128.6,1093.52,1122.12,5262.42,5844788.3696
1782752400000,1122.12,1129.32,1106.43,1114.79,2669.48,2983904.7237
1782756000000,1114.79,1140.49,1114.17,1130.9,2620.33,2962860.1991
1782759600000,1130.9,1148.49,1123.34,1145.76,2578.93,2928023.2034
1782763200000,1145.76,1148.99,1136.64,1139.59,1633.09,1866237.1071
1782766800000,1139.59,1140.66,1130.82,1133.3,377.37,428734.2895
1782770400000,1133.3,1143.18,1130.04,1140.4,381.41,434541.2995
1782774000000,1140.4,1144.64,1137.87,1139.77,194.86,222243.0845
1782777600000,1139.77,1148.65,1125.69,1132.4,2249.26,2555278.0065
1782781200000,1132.4,1139.75,1126.05,1138.45,598.42,678697.3263
1782784800000,1138.45,1144.46,1133.19,1143.9,312.5,356203.7129
1782788400000,1143.9,1149.07,1141.33,1142.03,498.75,571445.9993
1782792000000,1142.03,1170.0,1141.84,1162.11,1207.27,1398927.8601
1782795600000,1162.11,1166.54,1153.62,1160.25,605.64,703118.6738
1782799200000,1160.25,1160.53,1149.01,1152.22,636.34,733663.6044
1782802800000,1152.22,1155.59,1147.57,1150.76,1313.86,1513829.7538
1782806400000,1150.76,1157.68,1138.89,1146.19,2077.45,2384523.9391
1782810000000,1146.19,1150.42,1142.26,1143.4,559.73,641239.437
1782813600000,1143.4,1148.54,1135.42,1146.46,867.48,990225.1509
1782817200000,1146.46,1156.77,1141.04,1153.49,551.72,633034.7033
1782820800000,1153.49,1155.52,1136.62,1139.04,884.83,1012217.1329
1782824400000,1139.04,1163.96,1126.41,1156.25,6987.23,7984411.8882
1782828000000,1156.25,1158.41,1138.15,1138.59,4180.12,4804339.6671
1782831600000,1138.59,1152.2,1138.56,1148.4,1343.09,1539939.9311
1782835200000,1148.4,1167.75,1147.82,1150.69,1746.89,2022466.2675
1782838800000,1150.69,1164.24,1150.52,1158.0,1134.87,1315055.2246
1782842400000,1158.0,1162.57,1145.55,1161.28,2079.92,2395798.9792
1782846000000,1161.28,1169.67,1152.04,1153.54,1615.47,1880117.0865
1782849600000,1153.54,1155.64,1144.01,1149.09,912.02,1048388.6124
1782853200000,1149.09,1151.02,1147.19,1149.22,162.5,186718.611
1782856800000,1149.22,1155.63,1149.18,1154.52,297.87,343398.3889
1782860400000,1154.52,1160.54,1153.83,1157.46,189.19,218967.4008
1782864000000,1157.46,1162.6,1146.58,1148.59,779.54,899816.5198
1782867600000,1148.59,1149.8,1137.04,1139.92,1925.79,2197015.1934
1782871200000,1139.92,1140.47,1128.52,1139.25,1789.58,2030192.0237
1782874800000,1139.25,1143.81,1135.67,1141.22,1108.52,1264992.2538
1782878400000,1141.22,1142.08,1136.74,1139.41,333.24,379861.1873
1782882000000,1139.41,1140.76,1132.33,1132.92,1110.49,1261866.0281
1782885600000,1132.92,1134.65,1124.66,1127.85,1029.97,1163966.0216
1782889200000,1127.85,1128.49,1116.55,1121.92,1246.89,1399316.4475
1782892800000,1121.92,1123.73,1105.93,1122.87,2109.44,2352750.6949
1782896400000,1122.87,1122.94,1111.31,1115.77,848.07,946690.828
1782900000000,1115.77,1117.44,1108.7,1115.77,451.92,503139.9838
1782903600000,1115.77,1130.83,1115.77,1122.54,3275.19,3677401.7661
1782907200000,1122.54,1125.51,1078.89,1084.24,4512.58,4960591.291
1782910800000,1084.24,1099.58,1065.67,1082.16,8397.03,9107705.6284
1782914400000,1082.16,1090.08,1050.67,1056.23,4120.47,4408581.6632
1782918000000,1056.23,1069.58,1051.44,1052.44,2791.75,2964275.7336
1782921600000,1052.44,1066.05,1048.38,1052.96,5150.6,5440703.2255
1782925200000,1052.96,1060.79,1039.3,1040.27,2981.23,3128488.6053
1782928800000,1040.27,1049.36,1039.5,1046.26,1670.92,1743515.7198
1782932400000,1046.26,1068.3,1034.6,1035.23,6533.64,6880107.0447
1782936000000,1035.23,1044.29,1022.75,1037.9,4620.09,4767244.3795
1782939600000,1037.9,1041.68,1035.04,1040.86,1713.41,1778443.0358
1782943200000,1040.86,1041.75,1034.39,1039.02,1421.75,1476218.0551
1782946800000,1039.02,1039.21,1018.31,1021.0,1309.13,1346927.8554
1782950400000,1021.0,1025.39,999.7,1021.06,4282.22,4333551.3853
1782954000000,1021.06,1044.15,1019.36,1040.23,2620.61,2708036.0296
1782957600000,1040.23,1052.37,1036.87,1042.99,1309.71,1367042.3285
1782961200000,1042.99,1043.33,1028.63,1032.04,1303.3,1347568.4393
1782964800000,1032.04,1035.43,1016.21,1025.09,1517.75,1553686.7591
1782968400000,1025.09,1030.69,1007.43,1007.49,1555.73,1582348.9196
1782972000000,1007.49,1014.94,996.04,998.79,3249.27,3267092.0007
1782975600000,998.79,1005.87,988.8,1002.2,2683.5,2675451.4917
1782979200000,1002.2,1028.4,989.62,1026.81,3586.56,3614801.7183
1782982800000,1026.81,1026.81,1007.27,1008.23,2058.69,2091148.2676
1782986400000,1008.23,1016.36,1001.92,1013.19,2137.15,2157728.7824
1782990000000,1013.19,1025.31,1004.71,1021.01,2067.6,2100949.96
1782993600000,1021.01,1075.12,1019.0,1046.37,8753.52,9214275.4974
1782997200000,1046.37,1064.14,1028.77,1058.76,11259.5,11789520.344
1783000800000,1058.76,1066.21,987.24,995.12,10318.61,10477116.3513
1783004400000,995.12,1014.3,978.11,992.4,9621.11,9575533.4936
1783008000000,992.4,993.99,967.16,974.84,7747.3,7585011.758
1783011600000,974.84,980.18,955.4,957.89,4427.52,4280153.6678
1783015200000,957.89,983.5,957.66,976.56,3871.41,3761558.8343
1783018800000,976.56,978.93,951.88,977.33,4790.8,4616503.0532
1783022400000,977.33,984.07,972.68,978.4,2336.28,2285804.333
1783026000000,978.4,983.21,974.4,983.11,737.69,721462.2976
1783029600000,983.11,990.32,981.47,983.88,477.78,471100.5949
1783033200000,983.88,985.62,975.29,979.0,1915.22,1878455.3326
1783036800000,979.0,987.57,968.93,974.12,5406.73,5286001.5823
1783040400000,974.12,1001.23,971.89,1000.32,2598.42,2578457.0777
1783044000000,1000.32,1003.78,989.93,1000.12,1089.9,1085886.2223
1783047600000,1000.12,1000.99,981.39,995.48,1511.51,1498610.524
1783051200000,995.48,1022.04,995.48,1018.41,2453.32,2486031.9593
1783054800000,1018.41,1019.48,1006.09,1008.07,1895.5,1920417.1329
1783058400000,1008.07,1018.17,1006.22,1016.01,1067.5,1081776.0494
1783062000000,1016.01,1019.11,1008.17,1008.17,428.19,434041.2808
1783065600000,1008.17,1019.07,1008.16,1012.65,548.61,556804.2843
1783069200000,1012.65,1017.95,1008.0,1015.19,471.95,477949.1659
1783072800000,1015.19,1030.47,1015.19,1030.11,701.13,718040.8661
1783076400000,1030.11,1039.52,1026.65,1036.66,1374.38,1422187.5193
1783080000000,1036.66,1045.91,1020.85,1024.37,1848.35,1907659.299
1783083600000,1024.37,1025.15,1012.73,1024.23,1041.46,1062513.9149
1783087200000,1024.23,1031.55,1017.69,1027.72,819.43,838662.7955
1783090800000,1027.72,1034.92,1026.3,1028.83,812.34,837375.251
1783094400000,1028.83,1031.46,1020.41,1023.25,1010.2,1035017.6525
1783098000000,1023.25,1029.68,1019.18,1022.36,615.9,630853.9813
1783101600000,1022.36,1027.52,1019.29,1020.84,366.49,374732.2341
1783105200000,1020.84,1026.88,1019.58,1020.58,530.47,542741.3763
1783108800000,1020.58,1024.84,1018.86,1023.35,871.07,890031.2097
1783112400000,1023.35,1034.3,1021.85,1033.64,552.95,567761.316
1783116000000,1033.64,1035.18,1028.66,1032.09,519.43,535770.0572
1783119600000,1032.09,1035.05,1022.58,1026.24,871.21,896208.2223
1783123200000,1026.24,1035.11,1022.85,1032.09,795.52,817482.3347
1783126800000,1032.09,1035.26,1028.64,1029.36,828.21,854806.5211
1783130400000,1029.36,1032.67,1028.11,1032.11,139.31,143450.22
1783134000000,1032.11,1033.14,1023.4,1026.62,276.12,283692.4629
1783137600000,1026.62,1028.18,1023.85,1026.96,462.96,475094.9388
1783141200000,1026.96,1031.69,1023.84,1029.23,583.4,599708.7498
1783144800000,1029.23,1032.23,1027.78,1030.76,286.04,294626.8539
1783148400000,1030.76,1032.02,1027.58,1029.07,345.25,355548.6697
1783152000000,1029.07,1031.71,1025.45,1027.68,520.63,535420.0337
1783155600000,1027.68,1030.53,1025.67,1029.08,542.1,557479.6794
1783159200000,1029.08,1031.2,1029.04,1029.91,242.26,249537.4592
1783162800000,1029.91,1030.13,1026.86,1029.61,137.16,141038.456
1783166400000,1029.61,1031.43,1027.18,1028.42,225.84,232427.8217
1783170000000,1028.42,1030.52,1027.31,1029.71,159.19,163783.1112
1783173600000,1029.71,1029.78,1026.35,1028.28,147.08,151163.9288
1783177200000,1028.28,1030.66,1027.65,1028.48,189.32,194826.8783
1783180800000,1028.48,1029.43,1024.23,1025.35,341.42,350495.8659
1783184400000,1025.35,1029.01,1022.91,1028.0,558.25,572630.8982
1783188000000,1028.0,1031.31,1026.77,1031.2,197.03,202832.7403
1783191600000,1031.2,1032.08,1029.53,1029.73,312.08,321645.9062
1783195200000,1029.73,1031.2,1027.85,1029.14,91.55,94244.8964
1783198800000,1029.14,1033.1,1029.14,1030.81,94.34,97296.6857
1783202400000,1030.81,1033.31,1028.77,1031.49,227.52,234547.8954
1783206000000,1031.49,1032.28,1027.63,1030.51,402.81,414807.2157
1783209600000,1030.51,1035.19,1029.11,1032.37,984.09,1016119.4642
1783213200000,1032.37,1034.5,1031.69,1033.01,796.25,822629.4457
1783216800000,1033.01,1037.33,1030.25,1033.8,296.13,305986.347
1783220400000,1033.8,1036.86,1030.52,1035.84,666.18,689145.0186
1783224000000,1035.84,1036.58,1031.39,1032.35,753.48,778684.2922
1783227600000,1032.35,1034.61,1030.09,1031.54,1516.06,1564848.1144
1783231200000,1031.54,1032.39,1030.07,1030.47,988.82,1019676.7863
1783234800000,1030.47,1031.97,1026.36,1027.72,1254.35,1290614.2005
1783238400000,1027.72,1032.78,1027.72,1032.45,504.56,519958.637
1783242000000,1032.45,1033.01,1026.67,1030.37,408.84,420698.3179
1783245600000,1030.37,1035.1,1029.09,1033.85,398.41,411428.0226
1783249200000,1033.85,1037.15,1032.88,1034.59,290.76,300906.8535
1783252800000,1034.59,1038.6,1033.26,1037.54,296.83,307329.5161
1783256400000,1037.54,1039.92,1034.28,1035.11,539.71,560114.7692
1783260000000,1035.11,1035.63,1027.93,1029.98,2676.17,2758769.2301
1783263600000,1029.98,1032.03,1028.4,1029.62,1208.77,1245680.8442
1783267200000,1029.62,1034.95,1029.62,1034.15,844.04,871862.4993
1783270800000,1034.15,1035.46,1032.19,1035.41,604.22,624775.1503
1783274400000,1035.41,1037.83,1033.64,1037.24,329.99,341875.9382
1783278000000,1037.24,1038.0,1035.7,1036.7,222.95,231143.5698
1783281600000,1036.7,1038.54,1036.25,1036.65,302.47,313710.6404
1783285200000,1036.65,1040.0,1034.62,1038.97,302.57,313791.1693
1783288800000,1038.97,1044.84,1035.5,1036.34,876.68,912896.0557
1783292400000,1036.34,1047.81,1020.12,1025.67,1429.92,1477218.9549
1783296000000,1025.67,1049.12,1021.68,1033.18,5631.1,5841730.9498
1783299600000,1033.18,1035.64,1004.29,1016.16,1750.04,1788411.6998
1783303200000,1016.16,1018.82,991.4,1003.34,2625.07,2632596.4016
1783306800000,1003.34,1014.64,1002.28,1009.01,1451.94,1463464.4104
1783310400000,1009.01,1017.15,1002.5,1013.76,1661.69,1680063.537
1783314000000,1013.76,1014.61,1005.39,1013.0,1235.5,1248757.391
1783317600000,1013.0,1015.73,1005.83,1012.43,784.8,792572.3414
1783321200000,1012.43,1014.14,1005.51,1006.26,701.13,707284.2796
1783324800000,1006.26,1011.65,998.0,1005.36,1654.75,1662349.4201
1783328400000,1005.36,1011.12,996.6,1002.51,1046.9,1051398.223
1783332000000,1002.51,1003.44,992.49,1002.06,612.03,610055.7145
1783335600000,1002.06,1011.73,995.19,1006.82,1345.25,1348802.2826
1783339200000,1006.82,1013.35,1004.26,1012.76,1330.0,1341726.6584
1783342800000,1012.76,1012.96,988.38,994.62,6319.01,6331503.9045
1783346400000,994.62,1019.17,993.1,1012.37,2656.9,2680160.2289
1783350000000,1012.37,1013.37,993.42,1012.71,1366.18,1371728.3435
1783353600000,1012.71,1014.87,999.91,1001.01,1505.92,1517817.3684
1783357200000,1001.01,1004.02,983.29,984.75,1982.27,1966711.6023
1783360800000,984.75,998.65,984.62,997.92,1194.58,1185427.848
1783364400000,997.92,1006.48,982.57,985.34,3699.08,3683624.4953
1783368000000,985.34,990.29,984.02,987.69,992.97,980168.7478
1783371600000,987.69,991.89,987.01,988.7,1120.18,1107863.5724
1783375200000,988.7,991.86,968.0,972.65,2881.86,2831449.1345
1783378800000,972.65,979.77,957.63,960.69,2636.33,2553322.6729
1783382400000,960.69,971.91,952.06,954.25,4579.08,4401540.2327
1783386000000,954.25,957.93,935.05,944.34,6300.95,5987038.5032
1783389600000,944.34,951.37,938.68,941.82,1217.18,1150115.8756
1783393200000,941.82,948.74,928.17,933.13,1419.15,1331106.8125
1783396800000,933.13,935.66,924.58,927.17,1403.35,1304000.7693
1783400400000,927.17,944.17,917.85,940.21,3100.71,2879876.7326
1783404000000,940.21,949.88,931.84,949.42,1654.57,1557498.1936
1783407600000,949.42,950.64,939.09,939.74,686.97,649610.0179
1783411200000,939.74,942.91,929.17,929.4,2166.71,2029154.6582
1783414800000,929.4,933.38,921.76,930.82,2148.98,1992994.3848
1783418400000,930.82,937.97,927.16,935.52,2523.72,2355267.1433
1783422000000,935.52,936.56,923.28,931.25,3006.07,2793537.3441
1783425600000,931.25,948.11,931.25,935.98,3096.68,2906299.9995
1783429200000,935.98,937.75,911.7,919.63,12234.05,11325584.1155
1783432800000,919.63,927.59,893.92,917.11,12284.5,11170467.1802
1783436400000,917.11,929.32,905.11,918.82,8531.93,7827396.0941
1783440000000,918.82,933.21,918.15,931.26,4172.12,3862780.8891
1783443600000,931.26,940.96,929.41,937.34,1441.4,1348607.1323
1783447200000,937.34,938.56,917.3,917.66,2512.01,2333212.5139
1783450800000,917.66,942.39,908.92,939.52,3165.3,2929209.7611
1783454400000,939.52,946.8,932.97,938.27,1712.27,1609380.6881
1783458000000,938.27,940.64,923.95,924.92,774.07,721436.1923
1783461600000,924.92,928.93,921.41,925.45,837.12,775001.3218
1783465200000,925.45,926.51,912.92,915.44,860.05,789749.4329
1783468800000,915.44,962.13,912.01,958.86,3186.05,2997967.9246
1783472400000,958.86,960.7,927.64,934.55,2963.02,2793499.4922
1783476000000,934.55,940.24,927.52,937.49,1890.46,1766645.4816
1783479600000,937.49,950.33,937.49,938.74,1526.86,1440875.4983
1783483200000,938.74,940.53,920.6,929.48,1705.93,1583433.3741
1783486800000,929.48,934.39,914.45,919.54,1607.78,1483638.9952
1783490400000,919.54,920.49,901.0,905.82,1630.0,1481201.8812
1783494000000,905.82,914.88,903.71,911.77,713.31,649326.9554
1783497600000,911.77,916.87,881.31,887.56,6814.0,6082153.449
1783501200000,887.56,892.87,876.29,889.15,4676.47,4139674.7724
1783504800000,889.15,906.92,888.95,897.97,3694.49,3326713.3099
1783508400000,897.97,906.07,892.53,903.12,2790.85,2508094.1089
1783512000000,903.12,915.79,900.86,907.65,1834.13,1663960.5262
1783515600000,907.65,958.67,900.78,956.03,9061.58,8465398.5122
1783519200000,956.03,959.41,928.85,936.2,6213.42,5861830.9756
1783522800000,936.2,938.64,915.13,922.18,5575.17,5155346.878
1783526400000,922.18,947.86,920.81,943.32,8092.6,7580846.5299
1783530000000,943.32,948.71,932.13,934.68,3581.16,3372705.275
1783533600000,934.68,945.02,933.42,942.08,2794.2,2630057.1466
1783537200000,942.08,951.44,941.4,950.18,3031.78,2871188.1913
1783540800000,950.18,950.5,938.23,940.55,1512.0,1425759.2084
1783544400000,940.55,947.27,939.67,944.73,459.24,433132.887
1783548000000,944.73,948.0,943.01,947.9,382.67,361695.6865
1783551600000,947.9,958.63,945.04,958.55,1582.46,1506417.0526
1783555200000,958.55,980.16,957.38,958.55,2917.22,2822409.4904
1783558800000,958.55,972.38,947.03,947.63,1484.28,1421032.6832
1783562400000,947.63,958.59,937.45,938.39,1568.36,1486118.6911
1783566000000,938.39,948.83,931.46,944.74,1516.93,1425321.6869
1783569600000,944.74,948.15,936.31,945.17,535.96,505659.2617
1783573200000,945.17,956.92,937.58,956.53,1022.23,968590.0851
1783576800000,956.53,974.5,952.1,971.17,1593.77,1538424.1885
1783580400000,971.17,986.74,969.83,985.22,1005.42,984588.527
1783584000000,985.22,995.27,981.17,984.92,2259.12,2234831.9689
1783587600000,984.92,989.65,977.56,982.5,2163.07,2129801.249
1783591200000,982.5,989.42,980.0,981.97,1189.52,1170155.2901
1783594800000,981.97,1003.91,977.11,998.56,2661.81,2643557.6362
1783598400000,998.56,1013.8,997.02,1009.24,3420.1,3440992.7652
1783602000000,1009.24,1035.0,1007.65,1027.74,10461.76,10636514.7261
1783605600000,1027.74,1033.36,1003.7,1014.95,4032.82,4105014.3872
1783609200000,1014.95,1024.15,1013.06,1015.63,1337.42,1363528.9027
1783612800000,1015.63,1021.85,1009.65,1014.7,1191.71,1211624.8428
1783616400000,1014.7,1026.96,1014.31,1022.86,1138.27,1164952.6141
1783620000000,1022.86,1024.03,1006.04,1008.45,1020.08,1035264.266
1783623600000,1008.45,1009.45,988.63,992.15,2324.2,2319132.036
1783627200000,992.15,995.52,987.77,992.98,1519.91,1507789.2466
1783630800000,992.98,997.0,992.11,995.87,283.1,281707.279
1783634400000,995.87,1001.6,995.05,1001.5,405.76,405455.9851
1783638000000,1001.5,1004.5,998.06,1002.42,769.57,770609.6029
1783641600000,1002.42,1003.67,979.0,995.18,2730.56,2697002.8441
1783645200000,995.18,997.98,987.83,991.26,883.42,877530.4828
1783648800000,991.26,994.56,986.17,994.37,492.87,488136.9608
1783652400000,994.37,994.49,987.55,991.82,307.06,304204.9211
1783656000000,991.82,994.35,986.53,988.34,426.99,423027.4895
1783659600000,988.34,989.39,977.78,980.55,1390.39,1366179.8301
1783663200000,980.55,981.25,961.22,971.21,2435.23,2361598.8725
1783666800000,971.21,971.96,963.58,968.07,782.74,757463.0086
1783670400000,968.07,971.5,959.58,966.24,2712.99,2618571.0558
1783674000000,966.24,982.17,960.75,975.71,2616.67,2543013.7442
1783677600000,975.71,981.8,972.24,979.37,1463.21,1430468.8784
1783681200000,979.37,989.84,978.42,981.98,1975.38,1943780.2459
1783684800000,981.98,985.0,968.76,968.76,2811.97,2746474.7714
1783688400000,968.76,979.61,957.36,973.04,6802.69,6588363.0471
1783692000000,973.04,984.26,968.47,970.56,3844.69,3752199.516
1783695600000,970.56,985.39,955.17,970.72,4578.48,4450840.6015
1783699200000,970.72,984.94,970.52,982.67,1847.46,1808694.3766
1783702800000,982.67,998.45,979.53,991.1,1832.72,1817519.3045
1783706400000,991.1,994.12,986.07,991.83,861.11,852531.4231
1783710000000,991.83,995.33,978.63,979.67,961.66,948306.6125
1783713600000,979.67,982.41,976.57,980.86,569.68,558089.3562
1783717200000,980.86,981.5,978.77,979.23,242.83,237996.3405
1783720800000,979.23,981.01,977.28,978.72,119.92,117425.7939
1783724400000,978.72,984.17,977.87,983.26,407.3,399362.1153
1783728000000,983.26,984.1,980.08,980.61,194.59,191086.8671
1783731600000,980.61,982.71,977.27,979.68,247.41,242534.7205
1783735200000,979.68,983.99,978.6,982.64,279.32,274364.3077
1783738800000,982.64,984.06,982.13,982.2,256.56,252299.8842
1783742400000,982.2,983.71,981.96,982.89,109.75,107851.2533
1783746000000,982.89,984.04,982.55,983.16,80.33,79001.6
1783749600000,983.16,986.33,982.75,984.75,271.22,266974.5233
1783753200000,984.75,987.47,984.07,984.8,148.08,145986.0503
1783756800000,984.8,987.2,984.6,986.28,149.97,147885.3434
1783760400000,986.28,990.51,984.98,986.5,185.67,183449.9317
1783764000000,986.5,988.38,985.27,987.98,110.59,109133.6603
1783767600000,987.98,988.37,986.58,988.04,128.96,127357.468
1783771200000,988.04,990.28,986.99,987.39,107.86,106648.9951
1783774800000,987.39,987.68,984.08,985.99,138.95,137022.9006
1783778400000,985.99,985.99,982.81,984.28,143.72,141476.7372
1783782000000,984.28,986.39,982.42,983.08,180.67,177857.9454
1783785600000,983.08,985.43,982.69,984.38,129.97,127894.0199
1783789200000,984.38,988.11,983.75,987.78,137.35,135362.974
1783792800000,987.78,987.78,985.07,985.96,66.11,65215.2934
1783796400000,985.96,988.69,985.96,988.48,63.32,62546.22
1783800000000,988.48,988.48,986.48,986.99,31.59,31197.9563
1783803600000,986.99,987.59,984.99,986.2,40.5,39931.8794
1783807200000,986.2,988.04,980.71,981.91,150.65,148258.1297
1783810800000,981.91,982.38,974.51,978.74,241.25,235856.0304
1783814400000,978.74,980.67,977.18,978.7,229.4,224592.9798
1783818000000,978.7,979.97,976.27,977.6,129.37,126505.4413
1783821600000,977.6,979.48,976.04,977.49,65.87,64403.0874
1783825200000,977.49,979.23,977.19,978.6,55.4,54206.9691
1783828800000,978.6,979.67,977.69,979.22,62.03,60705.7965
1783832400000,979.22,979.88,977.95,979.49,49.57,48531.0881
1783836000000,979.49,979.49,975.0,976.28,77.2,75416.8213
1783839600000,976.28,976.45,974.38,975.9,124.55,121430.486
1783843200000,975.9,978.76,975.59,978.76,83.5,81567.9941
1783846800000,978.76,981.69,978.2,979.52,248.26,243226.5389
1783850400000,979.52,982.02,979.16,981.18,116.16,113904.7686
1783854000000,981.18,984.27,980.99,984.17,161.9,159090.3844
1783857600000,984.17,984.43,980.67,981.68,87.06,85525.6001
1783861200000,981.68,983.49,981.33,982.63,133.17,130819.587
1783864800000,982.63,983.26,981.49,981.66,91.5,89888.7691
1783868400000,981.66,983.07,981.14,982.13,130.06,127760.4688
1783872000000,982.13,983.38,981.43,982.77,94.07,92400.0652
1783875600000,982.77,984.0,980.63,980.63,60.19,59138.9504
1783879200000,980.63,981.88,980.13,980.67,102.23,100293.5229
1783882800000,980.67,984.62,980.67,984.06,45.41,44653.6385
1783886400000,984.06,984.07,982.31,982.46,48.47,47652.2956
1783890000000,982.46,982.53,979.36,980.07,61.14,60002.1352
1783893600000,980.07,980.72,971.44,977.39,377.57,368188.6591
1783897200000,977.39,977.39,965.37,967.68,889.95,863976.038
1783900800000,967.68,989.74,960.51,962.78,2996.93,2920782.4875
1783904400000,962.78,965.46,940.09,942.69,4460.68,4243082.0693
1783908000000,942.69,946.23,929.63,930.44,2441.12,2291636.7164
1783911600000,930.44,936.19,925.65,928.77,1974.55,1836954.4666
1783915200000,928.77,930.11,922.02,925.67,1045.48,968418.7701
1783918800000,925.67,930.22,918.53,926.54,1685.92,1558872.0053
1783922400000,926.54,928.29,915.71,918.64,1338.41,1232327.3657
1783926000000,918.64,925.7,915.59,920.07,690.77,636608.0739
1783929600000,920.07,933.44,913.63,930.4,2422.34,2240780.8394
1783933200000,930.4,933.09,927.41,931.68,558.45,519471.1579
1783936800000,931.68,932.59,924.28,927.97,431.59,400480.9302
1783940400000,927.97,942.75,927.97,935.87,1584.31,1484437.3528
1783944000000,935.87,937.59,923.49,926.85,1551.26,1441459.7347
1783947600000,926.85,933.18,903.76,924.76,4662.71,4290774.5889
1783951200000,924.76,943.67,921.81,943.57,4159.84,3877243.4372
1783954800000,943.57,944.68,928.94,932.35,1315.73,1233503.5636
1783958400000,932.35,939.21,920.82,930.76,1837.88,1707879.1951
1783962000000,930.76,936.45,926.78,930.31,1196.84,1114312.786
1783965600000,930.31,934.39,923.86,930.34,4373.66,4069825.3131
1783969200000,930.34,942.81,928.43,937.4,1715.74,1603129.4058
1783972800000,937.4,939.46,926.78,930.44,946.12,880356.2742
1783976400000,930.44,935.57,929.86,932.98,281.29,262302.6009
1783980000000,932.98,936.15,927.3,927.78,220.59,205734.9947
1783983600000,927.78,927.78,914.3,921.25,1471.75,1355194.1457
1783987200000,921.25,947.89,913.29,946.57,2571.61,2393873.0708
1783990800000,946.57,950.01,932.84,935.02,1567.46,1477105.595
1783994400000,935.02,935.83,919.29,926.34,1084.94,1006431.5382
1783998000000,926.34,927.72,911.1,926.03,1586.32,1459073.4754
1784001600000,926.03,940.68,921.76,939.07,1467.08,1366005.0484
1784005200000,939.07,955.5,936.21,949.46,2476.72,2353547.4731
1784008800000,949.46,957.44,949.25,953.09,1070.52,1022428.4897
1784012400000,953.09,964.26,952.39,957.95,545.55,523288.2893
1784016000000,957.95,978.53,957.94,967.63,3541.99,3431192.1754
1784019600000,967.63,972.9,964.64,966.18,1472.06,1425030.896
1784023200000,966.18,971.79,964.64,968.6,599.11,579775.7711
1784026800000,968.6,975.5,962.33,968.9,1281.99,1242186.7028
1784030400000,968.9,990.88,964.52,983.75,3205.84,3149994.5986
1784034000000,983.75,995.45,969.03,975.72,5876.24,5777091.7008
1784037600000,975.72,977.56,951.43,964.97,4290.68,4132591.7295
1784041200000,964.97,990.47,964.1,982.25,2548.63,2494969.8828
1784044800000,982.25,992.41,977.75,989.1,1253.85,1234593.4892
1784048400000,989.1,989.57,982.27,987.54,681.94,671518.9677
1784052000000,987.54,988.27,978.93,980.66,1844.2,1811788.7526
1784055600000,980.66,985.72,974.73,983.14,2149.78,2110086.3999
1784059200000,983.14,984.93,980.0,981.63,355.01,348595.0808
1784062800000,981.63,982.0,977.97,978.57,280.28,274583.1907
1784066400000,978.57,982.7,976.13,981.82,346.71,339453.5248
1784070000000,981.82,990.36,980.96,990.07,460.75,454510.9895
1784073600000,990.07,1006.23,987.77,1004.06,1373.38,1369337.9724
1784077200000,1004.06,1004.58,988.89,996.69,620.1,616946.3121
1784080800000,996.69,999.37,993.83,993.89,348.77,347668.6642
1784084400000,993.89,1001.38,992.15,1000.42,371.91,371191.0089
1784088000000,1000.42,1002.77,997.03,999.7,497.24,497072.3227
1784091600000,999.7,1002.89,990.95,996.64,1032.03,1027862.7739
1784095200000,996.64,1000.89,994.46,996.14,476.51,475082.7274
1784098800000,996.14,998.75,988.19,992.74,525.89,521403.9158
1784102400000,992.74,993.0,969.95,974.72,2686.62,2626900.3147
1784106000000,974.72,978.07,971.22,973.4,579.29,564983.6703
1784109600000,973.4,975.51,966.61,974.43,958.09,930907.4529
1784113200000,974.43,983.02,974.32,977.07,675.17,660849.4632
1784116800000,977.07,982.52,972.52,980.74,891.72,872333.9706
1784120400000,980.74,982.81,949.35,958.34,5591.16,5393715.1927
1784124000000,958.34,959.9,905.8,919.81,7224.27,6682622.6635
1784127600000,919.81,920.75,898.07,904.54,4702.19,4257397.6125
1784131200000,904.54,905.94,876.03,891.87,7314.89,6504068.0239
1784134800000,891.87,915.82,890.95,908.73,4365.83,3943913.3843
1784138400000,908.73,917.66,899.0,903.08,2990.22,2720511.6553
1784142000000,903.08,915.77,897.22,905.49,3396.58,3077638.6328
1784145600000,905.49,907.73,902.25,905.36,679.36,614620.5915
1784149200000,905.36,905.82,899.2,902.97,489.95,441875.4307
1784152800000,902.97,906.8,894.06,898.07,770.72,691580.6181
1784156400000,898.07,904.48,896.57,897.32,681.2,613043.9335
1784160000000,897.32,907.32,887.13,891.41,2521.44,2262328.621
1784163600000,891.41,903.42,887.37,896.58,1147.31,1026338.8332
1784167200000,896.58,903.23,893.68,900.95,740.85,666595.9806
1784170800000,900.95,903.33,895.99,900.93,577.14,518863.4239
1784174400000,900.93,901.57,896.66,898.57,197.01,177020.0822
1784178000000,898.57,912.29,897.84,905.02,1188.18,1075908.2635
1784181600000,905.02,908.45,896.0,898.52,1381.01,1242633.4062
1784185200000,898.52,898.52,887.03,889.78,1080.0,963554.1276
1784188800000,889.78,893.09,873.08,885.97,4851.16,4277267.3534
1784192400000,885.97,889.46,878.59,878.82,1179.8,1044913.8828
1784196000000,878.82,882.46,868.6,877.96,2728.57,2392616.8111
1784199600000,877.96,878.43,860.17,863.09,3179.45,2757531.4969
1784203200000,863.09,864.96,853.51,855.62,3199.62,2749245.0886
1784206800000,855.62,887.65,853.85,868.49,16287.8,14165291.7463
1784210400000,868.49,881.0,857.53,866.17,6800.33,5922584.0116
1784214000000,866.17,870.93,848.5,855.32,7262.75,6232908.0394
1784217600000,855.32,856.65,847.34,853.83,6335.58,5393973.4474
1784221200000,853.83,855.57,841.68,847.82,3932.84,3334572.4236
1784224800000,847.82,865.2,844.3,846.69,6881.24,5885789.7607
1784228400000,846.69,856.68,843.3,855.03,3017.05,2561100.8282
1784232000000,855.03,858.31,848.34,857.61,1052.72,897453.6849
1784235600000,857.61,860.0,855.03,857.39,681.76,585333.2468
1784239200000,857.39,858.82,836.99,842.19,2593.06,2197790.3287
1784242800000,842.19,842.19,829.41,833.73,1897.31,1584261.6264
1784246400000,833.73,836.83,816.54,829.06,4177.19,3448985.2895
1784250000000,829.06,838.9,821.02,826.9,3138.33,2603841.3402
1784253600000,826.9,830.5,820.5,827.13,1302.4,1074418.2134
1784257200000,827.13,846.81,825.34,834.58,2682.77,2253199.7678
1784260800000,834.58,836.89,826.17,827.54,1867.3,1552141.0167
1784264400000,827.54,828.81,810.73,814.53,2986.57,2444255.2433
1784268000000,814.53,823.18,812.88,815.46,2156.08,1764129.3252
1784271600000,815.46,817.75,806.91,808.54,3221.55,2616824.7946
1784275200000,808.54,821.04,808.43,817.68,6048.04,4934345.7685
1784278800000,817.68,837.29,816.45,837.16,4890.67,4041848.3299
1784282400000,837.16,862.43,836.8,847.24,10660.28,9078086.67
1784286000000,847.24,850.93,832.48,836.17,3537.31,2977657.5694
1784289600000,836.17,838.68,825.49,832.45,6874.69,5708338.3536
1784293200000,832.45,847.03,805.8,845.28,21963.5,18103968.3244
1784296800000,845.28,880.67,843.81,855.08,25635.13,22180827.1638
1784300400000,855.08,886.11,847.0,884.47,13179.97,11334403.3705
1784304000000,884.47,897.56,878.92,893.61,9873.02,8760578.2296
1784307600000,893.61,903.57,883.0,884.28,6061.21,5425406.6406
1784311200000,884.28,886.42,869.5,872.2,4995.75,4375518.5461
1784314800000,872.2,872.64,850.31,850.81,5372.29,4627834.8038
1784318400000,850.81,854.11,843.77,845.92,4199.17,3557207.0322
1784322000000,845.92,847.41,839.69,839.83,1447.39,1221375.1551
1784325600000,839.83,842.41,836.85,840.05,552.69,463958.8636
1784329200000,840.05,846.68,840.05,844.83,743.46,627806.6028
1784332800000,844.83,847.86,842.91,846.68,373.77,316102.4917
1784336400000,846.68,848.59,846.01,847.09,310.01,262697.7856
1784340000000,847.09,848.35,845.65,846.37,204.42,173116.2497
1784343600000,846.37,847.78,846.19,847.43,208.29,176444.9502
1784347200000,847.43,848.13,845.47,846.62,423.27,358343.346
1784350800000,846.62,848.12,845.56,846.45,119.76,101395.1835
1784354400000,846.45,846.76,843.96,844.98,85.61,72357.4705
1784358000000,844.98,846.73,844.16,846.18,107.6,91016.2288
1784361600000,846.18,846.19,844.58,845.97,139.22,117694.1658
1784365200000,845.97,846.26,842.23,843.2,217.63,183588.4563
1784368800000,843.2,844.42,842.73,843.59,123.76,104419.7553
1784372400000,843.59,844.11,841.52,842.99,124.38,104872.137
1784376000000,842.99,843.44,840.65,841.7,162.35,136663.2755
1784379600000,841.7,845.23,841.25,843.65,147.26,124137.4613
1784383200000,843.65,844.03,840.94,842.19,169.84,142971.3689
1784386800000,842.19,842.6,840.25,840.76,225.81,190012.9941
1784390400000,840.76,840.77,837.43,840.32,339.45,284793.86
1784394000000,840.32,840.4,837.83,839.18,103.11,86526.8404
1784397600000,839.18,841.5,837.89,838.33,161.83,135882.5171
1784401200000,838.33,838.97,837.83,838.33,60.04,50340.0854
1784404800000,838.33,841.29,837.29,840.46,139.14,116734.8605
1784408400000,840.46,842.68,839.0,841.79,117.42,98740.3119
1784412000000,841.79,842.03,838.87,839.43,161.17,135436.654
1784415600000,839.43,841.1,839.09,839.39,76.93,64632.5002
1784419200000,839.39,843.53,839.17,843.3,273.95,230535.7807
1784422800000,843.3,844.9,841.6,844.8,136.17,114916.9502
1784426400000,844.8,846.33,842.54,844.75,307.23,259490.7733
1784430000000,844.75,845.38,843.05,844.92,458.06,386583.8921
1784433600000,844.92,847.15,843.99,845.28,243.55,205960.5564
1784437200000,845.28,846.03,844.67,845.48,130.86,110639.442
1784440800000,845.48,846.43,845.24,846.18,98.85,83609.2073
1784444400000,846.18,847.95,845.68,846.89,113.26,95895.779
1784448000000,846.89,852.63,846.89,852.3,331.77,282097.3323
1784451600000,852.3,852.33,847.29,850.38,231.64,196864.9576
1784455200000,850.38,851.44,847.83,850.28,223.41,189854.616
1784458800000,850.28,851.56,846.67,847.49,391.47,332214.4546
1784462400000,847.49,851.07,846.71,850.16,212.0,179931.4609
1784466000000,850.16,853.31,849.7,852.79,357.68,304957.4495
1784469600000,852.79,852.79,849.5,850.73,192.31,163652.0296
1784473200000,850.73,851.66,849.68,850.28,96.91,82452.9908
1784476800000,850.28,850.99,846.72,847.86,211.75,179586.3405
1784480400000,847.86,854.68,847.05,852.32,516.64,440207.234
1784484000000,852.32,853.22,849.2,852.97,244.63,208354.538
1784487600000,852.97,855.57,852.65,855.49,137.47,117461.0485
1784491200000,855.49,855.68,853.54,853.86,127.22,108763.9033
1784494800000,853.86,855.47,852.59,853.57,101.6,86718.2862
1784498400000,853.57,868.64,849.32,866.73,1537.85,1318730.0283
1784502000000,866.73,867.87,856.47,862.05,2539.42,2188767.2481
1784505600000,862.05,882.5,854.89,862.0,7452.96,6497868.2687
1784509200000,862.0,871.44,847.06,851.66,2483.14,2133155.1039
1784512800000,851.66,862.32,850.0,859.77,2655.64,2274832.0257
1784516400000,859.77,866.99,857.03,863.65,1595.2,1375460.1178
1784520000000,863.65,871.86,860.11,868.13,1130.86,980269.6545
1784523600000,868.13,868.95,857.34,859.66,827.56,713459.6753
1784527200000,859.66,861.67,851.09,857.32,1136.41,973259.316
1784530800000,857.32,869.91,856.09,867.77,784.91,678434.2551
1784534400000,867.77,877.25,865.78,871.36,3380.31,2944450.3976
1784538000000,871.36,884.29,870.41,880.35,1569.45,1377278.058
1784541600000,880.35,889.63,877.88,883.76,1266.97,1119395.2629
1784545200000,883.76,896.23,883.47,895.88,2467.96,2197611.1179
1784548800000,895.88,896.15,879.07,882.79,1899.78,1685961.7203
1784552400000,882.79,899.39,877.24,882.01,13756.39,12204873.8491
1784556000000,882.01,888.87,867.06,871.08,6353.93,5577065.5746
1784559600000,871.08,894.91,868.69,893.37,2408.34,2124907.5347
1784563200000,893.37,901.31,886.2,889.43,2881.96,2577685.3105
1784566800000,889.43,892.56,883.46,886.9,1214.59,1078781.0007
1784570400000,886.9,888.65,871.54,873.22,1857.19,1631267.0086
1784574000000,873.22,875.0,859.83,866.63,3898.45,3372672.8977
1784577600000,866.63,872.99,865.06,871.78,1257.53,1090715.1325
1784581200000,871.78,873.73,870.38,872.54,822.65,717700.7014
1784584800000,872.54,873.11,868.05,872.77,1153.86,1004705.964
1784588400000,872.77,877.61,870.84,873.22,876.66,766867.3827
1784592000000,873.22,884.48,867.69,877.56,2896.81,2537705.4495
1784595600000,877.56,889.4,877.56,885.0,1400.96,1239316.3136
1784599200000,885.0,889.33,880.51,889.08,568.02,502836.1767
1784602800000,889.08,905.54,889.03,904.17,2400.7,2161626.9605
1784606400000,904.17,909.47,899.17,899.49,1277.51,1155816.9232
1784610000000,899.49,904.38,895.12,901.71,1051.36,945921.3744
1784613600000,901.71,912.57,901.56,912.57,1533.11,1390827.3603
1784617200000,912.57,913.84,907.92,911.78,864.43,787643.3878
1784620800000,911.78,922.85,910.67,917.46,2270.21,2083893.2219
1784624400000,917.46,920.32,914.71,915.46,977.93,896835.2171
1784628000000,915.46,926.78,915.46,919.19,1633.31,1506847.9513
1784631600000,919.19,922.5,915.55,918.56,1223.64,1124096.6859
1784635200000,918.56,920.61,913.12,919.36,1045.1,958783.6201
1784638800000,919.36,944.81,917.46,933.73,9900.54,9236714.7084
1784642400000,933.73,947.66,917.3,945.13,4886.29,4545105.67
1784646000000,945.13,957.92,944.92,951.83,3048.78,2903268.2064
1784649600000,951.83,980.0,950.97,976.55,4508.6,4371359.8423
1784653200000,976.55,981.96,970.03,972.3,1980.69,1932913.8457
1784656800000,972.3,979.02,968.3,973.22,994.13,967586.9102
1784660400000,973.22,974.7,961.43,970.06,3048.06,2953863.7868
1784664000000,970.06,979.08,968.71,978.39,1247.02,1215880.7844
1784667600000,978.39,987.48,978.3,978.68,1415.68,1391544.7166
1784671200000,978.68,984.79,976.06,982.5,596.65,584775.1807
1784674800000,982.5,987.54,980.29,986.43,631.76,621529.358
1784678400000,986.43,995.24,974.44,978.14,1923.29,1896657.6362
1784682000000,978.14,984.09,972.32,975.96,1682.26,1644982.2998
1784685600000,975.96,978.61,967.38,967.93,668.94,650535.9792
1784689200000,967.93,971.11,961.4,964.76,2052.33,1982640.6081
1784692800000,964.76,970.58,960.58,963.54,728.05,703084.289
1784696400000,963.54,964.05,947.67,951.51,3471.0,3306583.0597
1784700000000,951.51,953.94,937.59,951.46,2635.41,2494754.9142
1784703600000,951.46,951.46,942.41,946.22,813.04,769440.4596
1784707200000,946.22,952.81,941.35,944.78,3783.8,3577924.088
1784710800000,944.78,950.95,941.64,944.83,1358.67,1286076.1155
1784714400000,944.83,948.46,940.41,943.88,1715.38,1620401.8024
1784718000000,943.88,947.02,929.38,934.36,2147.07,2011636.9949
1784721600000,934.36,935.72,924.52,929.54,3911.62,3636230.9442
1784725200000,929.54,973.95,929.45,972.17,12475.69,11898102.0356
1784728800000,972.17,979.23,963.09,967.55,4035.05,3911179.9263
1784732400000,967.55,976.09,967.55,973.65,1391.02,1351548.8185
1784736000000,973.65,978.77,969.61,973.31,955.69,931580.8617
1784739600000,973.31,982.11,970.76,972.98,496.24,484603.5661
1784743200000,972.98,974.61,964.24,969.29,596.59,577858.9356
1784746800000,969.29,979.8,959.14,960.46,2022.33,1965098.5164
1784750400000,960.46,980.4,951.69,975.67,4614.41,4456609.0998
1784754000000,975.67,988.34,975.33,978.92,3084.23,3023780.0979
1784757600000,978.92,981.53,970.65,974.08,1046.52,1022130.0805
1784761200000,974.08,983.81,968.62,983.74,1136.74,1108048.6318
1784764800000,983.74,993.91,980.6,987.53,1700.48,1679283.778
1784768400000,987.53,992.34,973.06,973.56,1588.49,1562037.2635
1784772000000,973.56,977.15,963.33,971.64,1992.48,1932102.5156
1784775600000,971.64,978.06,964.96,974.66,1492.54,1449016.0357
1784779200000,974.66,981.01,969.67,977.68,859.24,837749.4232
1784782800000,977.68,983.64,970.71,972.98,922.4,902858.1001
1784786400000,972.98,978.91,970.95,974.63,1035.91,1009756.76
1784790000000,974.63,974.74,966.59,972.48,939.0,911498.7534
1784793600000,972.48,990.12,965.57,989.44,2724.58,2671913.6239
1784797200000,989.44,999.98,986.37,990.64,4282.43,4252812.3391
1784800800000,990.64,992.99,986.72,989.97,1299.26,1285846.0686
1784804400000,989.97,992.63,970.41,978.0,2715.75,2660669.3721
1784808000000,978.0,978.34,960.74,967.35,3819.78,3696095.2735
1784811600000,967.35,1001.76,957.75,978.69,15205.51,14939292.7421
1784815200000,978.69,1000.0,978.67,990.06,6778.33,6723087.0895
1784818800000,990.06,993.09,978.62,990.67,4831.86,4762250.077
1784822400000,990.67,1011.96,987.34,994.72,4951.49,4944797.7536
1784826000000,994.72,1002.08,989.77,992.77,3166.65,3156683.9251
1784829600000,992.77,996.02,981.96,984.67,1752.45,1734974.9741
1784833200000,984.67,993.96,977.05,989.48,5097.27,5021368.8607
1784836800000,989.48,1002.5,988.21,995.22,2845.74,2834477.3141
1784840400000,995.22,997.91,985.7,988.96,1272.78,1259528.1549
1784844000000,988.96,989.75,981.88,989.01,986.4,972668.1564
1784847600000,989.01,989.95,985.31,987.68,680.16,671637.9641
1784851200000,987.68,992.22,976.81,981.01,3142.93,3091586.5827
1784854800000,981.01,989.23,980.4,980.74,836.34,823528.9639
1784858400000,980.74,983.02,962.87,964.87,3886.53,3775591.9234
1784862000000,964.87,974.47,962.51,963.72,4919.29,4765863.6708
1784865600000,963.72,974.96,960.9,974.71,2813.29,2720868.3881
1784869200000,974.71,980.81,971.71,973.38,2714.0,2650879.4855
1784872800000,973.38,974.45,966.35,974.12,3053.53,2962076.7451
1784876400000,974.12,982.88,973.85,980.65,2974.73,2911806.503
1784880000000,980.65,980.73,969.04,971.91,3913.24,3812124.5674
1784883600000,971.91,978.99,970.27,978.73,2376.19,2315040.0738
1784887200000,978.73,979.11,969.61,971.5,1152.93,1124184.2969
1784890800000,971.5,978.2,968.9,976.16,1547.55,1504885.7349
1784894400000,976.16,987.38,972.75,972.99,2448.79,2400950.6339
1784898000000,972.99,977.1,932.17,935.31,13853.56,13216383.3312
1784901600000,935.31,942.2,921.36,936.29,9557.4,8915798.7723
1784905200000,936.29,948.68,928.57,947.16,5811.48,5462624.4666
1784908800000,947.16,952.55,934.37,936.65,3017.56,2844238.1865
1784912400000,936.65,940.82,929.48,930.99,2172.47,2029975.1603
1784916000000,930.99,932.08,911.67,916.71,3588.21,3298829.9238
1784919600000,916.71,924.65,906.03,922.37,6262.54,5731564.0804
1784923200000,922.37,926.95,917.18,922.23,2042.58,1885311.022
1784926800000,922.23,922.23,912.48,913.6,661.44,606949.7617
1784930400000,913.6,917.33,912.88,913.65,628.94,575417.8311
1784934000000,913.65,916.05,907.64,912.34,881.5,803463.4837
1784937600000,912.34,924.35,912.0,919.44,791.83,728234.1817
1784941200000,919.44,920.19,917.08,918.9,386.77,355283.4838
1784944800000,918.9,928.73,917.91,925.53,1308.65,1210173.1602
1784948400000,925.53,929.89,922.8,925.15,1151.55,1067384.9736
1784952000000,925.15,929.0,924.64,924.64,454.8,421329.6911
1784955600000,924.64,925.6,923.67,923.94,323.25,298734.2011
1784959200000,923.94,927.15,923.77,926.7,312.83,289517.804
1784962800000,926.7,926.82,924.24,924.74,396.29,366674.0126
1784966400000,924.74,926.48,924.32,926.48,169.15,156552.2688
1784970000000,926.48,926.75,921.14,923.29,369.22,341130.2782
1784973600000,923.29,925.95,923.27,925.49,195.1,180423.4278
1784977200000,925.49,926.07,922.77,925.26,109.11,100871.0588
1784980800000,925.26,928.22,925.23,927.07,281.93,261294.7876
1784984400000,927.07,928.25,925.44,925.51,140.84,130513.1832
1784988000000,925.51,926.26,924.53,926.17,146.5,135562.6266
1784991600000,926.17,926.52,924.52,924.53,76.86,71124.9097
1784995200000,924.53,928.68,924.44,927.11,463.65,429913.2755
1784998800000,927.11,931.11,926.86,930.38,311.29,289231.1371
1785002400000,930.38,931.54,929.41,929.55,121.75,113288.9663
1785006000000,929.55,932.46,928.82,932.34,75.41,70184.3039
1785009600000,932.34,932.92,931.71,931.81,55.01,51282.3636
1785013200000,931.81,933.43,930.83,931.14,82.16,76569.4314
1785016800000,931.14,933.79,930.97,933.79,121.12,112947.8364
1785020400000,933.79,934.9,932.36,933.55,298.6,278933.2139
1785024000000,933.55,934.71,931.93,933.09,185.52,173192.592
1785027600000,933.09,937.33,932.88,934.9,273.14,255558.6042
1785031200000,934.9,936.23,934.05,935.78,195.61,182917.7645
1785034800000,935.78,937.95,934.23,935.68,227.49,213008.9425
1785038400000,935.68,938.9,935.39,937.56,237.28,222497.119
1785042000000,937.56,937.56,934.13,936.06,236.84,221621.5743
1785045600000,936.06,939.3,935.4,938.38,243.94,228516.8802
1785049200000,938.38,939.57,936.58,939.11,691.95,649212.3359
1785052800000,939.11,939.49,936.21,938.97,253.81,238186.2488
1785056400000,938.97,939.46,937.13,939.46,249.25,233912.5827
1785060000000,939.46,945.33,939.18,944.25,347.85,327721.012
1785063600000,944.25,946.22,942.66,945.29,284.25,268533.4453
1785067200000,945.29,945.6,940.51,941.5,210.78,198734.2168
1785070800000,941.5,944.76,940.59,944.27,113.4,106921.5508
1785074400000,944.27,946.88,942.27,942.87,147.54,139366.41
1785078000000,942.87,944.9,942.01,943.36,181.23,170987.4099
1785081600000,943.36,944.98,941.75,943.35,160.79,151770.7927
1785085200000,943.35,943.56,941.54,943.55,73.86,69600.9628
1785088800000,943.55,944.07,942.72,943.38,159.65,150638.6125
1785092400000,943.38,943.64,939.21,939.21,112.93,106261.4353
1785096000000,939.21,939.48,937.43,939.48,123.24,115666.9973
1785099600000,939.48,942.22,938.8,941.34,90.17,84766.3632
1785103200000,941.34,951.91,941.34,948.32,979.03,927605.3521
1785106800000,948.32,954.16,947.04,954.01,1022.03,972383.8707
1785110400000,954.01,955.38,938.67,941.67,5610.2,5309211.8567
1785114000000,941.67,945.22,933.2,942.56,1536.78,1442801.0325
1785117600000,942.56,947.73,939.8,942.65,1075.45,1015322.342
1785121200000,942.65,947.78,940.76,943.59,756.94,714584.8308
1785124800000,943.59,949.43,942.14,948.25,384.36,363234.3326
1785128400000,948.25,957.59,947.86,953.78,1256.57,1199985.3561
1785132000000,953.78,961.76,952.91,961.0,1186.79,1137956.3797
1785135600000,961.0,962.28,954.92,955.39,446.56,427856.2071
1785139200000,955.39,959.41,948.06,953.47,1606.88,1533285.1972
1785142800000,953.47,956.58,951.2,954.19,407.66,388844.395
1785146400000,954.19,954.19,948.29,950.08,709.08,674109.7851
1785150000000,950.08,950.08,935.73,940.58,1640.8,1544370.1681
1785153600000,940.58,944.31,932.1,942.26,1215.78,1140466.3492
1785157200000,942.26,944.37,907.28,909.89,14366.64,13319131.4577
1785160800000,909.89,911.34,856.37,878.67,14119.73,12408541.3884
1785164400000,878.67,882.24,864.69,877.61,6510.6,5681547.203
1785168000000,877.61,888.18,867.5,868.98,3644.61,3206990.3325
1785171600000,868.98,882.36,866.47,882.13,2095.38,1827778.0742
1785175200000,882.13,893.68,878.34,892.98,2556.46,2260312.6481
1785178800000,892.98,901.42,885.76,900.15,3136.2,2804794.5253
1785182400000,900.15,901.91,895.46,896.31,1394.43,1252626.1942
1785186000000,896.31,898.53,891.32,891.32,667.39,598365.0109
1785189600000,891.32,892.1,881.47,882.97,1221.31,1081472.6601
1785193200000,882.97,885.64,876.65,885.18,1292.26,1138668.4739
1785196800000,885.18,892.54,869.87,871.31,3161.19,2773424.756
1785200400000,871.31,877.11,864.17,870.31,3250.47,2830611.2759
1785204000000,870.31,874.76,865.03,868.28,1801.36,1566367.7081
1785207600000,868.28,872.47,859.72,870.05,2595.58,2249999.7631
1785211200000,870.05,870.29,862.5,863.23,1732.91,1499248.9786
1785214800000,863.23,866.31,851.46,852.54,2347.11,2014657.4221
1785218400000,852.54,857.99,846.14,856.89,1620.45,1380601.9407
1785222000000,856.89,860.87,852.72,855.63,826.71,708108.2979
1785225600000,855.63,866.84,850.43,859.87,3562.09,3057896.3879
1785229200000,859.87,863.25,852.1,855.18,2251.29,1931949.1307
1785232800000,855.18,857.75,847.64,851.82,1690.15,1441133.4854
1785236400000,851.82,852.31,830.35,841.43,5608.85,4701578.0405
1785240000000,841.43,847.94,835.42,840.41,5846.81,4921177.481
1785243600000,840.41,850.95,807.43,811.58,28567.37,23819109.0968
1785247200000,811.58,826.24,791.76,814.45,12551.45,10149020.1161
1785250800000,814.45,831.86,810.96,829.12,4785.79,3923685.6063
1785254400000,829.12,833.28,818.61,826.27,3027.53,2497701.886
1785258000000,826.27,828.24,812.53,818.96,2208.15,1809657.6444
1785261600000,818.96,824.67,814.54,824.67,1807.57,1482235.3822
1785265200000,824.67,833.04,820.1,821.93,3320.94,2741843.1891
1785268800000,821.93,838.89,813.33,828.23,5220.27,4305786.2885
1785272400000,828.23,834.79,827.52,832.98,880.7,732297.7974
1785276000000,832.98,835.97,772.35,776.19,8713.42,6991532.947
1785279600000,776.19,834.57,774.83,832.54,16371.71,13164757.4963
1785283200000,832.54,856.39,818.4,828.66,11030.62,9252730.5668
1785286800000,828.66,833.42,791.08,792.74,11119.18,9033820.4001
1785290400000,792.74,806.71,787.3,794.23,7646.57,6107662.4388
1785294000000,794.23,800.14,778.5,780.68,5538.89,4377968.1098
1785297600000,780.68,787.82,757.16,786.09,15192.83,11701092.7857
1785301200000,786.09,811.31,783.38,800.7,12978.18,10377763.1224
1785304800000,800.7,811.69,790.86,808.94,6861.46,5494110.0513
1785308400000,808.94,813.77,804.36,810.2,2596.91,2103845.6542
1785312000000,810.2,816.47,799.34,809.75,6738.53,5444859.3702
1785315600000,809.75,843.64,809.75,835.55,6580.27,5459354.1433
1785319200000,835.55,839.59,814.59,815.21,9235.67,7664119.0469
1785322800000,815.21,829.83,812.78,829.25,5053.08,4151877.3023
1785326400000,829.25,829.94,814.49,822.58,3214.02,2640301.4667
1785330000000,822.58,842.97,794.14,804.0,24259.06,19957163.8955
1785333600000,804.0,814.13,778.16,788.62,14826.01,11808666.3476
1785337200000,788.62,794.56,769.39,776.88,7527.56,5894231.9303
1785340800000,776.88,780.08,760.81,774.31,8652.27,6675781.0339
1785344400000,774.31,786.0,770.15,774.94,10431.37,8091460.7007
1785348000000,774.94,797.0,763.13,794.57,18279.23,14285715.4528
1785351600000,794.57,796.85,738.92,739.33,22662.92,17213270.1924
1785355200000,739.33,741.36,713.51,717.81,20676.79,15086680.8977
1785358800000,717.81,723.76,706.21,722.09,13418.19,9596143.5915
1785362400000,722.09,739.96,721.83,731.49,8662.41,6336508.8974
1785366000000,731.49,737.68,728.0,734.98,5580.86,4085579.9631
1785369600000,734.98,744.79,725.66,735.63,9598.44,7071206.7979
1785373200000,735.63,768.78,734.22,757.81,7023.14,5299262.5567
1785376800000,757.81,761.82,730.22,731.33,7431.67,5527275.3756
1785380400000,731.33,737.99,726.74,732.65,4926.97,3613981.6881
1785384000000,732.65,734.56,721.84,722.32,3651.73,2654217.3158
1785387600000,722.32,735.39,718.48,732.15,2351.85,1708658.6815
1785391200000,732.15,733.98,723.58,724.93,1568.18,1144201.3022
1785394800000,724.93,730.77,720.45,721.4,2757.46,1997216.7366
1785398400000,721.4,734.06,716.75,728.66,3915.98,2839318.9597
1785402000000,728.66,738.09,727.76,734.42,3624.07,2660315.3288
1785405600000,734.42,755.13,732.86,747.78,4318.35,3223612.241
1785409200000,747.78,768.51,747.21,766.76,5686.69,4313918.9555
1785412800000,766.76,790.33,763.16,787.97,7252.72,5638473.0855
1785416400000,787.97,840.58,780.44,835.15,22792.27,18411547.2998
1785420000000,835.15,867.16,822.61,840.89,21181.03,17892025.7359
1785423600000,840.89,859.1,837.94,853.73,9930.1,8432792.2871
1785427200000,853.73,865.68,851.21,859.57,3651.19,3132651.7099
1785430800000,859.57,876.97,859.57,872.63,5775.34,5030943.0329
1785434400000,872.63,876.42,863.19,867.25,2204.47,1916919.6056
1785438000000,867.25,882.93,867.25,875.56,7490.06,6563897.0389
1785441600000,875.56,894.37,870.55,889.23,8925.65,7911195.2833
1785445200000,889.23,903.73,885.27,897.69,5822.81,5219920.5122
1785448800000,897.69,911.19,895.2,904.16,2513.3,2277271.5293
1785452400000,904.16,907.53,887.56,902.46,4261.3,3824293.9635
1785456000000,902.46,930.38,893.13,917.82,8667.07,7923446.1309
1785459600000,917.82,928.5,893.5,903.39,4177.97,3807329.7533
1785463200000,903.39,907.18,888.47,897.69,4296.86,3842432.3501
1785466800000,897.69,901.73,890.59,897.92,2113.0,1893482.6129
1785470400000,897.92,911.32,893.48,907.84,1891.92,1710017.1992
1785474000000,907.84,919.84,905.58,916.68,2401.76,2192791.1626
1785477600000,916.68,922.32,883.09,896.12,7451.95,6686324.7597
1785481200000,896.12,909.73,890.47,903.47,2734.38,2460476.8567
1785484800000,903.47,906.71,889.86,905.48,5550.31,4993483.131
1785488400000,905.48,916.62,900.17,901.25,3015.43,2743440.8059
1785492000000,901.25,912.99,900.02,909.66,3390.14,3086665.4691
1785495600000,909.66,921.42,909.66,916.38,4387.72,4019633.7432
1785499200000,916.38,916.54,899.67,904.86,3690.71,3352414.5373
1785502800000,904.86,931.73,861.42,865.75,30205.41,26982860.0886
1785506400000,865.75,868.95,831.1,847.0,24245.04,20570904.0566
1785510000000,847.0,852.67,819.62,828.44,9352.42,7793892.2769
1785513600000,828.44,841.27,824.53,838.44,4025.65,3358772.2871
1785517200000,838.44,854.97,835.95,846.83,3581.43,3034977.0028
1785520800000,846.83,850.17,833.53,837.51,3075.08,2578439.5352
1785524400000,837.51,843.56,823.67,824.5,3896.34,3256405.1317
1785528000000,824.5,826.81,818.0,819.53,4415.31,3627991.2396
1785531600000,819.53,822.27,817.0,818.01,552.17,452977.8923
1785535200000,818.01,819.15,814.2,817.33,1359.33,1109688.3195
1785538800000,817.33,818.28,813.32,814.18,456.04,371983.6732
1785542400000,814.18,824.28,814.18,817.0,969.32,794666.502
1785546000000,817.0,820.01,815.94,818.64,189.25,154803.194
1785549600000,818.64,820.92,817.82,818.65,237.25,194467.1758
1785553200000,818.65,819.01,817.32,817.81,153.0,125163.0583
1785556800000,817.81,818.78,817.49,817.84,289.54,236956.1281
1785560400000,817.84,819.25,816.64,817.46,235.94,192898.1288
1785564000000,817.46,821.46,816.71,818.23,201.59,165191.7089
1785567600000,818.23,821.94,818.14,821.29,236.88,194090.0113
1785571200000,821.29,822.96,818.95,818.95,167.42,137505.4555
1785574800000,818.95,821.08,818.9,820.32,106.83,87591.9972
1785578400000,820.32,821.8,820.0,821.73,50.91,41793.4143
1785582000000,821.73,824.85,821.48,823.39,108.25,89154.0678
1785585600000,823.39,823.95,820.6,820.63,266.96,219515.1746
1785589200000,820.63,820.77,817.9,819.84,179.39,146998.3466
1785592800000,819.84,820.01,818.3,819.66,113.75,93190.9458
1785596400000,819.66,819.66,816.31,816.86,217.6,178090.5856
1785600000000,816.86,817.35,814.68,815.83,184.76,150824.606
1785603600000,815.83,817.78,813.54,814.2,268.61,218845.5446
1785607200000,814.2,817.59,807.14,815.02,1078.27,877451.768
1785610800000,815.02,816.34,812.52,813.36,485.63,395161.3446
1785614400000,813.36,816.27,812.39,815.69,121.84,99187.7826
1785618000000,815.69,822.44,812.34,822.3,604.48,495046.0666
1785621600000,822.3,823.11,818.16,821.17,437.79,359007.4232
1785625200000,821.17,822.47,819.63,822.01,261.86,214828.0379
1785628800000,822.01,826.56,822.01,824.15,300.09,247366.2187
1785632400000,824.15,824.47,821.28,822.39,320.99,263975.8638
1785636000000,822.39,849.76,821.57,842.38,3269.63,2748211.5239
1785639600000,842.38,845.0,837.18,838.22,992.31,834619.2791
1785643200000,838.22,841.38,837.83,838.56,282.4,237063.631
1785646800000,838.56,841.0,837.36,840.0,295.59,247915.9127
1785650400000,840.0,842.79,838.86,838.95,354.47,297962.0219
1785654000000,838.95,845.68,838.21,845.15,598.45,503677.7935
1785657600000,845.15,853.46,845.15,848.06,1037.5,881314.001
1785661200000,848.06,849.29,844.68,848.97,686.08,581132.1476
1785664800000,848.97,850.64,845.37,845.59,404.39,343021.574
1785668400000,845.59,846.02,835.68,839.02,1101.53,925307.5162
1785672000000,839.02,843.67,837.88,840.09,549.43,461639.623
1785675600000,840.09,841.24,838.29,840.74,260.2,218515.6067
1785679200000,840.74,841.37,839.0,839.81,279.88,235069.5621
1785682800000,839.81,842.55,838.6,842.47,230.64,193648.5877
1785686400000,842.47,847.57,840.46,846.47,582.41,491333.084
1785690000000,846.47,851.8,846.1,848.97,598.84,508643.8192
1785693600000,848.97,850.89,848.06,849.91,223.11,189525.7768
1785697200000,849.91,853.7,849.16,852.97,534.05,455026.9721
1785700800000,852.97,855.7,851.88,852.38,780.4,666021.6519
1785704400000,852.38,857.84,851.15,854.4,754.49,644644.1983
1785708000000,854.4,859.14,849.11,855.44,1528.34,1305725.5864
1785711600000,855.44,864.37,850.69,855.29,2179.25,1867337.2012
1785715200000,855.29,855.29,836.42,846.71,4906.22,4135684.4097
1785718800000,846.71,847.54,837.02,845.1,804.44,677912.8265
1785722400000,845.1,847.14,840.9,843.29,979.44,827230.9884
1785726000000,843.29,845.81,840.02,844.21,316.54,267041.1053
1785729600000,844.21,846.19,839.35,839.46,605.77,511029.8525
1785733200000,839.46,843.5,837.39,841.28,632.63,532443.158
1785736800000,841.28,841.93,832.45,833.79,317.39,265463.7319
1785740400000,833.79,838.63,830.18,833.29,499.55,417341.5183
1785744000000,833.29,835.09,806.2,822.58,3861.47,3166461.8211
1785747600000,822.58,823.67,808.87,813.99,1325.76,1079415.1243
1785751200000,813.99,814.08,793.5,805.85,3303.48,2650006.2126
1785754800000,805.85,806.95,783.66,786.07,1970.52,1563233.612
1785758400000,786.07,795.65,782.03,788.33,2441.21,1929762.5927
1785762000000,788.33,801.45,771.65,799.7,19808.22,15580070.5932
1785765600000,799.7,830.31,785.48,828.53,11495.95,9295588.398
1785769200000,828.53,828.54,805.09,815.62,4440.11,3620605.7001
1785772800000,815.62,826.4,815.62,819.18,1923.48,1581427.3477
1785776400000,819.18,836.65,818.66,834.8,1460.5,1209649.7053
1785780000000,834.8,837.82,823.86,824.86,1256.94,1045427.777
1785783600000,824.86,837.42,821.91,829.83,2512.17,2082298.0663
1785787200000,829.83,831.84,826.0,829.59,1269.59,1050749.5665
1785790800000,829.59,836.33,828.93,834.25,305.35,254333.2447
1785794400000,834.25,839.94,834.1,836.98,510.1,427244.8839
1785798000000,836.98,842.6,835.55,842.25,681.82,571590.5955
1785801600000,842.25,846.68,814.3,817.2,3706.74,3071382.0878
1785805200000,817.2,840.6,812.63,838.33,2521.34,2082094.3386
1785808800000,838.33,838.74,824.41,827.76,3511.29,2912979.3109
1785812400000,827.76,830.65,822.13,829.3,2454.95,2030648.2937
1785816000000,829.3,834.43,823.27,832.27,1524.07,1262619.054
1785819600000,832.27,842.21,825.31,841.59,1792.34,1494594.7621
1785823200000,841.59,851.15,840.41,851.15,2391.8,2025884.3121
1785826800000,851.15,854.42,845.71,848.85,2317.32,1973091.1197
1785830400000,848.85,866.63,848.21,856.29,3789.95,3258331.5948
1785834000000,856.29,858.14,845.51,853.8,1884.08,1605164.9014
1785837600000,853.8,864.93,853.07,861.29,1745.79,1501030.2285
1785841200000,861.29,872.76,860.47,871.99,2706.32,2347351.8639
1785844800000,871.99,872.43,864.13,868.77,3418.51,2964713.3671
1785848400000,868.77,889.48,858.99,877.41,12256.35,10703925.2421
1785852000000,877.41,886.37,868.97,884.75,4225.19,3712999.335
1785855600000,884.75,899.33,883.64,893.75,4032.11,3599384.6924
1785859200000,893.75,900.2,891.3,896.38,2000.78,1793434.3029
1785862800000,896.38,902.38,893.56,896.68,1836.55,1649125.7992
1785866400000,896.68,898.19,890.32,895.71,3623.01,3240519.8517
1785870000000,895.71,900.67,889.02,892.64,1604.58,1436297.8025
1785873600000,892.64,898.39,874.64,881.53,4541.68,4016587.8957
1785877200000,881.53,888.8,880.5,884.43,1065.18,941545.2307
1785880800000,884.43,887.76,880.92,885.78,2153.19,1904248.0161
1785884400000,885.78,895.74,883.52,892.06,911.14,810854.3521
1785888000000,892.06,897.12,886.78,890.77,1873.38,1671924.9997
1785891600000,890.77,890.86,876.13,886.23,990.39,875368.2972
1785895200000,886.23,889.62,881.94,884.62,654.26,578998.2514
1785898800000,884.62,892.16,884.62,891.1,763.7,679820.2064
1785902400000,891.1,900.31,890.15,899.63,1694.19,1517743.8685
1785906000000,899.63,911.32,898.91,909.55,6027.57,5466109.2677
1785909600000,909.55,913.49,898.29,902.96,2198.85,1994548.7601
1785913200000,902.96,905.87,889.31,894.99,1512.91,1354879.1305
1785916800000,894.99,901.23,868.19,878.27,4783.12,4216588.3314
1785920400000,878.27,884.27,874.12,880.51,1562.03,1373892.9048
1785924000000,880.51,882.3,871.41,876.42,1351.18,1184886.2114
1785927600000,876.42,887.26,875.85,878.97,2065.92,1822441.2028
1785931200000,878.97,882.86,873.27,878.0,1963.4,1724033.8583
1785934800000,878.0,926.75,870.48,919.54,18315.79,16492058.8939
1785938400000,919.54,925.66,897.05,911.9,12160.75,11109363.4136
1785942000000,911.9,923.85,909.51,915.72,5285.93,4844546.2601
1785945600000,915.72,929.7,915.06,925.56,3239.96,2989263.2757
1785949200000,925.56,926.48,917.21,921.33,3687.36,3395330.1337
1785952800000,921.33,922.49,916.29,917.44,3460.39,3185028.2514
1785956400000,917.44,923.47,893.15,894.02,3270.8,2978152.639
1785960000000,894.02,908.43,870.96,897.61,19131.46,17036383.0974
1785963600000,897.61,904.8,881.98,885.64,2721.9,2430305.135
1785967200000,885.64,893.84,880.43,886.81,1416.39,1256566.7984
1785970800000,886.81,890.26,876.81,878.09,1225.69,1081881.1462
1785974400000,878.09,887.74,873.45,875.48,2420.74,2130700.9805
1785978000000,875.48,877.29,862.29,871.46,2536.22,2206954.8254
1785981600000,871.46,879.07,868.44,874.96,1556.04,1361632.8405
1785985200000,874.96,877.3,868.8,874.34,1678.82,1466884.5429
1785988800000,874.34,877.42,869.94,874.05,2201.09,1921023.9081
1785992400000,874.05,878.3,871.26,873.84,2439.81,2133786.2155
1785996000000,873.84,873.84,865.66,870.11,1939.86,1687766.4407
1785999600000,870.11,874.26,868.0,868.65,613.97,534660.8099
1786003200000,868.65,871.52,855.24,867.49,3858.55,3329308.6367
1786006800000,867.49,867.51,858.95,864.65,3119.87,2688936.5683
1786010400000,864.65,867.06,850.55,853.69,1384.02,1185922.3163
1786014000000,853.69,859.85,840.07,857.67,4245.65,3603490.6831
1786017600000,857.67,858.41,846.84,854.21,2350.95,2003372.4597
1786021200000,854.21,879.42,828.77,878.21,15865.05,13508190.8522
1786024800000,878.21,906.05,872.16,902.19,10191.62,9116364.1435
1786028400000,902.19,913.44,898.38,898.99,5025.67,4561452.7163
1786032000000,898.99,901.54,884.87,898.1,5866.62,5236378.061
1786035600000,898.1,899.71,887.47,889.94,1721.67,1537262.5172
1786039200000,889.94,898.98,887.42,891.71,3106.64,2772946.4291
1786042800000,891.71,899.22,881.17,881.84,2165.78,1929157.4548
1786046400000,881.84,887.16,878.59,887.16,1611.75,1421776.1432
1786050000000,887.16,890.1,885.93,886.81,784.36,696372.6334
1786053600000,886.81,892.37,884.84,892.2,635.06,564804.6729
1786057200000,892.2,892.2,886.92,890.99,465.09,413653.2045
1786060800000,890.99,898.51,883.76,891.18,2235.02,1989256.1153
1786064400000,891.18,892.24,876.75,879.6,1548.93,1364872.8573
1786068000000,879.6,890.7,878.02,889.62,1211.96,1071714.7539
1786071600000,889.62,892.57,883.82,884.07,852.15,757471.8214
1786075200000,884.07,887.94,881.84,884.91,264.89,234367.701
1786078800000,884.91,891.14,884.74,890.67,986.07,876462.0606
1786082400000,890.67,893.49,881.07,881.31,1175.84,1042536.6433
1786086000000,881.31,891.67,880.93,891.43,857.89,762433.2787
1786089600000,891.43,904.99,891.25,900.98,3590.06,3228534.1495
1786093200000,900.98,902.95,898.05,898.95,632.78,569991.8767
1786096800000,898.95,899.65,889.21,890.22,2076.39,1859040.6114
1786100400000,890.22,901.62,890.21,897.13,1187.03,1065275.2229
1786104000000,897.13,917.97,896.05,912.78,4569.17,4146200.9855
1786107600000,912.78,914.06,864.82,867.43,11245.92,9994076.8128
1786111200000,867.43,868.46,848.1,859.1,9077.99,7787338.0971
1786114800000,859.1,880.31,858.69,876.22,3382.55,2946640.8136
1786118400000,876.22,879.69,861.39,871.34,2208.37,1924609.7606
1786122000000,871.34,874.84,868.16,872.2,1501.94,1310553.25
1786125600000,872.2,874.56,868.27,874.35,448.61,391059.0987
1786129200000,874.35,882.06,872.8,878.66,3331.13,2922391.1804
1786132800000,878.66,879.0,873.95,876.19,3117.44,2730511.6683
1786136400000,876.19,876.65,873.76,875.51,1073.69,939753.3407
1786140000000,875.51,876.52,873.85,875.17,2173.13,1900393.1308
1786143600000,875.17,879.68,874.08,879.68,513.64,450354.0961
1786147200000,879.68,881.27,877.81,878.97,426.84,375297.985
1786150800000,878.97,880.61,877.7,880.36,339.22,298084.8202
1786154400000,880.36,880.99,878.24,878.24,219.74,193366.4351
1786158000000,878.24,878.96,876.87,878.28,210.94,185261.6221
1786161600000,878.28,878.83,876.21,876.72,257.11,225595.3226
1786165200000,876.72,877.01,875.91,876.11,174.56,152983.0922
1786168800000,876.11,877.16,875.77,876.45,131.25,115028.7461
1786172400000,876.45,876.93,875.3,876.83,232.32,203527.2348
1786176000000,876.83,877.0,875.73,876.99,127.93,112130.0978
1786179600000,876.99,877.67,876.7,877.36,76.13,66786.2291
1786183200000,877.36,879.18,876.9,878.21,236.25,207477.4155
1786186800000,878.21,879.82,878.08,879.02,171.44,150716.013
1786190400000,879.02,879.26,877.86,878.41,125.03,109835.5908
1786194000000,878.41,884.88,878.22,881.55,692.0,610801.6525
1786197600000,881.55,883.92,881.34,883.64,278.11,245451.1722
1786201200000,883.64,885.75,882.92,884.22,232.71,205716.1113
1786204800000,884.22,884.3,883.17,884.04,107.83,95315.6998
1786208400000,884.04,885.13,882.7,883.06,83.29,73607.2625
1786212000000,883.06,883.4,882.61,883.07,38.72,34188.5077
1786215600000,883.07,884.72,882.67,883.17,140.98,124523.2183
1786219200000,883.17,884.63,883.15,884.58,37.37,33034.0852
1786222800000,884.58,884.7,882.44,882.92,133.2,117637.1402
1786226400000,882.92,884.18,882.7,883.68,147.14,130004.5606
1786230000000,883.68,884.25,883.0,884.17,45.98,40638.9757
1786233600000,884.17,885.72,883.01,884.78,136.42,120632.1007
1786237200000,884.78,885.67,882.01,882.65,92.36,81583.4096
1786240800000,882.65,883.9,882.5,883.38,124.46,109933.5558
1786244400000,883.38,884.16,882.94,884.01,72.64,64177.6546
1786248000000,884.01,884.18,883.0,883.0,69.78,61665.5817
1786251600000,883.0,884.76,882.7,884.14,128.38,113415.4028
1786255200000,884.14,884.95,884.04,884.36,58.37,51628.9502
1786258800000,884.36,884.42,882.54,882.54,199.08,175969.3708
1786262400000,882.54,882.92,879.83,880.41,87.8,77409.8912
1786266000000,880.41,880.83,879.9,880.66,156.5,137792.1728
1786269600000,880.66,881.7,880.27,881.33,159.99,140947.0973
1786273200000,881.33,882.25,880.74,881.4,111.24,98042.8709
1786276800000,881.4,881.71,880.75,881.34,65.48,57698.0089
1786280400000,881.34,882.18,880.76,881.03,154.81,136438.9001
1786284000000,881.03,881.94,880.01,880.66,108.46,95546.1933
1786287600000,880.66,881.99,880.49,881.5,117.9,103937.5812
1786291200000,881.5,881.57,880.11,881.57,83.62,73650.1534
1786294800000,881.57,883.33,881.18,882.34,159.04,140284.3288
1786298400000,882.34,883.16,881.49,881.49,177.49,156635.2537
1786302000000,881.49,882.42,881.04,882.28,156.92,138321.6547
1786305600000,882.28,882.39,881.38,881.45,47.04,41480.0148
1786309200000,881.45,881.76,877.31,880.09,317.64,279482.7221
1786312800000,880.09,881.53,875.88,878.2,1182.67,1038911.0892
1786316400000,878.2,881.01,876.72,879.5,478.09,420207.2552
1786320000000,879.5,890.52,871.54,875.17,2632.92,2318007.9719
1786323600000,875.17,881.87,872.64,880.3,1816.2,1593806.1092
1786327200000,880.3,880.59,874.03,878.49,1010.78,887573.2918
1786330800000,878.49,880.62,876.98,878.9,403.48,354581.2808
1786334400000,878.9,881.01,874.52,875.35,580.55,510291.111
1786338000000,875.35,879.82,875.05,879.05,515.06,452409.2445
1786341600000,879.05,882.71,878.58,880.14,686.32,604455.075
1786345200000,880.14,886.5,880.04,885.32,423.25,373983.5111
1786348800000,885.32,891.17,882.2,885.32,917.94,812549.002
1786352400000,885.32,885.49,875.92,878.29,347.63,305922.0288
1786356000000,878.29,880.13,876.05,876.89,446.09,391556.7825
1786359600000,876.89,878.83,862.86,871.93,3733.58,3243862.4066
1786363200000,871.93,872.26,860.97,861.84,910.55,788126.5896
1786366800000,861.84,883.0,854.59,881.15,9374.56,8143026.0701
1786370400000,881.15,895.76,867.73,869.52,5002.58,4404124.1125
1786374000000,869.52,880.59,867.55,877.87,1971.82,1722889.2485
1786377600000,877.87,882.64,875.05,878.41,1415.2,1244489.3264
1786381200000,878.41,885.0,877.72,881.09,881.59,777018.3256
1786384800000,881.09,882.84,878.51,880.73,354.65,312161.5702
1786388400000,880.73,881.5,861.22,862.75,2734.81,2385619.0973
1786392000000,862.75,868.62,860.84,867.77,848.58,733825.9859
1786395600000,867.77,867.87,864.55,865.37,291.19,252204.6498
1786399200000,865.37,867.98,865.3,866.76,262.29,227285.4468
1786402800000,866.76,866.76,862.23,863.22,607.41,524836.2072
1786406400000,863.22,868.74,861.55,866.87,1172.03,1013691.2742
1786410000000,866.87,875.6,864.63,871.06,1187.16,1034372.7987
1786413600000,871.06,873.0,867.97,871.2,451.8,393511.4018
1786417200000,871.2,877.13,870.74,874.84,788.03,689008.7821
1786420800000,874.84,879.89,874.84,875.73,401.56,352482.7942
1786424400000,875.73,877.33,871.36,871.79,629.76,549831.4418
1786428000000,871.79,874.39,866.21,868.15,1251.5,1088698.5593
1786431600000,868.15,871.64,867.03,870.72,1065.4,925695.1083
1786435200000,870.72,875.71,862.15,865.35,1471.13,1276669.5005
1786438800000,865.35,866.73,858.95,865.64,525.92,454036.8382
1786442400000,865.64,869.49,863.2,866.93,1099.7,953504.1228
1786446000000,866.93,872.41,866.62,868.96,2211.44,1921961.5841
1786449600000,868.96,878.91,867.63,873.63,2105.57,1843774.0596
1786453200000,873.63,877.88,853.61,859.67,14706.04,12755231.5186
1786456800000,859.67,869.28,846.06,862.45,8909.22,7647317.1379
1786460400000,862.45,866.74,855.1,856.24,2332.27,2003831.3751
1786464000000,856.24,858.45,851.61,852.46,1706.05,1458996.0441
1786467600000,852.46,855.86,847.73,854.9,2077.24,1769420.8728
1786471200000,854.9,860.66,854.44,858.01,905.71,775776.6078
1786474800000,858.01,869.19,857.8,868.72,1586.37,1369644.1669
1786478400000,868.72,870.66,865.87,866.77,2964.51,2575956.3451
1786482000000,866.77,868.14,865.78,866.93,619.48,537073.7736
1786485600000,866.93,868.92,865.81,867.88,520.0,451004.2688
1786489200000,867.88,868.36,866.78,867.83,396.92,344331.2084
1786492800000,867.83,873.02,864.7,867.1,734.94,638467.5454
1786496400000,867.1,873.15,866.34,872.53,1096.45,954574.1164
1786500000000,872.53,883.84,871.93,881.86,1592.32,1400062.6847
1786503600000,881.86,888.77,881.74,883.85,975.76,864075.9176
1786507200000,883.85,886.05,881.48,881.67,509.96,450441.4
1786510800000,881.67,883.03,876.49,881.89,1520.76,1337823.4987
1786514400000,881.89,883.26,878.84,882.32,364.77,321389.6427
1786518000000,882.32,885.62,882.3,885.62,365.99,323388.6677
1786521600000,885.62,899.22,883.28,896.4,1811.18,1614245.2699
1786525200000,896.4,900.87,893.34,894.98,806.58,723703.0948
1786528800000,894.98,895.99,890.44,891.89,879.65,785640.4667
1786532400000,891.89,895.46,887.81,895.14,1040.81,927112.2747
1786536000000,895.14,904.92,889.15,904.82,7435.21,6687533.5429
1786539600000,904.82,931.34,900.2,922.1,9757.71,8927980.4858
1786543200000,922.1,930.64,915.43,921.64,6997.41,6463283.8084
1786546800000,921.64,928.56,918.9,923.74,1981.09,1829987.0452
1786550400000,923.74,927.5,921.28,926.87,1824.91,1688106.6814
1786554000000,926.87,936.74,926.87,936.12,2935.45,2732763.3483
1786557600000,936.12,936.23,921.95,923.85,1361.14,1261890.6617
1786561200000,923.85,924.87,910.62,912.49,2378.08,2182338.2368
1786564800000,912.49,916.18,912.21,914.88,587.14,536813.1091
1786568400000,914.88,919.03,913.59,917.85,313.83,287772.5084
1786572000000,917.85,918.07,914.85,916.72,332.34,304568.1382
1786575600000,916.72,922.52,916.1,921.55,297.83,273935.4423
1786579200000,921.55,928.55,919.23,924.27,1663.17,1535717.5576
1786582800000,924.27,927.14,922.28,926.83,577.04,533730.5693
1786586400000,926.83,927.37,922.38,924.68,339.39,313822.9919
1786590000000,924.68,925.03,922.11,924.53,282.67,261089.7065
1786593600000,924.53,926.65,922.84,924.8,541.74,501026.8905
1786597200000,924.8,927.53,920.07,920.16,537.46,496357.8416
1786600800000,920.16,922.04,915.4,917.72,524.73,481988.4124
1786604400000,917.72,918.11,909.23,913.42,1294.48,1181025.5867
1786608000000,913.42,915.04,901.94,908.64,2483.2,2251145.0815
1786611600000,908.64,911.37,903.5,911.37,516.61,468907.6344
1786615200000,911.37,913.44,907.63,912.83,938.45,854768.4544
1786618800000,912.83,916.17,911.65,911.8,865.71,791699.7181
1786622400000,911.8,914.14,904.0,910.95,1801.99,1637719.8399
1786626000000,910.95,942.68,907.42,940.43,15315.42,14133383.3573
1786629600000,940.43,961.72,934.13,955.78,9283.69,8775022.2552
1786633200000,955.78,979.05,952.45,960.13,9568.74,9243167.6241
1786636800000,960.13,971.7,959.84,969.76,2538.23,2454239.44
1786640400000,969.76,975.74,968.74,971.69,1466.86,1426868.4473
1786644000000,971.69,972.63,962.49,964.41,2738.31,2648002.9448
1786647600000,964.41,966.5,948.11,951.45,3569.84,3411644.5535
1786651200000,951.45,963.68,950.36,961.73,2389.42,2289889.8203
1786654800000,961.73,963.36,958.46,962.29,825.74,793559.0973
1786658400000,962.29,964.57,961.46,962.9,454.29,437462.5552
1786662000000,962.9,966.5,960.72,966.5,432.67,417087.382
1786665600000,966.5,968.45,955.88,955.88,1756.48,1691035.5723
1786669200000,955.88,958.16,952.51,955.69,1250.58,1194572.9683
1786672800000,955.69,960.64,954.09,954.47,546.56,523477.8054
1786676400000,954.47,957.68,953.41,956.51,479.81,458665.1951
1786680000000,956.51,960.01,954.25,957.02,621.9,595666.4895
1786683600000,957.02,961.82,953.69,961.3,971.83,930229.0672
1786687200000,961.3,962.14,957.68,961.44,1057.85,1015525.5187
1786690800000,961.44,962.94,959.92,961.81,747.14,718524.2682
1786694400000,961.81,969.65,958.01,966.9,3689.03,3563908.9254
1786698000000,966.9,976.74,965.21,975.11,2495.15,2416413.502
1786701600000,975.11,980.25,973.5,978.37,1990.41,1944488.1813
1786705200000,978.37,984.19,978.01,980.11,6609.23,6486503.4041
1786708800000,980.11,982.82,975.59,982.64,1707.1,1671889.3488
1786712400000,982.64,988.36,958.07,970.17,13601.8,13247413.2743
1786716000000,970.17,984.71,966.29,969.47,7451.18,7252584.4579
1786719600000,969.47,973.05,957.07,961.98,3440.47,3317941.2707
1786723200000,961.98,967.59,960.53,964.27,1268.98,1223036.5262
1786726800000,964.27,966.72,961.61,964.82,755.64,728576.9777
1786730400000,964.82,965.99,960.76,965.59,616.3,593784.755
1786734000000,965.59,975.07,964.22,972.9,2925.22,2829643.4606
1786737600000,972.9,974.12,969.96,971.3,364.21,353973.309
1786741200000,971.3,975.09,971.04,974.44,553.52,538223.8056
1786744800000,974.44,976.09,972.75,973.46,311.78,303685.2369
1786748400000,973.46,974.47,973.03,973.67,229.31,223286.4062
1786752000000,973.67,973.88,971.37,973.24,430.81,418982.2396
1786755600000,973.24,973.92,972.52,973.61,103.22,100447.2565
1786759200000,973.61,973.61,972.11,972.86,370.15,360093.5463
1786762800000,972.86,974.02,972.68,973.4,94.99,92431.5659
1786766400000,973.4,973.56,972.16,972.29,62.2,60492.694
1786770000000,972.29,972.59,971.6,971.6,29.33,28514.7392
1786773600000,971.6,973.93,971.5,973.59,61.6,59907.7808
1786777200000,973.59,976.43,973.58,976.1,93.73,91350.1
1786780800000,976.1,977.63,974.91,975.77,105.54,103033.5525
1786784400000,975.77,975.78,974.09,974.72,87.7,85496.6213
1786788000000,974.72,974.79,973.51,974.75,195.31,190279.5177
1786791600000,974.75,974.79,973.7,973.92,241.37,235183.317
1786795200000,973.92,974.85,973.84,974.75,33.05,32205.712
1786798800000,974.75,977.6,974.44,976.74,233.48,227773.0096
1786802400000,976.74,977.52,975.35,975.74,40.29,39342.8806
1786806000000,975.74,976.87,975.74,976.32,63.58,62076.946
1786809600000,976.32,976.52,975.27,975.64,72.9,71130.243
1786813200000,975.64,976.9,975.5,976.63,23.49,22934.1254
1786816800000,976.63,977.0,976.56,976.71,11.14,10881.9041
1786820400000,976.71,977.38,976.6,976.98,32.64,31892.6932
1786824000000,976.98,977.89,975.74,977.75,108.54,106053.4993
1786827600000,977.75,979.0,977.52,978.31,178.53,174610.8227
1786831200000,978.31,978.74,976.8,976.99,66.53,65021.8191
1786834800000,976.99,978.02,976.42,976.72,25.6,25010.0367
1786838400000,976.72,977.81,976.32,977.34,31.27,30548.9582
1786842000000,977.34,978.43,977.05,978.27,25.94,25363.1633
1786845600000,978.27,981.34,978.19,980.57,301.98,296124.6199
1786849200000,980.57,987.1,980.5,984.89,618.81,609428.2102
1786852800000,984.89,985.42,983.4,983.75,151.22,148828.7566
1786856400000,983.75,984.99,983.32,983.94,110.53,108760.4483
1786860000000,983.94,985.0,983.49,984.63,127.67,125681.8604
1786863600000,984.63,984.82,982.06,983.09,150.72,148133.9915
1786867200000,983.09,983.84,982.45,983.09,319.84,314452.0929
1786870800000,983.09,983.11,980.29,981.25,108.18,106158.6937
1786874400000,981.25,981.73,980.12,981.73,99.75,97832.925
1786878000000,981.73,982.5,980.97,982.1,249.34,244705.2277
1786881600000,982.1,982.1,976.08,976.71,498.65,487778.2357
1786885200000,976.71,978.22,975.47,977.2,289.16,282419.5476
1786888800000,977.2,977.73,976.05,976.93,85.25,83268.7011
1786892400000,976.93,979.94,976.7,979.54,112.64,110297.8027
1786896000000,979.54,981.05,978.74,980.63,70.97,69540.4
1786899600000,980.63,980.94,975.72,980.79,655.3,641497.202
1786903200000,980.79,981.0,979.08,979.36,42.0,41159.3842
1786906800000,979.36,979.36,977.6,977.87,94.6,92559.9684
1786910400000,977.87,978.25,976.41,976.58,65.31,63797.0753
1786914000000,976.58,977.62,976.19,976.42,106.37,103899.7003
1786917600000,976.42,977.6,974.9,975.19,203.04,198219.947
1786921200000,975.19,976.28,973.81,975.9,107.11,104492.6751
1786924800000,975.9,985.55,974.62,983.88,1197.74,1175396.8831
1786928400000,983.88,986.05,982.34,982.7,687.69,676368.8003
1786932000000,982.7,995.56,982.37,992.58,2499.94,2471685.3264
1786935600000,992.58,994.95,990.89,992.82,878.06,871932.4476
1786939200000,992.82,998.0,990.31,993.88,915.93,910298.5045
1786942800000,993.88,1006.99,993.88,1006.45,2503.29,2506550.7445
1786946400000,1006.45,1008.03,1002.15,1006.41,803.17,807688.5933
1786950000000,1006.41,1007.67,1000.97,1007.61,966.35,970577.457
1786953600000,1007.61,1012.4,1002.18,1005.3,1862.45,1876351.816
1786957200000,1005.3,1007.0,999.76,1004.24,1598.96,1603601.9649
1786960800000,1004.24,1009.41,1003.85,1006.68,1270.85,1279239.9323
1786964400000,1006.68,1007.88,999.83,1002.32,736.84,739102.2603
1786968000000,1002.32,1003.73,993.54,998.76,2281.45,2276802.0326
1786971600000,998.76,1024.26,994.03,1022.9,13826.27,13965312.708
1786975200000,1022.9,1028.98,1010.91,1027.03,7866.93,8024730.7438
1786978800000,1027.03,1036.0,1025.35,1026.97,4746.98,4895714.1061
1786982400000,1026.97,1031.8,1025.67,1031.39,1830.44,1884766.1857
1786986000000,1031.39,1032.88,1017.16,1020.72,1909.54,1951769.7647
1786989600000,1020.72,1021.46,1015.78,1017.26,780.39,794708.6619
1786993200000,1017.26,1018.51,1008.64,1012.71,2532.72,2565162.0506
1786996800000,1012.71,1013.64,1009.06,1010.68,969.62,980471.0021
1787000400000,1010.68,1014.37,1010.44,1014.36,502.7,508520.5392
1787004000000,1014.36,1021.06,1014.29,1020.61,739.58,753840.8044
1787007600000,1020.61,1020.61,1016.43,1018.23,370.73,377486.2995
1787011200000,1018.23,1026.25,1015.52,1018.45,1236.8,1261372.9555
1787014800000,1018.45,1018.63,995.28,1000.23,3919.83,3936094.5644
1787018400000,1000.23,1001.85,981.38,984.69,2914.35,2885308.3378
1787022000000,984.69,990.92,980.77,988.24,1504.51,1482922.0036
1787025600000,988.24,996.17,983.93,994.7,1345.92,1333051.229
1787029200000,994.7,994.87,981.63,981.84,778.45,768126.7997
1787032800000,981.84,991.85,979.9,991.85,1063.91,1048906.8274
1787036400000,991.85,993.05,984.44,984.59,529.46,523207.1522
1787040000000,984.59,986.35,966.92,967.74,2922.65,2845320.1033
1787043600000,967.74,968.55,957.74,962.67,1933.56,1863220.6424
1787047200000,962.67,965.65,957.75,965.16,1144.7,1101160.5343
1787050800000,965.16,973.02,963.8,971.41,1606.77,1557949.7136
1787054400000,971.41,975.13,963.51,965.2,1609.32,1557395.0099
1787058000000,965.2,979.16,953.54,961.76,10703.62,10346659.8994
1787061600000,961.76,965.7,936.47,937.77,4365.61,4156993.5822
1787065200000,937.77,948.67,933.98,946.74,3088.16,2909132.8514
1787068800000,946.74,947.96,938.66,940.46,1269.58,1197730.0431
1787072400000,940.46,941.83,933.88,934.4,879.43,825250.886
1787076000000,934.4,938.3,928.11,936.23,1174.72,1096568.4643
1787079600000,936.23,944.14,934.59,942.36,1964.17,1845706.3038
1787083200000,942.36,942.51,937.89,939.47,956.86,899231.6995
1787086800000,939.47,939.78,937.16,937.45,265.12,248819.5629
1787090400000,937.45,942.02,930.61,930.65,480.2,450674.1488
1787094000000,930.65,937.13,929.48,933.4,460.65,429758.2295
1787097600000,933.4,940.54,921.46,933.77,2125.81,1976574.125
1787101200000,933.77,944.81,933.44,939.14,1131.66,1062886.9711
1787104800000,939.14,939.68,927.6,930.77,716.82,667755.8699
1787108400000,930.77,934.78,928.67,930.35,427.87,398397.3829
1787112000000,930.35,931.27,922.49,924.98,773.64,716902.9605
1787115600000,924.98,930.75,919.87,920.74,1585.69,1465371.4961
1787119200000,920.74,943.69,917.91,941.84,2444.77,2274663.1868
1787122800000,941.84,961.79,938.11,959.06,2535.83,2409153.5601
1787126400000,959.06,966.29,951.09,956.07,2895.31,2774982.3553
1787130000000,956.07,959.39,936.34,937.93,1929.54,1827982.6701
1787133600000,937.93,939.66,926.73,932.56,1923.88,1794054.1351
1787137200000,932.56,945.27,929.87,937.07,1170.9,1096094.4827
1787140800000,937.07,969.94,935.84,969.26,3291.99,3143626.8011
1787144400000,969.26,969.26,920.11,930.96,11045.51,10434452.1615
1787148000000,930.96,938.47,916.25,934.15,15205.12,14086600.9633
1787151600000,934.15,940.6,927.1,935.34,15275.44,14268844.6359
1787155200000,935.34,942.19,932.65,937.68,2043.19,1918058.3634
1787158800000,937.68,938.86,927.55,930.12,1492.41,1391422.2714
1787162400000,930.12,933.79,920.27,931.47,2089.79,1938173.4605
1787166000000,931.47,938.3,928.81,937.64,2421.36,2260533.0076
1787169600000,937.64,941.66,936.1,941.19,994.15,933511.0266
1787173200000,941.19,944.48,938.95,939.28,732.96,690184.6632
1787176800000,939.28,948.77,938.59,948.38,713.06,673487.3015
1787180400000,948.38,949.84,943.94,948.03,445.5,421520.8621
1787184000000,948.03,954.6,937.75,953.99,1876.17,1776726.1988
1787187600000,953.99,956.38,947.7,951.21,529.7,504882.9547
1787191200000,951.21,956.07,948.26,950.44,427.84,406841.7586
1787194800000,950.44,953.82,948.02,952.87,487.81,463740.5656
1787198400000,952.87,958.54,951.0,951.79,439.43,419703.0484
1787202000000,951.79,955.77,949.46,950.25,369.37,351349.4054
1787205600000,950.25,960.85,950.25,960.08,559.26,535458.5895
1787209200000,960.08,960.08,954.38,954.98,254.52,243570.8639
1787212800000,954.98,956.67,940.49,941.72,1651.32,1563734.7624
1787216400000,941.72,947.84,941.19,947.11,359.57,340045.2656
1787220000000,947.11,950.49,944.69,948.39,938.74,890062.2163
1787223600000,948.39,948.99,931.48,932.44,914.15,857083.4504
1787227200000,932.44,933.42,920.5,930.64,2057.04,1905890.4937
1787230800000,930.64,955.49,928.98,941.54,8782.48,8272695.0222
1787234400000,941.54,963.9,939.15,956.93,5861.62,5593107.164
1787238000000,956.93,964.78,951.66,959.65,1837.86,1760004.1836
1787241600000,959.65,962.01,953.52,958.52,1210.23,1158711.173
1787245200000,958.52,959.61,953.06,955.93,1101.29,1052686.7046
1787248800000,955.93,958.46,947.23,957.66,1019.56,970588.8532
1787252400000,957.66,977.58,957.26,974.19,1732.22,1676073.7881
1787256000000,974.19,975.38,970.33,973.09,385.8,375375.2095
1787259600000,973.09,973.98,970.47,971.93,708.83,688539.1897
1787263200000,971.93,974.34,968.69,972.97,411.49,399517.8799
1787266800000,972.97,973.93,967.23,967.33,446.64,433528.3699
1787270400000,967.33,982.19,966.72,976.41,1371.14,1335540.4159
1787274000000,976.41,982.8,972.41,980.22,706.18,691416.4896
1787277600000,980.22,983.47,978.82,982.18,3303.73,3246465.2789
1787281200000,982.18,982.44,975.71,976.6,516.16,505029.0707
1787284800000,976.6,978.57,973.17,977.01,294.72,287610.8808
1787288400000,977.01,980.14,975.26,976.43,385.75,377215.8646
1787292000000,976.43,980.0,974.58,979.75,228.65,223488.8378
1787295600000,979.75,988.18,979.55,984.89,578.8,569783.9977
1787299200000,984.89,986.91,970.25,978.53,1913.18,1870674.044
1787302800000,978.53,985.15,974.67,983.69,794.78,778717.5017
1787306400000,983.69,986.19,979.18,981.75,1574.38,1545187.7526
1787310000000,981.75,990.3,977.55,985.44,780.16,768839.6358
1787313600000,985.44,989.19,983.64,987.94,485.39,478990.6178
1787317200000,987.94,991.12,971.87,977.8,6036.6,5932429.9693
1787320800000,977.8,980.54,959.61,964.18,2699.71,2613074.2828
1787324400000,964.18,973.71,962.87,969.04,1068.63,1034123.8
1787328000000,969.04,970.44,961.38,966.1,886.7,856130.7472
1787331600000,966.1,968.91,962.66,968.29,571.45,551334.6713
1787335200000,968.29,970.24,966.47,970.07,684.58,662687.8136
1787338800000,970.07,970.79,961.82,967.06,681.8,658855.7153
1787342400000,967.06,967.1,964.44,965.58,427.64,412808.1918
1787346000000,965.58,966.73,963.86,964.28,496.53,479267.8763
1787349600000,964.28,965.35,963.29,965.06,203.88,196625.7722
1787353200000,965.06,965.21,963.09,964.21,318.63,307091.0464
1787356800000,964.21,965.87,964.14,965.06,101.63,98092.6509
1787360400000,965.06,965.31,963.74,964.61,53.32,51436.461
1787364000000,964.61,965.79,964.53,964.92,146.65,141558.4233
1787367600000,964.92,965.32,963.34,963.68,151.75,146286.2751
1787371200000,963.68,963.98,962.84,963.18,147.2,141804.9521
1787374800000,963.18,963.57,946.58,960.53,2129.07,2031002.4366
1787378400000,960.53,962.76,959.27,961.64,253.89,244023.0989
1787382000000,961.64,963.49,961.64,963.15,75.61,72781.2411
1787385600000,963.15,963.67,962.0,963.15,56.28,54190.9654
1787389200000,963.15,963.86,962.66,963.72,77.37,74543.4
1787392800000,963.72,964.34,961.28,963.68,91.03,87644.5839
1787396400000,963.68,963.88,962.41,962.89,52.59,50666.8205
1787400000000,962.89,963.64,961.78,961.9,43.86,42225.105
1787403600000,961.9,961.99,960.52,960.76,74.26,71358.2346
1787407200000,960.76,960.9,957.73,958.15,79.09,75933.306
1787410800000,958.15,958.22,956.12,956.54,252.14,241323.2894
1787414400000,956.54,958.32,956.22,957.07,53.53,51246.2636
1787418000000,957.07,959.01,957.07,958.75,133.31,127759.9242
1787421600000,958.75,959.09,958.54,959.01,27.09,25973.532
1787425200000,959.01,959.79,959.01,959.62,120.15,115273.2583
1787428800000,959.62,960.47,959.32,960.45,34.85,33452.1593
1787432400000,960.45,960.52,958.87,960.01,85.04,81623.2364
1787436000000,960.01,960.77,959.05,959.21,62.79,60263.914
1787439600000,959.21,961.86,959.05,961.45,54.0,51889.9342
1787443200000,961.45,963.09,961.3,962.85,173.6,167042.9784
1787446800000,962.85,963.12,961.6,962.86,44.04,42389.9852
1787450400000,962.86,964.58,962.64,963.54,128.92,124244.3484
1787454000000,963.54,964.81,962.23,964.72,234.91,226257.7001
1787457600000,964.72,965.48,963.47,964.47,95.47,92079.6125
1787461200000,964.47,964.77,961.89,961.93,86.2,83077.4958
1787464800000,961.93,962.1,959.79,961.41,67.58,64954.1552
1787468400000,961.41,963.1,961.08,962.71,14.82,14257.9558
1787472000000,962.71,964.41,962.61,963.81,35.97,34652.0543
1787475600000,963.81,965.05,963.53,964.6,55.59,53600.6137
1787479200000,964.6,964.93,963.85,964.01,21.18,20426.8202
1787482800000,964.01,964.71,963.83,964.71,23.46,22621.304
1787486400000,964.71,964.97,963.95,964.82,32.13,30983.4197
1787490000000,964.82,965.49,964.05,964.64,136.91,132064.65
1787493600000,964.64,965.71,963.9,965.41,139.52,134609.2132
1787497200000,965.41,971.66,965.07,968.27,246.79,239218.8682
1787500800000,968.27,970.65,968.24,969.71,177.88,172453.2523
1787504400000,969.71,971.13,968.65,970.86,38.79,37634.8418
1787508000000,970.86,972.99,970.85,972.91,155.34,150988.6617
1787511600000,972.91,973.03,960.9,969.47,632.7,612177.9554
1787515200000,969.47,970.91,965.54,965.92,414.42,401125.9765
1787518800000,965.92,965.92,963.27,964.86,305.54,294902.4724
1787522400000,964.86,966.01,962.22,963.65,220.26,212448.2608
1787526000000,963.65,970.24,962.92,969.38,365.27,353509.0586
1787529600000,969.38,970.42,952.55,964.07,1053.89,1013806.0547
1787533200000,964.07,964.22,951.65,951.86,460.33,440729.7716
1787536800000,951.86,954.69,945.61,948.34,477.65,453972.637
1787540400000,948.34,948.7,936.36,937.63,621.54,585323.8658
1787544000000,937.63,943.18,937.31,939.56,377.24,354659.193
1787547600000,939.56,943.73,935.5,936.21,452.56,425231.0562
1787551200000,936.21,938.9,934.14,937.3,3089.84,2891708.5083
1787554800000,937.3,940.46,933.6,933.9,360.76,338187.9012
1787558400000,933.9,938.13,928.28,937.37,1345.8,1255741.9444
1787562000000,937.37,939.94,934.08,937.04,469.71,440635.7453
1787565600000,937.04,938.73,933.32,934.72,382.47,357962.6905
1787569200000,934.72,943.59,930.44,939.63,983.95,921342.6687
1787572800000,939.63,939.63,932.73,932.73,1162.51,1087738.6685
1787576400000,932.73,937.31,895.14,899.46,9540.85,8720248.2421
1787580000000,899.46,906.37,889.0,904.05,3664.97,3284769.6989
1787583600000,904.05,913.66,896.14,913.35,2538.91,2295349.1874
1787587200000,913.35,921.52,910.78,913.09,2189.43,2006871.7653
1787590800000,913.09,918.58,908.26,911.07,654.25,596843.9609
1787594400000,911.07,922.51,911.06,915.3,7509.17,6902201.6716
1787598000000,915.3,916.39,908.72,911.33,7542.81,6902616.4045
1787601600000,911.33,912.52,908.16,910.65,506.37,460843.2205
1787605200000,910.65,911.62,910.26,910.84,149.77,136437.3607
1787608800000,910.84,911.56,906.75,906.75,120.05,109131.1759
1787612400000,906.75,908.5,903.07,903.97,451.93,409007.1023
1787616000000,903.97,908.51,894.33,906.78,1377.42,1241914.9222
1787619600000,906.78,914.35,901.3,911.33,906.56,824163.6551
1787623200000,911.33,915.84,907.21,908.9,496.32,452545.4292
1787626800000,908.9,918.46,908.9,916.33,269.64,246565.8416
1787630400000,916.33,925.55,915.77,923.19,961.66,885693.3475
1787634000000,923.19,931.35,921.6,926.89,540.12,501237.1393
1787637600000,926.89,931.23,925.16,927.09,435.45,404157.3832
1787641200000,927.09,930.33,921.15,922.78,454.44,420435.833
1787644800000,922.78,930.17,919.49,928.73,1663.55,1539536.6501
1787648400000,928.73,937.35,927.82,935.55,1028.51,960716.1076
1787652000000,935.55,940.87,931.08,932.25,548.85,513717.4121
1787655600000,932.25,935.58,928.49,933.73,808.73,753070.1351
1787659200000,933.73,937.42,929.97,931.5,569.12,530919.7568
1787662800000,931.5,947.46,924.73,931.5,8905.87,8316024.6478
1787666400000,931.5,934.41,917.51,930.14,3594.79,3328828.196
1787670000000,930.14,936.25,925.51,927.61,795.01,740713.3456
1787673600000,927.61,932.58,923.99,925.9,525.18,487454.0974
1787677200000,925.9,927.14,923.72,925.02,285.14,263849.0542
1787680800000,925.02,929.8,922.0,928.22,324.98,300646.3325
1787684400000,928.22,934.7,925.88,933.2,446.41,415387.4071
1787688000000,933.2,936.39,932.19,933.09,490.41,458188.9174
1787691600000,933.09,935.73,931.68,935.53,253.0,236089.5914
1787695200000,935.53,936.8,934.61,936.0,95.21,89107.0706
1787698800000,936.0,936.5,930.53,930.55,234.77,219078.3078
1787702400000,930.55,936.8,924.37,924.37,1186.54,1102938.0225
1787706000000,924.37,929.77,923.02,926.11,416.9,386019.4183
1787709600000,926.11,936.62,924.78,933.96,229.03,213453.9088
1787713200000,933.96,936.83,931.43,936.28,168.29,157231.9249
1787716800000,936.28,937.46,933.19,933.22,222.66,208228.3685
1787720400000,933.22,935.31,930.7,932.21,319.1,297581.5185
1787724000000,932.21,932.61,927.25,930.98,313.26,291462.7663
1787727600000,930.98,931.45,926.77,928.47,52.97,49198.9485
1787731200000,928.47,931.47,925.42,928.65,771.64,716099.8293
1787734800000,928.65,928.78,926.0,928.0,365.15,338493.4567
1787738400000,928.0,929.71,925.43,929.53,196.27,182145.4919
1787742000000,929.53,933.34,927.16,928.35,299.06,278112.8348
1787745600000,928.35,929.91,920.82,921.96,1116.16,1032337.3834
1787749200000,921.96,943.41,919.16,937.59,8364.48,7799472.507
1787752800000,937.59,940.81,927.38,937.39,1172.79,1095393.2558
1787756400000,937.39,945.94,934.02,940.28,878.36,826521.0646
1787760000000,940.28,941.08,936.04,939.29,437.25,410486.5922
1787763600000,939.29,943.64,939.16,942.41,446.54,420436.9539
1787767200000,942.41,942.41,939.19,940.49,286.98,269956.6434
1787770800000,940.49,943.12,933.43,937.77,795.49,745248.0441
1787774400000,937.77,953.54,931.46,953.23,3806.72,3580531.2256
1787778000000,953.23,979.0,949.48,975.39,4622.66,4458287.9299
1787781600000,975.39,977.49,970.15,972.79,2624.21,2553970.1625
1787785200000,972.79,975.19,971.26,975.04,759.37,739364.9243
1787788800000,975.04,977.31,956.11,958.29,2183.92,2113251.5605
1787792400000,958.29,971.81,957.55,970.24,459.83,444124.4413
1787796000000,970.24,972.16,968.86,970.76,502.53,487716.968
1787799600000,970.76,971.72,966.96,968.29,249.86,242205.9853
1787803200000,968.29,969.53,967.23,968.51,238.84,231294.9773
1787806800000,968.51,969.2,965.01,966.27,195.52,188960.9498
1787810400000,966.27,972.48,964.09,971.05,262.68,254757.0343
1787814000000,971.05,974.7,970.33,973.48,133.35,129752.2552
1787817600000,973.48,984.3,973.3,981.22,1679.19,1644797.1463
1787821200000,981.22,981.85,976.65,977.51,1299.31,1272098.735
1787824800000,977.51,979.29,975.64,978.18,375.83,367361.5344
1787828400000,978.18,981.52,972.93,976.26,1043.97,1020036.0227
1787832000000,976.26,980.31,971.84,972.13,560.36,547900.196
1787835600000,972.13,975.2,920.59,926.59,8188.77,7773763.0845
1787839200000,926.59,936.61,921.03,922.55,6077.87,5648364.4324
1787842800000,922.55,926.39,907.69,915.31,2381.6,2185453.145
1787846400000,915.31,918.54,910.49,913.24,1315.57,1203775.2171
1787850000000,913.24,917.22,911.72,914.65,560.7,512606.3431
1787853600000,914.65,917.31,908.98,915.58,1941.07,1773828.1187
1787857200000,915.58,938.0,915.35,930.3,2632.95,2441088.7184
1787860800000,930.3,935.32,925.48,928.32,2323.14,2161835.0472
1787864400000,928.32,928.64,922.07,924.58,559.59,517707.73
1787868000000,924.58,925.87,923.53,924.62,142.26,131560.2604
1787871600000,924.62,925.1,919.57,920.34,343.23,316590.5334
1787875200000,920.34,927.61,919.31,923.65,631.68,583547.1724
1787878800000,923.65,925.6,921.47,923.41,190.83,176326.1565
1787882400000,923.41,925.46,919.93,921.42,212.25,195979.6588
1787886000000,921.42,922.47,917.33,920.38,750.94,690917.44
1787889600000,920.38,920.49,917.5,918.49,108.3,99460.6664
1787893200000,918.49,918.9,912.39,914.07,513.05,469728.8322
1787896800000,914.07,918.35,914.06,917.77,269.62,247206.6358
1787900400000,917.77,918.21,915.14,917.15,128.66,117884.9925
1787904000000,917.15,917.68,910.87,916.89,668.99,612226.5431
1787907600000,916.89,916.92,914.57,916.13,133.2,121967.7347
1787911200000,916.13,919.4,913.88,919.4,2804.79,2566347.1429
1787914800000,919.4,922.71,916.98,917.99,476.2,438017.2481
1787918400000,917.99,925.63,916.21,923.82,821.71,757364.8855
1787922000000,923.82,937.62,909.78,932.81,7733.36,7135903.6508
1787925600000,932.81,946.79,925.77,940.8,3775.96,3539994.9909
1787929200000,940.8,942.55,920.96,922.04,1541.94,1438516.7688
1787932800000,922.04,924.68,916.92,923.58,2259.58,2080831.2848
1787936400000,923.58,930.8,919.5,929.67,1251.1,1156629.0842
1787940000000,929.67,934.09,927.75,928.65,1224.7,1141052.9403
1787943600000,928.65,936.03,925.96,933.53,1394.19,1297529.3577
1787947200000,933.53,933.89,929.87,932.11,388.86,362190.65
1787950800000,932.11,932.51,930.8,931.28,251.04,233853.1747
1787954400000,931.28,931.43,929.31,929.32,135.52,126065.7115
1787958000000,929.32,931.43,929.28,931.1,37.85,35206.837
1787961600000,931.1,931.87,930.62,931.07,59.28,55211.4647
1787965200000,931.07,932.62,930.91,931.95,75.24,70126.9756
1787968800000,931.95,932.62,930.98,932.26,35.57,33146.4888
1787972400000,932.26,932.6,932.1,932.47,84.05,78355.7778
1787976000000,932.47,933.95,932.47,933.5,35.46,33103.0053
1787979600000,933.5,933.65,933.21,933.55,18.09,16887.155
1787983200000,933.55,934.03,933.13,933.52,17.33,16177.03
1787986800000,933.52,934.52,933.49,934.03,23.97,22385.8601
1787990400000,934.03,934.22,932.26,933.06,62.89,58693.8481
1787994000000,933.06,934.16,932.56,933.94,55.58,51859.06
1787997600000,933.94,934.61,933.75,933.75,23.62,22065.1961
1788001200000,933.75,934.99,933.66,934.41,10.58,9887.5833
1788004800000,934.41,934.41,933.77,934.03,22.55,21060.2068
1788008400000,934.03,934.09,933.19,933.2,39.57,36935.6245
1788012000000,933.2,933.97,933.09,933.34,199.74,186507.1449
1788015600000,933.34,934.12,933.13,933.79,43.05,40182.4722
1788019200000,933.79,934.32,933.43,933.95,22.26,20788.8986
1788022800000,933.95,934.2,932.77,932.85,37.83,35318.3361
1788026400000,932.85,933.35,932.48,933.06,39.97,37286.7486
1788030000000,933.06,935.65,933.01,935.28,76.42,71429.3131
1788033600000,935.28,937.23,935.18,936.25,40.44,37858.1721
1788037200000,936.25,938.6,936.14,937.31,152.75,143153.0928
1788040800000,937.31,939.31,937.21,938.56,128.53,120592.06
1788044400000,938.56,939.3,938.25,939.13,77.65,72910.5883
1788048000000,939.13,939.34,936.57,936.98,106.44,99786.2033
1788051600000,936.98,937.77,935.68,937.57,82.42,77193.3138
1788055200000,937.57,939.3,937.49,937.84,118.65,111289.9406
1788058800000,937.84,938.54,936.9,936.9,35.63,33417.3507
1788062400000,936.9,937.19,936.66,936.94,81.53,76392.5215
1788066000000,936.94,937.77,936.67,937.36,75.99,71205.3404
1788069600000,937.36,938.4,936.93,938.22,9.57,8973.0062
1788073200000,938.22,938.22,935.95,936.03,22.17,20774.754
1788076800000,936.03,936.53,935.58,936.15,42.84,40095.0644
1788080400000,936.15,936.33,935.33,935.93,72.47,67823.0394
1788084000000,935.93,936.69,935.71,936.54,118.69,111120.5511
1788087600000,936.54,936.6,935.79,936.5,83.16,77852.3767
1788091200000,936.5,937.01,934.58,934.69,353.45,330599.6669
1788094800000,934.69,935.25,934.27,934.79,122.81,114781.6115
1788098400000,934.79,935.51,934.38,935.1,95.91,89667.716
1788102000000,935.1,935.1,934.08,934.3,202.5,189231.9109
1788105600000,934.3,937.39,934.22,936.87,172.24,161232.2858
1788109200000,936.87,936.87,935.81,936.09,102.52,95998.8031
1788112800000,936.09,936.09,934.49,934.74,115.13,107679.9817
1788116400000,934.74,935.02,934.27,934.39,23.57,22030.878
1788120000000,934.39,934.53,932.8,933.25,152.68,142569.0063
1788123600000,933.25,935.26,931.86,932.1,441.49,411743.1272
1788127200000,932.1,933.09,927.61,929.31,337.15,313698.2843
1788130800000,929.31,929.38,915.47,916.65,1581.09,1454436.5857
1788134400000,916.65,926.22,913.42,920.31,2096.88,1928103.4788
1788138000000,920.31,921.51,916.28,919.98,931.23,855744.903
1788141600000,919.98,923.12,917.45,921.35,435.3,400391.163
1788145200000,921.35,923.2,919.53,920.55,207.94,191553.1485
1788148800000,920.55,924.99,919.25,924.46,186.41,171865.99
1788152400000,924.46,930.19,924.18,927.08,331.79,307682.7961
1788156000000,927.08,935.62,926.67,934.36,199.19,185639.2198
1788159600000,934.36,934.36,930.71,932.98,121.49,113278.3186
1788163200000,932.98,939.94,932.22,933.28,552.58,516854.5675
1788166800000,933.28,935.29,928.32,928.33,307.65,286635.4194
1788170400000,928.33,931.75,927.23,930.82,336.75,313094.9405
1788174000000,930.82,932.91,928.56,930.53,233.78,217493.0789
1788177600000,930.53,934.54,927.16,928.09,1052.12,979603.8805
1788181200000,928.09,950.97,921.85,950.44,7210.68,6760397.0581
1788184800000,950.44,953.39,937.41,944.23,1019.24,963123.0201
1788188400000,944.23,944.79,937.57,938.04,739.93,695827.9341
1788192000000,938.04,948.18,936.63,948.01,374.44,352211.0545
1788195600000,948.01,951.3,946.62,947.03,728.93,691208.169
1788199200000,947.03,950.41,939.6,940.49,448.47,424354.0315
1788202800000,940.49,960.31,938.96,958.72,1567.01,1495797.1547
1788206400000,958.72,959.61,954.09,954.97,652.12,624428.2857
1788210000000,954.97,959.14,954.24,959.08,104.4,99797.6457
1788213600000,959.08,959.31,956.33,956.52,244.22,233909.3592
1788217200000,956.52,957.86,954.73,956.52,166.53,159160.0595
1788220800000,956.52,960.78,953.71,960.53,249.35,238688.043
1788224400000,960.53,964.42,956.72,958.24,507.46,487904.5881
1788228000000,958.24,959.02,952.02,955.81,303.83,290379.189
1788231600000,955.81,957.94,953.72,957.83,275.39,263502.9378
1788235200000,957.83,959.27,956.83,957.53,95.31,91272.6171
1788238800000,957.53,961.48,955.81,960.25,368.42,353569.3909
1788242400000,960.25,962.05,959.36,959.37,324.25,311422.959
1788246000000,959.37,962.72,956.01,956.11,344.88,331265.2863
1788249600000,956.11,956.6,939.15,941.44,2623.95,2482345.796
1788253200000,941.44,943.77,937.41,943.23,701.59,659034.8264
1788256800000,943.23,944.39,940.01,941.33,283.52,267111.3426
1788260400000,941.33,944.1,938.62,939.86,447.03,420333.8194
1788264000000,939.86,940.49,935.59,939.3,402.02,377019.6956
1788267600000,939.3,950.33,930.58,939.97,5205.28,4893007.0014
1788271200000,939.97,955.88,935.23,955.73,3216.99,3044651.9009
1788274800000,955.73,970.12,953.1,963.64,3213.42,3092606.3574
1788278400000,963.64,964.53,939.5,944.9,3560.12,3382870.1124
1788282000000,944.9,945.25,935.51,937.93,1169.3,1099077.7979
1788285600000,937.93,938.54,923.09,929.85,1423.85,1323385.7409
1788289200000,929.85,937.53,928.97,933.69,1972.0,1841130.6867
1788292800000,933.69,934.85,931.38,932.85,542.75,506457.0735
1788296400000,932.85,932.85,930.68,930.94,288.02,268367.1286
1788300000000,930.94,931.46,927.89,929.04,310.41,288496.1492
1788303600000,929.04,930.98,928.73,930.11,141.91,132021.1933
1788307200000,930.11,935.86,929.25,930.19,538.68,501920.7833
1788310800000,930.19,933.04,926.84,929.05,131.38,122145.26
1788314400000,929.05,931.21,927.27,929.86,51.53,47895.8624
1788318000000,929.86,930.66,927.36,927.82,214.62,199282.2468
1788321600000,927.82,928.79,927.27,927.63,147.99,137319.2229
1788325200000,927.63,933.18,926.32,930.89,139.48,129768.3381
1788328800000,930.89,932.0,928.29,929.87,53.72,49953.4189
1788332400000,929.87,932.02,929.55,930.04,65.49,60924.8211
1788336000000,930.04,930.62,921.32,923.59,773.73,717450.4822
1788339600000,923.59,925.27,919.06,920.95,282.82,260808.9925
1788343200000,920.95,923.04,919.52,923.04,158.85,146409.1098
1788346800000,923.04,930.02,919.64,929.87,779.65,721235.8545
1788350400000,929.87,935.36,929.43,932.12,745.98,695293.6426
1788354000000,932.12,957.87,928.31,940.15,8447.07,7976203.9041
1788357600000,940.15,951.15,936.62,938.09,2580.46,2434419.6586
1788361200000,938.09,946.82,937.11,945.92,832.45,784603.8351
1788364800000,945.92,949.4,942.31,944.55,665.62,629936.3618
1788368400000,944.55,950.37,942.88,946.94,672.83,637622.5418
1788372000000,946.94,955.95,943.4,955.08,1035.71,983279.6154
1788375600000,955.08,958.44,951.46,956.51,760.31,726764.7798
1788379200000,956.51,956.84,948.11,951.05,736.25,701807.3792
1788382800000,951.05,958.03,948.66,954.62,1415.95,1351476.1572
1788386400000,954.62,955.54,952.96,953.46,423.73,404227.0803
1788390000000,953.46,955.72,952.33,955.72,98.88,94295.8399
1788393600000,955.72,955.97,950.95,951.02,527.06,502966.1337
1788397200000,951.02,956.88,951.02,952.92,339.32,323981.4763
1788400800000,952.92,956.6,952.83,955.92,277.03,264736.8097
1788404400000,955.92,958.79,955.51,958.65,260.67,249491.4715
1788408000000,958.65,959.73,955.27,955.32,364.81,349669.5044
1788411600000,955.32,955.91,945.09,954.1,649.36,616571.5158
1788415200000,954.1,955.75,952.38,953.31,406.01,387239.0514
1788418800000,953.31,957.22,953.01,956.44,446.19,426440.5246
1788422400000,956.44,957.87,950.55,951.27,628.74,600466.947
1788426000000,951.27,952.73,948.21,948.66,221.78,210710.9929
1788429600000,948.66,951.16,948.0,950.8,285.32,271039.9386
1788433200000,950.8,952.61,948.52,949.14,376.82,358204.2199
1788436800000,949.14,961.03,948.71,958.55,930.74,889414.5119
1788440400000,958.55,960.72,920.51,946.42,6573.56,6188835.715
1788444000000,946.42,948.32,931.17,948.31,2612.65,2453149.0997
1788447600000,948.31,957.03,942.65,945.86,2607.54,2474808.0481
1788451200000,945.86,954.28,942.05,951.18,706.69,668647.8081
1788454800000,951.18,954.3,941.21,946.42,925.09,874858.9176
1788458400000,946.42,960.0,946.42,956.86,1051.27,1004424.8413
1788462000000,956.86,959.38,948.23,958.85,1642.53,1567590.9302
1788465600000,958.85,959.48,954.21,955.17,364.43,348463.7047
1788469200000,955.17,956.07,954.32,955.2,221.68,211704.3438
1788472800000,955.2,955.79,954.33,955.7,218.44,208582.4013
1788476400000,955.7,955.83,953.86,954.39,87.02,83085.6135
1788480000000,954.39,962.8,954.11,959.92,668.72,640162.34
1788483600000,959.92,962.84,957.43,959.22,129.16,123956.0212
1788487200000,959.22,962.97,958.68,962.97,122.72,117913.5767
1788490800000,962.97,963.32,960.75,962.31,109.51,105370.4794
1788494400000,962.31,970.54,961.26,969.61,511.48,494787.5436
1788498000000,969.61,974.07,968.02,969.92,1138.18,1106500.2927
1788501600000,969.92,970.26,963.52,963.98,282.93,273460.0855
1788505200000,963.98,972.36,963.98,972.1,308.63,299557.2783
1788508800000,972.1,980.41,970.6,976.41,1203.33,1174661.5208
1788512400000,976.41,978.41,973.64,978.09,293.58,286374.6619
1788516000000,978.09,980.5,976.02,978.32,778.92,761821.2014
1788519600000,978.32,978.32,974.74,977.57,401.1,391565.9838
1788523200000,977.57,980.5,962.68,968.39,3240.47,3140948.1948
1788526800000,968.39,1000.87,964.94,1000.29,14179.75,13980797.8825
1788530400000,1000.29,1004.12,991.66,1000.81,6225.44,6221600.7098
1788534000000,1000.81,1004.03,997.03,1000.11,1645.34,1645896.5369
1788537600000,1000.11,1008.16,998.5,1006.58,1584.08,1591803.6935
1788541200000,1006.58,1006.74,997.56,999.69,630.84,631592.5408
1788544800000,999.69,1005.44,997.55,1005.33,280.15,280824.942
1788548400000,1005.33,1017.69,1001.27,1015.87,2436.05,2463376.2352
1788552000000,1015.87,1016.58,1012.52,1013.5,776.51,787754.5338
1788555600000,1013.5,1018.35,1013.17,1014.14,761.81,773790.2213
1788559200000,1014.14,1014.7,1013.5,1013.95,489.04,496051.5573
1788562800000,1013.95,1015.55,1012.88,1014.87,156.26,158435.5719
1788566400000,1014.87,1014.88,1010.1,1010.14,135.46,137109.5097
1788570000000,1010.14,1011.95,1009.34,1011.14,270.34,273183.2417
1788573600000,1011.14,1013.78,1011.08,1012.6,144.02,145807.3678
1788577200000,1012.6,1012.88,1010.69,1011.98,84.33,85351.3217
1788580800000,1011.98,1015.06,1011.44,1014.67,377.96,382715.2741
1788584400000,1014.67,1022.39,1014.52,1018.65,681.99,695094.677
1788588000000,1018.65,1019.29,1017.07,1019.22,127.01,129307.0456
1788591600000,1019.22,1019.3,1014.47,1015.35,267.79,272231.1695
1788595200000,1015.35,1015.5,1013.29,1014.38,150.87,153038.0955
1788598800000,1014.38,1016.5,1014.11,1016.12,151.09,153410.002
1788602400000,1016.12,1017.09,1015.64,1016.89,155.91,158459.8717
1788606000000,1016.89,1018.24,1016.84,1017.62,211.56,215277.4904
1788609600000,1017.62,1018.84,1016.89,1016.89,279.11,284110.4509
1788613200000,1016.89,1017.11,1014.51,1015.08,190.17,193123.4971
1788616800000,1015.08,1015.58,1014.24,1015.1,99.0,100494.5516
1788620400000,1015.1,1015.7,1013.78,1015.03,112.9,114532.2398
1788624000000,1015.03,1016.56,1014.56,1015.95,50.83,51614.0407
1788627600000,1015.95,1016.22,1015.09,1015.93,21.26,21594.4333
1788631200000,1015.93,1016.42,1015.16,1015.57,53.01,53844.1878
1788634800000,1015.57,1017.77,1015.2,1017.45,31.0,31500.2353
1788638400000,1017.45,1018.39,1017.02,1017.65,114.04,116063.6317
1788642000000,1017.65,1017.99,1016.89,1017.12,26.94,27406.0678
1788645600000,1017.12,1017.13,1016.09,1016.16,58.79,59775.6606
1788649200000,1016.16,1016.77,1015.83,1016.12,12.62,12824.3441
1788652800000,1016.12,1016.65,1015.58,1016.55,24.49,24882.2352
1788656400000,1016.55,1017.98,1016.44,1017.02,84.78,86256.1916
1788660000000,1017.02,1019.91,1016.55,1019.72,204.95,208852.9993
1788663600000,1019.72,1021.62,1019.46,1020.53,136.93,139711.9809
1788667200000,1020.53,1021.38,1019.85,1020.4,632.47,645513.5572
1788670800000,1020.4,1025.44,1020.38,1025.44,668.38,683970.2593
1788674400000,1025.44,1027.09,1024.82,1026.67,309.36,317434.4664
1788678000000,1026.67,1027.98,1023.96,1027.6,428.92,440480.2864
1788681600000,1027.6,1028.45,1027.06,1028.34,78.87,81067.1523
1788685200000,1028.34,1030.11,1027.47,1029.99,324.48,334074.5448
1788688800000,1029.99,1031.77,1029.57,1030.73,381.32,393109.3741
1788692400000,1030.73,1034.66,1030.73,1033.86,483.34,499547.9824
1788696000000,1033.86,1035.73,1030.85,1033.56,266.8,275840.2902
1788699600000,1033.56,1034.12,1023.12,1023.41,920.12,943189.9249
1788703200000,1023.41,1023.75,1014.42,1017.17,964.31,981842.2887
1788706800000,1017.17,1020.62,1014.87,1020.32,452.67,459890.0426
1788710400000,1020.32,1020.37,1017.69,1018.38,37.1,37804.3778
1788714000000,1018.38,1020.25,1017.48,1020.18,49.15,50060.328
1788717600000,1020.18,1020.58,1018.92,1020.21,84.7,86354.148
1788721200000,1020.21,1022.59,1019.66,1021.91,109.79,112185.8863
1788724800000,1021.91,1023.0,1021.52,1022.37,64.69,66130.5732
1788728400000,1022.37,1023.0,1020.25,1022.24,84.15,85968.0904
1788732000000,1022.24,1022.69,1019.9,1020.6,163.68,167184.1045
1788735600000,1020.6,1024.36,1019.05,1024.32,144.57,147664.4556
1788739200000,1024.32,1030.65,1023.62,1024.75,2660.22,2734136.4742
1788742800000,1024.75,1029.71,1023.19,1028.39,454.01,465775.238
1788746400000,1028.39,1033.3,1026.17,1031.24,478.11,493215.7422
1788750000000,1031.24,1035.23,1030.24,1035.17,1366.48,1412066.8098
1788753600000,1035.17,1043.66,1035.17,1040.14,1723.17,1792417.8829
1788757200000,1040.14,1043.65,1039.07,1042.47,323.41,336765.7258
1788760800000,1042.47,1046.34,1041.86,1046.15,267.08,278899.7252
1788764400000,1046.15,1046.15,1042.63,1044.63,468.49,489160.7324
1788768000000,1044.63,1046.39,1044.05,1045.99,879.21,918818.2181
1788771600000,1045.99,1046.82,1041.62,1041.62,381.76,398957.8744
1788775200000,1041.62,1043.72,1041.21,1041.21,154.71,161291.0428
1788778800000,1041.21,1041.63,1037.38,1038.33,885.75,920049.7535
1788782400000,1038.33,1039.91,1034.3,1036.67,238.17,247100.4272
1788786000000,1036.67,1041.13,1035.64,1037.92,477.7,495867.2596
1788789600000,1037.92,1040.91,1035.05,1040.05,345.73,358910.5617
1788793200000,1040.05,1040.92,1038.1,1038.88,193.05,200721.0993
1788796800000,1038.88,1041.98,1038.88,1041.54,533.05,555112.4846
1788800400000,1041.54,1044.52,1041.27,1043.68,980.55,1022773.6156
1788804000000,1043.68,1044.15,1042.38,1043.45,271.48,283227.8493
1788807600000,1043.45,1045.0,1043.36,1044.11,119.88,125169.7676
1788811200000,1044.11,1044.46,1038.14,1038.74,556.03,577899.8904
1788814800000,1038.74,1041.35,1038.74,1040.34,224.03,232995.7963
1788818400000,1040.34,1040.42,1036.71,1037.41,337.39,350255.9096
1788822000000,1037.41,1038.51,1034.16,1035.86,265.05,274582.2208
1788825600000,1035.86,1055.81,1026.0,1048.51,2687.84,2793920.2734
1788829200000,1048.51,1050.47,1043.49,1048.73,735.52,769691.5266
1788832800000,1048.73,1048.85,1044.99,1046.16,455.97,477522.1649
1788836400000,1046.16,1055.29,1046.16,1055.05,814.03,856916.9608
1788840000000,1055.05,1057.99,1050.15,1050.31,928.88,979116.3303
1788843600000,1050.31,1050.35,1039.01,1039.13,1216.74,1269878.7002
1788847200000,1039.13,1040.74,1030.18,1034.4,1137.93,1178044.6663
1788850800000,1034.4,1039.45,1030.96,1031.02,241.65,250417.5732
1788854400000,1031.02,1031.62,1017.41,1026.68,4850.01,4970430.8795
1788858000000,1026.68,1035.85,1023.63,1035.36,1941.77,2003692.2791
1788861600000,1035.36,1038.65,1033.19,1035.41,449.46,465545.1754
1788865200000,1035.41,1038.26,1024.12,1025.94,3249.05,3350379.2684
1788868800000,1025.94,1035.24,1021.3,1034.12,1892.18,1943181.0975
1788872400000,1034.12,1042.24,1010.19,1023.5,14469.27,14858545.5148
1788876000000,1023.5,1025.26,1014.38,1017.78,3496.88,3564880.5771
1788879600000,1017.78,1029.06,1015.51,1025.19,2321.27,2375191.3655
1788883200000,1025.19,1027.7,1015.58,1017.0,1437.09,1468532.5282
1788886800000,1017.0,1021.47,1016.65,1017.56,424.99,433212.8091
1788890400000,1017.56,1021.74,1011.51,1015.02,853.22,867856.724
1788894000000,1015.02,1015.57,998.74,1001.31,2354.72,2368580.0845
1788897600000,1001.31,1005.26,999.98,1004.57,762.51,765057.4256
1788901200000,1004.57,1007.74,1004.52,1004.85,189.17,190274.8269
1788904800000,1004.85,1007.01,1003.65,1006.88,77.61,78037.4794
1788908400000,1006.88,1007.63,999.92,1001.79,283.35,283935.8354
1788912000000,1001.79,1007.51,1001.32,1007.26,1311.59,1317603.5482
1788915600000,1007.26,1010.46,1006.3,1007.51,481.99,485692.3618
1788919200000,1007.51,1012.89,1007.51,1010.91,566.16,572375.2242
1788922800000,1010.91,1011.34,1005.8,1006.27,116.7,117729.6613
1788926400000,1006.27,1009.66,1004.66,1009.26,153.11,154263.1545
1788930000000,1009.26,1010.05,1005.93,1009.0,82.84,83488.8473
1788933600000,1009.0,1011.43,1008.45,1008.76,54.22,54756.0225
1788937200000,1008.76,1010.68,1006.95,1008.88,85.2,85930.1509
1788940800000,1008.88,1011.43,1006.94,1008.41,606.65,612306.4087
1788944400000,1008.41,1008.81,993.8,995.35,871.44,873646.9155
1788948000000,995.35,998.39,991.28,997.61,1073.62,1068119.5045
1788951600000,997.61,1000.84,994.69,998.38,761.1,759355.8091
1788955200000,998.38,999.6,995.0,997.27,443.83,442940.7202
1788958800000,997.27,1035.45,993.66,1034.96,9711.35,9787230.6068
1788962400000,1034.96,1043.49,1029.75,1035.16,3613.66,3744935.1983
1788966000000,1035.16,1036.76,1018.96,1024.52,2439.03,2499240.8826
1788969600000,1024.52,1026.02,1017.74,1022.75,1037.6,1061983.1887
1788973200000,1022.75,1026.39,1020.79,1024.5,898.53,920324.8308
1788976800000,1024.5,1028.47,1023.52,1024.5,2333.6,2395350.0708
1788980400000,1024.5,1031.43,1021.3,1028.48,3128.13,3213768.8611
1788984000000,1028.48,1029.46,1027.01,1027.57,173.45,178336.5675
1788987600000,1027.57,1027.77,1025.46,1025.83,245.88,252367.1326
1788991200000,1025.83,1026.41,1023.64,1023.91,142.15,145630.403
1788994800000,1023.91,1027.23,1023.04,1026.92,215.29,220680.8364
1788998400000,1026.92,1029.4,1019.32,1019.72,495.57,508178.878
1789002000000,1019.72,1022.17,1015.91,1021.47,436.03,443909.3413
1789005600000,1021.47,1024.47,1019.81,1023.0,313.79,320439.2983
1789009200000,1023.0,1024.87,1021.39,1023.56,108.78,111302.0665
1789012800000,1023.56,1028.49,1023.17,1028.29,203.52,208763.5976
1789016400000,1028.29,1030.89,1025.61,1027.98,187.06,192339.8307
1789020000000,1027.98,1029.08,1024.45,1025.57,216.58,222159.7044
1789023600000,1025.57,1025.92,1020.44,1023.08,144.38,147621.7794
1789027200000,1023.08,1024.32,1018.03,1019.34,1539.12,1571062.8103
1789030800000,1019.34,1021.2,1011.85,1015.72,217.93,221543.2104
1789034400000,1015.72,1018.0,1014.01,1015.39,235.29,238985.0617
1789038000000,1015.39,1015.57,1009.02,1009.28,1915.13,1936650.2145
1789041600000,1009.28,1011.35,996.5,998.94,2486.2,2499756.6137
1789045200000,998.94,1001.54,983.19,986.61,7095.63,7046650.0318
1789048800000,986.61,996.34,984.2,986.79,1279.51,1266462.0285
1789052400000,986.79,989.24,981.81,984.84,1043.94,1028758.4629
1789056000000,984.84,985.86,974.43,981.35,2782.52,2730279.8545
1789059600000,981.35,985.16,978.27,982.11,471.55,462828.2517
1789063200000,982.11,985.5,981.05,984.34,355.47,349383.6645
1789066800000,984.34,984.73,977.26,980.99,1253.12,1229810.7929
1789070400000,980.99,981.54,976.85,978.08,764.42,748452.094
1789074000000,978.08,981.69,977.4,979.3,324.1,317687.0254
1789077600000,979.3,979.74,973.5,976.13,243.36,237575.8319
1789081200000,976.13,976.53,972.0,972.28,280.42,273332.358
1789084800000,972.28,980.39,971.74,980.39,627.08,611223.3552
1789088400000,980.39,981.66,975.52,978.24,141.77,138723.7909
1789092000000,978.24,979.68,973.83,974.92,135.88,132583.3784
1789095600000,974.92,975.26,970.59,972.71,157.4,153142.5357
1789099200000,972.71,985.56,972.01,981.58,420.69,412025.074
1789102800000,981.58,988.29,981.5,986.46,239.4,235476.3794
1789106400000,986.46,987.8,984.49,986.59,201.38,198608.4378
1789110000000,986.59,988.85,986.3,987.3,112.29,110843.7789
1789113600000,987.3,991.27,984.58,990.78,883.91,873644.9971
1789117200000,990.78,991.39,987.25,988.55,496.6,490984.3664
1789120800000,988.55,989.41,986.06,986.29,722.03,713466.9294
1789124400000,986.29,990.8,983.64,989.23,718.75,709832.8318
1789128000000,989.23,998.84,982.0,995.77,5554.57,5501476.771
1789131600000,995.77,999.99,970.72,976.52,7283.22,7185245.5648
1789135200000,976.52,984.85,969.0,974.96,1628.46,1589601.7734
1789138800000,974.96,983.83,971.18,980.34,1088.16,1064048.1931
1789142400000,980.34,980.86,972.32,977.89,825.7,805715.25
1789146000000,977.89,981.73,977.35,978.2,546.68,535336.7532
1789149600000,978.2,978.67,975.15,975.35,527.7,515622.1751
1789153200000,975.35,978.47,974.06,975.95,435.4,425061.6639
1789156800000,975.95,976.84,974.6,975.41,126.5,123398.6713
1789160400000,975.41,976.11,974.72,974.78,138.38,134992.4749
1789164000000,974.78,976.0,974.66,975.06,44.54,43434.453
1789167600000,975.06,976.03,975.05,976.03,35.48,34610.5068
1789171200000,976.03,976.32,975.33,975.45,55.56,54210.1155
1789174800000,975.45,975.51,974.55,974.81,70.25,68507.1727
1789178400000,974.81,975.63,974.68,975.43,51.03,49755.0607
1789182000000,975.43,975.43,974.57,975.19,21.76,21215.1268
1789185600000,975.19,975.65,975.03,975.03,41.8,40767.5233
1789189200000,975.03,975.64,975.03,975.42,30.92,30159.3726
1789192800000,975.42,975.49,974.32,974.32,80.41,78376.0464
1789196400000,974.32,974.91,974.02,974.85,210.73,205301.2974
1789200000000,974.85,974.85,974.0,974.23,31.12,30321.3175
1789203600000,974.23,974.44,972.89,973.04,295.27,287559.995
1789207200000,973.04,974.19,972.98,974.14,23.65,23029.6592
1789210800000,974.14,974.87,974.04,974.6,28.73,27999.3166
1789214400000,974.6,974.83,974.2,974.24,12.83,12503.0916
1789218000000,974.24,974.27,973.24,973.31,42.18,41065.9847
1789221600000,973.31,975.86,973.25,975.12,65.07,63420.1655
1789225200000,975.12,976.22,975.11,976.16,39.83,38863.6523
1789228800000,976.16,977.05,975.4,976.88,77.18,75345.5715
1789232400000,976.88,977.0,973.93,975.49,75.86,73967.061
1789236000000,975.49,976.38,974.99,975.06,28.97,28259.23
1789239600000,975.06,975.15,970.45,970.67,115.26,112091.6614
1789243200000,970.67,970.67,963.65,966.93,1770.06,1709852.2978
1789246800000,966.93,968.6,966.83,967.59,101.71,98422.8319
1789250400000,967.59,968.24,967.13,967.28,254.93,246635.3862
1789254000000,967.28,968.87,967.24,967.75,119.24,115446.8572
1789257600000,967.75,969.16,967.16,968.61,231.04,223695.216
1789261200000,968.61,969.42,968.02,968.75,123.52,119638.8245
1789264800000,968.75,968.75,967.6,967.9,466.5,451581.6486
1789268400000,967.9,968.09,966.5,966.98,516.68,499985.6808
1789272000000,966.98,967.11,965.96,966.08,514.71,497416.1696
1789275600000,966.08,966.11,961.13,961.13,956.31,921671.4345
1789279200000,961.13,962.62,957.01,958.62,995.24,955371.9179
1789282800000,958.62,959.3,956.46,957.4,705.8,675902.576
1789286400000,957.4,957.65,940.13,941.31,3351.29,3178063.7216
1789290000000,941.31,946.4,934.68,939.09,3347.89,3141349.646
1789293600000,939.09,939.48,934.7,935.3,1280.11,1199960.958
1789297200000,935.3,937.17,933.01,933.8,2994.77,2801220.519
1789300800000,933.8,936.12,930.94,931.11,1343.58,1253607.6284
1789304400000,931.11,936.72,924.29,932.45,4268.01,3961455.8545
1789308000000,932.45,937.58,931.98,935.85,693.3,648823.5981
1789311600000,935.85,939.55,934.63,935.29,455.59,426711.1555
1789315200000,935.29,944.2,935.21,941.7,1452.5,1368094.1766
1789318800000,941.7,943.46,940.92,942.17,379.96,357891.4532
1789322400000,942.17,942.35,940.42,942.07,267.29,251649.3456
1789326000000,942.07,942.77,938.84,939.15,225.66,212182.5314
1789329600000,939.15,940.78,938.09,940.76,265.85,249709.6258
1789333200000,940.76,942.26,939.62,941.76,154.94,145759.5835
1789336800000,941.76,941.76,934.29,936.82,1112.47,1042650.8505
1789340400000,936.82,940.96,931.78,931.86,694.28,650019.9725
1789344000000,931.86,947.65,931.86,936.27,2682.3,2523118.3201
1789347600000,936.27,942.49,933.53,942.07,485.47,454944.1888
1789351200000,942.07,945.15,940.54,943.44,582.76,549445.1587
1789354800000,943.44,944.25,939.35,939.81,372.59,350617.8944
1789358400000,939.81,942.24,938.79,941.75,337.09,317086.3019
1789362000000,941.75,942.1,936.04,937.13,653.35,613508.8367
1789365600000,937.13,938.85,935.92,936.41,269.79,252795.9781
1789369200000,936.41,936.81,932.21,933.49,272.71,254834.2086
1789372800000,933.49,934.65,926.79,929.11,1011.92,941582.5199
1789376400000,929.11,929.97,924.16,925.89,483.88,448085.8532
1789380000000,925.89,929.22,924.3,928.59,590.51,547134.6976
1789383600000,928.59,929.33,920.82,921.02,1209.03,1117077.5446
1789387200000,921.02,921.19,913.64,914.74,905.51,831055.9627
1789390800000,914.74,919.7,903.73,907.43,6163.0,5609038.5388
1789394400000,907.43,922.94,907.23,915.65,1926.04,1765543.1262
1789398000000,915.65,927.63,912.91,921.27,2955.86,2718625.1987
1789401600000,921.27,926.42,916.76,925.29,1002.72,923783.3799
1789405200000,925.29,932.25,924.96,931.08,565.26,524302.2313
1789408800000,931.08,932.55,929.29,931.03,308.09,286709.7809
1789412400000,931.03,932.53,924.4,924.79,1153.68,1070459.2545
1789416000000,924.79,929.87,922.35,927.98,8160.02,7576451.0432
1789419600000,927.98,928.43,927.12,927.95,268.15,248782.0232
1789423200000,927.95,928.0,926.81,927.72,129.06,119699.4912
1789426800000,927.72,932.77,927.31,932.77,260.9,242751.0804
1789430400000,932.77,939.55,930.22,936.22,674.88,631298.3738
1789434000000,936.22,939.33,932.44,936.39,313.26,292906.4322
1789437600000,936.39,939.44,935.41,937.79,147.52,138276.7887
1789441200000,937.79,938.06,933.24,933.24,295.03,276118.4586
1789444800000,933.24,934.46,927.64,927.76,666.51,620636.1192
1789448400000,927.76,932.42,924.39,930.27,705.22,653783.793
1789452000000,930.27,932.12,929.06,931.6,231.02,214994.772
1789455600000,931.6,934.41,930.94,931.42,1194.4,1114416.2381
1789459200000,931.42,932.17,924.16,925.68,892.31,827803.8124
1789462800000,925.68,931.98,924.03,930.98,390.07,361606.4454
1789466400000,930.98,934.29,930.98,933.01,373.15,348071.6641
1789470000000,933.01,937.65,933.01,936.64,571.71,535289.3424
1789473600000,936.64,938.5,934.41,935.94,782.77,733100.8793
1789477200000,935.94,942.92,929.2,937.75,3274.08,3064014.5406
1789480800000,937.75,945.8,929.76,931.83,1845.36,1732075.3649
1789484400000,931.83,935.46,925.32,926.01,758.33,705665.2587
1789488000000,926.01,928.69,921.84,925.85,933.81,863620.3183
1789491600000,925.85,928.28,924.57,926.26,308.89,286325.8904
1789495200000,926.26,926.59,921.19,923.66,1367.16,1262625.4797
1789498800000,923.66,929.33,922.52,928.37,1220.06,1129407.0734
1789502400000,928.37,929.41,927.58,928.71,307.35,285378.0834
1789506000000,928.71,929.04,925.74,926.25,283.8,263052.2267
1789509600000,926.25,927.9,926.01,926.81,146.19,135455.8063
1789513200000,926.81,927.17,925.9,926.78,169.56,157092.7774
1789516800000,926.78,930.36,926.01,928.89,371.65,344900.6671
1789520400000,928.89,929.41,923.25,923.34,61.64,57150.5946
1789524000000,923.34,930.95,923.17,930.34,99.75,92606.3161
1789527600000,930.34,933.04,929.99,932.6,200.46,186832.7625
1789531200000,932.6,934.51,932.33,932.6,229.93,214630.9241
1789534800000,932.6,936.87,930.68,936.43,370.92,346460.5267
1789538400000,936.43,939.07,935.88,939.06,151.46,142037.0891
1789542000000,939.06,940.36,938.01,938.9,289.83,272239.9996
1789545600000,938.9,939.82,930.2,934.95,1252.17,1170216.9911
1789549200000,934.95,937.53,933.51,936.29,267.17,250082.8461
1789552800000,936.29,936.92,934.43,936.03,443.31,414774.6115
1789556400000,936.03,939.65,934.42,938.29,320.6,300384.6762
1789560000000,938.29,939.73,934.74,936.98,335.25,314617.8118
1789563600000,936.98,941.08,924.68,935.71,5761.82,5372566.2222
1789567200000,935.71,936.13,928.12,932.99,1860.05,1733570.5837
1789570800000,932.99,935.16,928.58,928.71,832.92,776136.9524
1789574400000,928.71,933.23,928.33,931.81,577.8,537608.2801
1789578000000,931.81,935.62,929.99,934.43,468.28,436487.5741
1789581600000,934.43,942.82,922.88,924.91,2955.15,2751502.2736
1789585200000,924.91,928.92,919.61,928.42,1520.91,1403529.9984
1789588800000,928.42,931.42,927.56,930.75,290.98,270571.0424
1789592400000,930.75,932.59,930.28,931.75,182.29,169741.7704
1789596000000,931.75,935.74,930.44,934.03,276.99,258507.9177
1789599600000,934.03,937.06,934.03,935.79,302.03,282624.986
1789603200000,935.79,938.19,933.24,936.22,808.82,756984.5927
1789606800000,936.22,939.01,934.19,935.1,496.61,465056.3192
1789610400000,935.1,935.97,933.54,934.09,173.76,162427.3295
1789614000000,934.09,936.93,933.92,936.93,187.41,175429.6261
1789617600000,936.93,938.46,935.54,937.02,185.89,174177.4088
1789621200000,937.02,937.28,933.08,933.08,291.94,273047.5025
1789624800000,933.08,936.47,933.02,936.11,355.77,332592.0019
1789628400000,936.11,939.03,935.8,938.58,479.92,450391.8061
1789632000000,938.58,943.44,938.34,942.62,624.79,587696.27
1789635600000,942.62,945.24,941.83,943.49,498.41,470345.1808
1789639200000,943.49,946.93,943.24,945.38,356.69,337130.9235
1789642800000,945.38,948.81,944.49,946.52,486.35,460378.8034
1789646400000,946.52,955.16,945.2,954.22,1552.17,1478421.4804
1789650000000,954.22,987.08,954.0,984.58,8759.31,8521603.2246
1789653600000,984.58,985.5,975.28,978.34,2122.59,2078517.3345
1789657200000,978.34,984.31,977.72,977.92,232.41,227853.1986
1789660800000,977.92,979.38,974.79,976.86,683.95,668190.99
1789664400000,976.86,978.89,974.33,977.33,288.1,281412.1155
1789668000000,977.33,980.56,975.9,977.22,293.04,286473.9163
1789671600000,977.22,982.14,975.97,978.57,480.93,471003.9528
1789675200000,978.57,984.37,977.48,981.52,555.75,545007.7416
1789678800000,981.52,983.08,980.72,982.74,203.8,199995.159
1789682400000,982.74,982.74,980.26,980.96,135.99,133387.6127
1789686000000,980.96,984.04,980.63,983.81,104.49,102646.44
1789689600000,983.81,984.68,976.88,977.7,845.54,830722.3976
1789693200000,977.7,980.05,976.0,979.38,263.87,258051.3942
1789696800000,979.38,983.38,978.53,982.43,116.71,114432.7965
1789700400000,982.43,985.85,982.35,985.71,191.79,188746.7418
1789704000000,985.71,989.02,985.29,989.0,162.91,160786.6648
1789707600000,989.0,991.86,987.89,988.36,349.86,346447.9288
1789711200000,988.36,993.27,988.35,992.64,188.31,186693.7133
1789714800000,992.64,995.56,991.77,992.1,219.17,217810.5232
1789718400000,992.1,994.77,990.62,991.18,701.99,696991.8978
1789722000000,991.18,991.18,986.28,987.35,273.87,270710.1183
1789725600000,987.35,992.34,987.14,990.61,203.46,201570.5429
1789729200000,990.61,992.85,986.48,987.97,330.51,326810.1315
1789732800000,987.97,988.35,980.81,980.95,958.16,942069.6295
1789736400000,980.95,996.55,979.34,995.28,4512.23,4453153.1945
1789740000000,995.28,999.75,989.85,995.01,2812.91,2799272.419
1789743600000,995.01,995.38,988.78,989.27,1068.31,1059815.5144
1789747200000,989.27,996.28,988.93,995.68,663.06,658089.3414
1789750800000,995.68,1000.55,995.68,1000.38,3147.12,3143865.9773
1789754400000,1000.38,1009.78,1000.38,1009.26,1701.65,1710938.296
1789758000000,1009.26,1017.08,1006.43,1016.71,1482.19,1498219.1464
1789761600000,1016.71,1019.37,1012.23,1015.01,967.65,983518.4412
1789765200000,1015.01,1017.11,1014.19,1016.72,456.87,464019.5642
1789768800000,1016.72,1017.34,1015.78,1016.39,217.68,221327.5004
1789772400000,1016.39,1018.79,1016.2,1018.57,348.88,355092.3051
1789776000000,1018.57,1019.29,1016.96,1017.2,238.28,242573.1188
1789779600000,1017.2,1017.3,1008.27,1008.46,613.13,619834.4657
1789783200000,1008.46,1010.28,1006.38,1009.35,468.57,472549.9064
1789786800000,1009.35,1010.18,1007.88,1008.39,69.94,70563.3413
1789790400000,1008.39,1009.68,1007.53,1008.33,153.83,155105.095
1789794000000,1008.33,1009.23,1007.11,1007.42,76.57,77185.5791
1789797600000,1007.42,1007.6,1005.4,1007.2,171.78,172874.3297
1789801200000,1007.2,1010.04,1007.11,1008.54,96.11,96922.329
1789804800000,1008.54,1009.14,1006.78,1007.0,169.97,171278.5282
1789808400000,1007.0,1008.58,1005.71,1007.9,120.68,121491.6522
1789812000000,1007.9,1009.19,1007.9,1008.21,84.4,85111.984
1789815600000,1008.21,1008.51,1007.41,1008.13,27.89,28115.9852
1789819200000,1008.13,1008.4,1007.44,1007.54,83.02,83677.8279
1789822800000,1007.54,1009.0,1006.94,1008.3,57.65,58110.1397
1789826400000,1008.3,1008.53,1007.27,1007.49,36.66,36947.345
1789830000000,1007.49,1008.04,1007.04,1007.11,138.26,139280.5147
1789833600000,1007.11,1007.32,1006.41,1006.68,61.11,61526.6448
1789837200000,1006.68,1007.3,1005.67,1007.02,297.35,299321.7144
1789840800000,1007.02,1007.96,1006.81,1007.91,69.6,70117.8276
1789844400000,1007.91,1009.78,1007.42,1009.65,126.78,127936.192
1789848000000,1009.65,1012.87,1009.47,1012.7,218.95,221389.0106
1789851600000,1012.7,1014.24,1011.85,1014.02,176.5,178843.2303
1789855200000,1014.02,1014.14,1012.43,1012.51,125.61,127324.397
1789858800000,1012.51,1012.94,1010.32,1010.73,79.6,80526.577
1789862400000,1010.73,1012.84,1010.73,1012.83,126.6,128100.1188
1789866000000,1012.83,1013.74,1011.55,1013.33,98.93,100210.211
1789869600000,1013.33,1014.52,1001.35,1001.49,432.01,435347.6816
1789873200000,1001.49,1005.62,999.61,1005.62,326.12,326964.3328
1789876800000,1005.62,1005.73,1003.25,1004.25,65.73,66041.1965
1789880400000,1004.25,1006.12,1003.5,1005.91,110.21,110756.465
1789884000000,1005.91,1006.46,1004.62,1005.74,54.61,54918.9442
1789887600000,1005.74,1006.38,1004.85,1004.92,41.35,41582.5574
1789891200000,1004.92,1005.91,1004.66,1004.71,61.42,61759.1952
1789894800000,1004.71,1005.86,1004.71,1004.96,31.2,31361.7594
1789898400000,1004.96,1004.96,1003.52,1004.28,36.64,36791.6291
1789902000000,1004.28,1005.35,1003.91,1004.96,38.35,38522.6115
1789905600000,1004.96,1005.47,1003.85,1004.25,57.07,57339.0279
1789909200000,1004.25,1004.28,1002.33,1002.45,50.15,50304.1655
1789912800000,1002.45,1002.92,1001.38,1002.71,39.06,39150.8982
1789916400000,1002.71,1008.04,1002.48,1008.04,70.44,70797.6729
1789920000000,1008.04,1009.33,1007.1,1009.33,347.23,350105.3085
1789923600000,1009.33,1009.6,1007.62,1008.03,96.13,97008.4751
1789927200000,1008.03,1008.03,1006.41,1006.84,34.42,34668.1368
1789930800000,1006.84,1008.63,1006.76,1008.4,97.15,97921.3856
1789934400000,1008.4,1009.11,1008.27,1008.84,57.79,58285.5356
1789938000000,1008.84,1009.03,1007.2,1008.74,143.42,144565.7454
1789941600000,1008.74,1013.81,1008.53,1013.54,239.85,242551.0597
1789945200000,1013.54,1017.47,1012.75,1016.23,528.79,536989.2063
1789948800000,1016.23,1028.72,1015.86,1028.34,1187.01,1214170.1926
1789952400000,1028.34,1031.97,1024.01,1024.21,533.36,548555.0554
1789956000000,1024.21,1029.05,1023.16,1027.54,362.77,372425.3491
1789959600000,1027.54,1029.36,1026.95,1028.55,516.95,531680.4279
1789963200000,1028.55,1029.97,1027.07,1029.1,669.73,688584.6507
1789966800000,1029.1,1029.33,1021.24,1025.91,332.55,340780.7055
1789970400000,1025.91,1028.61,1024.91,1028.03,434.88,446524.4724
1789974000000,1028.03,1030.58,1026.57,1030.58,447.61,460282.1141
1789977600000,1030.58,1039.37,1029.3,1038.84,889.77,919523.7292
1789981200000,1038.84,1041.5,1038.22,1038.33,798.01,830217.7422
1789984800000,1038.33,1041.0,1037.16,1037.2,647.14,672476.8843
1789988400000,1037.2,1039.26,1029.64,1033.33,1110.15,1149128.3849
1789992000000,1033.33,1038.03,1033.33,1035.22,816.96,846764.8936
1789995600000,1035.22,1064.84,1034.54,1047.32,12271.75,12864385.002
1789999200000,1047.32,1048.69,1032.01,1040.14,4039.31,4191836.9655
1790002800000,1040.14,1047.9,1035.5,1036.79,1262.84,1316209.556
1790006400000,1036.79,1045.97,1036.49,1041.1,587.97,612629.2725
1790010000000,1041.1,1042.64,1038.48,1039.76,426.63,443910.6797
1790013600000,1039.76,1049.29,1039.6,1049.13,529.61,552614.2252
1790017200000,1049.13,1050.8,1043.93,1044.64,1657.31,1736107.121
1790020800000,1044.64,1044.82,1041.84,1043.1,396.1,413148.7079
1790024400000,1043.1,1044.65,1042.64,1043.38,538.44,561927.1051
1790028000000,1043.38,1044.81,1043.29,1044.37,345.74,361002.9684
1790031600000,1044.37,1046.62,1044.19,1045.54,278.06,290789.6331
1790035200000,1045.54,1053.83,1044.31,1050.96,1378.19,1445578.4438
1790038800000,1050.96,1051.69,1048.24,1049.77,411.29,431763.8244
1790042400000,1049.77,1053.02,1049.59,1053.02,182.6,192014.8988
1790046000000,1053.02,1053.55,1050.02,1050.02,233.94,246196.8395
1790049600000,1050.02,1051.11,1039.64,1040.58,642.58,671511.7371
1790053200000,1040.58,1044.49,1034.0,1040.64,514.91,534940.0719
1790056800000,1040.64,1041.39,1035.66,1036.49,513.67,533376.8526
1790060400000,1036.49,1039.15,1035.28,1038.1,395.51,410313.2665
1790064000000,1038.1,1038.78,1023.87,1033.19,1168.34,1204604.9508
1790067600000,1033.19,1040.84,1031.37,1040.42,846.46,876428.4654
1790071200000,1040.42,1041.15,1037.74,1040.27,363.21,377602.9061
1790074800000,1040.27,1041.86,1032.8,1032.94,278.49,288715.1151
1790078400000,1032.94,1034.27,1029.6,1031.09,479.75,495164.3741
1790082000000,1031.09,1076.39,1030.09,1071.27,13481.68,14182656.2757
1790085600000,1071.27,1083.35,1069.9,1074.99,7686.07,8275690.3683
1790089200000,1074.99,1079.12,1068.91,1077.58,3086.69,3316671.2443
1790092800000,1077.58,1082.89,1077.13,1081.65,1664.39,1797616.1035
1790096400000,1081.65,1086.03,1080.4,1081.99,1224.1,1325687.1383
1790100000000,1081.99,1091.27,1080.25,1090.47,3517.08,3824023.4893
1790103600000,1090.47,1097.81,1090.35,1096.92,1847.38,2022341.8311
1790107200000,1096.92,1097.02,1091.19,1092.55,608.11,665211.9657
1790110800000,1092.55,1093.11,1090.53,1092.0,362.61,395900.6951
1790114400000,1092.0,1096.26,1091.86,1096.0,314.71,344477.0384
1790118000000,1096.0,1099.15,1094.06,1098.64,644.72,706858.453
1790121600000,1098.64,1099.23,1089.26,1089.97,924.47,1011911.1512
1790125200000,1089.97,1095.09,1088.08,1090.02,368.53,402330.0364
1790128800000,1090.02,1094.04,1087.66,1094.0,1033.45,1126756.1093
1790132400000,1094.0,1094.55,1091.61,1093.69,627.43,685928.6436
1790136000000,1093.69,1097.97,1092.93,1094.4,274.98,301454.2086
1790139600000,1094.4,1097.48,1092.6,1096.73,211.41,231518.0863
1790143200000,1096.73,1101.01,1096.46,1098.6,174.2,191436.1178
1790146800000,1098.6,1099.38,1097.13,1098.43,222.96,244855.7175
1790150400000,1098.43,1099.36,1090.66,1092.57,388.17,425321.7183
1790154000000,1092.57,1095.14,1091.95,1093.92,223.04,243908.9765
1790157600000,1093.92,1097.07,1093.35,1096.85,361.69,396066.2925
1790161200000,1096.85,1096.85,1082.67,1086.58,1033.52,1123137.433
1790164800000,1086.58,1092.45,1082.52,1090.56,845.9,920847.6038
1790168400000,1090.56,1106.24,1084.52,1091.21,6584.77,7211632.6605
1790172000000,1091.21,1093.59,1071.92,1080.9,3954.85,4268049.8465
1790175600000,1080.9,1083.51,1073.85,1077.16,846.93,913738.9731
1790179200000,1077.16,1077.67,1065.04,1066.44,3905.58,4190657.809
1790182800000,1066.44,1076.17,1064.27,1076.11,1529.59,1634062.5627
1790186400000,1076.11,1076.28,1071.41,1071.63,361.37,388164.9083
1790190000000,1071.63,1074.29,1067.25,1072.27,624.02,668696.5887
1790193600000,1072.27,1072.84,1069.8,1071.56,225.66,241680.8636
1790197200000,1071.56,1074.06,1071.49,1073.37,215.78,231351.2823
1790200800000,1073.37,1076.51,1073.36,1075.06,121.66,130793.3794
1790204400000,1075.06,1076.38,1073.19,1073.32,81.41,87482.2158
1790208000000,1073.32,1074.74,1066.17,1068.57,362.73,388797.1076
1790211600000,1068.57,1071.25,1067.54,1069.23,122.33,130857.671
1790215200000,1069.23,1070.47,1067.04,1069.53,167.73,179201.7754
1790218800000,1069.53,1069.53,1063.97,1064.62,110.69,117987.7128
1790222400000,1064.62,1065.08,1059.84,1063.71,331.37,351895.6912
1790226000000,1063.71,1066.52,1061.39,1061.39,212.78,226535.7688
1790229600000,1061.39,1061.89,1055.85,1055.97,187.75,198879.0028
1790233200000,1055.97,1063.81,1055.29,1060.9,371.06,392991.8956
1790236800000,1060.9,1063.19,1040.5,1045.45,1288.33,1351254.1427
1790240400000,1045.45,1046.5,1041.66,1045.49,461.75,482104.3352
1790244000000,1045.49,1049.59,1042.5,1048.75,538.09,562662.9954
1790247600000,1048.75,1057.28,1048.75,1053.66,775.16,816699.0197
1790251200000,1053.66,1057.65,1045.95,1048.75,1666.39,1752177.655
1790254800000,1048.75,1061.52,1045.15,1049.88,9487.1,9969290.8145
1790258400000,1049.88,1062.14,1049.32,1053.43,1469.3,1550044.1534
1790262000000,1053.43,1060.29,1050.69,1058.78,1660.0,1752270.2079
1790265600000,1058.78,1077.37,1054.52,1074.02,1992.67,2126060.8393
1790269200000,1074.02,1076.9,1067.14,1069.2,901.44,967048.5125
1790272800000,1069.2,1076.37,1063.85,1076.19,795.63,849792.4354
1790276400000,1076.19,1082.24,1070.71,1080.79,1450.35,1563275.889
1790280000000,1080.79,1082.25,1076.0,1078.97,367.1,395908.3114
1790283600000,1078.97,1080.46,1078.18,1079.15,183.17,197720.442
1790287200000,1079.15,1079.9,1077.08,1078.97,178.05,191945.1378
1790290800000,1078.97,1079.26,1076.21,1076.21,73.66,79379.8663
1790294400000,1076.21,1079.74,1074.65,1077.55,320.69,345238.387
1790298000000,1077.55,1088.0,1076.68,1084.98,477.42,518192.9478
1790301600000,1084.98,1086.65,1082.31,1085.11,319.87,346870.9339
1790305200000,1085.11,1087.08,1084.7,1086.67,167.54,181959.9183
1790308800000,1086.67,1087.15,1085.19,1085.86,131.86,143217.349
1790312400000,1085.86,1089.34,1085.77,1088.98,776.89,845126.869
1790316000000,1088.98,1092.42,1088.87,1090.22,150.07,163646.7241
1790319600000,1090.22,1092.98,1089.79,1092.87,310.59,338866.5601
1790323200000,1092.87,1098.62,1090.93,1098.54,403.1,441674.2166
1790326800000,1098.54,1100.24,1093.45,1094.06,443.56,486945.3903
1790330400000,1094.06,1095.86,1092.39,1093.66,306.99,335812.9959
1790334000000,1093.66,1096.85,1091.46,1094.42,253.21,277252.396
1790337600000,1094.42,1096.38,1091.21,1091.92,461.34,504298.0795
1790341200000,1091.92,1109.0,1086.25,1091.5,5851.98,6422281.0543
1790344800000,1091.5,1093.95,1075.56,1085.57,3126.92,3383752.3674
1790348400000,1085.57,1087.7,1073.69,1078.69,1081.64,1168672.4114
1790352000000,1078.69,1083.66,1077.69,1081.48,803.15,867755.5122
1790355600000,1081.48,1085.49,1081.2,1082.7,569.85,617077.0596
1790359200000,1082.7,1086.33,1081.92,1083.57,185.18,200738.1249
1790362800000,1083.57,1086.92,1081.0,1083.04,430.31,466370.282
1790366400000,1083.04,1084.2,1082.34,1083.46,81.91,88733.7834
1790370000000,1083.46,1086.88,1082.35,1084.76,352.37,382038.6544
1790373600000,1084.76,1085.76,1084.74,1085.53,38.04,41282.2717
1790377200000,1085.53,1087.43,1085.42,1085.79,62.12,67488.7148
1790380800000,1085.79,1085.79,1078.22,1080.93,291.29,315086.8355
1790384400000,1080.93,1082.59,1080.58,1082.59,59.98,64871.0993
1790388000000,1082.59,1083.0,1081.77,1082.66,29.52,31957.9451
1790391600000,1082.66,1082.66,1080.44,1081.08,71.3,77087.7142
1790395200000,1081.08,1083.19,1080.19,1082.65,107.63,116377.9723
1790398800000,1082.65,1083.27,1081.05,1081.58,74.69,80792.6246
1790402400000,1081.58,1081.71,1080.49,1080.93,28.15,30429.0994
1790406000000,1080.93,1082.44,1080.25,1081.44,55.84,60387.194
1790409600000,1081.44,1082.38,1080.96,1081.62,18.61,20131.2426
1790413200000,1081.62,1082.4,1080.94,1081.38,29.56,31967.1762
1790416800000,1081.38,1082.16,1081.38,1082.0,32.51,35170.49
1790420400000,1082.0,1083.25,1081.76,1082.43,51.98,56261.4848
1790424000000,1082.43,1083.66,1082.41,1083.01,33.06,35812.6283
1790427600000,1083.01,1083.98,1082.6,1083.97,104.03,112683.5233
1790431200000,1083.97,1087.62,1083.29,1087.14,97.38,105749.3746
1790434800000,1087.14,1087.69,1085.1,1087.18,153.91,167259.339
1790438400000,1087.18,1087.97,1085.98,1085.98,75.35,81902.5691
1790442000000,1085.98,1086.05,1084.72,1084.72,88.3,95823.0378
1790445600000,1084.72,1084.72,1083.65,1084.32,65.04,70520.0895
1790449200000,1084.32,1085.06,1083.62,1085.06,23.79,25786.5014
1790452800000,1085.06,1085.71,1083.69,1084.92,36.64,39740.3413
1790456400000,1084.92,1087.79,1084.76,1087.51,202.01,219575.7808
1790460000000,1087.51,1087.98,1086.6,1086.77,92.33,100393.544
1790463600000,1086.77,1088.76,1086.66,1088.76,60.1,65337.6214
1790467200000,1088.76,1091.21,1088.66,1090.31,265.72,289756.625
1790470800000,1090.31,1090.31,1087.29,1088.09,145.46,158317.7463
1790474400000,1088.09,1090.86,1087.88,1090.17,126.25,137591.1332
1790478000000,1090.17,1090.94,1089.28,1090.12,45.26,49327.5468
1790481600000,1090.12,1091.06,1089.33,1089.45,91.39,99624.6857
1790485200000,1089.45,1091.6,1089.45,1091.26,72.95,79584.4552
1790488800000,1091.26,1092.09,1090.16,1090.96,91.11,99424.7522
1790492400000,1090.96,1093.91,1090.7,1093.78,142.38,155564.1445
1790496000000,1093.78,1093.9,1090.19,1090.82,224.39,245036.5208
1790499600000,1090.82,1093.99,1090.69,1093.61,174.05,190179.2139
1790503200000,1093.61,1093.66,1092.92,1093.02,85.23,93184.768
1790506800000,1093.02,1093.99,1092.95,1093.48,41.23,45082.5167
1790510400000,1093.48,1094.11,1093.39,1093.46,50.96,55736.4409
1790514000000,1093.46,1093.46,1089.29,1092.15,309.16,337418.9988
1790517600000,1092.15,1092.7,1090.39,1092.02,79.53,86808.3668
1790521200000,1092.02,1093.4,1090.28,1093.12,177.12,193477.2251
1790524800000,1093.12,1097.97,1093.12,1097.81,399.26,437761.1073
1790528400000,1097.81,1101.15,1097.26,1100.82,295.79,325199.0799
1790532000000,1100.82,1100.87,1096.24,1097.52,364.28,399892.0677
1790535600000,1097.52,1097.93,1096.67,1096.67,121.73,133578.844
1790539200000,1096.67,1096.85,1094.75,1095.55,389.92,427202.0352
1790542800000,1095.55,1097.86,1095.38,1095.59,141.0,154704.447
1790546400000,1095.59,1095.88,1088.9,1089.59,613.51,668926.4876
1790550000000,1089.59,1091.43,1088.6,1089.98,216.36,235938.018
1790553600000,1089.98,1090.92,1079.88,1079.88,652.45,708537.0482
1790557200000,1079.88,1080.06,1070.66,1071.05,711.29,764884.8337
1790560800000,1071.05,1073.95,1063.06,1064.07,476.29,508711.1862
1790564400000,1064.07,1069.0,1063.7,1064.91,528.56,563775.2757
1790568000000,1064.91,1069.64,1063.85,1067.19,91.3,97445.2077
1790571600000,1067.19,1067.65,1061.77,1062.92,473.44,504630.7666
1790575200000,1062.92,1064.23,1055.93,1063.69,343.46,363916.3565
1790578800000,1063.69,1063.69,1058.65,1059.77,279.26,296230.4546
1790582400000,1059.77,1062.6,1056.9,1057.61,621.32,658607.4245
1790586000000,1057.61,1061.0,1054.0,1059.95,536.25,567210.4288
1790589600000,1059.95,1061.2,1056.46,1060.37,400.78,424514.6114
1790593200000,1060.37,1065.74,1057.11,1065.65,648.16,688108.6989
1790596800000,1065.65,1074.71,1063.09,1073.95,1063.19,1135521.1925
1790600400000,1073.95,1085.49,1056.96,1060.15,6572.39,7052609.8021
1790604000000,1060.15,1060.7,1033.34,1041.17,2581.98,2697534.6012
1790607600000,1041.17,1046.76,1039.35,1045.79,1025.53,1068765.5003
1790611200000,1045.79,1059.31,1043.71,1054.83,1142.48,1204299.9713
1790614800000,1054.83,1060.85,1053.09,1057.43,1001.16,1058457.4709
1790618400000,1057.43,1057.84,1052.97,1057.1,675.67,713052.79
1790622000000,1057.1,1058.06,1052.48,1055.2,1005.24,1060298.9642
1790625600000,1055.2,1055.75,1052.87,1053.92,383.66,404373.9124
1790629200000,1053.92,1055.45,1053.67,1054.46,216.42,228195.8463
1790632800000,1054.46,1057.32,1053.24,1056.93,139.67,147481.0599
1790636400000,1056.93,1059.03,1056.26,1056.34,253.08,267641.9613
1790640000000,1056.34,1059.34,1050.19,1050.24,852.28,900421.4813
1790643600000,1050.24,1055.19,1043.06,1052.29,541.29,568732.8651
1790647200000,1052.29,1055.07,1049.03,1051.24,295.05,310199.5911
1790650800000,1051.24,1055.77,1048.1,1052.12,224.72,236423.4474
1790654400000,1052.12,1053.08,1050.66,1051.05,101.69,106957.9895
1790658000000,1051.05,1053.54,1046.81,1052.22,259.42,272519.893
1790661600000,1052.22,1071.05,1052.2,1068.74,573.49,609214.0645
1790665200000,1068.74,1075.86,1067.83,1072.13,519.69,557497.9311
1790668800000,1072.13,1076.68,1069.58,1070.83,914.97,981060.551
1790672400000,1070.83,1071.49,1066.86,1069.67,445.15,476146.7841
1790676000000,1069.67,1073.64,1069.44,1073.64,386.97,414457.7633
1790679600000,1073.64,1075.04,1069.93,1073.05,268.08,287383.6727
1790683200000,1073.05,1073.4,1067.38,1069.78,702.44,752085.1031
1790686800000,1069.78,1079.94,1058.78,1073.34,4398.51,4707661.5525
1790690400000,1073.34,1083.34,1070.07,1079.89,2305.2,2486053.7944
1790694000000,1079.89,1080.19,1064.15,1069.9,1113.14,1190961.2167
1790697600000,1069.9,1072.92,1065.4,1069.58,346.37,370533.0809
1790701200000,1069.58,1073.39,1068.34,1069.78,276.52,296026.7834
1790704800000,1069.78,1074.67,1069.78,1073.77,688.04,738213.2902
1790708400000,1073.77,1074.39,1065.69,1066.35,935.64,999300.1069
1790712000000,1066.35,1070.76,1066.29,1068.87,214.57,229253.7228
1790715600000,1068.87,1072.65,1068.87,1071.81,233.22,249744.2614
1790719200000,1071.81,1073.21,1071.37,1071.5,97.95,105024.8211
1790722800000,1071.5,1073.56,1071.39,1073.39,352.58,378211.6782
1790726400000,1073.39,1076.49,1070.08,1071.65,606.78,651671.7793
1790730000000,1071.65,1074.29,1070.6,1071.8,159.59,171065.5378
1790733600000,1071.8,1072.9,1068.02,1070.57,304.38,325741.8607
1790737200000,1070.57,1073.62,1070.0,1073.04,113.04,121134.0902
1790740800000,1073.04,1074.79,1071.71,1072.38,90.94,97617.1188
1790744400000,1072.38,1074.0,1068.75,1072.15,352.46,377679.5388
1790748000000,1072.15,1072.85,1068.94,1070.53,234.24,250805.3444
1790751600000,1070.53,1075.27,1070.27,1074.5,254.36,273028.1658
1790755200000,1074.5,1075.26,1069.59,1069.8,424.75,455313.9367
1790758800000,1069.8,1072.26,1068.39,1070.23,222.64,238224.8388
1790762400000,1070.23,1071.72,1068.91,1071.54,317.11,339329.1879
1790766000000,1071.54,1071.57,1065.45,1070.41,588.98,628706.3827
1790769600000,1070.41,1083.55,1066.01,1080.33,1409.05,1515842.6208
1790773200000,1080.33,1084.65,1065.98,1070.61,5044.77,5425969.818
1790776800000,1070.61,1078.21,1068.07,1077.34,1445.83,1553296.307
1790780400000,1077.34,1078.99,1071.9,1075.48,1664.76,1791006.1266
1790784000000,1075.48,1076.57,1072.08,1074.71,775.44,833162.0628
1790787600000,1074.71,1074.79,1068.07,1070.92,484.22,518462.0031
1790791200000,1070.92,1072.31,1065.85,1070.74,999.07,1068858.1144
1790794800000,1070.74,1074.68,1063.7,1069.44,1945.99,2080695.8006
1790798400000,1069.44,1089.69,1043.62,1075.46,28478.97,30465696.1891
1790802000000,1075.46,1076.52,1044.45,1059.1,6741.86,7130344.6251
1790805600000,1059.1,1070.28,1057.33,1067.38,1504.44,1600431.9657
1790809200000,1067.38,1070.32,1065.59,1069.61,516.19,551462.2489
1790812800000,1069.61,1072.29,1061.99,1068.99,1098.64,1172928.3541
1790816400000,1068.99,1069.54,1064.15,1065.1,690.73,737047.3814
1790820000000,1065.1,1068.87,1064.91,1065.58,819.27,873911.5943
1790823600000,1065.58,1071.48,1064.5,1070.52,672.32,718507.9604
1790827200000,1070.52,1073.12,1069.07,1072.35,858.51,919725.2263
1790830800000,1072.35,1079.92,1072.27,1079.01,1836.54,1978913.2057
1790834400000,1079.01,1082.38,1074.9,1077.33,1736.71,1874233.4333
1790838000000,1077.33,1079.1,1068.68,1072.62,2265.42,2431447.3973
1790841600000,1072.62,1075.39,1053.42,1061.89,3280.23,3484364.7629
1790845200000,1061.89,1066.63,1060.77,1064.0,1037.62,1103632.2193
1790848800000,1064.0,1072.33,1057.16,1072.08,1937.97,2059895.3869
1790852400000,1072.08,1072.08,1053.98,1059.95,1610.48,1707649.2425
1790856000000,1059.95,1062.45,1054.63,1054.9,966.56,1022236.5763
1790859600000,1054.9,1075.97,1037.24,1045.39,18297.29,19343533.719
1790863200000,1045.39,1052.37,1024.37,1044.47,6179.82,6420878.7571
1790866800000,1044.47,1057.14,1038.68,1050.37,3417.74,3583660.4163
1790870400000,1050.37,1064.59,1044.15,1062.02,2450.06,2585723.6738
1790874000000,1062.02,1095.32,1060.5,1092.53,5691.36,6159906.2245
1790877600000,1092.53,1093.26,1069.81,1090.86,4758.32,5142037.2579
1790881200000,1090.86,1099.11,1083.95,1098.12,3840.95,4196923.8533
1790884800000,1098.12,1098.87,1090.6,1091.25,1718.91,1879991.5681
1790888400000,1091.25,1092.86,1087.95,1089.41,440.51,480197.2385
1790892000000,1089.41,1091.92,1088.62,1091.19,435.38,474705.9112
1790895600000,1091.19,1093.92,1091.07,1091.3,586.73,641086.4001
1790899200000,1091.3,1096.71,1089.02,1093.85,550.5,601170.0115
1790902800000,1093.85,1093.86,1086.63,1092.3,561.41,611889.7975
1790906400000,1092.3,1093.22,1090.0,1091.3,596.57,650936.9599
1790910000000,1091.3,1093.73,1090.14,1091.38,591.19,645365.8521
1790913600000,1091.38,1095.19,1091.27,1095.12,217.98,238420.8316
1790917200000,1095.12,1095.99,1090.81,1091.45,347.11,379114.283
1790920800000,1091.45,1094.78,1091.07,1094.57,436.97,477486.6832
1790924400000,1094.57,1097.32,1092.99,1096.61,415.67,455477.254
1790928000000,1096.61,1109.72,1094.35,1108.97,2601.35,2874026.8249
1790931600000,1108.97,1114.73,1105.69,1113.82,1991.18,2208297.3495
1790935200000,1113.82,1114.03,1103.68,1104.82,2012.28,2230394.334
1790938800000,1104.82,1106.72,1091.52,1096.97,3547.05,3895558.9251
1790942400000,1096.97,1111.96,1093.53,1111.56,3063.59,3382721.5511
1790946000000,1111.56,1113.5,1083.68,1089.51,13444.32,14753974.1296
1790949600000,1089.51,1098.76,1080.17,1083.83,4385.66,4785623.347
1790953200000,1083.83,1086.28,1074.08,1081.44,2252.26,2429939.6436
1790956800000,1081.44,1085.47,1077.77,1079.36,538.17,582392.5062
1790960400000,1079.36,1083.03,1078.29,1079.43,679.62,734044.3725
1790964000000,1079.43,1079.44,1072.42,1076.8,995.96,1071703.3852
1790967600000,1076.8,1078.0,1073.13,1075.62,1191.51,1281668.5106
1790971200000,1075.62,1076.81,1072.95,1073.31,677.45,728033.5374
1790974800000,1073.31,1073.76,1071.97,1072.7,293.51,314915.0295
1790978400000,1072.7,1072.81,1069.37,1071.03,843.74,903019.9528
1790982000000,1071.03,1072.12,1070.24,1070.31,3186.54,3415540.3358
1790985600000,1070.31,1072.68,1069.2,1069.91,811.11,868622.0961
1790989200000,1069.91,1070.25,1066.27,1067.23,326.89,349061.6208
1790992800000,1067.23,1069.25,1066.75,1068.44,158.94,169814.1776
1790996400000,1068.44,1068.55,1067.75,1067.92,96.42,102987.1634
1791000000000,1067.92,1068.64,1067.46,1068.39,151.74,162038.891
1791003600000,1068.39,1068.46,1067.55,1067.6,106.49,113750.8587
1791007200000,1067.6,1069.27,1066.8,1068.75,306.29,326922.5259
1791010800000,1068.75,1070.2,1067.84,1068.86,648.21,693283.1803
1791014400000,1068.86,1069.46,1068.3,1069.03,141.58,151331.3695
1791018000000,1069.03,1071.26,1068.75,1071.26,170.53,182483.9942
1791021600000,1071.26,1072.44,1071.06,1071.11,2525.69,2707074.1111
1791025200000,1071.11,1071.12,1070.05,1070.1,83.67,89568.587
1791028800000,1070.1,1070.8,1069.57,1069.98,142.04,152010.7575
1791032400000,1069.98,1070.71,1069.71,1070.0,973.53,1042102.5524
1791036000000,1070.0,1070.88,1069.84,1070.87,111.24,119037.5903
1791039600000,1070.87,1072.16,1069.99,1071.33,910.32,974197.4873
1791043200000,1071.33,1072.12,1070.64,1071.48,65.14,69790.9837
1791046800000,1071.48,1073.3,1071.36,1072.36,64.82,69507.0637
1791050400000,1072.36,1072.77,1070.95,1070.98,153.28,164273.3888
1791054000000,1070.98,1071.81,1070.93,1071.2,67.96,72808.0907
1791057600000,1071.2,1071.96,1070.93,1070.93,95.08,101850.5461
1791061200000,1070.93,1071.61,1070.46,1070.84,255.99,274148.1708
1791064800000,1070.84,1071.15,1070.11,1070.52,671.56,718926.2611
1791068400000,1070.52,1071.42,1070.0,1070.0,6240.87,6680594.7586
1791072000000,1070.0,1070.01,1067.68,1067.68,153.57,164170.8518
1791075600000,1067.68,1067.81,1066.65,1067.2,108.89,116204.0431
1791079200000,1067.2,1068.07,1066.63,1067.36,80.77,86190.7546
1791082800000,1067.36,1067.39,1066.58,1067.18,168.04,179279.8937
1791086400000,1067.18,1068.42,1065.39,1068.27,218.68,233260.3196
1791090000000,1068.27,1068.42,1066.63,1066.88,85.68,91470.2251
1791093600000,1066.88,1067.42,1066.53,1067.29,175.64,187401.8615
1791097200000,1067.29,1067.7,1066.71,1067.24,43.38,46287.6518
1791100800000,1067.24,1069.0,1067.24,1068.29,119.06,127200.6269
1791104400000,1068.29,1068.84,1067.87,1068.74,72.7,77665.5528
1791108000000,1068.74,1069.55,1067.69,1068.42,35.44,37874.2929
1791111600000,1068.42,1069.99,1068.42,1069.17,91.77,98147.0875
1791115200000,1069.17,1069.85,1069.09,1069.69,71.51,76484.0398
1791118800000,1069.69,1070.08,1069.22,1069.91,127.85,136777.979
1791122400000,1069.91,1070.2,1069.1,1069.37,78.42,83883.6867
1791126000000,1069.37,1070.2,1067.23,1067.6,69.67,74441.4506
1791129600000,1067.6,1068.34,1066.88,1068.33,113.29,120922.2152
1791133200000,1068.33,1068.33,1066.85,1067.18,55.25,58980.5655
1791136800000,1067.18,1067.86,1066.51,1066.51,99.96,106692.7785
1791140400000,1066.51,1067.19,1066.32,1066.85,46.0,49064.9998
1791144000000,1066.85,1067.95,1066.74,1067.89,31.5,33619.7566
1791147600000,1067.89,1068.74,1067.5,1068.38,31.24,33370.9113
1791151200000,1068.38,1075.14,1068.38,1075.07,206.53,221270.9839
1791154800000,1075.07,1077.82,1074.36,1076.74,272.42,293213.748
1791158400000,1076.74,1081.87,1075.66,1079.75,886.98,957063.853
1791162000000,1079.75,1081.47,1079.19,1080.29,121.15,130919.057
1791165600000,1080.29,1080.84,1077.86,1078.3,377.38,407241.6814
1791169200000,1078.3,1080.44,1075.65,1077.79,216.81,233799.3996
1791172800000,1077.79,1078.69,1074.86,1077.49,155.95,168036.8383
1791176400000,1077.49,1079.01,1076.32,1079.01,137.47,148146.0
1791180000000,1079.01,1080.99,1077.57,1079.78,178.34,192490.5072
1791183600000,1079.78,1081.44,1079.0,1080.96,141.88,153254.2759
1791187200000,1080.96,1081.38,1071.4,1072.61,854.35,920121.5608
1791190800000,1072.61,1073.4,1070.07,1072.85,283.53,303987.8922
1791194400000,1072.85,1074.01,1070.62,1073.45,377.62,404926.5949
1791198000000,1073.45,1073.51,1067.3,1071.16,356.53,381488.9715
