timestamp,open,high,low,close,volume,turnover
1780113600000,0.04937,0.04944,0.04846,0.04915,646912,31588.97432
1780117200000,0.04915,0.04952,0.04894,0.04942,544688,26853.46141
1780120800000,0.04942,0.04948,0.0491,0.04913,85480,4216.36162
1780124400000,0.04913,0.04919,0.04903,0.04919,112208,5512.98285
1780128000000,0.04919,0.04925,0.04904,0.04907,69704,3425.44134
1780131600000,0.04907,0.04924,0.04899,0.0491,178444,8766.64024
1780135200000,0.0491,0.04926,0.04905,0.04905,109550,5386.85336
1780138800000,0.04905,0.04908,0.04889,0.04903,53016,2597.4777
1780142400000,0.04903,0.04914,0.04884,0.04897,439778,21564.40777
1780146000000,0.04897,0.04921,0.04874,0.04901,223499,10954.32097
1780149600000,0.04901,0.04924,0.04896,0.04914,200119,9823.72502
1780153200000,0.04914,0.04926,0.04895,0.04916,218932,10764.29174
1780156800000,0.04916,0.04944,0.04908,0.04944,141969,7001.89119
1780160400000,0.04944,0.04968,0.04932,0.04951,207308,10260.98665
1780164000000,0.04951,0.04976,0.04943,0.04974,142715,7078.73714
1780167600000,0.04974,0.04977,0.04941,0.04952,110275,5469.91412
1780171200000,0.04952,0.0497,0.04952,0.04963,81001,4019.41577
1780174800000,0.04963,0.04966,0.04944,0.04947,169841,8409.43087
1780178400000,0.04947,0.04947,0.04869,0.04894,256797,12590.67575
1780182000000,0.04894,0.04916,0.04875,0.04906,97909,4791.39619
1780185600000,0.04906,0.04934,0.0489,0.04924,104908,5157.8407
1780189200000,0.04924,0.04949,0.04916,0.04937,116714,5754.83295
1780192800000,0.04937,0.04977,0.04916,0.04936,202604,10012.42997
1780196400000,0.04936,0.04936,0.04907,0.04923,198956,9793.95596
1780200000000,0.04923,0.04942,0.04913,0.04938,110284,5434.71236
1780203600000,0.04938,0.04938,0.04907,0.0492,116924,5753.11085
1780207200000,0.0492,0.04957,0.04907,0.04957,93563,4613.06291
1780210800000,0.04957,0.04957,0.04881,0.04894,366656,17979.73663
1780214400000,0.04894,0.04979,0.04894,0.04938,335023,16568.34508
1780218000000,0.04938,0.04984,0.0492,0.04927,258460,12798.16918
1780221600000,0.04927,0.04928,0.04894,0.04916,229515,11269.50304
1780225200000,0.04916,0.0494,0.04916,0.04929,131603,6486.13733
1780228800000,0.04929,0.04971,0.04911,0.04966,227872,11278.99634
1780232400000,0.04966,0.04966,0.04922,0.04928,79333,3928.44364
1780236000000,0.04928,0.04928,0.04818,0.04826,434387,21119.21297
1780239600000,0.04826,0.04879,0.04826,0.04839,352794,17136.38245
1780243200000,0.04839,0.0487,0.04795,0.04816,630033,30414.06332
1780246800000,0.04816,0.04875,0.04804,0.04869,185882,8982.67086
1780250400000,0.04869,0.04869,0.04837,0.04855,89067,4320.69701
1780254000000,0.04855,0.04857,0.04813,0.0484,63273,3057.00578
1780257600000,0.0484,0.04886,0.0484,0.04882,219329,10663.25728
1780261200000,0.04882,0.04945,0.04869,0.04944,192388,9457.2669
1780264800000,0.04944,0.04957,0.04909,0.04947,186471,9215.19736
1780268400000,0.04947,0.04972,0.04906,0.04943,131913,6511.6949
1780272000000,0.04943,0.05004,0.0493,0.04985,353098,17560.40994
1780275600000,0.04985,0.04995,0.04929,0.04937,385427,19115.70007
1780279200000,0.04937,0.05042,0.04916,0.05037,372480,18602.59581
1780282800000,0.05037,0.0507,0.05023,0.05033,537403,27107.99014
1780286400000,0.05033,0.05048,0.04936,0.04968,262302,13046.11612
1780290000000,0.04968,0.04971,0.04899,0.04907,415191,20504.79889
1780293600000,0.04907,0.0492,0.04836,0.04873,450275,21937.44986
1780297200000,0.04873,0.04893,0.04821,0.04826,412991,20076.01803
1780300800000,0.04826,0.04851,0.04803,0.04837,454742,21976.70012
1780304400000,0.04837,0.04906,0.04837,0.04866,571456,27841.15443
1780308000000,0.04866,0.04867,0.04826,0.0485,267031,12936.82907
1780311600000,0.0485,0.04869,0.0481,0.04823,315295,15289.22224
1780315200000,0.04823,0.04874,0.04773,0.04845,495085,23879.29945
1780318800000,0.04845,0.04863,0.04771,0.04812,905759,43662.17667
1780322400000,0.04812,0.04832,0.04765,0.0481,687836,33001.52678
1780326000000,0.0481,0.04865,0.04782,0.04843,522426,25174.42587
1780329600000,0.04843,0.04956,0.04818,0.0494,934849,45713.19538
1780333200000,0.0494,0.05007,0.04931,0.04988,479993,23894.07311
1780336800000,0.04988,0.04994,0.0495,0.0495,324877,16143.50188
1780340400000,0.0495,0.04985,0.04939,0.04969,159483,7918.97499
1780344000000,0.04969,0.0498,0.04931,0.04932,320130,15860.66218
1780347600000,0.04932,0.04954,0.04903,0.04924,203433,10018.10144
1780351200000,0.04924,0.04983,0.04892,0.04978,333285,16474.22493
1780354800000,0.04978,0.05004,0.04951,0.04963,423663,21098.92764
1780358400000,0.04963,0.0498,0.0492,0.04943,313824,15516.58794
1780362000000,0.04943,0.0497,0.04869,0.04869,556733,27403.99821
1780365600000,0.04869,0.04934,0.04808,0.04932,310052,15090.45343
1780369200000,0.04932,0.04959,0.04913,0.04951,578241,28523.86246
1780372800000,0.04951,0.04973,0.0489,0.04894,1217516,60246.36596
1780376400000,0.04894,0.04915,0.04831,0.04832,589100,28710.64898
1780380000000,0.04832,0.04868,0.04826,0.04832,267935,12987.35654
1780383600000,0.04832,0.04848,0.04793,0.04821,313661,15124.50564
1780387200000,0.04821,0.04833,0.04799,0.04808,129033,6211.45406
1780390800000,0.04808,0.0481,0.04751,0.04754,177796,8486.07873
1780394400000,0.04754,0.04836,0.04739,0.04835,231745,11124.17104
1780398000000,0.04835,0.0484,0.04793,0.04823,203051,9792.93456
1780401600000,0.04823,0.04839,0.04806,0.04831,194435,9377.13155
1780405200000,0.04831,0.04867,0.04824,0.04838,519652,25163.45616
1780408800000,0.04838,0.04846,0.04656,0.04712,1428777,67515.16421
1780412400000,0.04712,0.04725,0.04533,0.04609,2635802,121394.95976
1780416000000,0.04609,0.04707,0.04575,0.04642,711646,32943.41551
1780419600000,0.04642,0.04707,0.04642,0.04672,224420,10489.66267
1780423200000,0.04672,0.04699,0.04598,0.04625,281241,13077.39015
1780426800000,0.04625,0.04632,0.04494,0.04601,1361322,62003.69101
1780430400000,0.04601,0.04656,0.04564,0.04635,324357,14942.20708
1780434000000,0.04635,0.04671,0.04612,0.04639,341387,15840.96338
1780437600000,0.04639,0.0464,0.04493,0.04507,1002217,45718.64643
1780441200000,0.04507,0.04543,0.0443,0.04531,1133916,50792.71961
1780444800000,0.04531,0.04595,0.04531,0.04574,620088,28313.76069
1780448400000,0.04574,0.04582,0.04513,0.04551,264884,12027.63239
1780452000000,0.04551,0.04555,0.04514,0.04541,138798,6290.41324
1780455600000,0.04541,0.0455,0.0441,0.04446,659309,29491.65718
1780459200000,0.04446,0.04591,0.04442,0.04588,325159,14725.41041
1780462800000,0.04588,0.04703,0.04588,0.04682,600024,28032.29573
1780466400000,0.04682,0.04743,0.04679,0.04696,753636,35524.11752
1780470000000,0.04696,0.04743,0.0469,0.04721,203369,9616.14813
1780473600000,0.04721,0.04728,0.04692,0.04717,233833,11013.97335
1780477200000,0.04717,0.04726,0.04664,0.04707,546294,25657.75774
1780480800000,0.04707,0.04788,0.04704,0.04781,1108980,52949.10586
1780484400000,0.04781,0.04803,0.04708,0.04728,1162095,55087.86641
1780488000000,0.04728,0.04736,0.0469,0.04724,621725,29285.89112
1780491600000,0.04724,0.04762,0.04703,0.0475,474049,22416.98643
1780495200000,0.0475,0.04761,0.04679,0.04726,422761,19953.94333
1780498800000,0.04726,0.04752,0.04678,0.04689,368913,17361.99425
1780502400000,0.04689,0.04698,0.04588,0.04676,803826,37308.30628
1780506000000,0.04676,0.04705,0.04618,0.04667,282711,13175.21424
1780509600000,0.04667,0.04685,0.04629,0.04676,279299,13011.35495
1780513200000,0.04676,0.0469,0.04574,0.04589,599317,27697.29134
1780516800000,0.04589,0.04633,0.04494,0.0451,684793,31224.46514
1780520400000,0.0451,0.04685,0.04503,0.04685,609485,28023.93858
1780524000000,0.04685,0.0469,0.04602,0.04626,648407,30058.22726
1780527600000,0.04626,0.04627,0.04564,0.0457,304609,13970.26527
1780531200000,0.0457,0.04609,0.04471,0.04502,879399,39845.74525
1780534800000,0.04502,0.04524,0.04309,0.04314,1402975,61588.27449
1780538400000,0.04314,0.04353,0.0411,0.04326,3205155,135098.44861
1780542000000,0.04326,0.04447,0.04326,0.04412,952448,41938.92724
1780545600000,0.04412,0.04432,0.04335,0.04341,287175,12617.86519
1780549200000,0.04341,0.04357,0.04281,0.04326,339198,14634.46047
1780552800000,0.04326,0.04378,0.04316,0.04336,564050,24497.32907
1780556400000,0.04336,0.04339,0.04253,0.04255,915407,39160.55933
1780560000000,0.04255,0.04292,0.04211,0.04268,275019,11711.29021
1780563600000,0.04268,0.04268,0.04112,0.04171,789549,32930.37728
1780567200000,0.04171,0.04186,0.04107,0.0412,614300,25458.74805
1780570800000,0.0412,0.04156,0.0409,0.04155,554841,22890.43887
1780574400000,0.04155,0.04274,0.04128,0.04271,555199,23440.95825
1780578000000,0.04271,0.04314,0.04201,0.04314,525943,22425.78337
1780581600000,0.04314,0.04343,0.04288,0.04302,578101,24974.00053
1780585200000,0.04302,0.04358,0.04289,0.04321,497201,21530.8431
1780588800000,0.04321,0.04331,0.04277,0.04319,202422,8709.77445
1780592400000,0.04319,0.04331,0.0424,0.04292,391968,16779.57198
1780596000000,0.04292,0.04349,0.04243,0.04331,341866,14730.2119
1780599600000,0.04331,0.04349,0.04278,0.04288,445113,19250.52325
1780603200000,0.04288,0.04289,0.0424,0.04256,202562,8619.13153
1780606800000,0.04256,0.04282,0.04149,0.04155,202561,8521.85662
1780610400000,0.04155,0.04207,0.04134,0.04197,411130,17122.59415
1780614000000,0.04197,0.04224,0.04159,0.04219,203934,8558.08493
1780617600000,0.04219,0.04219,0.04151,0.04151,488499,20438.67896
1780621200000,0.04151,0.04189,0.04111,0.04168,522021,21656.5486
1780624800000,0.04168,0.04168,0.04042,0.04052,1092681,44710.3496
1780628400000,0.04052,0.04102,0.04019,0.04045,585150,23755.10822
1780632000000,0.04045,0.04136,0.0401,0.04133,759342,30975.13397
1780635600000,0.04133,0.04137,0.0397,0.03975,1161311,46854.78808
1780639200000,0.03975,0.03995,0.03778,0.0389,2389215,92495.44308
1780642800000,0.0389,0.03951,0.03809,0.03941,1250077,48476.91161
1780646400000,0.03941,0.03943,0.03853,0.03862,485989,18971.59861
1780650000000,0.03862,0.03965,0.03862,0.03954,1403767,55219.32695
1780653600000,0.03954,0.03964,0.03893,0.03917,300133,11797.96045
1780657200000,0.03917,0.03949,0.03883,0.03891,524387,20518.11999
1780660800000,0.03891,0.03913,0.03839,0.03868,548892,21276.81702
1780664400000,0.03868,0.03941,0.03783,0.03784,641027,24719.19235
1780668000000,0.03784,0.03874,0.03777,0.03844,1141621,43812.90392
1780671600000,0.03844,0.0385,0.03732,0.03789,1200129,45552.14126
1780675200000,0.03789,0.0389,0.03713,0.03885,985416,37523.47776
1780678800000,0.03885,0.03904,0.03823,0.03837,283993,10944.30949
1780682400000,0.03837,0.03858,0.0369,0.03708,287181,10770.4697
1780686000000,0.03708,0.03793,0.03649,0.03767,667801,24763.74711
1780689600000,0.03767,0.03866,0.03724,0.03854,282887,10763.2116
1780693200000,0.03854,0.0392,0.03849,0.03901,117270,4548.38524
1780696800000,0.03901,0.03901,0.03836,0.0385,308033,11888.86925
1780700400000,0.0385,0.03865,0.03745,0.03813,386790,14675.68636
1780704000000,0.03813,0.03856,0.03813,0.03837,326672,12534.43876
1780707600000,0.03837,0.0385,0.03796,0.03801,239909,9163.94176
1780711200000,0.03801,0.03807,0.03756,0.03759,258371,9781.7205
1780714800000,0.03759,0.03759,0.03702,0.03717,399006,14904.09793
1780718400000,0.03717,0.03729,0.0348,0.03582,1715655,61626.4869
1780722000000,0.03582,0.03716,0.03532,0.03715,990751,35951.89712
1780725600000,0.03715,0.03755,0.03705,0.03708,297438,11096.13653
1780729200000,0.03708,0.03779,0.03699,0.03756,152990,5726.93049
1780732800000,0.03756,0.03851,0.03742,0.03844,295383,11191.93975
1780736400000,0.03844,0.0386,0.03781,0.0379,500189,19134.33388
1780740000000,0.0379,0.03792,0.03711,0.03747,498844,18647.87457
1780743600000,0.03747,0.03791,0.03744,0.03775,154733,5831.20306
1780747200000,0.03775,0.03834,0.03766,0.03822,154792,5875.43074
1780750800000,0.03822,0.03834,0.03798,0.03809,201454,7692.79078
1780754400000,0.03809,0.03846,0.03805,0.03806,98330,3764.8321
1780758000000,0.03806,0.0382,0.03759,0.038,90893,3448.77396
1780761600000,0.038,0.03825,0.03766,0.03795,335101,12692.97035
1780765200000,0.03795,0.03802,0.03737,0.03749,360538,13579.17104
1780768800000,0.03749,0.03788,0.03734,0.03773,180683,6799.51847
1780772400000,0.03773,0.03793,0.03758,0.03758,283703,10712.82076
1780776000000,0.03758,0.03777,0.03739,0.03767,207425,7804.17766
1780779600000,0.03767,0.03829,0.03767,0.03794,78101,2964.86904
1780783200000,0.03794,0.03812,0.03779,0.03791,160119,6072.74801
1780786800000,0.03791,0.03812,0.0378,0.03807,171772,6513.21057
1780790400000,0.03807,0.03869,0.03807,0.03835,258697,9926.97942
1780794000000,0.03835,0.03941,0.03828,0.0392,650772,25444.20177
1780797600000,0.0392,0.03922,0.03865,0.03881,277240,10783.77725
1780801200000,0.03881,0.03899,0.03867,0.03878,298813,11605.83949
1780804800000,0.03878,0.03885,0.03841,0.03881,144991,5588.10361
1780808400000,0.03881,0.03906,0.03862,0.03886,252284,9803.31885
1780812000000,0.03886,0.03926,0.03877,0.03899,88056,3435.61971
1780815600000,0.03899,0.03951,0.03894,0.03925,235132,9223.88216
1780819200000,0.03925,0.03984,0.03905,0.03983,157165,6183.97499
1780822800000,0.03983,0.04,0.03947,0.03949,200391,7966.16012
1780826400000,0.03949,0.03955,0.03898,0.039,171389,6722.7166
1780830000000,0.039,0.03933,0.03899,0.0392,152975,5986.27448
1780833600000,0.0392,0.03927,0.03826,0.03862,633609,24457.9079
1780837200000,0.03862,0.03876,0.03851,0.03864,241033,9314.57125
1780840800000,0.03864,0.03941,0.03862,0.03909,276630,10796.27269
1780844400000,0.03909,0.03915,0.03879,0.03892,112475,4386.637
1780848000000,0.03892,0.03905,0.03875,0.03894,124586,4847.48702
1780851600000,0.03894,0.0392,0.03878,0.03887,83689,3262.24112
1780855200000,0.03887,0.03906,0.03852,0.03853,193736,7528.53256
1780858800000,0.03853,0.03853,0.03784,0.03807,608182,23159.76128
1780862400000,0.03807,0.03872,0.03794,0.03868,269810,10405.02706
1780866000000,0.03868,0.03871,0.03833,0.03857,64858,2499.31237
1780869600000,0.03857,0.04064,0.03857,0.03935,1148284,45624.46541
1780873200000,0.03935,0.0397,0.03917,0.03945,766272,30165.16755
1780876800000,0.03945,0.04139,0.03945,0.04025,3941623,160047.78546
1780880400000,0.04025,0.04032,0.03938,0.04,751804,29829.37748
1780884000000,0.04,0.04004,0.03955,0.03964,118869,4729.5406
1780887600000,0.03964,0.03987,0.03951,0.03986,284884,11296.82547
1780891200000,0.03986,0.03987,0.03919,0.0392,248145,9759.10152
1780894800000,0.0392,0.03929,0.03889,0.03903,173701,6793.27222
1780898400000,0.03903,0.0395,0.03903,0.03928,111710,4394.9177
1780902000000,0.03928,0.03967,0.0391,0.0396,71641,2826.87465
1780905600000,0.0396,0.0396,0.03911,0.03921,108596,4280.03573
1780909200000,0.03921,0.03977,0.03919,0.03972,286131,11313.88361
1780912800000,0.03972,0.04002,0.03948,0.04002,188338,7480.70258
1780916400000,0.04002,0.04072,0.03985,0.04026,548453,22180.14272
1780920000000,0.04026,0.04055,0.03983,0.04047,251018,10072.38587
1780923600000,0.04047,0.04048,0.0401,0.04022,272668,10977.62713
1780927200000,0.04022,0.04055,0.04,0.0403,361810,14555.58316
1780930800000,0.0403,0.04074,0.04019,0.04019,208637,8447.87671
1780934400000,0.04019,0.04087,0.04019,0.0404,146157,5930.23911
1780938000000,0.0404,0.0406,0.04023,0.0406,120754,4882.03549
1780941600000,0.0406,0.04067,0.04037,0.04047,54022,2188.5345
1780945200000,0.04047,0.04055,0.04018,0.0402,150963,6100.13763
1780948800000,0.0402,0.04054,0.04002,0.04054,258145,10375.98022
1780952400000,0.04054,0.04092,0.04049,0.04055,195925,7976.02623
1780956000000,0.04055,0.04055,0.04002,0.04007,109098,4393.46311
1780959600000,0.04007,0.04017,0.03965,0.03983,149427,5957.50318
1780963200000,0.03983,0.03985,0.0388,0.03891,190926,7481.13053
1780966800000,0.03891,0.03941,0.03882,0.03903,419088,16393.322
1780970400000,0.03903,0.03914,0.0383,0.03853,481272,18607.29298
1780974000000,0.03853,0.03866,0.03829,0.03856,284511,10955.14629
1780977600000,0.03856,0.03943,0.03845,0.03928,496450,19297.14049
1780981200000,0.03928,0.03963,0.03912,0.03936,235855,9283.91269
1780984800000,0.03936,0.03947,0.03915,0.03915,321514,12645.31153
1780988400000,0.03915,0.03935,0.03891,0.03898,483597,18904.45022
1780992000000,0.03898,0.039,0.03862,0.03869,1168673,45396.78947
1780995600000,0.03869,0.03877,0.03828,0.03836,581253,22422.75037
1780999200000,0.03836,0.03867,0.03824,0.03866,298463,11457.29032
1781002800000,0.03866,0.03879,0.03842,0.03879,212772,8200.02549
1781006400000,0.03879,0.03912,0.0386,0.0389,336269,13079.98453
1781010000000,0.0389,0.03914,0.03855,0.03868,396529,15384.48816
1781013600000,0.03868,0.03873,0.03771,0.03815,790500,30087.95131
1781017200000,0.03815,0.03843,0.03771,0.03775,286609,10903.36974
1781020800000,0.03775,0.03794,0.03734,0.03786,1323449,49832.83736
1781024400000,0.03786,0.0387,0.03783,0.03836,492691,18902.41816
1781028000000,0.03836,0.03883,0.03827,0.03873,204199,7880.95077
1781031600000,0.03873,0.039,0.03863,0.03893,270432,10516.1334
1781035200000,0.03893,0.03912,0.03883,0.0389,176995,6893.86895
1781038800000,0.0389,0.03895,0.03837,0.03843,154951,5978.94456
1781042400000,0.03843,0.03867,0.0383,0.03831,224538,8653.72246
1781046000000,0.03831,0.03854,0.0382,0.03833,165156,6334.14476
1781049600000,0.03833,0.03854,0.03804,0.03851,100811,3865.70113
1781053200000,0.03851,0.0386,0.03803,0.03823,175014,6715.90807
1781056800000,0.03823,0.03828,0.03758,0.03774,181809,6886.44873
1781060400000,0.03774,0.03798,0.03766,0.03775,99840,3772.84238
1781064000000,0.03775,0.0382,0.03766,0.03766,145475,5501.8699
1781067600000,0.03766,0.0378,0.0375,0.03775,186870,7036.01272
1781071200000,0.03775,0.03845,0.03766,0.03844,241625,9203.38501
1781074800000,0.03844,0.03862,0.03828,0.03831,176236,6770.42342
1781078400000,0.03831,0.03833,0.03791,0.03791,131417,5009.36219
1781082000000,0.03791,0.03854,0.03767,0.03854,220801,8405.95233
1781085600000,0.03854,0.03854,0.03808,0.03813,385932,14766.46232
1781089200000,0.03813,0.03818,0.03743,0.03751,724991,27408.72012
1781092800000,0.03751,0.03877,0.03737,0.03848,412145,15734.95989
1781096400000,0.03848,0.03928,0.03838,0.03894,374711,14522.41867
1781100000000,0.03894,0.03913,0.03839,0.03851,230394,8913.28949
1781103600000,0.03851,0.03878,0.03813,0.03858,238371,9184.18206
1781107200000,0.03858,0.03875,0.03821,0.03837,160388,6173.87962
1781110800000,0.03837,0.03858,0.03786,0.03814,171954,6557.58369
1781114400000,0.03814,0.0382,0.03762,0.0382,274474,10399.08582
1781118000000,0.0382,0.03823,0.03758,0.03768,193802,7340.86123
1781121600000,0.03768,0.03779,0.03741,0.03756,156686,5894.80192
1781125200000,0.03756,0.03757,0.03678,0.03689,174301,6475.05066
1781128800000,0.03689,0.03736,0.0367,0.03702,314187,11607.9384
1781132400000,0.03702,0.03761,0.0369,0.03757,307270,11450.15948
1781136000000,0.03757,0.038,0.03756,0.03782,281886,10662.96315
1781139600000,0.03782,0.03833,0.0378,0.03827,145670,5543.93213
1781143200000,0.03827,0.0383,0.03792,0.03812,119542,4557.70393
1781146800000,0.03812,0.03882,0.0379,0.0387,271744,10474.5664
1781150400000,0.0387,0.03893,0.0385,0.03886,180721,6986.47736
1781154000000,0.03886,0.03893,0.03844,0.03844,102871,3984.69469
1781157600000,0.03844,0.03883,0.0384,0.03863,118460,4586.82965
1781161200000,0.03863,0.039,0.03861,0.039,131487,5095.76666
1781164800000,0.039,0.03921,0.03894,0.039,216242,8453.44815
1781168400000,0.039,0.0391,0.03877,0.03885,646098,25107.58386
1781172000000,0.03885,0.039,0.03882,0.03892,262033,10185.35121
1781175600000,0.03892,0.039,0.03872,0.03894,467345,18145.68646
1781179200000,0.03894,0.03894,0.03835,0.03874,470040,18136.75335
1781182800000,0.03874,0.03898,0.0385,0.03884,322521,12496.63113
1781186400000,0.03884,0.03902,0.03871,0.03887,260738,10128.09924
1781190000000,0.03887,0.03895,0.03851,0.03881,380691,14750.42132
1781193600000,0.03881,0.03904,0.03847,0.03847,281620,10915.14229
1781197200000,0.03847,0.03959,0.0383,0.03943,606151,23511.02718
1781200800000,0.03943,0.03986,0.03925,0.03933,520028,20516.44324
1781204400000,0.03933,0.03958,0.03919,0.03928,133900,5268.51441
1781208000000,0.03928,0.0394,0.0391,0.03924,86865,3409.46533
1781211600000,0.03924,0.03952,0.03922,0.03931,248568,9786.64002
1781215200000,0.03931,0.03943,0.03905,0.03907,166824,6539.50103
1781218800000,0.03907,0.03925,0.03891,0.03919,398318,15547.87036
1781222400000,0.03919,0.03985,0.0391,0.03958,883607,35036.68448
1781226000000,0.03958,0.03958,0.03913,0.03938,335741,13195.17926
1781229600000,0.03938,0.04026,0.03938,0.03953,1151855,45798.4235
1781233200000,0.03953,0.03954,0.03917,0.03922,463175,18195.51502
1781236800000,0.03922,0.03939,0.03906,0.03931,497383,19507.18344
1781240400000,0.03931,0.03932,0.03895,0.039,399054,15620.19097
1781244000000,0.039,0.03905,0.03865,0.03874,506014,19667.2823
1781247600000,0.03874,0.03924,0.03871,0.03911,379540,14804.78499
1781251200000,0.03911,0.04028,0.03911,0.03977,1014726,40273.11062
1781254800000,0.03977,0.03993,0.03962,0.03977,445883,17743.20045
1781258400000,0.03977,0.03986,0.03956,0.03965,147709,5862.63453
1781262000000,0.03965,0.03965,0.03927,0.03943,460811,18202.45655
1781265600000,0.03943,0.03958,0.03937,0.03953,343298,13552.62165
1781269200000,0.03953,0.03954,0.03898,0.03923,583470,22930.39292
1781272800000,0.03923,0.04008,0.03923,0.04001,329440,13075.54505
1781276400000,0.04001,0.04077,0.03955,0.03955,516386,20765.44975
1781280000000,0.03955,0.0402,0.03939,0.04002,852820,33991.0203
1781283600000,0.04002,0.04008,0.03964,0.03964,264698,10549.70041
1781287200000,0.03964,0.03967,0.03939,0.0395,96616,3816.9488
1781290800000,0.0395,0.03992,0.03948,0.03959,192757,7653.57695
1781294400000,0.03959,0.03971,0.03937,0.03945,58076,2299.79964
1781298000000,0.03945,0.03953,0.03912,0.03919,255447,10059.1189
1781301600000,0.03919,0.03938,0.03916,0.03935,271116,10642.61967
1781305200000,0.03935,0.03945,0.03913,0.03945,236029,9284.90793
1781308800000,0.03945,0.04063,0.03945,0.04043,1243106,50053.83429
1781312400000,0.04043,0.04175,0.04018,0.04034,4388498,179827.31848
1781316000000,0.04034,0.04083,0.04021,0.04039,714652,28898.79191
1781319600000,0.04039,0.04041,0.03995,0.04004,373208,14985.67654
1781323200000,0.04004,0.04027,0.03977,0.03977,446448,17853.62584
1781326800000,0.03977,0.03994,0.03966,0.03987,350247,13937.28135
1781330400000,0.03987,0.04031,0.03946,0.04027,290340,11554.09775
1781334000000,0.04027,0.04044,0.04015,0.04026,307541,12386.05111
1781337600000,0.04026,0.04044,0.0402,0.04025,126642,5101.66807
1781341200000,0.04025,0.04046,0.04015,0.04029,155327,6260.11533
1781344800000,0.04029,0.04032,0.04004,0.04008,164959,6623.90498
1781348400000,0.04008,0.04036,0.04004,0.04025,119047,4791.15883
1781352000000,0.04025,0.04028,0.04011,0.04024,203986,8202.75126
1781355600000,0.04024,0.04052,0.04012,0.04036,280474,11328.92434
1781359200000,0.04036,0.04054,0.04022,0.04042,105360,4254.906
1781362800000,0.04042,0.04075,0.04034,0.04049,759819,30807.22418
1781366400000,0.04049,0.04052,0.03998,0.04015,420295,16873.533
1781370000000,0.04015,0.04034,0.04002,0.04024,273636,11011.83752
1781373600000,0.04024,0.04034,0.04006,0.04014,136882,5514.34926
1781377200000,0.04014,0.04049,0.04005,0.04029,136117,5482.27552
1781380800000,0.04029,0.04038,0.04021,0.04028,146525,5901.25909
1781384400000,0.04028,0.0406,0.04001,0.04048,472674,19017.59531
1781388000000,0.04048,0.04053,0.04017,0.04019,80683,3256.77585
1781391600000,0.04019,0.04019,0.03997,0.04008,266900,10709.2231
1781395200000,0.04008,0.04017,0.03971,0.03986,470249,18742.68596
1781398800000,0.03986,0.04017,0.0398,0.03991,432294,17328.0367
1781402400000,0.03991,0.04001,0.03978,0.03981,258027,10304.92419
1781406000000,0.03981,0.03992,0.03964,0.03986,236596,9400.45152
1781409600000,0.03986,0.03986,0.03935,0.03942,380787,15109.28639
1781413200000,0.03942,0.03959,0.0392,0.03956,283229,11124.9833
1781416800000,0.03956,0.03984,0.03949,0.03952,332314,13173.64688
1781420400000,0.03952,0.03958,0.03928,0.03934,150045,5914.03353
1781424000000,0.03934,0.03984,0.03927,0.03953,186348,7378.85061
1781427600000,0.03953,0.03967,0.03935,0.03962,161963,6398.81123
1781431200000,0.03962,0.03963,0.03937,0.03937,96709,3824.61286
1781434800000,0.03937,0.03961,0.03936,0.03959,187710,7417.70127
1781438400000,0.03959,0.03983,0.03937,0.03939,198777,7850.9778
1781442000000,0.03939,0.03952,0.03905,0.0394,817150,32142.56008
1781445600000,0.0394,0.0394,0.03866,0.03918,712075,27753.14202
1781449200000,0.03918,0.03971,0.03916,0.03952,225280,8900.07701
1781452800000,0.03952,0.03976,0.03948,0.03965,184107,7296.38624
1781456400000,0.03965,0.0399,0.03951,0.03952,115928,4601.85626
1781460000000,0.03952,0.03957,0.03928,0.03941,60629,2391.19428
1781463600000,0.03941,0.03991,0.03939,0.03977,167890,6670.8002
1781467200000,0.03977,0.04017,0.03972,0.04011,173653,6943.86901
1781470800000,0.04011,0.04137,0.04,0.04105,716912,29346.51217
1781474400000,0.04105,0.04131,0.04062,0.04072,492058,20184.35303
1781478000000,0.04072,0.04135,0.04058,0.04115,349137,14334.32575
1781481600000,0.04115,0.04133,0.0409,0.04097,383368,15780.62748
1781485200000,0.04097,0.04116,0.04082,0.04102,189900,7767.5355
1781488800000,0.04102,0.04117,0.04096,0.041,160709,6596.77463
1781492400000,0.041,0.04124,0.04098,0.04104,294945,12131.39301
1781496000000,0.04104,0.04111,0.04077,0.04077,324570,13304.30948
1781499600000,0.04077,0.04095,0.04058,0.04079,446500,18196.02639
1781503200000,0.04079,0.04083,0.04069,0.04069,277793,11317.30728
1781506800000,0.04069,0.04077,0.04051,0.04052,271398,11038.52423
1781510400000,0.04052,0.04078,0.04048,0.04054,331596,13470.35295
1781514000000,0.04054,0.04067,0.04037,0.04048,305407,12379.55893
1781517600000,0.04048,0.04097,0.04048,0.04094,339967,13838.68144
1781521200000,0.04094,0.0413,0.04088,0.04123,1066918,43901.04241
1781524800000,0.04123,0.04164,0.04097,0.04138,405841,16711.85861
1781528400000,0.04138,0.04177,0.04128,0.04159,384268,15988.73852
1781532000000,0.04159,0.04159,0.0413,0.04139,201994,8363.484
1781535600000,0.04139,0.04167,0.04102,0.04165,454217,18714.00078
1781539200000,0.04165,0.04168,0.04133,0.04133,270020,11207.56938
1781542800000,0.04133,0.04134,0.04102,0.04122,217825,8970.16436
1781546400000,0.04122,0.04122,0.0409,0.0409,227202,9342.03681
1781550000000,0.0409,0.04103,0.04068,0.0407,693910,28324.94972
1781553600000,0.0407,0.04087,0.04051,0.04055,104561,4259.81899
1781557200000,0.04055,0.04073,0.04044,0.04068,138560,5628.95918
1781560800000,0.04068,0.04069,0.03995,0.04012,344795,13874.19471
1781564400000,0.04012,0.04038,0.04009,0.04037,180791,7271.14077
1781568000000,0.04037,0.04097,0.04023,0.04028,214248,8716.9224
1781571600000,0.04028,0.04051,0.04028,0.04034,146227,5904.4475
1781575200000,0.04034,0.0404,0.03968,0.03989,352079,14087.86105
1781578800000,0.03989,0.04001,0.03963,0.03986,424773,16915.44112
1781582400000,0.03986,0.03992,0.03953,0.03965,432876,17211.10982
1781586000000,0.03965,0.04011,0.03965,0.04006,180760,7217.89913
1781589600000,0.04006,0.04031,0.03999,0.04027,244949,9830.8632
1781593200000,0.04027,0.0404,0.04018,0.04021,199946,8054.50663
1781596800000,0.04021,0.04072,0.04021,0.0407,102356,4133.64619
1781600400000,0.0407,0.04072,0.04031,0.04043,182615,7397.76772
1781604000000,0.04043,0.04055,0.04027,0.04034,308878,12474.51953
1781607600000,0.04034,0.04049,0.04025,0.04035,421587,17033.21829
1781611200000,0.04035,0.04075,0.04027,0.04057,245860,9957.41498
1781614800000,0.04057,0.04057,0.0399,0.04017,448373,17988.31123
1781618400000,0.04017,0.04036,0.03929,0.0396,683897,27221.46321
1781622000000,0.0396,0.04007,0.03957,0.03997,408838,16270.71508
1781625600000,0.03997,0.04004,0.03972,0.03985,165167,6587.07141
1781629200000,0.03985,0.0403,0.03985,0.04028,253122,10132.59038
1781632800000,0.04028,0.04062,0.04028,0.04036,253590,10256.78969
1781636400000,0.04036,0.04039,0.04004,0.04009,103024,4151.40652
1781640000000,0.04009,0.04034,0.04004,0.04031,233194,9367.03211
1781643600000,0.04031,0.04031,0.03986,0.04,383715,15366.09321
1781647200000,0.04,0.04041,0.03996,0.04024,177446,7130.87469
1781650800000,0.04024,0.04033,0.04009,0.04023,111723,4493.71161
1781654400000,0.04023,0.04186,0.04023,0.0415,2149747,88336.52561
1781658000000,0.0415,0.04159,0.04059,0.04159,729521,29979.1553
1781661600000,0.04159,0.04167,0.04081,0.04092,275346,11359.53227
1781665200000,0.04092,0.04092,0.04031,0.04042,641555,26023.05934
1781668800000,0.04042,0.04055,0.04017,0.04029,228153,9200.43409
1781672400000,0.04029,0.0407,0.0402,0.04059,415607,16796.73859
1781676000000,0.04059,0.04063,0.04018,0.04036,281402,11383.83459
1781679600000,0.04036,0.0408,0.04023,0.04045,277984,11242.4622
1781683200000,0.04045,0.04094,0.04011,0.04028,412031,16708.3809
1781686800000,0.04028,0.04036,0.04003,0.04034,420053,16903.4985
1781690400000,0.04034,0.04063,0.04027,0.04035,281887,11408.11704
1781694000000,0.04035,0.04037,0.03982,0.03999,250425,10037.0541
1781697600000,0.03999,0.04039,0.03988,0.04039,364553,14610.872
1781701200000,0.04039,0.04043,0.0401,0.04021,276921,11167.35664
1781704800000,0.04021,0.04061,0.04012,0.04033,319174,12889.98935
1781708400000,0.04033,0.04096,0.0402,0.04092,187295,7597.1453
1781712000000,0.04092,0.04122,0.04069,0.04072,317955,13012.29963
1781715600000,0.04072,0.0409,0.04048,0.04087,194969,7925.33287
1781719200000,0.04087,0.0409,0.03975,0.04061,1196185,48271.853
1781722800000,0.04061,0.04066,0.03949,0.0397,796987,31774.17305
1781726400000,0.0397,0.04006,0.03967,0.04006,259379,10323.71712
1781730000000,0.04006,0.04008,0.03961,0.03979,180298,7205.21021
1781733600000,0.03979,0.03991,0.03931,0.03976,196039,7758.31628
1781737200000,0.03976,0.04015,0.03976,0.04001,160332,6413.7109
1781740800000,0.04001,0.04021,0.03991,0.03993,136376,5465.90427
1781744400000,0.03993,0.04012,0.03984,0.03989,227617,9106.18743
1781748000000,0.03989,0.04004,0.03971,0.03992,245327,9793.18975
1781751600000,0.03992,0.03992,0.03934,0.03955,234822,9292.9801
1781755200000,0.03955,0.03961,0.03905,0.03912,349753,13751.21823
1781758800000,0.03912,0.03922,0.03884,0.0392,274782,10726.33832
1781762400000,0.0392,0.03929,0.03908,0.03919,167503,6568.91547
1781766000000,0.03919,0.03957,0.03906,0.03942,151260,5948.34786
1781769600000,0.03942,0.03957,0.0393,0.03941,263486,10392.18736
1781773200000,0.03941,0.03952,0.03925,0.03933,287948,11343.41256
1781776800000,0.03933,0.03936,0.03912,0.03934,165841,6503.86804
1781780400000,0.03934,0.03936,0.03889,0.03897,88885,3472.51486
1781784000000,0.03897,0.03921,0.03891,0.03909,263896,10317.82802
1781787600000,0.03909,0.0392,0.03851,0.03871,335465,13042.47819
1781791200000,0.03871,0.03902,0.03853,0.03891,218709,8479.54268
1781794800000,0.03891,0.03891,0.03711,0.03723,961207,36454.46274
1781798400000,0.03723,0.03778,0.03714,0.03778,439932,16484.7271
1781802000000,0.03778,0.03778,0.0372,0.03752,300436,11252.05934
1781805600000,0.03752,0.03785,0.03747,0.0377,603880,22777.86838
1781809200000,0.0377,0.03801,0.03764,0.03796,201537,7627.51069
1781812800000,0.03796,0.03825,0.03794,0.03814,453342,17305.91073
1781816400000,0.03814,0.03816,0.03785,0.03802,172995,6576.967
1781820000000,0.03802,0.03806,0.03792,0.03803,187184,7105.60567
1781823600000,0.03803,0.03815,0.03784,0.03813,173021,6572.53239
1781827200000,0.03813,0.03817,0.03799,0.03808,211210,8048.69657
1781830800000,0.03808,0.0382,0.03791,0.03816,388912,14788.24117
1781834400000,0.03816,0.03822,0.03794,0.03809,105682,4021.59825
1781838000000,0.03809,0.03811,0.03726,0.03761,1053149,39618.76227
1781841600000,0.03761,0.03796,0.03724,0.0373,362547,13628.23395
1781845200000,0.0373,0.03762,0.0373,0.03762,113854,4265.64673
1781848800000,0.03762,0.03783,0.03755,0.03775,274033,10330.47707
1781852400000,0.03775,0.03775,0.03726,0.03739,320559,12028.0892
1781856000000,0.03739,0.0378,0.03739,0.03773,137247,5168.40678
1781859600000,0.03773,0.03778,0.03741,0.03745,215307,8077.56742
1781863200000,0.03745,0.03799,0.03744,0.03776,432568,16313.2806
1781866800000,0.03776,0.03781,0.03753,0.03753,274163,10329.89628
1781870400000,0.03753,0.0379,0.03729,0.03775,521630,19595.64805
1781874000000,0.03775,0.03812,0.03762,0.038,234000,8848.88487
1781877600000,0.038,0.03803,0.03777,0.03781,167221,6334.53835
1781881200000,0.03781,0.03791,0.03767,0.03784,308365,11644.6469
1781884800000,0.03784,0.03795,0.03761,0.03761,135841,5137.66029
1781888400000,0.03761,0.03784,0.03754,0.03778,172910,6514.43346
1781892000000,0.03778,0.0378,0.03751,0.03755,117859,4436.02171
1781895600000,0.03755,0.03776,0.03738,0.03756,462342,17365.29719
1781899200000,0.03756,0.03764,0.03744,0.03764,332812,12491.41308
1781902800000,0.03764,0.03768,0.03737,0.03745,138638,5198.65968
1781906400000,0.03745,0.03754,0.03726,0.03744,221465,8291.89559
1781910000000,0.03744,0.03768,0.03736,0.03768,229746,8614.0302
1781913600000,0.03768,0.03791,0.03752,0.03752,326425,12310.56691
1781917200000,0.03752,0.03756,0.03737,0.03743,155197,5814.91054
1781920800000,0.03743,0.03744,0.03715,0.0372,244471,9107.51735
1781924400000,0.0372,0.03742,0.03714,0.03727,91442,3410.93687
1781928000000,0.03727,0.03744,0.03724,0.03737,117815,4402.13949
1781931600000,0.03737,0.03771,0.03736,0.03754,180291,6767.4624
1781935200000,0.03754,0.03776,0.03754,0.03765,79980,3013.90827
1781938800000,0.03765,0.03774,0.03754,0.03765,53568,2016.93917
1781942400000,0.03765,0.03784,0.03758,0.03774,156417,5896.20945
1781946000000,0.03774,0.03816,0.03771,0.03804,306645,11640.51414
1781949600000,0.03804,0.03815,0.03763,0.03798,379622,14378.33665
1781953200000,0.03798,0.03798,0.03779,0.03785,121892,4613.17014
1781956800000,0.03785,0.03801,0.03778,0.03785,151207,5728.92776
1781960400000,0.03785,0.03785,0.03749,0.03767,213939,8047.60081
1781964000000,0.03767,0.0383,0.03741,0.03818,600449,22772.61523
1781967600000,0.03818,0.03869,0.03804,0.03861,1057607,40696.04174
1781971200000,0.03861,0.03863,0.03832,0.03859,506856,19497.95303
1781974800000,0.03859,0.03862,0.03826,0.0385,364632,14028.50453
1781978400000,0.0385,0.03862,0.03843,0.03843,178175,6864.74938
1781982000000,0.03843,0.03851,0.03835,0.03841,75647,2907.8121
1781985600000,0.03841,0.03845,0.03813,0.03827,85464,3272.62723
1781989200000,0.03827,0.03843,0.03825,0.03827,145812,5583.65799
1781992800000,0.03827,0.0387,0.03827,0.03862,80697,3104.51341
1781996400000,0.03862,0.03865,0.03848,0.03864,67372,2599.41332
1782000000000,0.03864,0.03881,0.03859,0.03871,100504,3886.66235
1782003600000,0.03871,0.03874,0.03856,0.03859,430639,16636.71611
1782007200000,0.03859,0.03866,0.03845,0.03851,121311,4674.27077
1782010800000,0.03851,0.03853,0.03833,0.03835,309833,11922.92425
1782014400000,0.03835,0.03835,0.03809,0.0381,397695,15195.78678
1782018000000,0.0381,0.0382,0.03798,0.03807,75805,2885.70128
1782021600000,0.03807,0.03826,0.03799,0.03821,135336,5153.35382
1782025200000,0.03821,0.03842,0.03818,0.03824,131607,5040.35559
1782028800000,0.03824,0.03848,0.03805,0.03808,148122,5667.80277
1782032400000,0.03808,0.03871,0.03799,0.03868,138252,5291.94809
1782036000000,0.03868,0.03875,0.03849,0.03849,151155,5849.95162
1782039600000,0.03849,0.03859,0.0382,0.03821,83441,3201.96862
1782043200000,0.03821,0.0385,0.03813,0.03847,53117,2034.72694
1782046800000,0.03847,0.0387,0.03838,0.03865,221599,8539.8476
1782050400000,0.03865,0.03874,0.03855,0.03862,43561,1681.78751
1782054000000,0.03862,0.03879,0.0386,0.03874,63788,2471.69189
1782057600000,0.03874,0.03929,0.03859,0.03914,401101,15587.69785
1782061200000,0.03914,0.0394,0.03892,0.03892,230656,9025.64847
1782064800000,0.03892,0.03904,0.03875,0.03892,161452,6277.18157
1782068400000,0.03892,0.03904,0.03876,0.03877,190628,7409.14791
1782072000000,0.03877,0.03877,0.03837,0.0384,245739,9485.33994
1782075600000,0.0384,0.03844,0.03773,0.03822,675926,25677.38856
1782079200000,0.03822,0.03832,0.03805,0.03821,129441,4944.51783
1782082800000,0.03821,0.03823,0.03784,0.03793,108919,4143.39022
1782086400000,0.03793,0.03855,0.03793,0.03848,267545,10247.09316
1782090000000,0.03848,0.03913,0.03838,0.03892,274372,10659.9626
1782093600000,0.03892,0.03892,0.03848,0.03849,37359,1445.09796
1782097200000,0.03849,0.03871,0.03823,0.03826,151025,5794.72031
1782100800000,0.03826,0.03855,0.03821,0.03852,76467,2934.60499
1782104400000,0.03852,0.03852,0.03828,0.03832,42003,1614.40053
1782108000000,0.03832,0.03844,0.03823,0.03832,101257,3879.64778
1782111600000,0.03832,0.03874,0.0383,0.03857,110732,4265.10757
1782115200000,0.03857,0.0386,0.03837,0.03855,169536,6530.57608
1782118800000,0.03855,0.03855,0.0383,0.03832,82682,3171.30406
1782122400000,0.03832,0.03853,0.03823,0.03843,266464,10217.67214
1782126000000,0.03843,0.039,0.03838,0.03881,478268,18516.24425
1782129600000,0.03881,0.03897,0.03872,0.03886,286083,11109.09567
1782133200000,0.03886,0.03936,0.03866,0.03899,684134,26631.38546
1782136800000,0.03899,0.03899,0.03839,0.03853,248705,9604.2959
1782140400000,0.03853,0.03868,0.03838,0.03843,244814,9433.63802
1782144000000,0.03843,0.03851,0.03821,0.0384,125264,4805.90252
1782147600000,0.0384,0.0384,0.03808,0.0383,150366,5753.8461
1782151200000,0.0383,0.03834,0.03785,0.03793,203826,7778.29437
1782154800000,0.03793,0.03794,0.03772,0.03785,177545,6717.15223
1782158400000,0.03785,0.03807,0.03782,0.03792,114960,4362.97486
1782162000000,0.03792,0.03797,0.0375,0.0376,107844,4063.3267
1782165600000,0.0376,0.03772,0.0371,0.0373,238147,8899.99126
1782169200000,0.0373,0.0374,0.03712,0.03727,207246,7723.97857
1782172800000,0.03727,0.03754,0.03717,0.03751,76192,2843.46812
1782176400000,0.03751,0.03757,0.03708,0.03739,123396,4612.44018
1782180000000,0.03739,0.03752,0.03714,0.03745,173337,6477.22053
1782183600000,0.03745,0.03745,0.03722,0.0374,75594,2820.29853
1782187200000,0.0374,0.03749,0.0371,0.03712,144873,5396.2811
1782190800000,0.03712,0.03715,0.03688,0.03692,151281,5593.12878
1782194400000,0.03692,0.03693,0.0359,0.03628,890515,32211.89245
1782198000000,0.03628,0.03641,0.03613,0.03613,145989,5291.76193
1782201600000,0.03613,0.03627,0.0351,0.03559,805229,28688.90702
1782205200000,0.03559,0.03586,0.0355,0.03552,202783,7236.92037
1782208800000,0.03552,0.03564,0.03534,0.03542,70117,2485.51282
1782212400000,0.03542,0.03582,0.03542,0.03573,159633,5700.62752
1782216000000,0.03573,0.03575,0.03555,0.03559,139503,4975.85553
1782219600000,0.03559,0.03617,0.0355,0.03611,178585,6394.94688
1782223200000,0.03611,0.0363,0.03584,0.03591,507677,18317.24128
1782226800000,0.03591,0.03591,0.03537,0.03565,251801,8962.77644
1782230400000,0.03565,0.03624,0.03527,0.03618,1615955,57689.40886
1782234000000,0.03618,0.03619,0.03587,0.03589,249591,9015.90391
1782237600000,0.03589,0.03618,0.03587,0.03616,151950,5476.51011
1782241200000,0.03616,0.03632,0.03585,0.036,194858,7014.79518
1782244800000,0.036,0.03623,0.03594,0.03614,203034,7319.69022
1782248400000,0.03614,0.03627,0.03605,0.03608,57676,2083.87875
1782252000000,0.03608,0.03625,0.03601,0.03604,101663,3667.34289
1782255600000,0.03604,0.03608,0.03589,0.03601,78133,2810.25667
1782259200000,0.03601,0.03623,0.03601,0.03605,62010,2237.82924
1782262800000,0.03605,0.03614,0.03583,0.03594,76856,2764.80056
1782266400000,0.03594,0.03603,0.03583,0.03586,205074,7365.44545
1782270000000,0.03586,0.036,0.03572,0.03584,39743,1424.93125
1782273600000,0.03584,0.03593,0.03559,0.0359,91642,3278.7635
1782277200000,0.0359,0.03628,0.03588,0.03628,233807,8437.35538
1782280800000,0.03628,0.03628,0.03606,0.03608,138461,5010.57722
1782284400000,0.03608,0.03613,0.03579,0.0358,140541,5051.7108
1782288000000,0.0358,0.03607,0.03575,0.03602,288896,10365.63767
1782291600000,0.03602,0.03604,0.03566,0.03582,349492,12519.46696
1782295200000,0.03582,0.03584,0.03554,0.0356,57906,2064.64871
1782298800000,0.0356,0.03612,0.0354,0.03592,278267,9974.27877
1782302400000,0.03592,0.03597,0.03568,0.03572,95106,3411.98764
1782306000000,0.03572,0.03572,0.03481,0.03503,1090024,38164.70232
1782309600000,0.03503,0.03527,0.03489,0.03524,373771,13114.2609
1782313200000,0.03524,0.03525,0.0342,0.03438,491444,16930.41058
1782316800000,0.03438,0.03481,0.03348,0.03377,838980,28481.78781
1782320400000,0.03377,0.03389,0.03309,0.03312,391180,13076.39348
1782324000000,0.03312,0.03395,0.03309,0.03357,555253,18706.52263
1782327600000,0.03357,0.03378,0.03332,0.03376,336663,11290.55057
1782331200000,0.03376,0.03466,0.0337,0.0345,657467,22568.10744
1782334800000,0.0345,0.03481,0.03433,0.0348,167484,5798.90587
1782338400000,0.0348,0.03494,0.0346,0.03463,80428,2796.95591
1782342000000,0.03463,0.03463,0.03449,0.03452,202596,7003.02326
1782345600000,0.03452,0.03466,0.03434,0.03438,385098,13280.7212
1782349200000,0.03438,0.03451,0.03438,0.03444,62045,2138.64788
1782352800000,0.03444,0.03456,0.03442,0.0345,91541,3158.45534
1782356400000,0.0345,0.03454,0.03431,0.03454,48238,1660.65633
1782360000000,0.03454,0.03488,0.0344,0.03485,256484,8855.16739
1782363600000,0.03485,0.03523,0.03483,0.03509,131313,4599.00653
1782367200000,0.03509,0.03514,0.03496,0.03507,156526,5485.35536
1782370800000,0.03507,0.03511,0.03488,0.03496,99675,3488.07451
1782374400000,0.03496,0.03513,0.03481,0.03491,259995,9099.81216
1782378000000,0.03491,0.03492,0.03476,0.03486,27349,953.50239
1782381600000,0.03486,0.03571,0.03484,0.03549,1186250,42022.92241
1782385200000,0.03549,0.03583,0.03514,0.03577,2451231,87188.44543
1782388800000,0.03577,0.0359,0.035,0.03542,1249919,44418.83216
1782392400000,0.03542,0.03549,0.03239,0.03259,2946895,99674.93588
1782396000000,0.03259,0.03423,0.03259,0.03369,2007562,67114.76596
1782399600000,0.03369,0.03389,0.03334,0.0338,424204,14266.3385
1782403200000,0.0338,0.03417,0.03358,0.03366,138843,4711.8181
1782406800000,0.03366,0.03409,0.03354,0.03401,244449,8283.87958
1782410400000,0.03401,0.03421,0.03369,0.03369,317963,10795.64044
1782414000000,0.03369,0.03374,0.03346,0.03365,328886,11039.08604
1782417600000,0.03365,0.03398,0.03365,0.03371,556036,18795.99047
1782421200000,0.03371,0.03429,0.03371,0.03422,208930,7085.90797
1782424800000,0.03422,0.03425,0.03401,0.03408,111675,3808.78011
1782428400000,0.03408,0.03426,0.03392,0.03409,93521,3186.39451
1782432000000,0.03409,0.03424,0.03401,0.03405,112775,3848.47404
1782435600000,0.03405,0.0341,0.03372,0.03378,88470,2992.8969
1782439200000,0.03378,0.03378,0.03277,0.03301,728864,24083.31501
1782442800000,0.03301,0.03386,0.03275,0.03381,709717,23515.7783
1782446400000,0.03381,0.0339,0.03357,0.03359,217776,7346.13592
1782450000000,0.03359,0.03579,0.03347,0.03523,4218062,146784.55138
1782453600000,0.03523,0.03732,0.03434,0.03486,18027784,642041.80796
1782457200000,0.03486,0.03503,0.0344,0.03471,2197194,76194.75846
1782460800000,0.03471,0.03471,0.03438,0.0346,697301,24091.83887
1782464400000,0.0346,0.03488,0.03431,0.03435,700416,24266.44051
1782468000000,0.03435,0.03461,0.03432,0.03441,667664,22996.64561
1782471600000,0.03441,0.03454,0.03395,0.03409,633230,21675.25458
1782475200000,0.03409,0.03421,0.03338,0.03365,1363146,46024.72382
1782478800000,0.03365,0.03446,0.03325,0.03446,1590697,53632.03122
1782482400000,0.03446,0.03475,0.03418,0.03435,1592929,54922.43541
1782486000000,0.03435,0.03497,0.03424,0.03476,684230,23772.18188
1782489600000,0.03476,0.03518,0.03469,0.03488,1040617,36322.07369
1782493200000,0.03488,0.03511,0.03486,0.03511,211873,7416.95046
1782496800000,0.03511,0.03513,0.03477,0.03482,76661,2682.21012
1782500400000,0.03482,0.03569,0.03464,0.03469,1789771,62769.38562
1782504000000,0.03469,0.03505,0.0346,0.03467,712047,24812.15342
1782507600000,0.03467,0.03474,0.03459,0.03459,123216,4271.21464
1782511200000,0.03459,0.03468,0.03448,0.03454,204118,7052.4395
1782514800000,0.03454,0.03475,0.03446,0.03475,298223,10305.37682
1782518400000,0.03475,0.03535,0.0345,0.03523,848112,29649.91752
1782522000000,0.03523,0.03645,0.03496,0.0352,4859817,173269.27388
1782525600000,0.0352,0.03628,0.03488,0.03602,1252306,44670.9414
1782529200000,0.03602,0.03638,0.03565,0.03614,609225,21992.40906
1782532800000,0.03614,0.03619,0.03514,0.03521,675224,24093.93298
1782536400000,0.03521,0.03562,0.03518,0.03538,361982,12821.11858
1782540000000,0.03538,0.03557,0.03513,0.03552,248305,8773.17443
1782543600000,0.03552,0.03582,0.03531,0.03559,289321,10286.03964
1782547200000,0.03559,0.03581,0.0351,0.03517,814953,28795.25496
1782550800000,0.03517,0.03541,0.03509,0.03534,371450,13108.2718
1782554400000,0.03534,0.03546,0.03517,0.03524,186488,6585.61328
1782558000000,0.03524,0.03524,0.03496,0.03509,279604,9810.19977
1782561600000,0.03509,0.03511,0.03496,0.03501,139015,4869.78885
1782565200000,0.03501,0.03506,0.03487,0.03495,328181,11475.44765
1782568800000,0.03495,0.03522,0.03483,0.03518,279787,9792.12552
1782572400000,0.03518,0.03536,0.03513,0.03521,184174,6486.90436
1782576000000,0.03521,0.03534,0.03513,0.03513,132282,4657.91786
1782579600000,0.03513,0.03513,0.03461,0.03465,650558,22629.30949
1782583200000,0.03465,0.03502,0.03457,0.03493,460838,16062.6749
1782586800000,0.03493,0.03499,0.03449,0.03461,536475,18637.90068
1782590400000,0.03461,0.03474,0.03461,0.03464,191436,6635.03198
1782594000000,0.03464,0.03475,0.03443,0.0345,314417,10881.6675
1782597600000,0.0345,0.0345,0.03418,0.03443,300299,10300.32972
1782601200000,0.03443,0.03443,0.03409,0.03418,287466,9825.93714
1782604800000,0.03418,0.03476,0.03402,0.03463,820968,28246.04509
1782608400000,0.03463,0.03503,0.03432,0.03489,982849,34244.64036
1782612000000,0.03489,0.03522,0.03454,0.03457,318009,11078.52515
1782615600000,0.03457,0.03471,0.03453,0.03464,329594,11405.72374
1782619200000,0.03464,0.03505,0.03447,0.03476,577690,20045.19546
1782622800000,0.03476,0.03482,0.03428,0.03439,251903,8686.44233
1782626400000,0.03439,0.03453,0.03413,0.03453,342752,11763.621
1782630000000,0.03453,0.0347,0.03444,0.03451,267313,9241.68286
1782633600000,0.03451,0.03465,0.03437,0.0346,305229,10525.10075
1782637200000,0.0346,0.0346,0.03412,0.03413,363823,12518.71372
1782640800000,0.03413,0.03419,0.03388,0.03405,605051,20601.01658
1782644400000,0.03405,0.03433,0.03403,0.0343,266355,9087.9439
1782648000000,0.0343,0.03462,0.03412,0.03418,527978,18096.83258
1782651600000,0.03418,0.03418,0.03385,0.03389,410742,13957.87149
1782655200000,0.03389,0.03417,0.03385,0.03407,134555,4575.18074
1782658800000,0.03407,0.03429,0.034,0.03414,214084,7309.51684
1782662400000,0.03414,0.03416,0.03391,0.03391,115522,3933.15159
1782666000000,0.03391,0.0341,0.0338,0.03409,277828,9420.16958
1782669600000,0.03409,0.03418,0.03389,0.03399,184815,6286.49858
1782673200000,0.03399,0.03403,0.03376,0.03392,377187,12783.61819
1782676800000,0.03392,0.03407,0.03382,0.03384,43467,1475.1664
1782680400000,0.03384,0.03386,0.03352,0.0336,285518,9620.75269
1782684000000,0.0336,0.03401,0.03326,0.03339,398627,13390.7312
1782687600000,0.03339,0.03395,0.03333,0.0338,77621,2610.35492
1782691200000,0.0338,0.03392,0.03334,0.03376,450306,15136.90685
1782694800000,0.03376,0.03379,0.0335,0.03365,151719,5102.27961
1782698400000,0.03365,0.03401,0.03335,0.03396,207717,6985.69622
1782702000000,0.03396,0.03427,0.03388,0.03399,685860,23413.84724
1782705600000,0.03399,0.034,0.03369,0.03369,120929,4091.6688
1782709200000,0.03369,0.03378,0.03339,0.03378,175630,5886.61265
1782712800000,0.03378,0.03407,0.03375,0.03395,106617,3615.28416
1782716400000,0.03395,0.03414,0.03369,0.03403,609648,20671.81101
1782720000000,0.03403,0.0344,0.03391,0.03406,1254836,42920.60289
1782723600000,0.03406,0.03424,0.03387,0.03401,304667,10375.48916
1782727200000,0.03401,0.03417,0.03388,0.03402,432204,14708.12566
1782730800000,0.03402,0.03408,0.03368,0.03401,575120,19495.84212
1782734400000,0.03401,0.03476,0.03378,0.03403,1111102,38002.07682
1782738000000,0.03403,0.03413,0.03348,0.03374,1306973,44183.26309
1782741600000,0.03374,0.03376,0.03318,0.03358,898747,30021.62478
1782745200000,0.03358,0.03373,0.03317,0.03365,188548,6310.09771
1782748800000,0.03365,0.03381,0.03351,0.03371,263546,8857.93982
1782752400000,0.03371,0.03448,0.03371,0.03432,604652,20699.44971
1782756000000,0.03432,0.03432,0.034,0.03407,190286,6497.98559
1782759600000,0.03407,0.03421,0.034,0.03406,243210,8291.8105
1782763200000,0.03406,0.03412,0.03394,0.03395,121105,4126.63619
1782766800000,0.03395,0.03403,0.03383,0.03395,55352,1879.67212
1782770400000,0.03395,0.03397,0.0338,0.0338,59146,2002.80485
1782774000000,0.0338,0.03389,0.03373,0.03387,205485,6945.55799
1782777600000,0.03387,0.034,0.03326,0.03326,165030,5525.61049
1782781200000,0.03326,0.03336,0.03311,0.03317,283563,9423.1518
1782784800000,0.03317,0.03331,0.03305,0.0332,191459,6348.25893
1782788400000,0.0332,0.03331,0.03301,0.03302,96023,3183.53022
1782792000000,0.03302,0.03317,0.03295,0.03308,133290,4407.28198
1782795600000,0.03308,0.03312,0.03287,0.03307,180896,5969.96532
1782799200000,0.03307,0.03329,0.03299,0.03308,234902,7786.6033
1782802800000,0.03308,0.0332,0.03302,0.03315,87732,2907.89329
1782806400000,0.03315,0.03326,0.03295,0.03309,456885,15117.87413
1782810000000,0.03309,0.03331,0.03301,0.03329,101110,3348.0133
1782813600000,0.03329,0.03352,0.03308,0.03339,386422,12855.1907
1782817200000,0.03339,0.03341,0.03277,0.03289,407692,13456.89644
1782820800000,0.03289,0.03289,0.0323,0.0323,765424,25007.5481
1782824400000,0.0323,0.03317,0.03223,0.03308,1254241,41092.31281
1782828000000,0.03308,0.03339,0.03293,0.03307,680361,22554.66814
1782831600000,0.03307,0.03345,0.03292,0.03325,593690,19721.34241
1782835200000,0.03325,0.03351,0.03282,0.03308,432186,14322.15055
1782838800000,0.03308,0.03321,0.03282,0.03285,36933,1218.0469
1782842400000,0.03285,0.03327,0.03282,0.03324,647524,21407.41372
1782846000000,0.03324,0.03335,0.03309,0.03322,233505,7758.34494
1782849600000,0.03322,0.03324,0.03292,0.03297,263745,8708.94427
1782853200000,0.03297,0.03311,0.03293,0.03303,194522,6422.60354
1782856800000,0.03303,0.0331,0.0329,0.03292,102285,3376.49581
1782860400000,0.03292,0.03323,0.03271,0.03307,458325,15109.40182
1782864000000,0.03307,0.03353,0.03267,0.03282,784285,25978.33563
1782867600000,0.03282,0.03318,0.03195,0.03301,942824,30703.71946
1782871200000,0.03301,0.03322,0.03273,0.03289,385205,12667.88852
1782874800000,0.03289,0.03302,0.03264,0.03289,373732,12268.78785
1782878400000,0.03289,0.03302,0.03282,0.03294,129757,4269.9533
1782882000000,0.03294,0.03299,0.03277,0.03285,177042,5821.7766
1782885600000,0.03285,0.03285,0.0323,0.03244,252789,8229.98045
1782889200000,0.03244,0.03248,0.03234,0.03246,98003,3175.86533
1782892800000,0.03246,0.03277,0.03223,0.03277,280377,9107.04066
1782896400000,0.03277,0.03279,0.03253,0.0326,137476,4491.60906
1782900000000,0.0326,0.03333,0.03253,0.0329,425979,14038.79203
1782903600000,0.0329,0.03319,0.03286,0.03303,139197,4599.78554
1782907200000,0.03303,0.03305,0.03275,0.03286,84492,2781.373
1782910800000,0.03286,0.03348,0.03265,0.03342,971992,32191.03505
1782914400000,0.03342,0.03381,0.03327,0.03372,200137,6739.43335
1782918000000,0.03372,0.03425,0.03371,0.03407,407531,13851.60836
1782921600000,0.03407,0.03415,0.03383,0.03394,445848,15131.26548
1782925200000,0.03394,0.03407,0.03377,0.0339,144040,4892.77209
1782928800000,0.0339,0.03394,0.03359,0.03368,157597,5324.0553
1782932400000,0.03368,0.0338,0.03353,0.03357,220679,7424.98898
1782936000000,0.03357,0.0339,0.03354,0.03385,162371,5477.02173
1782939600000,0.03385,0.03431,0.03385,0.03423,141972,4839.37509
1782943200000,0.03423,0.03467,0.03404,0.03439,1148835,39567.29614
1782946800000,0.03439,0.03449,0.03419,0.03447,455867,15641.58677
1782950400000,0.03447,0.0351,0.03405,0.03415,1787006,61704.75184
1782954000000,0.03415,0.03445,0.03412,0.03426,369633,12671.31703
1782957600000,0.03426,0.03444,0.03417,0.03441,76988,2641.18803
1782961200000,0.03441,0.03478,0.03427,0.03472,181311,6264.39159
1782964800000,0.03472,0.03528,0.0344,0.03524,302456,10498.87722
1782968400000,0.03524,0.03531,0.03478,0.0352,623551,21795.41289
1782972000000,0.0352,0.03584,0.03499,0.03571,868228,30716.36586
1782975600000,0.03571,0.03575,0.03516,0.03542,959251,33994.81827
1782979200000,0.03542,0.03836,0.03526,0.03599,8048842,291983.2271
1782982800000,0.03599,0.03599,0.03495,0.03555,3310306,117136.61589
1782986400000,0.03555,0.03568,0.0352,0.03525,809255,28663.96588
1782990000000,0.03525,0.03548,0.0352,0.03537,275505,9741.21374
1782993600000,0.03537,0.03553,0.03499,0.03507,555066,19589.76976
1782997200000,0.03507,0.03557,0.03503,0.03536,610581,21540.80647
1783000800000,0.03536,0.03566,0.03522,0.03529,532261,18852.28464
1783004400000,0.03529,0.03536,0.03513,0.03518,211257,7445.30432
1783008000000,0.03518,0.03523,0.03497,0.03509,171257,6009.4391
1783011600000,0.03509,0.03518,0.03494,0.03497,177846,6230.50586
1783015200000,0.03497,0.03516,0.03491,0.03504,227399,7971.72246
1783018800000,0.03504,0.03517,0.0349,0.03517,294139,10301.57861
1783022400000,0.03517,0.03529,0.03509,0.03529,159622,5612.712
1783026000000,0.03529,0.03529,0.03513,0.03525,55176,1942.61165
1783029600000,0.03525,0.03536,0.0351,0.03533,227251,7994.24977
1783033200000,0.03533,0.03543,0.03524,0.03532,131678,4653.2369
1783036800000,0.03532,0.03597,0.03526,0.03557,590742,21030.5234
1783040400000,0.03557,0.03596,0.03543,0.03543,499681,17823.82427
1783044000000,0.03543,0.03635,0.03533,0.03621,1190781,42850.54224
1783047600000,0.03621,0.03629,0.03593,0.03593,541945,19579.18922
1783051200000,0.03593,0.03602,0.03572,0.03586,344004,12346.84271
1783054800000,0.03586,0.03613,0.03581,0.03612,144187,5188.15637
1783058400000,0.03612,0.03763,0.03609,0.03648,4633150,170727.16675
1783062000000,0.03648,0.03649,0.03581,0.03599,972260,35097.04438
1783065600000,0.03599,0.03646,0.03599,0.03635,277591,10058.64496
1783069200000,0.03635,0.03647,0.03603,0.03618,161258,5829.1211
1783072800000,0.03618,0.03656,0.03617,0.03648,280187,10186.80373
1783076400000,0.03648,0.03671,0.03641,0.03654,311594,11394.72187
1783080000000,0.03654,0.03655,0.0362,0.03635,405676,14723.63976
1783083600000,0.03635,0.03635,0.03615,0.03617,258448,9360.26802
1783087200000,0.03617,0.03625,0.03593,0.0362,276033,9957.43632
1783090800000,0.0362,0.03633,0.03615,0.03618,303339,10982.2134
1783094400000,0.03618,0.03627,0.03605,0.03612,114019,4122.39347
1783098000000,0.03612,0.03621,0.03604,0.0361,97861,3533.86782
1783101600000,0.0361,0.03613,0.03598,0.03604,26359,949.76583
1783105200000,0.03604,0.03641,0.03601,0.03628,313574,11342.48628
1783108800000,0.03628,0.03677,0.03623,0.03668,358360,13073.6687
1783112400000,0.03668,0.03678,0.03644,0.03667,170005,6233.76926
1783116000000,0.03667,0.03667,0.0364,0.03647,205594,7509.11639
1783119600000,0.03647,0.03649,0.03627,0.03641,152914,5560.24224
1783123200000,0.03641,0.03659,0.03611,0.03615,318824,11584.83703
1783126800000,0.03615,0.03615,0.03567,0.03575,891739,32006.74115
1783130400000,0.03575,0.03591,0.0357,0.03579,169677,6071.41451
1783134000000,0.03579,0.03741,0.03569,0.03639,1445433,52936.98432
1783137600000,0.03639,0.03676,0.03627,0.03658,562460,20518.01449
1783141200000,0.03658,0.03689,0.03645,0.03685,271454,9928.65547
1783144800000,0.03685,0.03718,0.03669,0.03714,161425,5960.72858
1783148400000,0.03714,0.03912,0.03676,0.03698,4360318,164057.81484
1783152000000,0.03698,0.03706,0.03659,0.03684,866844,31953.16666
1783155600000,0.03684,0.03711,0.03672,0.03708,154554,5691.90958
1783159200000,0.03708,0.03767,0.03693,0.03759,294073,10987.112
1783162800000,0.03759,0.0378,0.0373,0.03767,442551,16614.12163
1783166400000,0.03767,0.03771,0.0374,0.03759,189071,7098.29859
1783170000000,0.03759,0.03759,0.03721,0.03741,211170,7895.40784
1783173600000,0.03741,0.03747,0.03728,0.03741,97807,3652.48683
1783177200000,0.03741,0.03777,0.0374,0.03765,263273,9912.09163
1783180800000,0.03765,0.03778,0.03762,0.03773,154481,5827.02479
1783184400000,0.03773,0.03801,0.03765,0.03789,148070,5601.21916
1783188000000,0.03789,0.03794,0.03775,0.0378,36198,1369.44001
1783191600000,0.0378,0.03792,0.03775,0.03786,88863,3361.09298
1783195200000,0.03786,0.03791,0.03766,0.03772,163073,6165.14086
1783198800000,0.03772,0.03784,0.0376,0.03769,95948,3618.10543
1783202400000,0.03769,0.03776,0.03741,0.0375,373564,14059.31097
1783206000000,0.0375,0.03757,0.03707,0.03739,260581,9719.05501
1783209600000,0.03739,0.0374,0.037,0.03717,218634,8116.81015
1783213200000,0.03717,0.03723,0.03684,0.03697,238772,8830.03532
1783216800000,0.03697,0.03697,0.03647,0.03654,166872,6112.29532
1783220400000,0.03654,0.03673,0.03651,0.03659,93166,3410.46935
1783224000000,0.03659,0.03682,0.03651,0.03665,110656,4059.42659
1783227600000,0.03665,0.03667,0.03648,0.03652,90721,3318.17803
1783231200000,0.03652,0.03657,0.0364,0.03645,130611,4762.06962
1783234800000,0.03645,0.03649,0.03618,0.03649,236649,8588.23124
1783238400000,0.03649,0.0365,0.0364,0.0364,98527,3591.75298
1783242000000,0.0364,0.03659,0.03608,0.03619,270274,9807.98921
1783245600000,0.03619,0.03629,0.03601,0.03621,90734,3289.03604
1783249200000,0.03621,0.03628,0.03594,0.03609,197855,7142.04623
1783252800000,0.03609,0.03624,0.03599,0.03621,101204,3654.72049
1783256400000,0.03621,0.03644,0.03614,0.03644,152174,5514.37782
1783260000000,0.03644,0.03661,0.03624,0.03633,484395,17634.98364
1783263600000,0.03633,0.03648,0.0361,0.03619,231683,8414.14392
1783267200000,0.03619,0.0363,0.03613,0.03629,192643,6976.5302
1783270800000,0.03629,0.03645,0.03629,0.03635,406778,14818.03081
1783274400000,0.03635,0.03655,0.03635,0.0364,20906,762.7996
1783278000000,0.0364,0.03653,0.03621,0.03625,34324,1248.92597
1783281600000,0.03625,0.03633,0.03622,0.03628,140468,5096.308
1783285200000,0.03628,0.03647,0.03621,0.03644,29393,1070.2922
1783288800000,0.03644,0.03675,0.03639,0.03665,446829,16357.66511
1783292400000,0.03665,0.03684,0.03651,0.03653,251365,9237.01706
1783296000000,0.03653,0.0368,0.03623,0.0368,153234,5602.37103
1783299600000,0.0368,0.0368,0.03644,0.03646,104322,3817.51883
1783303200000,0.03646,0.03654,0.03632,0.0364,163162,5946.66763
1783306800000,0.0364,0.03646,0.03619,0.03633,102666,3728.78386
1783310400000,0.03633,0.03635,0.03605,0.03609,275488,9960.20927
1783314000000,0.03609,0.03616,0.0356,0.03584,356595,12772.19577
1783317600000,0.03584,0.03584,0.03549,0.03568,295257,10521.99792
1783321200000,0.03568,0.03592,0.03558,0.03585,131960,4724.70353
1783324800000,0.03585,0.03596,0.03564,0.03581,193909,6940.05821
1783328400000,0.03581,0.03588,0.03547,0.03565,148240,5292.68088
1783332000000,0.03565,0.03598,0.03562,0.03584,199688,7148.82815
1783335600000,0.03584,0.03599,0.03565,0.03565,75260,2697.78864
1783339200000,0.03565,0.03565,0.03477,0.03499,951804,33442.03552
1783342800000,0.03499,0.0355,0.03492,0.03543,163432,5745.56688
1783346400000,0.03543,0.03589,0.03542,0.03563,242056,8633.76472
1783350000000,0.03563,0.03647,0.03563,0.03642,519552,18657.70685
1783353600000,0.03642,0.03662,0.03639,0.03654,707538,25822.87949
1783357200000,0.03654,0.03673,0.03648,0.03649,476577,17433.88028
1783360800000,0.03649,0.03656,0.03633,0.03646,351072,12792.35417
1783364400000,0.03646,0.03668,0.03633,0.03633,313200,11440.25665
1783368000000,0.03633,0.03635,0.03613,0.03628,119875,4343.46878
1783371600000,0.03628,0.03702,0.03621,0.03675,476638,17505.07887
1783375200000,0.03675,0.03675,0.03639,0.03639,88364,3224.10849
1783378800000,0.03639,0.03646,0.03607,0.03624,262981,9538.71082
1783382400000,0.03624,0.0365,0.03613,0.03617,79681,2892.80323
1783386000000,0.03617,0.03617,0.03577,0.03593,160381,5761.54308
1783389600000,0.03593,0.03593,0.0356,0.03563,149724,5364.9936
1783393200000,0.03563,0.03572,0.03541,0.03543,101600,3609.61304
1783396800000,0.03543,0.03548,0.03522,0.0353,172008,6078.16131
1783400400000,0.0353,0.03541,0.03509,0.03537,138803,4888.60053
1783404000000,0.03537,0.03549,0.03524,0.03541,240870,8518.04272
1783407600000,0.03541,0.03546,0.03513,0.03513,78240,2765.26801
1783411200000,0.03513,0.03528,0.03507,0.03515,403820,14217.54491
1783414800000,0.03515,0.03522,0.03511,0.03519,37216,1308.66076
1783418400000,0.03519,0.03533,0.03517,0.03517,562964,19854.92072
1783422000000,0.03517,0.0353,0.03504,0.0353,94554,3324.44136
1783425600000,0.0353,0.03552,0.03518,0.03522,42751,1510.00641
1783429200000,0.03522,0.03522,0.03482,0.03487,259692,9076.77218
1783432800000,0.03487,0.035,0.0345,0.03498,154558,5365.93407
1783436400000,0.03498,0.0351,0.0349,0.03497,259984,9095.68668
1783440000000,0.03497,0.03518,0.0349,0.03513,119451,4186.49353
1783443600000,0.03513,0.03537,0.0351,0.03514,101358,3570.80972
1783447200000,0.03514,0.03514,0.0347,0.03473,163954,5723.74386
1783450800000,0.03473,0.03473,0.03434,0.03447,303212,10449.5838
1783454400000,0.03447,0.03454,0.03426,0.03429,579501,19941.92356
1783458000000,0.03429,0.03449,0.03412,0.03421,140868,4826.32567
1783461600000,0.03421,0.03425,0.03392,0.03413,80892,2759.43448
1783465200000,0.03413,0.03423,0.03402,0.03402,135336,4607.70319
1783468800000,0.03402,0.03415,0.03402,0.03411,212873,7255.87699
1783472400000,0.03411,0.03411,0.03341,0.03355,588139,19859.74713
1783476000000,0.03355,0.03355,0.03266,0.03307,1021298,33752.01522
1783479600000,0.03307,0.03316,0.03303,0.03307,323556,10705.06857
1783483200000,0.03307,0.03315,0.03298,0.03303,261339,8639.76814
1783486800000,0.03303,0.03314,0.03303,0.0331,157331,5204.53064
1783490400000,0.0331,0.03336,0.03306,0.03323,296074,9832.13625
1783494000000,0.03323,0.03376,0.03314,0.03338,430994,14399.75578
1783497600000,0.03338,0.03341,0.03272,0.03272,754395,24877.80285
1783501200000,0.03272,0.03285,0.03259,0.03271,328238,10737.96163
1783504800000,0.03271,0.03286,0.03266,0.0328,202718,6642.27378
1783508400000,0.0328,0.03323,0.03268,0.03313,544007,17861.07359
1783512000000,0.03313,0.03373,0.0331,0.03313,450451,15015.23509
1783515600000,0.03313,0.03339,0.03293,0.03316,516235,17102.09836
1783519200000,0.03316,0.03335,0.03298,0.03318,285466,9467.14189
1783522800000,0.03318,0.03318,0.03278,0.03278,150486,4948.72497
1783526400000,0.03278,0.03302,0.03276,0.033,272028,8957.55332
1783530000000,0.033,0.03315,0.03287,0.0329,273277,9032.13451
1783533600000,0.0329,0.03295,0.03274,0.03286,58460,1920.71089
1783537200000,0.03286,0.03288,0.03263,0.03272,133822,4383.72113
1783540800000,0.03272,0.03278,0.03253,0.03253,99048,3233.38694
1783544400000,0.03253,0.03269,0.03225,0.03269,320949,10408.75087
1783548000000,0.03269,0.03278,0.03266,0.03273,211504,6915.31606
1783551600000,0.03273,0.03335,0.03272,0.03296,985888,32577.15499
1783555200000,0.03296,0.033,0.03266,0.03269,108780,3568.6573
1783558800000,0.03269,0.03323,0.03263,0.03282,359328,11860.4923
1783562400000,0.03282,0.03404,0.03277,0.03354,4649230,155730.23293
1783566000000,0.03354,0.03395,0.03326,0.03349,467964,15665.92666
1783569600000,0.03349,0.03386,0.03348,0.03374,370163,12453.22422
1783573200000,0.03374,0.03386,0.0336,0.03376,399074,13452.60398
1783576800000,0.03376,0.03384,0.03357,0.03372,391075,13169.42602
1783580400000,0.03372,0.03385,0.03361,0.0337,119642,4028.90487
1783584000000,0.0337,0.03383,0.03365,0.03371,137873,4653.64085
1783587600000,0.03371,0.03377,0.03361,0.03377,140811,4740.24282
1783591200000,0.03377,0.03378,0.03353,0.03361,387833,13037.36303
1783594800000,0.03361,0.03363,0.03282,0.03345,1603629,53270.70136
1783598400000,0.03345,0.03349,0.03325,0.03335,289139,9651.25363
1783602000000,0.03335,0.03365,0.03335,0.03362,546714,18328.04668
1783605600000,0.03362,0.03369,0.03334,0.03347,218256,7302.43456
1783609200000,0.03347,0.03355,0.0333,0.03333,194628,6506.50218
1783612800000,0.03333,0.0334,0.0332,0.03325,297525,9899.79837
1783616400000,0.03325,0.03373,0.03321,0.03362,471859,15826.80651
1783620000000,0.03362,0.03426,0.03362,0.03384,590993,20070.29195
1783623600000,0.03384,0.03384,0.03361,0.03361,203282,6856.40575
1783627200000,0.03361,0.03374,0.03357,0.03368,145716,4900.2704
1783630800000,0.03368,0.0338,0.03363,0.03363,190368,6419.00552
1783634400000,0.03363,0.03368,0.03359,0.0336,62619,2106.18785
1783638000000,0.0336,0.03408,0.03345,0.0338,658376,22196.49597
1783641600000,0.0338,0.03397,0.03335,0.03359,1433042,48256.63109
1783645200000,0.03359,0.0344,0.03345,0.03405,599591,20403.79264
1783648800000,0.03405,0.0341,0.03382,0.03397,157827,5353.55841
1783652400000,0.03397,0.03401,0.03384,0.03392,145631,4938.10454
1783656000000,0.03392,0.03405,0.03389,0.03393,177702,6029.61817
1783659600000,0.03393,0.03407,0.03393,0.03402,69489,2363.79511
1783663200000,0.03402,0.03402,0.0339,0.03391,131371,4461.73692
1783666800000,0.03391,0.03401,0.03377,0.03388,329016,11141.24631
1783670400000,0.03388,0.0341,0.03377,0.03377,468979,15938.38049
1783674000000,0.03377,0.03413,0.03373,0.03407,302944,10262.13485
1783677600000,0.03407,0.0344,0.03401,0.03426,262829,8987.46286
1783681200000,0.03426,0.03426,0.03406,0.03416,301024,10279.2263
1783684800000,0.03416,0.03447,0.0341,0.03414,525528,18019.00936
1783688400000,0.03414,0.03422,0.03407,0.03409,105176,3593.13623
1783692000000,0.03409,0.03411,0.03342,0.03387,510343,17225.10064
1783695600000,0.03387,0.03418,0.03386,0.03414,208418,7102.01628
1783699200000,0.03414,0.03417,0.03397,0.03415,79094,2693.99629
1783702800000,0.03415,0.03415,0.03399,0.03399,105563,3597.03672
1783706400000,0.03399,0.03416,0.03394,0.03403,109604,3731.9921
1783710000000,0.03403,0.03421,0.034,0.03412,135868,4637.41289
1783713600000,0.03412,0.03423,0.03404,0.03412,178568,6094.11875
1783717200000,0.03412,0.0343,0.03408,0.03411,94399,3226.48811
1783720800000,0.03411,0.03439,0.03411,0.03437,127113,4358.01092
1783724400000,0.03437,0.03437,0.03418,0.03419,74986,2568.21263
1783728000000,0.03419,0.03443,0.03418,0.03439,400864,13752.7016
1783731600000,0.03439,0.03441,0.03419,0.03421,794458,27268.30599
1783735200000,0.03421,0.03433,0.03411,0.03427,178992,6126.53552
1783738800000,0.03427,0.0343,0.03409,0.03415,156738,5362.58824
1783742400000,0.03415,0.03418,0.0339,0.03394,145831,4965.54183
1783746000000,0.03394,0.034,0.03387,0.03395,205881,6986.26754
1783749600000,0.03395,0.03395,0.03367,0.03378,131750,4451.73869
1783753200000,0.03378,0.03396,0.03371,0.03386,262702,8882.54933
1783756800000,0.03386,0.03401,0.03384,0.03401,145496,4932.91394
1783760400000,0.03401,0.03445,0.03397,0.03418,450320,15403.0714
1783764000000,0.03418,0.03421,0.03404,0.03405,96583,3296.07644
1783767600000,0.03405,0.0342,0.03399,0.0341,116565,3977.9595
1783771200000,0.0341,0.03432,0.03403,0.03432,142218,4851.13573
1783774800000,0.03432,0.03439,0.03422,0.03431,102012,3500.02218
1783778400000,0.03431,0.03465,0.03429,0.03455,183998,6358.50471
1783782000000,0.03455,0.0348,0.03436,0.03456,304498,10515.80253
1783785600000,0.03456,0.03468,0.03439,0.03468,122795,4240.54811
1783789200000,0.03468,0.03488,0.03466,0.03476,187739,6529.14389
1783792800000,0.03476,0.03488,0.03469,0.03472,57391,1997.29275
1783796400000,0.03472,0.03474,0.03457,0.03466,99951,3463.4122
1783800000000,0.03466,0.03478,0.03461,0.03471,133942,4648.35803
1783803600000,0.03471,0.03471,0.03448,0.03452,72813,2518.97021
1783807200000,0.03452,0.03453,0.03428,0.03433,397322,13696.1412
1783810800000,0.03433,0.03444,0.03374,0.03379,221606,7534.14623
1783814400000,0.03379,0.03393,0.03357,0.03371,342640,11577.37791
1783818000000,0.03371,0.03406,0.03368,0.03402,270696,9167.56432
1783821600000,0.03402,0.03423,0.0339,0.03421,199436,6785.64982
1783825200000,0.03421,0.03425,0.03406,0.03409,66232,2261.46375
1783828800000,0.03409,0.0342,0.03399,0.03406,342134,11665.56525
1783832400000,0.03406,0.03412,0.03393,0.034,63400,2157.8937
1783836000000,0.034,0.034,0.03365,0.03382,303630,10244.80283
1783839600000,0.03382,0.03385,0.03368,0.03376,62544,2112.93944
1783843200000,0.03376,0.03389,0.03372,0.03373,260786,8811.05424
1783846800000,0.03373,0.03385,0.03365,0.03381,145178,4896.08814
1783850400000,0.03381,0.03381,0.03365,0.03372,220016,7414.45777
1783854000000,0.03372,0.03384,0.03356,0.03379,226715,7635.20806
1783857600000,0.03379,0.03392,0.0337,0.03372,171981,5815.47737
1783861200000,0.03372,0.03372,0.0336,0.0336,85604,2881.93636
1783864800000,0.0336,0.03379,0.0335,0.03372,179182,6016.59701
1783868400000,0.03372,0.0338,0.03366,0.03367,48133,1623.65907
1783872000000,0.03367,0.03391,0.03362,0.03378,449686,15198.28169
1783875600000,0.03378,0.03385,0.03361,0.03364,143741,4850.82891
1783879200000,0.03364,0.0337,0.03361,0.03366,36917,1241.61307
1783882800000,0.03366,0.0337,0.03359,0.03364,104477,3514.98868
1783886400000,0.03364,0.03364,0.03347,0.03348,238113,7987.33139
1783890000000,0.03348,0.03355,0.03332,0.03336,122960,4114.04458
1783893600000,0.03336,0.03336,0.03315,0.03331,370151,12306.96643
1783897200000,0.03331,0.03331,0.03305,0.03311,210011,6958.69542
1783900800000,0.03311,0.03376,0.03304,0.0334,819524,27432.06966
1783904400000,0.0334,0.03354,0.03297,0.03298,450067,14959.93867
1783908000000,0.03298,0.03331,0.03289,0.03313,729659,24171.66193
1783911600000,0.03313,0.03314,0.03227,0.03252,589070,19173.29622
1783915200000,0.03252,0.03266,0.03244,0.03249,212542,6925.36773
1783918800000,0.03249,0.03265,0.03234,0.03254,368910,11986.71809
1783922400000,0.03254,0.03261,0.03243,0.03252,226829,7374.32484
1783926000000,0.03252,0.03262,0.03243,0.03248,172307,5604.69679
1783929600000,0.03248,0.03272,0.03248,0.03261,232889,7588.81668
1783933200000,0.03261,0.03261,0.03251,0.03259,169164,5510.28625
1783936800000,0.03259,0.03264,0.0325,0.03252,135225,4404.01395
1783940400000,0.03252,0.03267,0.03252,0.03255,231326,7537.35734
1783944000000,0.03255,0.03258,0.03239,0.03242,261515,8496.14538
1783947600000,0.03242,0.03247,0.03209,0.03236,437378,14104.29858
1783951200000,0.03236,0.03249,0.03203,0.03245,402897,13023.41843
1783954800000,0.03245,0.03251,0.03214,0.03214,196879,6360.18174
1783958400000,0.03214,0.03225,0.0319,0.03198,464304,14860.94788
1783962000000,0.03198,0.03204,0.03146,0.03146,516730,16374.13955
1783965600000,0.03146,0.0318,0.03146,0.03176,311283,9850.70609
1783969200000,0.03176,0.03183,0.03164,0.03177,233335,7404.11062
1783972800000,0.03177,0.03181,0.0315,0.03174,350666,11090.91695
1783976400000,0.03174,0.03176,0.03126,0.03138,281928,8895.44288
1783980000000,0.03138,0.03159,0.03138,0.03149,246582,7779.14321
1783983600000,0.03149,0.03165,0.0314,0.03164,194247,6130.0682
1783987200000,0.03164,0.03187,0.0316,0.03184,86371,2738.4234
1783990800000,0.03184,0.03188,0.03171,0.03177,230485,7323.21744
1783994400000,0.03177,0.03179,0.03155,0.03157,356013,11270.25759
1783998000000,0.03157,0.03158,0.03135,0.03149,488927,15368.57018
1784001600000,0.03149,0.03175,0.03139,0.0317,169724,5368.51779
1784005200000,0.0317,0.03201,0.0317,0.03185,567665,18121.95223
1784008800000,0.03185,0.03203,0.03181,0.03197,329838,10518.09037
1784012400000,0.03197,0.032,0.03178,0.0318,475155,15158.98393
1784016000000,0.0318,0.03192,0.03173,0.03177,295178,9386.56313
1784019600000,0.03177,0.03183,0.03161,0.03168,255716,8114.81368
1784023200000,0.03168,0.03176,0.03162,0.03162,192726,6104.65249
1784026800000,0.03162,0.03162,0.03148,0.03156,318637,10042.8752
1784030400000,0.03156,0.03238,0.03147,0.03222,964729,30779.15916
1784034000000,0.03222,0.03273,0.03214,0.03256,665318,21644.88009
1784037600000,0.03256,0.03277,0.03237,0.03277,470750,15334.80295
1784041200000,0.03277,0.0332,0.03273,0.03307,822092,27116.33499
1784044800000,0.03307,0.03324,0.03287,0.03287,463663,15333.96566
1784048400000,0.03287,0.03289,0.0326,0.03288,325320,10633.58941
1784052000000,0.03288,0.033,0.03261,0.03287,484364,15866.17436
1784055600000,0.03287,0.03287,0.03254,0.0326,372239,12149.76558
1784059200000,0.0326,0.03261,0.03245,0.0325,161922,5266.20871
1784062800000,0.0325,0.03254,0.03242,0.03242,141622,4603.71735
1784066400000,0.03242,0.0326,0.0323,0.03242,495604,16086.30746
1784070000000,0.03242,0.03258,0.03242,0.03248,78206,2541.32662
1784073600000,0.03248,0.03254,0.03243,0.03253,118516,3848.83111
1784077200000,0.03253,0.03268,0.03236,0.03244,327292,10648.93467
1784080800000,0.03244,0.03254,0.03233,0.03235,170363,5518.34165
1784084400000,0.03235,0.03248,0.03231,0.03245,482028,15624.32175
1784088000000,0.03245,0.03245,0.03226,0.03226,209094,6768.62669
1784091600000,0.03226,0.03236,0.03208,0.03236,195227,6285.20949
1784095200000,0.03236,0.03245,0.03224,0.03228,67868,2195.28715
1784098800000,0.03228,0.03298,0.03228,0.03255,606851,19824.17599
1784102400000,0.03255,0.03304,0.0325,0.03282,258754,8475.12164
1784106000000,0.03282,0.03319,0.03281,0.03285,230627,7605.06528
1784109600000,0.03285,0.03293,0.03271,0.03274,47961,1572.27702
1784113200000,0.03274,0.03286,0.03265,0.03284,746831,24477.02906
1784116800000,0.03284,0.03356,0.03277,0.03355,1033251,34157.78148
1784120400000,0.03355,0.03468,0.03353,0.03454,2695752,92180.55613
1784124000000,0.03454,0.0348,0.03443,0.03447,1721889,59669.46353
1784127600000,0.03447,0.03474,0.03419,0.03423,532707,18332.52455
1784131200000,0.03423,0.0343,0.0339,0.03406,878219,29957.43424
1784134800000,0.03406,0.03447,0.03406,0.0341,881013,30145.95464
1784138400000,0.0341,0.03415,0.03383,0.03383,363048,12344.60436
1784142000000,0.03383,0.03392,0.03371,0.03383,437913,14806.71659
1784145600000,0.03383,0.03467,0.03374,0.03462,1758004,60164.92241
1784149200000,0.03462,0.03538,0.03446,0.03477,2026959,70696.62439
1784152800000,0.03477,0.03491,0.03462,0.03464,547845,19067.09928
1784156400000,0.03464,0.03491,0.03425,0.03431,801923,27676.48378
1784160000000,0.03431,0.03436,0.03406,0.03414,855721,29242.03922
1784163600000,0.03414,0.03432,0.03407,0.03426,151327,5175.70455
1784167200000,0.03426,0.03426,0.03401,0.03408,154646,5278.03964
1784170800000,0.03408,0.03412,0.03398,0.034,369632,12584.34208
1784174400000,0.034,0.03401,0.03365,0.03389,631050,21300.39651
1784178000000,0.03389,0.03389,0.03362,0.03381,397250,13404.63983
1784181600000,0.03381,0.03395,0.0336,0.03364,304780,10287.87359
1784185200000,0.03364,0.03366,0.0334,0.03352,293917,9853.30182
1784188800000,0.03352,0.03352,0.03302,0.03341,683571,22727.78449
1784192400000,0.03341,0.03351,0.03337,0.03347,199686,6682.15145
1784196000000,0.03347,0.03352,0.03338,0.03339,95903,3209.9925
1784199600000,0.03339,0.0335,0.03327,0.03336,284283,9491.82077
1784203200000,0.03336,0.03429,0.03326,0.03351,1691827,57195.85851
1784206800000,0.03351,0.03374,0.03347,0.03352,188617,6343.87617
1784210400000,0.03352,0.03376,0.03352,0.03366,289313,9747.24056
1784214000000,0.03366,0.0337,0.03347,0.03353,199724,6709.16781
1784217600000,0.03353,0.03357,0.03318,0.03322,512185,17077.17239
1784221200000,0.03322,0.03322,0.03295,0.03298,233577,7725.11321
1784224800000,0.03298,0.03314,0.03291,0.0331,225786,7454.66084
1784228400000,0.0331,0.0331,0.03295,0.03298,218110,7200.40125
1784232000000,0.03298,0.03298,0.03289,0.03291,126174,4156.81447
1784235600000,0.03291,0.03304,0.03287,0.03295,129534,4269.70986
1784239200000,0.03295,0.03304,0.03261,0.03263,129116,4234.23122
1784242800000,0.03263,0.0327,0.03248,0.03254,163763,5329.18611
1784246400000,0.03254,0.03274,0.03245,0.03274,230842,7520.64927
1784250000000,0.03274,0.03276,0.0325,0.03254,83603,2726.08954
1784253600000,0.03254,0.03258,0.03231,0.03241,169201,5480.38406
1784257200000,0.03241,0.03268,0.0324,0.03254,52737,1716.99484
1784260800000,0.03254,0.03265,0.03244,0.03263,167466,5445.0815
1784264400000,0.03263,0.03265,0.03233,0.03237,159109,5182.35653
1784268000000,0.03237,0.03261,0.03237,0.03258,140442,4568.80827
1784271600000,0.03258,0.03258,0.03236,0.0324,158510,5147.26479
1784275200000,0.0324,0.03249,0.03227,0.03245,316479,10253.38
1784278800000,0.03245,0.0326,0.03241,0.0326,36687,1193.50324
1784282400000,0.0326,0.03294,0.0326,0.03293,208721,6853.39568
1784286000000,0.03293,0.03309,0.03289,0.03289,159102,5249.67442
1784289600000,0.03289,0.0329,0.03262,0.03268,201401,6594.20235
1784293200000,0.03268,0.03301,0.03215,0.03293,1286506,41853.09845
1784296800000,0.03293,0.03363,0.03293,0.03327,1127983,37526.4088
1784300400000,0.03327,0.03343,0.03316,0.03329,501550,16700.44047
1784304000000,0.03329,0.0334,0.03313,0.03315,252481,8392.55433
1784307600000,0.03315,0.03334,0.03308,0.03308,63067,2093.88666
1784311200000,0.03308,0.03318,0.03296,0.03314,80294,2655.76663
1784314800000,0.03314,0.03314,0.03294,0.03303,115641,3814.95563
1784318400000,0.03303,0.03304,0.03283,0.03291,171725,5654.44055
1784322000000,0.03291,0.03296,0.03286,0.03286,20900,687.6843
1784325600000,0.03286,0.0329,0.03278,0.03286,49900,1637.82911
1784329200000,0.03286,0.03341,0.03273,0.03315,863788,28637.07452
1784332800000,0.03315,0.03324,0.03292,0.03292,53640,1776.34089
1784336400000,0.03292,0.03299,0.0328,0.03283,75942,2496.24881
1784340000000,0.03283,0.03287,0.03275,0.03278,79381,2604.92144
1784343600000,0.03278,0.03281,0.03269,0.03281,43686,1431.45185
1784347200000,0.03281,0.03282,0.03264,0.0327,57148,1868.81417
1784350800000,0.0327,0.03274,0.03256,0.03257,43607,1424.53863
1784354400000,0.03257,0.03267,0.03253,0.0326,20163,657.08721
1784358000000,0.0326,0.03263,0.03181,0.03203,1720400,55164.49018
1784361600000,0.03203,0.03214,0.03203,0.03209,55856,1793.60706
1784365200000,0.03209,0.03218,0.03193,0.03214,399368,12789.02255
1784368800000,0.03214,0.03227,0.03209,0.03211,90842,2923.94921
1784372400000,0.03211,0.03215,0.03207,0.03209,250002,8028.55591
1784376000000,0.03209,0.03215,0.0319,0.03204,82782,2644.95711
1784379600000,0.03204,0.03204,0.0318,0.0318,80169,2553.89351
1784383200000,0.0318,0.03196,0.0318,0.03194,101454,3239.39827
1784386800000,0.03194,0.03203,0.03188,0.03197,103529,3310.90587
1784390400000,0.03197,0.0321,0.03186,0.03204,131008,4189.72341
1784394000000,0.03204,0.03218,0.03199,0.03214,185918,5967.49439
1784397600000,0.03214,0.03225,0.03203,0.03207,230553,7396.85362
1784401200000,0.03207,0.03213,0.03206,0.03208,37415,1200.78902
1784404800000,0.03208,0.03218,0.03207,0.03214,49687,1595.58436
1784408400000,0.03214,0.03239,0.03213,0.03239,201151,6488.06502
1784412000000,0.03239,0.0325,0.0323,0.03236,90925,2943.60907
1784415600000,0.03236,0.0324,0.03228,0.03232,127043,4108.24477
1784419200000,0.03232,0.03239,0.03227,0.03235,51140,1654.24073
1784422800000,0.03235,0.03238,0.03199,0.03213,278639,8963.54357
1784426400000,0.03213,0.03252,0.03213,0.03243,134208,4340.35421
1784430000000,0.03243,0.03243,0.03219,0.03223,58593,1889.95722
1784433600000,0.03223,0.0323,0.03219,0.03223,24703,796.25248
1784437200000,0.03223,0.03229,0.0322,0.03224,44592,1436.97712
1784440800000,0.03224,0.0323,0.0322,0.03227,127801,4122.45477
1784444400000,0.03227,0.03238,0.0321,0.03213,156380,5047.48536
1784448000000,0.03213,0.0322,0.03207,0.03213,64263,2065.93732
1784451600000,0.03213,0.0322,0.03188,0.03193,393751,12602.72304
1784455200000,0.03193,0.03214,0.03184,0.03205,211123,6745.54154
1784458800000,0.03205,0.03209,0.03184,0.03187,93705,2992.90208
1784462400000,0.03187,0.0319,0.03175,0.03175,245974,7825.9182
1784466000000,0.03175,0.03182,0.03172,0.03179,98052,3114.88436
1784469600000,0.03179,0.03249,0.03176,0.03197,1193467,38357.36817
1784473200000,0.03197,0.03197,0.03161,0.03169,601448,19077.8531
1784476800000,0.03169,0.03173,0.03148,0.03149,171493,5423.69164
1784480400000,0.03149,0.0315,0.03113,0.0313,584723,18299.56721
1784484000000,0.0313,0.0313,0.03102,0.03113,450588,14040.66341
1784487600000,0.03113,0.03117,0.03103,0.03117,253656,7885.93788
1784491200000,0.03117,0.0321,0.03117,0.03166,2062754,65308.98938
1784494800000,0.03166,0.03188,0.03099,0.03104,819223,25780.80572
1784498400000,0.03104,0.03151,0.03104,0.03136,211357,6618.33477
1784502000000,0.03136,0.03141,0.03126,0.03138,219947,6887.82477
1784505600000,0.03138,0.03182,0.0313,0.03146,269226,8492.80279
1784509200000,0.03146,0.03171,0.03129,0.03138,55060,1732.67939
1784512800000,0.03138,0.03154,0.03114,0.03117,321635,10058.82995
1784516400000,0.03117,0.03129,0.03111,0.03114,327773,10218.99312
1784520000000,0.03114,0.03116,0.03093,0.03095,313154,9704.34575
1784523600000,0.03095,0.03095,0.03055,0.0307,177916,5465.8228
1784527200000,0.0307,0.03079,0.03052,0.03061,379219,11620.57288
1784530800000,0.03061,0.03097,0.03056,0.03095,183552,5632.75502
1784534400000,0.03095,0.03108,0.03065,0.03068,712315,22000.95321
1784538000000,0.03068,0.03098,0.03064,0.03096,189194,5821.30419
1784541600000,0.03096,0.03103,0.03087,0.03103,204281,6324.33498
1784545200000,0.03103,0.03133,0.03103,0.03128,411904,12823.1662
1784548800000,0.03128,0.03134,0.03107,0.03108,185889,5801.34836
1784552400000,0.03108,0.03115,0.03085,0.0309,282799,8752.15974
1784556000000,0.0309,0.03094,0.03066,0.03082,224634,6926.40989
1784559600000,0.03082,0.0315,0.03082,0.03141,345872,10783.53474
1784563200000,0.03141,0.03149,0.0312,0.03143,527408,16544.93083
1784566800000,0.03143,0.03156,0.03134,0.03146,175128,5511.99818
1784570400000,0.03146,0.03162,0.03145,0.0315,221415,6988.25376
1784574000000,0.0315,0.03158,0.03137,0.03155,257565,8112.40057
1784577600000,0.03155,0.0316,0.03145,0.03152,145545,4591.43535
1784581200000,0.03152,0.03164,0.03148,0.03148,179410,5667.21034
1784584800000,0.03148,0.03148,0.03125,0.03129,348067,10905.26474
1784588400000,0.03129,0.03148,0.03129,0.03146,147998,4647.62282
1784592000000,0.03146,0.03184,0.03133,0.03176,357576,11324.33295
1784595600000,0.03176,0.03247,0.03168,0.03218,1073730,34579.58086
1784599200000,0.03218,0.03292,0.03197,0.03275,868087,28192.4849
1784602800000,0.03275,0.03491,0.03275,0.03478,3957079,133408.47474
1784606400000,0.03478,0.03478,0.03253,0.03365,6108856,205064.30517
1784610000000,0.03365,0.03451,0.0335,0.03391,3352812,113885.11175
1784613600000,0.03391,0.03489,0.03383,0.0343,2854664,97984.3844
1784617200000,0.0343,0.03445,0.03252,0.03278,4155053,139296.54667
1784620800000,0.03278,0.03298,0.03235,0.03268,1253678,40932.81974
1784624400000,0.03268,0.03305,0.03264,0.03276,1483612,48682.00028
1784628000000,0.03276,0.03309,0.03275,0.03303,422132,13898.67942
1784631600000,0.03303,0.0334,0.03298,0.03334,498309,16523.13324
1784635200000,0.03334,0.03358,0.03296,0.0334,943640,31332.1858
1784638800000,0.0334,0.03346,0.03299,0.03314,406795,13510.57583
1784642400000,0.03314,0.03318,0.03272,0.03284,956482,31524.60863
1784646000000,0.03284,0.03328,0.03276,0.03326,553775,18295.23317
1784649600000,0.03326,0.03331,0.0329,0.03303,390864,12922.69611
1784653200000,0.03303,0.03303,0.03277,0.03302,124858,4110.76722
1784656800000,0.03302,0.03304,0.0329,0.03297,489582,16136.84668
1784660400000,0.03297,0.03301,0.03282,0.03285,402853,13265.45727
1784664000000,0.03285,0.0329,0.03282,0.03285,114897,3774.35551
1784667600000,0.03285,0.03285,0.03277,0.03285,156417,5134.58509
1784671200000,0.03285,0.03286,0.03268,0.03275,237588,7782.41943
1784674800000,0.03275,0.03287,0.03268,0.03286,206771,6778.4751
1784678400000,0.03286,0.03474,0.03282,0.03386,18836192,643838.17652
1784682000000,0.03386,0.0346,0.03239,0.03274,10168739,339752.59531
1784685600000,0.03274,0.03302,0.03258,0.03263,1181363,38721.44615
1784689200000,0.03263,0.03266,0.0321,0.03219,1331589,43032.59797
1784692800000,0.03219,0.03233,0.03205,0.03205,350838,11304.37917
1784696400000,0.03205,0.03207,0.03186,0.03195,388657,12419.50686
1784700000000,0.03195,0.03195,0.03163,0.03172,1142406,36280.14862
1784703600000,0.03172,0.03207,0.03164,0.03202,446245,14183.52814
1784707200000,0.03202,0.0322,0.03182,0.03197,866395,27684.87715
1784710800000,0.03197,0.03201,0.03185,0.0319,228331,7290.79319
1784714400000,0.0319,0.03206,0.0319,0.03198,471084,15074.04702
1784718000000,0.03198,0.03206,0.03186,0.03191,317001,10123.14278
1784721600000,0.03191,0.03191,0.03151,0.03166,620456,19651.25687
1784725200000,0.03166,0.03194,0.03164,0.0319,274567,8730.56989
1784728800000,0.0319,0.03216,0.03183,0.03193,193342,6185.96029
1784732400000,0.03193,0.03218,0.03193,0.03195,322052,10338.62124
1784736000000,0.03195,0.03216,0.03194,0.03212,197133,6319.25279
1784739600000,0.03212,0.03216,0.03195,0.03199,158059,5058.63138
1784743200000,0.03199,0.03203,0.03178,0.03185,421247,13433.87457
1784746800000,0.03185,0.03251,0.0316,0.03188,1914188,61440.86031
1784750400000,0.03188,0.03206,0.03185,0.03195,317414,10158.56055
1784754000000,0.03195,0.03218,0.03195,0.03216,278953,8959.0536
1784757600000,0.03216,0.03216,0.03188,0.032,570234,18253.11492
1784761200000,0.032,0.032,0.03172,0.03182,894925,28492.48329
1784764800000,0.03182,0.03232,0.03153,0.0323,1683673,53682.69984
1784768400000,0.0323,0.03285,0.0322,0.03243,1066056,34676.20796
1784772000000,0.03243,0.03257,0.03235,0.03252,424684,13782.88784
1784775600000,0.03252,0.03291,0.03218,0.03272,1567228,50900.30779
1784779200000,0.03272,0.03348,0.03269,0.03339,1874357,62141.6877
1784782800000,0.03339,0.03447,0.03265,0.03297,7419075,249124.77941
1784786400000,0.03297,0.03312,0.03237,0.0329,2210572,72235.27169
1784790000000,0.0329,0.03373,0.03288,0.03348,2618384,87389.42565
1784793600000,0.03348,0.03511,0.0329,0.03298,8975226,307052.56561
1784797200000,0.03298,0.03401,0.03297,0.03387,4236637,141798.97361
1784800800000,0.03387,0.03453,0.03361,0.03413,2193429,74662.09376
1784804400000,0.03413,0.03471,0.03399,0.03422,2312866,79399.31723
1784808000000,0.03422,0.03447,0.0336,0.0339,3298495,112293.96029
1784811600000,0.0339,0.03479,0.03336,0.03377,12093627,411634.77365
1784815200000,0.03377,0.03395,0.03341,0.03349,1783806,60057.39689
1784818800000,0.03349,0.03389,0.03325,0.0334,1646810,55118.05596
1784822400000,0.0334,0.03363,0.03312,0.03355,774078,25830.87478
1784826000000,0.03355,0.03374,0.03326,0.03329,665571,22303.49759
1784829600000,0.03329,0.03381,0.03324,0.03342,977829,32868.52801
1784833200000,0.03342,0.0335,0.03313,0.03317,482166,16027.99709
1784836800000,0.03317,0.03352,0.03317,0.03339,636577,21248.72943
1784840400000,0.03339,0.03343,0.03302,0.03308,429088,14220.45937
1784844000000,0.03308,0.03358,0.03307,0.03329,836050,27828.03116
1784847600000,0.03329,0.0334,0.03285,0.03294,894782,29633.0065
1784851200000,0.03294,0.03294,0.03192,0.03277,3194892,103392.92362
1784854800000,0.03277,0.03478,0.03277,0.03414,8257584,280979.29341
1784858400000,0.03414,0.03433,0.03347,0.03359,3307649,112090.13523
1784862000000,0.03359,0.03417,0.03352,0.03383,1451860,49263.38197
1784865600000,0.03383,0.03467,0.03366,0.03378,2914269,99765.0933
1784869200000,0.03378,0.03391,0.03334,0.03341,1715878,57627.66576
1784872800000,0.03341,0.03484,0.03338,0.03462,2898058,99007.07585
1784876400000,0.03462,0.03512,0.03409,0.03487,4845320,167138.48697
1784880000000,0.03487,0.03491,0.03429,0.03449,2870637,99067.40566
1784883600000,0.03449,0.03708,0.03432,0.03651,26463593,954694.64889
1784887200000,0.03651,0.03797,0.03586,0.03793,19759488,727029.66327
1784890800000,0.03793,0.03938,0.03727,0.03814,27334108,1046804.70811
1784894400000,0.03814,0.03932,0.03705,0.03731,23805669,907964.69557
1784898000000,0.03731,0.03766,0.03611,0.03639,14399526,530463.6218
1784901600000,0.03639,0.03698,0.03605,0.03678,5153080,187851.85191
1784905200000,0.03678,0.037,0.03584,0.03591,6533837,237601.12132
1784908800000,0.03591,0.0366,0.0356,0.03628,8581008,308716.67966
1784912400000,0.03628,0.03655,0.03614,0.03637,1738093,63180.88666
1784916000000,0.03637,0.03762,0.03634,0.03747,7009070,260731.40667
1784919600000,0.03747,0.03767,0.03723,0.03738,3565897,133546.9403
1784923200000,0.03738,0.03743,0.03707,0.03718,1736334,64697.93525
1784926800000,0.03718,0.03725,0.03615,0.03642,2577421,94371.11576
1784930400000,0.03642,0.03688,0.03629,0.03664,1949082,71197.90401
1784934000000,0.03664,0.03676,0.03601,0.03644,3116500,113455.68116
1784937600000,0.03644,0.03666,0.03531,0.03553,9703830,348789.81938
1784941200000,0.03553,0.03567,0.03473,0.03478,4751156,166492.08005
1784944800000,0.03478,0.03517,0.03454,0.03465,2995891,104243.3918
1784948400000,0.03465,0.03473,0.03409,0.03416,2928555,100766.7957
1784952000000,0.03416,0.03476,0.03413,0.03449,1810669,62337.54193
1784955600000,0.03449,0.03485,0.03445,0.03467,1972847,68439.74213
1784959200000,0.03467,0.03499,0.03419,0.03425,2885282,99873.33806
1784962800000,0.03425,0.03532,0.03421,0.03502,2800417,97367.21822
1784966400000,0.03502,0.03521,0.03455,0.03456,2652449,92678.81493
1784970000000,0.03456,0.0348,0.03405,0.03434,3416563,117673.48878
1784973600000,0.03434,0.03487,0.03433,0.03485,848631,29378.66186
1784977200000,0.03485,0.03572,0.03474,0.03502,4401530,154890.06635
1784980800000,0.03502,0.03519,0.03445,0.03468,1958760,68124.1752
1784984400000,0.03468,0.03485,0.03435,0.03461,1176284,40729.37143
1784988000000,0.03461,0.03464,0.03436,0.03453,787735,27171.94798
1784991600000,0.03453,0.03491,0.03446,0.03474,865885,30051.35371
1784995200000,0.03474,0.03475,0.03429,0.03436,1166880,40306.41738
1784998800000,0.03436,0.0346,0.03433,0.03458,349271,12028.71945
1785002400000,0.03458,0.03467,0.03434,0.0344,457397,15773.32982
1785006000000,0.0344,0.03454,0.03417,0.03424,536190,18432.50164
1785009600000,0.03424,0.03424,0.03361,0.03377,1424787,48263.5631
1785013200000,0.03377,0.03397,0.03362,0.03383,1154016,38994.4849
1785016800000,0.03383,0.03414,0.03382,0.03406,420706,14312.92004
1785020400000,0.03406,0.03442,0.03381,0.03395,1243732,42490.86332
1785024000000,0.03395,0.03395,0.03319,0.03345,1903658,63887.1547
1785027600000,0.03345,0.0335,0.03319,0.03323,507387,16897.11974
1785031200000,0.03323,0.03355,0.033,0.03341,1188568,39510.15069
1785034800000,0.03341,0.03344,0.0332,0.03333,515632,17201.64211
1785038400000,0.03333,0.03339,0.03315,0.03315,407042,13546.16453
1785042000000,0.03315,0.03317,0.03252,0.03279,2569999,84217.01784
1785045600000,0.03279,0.0331,0.03277,0.03289,1140909,37579.17008
1785049200000,0.03289,0.03298,0.03271,0.03286,1042547,34253.33689
1785052800000,0.03286,0.03307,0.0328,0.03291,763645,25149.61729
1785056400000,0.03291,0.03293,0.03269,0.03275,358700,11769.80555
1785060000000,0.03275,0.0328,0.03244,0.03246,1024586,33405.79867
1785063600000,0.03246,0.03252,0.03231,0.03237,402236,13031.58584
1785067200000,0.03237,0.03261,0.03232,0.03253,332701,10795.28236
1785070800000,0.03253,0.03257,0.03242,0.03245,647937,21049.12204
1785074400000,0.03245,0.03275,0.03244,0.03256,570461,18590.75798
1785078000000,0.03256,0.03267,0.03245,0.03265,327800,10674.23174
1785081600000,0.03265,0.03279,0.03257,0.03265,667114,21811.78512
1785085200000,0.03265,0.03272,0.03253,0.03262,607149,19807.74803
1785088800000,0.03262,0.03263,0.03244,0.03247,144867,4705.37422
1785092400000,0.03247,0.03252,0.03233,0.03243,702496,22765.13596
1785096000000,0.03243,0.03249,0.03235,0.03235,155477,5041.10169
1785099600000,0.03235,0.03244,0.03207,0.03227,947347,30504.79193
1785103200000,0.03227,0.03263,0.03227,0.03257,477299,15501.25634
1785106800000,0.03257,0.03268,0.03242,0.03265,711412,23138.41105
1785110400000,0.03265,0.03265,0.03221,0.03227,925900,29961.92801
1785114000000,0.03227,0.03235,0.03194,0.03215,732293,23516.01695
1785117600000,0.03215,0.03233,0.03203,0.03225,478610,15412.15383
1785121200000,0.03225,0.03227,0.03209,0.03215,699439,22508.25614
1785124800000,0.03215,0.03218,0.0314,0.03185,1842141,58564.20075
1785128400000,0.03185,0.03197,0.03179,0.03191,559569,17851.20017
1785132000000,0.03191,0.03193,0.03167,0.03167,804470,25590.58067
1785135600000,0.03167,0.03181,0.03141,0.03147,559699,17688.72642
1785139200000,0.03147,0.03176,0.03136,0.03137,763398,24102.69846
1785142800000,0.03137,0.03154,0.03117,0.03154,776793,24375.29337
1785146400000,0.03154,0.03154,0.03126,0.03141,857443,26907.42255
1785150000000,0.03141,0.03142,0.03122,0.03142,424451,13288.12422
1785153600000,0.03142,0.03146,0.03064,0.03088,2907254,89958.49785
1785157200000,0.03088,0.03105,0.03067,0.0309,1045367,32226.99201
1785160800000,0.0309,0.03107,0.02997,0.03026,2423527,73823.00143
1785164400000,0.03026,0.03059,0.03002,0.03017,1453702,44075.73817
1785168000000,0.03017,0.03032,0.02987,0.03029,1222417,36730.35118
1785171600000,0.03029,0.03051,0.03025,0.03035,1184951,36021.69244
1785175200000,0.03035,0.03051,0.03028,0.03046,669429,20349.89912
1785178800000,0.03046,0.03076,0.03045,0.03069,503715,15419.80602
1785182400000,0.03069,0.03105,0.03052,0.03082,823580,25336.47494
1785186000000,0.03082,0.03082,0.03033,0.03042,498288,15233.98072
1785189600000,0.03042,0.03066,0.02984,0.02992,828619,25105.3893
1785193200000,0.02992,0.02996,0.02964,0.02975,1356661,40413.48675
1785196800000,0.02975,0.03006,0.02953,0.02975,607762,18143.55165
1785200400000,0.02975,0.02984,0.02926,0.02938,1147329,33758.00806
1785204000000,0.02938,0.02953,0.02923,0.02951,667925,19631.46088
1785207600000,0.02951,0.02954,0.02909,0.02932,513771,15030.57806
1785211200000,0.02932,0.02936,0.02881,0.0289,1212544,35228.39252
1785214800000,0.0289,0.0294,0.0289,0.02921,734047,21396.74654
1785218400000,0.02921,0.02928,0.02915,0.02926,156542,4573.51466
1785222000000,0.02926,0.02932,0.02899,0.029,97517,2837.98657
1785225600000,0.029,0.02909,0.02882,0.02896,421736,12196.20026
1785229200000,0.02896,0.02903,0.02875,0.02897,199290,5759.78683
1785232800000,0.02897,0.0292,0.02897,0.02914,744839,21670.64229
1785236400000,0.02914,0.02927,0.02888,0.02919,605539,17599.67748
1785240000000,0.02919,0.02919,0.02878,0.02905,477317,13816.78944
1785243600000,0.02905,0.02905,0.02848,0.02862,368783,10590.61928
1785247200000,0.02862,0.02896,0.02827,0.02885,711612,20324.7889
1785250800000,0.02885,0.02929,0.02874,0.02914,660849,19227.31883
1785254400000,0.02914,0.02923,0.029,0.02913,491725,14304.65591
1785258000000,0.02913,0.02914,0.0288,0.02887,264565,7651.08838
1785261600000,0.02887,0.02906,0.02887,0.02902,90353,2619.23041
1785265200000,0.02902,0.02908,0.02894,0.02901,88849,2576.55817
1785268800000,0.02901,0.02912,0.02896,0.02907,209023,6070.54086
1785272400000,0.02907,0.02913,0.02891,0.02893,221543,6418.51905
1785276000000,0.02893,0.02906,0.02872,0.02877,332746,9616.73244
1785279600000,0.02877,0.02908,0.0287,0.02892,357490,10300.89474
1785283200000,0.02892,0.02926,0.02892,0.02893,487921,14203.90929
1785286800000,0.02893,0.02893,0.02844,0.02847,611941,17541.504
1785290400000,0.02847,0.02854,0.02825,0.02828,811040,23012.77027
1785294000000,0.02828,0.02832,0.0276,0.02771,2025823,56595.27633
1785297600000,0.02771,0.02794,0.02745,0.02784,1268106,35089.2544
1785301200000,0.02784,0.02794,0.02774,0.02774,201863,5619.11233
1785304800000,0.02774,0.02793,0.02769,0.02784,144827,4031.76409
1785308400000,0.02784,0.0279,0.02773,0.02783,258792,7196.77439
1785312000000,0.02783,0.02788,0.02766,0.02778,255816,7101.80407
1785315600000,0.02778,0.02786,0.02763,0.02774,483720,13419.67773
1785319200000,0.02774,0.02778,0.02752,0.02759,144612,3997.4747
1785322800000,0.02759,0.02771,0.02759,0.02764,94830,2621.86448
1785326400000,0.02764,0.02766,0.02751,0.02759,73078,2015.83906
1785330000000,0.02759,0.02772,0.02749,0.02759,394410,10881.94041
1785333600000,0.02759,0.02769,0.02728,0.02747,968553,26630.17847
1785337200000,0.02747,0.02786,0.02744,0.02756,669874,18545.94242
1785340800000,0.02756,0.02776,0.02747,0.02758,354571,9800.47766
1785344400000,0.02758,0.02773,0.02749,0.02769,210315,5803.41109
1785348000000,0.02769,0.02808,0.02758,0.02783,927725,25835.06573
1785351600000,0.02783,0.02788,0.02722,0.0273,551362,15154.20249
1785355200000,0.0273,0.02754,0.02703,0.02729,2476745,67805.60789
1785358800000,0.02729,0.02754,0.02714,0.02752,269465,7350.5957
1785362400000,0.02752,0.02776,0.02752,0.02776,33161,916.96395
1785366000000,0.02776,0.0281,0.02765,0.0281,289091,8046.50679
1785369600000,0.0281,0.0281,0.0274,0.0276,1767434,48966.8302
1785373200000,0.0276,0.02791,0.0276,0.02788,383416,10661.29323
1785376800000,0.02788,0.02805,0.02784,0.02797,144980,4049.17225
1785380400000,0.02797,0.02812,0.02792,0.02792,215058,6023.46402
1785384000000,0.02792,0.02802,0.02786,0.02795,368802,10297.18685
1785387600000,0.02795,0.02799,0.02768,0.02797,289552,8046.32388
1785391200000,0.02797,0.02826,0.02797,0.02819,374654,10533.49176
1785394800000,0.02819,0.02842,0.02811,0.0282,536945,15174.38465
1785398400000,0.0282,0.02838,0.02806,0.02819,698266,19717.58802
1785402000000,0.02819,0.02825,0.02806,0.02809,442427,12447.57058
1785405600000,0.02809,0.02819,0.02802,0.02802,239080,6715.48015
1785409200000,0.02802,0.02809,0.02785,0.02807,391344,10938.82078
1785412800000,0.02807,0.02814,0.02799,0.02799,285628,8016.3178
1785416400000,0.02799,0.02825,0.02795,0.02819,462187,12982.30146
1785420000000,0.02819,0.02845,0.02819,0.02826,575564,16316.945
1785423600000,0.02826,0.02833,0.02808,0.02817,108704,3062.4843
1785427200000,0.02817,0.02842,0.02815,0.02831,791607,22389.35399
1785430800000,0.02831,0.02835,0.02813,0.02826,59957,1693.37853
1785434400000,0.02826,0.02829,0.02815,0.02823,122205,3444.96133
1785438000000,0.02823,0.02824,0.02806,0.02818,465033,13084.66407
1785441600000,0.02818,0.02831,0.02818,0.02821,252273,7129.71794
1785445200000,0.02821,0.02824,0.02813,0.02821,89370,2518.98979
1785448800000,0.02821,0.02832,0.02814,0.02816,197083,5564.01152
1785452400000,0.02816,0.0283,0.02807,0.0281,101750,2866.96692
1785456000000,0.0281,0.02838,0.02806,0.02837,212405,5991.08927
1785459600000,0.02837,0.02854,0.02798,0.028,937279,26501.11253
1785463200000,0.028,0.02805,0.02788,0.02793,273042,7640.74226
1785466800000,0.02793,0.02803,0.02787,0.02794,174665,4882.00135
1785470400000,0.02794,0.02795,0.02769,0.02773,684134,19050.54199
1785474000000,0.02773,0.02781,0.02768,0.02776,196730,5464.28403
1785477600000,0.02776,0.02786,0.02764,0.02768,455338,12633.90981
1785481200000,0.02768,0.0278,0.02756,0.02776,357514,9879.58798
1785484800000,0.02776,0.02791,0.02773,0.02774,952320,26497.37826
1785488400000,0.02774,0.02817,0.02774,0.02784,1991208,55633.96907
1785492000000,0.02784,0.02845,0.02783,0.0283,887391,24991.79229
1785495600000,0.0283,0.02869,0.02824,0.02825,1055678,30096.02968
1785499200000,0.02825,0.02854,0.02824,0.0285,774353,21988.33458
1785502800000,0.0285,0.0286,0.02832,0.02838,331926,9441.2836
1785506400000,0.02838,0.02844,0.02811,0.02832,606009,17153.02522
1785510000000,0.02832,0.02866,0.02828,0.02849,357901,10187.70943
1785513600000,0.02849,0.02852,0.02828,0.02834,93027,2641.53036
1785517200000,0.02834,0.02836,0.02824,0.02833,80041,2266.61046
1785520800000,0.02833,0.02833,0.02812,0.0282,219208,6194.75511
1785524400000,0.0282,0.02822,0.028,0.02805,158226,4439.78266
1785528000000,0.02805,0.02812,0.02798,0.028,281563,7894.97876
1785531600000,0.028,0.02812,0.02795,0.02796,158701,4449.97233
1785535200000,0.02796,0.0282,0.02796,0.02811,50287,1413.23457
1785538800000,0.02811,0.0282,0.02804,0.02817,132956,3742.26961
1785542400000,0.02817,0.02958,0.02817,0.02855,6473419,186603.97032
1785546000000,0.02855,0.02855,0.02825,0.02832,725772,20649.26939
1785549600000,0.02832,0.02835,0.02814,0.02814,561416,15863.08143
1785553200000,0.02814,0.02821,0.02808,0.02818,337374,9486.06037
1785556800000,0.02818,0.02828,0.0281,0.02818,360524,10159.27923
1785560400000,0.02818,0.02868,0.02813,0.02853,676596,19214.18028
1785564000000,0.02853,0.02864,0.02842,0.02843,255203,7286.50282
1785567600000,0.02843,0.02848,0.02819,0.02819,104117,2945.55714
1785571200000,0.02819,0.02851,0.02815,0.02837,823264,23267.97881
1785574800000,0.02837,0.02837,0.02822,0.02825,138305,3913.77605
1785578400000,0.02825,0.02825,0.02807,0.02819,149426,4209.90236
1785582000000,0.02819,0.02827,0.02817,0.02824,137793,3887.41864
1785585600000,0.02824,0.02842,0.02824,0.0283,266902,7566.38732
1785589200000,0.0283,0.02834,0.02809,0.02819,627121,17680.34735
1785592800000,0.02819,0.02828,0.0281,0.0282,341162,9622.79434
1785596400000,0.0282,0.02823,0.02797,0.02797,304437,8564.49298
1785600000000,0.02797,0.02846,0.02797,0.02825,392425,11082.07446
1785603600000,0.02825,0.02831,0.02792,0.02809,588749,16545.35399
1785607200000,0.02809,0.0281,0.02766,0.02792,565265,15728.91794
1785610800000,0.02792,0.02803,0.02787,0.02792,214138,5987.3782
1785614400000,0.02792,0.02805,0.02788,0.02805,199612,5580.45765
1785618000000,0.02805,0.02819,0.02805,0.02814,228314,6420.22513
1785621600000,0.02814,0.02821,0.02802,0.02802,49625,1394.10229
1785625200000,0.02802,0.02807,0.02797,0.02802,29690,832.1923
1785628800000,0.02802,0.02819,0.02796,0.02816,512411,14372.76762
1785632400000,0.02816,0.02828,0.02813,0.02821,158333,4466.50579
1785636000000,0.02821,0.02861,0.02813,0.02841,876939,24922.71673
1785639600000,0.02841,0.02847,0.02835,0.02838,48098,1366.35334
1785643200000,0.02838,0.0284,0.02818,0.02824,126891,3593.09606
1785646800000,0.02824,0.02824,0.02813,0.02815,110746,3119.78568
1785650400000,0.02815,0.02817,0.02804,0.0281,212449,5966.09693
1785654000000,0.0281,0.0281,0.02799,0.028,193601,5428.87675
1785657600000,0.028,0.028,0.02786,0.02788,286334,7993.14069
1785661200000,0.02788,0.02793,0.02783,0.02783,140799,3925.54321
1785664800000,0.02783,0.02788,0.02781,0.02781,71399,1988.01543
1785668400000,0.02781,0.02803,0.02777,0.02777,694998,19396.54271
1785672000000,0.02777,0.02783,0.02766,0.02777,344749,9572.57134
1785675600000,0.02777,0.02777,0.02754,0.02759,179777,4967.56112
1785679200000,0.02759,0.02782,0.02756,0.02778,283021,7848.69173
1785682800000,0.02778,0.02779,0.02767,0.02767,86693,2405.33472
1785686400000,0.02767,0.02781,0.02757,0.02773,346985,9610.24798
1785690000000,0.02773,0.02793,0.02771,0.02786,402890,11215.5537
1785693600000,0.02786,0.028,0.02785,0.02789,132979,3714.06652
1785697200000,0.02789,0.02789,0.02778,0.02787,129965,3617.9195
1785700800000,0.02787,0.02793,0.02777,0.02789,144230,4017.52848
1785704400000,0.02789,0.02816,0.02788,0.02804,175616,4928.87613
1785708000000,0.02804,0.02812,0.0278,0.02784,413149,11538.37631
1785711600000,0.02784,0.02788,0.02774,0.02786,243767,6778.70019
1785715200000,0.02786,0.02802,0.02775,0.0278,770861,21490.38263
1785718800000,0.0278,0.02791,0.02766,0.02778,568811,15791.05476
1785722400000,0.02778,0.02786,0.02769,0.02783,115377,3203.63286
1785726000000,0.02783,0.02784,0.0274,0.02757,305675,8422.08878
1785729600000,0.02757,0.02766,0.02746,0.02759,202861,5597.49766
1785733200000,0.02759,0.02768,0.02741,0.02767,569173,15676.78227
1785736800000,0.02767,0.02774,0.0274,0.02743,390688,10789.78211
1785740400000,0.02743,0.0275,0.02728,0.02747,434334,11894.84291
1785744000000,0.02747,0.0275,0.02735,0.02738,250542,6868.93527
1785747600000,0.02738,0.02744,0.02728,0.02738,344760,9426.65281
1785751200000,0.02738,0.02741,0.02732,0.02732,283801,7767.67171
1785754800000,0.02732,0.02737,0.02722,0.02726,401242,10952.11078
1785758400000,0.02726,0.0274,0.02724,0.0274,251926,6887.703
1785762000000,0.0274,0.02785,0.0274,0.02782,719239,19886.67971
1785765600000,0.02782,0.028,0.02775,0.02793,437450,12188.07194
1785769200000,0.02793,0.02803,0.02791,0.02798,304286,8509.77879
1785772800000,0.02798,0.02802,0.0278,0.02794,385828,10765.80043
1785776400000,0.02794,0.02807,0.02794,0.02795,171750,4809.53444
1785780000000,0.02795,0.02797,0.02782,0.02787,70447,1966.77117
1785783600000,0.02787,0.02791,0.02765,0.02766,270804,7519.56022
1785787200000,0.02766,0.02771,0.02764,0.0277,123251,3410.59649
1785790800000,0.0277,0.02776,0.02762,0.02773,60028,1661.18537
1785794400000,0.02773,0.02776,0.02761,0.02764,58732,1624.44061
1785798000000,0.02764,0.02764,0.02749,0.02754,132800,3660.81459
1785801600000,0.02754,0.02758,0.02723,0.0273,234607,6433.17726
1785805200000,0.0273,0.02766,0.02728,0.02761,275454,7571.88637
1785808800000,0.02761,0.02787,0.02759,0.02781,355602,9853.03458
1785812400000,0.02781,0.0279,0.02772,0.02776,456013,12676.46077
1785816000000,0.02776,0.028,0.02775,0.02791,349213,9746.3742
1785819600000,0.02791,0.02791,0.02772,0.0278,41851,1163.65355
1785823200000,0.0278,0.02783,0.0276,0.02761,96757,2678.02929
1785826800000,0.02761,0.02768,0.02742,0.0276,345002,9494.86323
1785830400000,0.0276,0.02778,0.0276,0.02761,523081,14483.1578
1785834000000,0.02761,0.02763,0.02744,0.02754,106604,2934.94721
1785837600000,0.02754,0.02758,0.02725,0.02733,493329,13480.45035
1785841200000,0.02733,0.02741,0.02725,0.02725,566245,15478.08581
1785844800000,0.02725,0.02733,0.02717,0.02725,275616,7507.55685
1785848400000,0.02725,0.02737,0.02721,0.02727,492448,13440.24415
1785852000000,0.02727,0.02732,0.02715,0.02724,254651,6933.47028
1785855600000,0.02724,0.02739,0.02718,0.02733,116171,3165.57911
1785859200000,0.02733,0.02739,0.02731,0.02736,88451,2420.00543
1785862800000,0.02736,0.02758,0.02735,0.0275,133777,3677.14836
1785866400000,0.0275,0.02766,0.02743,0.02745,134230,3704.17729
1785870000000,0.02745,0.0276,0.02745,0.02745,343311,9450.6948
1785873600000,0.02745,0.02748,0.02723,0.0274,263816,7221.09027
1785877200000,0.0274,0.02747,0.02736,0.02741,173004,4742.41215
1785880800000,0.02741,0.02741,0.02737,0.02739,34690,949.95069
1785884400000,0.02739,0.02752,0.02726,0.02726,100903,2761.23372
1785888000000,0.02726,0.02727,0.02694,0.02703,861460,23378.29731
1785891600000,0.02703,0.02738,0.02698,0.02736,278932,7591.95069
1785895200000,0.02736,0.02756,0.02734,0.02753,209429,5750.91912
1785898800000,0.02753,0.02755,0.02736,0.02751,210093,5768.70143
1785902400000,0.02751,0.02782,0.0275,0.02763,741543,20503.65639
1785906000000,0.02763,0.02794,0.02761,0.02786,513077,14275.82237
1785909600000,0.02786,0.02798,0.02776,0.02783,658184,18363.51372
1785913200000,0.02783,0.02793,0.02771,0.02776,233167,6480.29
1785916800000,0.02776,0.02782,0.02763,0.02763,173008,4797.26552
1785920400000,0.02763,0.02776,0.02759,0.02761,145368,4020.39997
1785924000000,0.02761,0.02768,0.02747,0.02757,314505,8674.84609
1785927600000,0.02757,0.02769,0.02752,0.02755,90036,2484.18292
1785931200000,0.02755,0.02775,0.02753,0.02767,177850,4915.20266
1785934800000,0.02767,0.02774,0.0274,0.02756,651350,17941.35543
1785938400000,0.02756,0.02769,0.02752,0.02764,449305,12400.90171
1785942000000,0.02764,0.02777,0.0275,0.0275,767705,21209.40312
1785945600000,0.0275,0.02767,0.02746,0.02753,155635,4290.03688
1785949200000,0.02753,0.02768,0.02753,0.02766,141549,3911.00794
1785952800000,0.02766,0.0277,0.02763,0.02767,79401,2196.25247
1785956400000,0.02767,0.02773,0.02752,0.02753,60354,1666.63191
1785960000000,0.02753,0.02757,0.02745,0.02755,101469,2790.62649
1785963600000,0.02755,0.02755,0.02742,0.02742,54564,1500.59034
1785967200000,0.02742,0.02751,0.02742,0.02749,120256,3303.58182
1785970800000,0.02749,0.0275,0.02739,0.02744,177134,4865.50875
1785974400000,0.02744,0.02767,0.0274,0.02767,426992,11767.962
1785978000000,0.02767,0.02775,0.02759,0.02759,379761,10502.15993
1785981600000,0.02759,0.02782,0.0274,0.02773,896851,24786.23963
1785985200000,0.02773,0.02798,0.02771,0.02796,445469,12413.86354
1785988800000,0.02796,0.0282,0.02783,0.028,1652605,46309.04524
1785992400000,0.028,0.02834,0.028,0.0283,900576,25387.42466
1785996000000,0.0283,0.0286,0.0283,0.02854,596777,16997.05154
1785999600000,0.02854,0.02854,0.02824,0.02834,728112,20656.88193
1786003200000,0.02834,0.02847,0.02829,0.02835,297474,8448.18547
1786006800000,0.02835,0.02841,0.02795,0.02806,595197,16734.80805
1786010400000,0.02806,0.02806,0.02776,0.02792,892623,24926.7996
1786014000000,0.02792,0.02835,0.02781,0.02828,872993,24579.28059
1786017600000,0.02828,0.02843,0.02819,0.02819,865112,24490.32974
1786021200000,0.02819,0.02837,0.02808,0.02829,230456,6502.38832
1786024800000,0.02829,0.02838,0.02814,0.02838,753714,21284.93598
1786028400000,0.02838,0.02842,0.02814,0.02814,208416,5893.79171
1786032000000,0.02814,0.02827,0.02811,0.0282,450403,12699.27777
1786035600000,0.0282,0.02824,0.02801,0.02802,302737,8519.22498
1786039200000,0.02802,0.02817,0.02789,0.02815,502634,14094.89841
1786042800000,0.02815,0.02826,0.0279,0.0279,267348,7509.73785
1786046400000,0.0279,0.02808,0.02788,0.02796,308335,8626.30451
1786050000000,0.02796,0.02817,0.02796,0.02817,216832,6083.65789
1786053600000,0.02817,0.02817,0.02792,0.02794,64602,1808.20015
1786057200000,0.02794,0.028,0.02792,0.02797,92416,2583.32316
1786060800000,0.02797,0.02847,0.02797,0.02835,1150814,32422.62792
1786064400000,0.02835,0.02866,0.02831,0.02862,387779,11019.31994
1786068000000,0.02862,0.02885,0.02851,0.02882,690978,19812.73779
1786071600000,0.02882,0.02889,0.02847,0.02865,965388,27621.25243
1786075200000,0.02865,0.02941,0.02865,0.02897,2028536,59114.8958
1786078800000,0.02897,0.02939,0.02894,0.029,898820,26213.67019
1786082400000,0.029,0.02911,0.02882,0.02891,394706,11436.29118
1786086000000,0.02891,0.02925,0.02868,0.0292,948650,27406.28375
1786089600000,0.0292,0.02928,0.02887,0.02918,438424,12775.72142
1786093200000,0.02918,0.02931,0.02884,0.02886,653572,19010.67152
1786096800000,0.02886,0.02956,0.02881,0.02951,1336656,39084.49354
1786100400000,0.02951,0.0297,0.02904,0.02948,1467250,43090.14683
1786104000000,0.02948,0.02957,0.02911,0.02913,1394887,40884.37406
1786107600000,0.02913,0.02947,0.02913,0.02928,302104,8863.02434
1786111200000,0.02928,0.02928,0.02903,0.02905,756742,22052.22683
1786114800000,0.02905,0.02933,0.02905,0.02917,464057,13558.51132
1786118400000,0.02917,0.02922,0.02895,0.02898,382368,11102.94225
1786122000000,0.02898,0.02933,0.02898,0.02922,662768,19368.04899
1786125600000,0.02922,0.02939,0.02899,0.02902,186519,5456.72377
1786129200000,0.02902,0.02914,0.02896,0.02909,199367,5798.26921
1786132800000,0.02909,0.02914,0.02893,0.02902,288500,8376.1893
1786136400000,0.02902,0.02923,0.029,0.02923,234234,6805.36444
1786140000000,0.02923,0.02933,0.02902,0.02923,155878,4547.97253
1786143600000,0.02923,0.0294,0.02922,0.02931,363684,10651.55445
1786147200000,0.02931,0.02931,0.0287,0.02883,696691,20179.98872
1786150800000,0.02883,0.0294,0.02883,0.02914,736066,21504.64583
1786154400000,0.02914,0.02955,0.02913,0.02942,243455,7152.25319
1786158000000,0.02942,0.02944,0.02908,0.02921,454245,13314.27405
1786161600000,0.02921,0.02943,0.02902,0.02926,562905,16448.91967
1786165200000,0.02926,0.02932,0.02904,0.02912,561586,16374.16827
1786168800000,0.02912,0.02926,0.02905,0.02914,451389,13172.53062
1786172400000,0.02914,0.0294,0.02911,0.0293,275168,8063.90479
1786176000000,0.0293,0.02952,0.02926,0.02952,101867,2989.2714
1786179600000,0.02952,0.02974,0.02933,0.0294,471514,13911.40486
1786183200000,0.0294,0.02947,0.02928,0.02935,333874,9812.6807
1786186800000,0.02935,0.02945,0.02911,0.02916,415661,12163.58837
1786190400000,0.02916,0.02933,0.02914,0.02927,200999,5883.8283
1786194000000,0.02927,0.02943,0.02914,0.02919,394653,11568.60319
1786197600000,0.02919,0.02934,0.02918,0.0293,77315,2263.3063
1786201200000,0.0293,0.02936,0.0293,0.02933,130857,3838.51287
1786204800000,0.02933,0.02969,0.02933,0.02955,219949,6487.77717
1786208400000,0.02955,0.02955,0.02936,0.0295,357249,10526.20074
1786212000000,0.0295,0.02955,0.02941,0.02942,81263,2396.36408
1786215600000,0.02942,0.02945,0.02935,0.02941,58776,1728.0504
1786219200000,0.02941,0.02941,0.02927,0.02934,99578,2921.83588
1786222800000,0.02934,0.02941,0.02929,0.02939,141714,4160.9587
1786226400000,0.02939,0.02939,0.02874,0.02878,1339775,38879.92643
1786230000000,0.02878,0.02916,0.02864,0.029,747430,21573.50976
1786233600000,0.029,0.02911,0.02873,0.02884,572524,16548.09015
1786237200000,0.02884,0.02917,0.02884,0.02917,317285,9206.77878
1786240800000,0.02917,0.02937,0.02914,0.02925,376096,11003.15
1786244400000,0.02925,0.02941,0.02904,0.02929,815635,23852.41843
1786248000000,0.02929,0.02943,0.02918,0.02929,140578,4117.40748
1786251600000,0.02929,0.02933,0.0291,0.02922,103614,3024.42891
1786255200000,0.02922,0.02944,0.02912,0.02933,262280,7672.80559
1786258800000,0.02933,0.02937,0.02898,0.02917,469538,13700.00864
1786262400000,0.02917,0.02943,0.0291,0.02912,203486,5958.062
1786266000000,0.02912,0.02945,0.02912,0.02929,323848,9504.30396
1786269600000,0.02929,0.02954,0.02924,0.02952,280516,8238.19185
1786273200000,0.02952,0.02954,0.02934,0.02934,104537,3080.77305
1786276800000,0.02934,0.02957,0.02931,0.02945,368335,10854.24516
1786280400000,0.02945,0.0295,0.02925,0.02925,273788,8041.52115
1786284000000,0.02925,0.0294,0.02923,0.0294,175382,5136.74158
1786287600000,0.0294,0.02943,0.0293,0.02936,177145,5207.13664
1786291200000,0.02936,0.02951,0.02934,0.02951,140335,4128.11527
1786294800000,0.02951,0.0296,0.0294,0.02948,143501,4231.19521
1786298400000,0.02948,0.02958,0.02944,0.02946,105228,3103.67634
1786302000000,0.02946,0.02952,0.02938,0.02941,55387,1630.94279
1786305600000,0.02941,0.02943,0.02931,0.02937,30868,906.35758
1786309200000,0.02937,0.02937,0.0292,0.0292,137386,4025.8093
1786312800000,0.0292,0.02943,0.02917,0.02926,163080,4776.53974
1786316400000,0.02926,0.0293,0.02889,0.02893,258498,7496.21039
1786320000000,0.02893,0.02939,0.0289,0.02922,353328,10288.89904
1786323600000,0.02922,0.02947,0.02911,0.02934,128396,3770.57229
1786327200000,0.02934,0.02944,0.0292,0.02932,80314,2357.64967
1786330800000,0.02932,0.02932,0.02909,0.02916,97642,2850.58074
1786334400000,0.02916,0.02922,0.02896,0.02897,178031,5175.05275
1786338000000,0.02897,0.02908,0.02896,0.02906,153189,4448.9054
1786341600000,0.02906,0.02906,0.02881,0.02892,411170,11881.11163
1786345200000,0.02892,0.02928,0.02879,0.02893,806059,23385.70192
1786348800000,0.02893,0.02905,0.02882,0.02884,273995,7926.23211
1786352400000,0.02884,0.02896,0.02874,0.02891,181257,5230.0122
1786356000000,0.02891,0.02898,0.02877,0.02886,127361,3680.03017
1786359600000,0.02886,0.02906,0.02881,0.02904,200394,5806.53646
1786363200000,0.02904,0.02911,0.02899,0.02899,300312,8715.77193
1786366800000,0.02899,0.02906,0.02887,0.0289,132468,3832.71533
1786370400000,0.0289,0.0291,0.02881,0.02883,147767,4270.18982
1786374000000,0.02883,0.02888,0.02858,0.02877,381930,10957.2783
1786377600000,0.02877,0.0289,0.02865,0.02878,428533,12320.08354
1786381200000,0.02878,0.029,0.02877,0.02896,314048,9082.97879
1786384800000,0.02896,0.02923,0.02887,0.02916,732442,21261.23698
1786388400000,0.02916,0.02921,0.02886,0.02891,242070,7040.47823
1786392000000,0.02891,0.02899,0.02875,0.02875,149084,4310.7609
1786395600000,0.02875,0.02879,0.02862,0.02867,272175,7805.45927
1786399200000,0.02867,0.02879,0.02858,0.02861,195061,5592.42204
1786402800000,0.02861,0.0288,0.02838,0.02875,776648,22144.85618
1786406400000,0.02875,0.02886,0.02863,0.02863,217498,6248.80202
1786410000000,0.02863,0.0289,0.02857,0.0289,286455,8229.6352
1786413600000,0.0289,0.02891,0.02869,0.02872,313578,9034.49889
1786417200000,0.02872,0.02882,0.02867,0.02867,121379,3490.38851
1786420800000,0.02867,0.02886,0.02862,0.02869,165313,4754.90723
1786424400000,0.02869,0.02882,0.02857,0.02859,275762,7916.48475
1786428000000,0.02859,0.02871,0.02843,0.02843,251156,7176.13468
1786431600000,0.02843,0.02849,0.02824,0.02831,381870,10812.94179
1786435200000,0.02831,0.02843,0.02831,0.02843,198946,5642.57616
1786438800000,0.02843,0.02877,0.02819,0.02871,783348,22286.23713
1786442400000,0.02871,0.02871,0.02845,0.02854,186448,5310.60301
1786446000000,0.02854,0.02874,0.02853,0.02857,125042,3579.63355
1786449600000,0.02857,0.02865,0.02846,0.02859,258886,7394.02975
1786453200000,0.02859,0.02863,0.02843,0.0286,220271,6280.14678
1786456800000,0.0286,0.02873,0.02833,0.02835,285764,8182.37212
1786460400000,0.02835,0.02843,0.02787,0.02796,512594,14386.12161
1786464000000,0.02796,0.02817,0.0279,0.02813,253632,7112.69182
1786467600000,0.02813,0.02813,0.02801,0.02804,193917,5439.36327
1786471200000,0.02804,0.02814,0.02795,0.0281,245638,6888.58814
1786474800000,0.0281,0.02825,0.02793,0.02825,50989,1430.31281
1786478400000,0.02825,0.0283,0.02819,0.02823,259458,7323.71251
1786482000000,0.02823,0.02838,0.02818,0.02836,15236,430.49824
1786485600000,0.02836,0.02841,0.02823,0.02835,127725,3615.81093
1786489200000,0.02835,0.02836,0.02814,0.02819,129775,3661.22482
1786492800000,0.02819,0.02838,0.02818,0.02823,424578,12009.09239
1786496400000,0.02823,0.02834,0.02819,0.02831,66345,1872.74236
1786500000000,0.02831,0.0286,0.02827,0.0286,200786,5699.66209
1786503600000,0.0286,0.02862,0.02833,0.02833,80753,2301.19909
1786507200000,0.02833,0.0285,0.02828,0.02832,121416,3446.62695
1786510800000,0.02832,0.02838,0.02828,0.02833,120463,3413.45151
1786514400000,0.02833,0.02835,0.02821,0.02828,133945,3787.96208
1786518000000,0.02828,0.02839,0.02811,0.02827,490776,13860.98963
1786521600000,0.02827,0.02829,0.02804,0.02805,127355,3586.54975
1786525200000,0.02805,0.02843,0.02804,0.02828,134375,3796.01494
1786528800000,0.02828,0.02861,0.02821,0.02857,284955,8094.05086
1786532400000,0.02857,0.02877,0.02851,0.02869,307936,8806.79481
1786536000000,0.02869,0.02869,0.02843,0.02856,437562,12507.07053
1786539600000,0.02856,0.02857,0.02842,0.02843,125640,3581.21909
1786543200000,0.02843,0.02849,0.02817,0.0282,119448,3375.72607
1786546800000,0.0282,0.02827,0.02806,0.02806,221567,6240.36088
1786550400000,0.02806,0.0281,0.02796,0.02799,105540,2959.44804
1786554000000,0.02799,0.02808,0.02799,0.02806,21538,604.18695
1786557600000,0.02806,0.02813,0.02801,0.02806,89483,2512.02074
1786561200000,0.02806,0.02812,0.02789,0.02795,83141,2327.84236
1786564800000,0.02795,0.02809,0.02791,0.02802,23977,671.51795
1786568400000,0.02802,0.02803,0.02773,0.02775,227407,6328.60552
1786572000000,0.02775,0.02788,0.02769,0.02777,598930,16646.4993
1786575600000,0.02777,0.02782,0.02773,0.0278,108478,3013.71465
1786579200000,0.0278,0.02808,0.0278,0.02799,297416,8320.80453
1786582800000,0.02799,0.02799,0.02779,0.02791,56639,1577.39156
1786586400000,0.02791,0.02796,0.02783,0.02794,26383,735.66728
1786590000000,0.02794,0.02821,0.02794,0.02818,165996,4656.55836
1786593600000,0.02818,0.02818,0.0281,0.02811,81209,2286.92933
1786597200000,0.02811,0.02817,0.02808,0.02808,37071,1042.51411
1786600800000,0.02808,0.02811,0.02804,0.02808,37669,1057.35419
1786604400000,0.02808,0.02815,0.028,0.02804,106483,2989.51254
1786608000000,0.02804,0.02811,0.02803,0.02811,109538,3075.04786
1786611600000,0.02811,0.02813,0.02796,0.02798,73451,2058.93551
1786615200000,0.02798,0.0281,0.02798,0.02804,58404,1637.43252
1786618800000,0.02804,0.02806,0.02795,0.02799,137712,3856.05206
1786622400000,0.02799,0.02808,0.02791,0.02794,114346,3198.6061
1786626000000,0.02794,0.02805,0.02794,0.02798,177362,4964.81352
1786629600000,0.02798,0.02823,0.02798,0.02815,147412,4152.07788
1786633200000,0.02815,0.02819,0.02793,0.02794,103015,2888.07789
1786636800000,0.02794,0.02797,0.02749,0.02758,548623,15183.96381
1786640400000,0.02758,0.02768,0.02757,0.0276,145365,4017.84252
1786644000000,0.0276,0.0276,0.02748,0.02755,86568,2383.58199
1786647600000,0.02755,0.02766,0.02755,0.02762,89954,2484.85696
1786651200000,0.02762,0.02765,0.02755,0.02763,85497,2358.122
1786654800000,0.02763,0.02793,0.02763,0.02789,111034,3081.42978
1786658400000,0.02789,0.02797,0.02789,0.02797,47342,1322.32841
1786662000000,0.02797,0.02797,0.02783,0.02795,72150,2010.67625
1786665600000,0.02795,0.02807,0.02783,0.02804,216055,6035.24286
1786669200000,0.02804,0.02804,0.02795,0.02799,15441,431.80509
1786672800000,0.02799,0.02803,0.02787,0.0279,178844,5002.49945
1786676400000,0.0279,0.02793,0.0277,0.02778,266504,7412.03422
1786680000000,0.02778,0.0279,0.0277,0.02781,61005,1694.69349
1786683600000,0.02781,0.02785,0.02768,0.02774,110405,3061.33403
1786687200000,0.02774,0.02776,0.02764,0.02767,152652,4231.77879
1786690800000,0.02767,0.0277,0.02738,0.02741,129418,3559.04715
1786694400000,0.02741,0.02757,0.02739,0.0275,122877,3374.95847
1786698000000,0.0275,0.02759,0.02729,0.02729,317559,8731.4281
1786701600000,0.02729,0.0274,0.02724,0.02733,115379,3149.57718
1786705200000,0.02733,0.02741,0.02733,0.02738,95177,2604.15917
1786708800000,0.02738,0.0274,0.02732,0.02736,166122,4545.98963
1786712400000,0.02736,0.02746,0.02734,0.02737,169775,4652.94228
1786716000000,0.02737,0.02743,0.02731,0.02732,44882,1228.03087
1786719600000,0.02732,0.0275,0.02724,0.0275,205600,5613.8643
1786723200000,0.0275,0.02805,0.02747,0.02788,424661,11774.59052
1786726800000,0.02788,0.02802,0.02783,0.02795,209001,5834.64104
1786730400000,0.02795,0.02802,0.02783,0.0279,463664,12953.86896
1786734000000,0.0279,0.02797,0.02776,0.02782,194507,5416.99246
1786737600000,0.02782,0.02793,0.02777,0.02777,127847,3557.39999
1786741200000,0.02777,0.02818,0.02775,0.02818,209583,5864.78621
1786744800000,0.02818,0.02837,0.02807,0.0281,195395,5507.99327
1786748400000,0.0281,0.02836,0.0281,0.02836,394141,11120.05654
1786752000000,0.02836,0.02879,0.0283,0.02853,843979,24120.7372
1786755600000,0.02853,0.02873,0.02853,0.02854,268706,7693.77257
1786759200000,0.02854,0.02862,0.02849,0.0285,284805,8131.02848
1786762800000,0.0285,0.02852,0.02829,0.02834,137165,3899.00248
1786766400000,0.02834,0.02841,0.0283,0.02834,106268,3013.97664
1786770000000,0.02834,0.02881,0.02832,0.02872,617384,17664.17283
1786773600000,0.02872,0.02891,0.02866,0.02888,261159,7523.2185
1786777200000,0.02888,0.02937,0.02882,0.02923,485649,14157.47327
1786780800000,0.02923,0.02948,0.02912,0.02937,1007326,29472.26155
1786784400000,0.02937,0.03001,0.02921,0.02944,5434781,161133.68848
1786788000000,0.02944,0.02983,0.02897,0.02963,3810651,112086.15922
1786791600000,0.02963,0.03033,0.02959,0.03021,2417913,72558.23923
1786795200000,0.03021,0.03024,0.02942,0.02959,3160694,93975.38032
1786798800000,0.02959,0.03062,0.02954,0.03012,3586111,108412.50972
1786802400000,0.03012,0.03058,0.0297,0.03015,2401077,72295.61276
1786806000000,0.03015,0.03023,0.0298,0.02991,1552451,46577.92142
1786809600000,0.02991,0.02991,0.02965,0.02978,739688,21993.97767
1786813200000,0.02978,0.03014,0.02966,0.03009,417977,12509.73865
1786816800000,0.03009,0.03021,0.02982,0.02984,1044465,31348.91313
1786820400000,0.02984,0.02984,0.02946,0.02953,360709,10687.11346
1786824000000,0.02953,0.02955,0.02921,0.02944,957576,28106.85381
1786827600000,0.02944,0.02961,0.02937,0.02956,411819,12142.65483
1786831200000,0.02956,0.02972,0.02924,0.02955,733968,21629.11622
1786834800000,0.02955,0.02958,0.02919,0.02931,419387,12337.07489
1786838400000,0.02931,0.02932,0.02907,0.02914,373853,10904.50711
1786842000000,0.02914,0.02934,0.02888,0.02919,1917161,55737.68649
1786845600000,0.02919,0.03029,0.02916,0.02987,2803302,84017.36226
1786849200000,0.02987,0.02993,0.02917,0.02947,1365707,40350.94151
1786852800000,0.02947,0.02953,0.02918,0.02928,271121,7957.1463
1786856400000,0.02928,0.02935,0.02893,0.02901,815417,23694.16002
1786860000000,0.02901,0.02912,0.02882,0.02887,388808,11275.53147
1786863600000,0.02887,0.02929,0.02887,0.02912,253667,7363.74723
1786867200000,0.02912,0.02923,0.029,0.02911,309055,8992.02683
1786870800000,0.02911,0.02916,0.02903,0.02912,87925,2556.16996
1786874400000,0.02912,0.02917,0.029,0.02907,93374,2714.5741
1786878000000,0.02907,0.02907,0.02891,0.02891,90890,2634.46314
1786881600000,0.02891,0.02902,0.02881,0.02901,288371,8347.61555
1786885200000,0.02901,0.02908,0.02898,0.02903,311726,9052.05154
1786888800000,0.02903,0.02906,0.02894,0.02901,247025,7161.0712
1786892400000,0.02901,0.02901,0.02891,0.02895,164128,4748.98259
1786896000000,0.02895,0.02904,0.02892,0.02901,222255,6443.24378
1786899600000,0.02901,0.02903,0.02891,0.02895,107101,3104.85395
1786903200000,0.02895,0.0291,0.02888,0.02896,165101,4784.49964
1786906800000,0.02896,0.02896,0.02886,0.02888,116771,3374.66977
1786910400000,0.02888,0.02889,0.02861,0.02866,275398,7911.37212
1786914000000,0.02866,0.02866,0.02829,0.02838,542413,15440.74727
1786917600000,0.02838,0.02861,0.02822,0.02861,273059,7754.12425
1786921200000,0.02861,0.02864,0.02854,0.02857,72239,2066.68703
1786924800000,0.02857,0.02863,0.02831,0.02856,445889,12694.32653
1786928400000,0.02856,0.0287,0.02852,0.02867,412899,11823.41057
1786932000000,0.02867,0.02924,0.02862,0.02917,187594,5426.35836
1786935600000,0.02917,0.02927,0.02908,0.02913,169960,4957.32407
1786939200000,0.02913,0.02913,0.02895,0.02901,107125,3105.58959
1786942800000,0.02901,0.02912,0.02882,0.02884,82143,2382.72914
1786946400000,0.02884,0.02905,0.02882,0.02898,185225,5363.41212
1786950000000,0.02898,0.02912,0.02896,0.02896,168463,4892.35452
1786953600000,0.02896,0.02902,0.02878,0.02881,146208,4231.26253
1786957200000,0.02881,0.02883,0.02867,0.02867,108871,3124.13639
1786960800000,0.02867,0.0289,0.02867,0.02879,124536,3585.28087
1786964400000,0.02879,0.02883,0.02874,0.02878,204226,5879.83792
1786968000000,0.02878,0.02878,0.02829,0.02843,642338,18302.01062
1786971600000,0.02843,0.02845,0.02829,0.02834,243693,6913.00041
1786975200000,0.02834,0.02837,0.02827,0.02836,119192,3377.06318
1786978800000,0.02836,0.02844,0.02827,0.02841,114170,3237.26353
1786982400000,0.02841,0.02852,0.02835,0.0285,146370,4160.85376
1786986000000,0.0285,0.0286,0.02846,0.02854,341966,9764.14127
1786989600000,0.02854,0.02905,0.02829,0.02829,1605886,46006.802
1786993200000,0.02829,0.02829,0.02813,0.02817,147730,4167.3704
1786996800000,0.02817,0.02818,0.02807,0.02813,185560,5215.84954
1787000400000,0.02813,0.02825,0.02813,0.02824,40265,1135.22077
1787004000000,0.02824,0.02825,0.0281,0.02812,47333,1332.96117
1787007600000,0.02812,0.02817,0.02804,0.02808,136750,3843.64328
1787011200000,0.02808,0.02809,0.02791,0.02793,104722,2929.58238
1787014800000,0.02793,0.02809,0.02775,0.02779,147090,4104.43271
1787018400000,0.02779,0.02788,0.02752,0.02758,126727,3511.50623
1787022000000,0.02758,0.02762,0.02747,0.02762,305686,8425.08123
1787025600000,0.02762,0.02766,0.02732,0.02749,551301,15168.9607
1787029200000,0.02749,0.02755,0.0273,0.02733,202568,5551.74043
1787032800000,0.02733,0.02761,0.02731,0.02761,200893,5518.47967
1787036400000,0.02761,0.02766,0.02748,0.0275,53819,1484.28401
1787040000000,0.0275,0.02765,0.02745,0.02755,557410,15369.55659
1787043600000,0.02755,0.02764,0.02746,0.02763,66387,1827.65382
1787047200000,0.02763,0.02774,0.02758,0.0277,72750,2013.34595
1787050800000,0.0277,0.02791,0.0277,0.02777,287799,8016.4362
1787054400000,0.02777,0.02797,0.02776,0.02785,177651,4957.22661
1787058000000,0.02785,0.02799,0.02778,0.02781,121298,3384.07674
1787061600000,0.02781,0.02796,0.02772,0.02785,155954,4343.94092
1787065200000,0.02785,0.028,0.02777,0.02799,86590,2416.1872
1787068800000,0.02799,0.02809,0.0279,0.02807,94642,2646.24107
1787072400000,0.02807,0.02807,0.02795,0.028,54755,1533.47781
1787076000000,0.028,0.02803,0.02787,0.02793,118435,3311.48606
1787079600000,0.02793,0.02796,0.02784,0.02785,24946,696.84964
1787083200000,0.02785,0.02786,0.0276,0.0276,194271,5383.50686
1787086800000,0.0276,0.02771,0.0276,0.02764,49667,1372.18355
1787090400000,0.02764,0.02768,0.02743,0.02756,432209,11901.46114
1787094000000,0.02756,0.02767,0.02753,0.02764,154906,4274.05361
1787097600000,0.02764,0.02773,0.02758,0.02769,286439,7918.23963
1787101200000,0.02769,0.02791,0.02769,0.02788,241334,6710.51886
1787104800000,0.02788,0.02806,0.02766,0.02766,264973,7372.97641
1787108400000,0.02766,0.02785,0.02764,0.02766,227883,6315.42204
1787112000000,0.02766,0.02768,0.0275,0.02751,207321,5712.54074
1787115600000,0.02751,0.0276,0.0274,0.0274,155850,4281.39718
1787119200000,0.0274,0.02753,0.02733,0.0275,78758,2162.17655
1787122800000,0.0275,0.02765,0.02748,0.02751,253504,6978.39139
1787126400000,0.02751,0.02782,0.02749,0.0277,129710,3591.01687
1787130000000,0.0277,0.02776,0.02749,0.0275,116321,3213.73721
1787133600000,0.0275,0.02756,0.0274,0.02752,187151,5138.62638
1787137200000,0.02752,0.02764,0.02747,0.02749,147893,4078.32097
1787140800000,0.02749,0.02768,0.02745,0.02763,167191,4611.50592
1787144400000,0.02763,0.02772,0.02756,0.02757,156756,4333.21634
1787148000000,0.02757,0.02828,0.02756,0.02822,293489,8174.62125
1787151600000,0.02822,0.02927,0.02819,0.029,2171220,62764.9919
1787155200000,0.029,0.02903,0.02876,0.02877,660187,19080.83802
1787158800000,0.02877,0.02884,0.02865,0.02876,322646,9270.64197
1787162400000,0.02876,0.0288,0.02871,0.02872,64775,1862.22783
1787166000000,0.02872,0.02887,0.02868,0.02886,94102,2711.14358
1787169600000,0.02886,0.0296,0.02881,0.02948,555971,16244.64221
1787173200000,0.02948,0.03038,0.02945,0.0299,1240425,37140.11814
1787176800000,0.0299,0.0299,0.02957,0.02969,446986,13268.47284
1787180400000,0.02969,0.02983,0.02958,0.02965,413777,12291.25392
1787184000000,0.02965,0.03004,0.02965,0.02976,364022,10877.73929
1787187600000,0.02976,0.02981,0.02951,0.02966,674541,19984.78405
1787191200000,0.02966,0.02969,0.0295,0.02952,363418,10766.88723
1787194800000,0.02952,0.02956,0.02931,0.02946,500645,14729.42629
1787198400000,0.02946,0.02969,0.02944,0.02957,224515,6632.60494
1787202000000,0.02957,0.02959,0.02948,0.02952,91804,2711.84201
1787205600000,0.02952,0.0297,0.02944,0.02966,227007,6729.82998
1787209200000,0.02966,0.02967,0.02944,0.02953,229304,6783.7754
1787212800000,0.02953,0.03006,0.02953,0.03001,601844,17889.2334
1787216400000,0.03001,0.03021,0.02985,0.02989,760534,22830.2716
1787220000000,0.02989,0.03027,0.02988,0.03017,342020,10298.7688
1787223600000,0.03017,0.03024,0.02992,0.03003,417728,12534.40698
1787227200000,0.03003,0.03007,0.02976,0.02998,292151,8728.62967
1787230800000,0.02998,0.03002,0.02968,0.02996,211002,6305.07692
1787234400000,0.02996,0.03011,0.02996,0.03001,102002,3060.44963
1787238000000,0.03001,0.03047,0.03001,0.03038,548612,16609.1429
1787241600000,0.03038,0.03053,0.03022,0.03049,246176,7470.77253
1787245200000,0.03049,0.03065,0.03035,0.03047,461650,14075.66642
1787248800000,0.03047,0.0305,0.03009,0.03018,205573,6225.3223
1787252400000,0.03018,0.03038,0.03015,0.03026,130483,3949.03145
1787256000000,0.03026,0.03078,0.03025,0.03067,306420,9369.4662
1787259600000,0.03067,0.03079,0.03057,0.03079,106523,3270.24803
1787263200000,0.03079,0.03092,0.03065,0.03078,430438,13252.90924
1787266800000,0.03078,0.03095,0.03072,0.03078,178724,5509.46291
1787270400000,0.03078,0.031,0.03068,0.03091,461566,14238.74533
1787274000000,0.03091,0.03106,0.03069,0.031,413447,12756.62276
1787277600000,0.031,0.031,0.03072,0.03082,295270,9101.76284
1787281200000,0.03082,0.03107,0.03078,0.03103,79003,2444.48028
1787284800000,0.03103,0.03114,0.03099,0.03111,112872,3506.95253
1787288400000,0.03111,0.03117,0.03092,0.03115,91841,2851.00665
1787292000000,0.03115,0.03122,0.03108,0.03117,298209,9285.0826
1787295600000,0.03117,0.03148,0.03117,0.03139,524392,16415.21877
1787299200000,0.03139,0.03221,0.03139,0.03221,348926,11052.45571
1787302800000,0.03221,0.03221,0.0315,0.03185,948928,30169.16582
1787306400000,0.03185,0.03255,0.03183,0.03211,884828,28497.40195
1787310000000,0.03211,0.03232,0.03199,0.03222,643692,20663.72308
1787313600000,0.03222,0.03266,0.03216,0.03236,565391,18291.08076
1787317200000,0.03236,0.03257,0.03218,0.03256,572661,18530.10423
1787320800000,0.03256,0.03257,0.03231,0.03257,345392,11212.85726
1787324400000,0.03257,0.03266,0.03252,0.03257,236908,7725.4519
1787328000000,0.03257,0.03276,0.03244,0.03265,291334,9505.22107
1787331600000,0.03265,0.0328,0.03251,0.03261,393993,12848.68319
1787335200000,0.03261,0.03268,0.03226,0.03242,334104,10848.01424
1787338800000,0.03242,0.03242,0.03214,0.03222,330568,10672.7236
1787342400000,0.03222,0.03247,0.03217,0.03245,463320,14959.09642
1787346000000,0.03245,0.03284,0.03241,0.03279,279791,9135.0412
1787349600000,0.03279,0.03297,0.03265,0.03282,215890,7091.83049
1787353200000,0.03282,0.03287,0.0325,0.03261,400478,13087.00743
1787356800000,0.03261,0.033,0.03237,0.033,556578,18159.46603
1787360400000,0.033,0.03323,0.03281,0.03314,848990,28048.35631
1787364000000,0.03314,0.03363,0.03304,0.03357,448233,14940.65076
1787367600000,0.03357,0.03385,0.03349,0.0337,568784,19169.33514
1787371200000,0.0337,0.03407,0.03357,0.03394,1452961,49127.32439
1787374800000,0.03394,0.03405,0.03046,0.03245,7125564,228054.22304
1787378400000,0.03245,0.03261,0.03194,0.03248,889051,28756.59041
1787382000000,0.03248,0.03299,0.03243,0.0328,863083,28167.39671
1787385600000,0.0328,0.03291,0.03232,0.03255,666782,21778.99537
1787389200000,0.03255,0.03259,0.03217,0.03232,298607,9675.35612
1787392800000,0.03232,0.03232,0.03146,0.03183,596716,18952.66013
1787396400000,0.03183,0.0322,0.03173,0.0322,275639,8802.55824
1787400000000,0.0322,0.03235,0.03207,0.03218,496210,15985.66397
1787403600000,0.03218,0.03257,0.0321,0.03231,613950,19847.2124
1787407200000,0.03231,0.03232,0.03197,0.03211,291802,9374.17568
1787410800000,0.03211,0.03216,0.03176,0.03186,238859,7624.16765
1787414400000,0.03186,0.03219,0.03175,0.03208,203745,6521.74533
1787418000000,0.03208,0.03215,0.03189,0.03204,131085,4200.14308
1787421600000,0.03204,0.03207,0.03178,0.03185,83608,2672.26941
1787425200000,0.03185,0.03195,0.03172,0.03176,208938,6644.85028
1787428800000,0.03176,0.03181,0.03156,0.0316,312943,9903.55819
1787432400000,0.0316,0.0316,0.03102,0.03103,269978,8477.57706
1787436000000,0.03103,0.03142,0.03094,0.03137,148456,4643.87284
1787439600000,0.03137,0.03139,0.0312,0.03128,157295,4923.1841
1787443200000,0.03128,0.03202,0.03123,0.03201,458868,14504.55901
1787446800000,0.03201,0.03201,0.03129,0.03133,596930,18887.99144
1787450400000,0.03133,0.03134,0.03081,0.03085,574457,17806.62433
1787454000000,0.03085,0.03089,0.03027,0.03034,456213,13930.44421
1787457600000,0.03034,0.0304,0.02977,0.02992,608353,18298.92053
1787461200000,0.02992,0.03026,0.0297,0.02987,419132,12580.84112
1787464800000,0.02987,0.03012,0.02967,0.03005,406350,12165.89844
1787468400000,0.03005,0.03038,0.03005,0.03038,199080,6028.39719
1787472000000,0.03038,0.03068,0.0303,0.03066,358813,10966.22621
1787475600000,0.03066,0.03071,0.03044,0.03061,206025,6299.5343
1787479200000,0.03061,0.03102,0.0306,0.03087,213333,6595.42661
1787482800000,0.03087,0.03145,0.03084,0.03136,432111,13517.72015
1787486400000,0.03136,0.03136,0.0311,0.0312,167528,5223.24109
1787490000000,0.0312,0.03159,0.03108,0.03156,443131,13921.8258
1787493600000,0.03156,0.03188,0.03107,0.03157,1065381,33459.80313
1787497200000,0.03157,0.03205,0.03091,0.03165,2113467,66727.03282
1787500800000,0.03165,0.03177,0.03148,0.0317,594743,18794.41644
1787504400000,0.0317,0.03192,0.03149,0.03186,345070,10942.01631
1787508000000,0.03186,0.03191,0.03162,0.03175,167420,5324.36007
1787511600000,0.03175,0.03184,0.0316,0.03176,102090,3238.4205
1787515200000,0.03176,0.03176,0.03157,0.03163,97694,3094.17555
1787518800000,0.03163,0.03205,0.03162,0.03183,98255,3133.81324
1787522400000,0.03183,0.03186,0.03152,0.03161,249864,7916.96214
1787526000000,0.03161,0.03177,0.03144,0.03163,397243,12539.57955
1787529600000,0.03163,0.03169,0.03116,0.03143,853630,26737.12336
1787533200000,0.03143,0.03149,0.03097,0.03097,687591,21528.76886
1787536800000,0.03097,0.03118,0.03088,0.03102,208021,6457.97352
1787540400000,0.03102,0.03107,0.03063,0.03063,536572,16527.48528
1787544000000,0.03063,0.03101,0.03063,0.03079,187957,5798.45206
1787547600000,0.03079,0.03097,0.03067,0.0308,425216,13102.94453
1787551200000,0.0308,0.03081,0.03053,0.03058,126251,3875.84337
1787554800000,0.03058,0.03079,0.03036,0.03036,293271,8978.22996
1787558400000,0.03036,0.03052,0.03026,0.03051,276238,8396.42948
1787562000000,0.03051,0.03096,0.0305,0.03086,347185,10692.29386
1787565600000,0.03086,0.03112,0.03068,0.03069,359329,11119.01293
1787569200000,0.03069,0.03108,0.03055,0.03104,372945,11515.06376
1787572800000,0.03104,0.03117,0.03058,0.03108,1202376,37034.40966
1787576400000,0.03108,0.0311,0.03036,0.03052,396281,12178.71907
1787580000000,0.03052,0.03117,0.03049,0.03114,705415,21779.91606
1787583600000,0.03114,0.03175,0.0308,0.03097,1617931,50592.27082
1787587200000,0.03097,0.03135,0.03087,0.03098,677173,21108.19637
1787590800000,0.03098,0.03104,0.03043,0.03066,601472,18470.03147
1787594400000,0.03066,0.03089,0.03056,0.03058,242658,7457.62898
1787598000000,0.03058,0.03075,0.03045,0.03065,224915,6876.18838
1787601600000,0.03065,0.03091,0.03059,0.0309,141327,4343.77984
1787605200000,0.0309,0.03101,0.03089,0.03091,196317,6074.60502
1787608800000,0.03091,0.03096,0.03047,0.03047,188961,5806.19796
1787612400000,0.03047,0.03068,0.03047,0.03068,129530,3963.85196
1787616000000,0.03068,0.03117,0.03064,0.03106,595841,18393.15679
1787619600000,0.03106,0.03115,0.03091,0.03092,152390,4724.57214
1787623200000,0.03092,0.03154,0.03088,0.03112,692919,21662.26599
1787626800000,0.03112,0.0315,0.03112,0.03114,212103,6642.31605
1787630400000,0.03114,0.03135,0.03113,0.03113,249250,7794.43311
1787634000000,0.03113,0.03154,0.03113,0.03143,123912,3890.68807
1787637600000,0.03143,0.03175,0.03133,0.03146,338229,10660.97398
1787641200000,0.03146,0.03153,0.03088,0.03107,708534,22118.767
1787644800000,0.03107,0.0315,0.03104,0.03128,316185,9906.64922
1787648400000,0.03128,0.03139,0.03097,0.03111,242135,7556.82953
1787652000000,0.03111,0.03133,0.03102,0.03129,180264,5614.60004
1787655600000,0.03129,0.03134,0.03115,0.0312,99360,3102.64669
1787659200000,0.0312,0.03131,0.03102,0.03125,209726,6535.36366
1787662800000,0.03125,0.03127,0.03066,0.03093,459897,14199.64579
1787666400000,0.03093,0.03141,0.03089,0.03128,184914,5769.44121
1787670000000,0.03128,0.03141,0.03123,0.03136,716985,22459.94327
1787673600000,0.03136,0.03143,0.03113,0.03114,150679,4713.73433
1787677200000,0.03114,0.03129,0.03095,0.03129,172955,5366.78445
1787680800000,0.03129,0.0314,0.03114,0.03129,316233,9904.79619
1787684400000,0.03129,0.0315,0.03113,0.03115,393975,12343.14927
1787688000000,0.03115,0.03116,0.03052,0.03056,354796,10937.27679
1787691600000,0.03056,0.03068,0.03011,0.03046,767342,23339.12596
1787695200000,0.03046,0.03083,0.03029,0.03082,391926,11970.28063
1787698800000,0.03082,0.0309,0.03057,0.03065,182917,5618.18783
1787702400000,0.03065,0.03086,0.03039,0.03083,296996,9096.78347
1787706000000,0.03083,0.03095,0.03075,0.03082,46994,1449.3577
1787709600000,0.03082,0.03146,0.03082,0.03135,318258,9932.69309
1787713200000,0.03135,0.03135,0.0311,0.03113,205994,6437.63608
1787716800000,0.03113,0.03124,0.031,0.031,215707,6718.37696
1787720400000,0.031,0.03117,0.03073,0.03109,174537,5402.41608
1787724000000,0.03109,0.03129,0.03105,0.03108,80595,2509.50215
1787727600000,0.03108,0.03122,0.03102,0.03107,148241,4611.8847
1787731200000,0.03107,0.03181,0.03099,0.03165,975338,30476.57234
1787734800000,0.03165,0.03181,0.03112,0.03129,441649,13849.42558
1787738400000,0.03129,0.03182,0.03107,0.03172,521422,16476.46922
1787742000000,0.03172,0.03194,0.03153,0.0317,917989,29124.79281
1787745600000,0.0317,0.03174,0.03109,0.03152,609410,19210.7954
1787749200000,0.03152,0.03154,0.03119,0.03131,304688,9560.15798
1787752800000,0.03131,0.03221,0.03114,0.03116,973593,30982.63311
1787756400000,0.03116,0.03179,0.03095,0.03141,596114,18717.91325
1787760000000,0.03141,0.0315,0.03115,0.03139,355607,11137.13172
1787763600000,0.03139,0.03176,0.03137,0.03148,200855,6347.33914
1787767200000,0.03148,0.03186,0.0314,0.03173,368706,11674.64068
1787770800000,0.03173,0.03177,0.03154,0.03164,264924,8377.34334
1787774400000,0.03164,0.03164,0.03126,0.03142,111567,3503.2554
1787778000000,0.03142,0.03184,0.03139,0.03181,155304,4899.24299
1787781600000,0.03181,0.03206,0.03161,0.0319,236187,7524.26987
1787785200000,0.0319,0.0322,0.03176,0.03218,249085,7958.93769
1787788800000,0.03218,0.03218,0.03177,0.03177,444990,14218.91164
1787792400000,0.03177,0.03205,0.03167,0.03184,294228,9367.33006
1787796000000,0.03184,0.03189,0.03158,0.03171,317652,10073.3891
1787799600000,0.03171,0.03203,0.03168,0.0319,96735,3090.05899
1787803200000,0.0319,0.03219,0.03186,0.03203,475055,15225.73758
1787806800000,0.03203,0.03211,0.03181,0.03203,393191,12590.19056
1787810400000,0.03203,0.03274,0.03182,0.03268,640597,20715.5716
1787814000000,0.03268,0.03273,0.03234,0.03268,377699,12286.5778
1787817600000,0.03268,0.03328,0.03263,0.03325,426316,14033.68353
1787821200000,0.03325,0.03467,0.03322,0.03422,4590023,156474.65676
1787824800000,0.03422,0.03479,0.0331,0.03404,8207650,278700.13141
1787828400000,0.03404,0.0352,0.03382,0.03513,3927194,135479.81732
1787832000000,0.03513,0.03528,0.03415,0.03464,7682412,267034.80122
1787835600000,0.03464,0.03464,0.03354,0.03445,4810649,163932.55531
1787839200000,0.03445,0.03464,0.03406,0.03437,1520819,52089.95486
1787842800000,0.03437,0.03486,0.03418,0.03483,770084,26583.07438
1787846400000,0.03483,0.03525,0.03442,0.03445,1863143,64802.12278
1787850000000,0.03445,0.035,0.03399,0.0346,1180929,40676.8584
1787853600000,0.0346,0.03477,0.03424,0.03442,835930,28870.0056
1787857200000,0.03442,0.03453,0.0338,0.0338,586000,19960.81037
1787860800000,0.0338,0.03391,0.03357,0.03358,547207,18442.86012
1787864400000,0.03358,0.03418,0.03357,0.03388,303241,10263.86594
1787868000000,0.03388,0.03398,0.03379,0.03397,103473,3503.40079
1787871600000,0.03397,0.03404,0.03389,0.03396,230959,7842.17608
1787875200000,0.03396,0.03455,0.03377,0.034,910735,31024.99906
1787878800000,0.034,0.03439,0.03367,0.03367,691710,23577.81582
1787882400000,0.03367,0.03371,0.0328,0.03335,1321480,43908.77179
1787886000000,0.03335,0.03335,0.03298,0.03323,489420,16217.46389
1787889600000,0.03323,0.03451,0.03306,0.03416,2367968,80400.31995
1787893200000,0.03416,0.03416,0.03363,0.03381,631282,21365.23315
1787896800000,0.03381,0.03392,0.03364,0.03369,252319,8527.68244
1787900400000,0.03369,0.03416,0.03351,0.03396,1065124,36058.53925
1787904000000,0.03396,0.03417,0.03356,0.03357,1053588,35650.098
1787907600000,0.03357,0.03458,0.0335,0.03449,986477,33695.00229
1787911200000,0.03449,0.03507,0.03418,0.03483,2803437,97091.22131
1787914800000,0.03483,0.03485,0.03408,0.0344,471661,16171.52054
1787918400000,0.0344,0.03477,0.03414,0.03428,1279546,44120.5955
1787922000000,0.03428,0.03444,0.03377,0.03407,882138,30068.05996
1787925600000,0.03407,0.03429,0.03287,0.03391,2026026,67798.46668
1787929200000,0.03391,0.03415,0.03342,0.03343,926218,31463.94317
1787932800000,0.03343,0.03346,0.03206,0.03279,2987758,97534.80604
1787936400000,0.03279,0.0331,0.03261,0.03264,986073,32404.91162
1787940000000,0.03264,0.0327,0.03229,0.03268,596358,19357.27071
1787943600000,0.03268,0.03284,0.03251,0.03265,292220,9556.99009
1787947200000,0.03265,0.03291,0.03251,0.03276,690463,22602.67248
1787950800000,0.03276,0.03285,0.03257,0.03259,320767,10502.53974
1787954400000,0.03259,0.0332,0.03259,0.03317,193112,6364.36986
1787958000000,0.03317,0.03353,0.03308,0.03353,388021,12907.1759
1787961600000,0.03353,0.03358,0.03304,0.03308,661303,22039.46601
1787965200000,0.03308,0.03334,0.03287,0.03327,610329,20209.26966
1787968800000,0.03327,0.03337,0.03296,0.03335,357033,11846.95617
1787972400000,0.03335,0.03365,0.03303,0.03307,271923,9063.64708
1787976000000,0.03307,0.03338,0.03291,0.03307,1167333,38671.57557
1787979600000,0.03307,0.03325,0.03305,0.03323,190834,6323.18326
1787983200000,0.03323,0.03332,0.03272,0.0332,715550,23585.21562
1787986800000,0.0332,0.03329,0.03284,0.03318,954782,31553.49891
1787990400000,0.03318,0.0336,0.03303,0.03326,506502,16871.03493
1787994000000,0.03326,0.03369,0.03319,0.03359,428678,14367.71476
1787997600000,0.03359,0.03394,0.03358,0.03373,460026,15536.03933
1788001200000,0.03373,0.03389,0.03347,0.03347,247331,8330.36264
1788004800000,0.03347,0.03347,0.03317,0.0334,473449,15767.53039
1788008400000,0.0334,0.03352,0.03307,0.03314,965607,32121.59273
1788012000000,0.03314,0.03335,0.03308,0.03327,216563,7195.2654
1788015600000,0.03327,0.03351,0.03316,0.03334,210395,7007.44588
1788019200000,0.03334,0.03343,0.03317,0.03317,194608,6476.90282
1788022800000,0.03317,0.03323,0.03286,0.03292,372914,12304.97247
1788026400000,0.03292,0.03307,0.0329,0.033,290901,9601.28328
1788030000000,0.033,0.03318,0.03295,0.03311,92124,3048.93688
1788033600000,0.03311,0.03312,0.03297,0.03308,68397,2260.02492
1788037200000,0.03308,0.03324,0.03301,0.0331,112250,3721.89315
1788040800000,0.0331,0.03333,0.03308,0.03328,56171,1866.01092
1788044400000,0.03328,0.03343,0.03318,0.03341,79832,2658.26416
1788048000000,0.03341,0.03341,0.03306,0.03312,202697,6745.80851
1788051600000,0.03312,0.03339,0.03309,0.03336,219308,7290.64789
1788055200000,0.03336,0.0335,0.0331,0.03344,198004,6601.20306
1788058800000,0.03344,0.03443,0.03344,0.03388,1034562,35318.34815
1788062400000,0.03388,0.03435,0.03348,0.03363,1764926,59643.59249
1788066000000,0.03363,0.03413,0.03363,0.03392,420072,14246.19658
1788069600000,0.03392,0.03454,0.0338,0.03393,1467376,50068.02054
1788073200000,0.03393,0.0341,0.03366,0.03385,286283,9702.56656
1788076800000,0.03385,0.03389,0.03364,0.0337,556504,18771.41658
1788080400000,0.0337,0.03412,0.03367,0.03401,353082,11973.03348
1788084000000,0.03401,0.03475,0.03396,0.03447,490720,16857.83484
1788087600000,0.03447,0.03457,0.03431,0.03437,270102,9309.94541
1788091200000,0.03437,0.03453,0.03422,0.03441,191783,6585.8056
1788094800000,0.03441,0.03446,0.03427,0.03446,193238,6640.10222
1788098400000,0.03446,0.03474,0.03437,0.03467,427491,14796.91936
1788102000000,0.03467,0.03476,0.03434,0.03452,326815,11283.4523
1788105600000,0.03452,0.0349,0.03441,0.03474,1145132,39751.37233
1788109200000,0.03474,0.03478,0.03445,0.03449,116764,4041.09181
1788112800000,0.03449,0.03453,0.03431,0.03441,159243,5473.89234
1788116400000,0.03441,0.03441,0.03425,0.03437,64856,2226.72118
1788120000000,0.03437,0.03438,0.03395,0.03434,315612,10779.41629
1788123600000,0.03434,0.03434,0.03379,0.03409,352365,11988.85819
1788127200000,0.03409,0.03418,0.03358,0.03366,229803,7750.30717
1788130800000,0.03366,0.0337,0.03185,0.03246,1684075,55189.23441
1788134400000,0.03246,0.0332,0.03229,0.03306,299893,9846.73721
1788138000000,0.03306,0.03437,0.03277,0.03403,1508476,50901.3262
1788141600000,0.03403,0.03451,0.03373,0.03439,855267,29246.93819
1788145200000,0.03439,0.0351,0.03435,0.03481,1091714,37912.02375
1788148800000,0.03481,0.03492,0.03421,0.03479,410705,14196.50705
1788152400000,0.03479,0.03526,0.03435,0.03436,643714,22377.14508
1788156000000,0.03436,0.03514,0.03436,0.03467,602149,20982.79467
1788159600000,0.03467,0.03543,0.03466,0.03472,611829,21409.04811
1788163200000,0.03472,0.03473,0.034,0.0344,487471,16743.70677
1788166800000,0.0344,0.03451,0.03391,0.03413,464188,15840.93279
1788170400000,0.03413,0.0355,0.03401,0.03457,908580,31561.09354
1788174000000,0.03457,0.03556,0.03431,0.03451,1983275,69138.85589
1788177600000,0.03451,0.03495,0.03396,0.03401,1688658,58315.19452
1788181200000,0.03401,0.03423,0.03379,0.03388,439043,14924.68538
1788184800000,0.03388,0.03439,0.03385,0.03432,443853,15170.96981
1788188400000,0.03432,0.03433,0.03395,0.03413,255851,8737.85903
1788192000000,0.03413,0.03447,0.03411,0.03428,788012,27033.62445
1788195600000,0.03428,0.03451,0.03412,0.03438,185608,6369.9167
1788199200000,0.03438,0.03454,0.03416,0.03422,488560,16742.60841
1788202800000,0.03422,0.0343,0.03404,0.0341,122953,4200.34912
1788206400000,0.0341,0.03413,0.03391,0.03399,174408,5935.80741
1788210000000,0.03399,0.03409,0.03388,0.03401,50399,1712.85976
1788213600000,0.03401,0.03405,0.03387,0.03397,82968,2815.59314
1788217200000,0.03397,0.03399,0.03362,0.03366,259799,8779.58156
1788220800000,0.03366,0.03413,0.03364,0.0341,180664,6118.68658
1788224400000,0.0341,0.03423,0.03383,0.03398,284523,9697.47691
1788228000000,0.03398,0.03408,0.03371,0.03408,149909,5079.5489
1788231600000,0.03408,0.0344,0.03392,0.0344,200698,6848.16627
1788235200000,0.0344,0.0344,0.03407,0.03409,90790,3107.91133
1788238800000,0.03409,0.03421,0.0336,0.03365,415726,14069.76999
1788242400000,0.03365,0.0339,0.03332,0.03343,437865,14684.43864
1788246000000,0.03343,0.03353,0.03326,0.0333,271218,9046.64272
1788249600000,0.0333,0.03333,0.03267,0.03278,512519,16867.05158
1788253200000,0.03278,0.03296,0.03271,0.03282,427965,14046.58555
1788256800000,0.03282,0.03311,0.03268,0.03293,178247,5875.59375
1788260400000,0.03293,0.03309,0.03281,0.03298,195072,6427.02468
1788264000000,0.03298,0.03299,0.03263,0.0327,323413,10618.4775
1788267600000,0.0327,0.0329,0.03245,0.03273,216739,7078.16674
1788271200000,0.03273,0.03287,0.03266,0.03269,739463,24227.52635
1788274800000,0.03269,0.03269,0.0323,0.03247,729698,23663.0047
1788278400000,0.03247,0.0325,0.03201,0.03211,359199,11570.03831
1788282000000,0.03211,0.03223,0.03199,0.032,188420,6054.06125
1788285600000,0.032,0.03202,0.03149,0.03192,949333,30141.8213
1788289200000,0.03192,0.03237,0.03192,0.0322,285890,9199.6066
1788292800000,0.0322,0.03234,0.03213,0.03227,118173,3808.40608
1788296400000,0.03227,0.03236,0.03187,0.03219,218053,6977.74672
1788300000000,0.03219,0.03227,0.03203,0.03222,75064,2413.12722
1788303600000,0.03222,0.03254,0.03211,0.03244,331021,10706.77556
1788307200000,0.03244,0.03299,0.03241,0.03272,608562,19944.56277
1788310800000,0.03272,0.03295,0.03254,0.03266,369079,12086.74199
1788314400000,0.03266,0.03358,0.03265,0.03332,763117,25279.67125
1788318000000,0.03332,0.03371,0.03325,0.03361,533823,17876.18977
1788321600000,0.03361,0.03368,0.03323,0.03354,278193,9319.95591
1788325200000,0.03354,0.03506,0.03341,0.03379,4156777,141188.37194
1788328800000,0.03379,0.03393,0.03354,0.03362,794011,26749.30619
1788332400000,0.03362,0.03386,0.03338,0.03369,751873,25279.96138
1788336000000,0.03369,0.03499,0.03369,0.0342,6396823,219808.13307
1788339600000,0.0342,0.03497,0.03406,0.03489,2899853,100392.29241
1788343200000,0.03489,0.03564,0.03386,0.03484,11643870,405337.73071
1788346800000,0.03484,0.03542,0.03458,0.03498,3146978,109956.35033
1788350400000,0.03498,0.03521,0.0344,0.03459,2320889,80588.68332
1788354000000,0.03459,0.03521,0.03453,0.03507,1186958,41321.8671
1788357600000,0.03507,0.03519,0.03458,0.03459,846814,29640.7264
1788361200000,0.03459,0.03486,0.0344,0.03449,1390793,48141.56045
1788364800000,0.03449,0.03451,0.03403,0.0341,622824,21340.26364
1788368400000,0.0341,0.03419,0.03395,0.03405,276459,9415.57452
1788372000000,0.03405,0.03405,0.03379,0.03383,347253,11758.38562
1788375600000,0.03383,0.03389,0.03368,0.03384,334791,11314.52033
1788379200000,0.03384,0.03414,0.0338,0.03404,231094,7851.96405
1788382800000,0.03404,0.03412,0.03387,0.03401,226926,7714.61405
1788386400000,0.03401,0.03405,0.03375,0.03389,188589,6391.34849
1788390000000,0.03389,0.03435,0.03389,0.03403,527915,17985.48031
1788393600000,0.03403,0.03553,0.03391,0.03477,6234171,218343.94881
1788397200000,0.03477,0.03477,0.03399,0.03453,1497087,51298.72505
1788400800000,0.03453,0.03478,0.03426,0.03467,903945,31216.05162
1788404400000,0.03467,0.03467,0.03376,0.03386,940376,32035.77828
1788408000000,0.03386,0.03413,0.03373,0.03407,891023,30240.0693
1788411600000,0.03407,0.03412,0.03353,0.03402,617671,20898.37877
1788415200000,0.03402,0.03413,0.03392,0.03395,217088,7388.91946
1788418800000,0.03395,0.03414,0.03389,0.03411,316493,10765.64984
1788422400000,0.03411,0.03411,0.03363,0.03364,256317,8666.42585
1788426000000,0.03364,0.03389,0.0336,0.03378,408973,13788.75476
1788429600000,0.03378,0.03378,0.03357,0.03366,64264,2162.75059
1788433200000,0.03366,0.03376,0.03269,0.03319,1762936,58399.09934
1788436800000,0.03319,0.03357,0.03319,0.03351,249419,8324.74443
1788440400000,0.03351,0.03351,0.03311,0.03311,145179,4836.56801
1788444000000,0.03311,0.03376,0.03311,0.03376,339070,11381.24813
1788447600000,0.03376,0.03422,0.03373,0.03411,955244,32401.67452
1788451200000,0.03411,0.03415,0.03385,0.03401,672117,22827.01961
1788454800000,0.03401,0.03426,0.0339,0.03417,54734,1866.15233
1788458400000,0.03417,0.03451,0.03411,0.03442,125113,4292.6449
1788462000000,0.03442,0.03453,0.03404,0.03409,237372,8140.72467
1788465600000,0.03409,0.0341,0.03393,0.034,53495,1818.63885
1788469200000,0.034,0.03441,0.034,0.03431,336481,11515.89952
1788472800000,0.03431,0.03443,0.03408,0.0341,126742,4343.97267
1788476400000,0.0341,0.03446,0.03405,0.03439,175082,6003.50058
1788480000000,0.03439,0.03439,0.03389,0.03389,240911,8218.61357
1788483600000,0.03389,0.03411,0.03389,0.03404,189858,6450.49497
1788487200000,0.03404,0.03404,0.03383,0.03393,202636,6876.99675
1788490800000,0.03393,0.03403,0.03361,0.03367,272257,9189.93746
1788494400000,0.03367,0.03384,0.03364,0.03366,182634,6164.91396
1788498000000,0.03366,0.03368,0.03345,0.03354,101319,3404.12064
1788501600000,0.03354,0.03357,0.03343,0.03354,107490,3598.81049
1788505200000,0.03354,0.03368,0.03351,0.0336,142689,4795.83195
1788508800000,0.0336,0.03394,0.03357,0.03388,198470,6702.63494
1788512400000,0.03388,0.03392,0.03363,0.03366,110732,3739.0869
1788516000000,0.03366,0.03387,0.03364,0.03386,65196,2200.74182
1788519600000,0.03386,0.03394,0.03382,0.03387,45747,1550.04107
1788523200000,0.03387,0.03388,0.0328,0.03289,1600985,53141.88534
1788526800000,0.03289,0.03315,0.0327,0.03296,645565,21227.29097
1788530400000,0.03296,0.0331,0.03275,0.03307,243272,8010.81637
1788534000000,0.03307,0.03327,0.0329,0.03325,404918,13370.91694
1788537600000,0.03325,0.03359,0.03323,0.03351,174920,5854.10135
1788541200000,0.03351,0.03376,0.03344,0.0337,310980,10457.66374
1788544800000,0.0337,0.0339,0.03361,0.03386,157886,5324.99654
1788548400000,0.03386,0.03426,0.03386,0.03415,374389,12765.06795
1788552000000,0.03415,0.03415,0.03386,0.03387,55706,1890.04021
1788555600000,0.03387,0.03396,0.03377,0.03392,185114,6270.83254
1788559200000,0.03392,0.03408,0.03387,0.03408,55567,1888.54274
1788562800000,0.03408,0.03442,0.03396,0.03434,494814,16959.19557
1788566400000,0.03434,0.03437,0.03402,0.03412,150451,5137.24705
1788570000000,0.03412,0.03417,0.03396,0.03406,199262,6791.85459
1788573600000,0.03406,0.03438,0.03406,0.03427,75467,2585.63287
1788577200000,0.03427,0.03439,0.0341,0.03436,134901,4616.28388
1788580800000,0.03436,0.03436,0.03415,0.03415,143009,4895.02331
1788584400000,0.03415,0.03418,0.03409,0.03416,83141,2838.85799
1788588000000,0.03416,0.03441,0.03411,0.03429,82977,2846.63676
1788591600000,0.03429,0.03476,0.03429,0.03471,247228,8549.02548
1788595200000,0.03471,0.03471,0.03433,0.03439,220758,7610.64061
1788598800000,0.03439,0.03487,0.03439,0.03475,527556,18305.24546
1788602400000,0.03475,0.03477,0.03462,0.03465,131927,4578.64823
1788606000000,0.03465,0.03465,0.0344,0.03444,124424,4290.46003
1788609600000,0.03444,0.03461,0.03431,0.03456,126536,4357.80493
1788613200000,0.03456,0.03467,0.03439,0.0344,121303,4189.11989
1788616800000,0.0344,0.03441,0.0342,0.03426,179828,6162.63116
1788620400000,0.03426,0.03426,0.03412,0.0342,119028,4071.15179
1788624000000,0.0342,0.0342,0.03397,0.03406,360450,12271.33878
1788627600000,0.03406,0.03409,0.03397,0.03406,104660,3563.34926
1788631200000,0.03406,0.0342,0.03392,0.03414,461632,15710.95432
1788634800000,0.03414,0.03423,0.03399,0.03414,298591,10189.77105
1788638400000,0.03414,0.03431,0.03394,0.03425,259568,8862.40751
1788642000000,0.03425,0.03436,0.03415,0.03429,29432,1007.50736
1788645600000,0.03429,0.03443,0.03397,0.0341,332510,11344.12803
1788649200000,0.0341,0.03463,0.0341,0.03442,517567,17765.44844
1788652800000,0.03442,0.03461,0.03428,0.03446,222908,7675.09846
1788656400000,0.03446,0.03476,0.03442,0.03459,243021,8409.77701
1788660000000,0.03459,0.03466,0.03444,0.03444,71272,2463.38554
1788663600000,0.03444,0.03469,0.03429,0.03466,330974,11399.69158
1788667200000,0.03466,0.03466,0.03442,0.03458,191974,6630.68357
1788670800000,0.03458,0.03481,0.03453,0.03467,144855,5027.00108
1788674400000,0.03467,0.0347,0.03451,0.03452,38677,1338.82874
1788678000000,0.03452,0.03456,0.03424,0.0344,123356,4242.98128
1788681600000,0.0344,0.03443,0.03421,0.03439,198479,6809.48777
1788685200000,0.03439,0.03453,0.03433,0.03452,63778,2192.88875
1788688800000,0.03452,0.03458,0.03447,0.03458,28333,977.26547
1788692400000,0.03458,0.03479,0.03458,0.03472,50578,1754.2783
1788696000000,0.03472,0.03472,0.03448,0.03451,83018,2867.12869
1788699600000,0.03451,0.0346,0.03438,0.03459,116585,4019.31992
1788703200000,0.03459,0.03459,0.03394,0.0341,534597,18241.84408
1788706800000,0.0341,0.03447,0.03395,0.03447,37234,1277.21867
1788710400000,0.03447,0.0348,0.03443,0.0347,285442,9882.02802
1788714000000,0.0347,0.0347,0.0345,0.03452,71721,2479.18918
1788717600000,0.03452,0.03471,0.03452,0.03459,99180,3433.96096
1788721200000,0.03459,0.03474,0.03456,0.03466,67969,2354.94454
1788724800000,0.03466,0.03469,0.03454,0.03457,75172,2603.61376
1788728400000,0.03457,0.03488,0.03457,0.03483,107876,3752.59941
1788732000000,0.03483,0.03485,0.0347,0.03477,227942,7922.47134
1788735600000,0.03477,0.03499,0.03474,0.03487,101572,3544.95897
1788739200000,0.03487,0.03507,0.03469,0.03471,311093,10851.38425
1788742800000,0.03471,0.03474,0.03437,0.03457,357836,12343.45391
1788746400000,0.03457,0.03474,0.0344,0.03464,244362,8441.82827
1788750000000,0.03464,0.03467,0.03435,0.0344,181214,6246.09215
1788753600000,0.0344,0.03456,0.03422,0.03426,308261,10596.05269
1788757200000,0.03426,0.03455,0.03426,0.03438,94360,3252.27583
1788760800000,0.03438,0.03445,0.0343,0.03434,102922,3534.53942
1788764400000,0.03434,0.03443,0.03388,0.03394,361704,12370.13557
1788768000000,0.03394,0.03426,0.03394,0.0342,204588,7000.07188
1788771600000,0.0342,0.03431,0.034,0.03402,97008,3310.62859
1788775200000,0.03402,0.03424,0.03401,0.03424,144621,4932.17294
1788778800000,0.03424,0.03427,0.03411,0.03427,141287,4829.87465
1788782400000,0.03427,0.03461,0.03427,0.03461,105551,3634.38286
1788786000000,0.03461,0.03468,0.03445,0.03456,257360,8893.02546
1788789600000,0.03456,0.03456,0.03412,0.03444,761191,26128.90492
1788793200000,0.03444,0.03444,0.03359,0.03366,1524574,51583.70105
1788796800000,0.03366,0.03398,0.03365,0.03393,98864,3344.25024
1788800400000,0.03393,0.03397,0.03381,0.03382,87761,2974.47736
1788804000000,0.03382,0.03393,0.03377,0.03389,148976,5042.33184
1788807600000,0.03389,0.03401,0.03373,0.03399,116699,3946.93493
1788811200000,0.03399,0.03399,0.03374,0.03391,172210,5831.59662
1788814800000,0.03391,0.03397,0.03382,0.03383,36999,1254.26641
1788818400000,0.03383,0.03391,0.03352,0.03364,206035,6953.82588
1788822000000,0.03364,0.03385,0.03362,0.03381,198749,6709.17656
1788825600000,0.03381,0.03418,0.03365,0.03415,316972,10734.30571
1788829200000,0.03415,0.03415,0.03396,0.03407,124675,4241.52434
1788832800000,0.03407,0.03413,0.0338,0.0338,56480,1919.95765
1788836400000,0.0338,0.03398,0.03355,0.03383,286497,9664.11938
1788840000000,0.03383,0.034,0.03369,0.03383,291182,9852.13876
1788843600000,0.03383,0.03424,0.03382,0.03406,319784,10894.01822
1788847200000,0.03406,0.03411,0.03374,0.0338,246277,8356.59806
1788850800000,0.0338,0.03461,0.0338,0.03449,1152824,39516.50767
1788854400000,0.03449,0.03458,0.03435,0.03445,380527,13113.90528
1788858000000,0.03445,0.03545,0.03443,0.03542,373509,13103.48287
1788861600000,0.03542,0.03623,0.03511,0.03528,3958213,141040.84482
1788865200000,0.03528,0.03569,0.03509,0.03522,2216211,78450.81852
1788868800000,0.03522,0.03523,0.03477,0.03491,893277,31233.95128
1788872400000,0.03491,0.03594,0.03488,0.03594,2677031,94790.41843
1788876000000,0.03594,0.03739,0.03557,0.03703,10674787,386337.10129
1788879600000,0.03703,0.03742,0.03644,0.03673,3839512,141630.76177
1788883200000,0.03673,0.03718,0.03672,0.03688,1098775,40548.06344
1788886800000,0.03688,0.03743,0.03658,0.03694,1569514,58048.74308
1788890400000,0.03694,0.03705,0.03626,0.03647,1641335,60045.70943
1788894000000,0.03647,0.03697,0.03622,0.03631,1398356,51197.95913
1788897600000,0.03631,0.03681,0.03625,0.03655,757864,27628.21993
1788901200000,0.03655,0.03717,0.03642,0.03649,1076848,39624.72512
1788904800000,0.03649,0.03649,0.03598,0.03614,1073390,38799.29017
1788908400000,0.03614,0.03642,0.03599,0.0363,509520,18442.21384
1788912000000,0.0363,0.03713,0.03593,0.03629,1710734,62287.20638
1788915600000,0.03629,0.03643,0.03584,0.03592,950682,34327.33166
1788919200000,0.03592,0.03609,0.03551,0.03585,582954,20852.47944
1788922800000,0.03585,0.03652,0.03573,0.03584,1229020,44313.44183
1788926400000,0.03584,0.03621,0.03579,0.03599,753261,27156.41701
1788930000000,0.03599,0.03605,0.03555,0.03574,650830,23330.78184
1788933600000,0.03574,0.03584,0.03562,0.03573,419347,14988.74865
1788937200000,0.03573,0.03611,0.03569,0.03602,389936,13999.48555
1788940800000,0.03602,0.03609,0.03578,0.03584,508247,18278.78575
1788944400000,0.03584,0.03585,0.03519,0.03534,652600,23136.71887
1788948000000,0.03534,0.0355,0.03526,0.0354,440914,15594.09
1788951600000,0.0354,0.03563,0.03509,0.03551,480409,17002.25481
1788955200000,0.03551,0.03553,0.03533,0.03542,269057,9531.02771
1788958800000,0.03542,0.03569,0.03519,0.03556,655647,23212.67353
1788962400000,0.03556,0.03581,0.0354,0.03551,836918,29817.92261
1788966000000,0.03551,0.03574,0.03475,0.03527,886770,31180.7518
1788969600000,0.03527,0.03581,0.03509,0.03572,888518,31534.74866
1788973200000,0.03572,0.0358,0.03559,0.03559,177166,6327.30979
1788976800000,0.03559,0.03572,0.03549,0.03552,391336,13939.05138
1788980400000,0.03552,0.0358,0.03528,0.0354,506926,18033.12267
1788984000000,0.0354,0.03548,0.03498,0.03544,745816,26356.75936
1788987600000,0.03544,0.0355,0.03483,0.03489,291753,10265.50374
1788991200000,0.03489,0.03507,0.03367,0.03387,2460623,84130.1082
1788994800000,0.03387,0.03433,0.03387,0.03426,567146,19336.6215
1788998400000,0.03426,0.03453,0.03397,0.03403,828290,28413.60179
1789002000000,0.03403,0.03549,0.03401,0.0351,3767987,131896.78416
1789005600000,0.0351,0.03621,0.03501,0.03612,1074374,38414.57363
1789009200000,0.03612,0.03766,0.03587,0.03644,14630070,537458.74019
1789012800000,0.03644,0.03707,0.03572,0.03605,2845606,103631.82795
1789016400000,0.03605,0.03724,0.03605,0.03682,1490445,54628.89997
1789020000000,0.03682,0.03767,0.03612,0.03635,2191103,80831.89945
1789023600000,0.03635,0.03777,0.03608,0.03735,4684263,174225.97441
1789027200000,0.03735,0.03861,0.03691,0.03793,8888905,334613.77989
1789030800000,0.03793,0.03796,0.03615,0.03636,5702698,211441.69932
1789034400000,0.03636,0.03761,0.03568,0.03696,4302734,157691.28384
1789038000000,0.03696,0.03746,0.0365,0.03698,2745556,101561.77483
1789041600000,0.03698,0.03821,0.03645,0.03717,13332182,499822.05993
1789045200000,0.03717,0.04012,0.03717,0.03987,19322281,746510.29379
1789048800000,0.03987,0.04119,0.03779,0.03851,29398508,1157963.20644
1789052400000,0.03851,0.03881,0.03741,0.03803,9235568,352578.06631
1789056000000,0.03803,0.03839,0.03569,0.03603,10006977,371816.57216
1789059600000,0.03603,0.03694,0.03576,0.03669,3739836,135638.99774
1789063200000,0.03669,0.03672,0.03606,0.03638,1796837,65290.52631
1789066800000,0.03638,0.03653,0.03604,0.03608,792464,28752.65047
1789070400000,0.03608,0.03628,0.0353,0.03598,3891934,139288.54359
1789074000000,0.03598,0.03674,0.03596,0.03644,3040142,110598.18202
1789077600000,0.03644,0.03682,0.03616,0.03621,655878,23926.5443
1789081200000,0.03621,0.03637,0.03578,0.03588,1003784,36194.50982
1789084800000,0.03588,0.03618,0.03316,0.03369,5546794,190111.12066
1789088400000,0.03369,0.03498,0.03361,0.03385,8339443,284724.46823
1789092000000,0.03385,0.03411,0.03343,0.03352,1591347,53688.82271
1789095600000,0.03352,0.03403,0.03347,0.03392,1225717,41276.69244
1789099200000,0.03392,0.03467,0.03387,0.03467,1676225,57486.18717
1789102800000,0.03467,0.03537,0.03439,0.03512,1829473,63803.21328
1789106400000,0.03512,0.03515,0.03426,0.03432,640791,22172.53961
1789110000000,0.03432,0.03481,0.03428,0.03459,935749,32380.20814
1789113600000,0.03459,0.0351,0.0344,0.03457,1777130,61663.96863
1789117200000,0.03457,0.03457,0.03371,0.03385,1335458,45555.95325
1789120800000,0.03385,0.03429,0.0336,0.03367,974250,33105.19785
1789124400000,0.03367,0.03391,0.03309,0.03384,1942563,64899.1043
1789128000000,0.03384,0.03505,0.03354,0.03457,3398480,116065.51121
1789131600000,0.03457,0.03523,0.03396,0.03505,6863173,237163.25763
1789135200000,0.03505,0.03513,0.03459,0.03477,1797077,62550.12373
1789138800000,0.03477,0.03542,0.03442,0.03467,2548634,89208.82094
1789142400000,0.03467,0.03504,0.03459,0.03498,673298,23410.79652
