timestamp,open,high,low,close,volume,turnover
1782172800000,0.03659,0.03687,0.03623,0.03681,1711106,62669.49632
1782176400000,0.03681,0.03694,0.03637,0.03671,709775,26032.35167
1782180000000,0.03671,0.03684,0.03649,0.03677,753441,27650.81322
1782183600000,0.03677,0.03752,0.0365,0.0372,2824402,104647.85514
1782187200000,0.0372,0.03747,0.03671,0.03672,2848409,105824.83779
1782190800000,0.03672,0.03677,0.03631,0.03642,2006131,73204.17101
1782194400000,0.03642,0.03643,0.03521,0.0356,6985688,248917.64771
1782198000000,0.0356,0.0356,0.03511,0.03513,4045433,142976.60926
1782201600000,0.03513,0.0352,0.03401,0.03457,13208268,456091.44824
1782205200000,0.03457,0.03486,0.03451,0.0347,2266864,78588.25185
1782208800000,0.0347,0.03495,0.03437,0.03451,3978847,137538.53642
1782212400000,0.03451,0.03487,0.03447,0.03474,2289824,79434.47879
1782216000000,0.03474,0.035,0.03469,0.03483,3027022,105451.29613
1782219600000,0.03483,0.03556,0.03472,0.03541,8400142,295426.96649
1782223200000,0.03541,0.03561,0.03512,0.03519,2688485,94861.25234
1782226800000,0.03519,0.0352,0.03476,0.035,910149,31800.62916
1782230400000,0.035,0.03549,0.03499,0.03521,920807,32472.09783
1782234000000,0.03521,0.03554,0.0351,0.03518,1173039,41364.09087
1782237600000,0.03518,0.03529,0.0351,0.03522,737352,25957.51902
1782241200000,0.03522,0.03549,0.03521,0.03537,2239956,79225.66168
1782244800000,0.03537,0.03569,0.03534,0.03537,1201647,42703.4094
1782248400000,0.03537,0.03548,0.0353,0.03546,587483,20794.6435
1782252000000,0.03546,0.03562,0.03518,0.03532,1520406,53719.12532
1782255600000,0.03532,0.03533,0.03494,0.03512,999045,35040.00875
1782259200000,0.03512,0.0355,0.0351,0.03532,1814382,64047.23616
1782262800000,0.03532,0.03532,0.03498,0.03503,3588699,125944.26266
1782266400000,0.03503,0.03509,0.03478,0.03486,1515451,52933.72405
1782270000000,0.03486,0.0349,0.03462,0.03464,1903784,66160.68901
1782273600000,0.03464,0.03473,0.03428,0.03468,3699841,127660.50262
1782277200000,0.03468,0.03498,0.03466,0.03488,1204903,41993.75431
1782280800000,0.03488,0.03564,0.03474,0.03548,6380573,225062.57879
1782284400000,0.03548,0.0355,0.03513,0.03525,2394684,84531.22806
1782288000000,0.03525,0.03539,0.03506,0.03525,1458464,51301.00775
1782291600000,0.03525,0.03533,0.03501,0.03516,1417945,49896.72439
1782295200000,0.03516,0.03523,0.03461,0.03468,3651569,127327.4075
1782298800000,0.03468,0.03537,0.03447,0.03519,3726700,129953.21533
1782302400000,0.03519,0.03525,0.0349,0.03498,1494416,52477.24106
1782306000000,0.03498,0.035,0.03386,0.03421,12194711,418334.30459
1782309600000,0.03421,0.03461,0.03407,0.03447,6472093,222034.45713
1782313200000,0.03447,0.03449,0.0335,0.0336,11122418,377536.9475
1782316800000,0.0336,0.03401,0.03254,0.03286,17742163,590180.63761
1782320400000,0.03286,0.0331,0.03224,0.03249,14048275,458274.38682
1782324000000,0.03249,0.03337,0.03238,0.0332,2469564,81239.99186
1782327600000,0.0332,0.03348,0.03306,0.03345,8475275,282222.57021
1782331200000,0.03345,0.03431,0.03338,0.03417,3734870,126650.5978
1782334800000,0.03417,0.03434,0.034,0.03423,1213400,41392.93843
1782338400000,0.03423,0.0344,0.03389,0.03398,1484047,50569.11498
1782342000000,0.03398,0.03399,0.03377,0.03377,1082442,36660.16414
1782345600000,0.03377,0.03394,0.03351,0.03358,1888244,63719.87549
1782349200000,0.03358,0.03369,0.03348,0.03362,801311,26903.58097
1782352800000,0.03362,0.0337,0.03342,0.03352,313743,10532.29146
1782356400000,0.03352,0.03355,0.03338,0.03345,1046817,35017.96114
1782360000000,0.03345,0.03368,0.03324,0.03362,739211,24707.13054
1782363600000,0.03362,0.03447,0.0336,0.03393,7227560,245626.32389
1782367200000,0.03393,0.03435,0.0339,0.03392,3181883,108646.17737
1782370800000,0.03392,0.03399,0.03371,0.03396,3440247,116398.61426
1782374400000,0.03396,0.03428,0.03386,0.0339,3059614,104091.98646
1782378000000,0.0339,0.03401,0.03378,0.03393,758776,25732.81666
1782381600000,0.03393,0.03397,0.03363,0.03365,1310390,44236.63338
1782385200000,0.03365,0.03369,0.03346,0.03361,2385053,80005.1526
1782388800000,0.03361,0.03392,0.03334,0.03363,2677630,90097.42789
1782392400000,0.03363,0.03396,0.0309,0.03109,22913987,733991.89566
1782396000000,0.03109,0.0329,0.03107,0.0324,14015905,450182.48437
1782399600000,0.0324,0.0324,0.0319,0.03228,2746003,88296.64859
1782403200000,0.03228,0.03267,0.03195,0.03196,2443420,79000.93872
1782406800000,0.03196,0.03253,0.03196,0.03247,1693866,54760.9623
1782410400000,0.03247,0.03251,0.0319,0.03199,1915052,61685.27031
1782414000000,0.03199,0.03206,0.03178,0.03198,1899420,60626.27966
1782417600000,0.03198,0.03225,0.03194,0.03199,1386972,44502.05552
1782421200000,0.03199,0.03261,0.03199,0.03259,2333830,75652.56773
1782424800000,0.03259,0.03263,0.03237,0.03244,899038,29202.3708
1782428400000,0.03244,0.0327,0.03234,0.03238,1597551,51925.28935
1782432000000,0.03238,0.03248,0.03205,0.03205,2494554,80693.55345
1782435600000,0.03205,0.03214,0.03176,0.03181,1538618,49097.42547
1782439200000,0.03181,0.03186,0.03101,0.0313,5921917,185566.68179
1782442800000,0.0313,0.03214,0.03106,0.03209,3346305,105912.27719
1782446400000,0.03209,0.03214,0.0318,0.03184,959875,30700.55387
1782450000000,0.03184,0.0321,0.03177,0.032,1076949,34416.32221
1782453600000,0.032,0.03247,0.03187,0.0324,1437517,46327.93055
1782457200000,0.0324,0.03286,0.03238,0.03262,2909455,94918.26178
1782460800000,0.03262,0.03265,0.03228,0.03237,2539292,82418.23486
1782464400000,0.03237,0.03251,0.03216,0.03217,1500390,48541.73451
1782468000000,0.03217,0.03227,0.03196,0.03199,756026,24284.6447
1782471600000,0.03199,0.03216,0.03165,0.0318,1903745,60765.77352
1782475200000,0.0318,0.03213,0.0315,0.03167,1691071,53723.55651
1782478800000,0.03167,0.03244,0.03137,0.03243,5518143,176200.78421
1782482400000,0.03243,0.03279,0.03216,0.03226,6338474,205273.5768
1782486000000,0.03226,0.03296,0.03221,0.03283,5164157,169040.74771
1782489600000,0.03283,0.0337,0.03283,0.03335,7630406,254685.33554
1782493200000,0.03335,0.03462,0.03332,0.03363,9532489,323920.48023
1782496800000,0.03363,0.03404,0.03352,0.03364,2221513,75007.42663
1782500400000,0.03364,0.03415,0.03357,0.03382,1929746,65527.04988
1782504000000,0.03382,0.03436,0.03372,0.03422,5093162,173545.09179
1782507600000,0.03422,0.03485,0.03407,0.03441,2065221,71100.61576
1782511200000,0.03441,0.03449,0.0336,0.03405,2630739,89413.63021
1782514800000,0.03405,0.03436,0.03398,0.03435,804356,27507.3382
1782518400000,0.03435,0.0345,0.03402,0.03429,956742,32805.88504
1782522000000,0.03429,0.03431,0.03395,0.034,819797,27974.07602
1782525600000,0.034,0.03457,0.03394,0.0345,1184516,40674.77841
1782529200000,0.0345,0.0345,0.03416,0.03422,946591,32468.47563
1782532800000,0.03422,0.03562,0.0342,0.03431,8148375,285616.74667
1782536400000,0.03431,0.03433,0.03408,0.0343,1219245,41672.27588
1782540000000,0.0343,0.03434,0.03406,0.03419,992559,33915.4284
1782543600000,0.03419,0.03442,0.03406,0.03419,863455,29572.56197
1782547200000,0.03419,0.03421,0.03384,0.03385,787096,26757.1281
1782550800000,0.03385,0.03471,0.03364,0.03442,2922687,100227.09973
1782554400000,0.03442,0.03444,0.03416,0.03423,1102286,37820.52179
1782558000000,0.03423,0.03424,0.03374,0.03388,1843320,62502.82636
1782561600000,0.03388,0.034,0.03381,0.03387,1476558,50092.85745
1782565200000,0.03387,0.03406,0.03386,0.03394,522383,17746.06056
1782568800000,0.03394,0.03444,0.03387,0.034,2068670,70705.10238
1782572400000,0.034,0.03423,0.03394,0.03408,1130563,38544.16869
1782576000000,0.03408,0.03423,0.03399,0.03406,1357852,46309.33837
1782579600000,0.03406,0.0347,0.0337,0.03418,3435911,117546.20475
1782583200000,0.03418,0.03439,0.03403,0.03438,1104358,37752.38561
1782586800000,0.03438,0.03441,0.03356,0.0337,1283965,43388.61722
1782590400000,0.0337,0.03395,0.03368,0.03378,279466,9460.45016
1782594000000,0.03378,0.03394,0.03334,0.03345,1357971,45586.11821
1782597600000,0.03345,0.03357,0.03327,0.03353,874440,29213.52492
1782601200000,0.03353,0.03363,0.03337,0.03349,667609,22390.05209
1782604800000,0.03349,0.03379,0.03347,0.03377,539566,18173.53477
1782608400000,0.03377,0.03386,0.03361,0.03383,432568,14589.08708
1782612000000,0.03383,0.03387,0.03356,0.03367,494676,16674.0366
1782615600000,0.03367,0.03405,0.03366,0.03403,1007601,34111.00887
1782619200000,0.03403,0.03403,0.0338,0.03393,260002,8819.08164
1782622800000,0.03393,0.03397,0.03351,0.03364,1261434,42429.17156
1782626400000,0.03364,0.03373,0.03341,0.03363,983465,33028.04363
1782630000000,0.03363,0.0339,0.03363,0.03389,215136,7266.54158
1782633600000,0.03389,0.0343,0.03376,0.03429,1129088,38529.34408
1782637200000,0.03429,0.03433,0.03399,0.03402,723617,24699.14247
1782640800000,0.03402,0.03451,0.03394,0.03403,3898090,133570.77042
1782644400000,0.03403,0.03411,0.03381,0.03399,666931,22634.03123
1782648000000,0.03399,0.03415,0.03375,0.03383,1264581,42822.77665
1782651600000,0.03383,0.03383,0.03343,0.03345,1667266,56024.40804
1782655200000,0.03345,0.03371,0.0334,0.03357,396775,13321.63717
1782658800000,0.03357,0.03375,0.03344,0.03367,828335,27856.31508
1782662400000,0.03367,0.03437,0.03333,0.03344,3418704,116045.44848
1782666000000,0.03344,0.03403,0.03341,0.03384,2657433,89769.10865
1782669600000,0.03384,0.03392,0.03353,0.03374,1225212,41365.16483
1782673200000,0.03374,0.03389,0.03342,0.03357,278933,9388.89506
1782676800000,0.03357,0.0338,0.03348,0.03351,232019,7797.66068
1782680400000,0.03351,0.03358,0.03306,0.0331,1611791,53661.80028
1782684000000,0.0331,0.03356,0.03299,0.03318,2523406,83773.76075
1782687600000,0.03318,0.03375,0.03311,0.03363,981704,32962.92089
1782691200000,0.03363,0.03425,0.03335,0.03425,3131381,105554.9981
1782694800000,0.03425,0.03479,0.0339,0.03467,2196077,75275.35159
1782698400000,0.03467,0.0351,0.034,0.03501,2912609,100746.25607
1782702000000,0.03501,0.03598,0.03498,0.03589,4678448,166236.20005
1782705600000,0.03589,0.03621,0.03532,0.03536,7262031,259564.15467
1782709200000,0.03536,0.03623,0.03496,0.03584,5923457,210442.99896
1782712800000,0.03584,0.03613,0.03569,0.03593,1676247,60073.29364
1782716400000,0.03593,0.03672,0.03576,0.03629,10418563,377803.90476
1782720000000,0.03629,0.03643,0.03594,0.03625,3368176,121850.97207
1782723600000,0.03625,0.03708,0.03615,0.03673,7997171,293720.53532
1782727200000,0.03673,0.03725,0.03659,0.03709,4429058,163627.40928
1782730800000,0.03709,0.03741,0.0365,0.0366,8205717,303549.47905
1782734400000,0.0366,0.0382,0.03634,0.03701,11177461,417750.49248
1782738000000,0.03701,0.0381,0.03668,0.03699,9243401,344640.26064
1782741600000,0.03699,0.03728,0.03651,0.03706,4005846,147643.58762
1782745200000,0.03706,0.03716,0.03652,0.03671,2256082,83086.848
1782748800000,0.03671,0.03733,0.03659,0.0367,3504364,129549.42047
1782752400000,0.0367,0.03743,0.03668,0.03709,3404621,126298.69994
1782756000000,0.03709,0.03711,0.03681,0.037,1616427,59694.16578
1782759600000,0.037,0.03701,0.03634,0.03661,3656407,133876.51251
1782763200000,0.03661,0.03729,0.03618,0.03627,3858758,141235.05331
1782766800000,0.03627,0.0365,0.03616,0.03638,752318,27322.10192
1782770400000,0.03638,0.03638,0.03606,0.03612,639591,23130.83385
1782774000000,0.03612,0.03615,0.03591,0.03607,991391,35719.21088
1782777600000,0.03607,0.0361,0.03554,0.03567,1259604,45089.17551
1782781200000,0.03567,0.03587,0.03546,0.03571,808279,28815.88115
1782784800000,0.03571,0.03594,0.0355,0.03591,1194674,42684.10148
1782788400000,0.03591,0.03663,0.03588,0.03628,3090991,112121.63202
1782792000000,0.03628,0.03644,0.03597,0.03601,1473140,53329.04729
1782795600000,0.03601,0.03603,0.03552,0.03572,1274017,45524.15148
1782799200000,0.03572,0.03644,0.03559,0.03621,3240868,116857.68276
1782802800000,0.03621,0.03667,0.03607,0.03625,3601733,130762.36112
1782806400000,0.03625,0.03774,0.03621,0.03708,10044052,371790.53658
1782810000000,0.03708,0.03725,0.03683,0.03698,1835323,68053.04343
1782813600000,0.03698,0.03714,0.0368,0.03704,1789918,66178.17239
1782817200000,0.03704,0.03705,0.03566,0.03573,10901625,395373.93659
1782820800000,0.03573,0.03573,0.03514,0.03534,6586414,233160.89481
1782824400000,0.03534,0.04001,0.03533,0.03942,277430431,10608261.21557
1782828000000,0.03942,0.04305,0.03935,0.04081,146455926,6036540.29571
1782831600000,0.04081,0.04086,0.03834,0.04017,41906252,1655912.09871
1782835200000,0.04017,0.04129,0.04,0.04068,19240257,781835.67224
1782838800000,0.04068,0.04147,0.0398,0.04018,14087440,571641.22596
1782842400000,0.04018,0.04026,0.03855,0.03891,15023319,591328.76477
1782846000000,0.03891,0.03908,0.03803,0.03831,13041068,501770.3103
1782849600000,0.03831,0.03891,0.03826,0.03838,4651477,179428.0437
1782853200000,0.03838,0.0386,0.03772,0.03774,6958166,264153.46227
1782856800000,0.03774,0.03785,0.03749,0.0378,6520557,245603.37124
1782860400000,0.0378,0.03799,0.03719,0.03745,5465407,205446.97858
1782864000000,0.03745,0.03841,0.03719,0.03803,12968451,492643.14774
1782867600000,0.03803,0.0381,0.03667,0.03781,14913533,558006.02007
1782871200000,0.03781,0.0396,0.03767,0.03945,10067918,390035.49506
1782874800000,0.03945,0.04036,0.03847,0.03987,13538689,532567.15519
1782878400000,0.03987,0.04023,0.0392,0.04023,9313385,368906.56857
1782882000000,0.04023,0.0404,0.03904,0.03959,11603556,461274.18932
1782885600000,0.03959,0.04008,0.0384,0.03892,15044320,590200.33993
1782889200000,0.03892,0.03898,0.03816,0.03834,7656935,294739.20113
1782892800000,0.03834,0.03834,0.0374,0.03784,8005889,302483.76141
1782896400000,0.03784,0.03889,0.03764,0.0387,18829870,721099.94553
1782900000000,0.0387,0.03891,0.0382,0.0383,5378923,207554.89553
1782903600000,0.0383,0.03903,0.03816,0.03886,5300603,205207.48023
1782907200000,0.03886,0.03911,0.03816,0.03834,7714845,296897.61668
1782910800000,0.03834,0.03911,0.03783,0.039,13751524,529586.87562
1782914400000,0.039,0.04,0.03894,0.03961,8296203,328556.07735
1782918000000,0.03961,0.03968,0.03886,0.03924,10927872,429664.99712
1782921600000,0.03924,0.03994,0.03886,0.03954,12594097,496582.48945
1782925200000,0.03954,0.0401,0.03934,0.03956,9575201,380198.03788
1782928800000,0.03956,0.03964,0.03875,0.03898,4933748,193038.99106
1782932400000,0.03898,0.03935,0.03833,0.03848,6438763,249818.44802
1782936000000,0.03848,0.03895,0.038,0.03821,7932000,304363.23856
1782939600000,0.03821,0.03922,0.03815,0.03914,3048127,117737.18033
1782943200000,0.03914,0.03941,0.03837,0.0385,9590037,373856.80972
1782946800000,0.0385,0.0385,0.03747,0.03764,9342012,353938.71117
1782950400000,0.03764,0.03843,0.03729,0.03835,10111366,381537.79791
1782954000000,0.03835,0.03998,0.03828,0.03985,11243475,441702.75166
1782957600000,0.03985,0.04,0.03886,0.03989,11673904,459961.57451
1782961200000,0.03989,0.0414,0.03939,0.04086,17765328,717626.20383
1782964800000,0.04086,0.04102,0.03955,0.03957,14098078,568842.89753
1782968400000,0.03957,0.04023,0.03918,0.03955,12375681,490892.68621
1782972000000,0.03955,0.04017,0.03928,0.03989,7483889,298291.25122
1782975600000,0.03989,0.04133,0.03965,0.03985,16903176,685781.20852
1782979200000,0.03985,0.0403,0.03979,0.03992,6423552,257359.68996
1782982800000,0.03992,0.04062,0.03988,0.0405,5353667,215332.4369
1782986400000,0.0405,0.04091,0.04009,0.0405,8699073,352685.62772
1782990000000,0.0405,0.04058,0.03981,0.04002,9101130,365842.4298
1782993600000,0.04002,0.0402,0.03973,0.03982,9657871,385606.34543
1782997200000,0.03982,0.0403,0.03891,0.0396,22404344,887873.94837
1783000800000,0.0396,0.03977,0.03876,0.039,8930454,349831.38746
1783004400000,0.039,0.03904,0.03752,0.03826,37521705,1438846.07127
1783008000000,0.03826,0.03936,0.03808,0.03917,8890580,344346.36685
1783011600000,0.03917,0.03973,0.03911,0.03927,9918116,391185.82661
1783015200000,0.03927,0.03931,0.03893,0.03899,2179493,85328.20227
1783018800000,0.03899,0.03915,0.03882,0.03891,2113919,82382.03686
1783022400000,0.03891,0.0392,0.03882,0.0389,2183054,85159.60062
1783026000000,0.0389,0.03903,0.0387,0.03888,1455312,56588.13212
1783029600000,0.03888,0.03898,0.03866,0.03887,2013950,78170.73601
1783033200000,0.03887,0.03901,0.03866,0.03867,1521082,59109.83009
1783036800000,0.03867,0.03918,0.03839,0.03856,3665625,141778.69033
1783040400000,0.03856,0.03941,0.03854,0.03926,5253356,205361.63094
1783044000000,0.03926,0.03982,0.03919,0.03972,3449908,136211.35302
1783047600000,0.03972,0.04003,0.03943,0.03977,1945718,77246.70768
1783051200000,0.03977,0.03981,0.03937,0.03939,3154405,124750.38873
1783054800000,0.03939,0.04002,0.03936,0.0398,2930071,116149.30656
1783058400000,0.0398,0.04034,0.03941,0.03972,4637073,184778.77697
1783062000000,0.03972,0.0399,0.03957,0.03958,1163775,46211.50782
1783065600000,0.03958,0.03978,0.03939,0.03942,2204882,87264.11183
1783069200000,0.03942,0.04006,0.03917,0.03939,2961110,117104.83098
1783072800000,0.03939,0.03954,0.03923,0.03945,2090702,82325.28257
1783076400000,0.03945,0.03955,0.0387,0.03889,5345308,208735.35238
1783080000000,0.03889,0.03909,0.03878,0.03904,1724297,67163.8706
1783083600000,0.03904,0.03923,0.03902,0.03911,2718231,106411.69765
1783087200000,0.03911,0.03911,0.0388,0.03906,1201951,46842.94295
1783090800000,0.03906,0.03928,0.03885,0.03895,1921903,75008.52677
1783094400000,0.03895,0.04003,0.03892,0.0391,10621252,419271.6667
1783098000000,0.0391,0.03951,0.03909,0.03938,2422180,95296.74672
1783101600000,0.03938,0.03938,0.03908,0.03914,926397,36320.38657
1783105200000,0.03914,0.03958,0.03914,0.03941,1046213,41189.13113
1783108800000,0.03941,0.03969,0.03933,0.03951,1212818,47933.57955
1783112400000,0.03951,0.03966,0.03913,0.0394,1129694,44545.7542
1783116000000,0.0394,0.03949,0.03926,0.03939,559320,22011.58792
1783119600000,0.03939,0.03941,0.03919,0.03921,1061760,41716.93915
1783123200000,0.03921,0.03926,0.03897,0.03899,2266253,88653.52526
1783126800000,0.03899,0.03899,0.03835,0.03874,6254007,241809.99185
1783130400000,0.03874,0.03884,0.03844,0.03846,1482910,57271.39574
1783134000000,0.03846,0.03865,0.03838,0.03846,1224331,47171.30893
1783137600000,0.03846,0.03846,0.03814,0.03827,3845278,147150.7392
1783141200000,0.03827,0.03827,0.03796,0.03814,2755483,105066.72468
1783144800000,0.03814,0.03831,0.03787,0.0383,2576237,98036.45545
1783148400000,0.0383,0.03847,0.03816,0.03839,1215409,46567.3209
1783152000000,0.03839,0.03841,0.0381,0.0381,1256014,48041.65053
1783155600000,0.0381,0.03813,0.03772,0.0378,2075154,78676.15533
1783159200000,0.0378,0.03781,0.03754,0.03775,2456166,92527.74373
1783162800000,0.03775,0.03805,0.0377,0.03797,1001018,37922.40613
1783166400000,0.03797,0.03808,0.03782,0.03797,507350,19268.12134
1783170000000,0.03797,0.0381,0.03787,0.03795,792342,30081.0996
1783173600000,0.03795,0.03815,0.03791,0.03808,969334,36890.55195
1783177200000,0.03808,0.03848,0.03806,0.03835,1317905,50463.74045
1783180800000,0.03835,0.03842,0.03806,0.03823,2149701,82202.5269
1783184400000,0.03823,0.03866,0.03807,0.03862,1570570,60399.30769
1783188000000,0.03862,0.03867,0.03846,0.03852,594434,22914.3751
1783191600000,0.03852,0.03871,0.03832,0.03867,995196,38319.82592
1783195200000,0.03867,0.03925,0.03822,0.03854,4220475,163602.85876
1783198800000,0.03854,0.0387,0.03845,0.03854,786726,30346.86953
1783202400000,0.03854,0.03858,0.03822,0.03831,1113605,42674.91941
1783206000000,0.03831,0.03831,0.03791,0.03827,1861158,70842.6916
1783209600000,0.03827,0.03882,0.03815,0.03849,1768540,68030.25106
1783213200000,0.03849,0.03903,0.03824,0.03831,2303214,89251.67015
1783216800000,0.03831,0.03881,0.03788,0.03874,2120814,81211.09553
1783220400000,0.03874,0.03931,0.0386,0.03861,2466488,96063.14672
1783224000000,0.03861,0.03905,0.03854,0.03864,2628140,102029.79731
1783227600000,0.03864,0.03864,0.03814,0.03823,1937940,74306.4412
1783231200000,0.03823,0.03838,0.03803,0.0383,1000431,38215.79072
1783234800000,0.0383,0.03886,0.0383,0.03881,997990,38445.24781
1783238400000,0.03881,0.0392,0.03867,0.03884,2029069,78973.46156
1783242000000,0.03884,0.03954,0.03832,0.03861,6271262,244029.27594
1783245600000,0.03861,0.03981,0.0384,0.03893,3996927,156795.4052
1783249200000,0.03893,0.04005,0.03888,0.03931,5466404,217020.74158
1783252800000,0.03931,0.04045,0.03926,0.04028,3589938,142978.23718
1783256400000,0.04028,0.0411,0.04013,0.0411,14965132,609249.97617
1783260000000,0.0411,0.04146,0.03924,0.03946,24737123,990253.06815
1783263600000,0.03946,0.03965,0.0393,0.0395,2703617,106745.25555
1783267200000,0.0395,0.03955,0.03878,0.03925,5104271,199513.24061
1783270800000,0.03925,0.03939,0.03876,0.03937,5223897,204295.3957
1783274400000,0.03937,0.03971,0.03934,0.0395,1624623,64246.43183
1783278000000,0.0395,0.0398,0.03945,0.03963,1840593,73020.34084
1783281600000,0.03963,0.0399,0.03951,0.03988,1004322,39841.32213
1783285200000,0.03988,0.04029,0.03973,0.04002,1021622,40886.42172
1783288800000,0.04002,0.04044,0.03991,0.0403,1454628,58473.46576
1783292400000,0.0403,0.04092,0.04016,0.04039,2844456,115144.14592
1783296000000,0.04039,0.04059,0.04007,0.0403,1573780,63348.29277
1783299600000,0.0403,0.04077,0.04024,0.04074,1154897,46796.14176
1783303200000,0.04074,0.04113,0.04043,0.04069,3422463,139610.49475
1783306800000,0.04069,0.04104,0.04025,0.04089,2505354,101783.74119
1783310400000,0.04089,0.04155,0.04088,0.04119,3330263,137433.01093
1783314000000,0.04119,0.04172,0.04066,0.04142,8107467,334469.90518
1783317600000,0.04142,0.04149,0.04057,0.0412,5680592,233265.15775
1783321200000,0.0412,0.04317,0.04089,0.04223,34041603,1437698.688
1783324800000,0.04223,0.04297,0.04177,0.04281,21420703,910395.32263
1783328400000,0.04281,0.04368,0.04233,0.04366,17226039,741052.99636
1783332000000,0.04366,0.04423,0.0429,0.04345,23793060,1037547.55403
1783335600000,0.04345,0.04429,0.04324,0.04371,21703219,950065.7791
1783339200000,0.04371,0.04442,0.0429,0.04308,28460257,1242218.09896
1783342800000,0.04308,0.0438,0.04221,0.04357,28844937,1238826.62046
1783346400000,0.04357,0.04472,0.04331,0.04443,12680612,559022.6311
1783350000000,0.04443,0.04642,0.04425,0.04636,29589902,1345646.01114
1783353600000,0.04636,0.04759,0.0454,0.04547,35989616,1669556.99289
1783357200000,0.04547,0.04696,0.04474,0.04669,19516594,894673.40672
1783360800000,0.04669,0.04715,0.04584,0.04631,13093615,608548.66945
1783364400000,0.04631,0.04667,0.04569,0.04623,5605138,258647.94496
1783368000000,0.04623,0.0464,0.04536,0.04572,6900761,316495.80455
1783371600000,0.04572,0.04647,0.04559,0.04588,6677280,307485.18715
1783375200000,0.04588,0.04597,0.0451,0.04511,2695645,122581.6133
1783378800000,0.04511,0.04559,0.04491,0.04548,7264071,328896.59733
1783382400000,0.04548,0.04611,0.0451,0.04525,4997682,228078.52455
1783386000000,0.04525,0.04553,0.04458,0.04536,8646014,388531.96265
1783389600000,0.04536,0.04584,0.04422,0.04433,8372318,374663.54969
1783393200000,0.04433,0.04456,0.04391,0.04443,5793908,255901.98481
1783396800000,0.04443,0.04523,0.04413,0.04455,8383208,374352.27811
1783400400000,0.04455,0.04467,0.04373,0.04443,6133746,271008.35876
1783404000000,0.04443,0.04499,0.04434,0.04461,5779355,258111.21932
1783407600000,0.04461,0.04496,0.04432,0.04438,5333598,237811.56665
1783411200000,0.04438,0.04541,0.04419,0.04512,6688196,300404.31734
1783414800000,0.04512,0.04534,0.04437,0.04444,5162969,230948.31094
1783418400000,0.04444,0.04616,0.04444,0.04568,6061226,275836.69272
1783422000000,0.04568,0.04599,0.04518,0.04589,4152736,189415.46263
1783425600000,0.04589,0.04692,0.04576,0.04602,5648600,261284.91962
1783429200000,0.04602,0.04606,0.04498,0.04545,9128239,414760.35033
1783432800000,0.04545,0.04547,0.04424,0.04478,8304891,371766.41496
1783436400000,0.04478,0.04497,0.04438,0.04484,3174342,141784.23899
1783440000000,0.04484,0.04502,0.04404,0.04466,8585034,381685.33432
1783443600000,0.04466,0.04488,0.04421,0.04436,1915400,85356.87124
1783447200000,0.04436,0.04447,0.0434,0.04344,4103716,179678.03915
1783450800000,0.04344,0.04388,0.04315,0.04365,2547363,110462.01659
1783454400000,0.04365,0.04419,0.04359,0.04402,1845440,80875.49611
1783458000000,0.04402,0.04436,0.04303,0.04312,2097896,91745.34162
1783461600000,0.04312,0.04408,0.04278,0.04355,3909301,169042.93363
1783465200000,0.04355,0.04361,0.04284,0.04287,2712475,116852.82512
1783468800000,0.04287,0.04332,0.04283,0.04326,2363268,101625.08262
1783472400000,0.04326,0.04413,0.04266,0.04399,6754277,291575.93512
1783476000000,0.04399,0.04413,0.0431,0.04343,5788129,252936.49415
1783479600000,0.04343,0.04473,0.04343,0.04373,6058130,266910.90063
1783483200000,0.04373,0.04432,0.04346,0.04429,5957196,261109.81521
1783486800000,0.04429,0.04529,0.04399,0.04501,7202873,322648.9711
1783490400000,0.04501,0.04504,0.04341,0.04348,10918250,481823.73067
1783494000000,0.04348,0.04411,0.04297,0.04306,6460273,281501.46959
1783497600000,0.04306,0.0437,0.04234,0.04264,8270129,353790.29737
1783501200000,0.04264,0.04277,0.04208,0.04232,6045650,256418.78111
1783504800000,0.04232,0.04266,0.04163,0.04188,7236274,303429.00673
1783508400000,0.04188,0.04241,0.04174,0.04228,2617678,110039.73508
1783512000000,0.04228,0.04234,0.04172,0.04175,1919106,80709.5931
1783515600000,0.04175,0.04209,0.04156,0.04206,2993469,125148.61617
1783519200000,0.04206,0.04217,0.0416,0.04168,2776887,116091.91846
1783522800000,0.04168,0.04169,0.04104,0.04122,6136078,253489.96857
1783526400000,0.04122,0.04279,0.04111,0.04269,3203026,134196.22351
1783530000000,0.04269,0.04326,0.04247,0.04295,4897116,209832.4363
1783533600000,0.04295,0.04295,0.04216,0.04266,3493226,148428.10829
1783537200000,0.04266,0.04286,0.04249,0.04277,945292,40317.06646
1783540800000,0.04277,0.04296,0.04246,0.0425,782263,33398.30509
1783544400000,0.0425,0.04274,0.04227,0.0427,567817,24116.65667
1783548000000,0.0427,0.04329,0.04255,0.04301,1479002,63657.99593
1783551600000,0.04301,0.04387,0.04296,0.04359,4298637,187054.78541
1783555200000,0.04359,0.04387,0.04282,0.04306,4640911,200150.92693
1783558800000,0.04306,0.04426,0.04306,0.04376,5407287,237117.78624
1783562400000,0.04376,0.04392,0.04324,0.04332,1571108,68541.35068
1783566000000,0.04332,0.04346,0.04309,0.04343,1382792,59881.63706
1783569600000,0.04343,0.04349,0.04288,0.04296,1104514,47566.26843
1783573200000,0.04296,0.04302,0.04245,0.04294,2309935,98495.82045
1783576800000,0.04294,0.04321,0.04283,0.0429,1064509,45801.13719
1783580400000,0.0429,0.04325,0.04267,0.0427,1162379,49952.82017
1783584000000,0.0427,0.0435,0.04256,0.04301,2293407,98462.50879
1783587600000,0.04301,0.04306,0.04271,0.04285,721195,30930.03468
1783591200000,0.04285,0.04289,0.04238,0.04246,3066714,130413.89091
1783594800000,0.04246,0.04257,0.04178,0.04209,4505935,189867.98593
1783598400000,0.04209,0.04258,0.04195,0.04226,1561885,66072.22603
1783602000000,0.04226,0.04267,0.04199,0.04266,1659856,70241.87358
1783605600000,0.04266,0.04322,0.04253,0.04306,5823624,249986.65923
1783609200000,0.04306,0.04315,0.04242,0.04246,2828827,120677.89613
1783612800000,0.04246,0.04302,0.04231,0.04252,1835290,78134.57355
1783616400000,0.04252,0.04386,0.04246,0.04379,3097959,133463.39684
1783620000000,0.04379,0.04466,0.04359,0.04433,3307431,146062.58853
1783623600000,0.04433,0.04553,0.04431,0.0451,4955012,223013.64292
1783627200000,0.0451,0.04566,0.04471,0.04557,5036853,227336.40622
1783630800000,0.04557,0.04659,0.04543,0.04553,6873147,315401.8694
1783634400000,0.04553,0.04605,0.04526,0.04536,4295293,196422.45952
1783638000000,0.04536,0.04577,0.04514,0.04538,1992651,90620.73876
1783641600000,0.04538,0.04553,0.04491,0.04527,2847830,128646.21823
1783645200000,0.04527,0.04623,0.0452,0.0459,6133290,280492.58507
1783648800000,0.0459,0.04592,0.04492,0.04493,1861901,84305.18729
1783652400000,0.04493,0.04502,0.04464,0.04483,1638831,73429.89812
1783656000000,0.04483,0.04494,0.04445,0.04451,3953504,176371.8596
1783659600000,0.04451,0.04482,0.04431,0.04458,1254172,55804.89477
1783663200000,0.04458,0.04499,0.04418,0.04431,1952446,86841.27124
1783666800000,0.04431,0.04465,0.04419,0.04424,2209300,98024.99753
1783670400000,0.04424,0.04456,0.04416,0.04444,1891618,83921.66304
1783674000000,0.04444,0.04509,0.04437,0.04491,2039147,91328.4576
1783677600000,0.04491,0.04503,0.04449,0.04463,2988429,133730.44728
1783681200000,0.04463,0.04482,0.04422,0.04424,2434802,108166.70755
1783684800000,0.04424,0.04433,0.0439,0.04393,3066226,135334.04589
1783688400000,0.04393,0.04427,0.04384,0.04412,1724139,75867.52219
1783692000000,0.04412,0.04419,0.04337,0.04384,5008444,219234.51111
1783695600000,0.04384,0.04432,0.04376,0.04399,1877812,82647.09433
1783699200000,0.04399,0.04498,0.04393,0.04423,4108639,182125.62407
1783702800000,0.04423,0.0447,0.04419,0.04457,2312808,102734.91549
1783706400000,0.04457,0.0456,0.04454,0.04557,5329789,240918.27227
1783710000000,0.04557,0.0465,0.04553,0.04643,5975230,274870.09725
1783713600000,0.04643,0.04677,0.04601,0.04633,4874706,226318.74351
1783717200000,0.04633,0.04703,0.04622,0.04688,1901031,88676.24092
1783720800000,0.04688,0.04718,0.04642,0.04715,2016458,94412.28717
1783724400000,0.04715,0.04756,0.04693,0.04748,2229626,105391.02402
1783728000000,0.04748,0.04808,0.04702,0.04806,2483848,117990.91159
1783731600000,0.04806,0.04889,0.04767,0.04771,6317724,305617.58369
1783735200000,0.04771,0.04836,0.04719,0.04825,4056811,193637.20666
1783738800000,0.04825,0.04846,0.04753,0.04764,1940389,92903.88613
1783742400000,0.04764,0.04843,0.0476,0.04796,2202640,105864.16976
1783746000000,0.04796,0.04877,0.04779,0.04825,3661346,176685.72894
1783749600000,0.04825,0.04853,0.04763,0.04765,3743289,179795.79401
1783753200000,0.04765,0.04781,0.04731,0.04737,3107983,147637.15984
1783756800000,0.04737,0.04845,0.04704,0.04795,2914879,139183.7902
1783760400000,0.04795,0.04859,0.0476,0.04818,3739459,179578.33118
1783764000000,0.04818,0.04837,0.04726,0.04764,3972843,190386.2499
1783767600000,0.04764,0.04819,0.04736,0.04776,2972496,141824.43553
1783771200000,0.04776,0.04854,0.04764,0.04827,2702650,130276.31162
1783774800000,0.04827,0.04856,0.04804,0.04808,1958575,94538.23029
1783778400000,0.04808,0.04873,0.04784,0.04854,2726196,131688.87749
1783782000000,0.04854,0.04971,0.04811,0.04838,11696303,573212.94757
1783785600000,0.04838,0.049,0.04767,0.04865,7481039,361018.39024
1783789200000,0.04865,0.04869,0.04799,0.04848,3616712,174798.67453
1783792800000,0.04848,0.04892,0.04843,0.04872,1682639,81885.32454
1783796400000,0.04872,0.04915,0.04844,0.04852,3243529,158516.06323
1783800000000,0.04852,0.04852,0.04796,0.04798,1870527,90061.30004
1783803600000,0.04798,0.04823,0.04785,0.04786,1366630,65603.44633
1783807200000,0.04786,0.04787,0.04719,0.04733,2433548,115486.08861
1783810800000,0.04733,0.04739,0.0467,0.04677,3248510,152535.21296
1783814400000,0.04677,0.04716,0.04646,0.04695,2506984,117543.1682
1783818000000,0.04695,0.04745,0.04694,0.04699,1596863,75391.4736
1783821600000,0.04699,0.04702,0.0465,0.04661,953057,44502.69959
1783825200000,0.04661,0.04789,0.04657,0.04749,1824242,86375.68963
1783828800000,0.04749,0.04749,0.04672,0.04696,2344279,110291.65908
1783832400000,0.04696,0.04705,0.04638,0.04654,3278778,153151.11672
1783836000000,0.04654,0.04673,0.0461,0.04672,1649382,76589.46165
1783839600000,0.04672,0.04775,0.04668,0.04706,3981119,188429.58293
1783843200000,0.04706,0.04768,0.04701,0.04748,1351318,64114.13021
1783846800000,0.04748,0.04781,0.04709,0.04753,2925691,138690.66373
1783850400000,0.04753,0.04754,0.04678,0.04694,1987130,93544.98803
1783854000000,0.04694,0.04711,0.0468,0.04706,1055247,49570.58112
1783857600000,0.04706,0.04721,0.0469,0.04711,1501460,70656.60323
1783861200000,0.04711,0.04756,0.04707,0.04729,1953621,92406.73698
1783864800000,0.04729,0.04756,0.04699,0.04752,1354583,63991.552
1783868400000,0.04752,0.0478,0.04717,0.04747,1157328,54900.7044
1783872000000,0.04747,0.04811,0.04729,0.04759,3169737,151324.41924
1783875600000,0.04759,0.04871,0.04751,0.04844,3720234,179594.97915
1783879200000,0.04844,0.04885,0.04824,0.0484,2315752,112584.88113
1783882800000,0.0484,0.04857,0.04781,0.04808,4580063,220419.80981
1783886400000,0.04808,0.04892,0.04806,0.04866,1928740,93376.94219
1783890000000,0.04866,0.04893,0.04789,0.04809,2434239,117433.89437
1783893600000,0.04809,0.04816,0.04764,0.04804,1183256,56693.33884
1783897200000,0.04804,0.04812,0.04769,0.04791,909469,43570.83561
1783900800000,0.04791,0.04965,0.0478,0.04893,5992606,293479.31341
1783904400000,0.04893,0.04893,0.04776,0.04794,5299128,255639.74191
1783908000000,0.04794,0.04808,0.04714,0.04732,5343916,253953.63008
1783911600000,0.04732,0.04736,0.04639,0.04667,6085742,285285.48823
1783915200000,0.04667,0.04772,0.04653,0.04751,4058915,191573.05046
1783918800000,0.04751,0.04793,0.04691,0.04751,2563400,121585.13486
1783922400000,0.04751,0.04832,0.04736,0.04813,5165224,247685.09712
1783926000000,0.04813,0.04831,0.04788,0.04797,1442112,69334.1143
1783929600000,0.04797,0.04804,0.04729,0.04782,3837018,182627.59077
1783933200000,0.04782,0.04889,0.04768,0.04883,2524445,121634.88701
1783936800000,0.04883,0.0496,0.04869,0.04933,4862508,238780.4728
1783940400000,0.04933,0.05048,0.04924,0.04956,11523982,573564.73756
1783944000000,0.04956,0.04973,0.04853,0.04912,7074543,346139.5438
1783947600000,0.04912,0.04938,0.04813,0.04845,4890621,237809.94983
1783951200000,0.04845,0.04881,0.04808,0.04836,6112357,295738.2419
1783954800000,0.04836,0.04871,0.04761,0.04777,3653617,175541.03932
1783958400000,0.04777,0.04787,0.04701,0.04714,2959503,140292.36601
1783962000000,0.04714,0.04734,0.04661,0.04665,2271739,106531.75508
1783965600000,0.04665,0.04728,0.0466,0.04681,2541758,119075.73913
1783969200000,0.04681,0.04742,0.04657,0.04688,1799093,84277.91444
1783972800000,0.04688,0.04697,0.04621,0.0465,2876815,133897.69331
1783976400000,0.0465,0.04703,0.0464,0.04688,5218511,243698.59109
1783980000000,0.04688,0.04738,0.04685,0.04727,752956,35523.13445
1783983600000,0.04727,0.0477,0.047,0.04731,3547087,168440.55175
1783987200000,0.04731,0.04748,0.04689,0.0471,1277838,60285.70493
1783990800000,0.0471,0.04725,0.04654,0.0466,4101746,192084.47578
1783994400000,0.0466,0.04664,0.04546,0.04575,4718879,216908.09784
1783998000000,0.04575,0.04606,0.0455,0.04594,2569829,117733.12751
1784001600000,0.04594,0.04621,0.04572,0.04577,2838582,130419.40541
1784005200000,0.04577,0.0464,0.04575,0.04613,3126438,144418.74021
1784008800000,0.04613,0.04677,0.04602,0.04634,2446392,113678.23408
1784012400000,0.04634,0.04683,0.04629,0.04634,1317397,61290.78415
1784016000000,0.04634,0.04649,0.046,0.0463,1994122,92102.85731
1784019600000,0.0463,0.04638,0.04617,0.04618,792670,36670.23083
1784023200000,0.04618,0.0464,0.04575,0.04578,1963491,90223.94594
1784026800000,0.04578,0.04625,0.04566,0.04614,1225037,56366.59894
1784030400000,0.04614,0.04734,0.04589,0.04704,5828444,271788.00449
1784034000000,0.04704,0.04715,0.0463,0.04633,3565117,166752.67347
1784037600000,0.04633,0.04666,0.046,0.04643,4297586,198855.05965
1784041200000,0.04643,0.04663,0.0461,0.04622,2222546,102936.08492
1784044800000,0.04622,0.04654,0.04582,0.04648,2627091,121443.61277
1784048400000,0.04648,0.04719,0.04641,0.04677,3415105,159715.45092
1784052000000,0.04677,0.04687,0.04626,0.04642,1357609,63006.93506
1784055600000,0.04642,0.04683,0.04636,0.04661,1375975,64083.75467
1784059200000,0.04661,0.04663,0.04629,0.04642,593955,27557.60963
1784062800000,0.04642,0.04704,0.04634,0.04685,1261213,58785.69053
1784066400000,0.04685,0.047,0.04643,0.0466,867282,40549.90542
1784070000000,0.0466,0.04693,0.04646,0.04674,1614704,75374.54116
1784073600000,0.04674,0.04866,0.04662,0.04843,4531474,215522.83767
1784077200000,0.04843,0.04899,0.04804,0.04862,5557586,269308.63191
1784080800000,0.04862,0.04936,0.04835,0.04917,8609489,422036.31544
1784084400000,0.04917,0.0493,0.04869,0.04915,3548638,173860.94833
1784088000000,0.04915,0.04988,0.04873,0.04964,3631628,179346.05309
1784091600000,0.04964,0.04979,0.04852,0.04896,4992009,244890.85551
1784095200000,0.04896,0.04951,0.04854,0.04861,2777728,136306.19782
1784098800000,0.04861,0.04882,0.04731,0.04774,8693305,416986.78303
1784102400000,0.04774,0.04788,0.04729,0.04736,3034919,144292.91639
1784106000000,0.04736,0.04787,0.04718,0.04722,2369154,112669.20699
1784109600000,0.04722,0.04803,0.0472,0.04778,3197126,152249.59303
1784113200000,0.04778,0.04797,0.04745,0.04771,2007374,95643.98359
1784116800000,0.04771,0.04797,0.04734,0.04772,1656364,78892.11017
1784120400000,0.04772,0.04806,0.04661,0.04713,4329694,204777.72059
1784124000000,0.04713,0.04724,0.0466,0.04701,3562863,167177.63077
1784127600000,0.04701,0.04737,0.0469,0.04729,1924486,90687.1702
1784131200000,0.04729,0.04773,0.04704,0.04732,3480525,164932.13454
1784134800000,0.04732,0.04791,0.04724,0.04748,1992239,94846.5288
1784138400000,0.04748,0.04812,0.0474,0.04763,3189992,152535.77707
1784142000000,0.04763,0.04832,0.04755,0.04783,2895550,139184.69612
1784145600000,0.04783,0.04823,0.04742,0.04748,1404980,67135.54209
1784149200000,0.04748,0.04824,0.04748,0.04812,2489854,119241.19212
1784152800000,0.04812,0.04831,0.04785,0.04796,1305570,62746.98048
1784156400000,0.04796,0.04823,0.04766,0.04771,853362,40926.8427
1784160000000,0.04771,0.04843,0.04766,0.04823,2169101,104141.89037
1784163600000,0.04823,0.04884,0.04785,0.0487,1293879,62491.93699
1784167200000,0.0487,0.0499,0.04849,0.04949,4421788,218442.98898
1784170800000,0.04949,0.04949,0.04874,0.04921,3118936,152844.61838
1784174400000,0.04921,0.0495,0.04868,0.04901,1817943,89203.38494
1784178000000,0.04901,0.05014,0.04901,0.05002,5379432,267583.49718
1784181600000,0.05002,0.05089,0.04973,0.05069,5450252,274854.34298
1784185200000,0.05069,0.05108,0.05006,0.05028,5166279,261650.08658
1784188800000,0.05028,0.0504,0.0496,0.05015,4844146,242285.79818
1784192400000,0.05015,0.05079,0.05003,0.05048,3835216,193534.9423
1784196000000,0.05048,0.05063,0.04992,0.05048,2290560,115065.77292
1784199600000,0.05048,0.05159,0.0504,0.05111,7648151,390019.79077
1784203200000,0.05111,0.05116,0.05048,0.05054,3562815,181276.60939
1784206800000,0.05054,0.05139,0.05047,0.05092,2870740,146196.01195
1784210400000,0.05092,0.0523,0.05086,0.05165,11855883,611549.99882
1784214000000,0.05165,0.05179,0.05087,0.05119,7485593,383759.05866
1784217600000,0.05119,0.05225,0.05119,0.05141,4895569,252594.55076
1784221200000,0.05141,0.05165,0.05093,0.05122,7124545,364954.50064
1784224800000,0.05122,0.0521,0.05102,0.05103,5724152,294880.33989
1784228400000,0.05103,0.05146,0.05099,0.05132,1685725,86373.57763
1784232000000,0.05132,0.05137,0.05058,0.05089,3487069,177267.84234
1784235600000,0.05089,0.05118,0.05063,0.05085,873309,44363.44625
1784239200000,0.05085,0.05117,0.05022,0.05048,3829468,193510.35604
1784242800000,0.05048,0.0505,0.04991,0.0504,2988436,149921.57355
1784246400000,0.0504,0.05136,0.05027,0.05101,4594270,233368.1212
1784250000000,0.05101,0.05131,0.0506,0.05068,2625981,133828.90034
1784253600000,0.05068,0.05108,0.05035,0.05048,2029596,102746.86164
1784257200000,0.05048,0.05088,0.04973,0.04984,3588430,179787.65215
1784260800000,0.04984,0.05019,0.04957,0.05004,2106257,104964.53557
1784264400000,0.05004,0.05039,0.04958,0.04971,2052741,102503.14735
1784268000000,0.04971,0.05037,0.0496,0.04992,1890567,94453.3578
1784271600000,0.04992,0.05031,0.04976,0.05017,2139785,106872.35513
1784275200000,0.05017,0.05032,0.04968,0.05019,1316613,65911.41446
1784278800000,0.05019,0.0503,0.04974,0.05014,1459212,73070.74071
1784282400000,0.05014,0.0503,0.04986,0.04986,961591,48171.67798
1784286000000,0.04986,0.0504,0.04981,0.04996,1358433,67917.62928
1784289600000,0.04996,0.04996,0.04909,0.04922,4250571,210017.37793
1784293200000,0.04922,0.04943,0.04833,0.04942,7774605,378251.64502
1784296800000,0.04942,0.04948,0.04894,0.04916,1655704,81501.77637
1784300400000,0.04916,0.04931,0.04874,0.04907,1326502,65140.09913
1784304000000,0.04907,0.04936,0.04874,0.04893,1765268,86563.12004
1784307600000,0.04893,0.04918,0.04858,0.04874,3736292,182496.17635
1784311200000,0.04874,0.04911,0.0486,0.04907,612515,29938.79072
1784314800000,0.04907,0.04919,0.04858,0.04888,1288848,62910.40744
1784318400000,0.04888,0.04888,0.04838,0.04856,1146544,55726.2879
1784322000000,0.04856,0.04905,0.04844,0.04855,2330539,113756.36461
1784325600000,0.04855,0.04855,0.04817,0.04851,1202637,58090.82927
1784329200000,0.04851,0.04855,0.04818,0.04844,416460,20143.42243
1784332800000,0.04844,0.04986,0.04837,0.04937,3707377,181805.81876
1784336400000,0.04937,0.05041,0.04906,0.05007,3594094,179143.87239
1784340000000,0.05007,0.05031,0.04939,0.04946,1609859,80389.09344
1784343600000,0.04946,0.04989,0.04928,0.04959,959669,47583.83417
1784347200000,0.04959,0.04959,0.04871,0.04873,2382865,116683.02048
1784350800000,0.04873,0.04873,0.04816,0.04823,2942598,142332.88341
1784354400000,0.04823,0.04876,0.04818,0.04839,1187861,57592.56618
1784358000000,0.04839,0.04841,0.04775,0.04781,3233257,155172.28405
1784361600000,0.04781,0.04824,0.04776,0.04796,2965619,142391.75587
1784365200000,0.04796,0.04839,0.04783,0.04826,1586575,76193.16127
1784368800000,0.04826,0.04846,0.04799,0.04806,873892,42096.34262
1784372400000,0.04806,0.04867,0.04802,0.04848,1648577,79737.19253
1784376000000,0.04848,0.0489,0.04819,0.04827,2389278,115917.77305
1784379600000,0.04827,0.04859,0.04812,0.04821,1272647,61415.28571
1784383200000,0.04821,0.04871,0.04781,0.04816,3079180,148434.83994
1784386800000,0.04816,0.04834,0.04791,0.0483,1170282,56314.38615
1784390400000,0.0483,0.04863,0.04771,0.04811,4868981,234247.01234
1784394000000,0.04811,0.04818,0.04786,0.04792,1049324,50370.96926
1784397600000,0.04792,0.04854,0.04785,0.04848,2427430,117196.37468
1784401200000,0.04848,0.04876,0.04837,0.0487,1411919,68625.53449
1784404800000,0.0487,0.04905,0.04832,0.04873,2703641,131586.19608
1784408400000,0.04873,0.04915,0.04863,0.04874,1137055,55544.71177
1784412000000,0.04874,0.04883,0.0485,0.0486,1009964,49147.98837
1784415600000,0.0486,0.0489,0.04849,0.04856,706024,34360.60696
1784419200000,0.04856,0.04893,0.04803,0.04813,1388544,67163.09448
1784422800000,0.04813,0.04817,0.04802,0.04817,526909,25342.2098
1784426400000,0.04817,0.04847,0.04814,0.04822,1405391,67837.35402
1784430000000,0.04822,0.0484,0.04804,0.04834,822219,39677.03524
1784433600000,0.04834,0.04903,0.04819,0.04889,2031415,98752.35074
1784437200000,0.04889,0.04894,0.0484,0.04843,1327535,64590.55306
1784440800000,0.04843,0.0487,0.0482,0.04842,1049416,50831.59669
1784444400000,0.04842,0.04869,0.04837,0.04858,519702,25211.28441
1784448000000,0.04858,0.04864,0.04803,0.04818,1012922,48891.10559
1784451600000,0.04818,0.04825,0.04789,0.04805,1259964,60581.62469
1784455200000,0.04805,0.04829,0.04804,0.04815,503687,24256.85611
1784458800000,0.04815,0.04818,0.04798,0.04803,411153,19755.10615
1784462400000,0.04803,0.0483,0.04791,0.04814,848473,40807.81913
1784466000000,0.04814,0.04828,0.04801,0.04803,598013,28801.36426
1784469600000,0.04803,0.04877,0.04802,0.04872,1216259,58969.45329
1784473200000,0.04872,0.04902,0.04844,0.049,1893335,92409.75935
1784476800000,0.049,0.04908,0.04855,0.04861,1468628,71681.72132
1784480400000,0.04861,0.0488,0.04824,0.04842,815124,39570.86855
1784484000000,0.04842,0.04843,0.04766,0.04793,3019548,144658.62072
1784487600000,0.04793,0.04831,0.04791,0.04824,918594,44204.79795
1784491200000,0.04824,0.04828,0.04798,0.04816,207488,9979.17142
1784494800000,0.04816,0.04857,0.04816,0.04824,867243,41925.91103
1784498400000,0.04824,0.04879,0.04824,0.0486,1288768,62667.20053
1784502000000,0.0486,0.04861,0.04834,0.04852,881594,42713.53007
1784505600000,0.04852,0.04882,0.0482,0.04836,1216164,59011.05327
1784509200000,0.04836,0.04887,0.04802,0.04811,741179,35893.35985
1784512800000,0.04811,0.04887,0.04809,0.0488,801691,38825.59588
1784516400000,0.0488,0.04929,0.04874,0.04901,1721259,84289.69066
1784520000000,0.04901,0.05003,0.04882,0.04974,4639734,230210.47663
1784523600000,0.04974,0.05018,0.0493,0.0495,9550744,475535.57168
1784527200000,0.0495,0.04988,0.04899,0.04966,4035427,199568.5085
1784530800000,0.04966,0.05031,0.04961,0.04978,2356716,117750.12314
1784534400000,0.04978,0.04983,0.04882,0.04893,3021226,148750.2519
1784538000000,0.04893,0.04954,0.0489,0.04943,3487815,171682.47832
1784541600000,0.04943,0.04971,0.04924,0.0494,2170655,107326.15715
1784545200000,0.0494,0.04971,0.0493,0.04946,1853038,91715.43526
1784548800000,0.04946,0.04949,0.04869,0.04876,2492028,121987.01616
1784552400000,0.04876,0.04896,0.04817,0.04841,1963508,95418.00727
1784556000000,0.04841,0.04879,0.04827,0.04856,1950011,94590.04864
1784559600000,0.04856,0.04914,0.04845,0.04894,2690525,131383.09065
1784563200000,0.04894,0.04895,0.04828,0.04852,2412498,117099.09867
1784566800000,0.04852,0.04862,0.0478,0.04816,4728974,227344.21654
1784570400000,0.04816,0.0487,0.04803,0.04806,3878704,187573.84909
1784574000000,0.04806,0.04813,0.04744,0.04773,4928012,235074.17557
1784577600000,0.04773,0.04773,0.04713,0.04737,4912686,232796.57253
1784581200000,0.04737,0.04747,0.04713,0.04716,1414551,66894.58389
1784584800000,0.04716,0.04743,0.04705,0.04739,2880323,136070.01228
1784588400000,0.04739,0.04768,0.04731,0.0476,1708365,81270.71505
1784592000000,0.0476,0.04761,0.04715,0.04761,3885540,183920.54335
1784595600000,0.04761,0.04792,0.04683,0.04712,3894644,184051.59601
1784599200000,0.04712,0.04756,0.04711,0.04756,882636,41766.43444
1784602800000,0.04756,0.04765,0.04706,0.04752,1394331,65933.12961
1784606400000,0.04752,0.04783,0.0474,0.04746,1819559,86680.43271
1784610000000,0.04746,0.04779,0.04738,0.04767,3294544,156702.66992
1784613600000,0.04767,0.04792,0.04755,0.0477,781856,37338.62595
1784617200000,0.0477,0.04792,0.04765,0.04784,598612,28623.11493
1784620800000,0.04784,0.0481,0.04735,0.04751,1534500,73016.47853
1784624400000,0.04751,0.04758,0.04736,0.04739,524869,24904.73603
1784628000000,0.04739,0.04764,0.04684,0.04716,1270398,59997.93318
1784631600000,0.04716,0.04716,0.04673,0.04702,2528969,118636.77721
1784635200000,0.04702,0.04705,0.04678,0.04686,966160,45323.04384
1784638800000,0.04686,0.04706,0.04684,0.04696,824390,38713.21388
1784642400000,0.04696,0.04704,0.04674,0.04687,2189041,102606.97408
1784646000000,0.04687,0.04712,0.04659,0.04682,2398914,112345.38366
1784649600000,0.04682,0.04692,0.0461,0.04641,4781240,221757.98709
1784653200000,0.04641,0.04724,0.04608,0.04724,2315357,107958.93733
1784656800000,0.04724,0.04756,0.04696,0.04755,2056963,97215.86166
1784660400000,0.04755,0.04762,0.04712,0.04719,1204393,57025.56058
1784664000000,0.04719,0.04757,0.04714,0.04741,731608,34664.39413
1784667600000,0.04741,0.04759,0.04729,0.04744,2405623,113957.03167
1784671200000,0.04744,0.04744,0.04712,0.04722,631197,29835.46012
1784674800000,0.04722,0.04726,0.04702,0.04724,911430,42975.04231
1784678400000,0.04724,0.04793,0.04721,0.04762,2371317,113049.36956
1784682000000,0.04762,0.0478,0.04731,0.04744,799947,38026.62253
1784685600000,0.04744,0.04769,0.04732,0.04763,1040324,49330.35402
1784689200000,0.04763,0.04765,0.04657,0.0466,3009162,141551.14078
1784692800000,0.0466,0.04684,0.04654,0.0468,657202,30711.99226
1784696400000,0.0468,0.04689,0.04655,0.04659,1014374,47368.89118
1784700000000,0.04659,0.04696,0.04636,0.04663,1932378,90034.9572
1784703600000,0.04663,0.04712,0.04657,0.04699,1155995,54209.40783
1784707200000,0.04699,0.04731,0.04695,0.04723,972927,45870.39985
1784710800000,0.04723,0.04779,0.04719,0.0475,2449542,116625.02628
1784714400000,0.0475,0.04841,0.04723,0.04826,4405162,210335.43838
1784718000000,0.04826,0.04866,0.04792,0.04812,6947926,335698.17034
1784721600000,0.04812,0.04831,0.04771,0.04784,2802921,134157.29456
1784725200000,0.04784,0.04817,0.0478,0.048,1269710,60887.56913
1784728800000,0.048,0.04823,0.04758,0.04778,1459282,69930.00581
1784732400000,0.04778,0.0479,0.04753,0.04759,814501,38867.82758
1784736000000,0.04759,0.04807,0.04752,0.04774,1576086,75376.40606
1784739600000,0.04774,0.04786,0.04749,0.04754,533157,25415.30756
1784743200000,0.04754,0.04812,0.0474,0.04788,2030856,97166.16359
1784746800000,0.04788,0.04791,0.04762,0.04771,623929,29794.55507
1784750400000,0.04771,0.04814,0.04766,0.04811,577778,27683.24344
1784754000000,0.04811,0.04818,0.04795,0.04814,511673,24583.70655
1784757600000,0.04814,0.04847,0.0481,0.0484,486679,23530.62091
1784761200000,0.0484,0.04853,0.0481,0.04846,844331,40797.58932
1784764800000,0.04846,0.04915,0.04841,0.04905,2402443,116980.45327
1784768400000,0.04905,0.04912,0.04847,0.04865,1329291,64789.71901
1784772000000,0.04865,0.04867,0.04782,0.04796,1464015,70449.83511
1784775600000,0.04796,0.04802,0.04783,0.04791,937857,44929.16055
1784779200000,0.04791,0.04809,0.04767,0.04775,738356,35337.72854
1784782800000,0.04775,0.04826,0.04758,0.04767,1282659,61533.30195
1784786400000,0.04767,0.04767,0.04746,0.04749,734303,34927.58296
1784790000000,0.04749,0.04751,0.04711,0.04715,969955,45822.0907
1784793600000,0.04715,0.04743,0.04706,0.04734,1554667,73374.63748
1784797200000,0.04734,0.04745,0.0473,0.04737,440196,20860.68507
1784800800000,0.04737,0.04758,0.04731,0.04732,620225,29414.12822
1784804400000,0.04732,0.04734,0.04717,0.0472,809228,38241.46023
1784808000000,0.0472,0.04755,0.04716,0.04752,797297,37740.21235
1784811600000,0.04752,0.04759,0.04719,0.0473,959988,45515.41326
1784815200000,0.0473,0.04763,0.04727,0.04727,888714,42211.01987
1784818800000,0.04727,0.04739,0.04686,0.04691,1630487,76691.6171
1784822400000,0.04691,0.04692,0.04591,0.046,3588707,166179.80556
1784826000000,0.046,0.04618,0.0456,0.04579,2327097,106745.15178
1784829600000,0.04579,0.04614,0.04577,0.04596,1554813,71472.37307
1784833200000,0.04596,0.04601,0.04573,0.04585,720503,33047.60597
1784836800000,0.04585,0.04627,0.04583,0.04605,1033057,47676.40416
1784840400000,0.04605,0.04616,0.04563,0.04563,382951,17563.50809
1784844000000,0.04563,0.04584,0.04552,0.04573,308776,14098.77397
1784847600000,0.04573,0.04598,0.04562,0.04589,685147,31399.79118
1784851200000,0.04589,0.04617,0.04574,0.04616,1108679,51012.45565
1784854800000,0.04616,0.04654,0.04606,0.04633,853637,39619.22627
1784858400000,0.04633,0.04649,0.04609,0.04613,781089,36195.33219
1784862000000,0.04613,0.0466,0.04608,0.04644,435526,20215.49483
1784865600000,0.04644,0.04686,0.04642,0.04656,1782588,83267.37453
1784869200000,0.04656,0.04656,0.04636,0.04648,247223,11489.87811
1784872800000,0.04648,0.04696,0.04646,0.04659,1474096,68833.98654
1784876400000,0.04659,0.04683,0.04635,0.04652,829456,38683.52
1784880000000,0.04652,0.04653,0.04598,0.046,1077197,49767.05019
1784883600000,0.046,0.04602,0.04562,0.0457,1496316,68450.10828
1784887200000,0.0457,0.04581,0.0455,0.04563,1695876,77338.26093
1784890800000,0.04563,0.04619,0.04558,0.04616,831254,38168.40911
1784894400000,0.04616,0.0463,0.04587,0.04588,2609724,120417.49768
1784898000000,0.04588,0.04592,0.04505,0.04535,2897473,131698.22072
1784901600000,0.04535,0.04546,0.04469,0.04517,4874517,219656.5051
1784905200000,0.04517,0.04522,0.04473,0.04478,1453188,65313.02667
1784908800000,0.04478,0.0448,0.04419,0.04457,4703201,208491.911
1784912400000,0.04457,0.04486,0.04455,0.0447,1504623,67289.87651
1784916000000,0.0447,0.0448,0.04455,0.04479,493886,22066.62582
1784919600000,0.04479,0.04483,0.04453,0.04475,1294315,57805.71811
1784923200000,0.04475,0.0448,0.04424,0.04427,946055,42104.25144
1784926800000,0.04427,0.0445,0.04403,0.0441,1415945,62612.9798
1784930400000,0.0441,0.04439,0.0441,0.04427,394309,17451.01279
1784934000000,0.04427,0.04429,0.04394,0.04394,1142854,50356.76222
1784937600000,0.04394,0.04465,0.0439,0.04433,3309833,146479.3273
1784941200000,0.04433,0.04437,0.04399,0.04399,310285,13709.55163
1784944800000,0.04399,0.04435,0.04393,0.0442,637320,28153.85877
1784948400000,0.0442,0.0445,0.0442,0.04439,405293,17987.30348
1784952000000,0.04439,0.04478,0.04424,0.04478,1441453,64287.18765
1784955600000,0.04478,0.0448,0.044,0.04407,2968440,131338.08347
1784959200000,0.04407,0.04428,0.04391,0.04428,2137372,94220.69859
1784962800000,0.04428,0.0444,0.04406,0.04409,2106634,93106.33579
1784966400000,0.04409,0.0441,0.04295,0.04312,10013729,435545.15579
1784970000000,0.04312,0.04355,0.04312,0.04334,3010609,130436.40889
1784973600000,0.04334,0.04342,0.0432,0.04329,466312,20203.27621
1784977200000,0.04329,0.04345,0.04307,0.04317,537748,23259.48626
1784980800000,0.04317,0.04334,0.04312,0.04319,978887,42316.1567
1784984400000,0.04319,0.04339,0.04313,0.04313,2224252,96205.05309
1784988000000,0.04313,0.04317,0.04289,0.04305,1492563,64152.71627
1784991600000,0.04305,0.04311,0.04259,0.04265,2649449,113212.5802
1784995200000,0.04265,0.04311,0.04264,0.04284,3195047,137081.31697
1784998800000,0.04284,0.04322,0.0427,0.04303,2193281,94295.86172
1785002400000,0.04303,0.04312,0.04277,0.04282,1911146,82014.60374
1785006000000,0.04282,0.0431,0.0428,0.0431,1435570,61701.16239
1785009600000,0.0431,0.04316,0.0428,0.04282,2664309,114389.61634
1785013200000,0.04282,0.04288,0.04273,0.0428,2463163,105448.88651
1785016800000,0.0428,0.04284,0.04262,0.04277,808692,34563.97263
1785020400000,0.04277,0.04289,0.04259,0.04263,826150,35338.24852
1785024000000,0.04263,0.04309,0.04251,0.04277,1694913,72499.62189
1785027600000,0.04277,0.04305,0.04275,0.04299,524227,22504.76998
1785031200000,0.04299,0.04304,0.04281,0.04296,807227,34667.33259
1785034800000,0.04296,0.04319,0.04278,0.0429,575389,24712.95757
1785038400000,0.0429,0.04305,0.04278,0.04286,1552639,66610.76176
1785042000000,0.04286,0.04346,0.04269,0.04305,1817363,78221.60679
1785045600000,0.04305,0.04331,0.04286,0.04324,1139840,49099.06664
1785049200000,0.04324,0.04376,0.04303,0.04335,2818735,122351.74315
1785052800000,0.04335,0.04343,0.04324,0.04329,780900,33817.97555
1785056400000,0.04329,0.04331,0.04289,0.04291,1404963,60447.16111
1785060000000,0.04291,0.04305,0.04286,0.04305,294924,12666.27305
1785063600000,0.04305,0.04326,0.04303,0.04306,541487,23363.51131
1785067200000,0.04306,0.04324,0.04304,0.04311,221421,9550.99563
1785070800000,0.04311,0.04311,0.04279,0.04287,1950988,83738.74715
1785074400000,0.04287,0.04351,0.04284,0.04326,1315153,56612.43926
1785078000000,0.04326,0.04375,0.04303,0.04337,2231746,96839.01703
1785081600000,0.04337,0.04361,0.04323,0.04325,931796,40438.21885
1785085200000,0.04325,0.04357,0.04317,0.04327,770559,33404.36793
1785088800000,0.04327,0.04341,0.04321,0.04334,345120,14946.81166
1785092400000,0.04334,0.04338,0.04319,0.0433,489852,21209.50671
1785096000000,0.0433,0.04352,0.04312,0.04331,1728930,74942.25574
1785099600000,0.04331,0.04339,0.04315,0.04323,452303,19570.26569
1785103200000,0.04323,0.04359,0.04323,0.04348,399623,17360.35377
1785106800000,0.04348,0.04358,0.04332,0.04355,673665,29284.00171
1785110400000,0.04355,0.04393,0.0434,0.04376,2620286,114688.23746
1785114000000,0.04376,0.04389,0.04334,0.04346,1677713,73060.00533
1785117600000,0.04346,0.04353,0.04333,0.04346,410450,17821.34326
1785121200000,0.04346,0.04366,0.04308,0.04325,1273523,55203.85673
1785124800000,0.04325,0.04347,0.04318,0.04326,537725,23284.09108
1785128400000,0.04326,0.04338,0.0431,0.0432,1236789,53404.83018
1785132000000,0.0432,0.0437,0.04319,0.04336,1979355,86069.65288
1785135600000,0.04336,0.04351,0.04326,0.04332,943300,40911.48351
1785139200000,0.04332,0.04387,0.04319,0.04386,2343507,101781.53379
1785142800000,0.04386,0.04514,0.04378,0.04503,7779677,345639.11315
1785146400000,0.04503,0.04526,0.04461,0.04473,3865510,174152.29965
1785150000000,0.04473,0.04517,0.04465,0.04479,2322862,104325.21013
1785153600000,0.04479,0.045,0.04431,0.0449,5044379,224960.71205
1785157200000,0.0449,0.04518,0.04452,0.04502,3162803,141819.26572
1785160800000,0.04502,0.04543,0.04339,0.04384,12121478,537815.95921
1785164400000,0.04384,0.044,0.04352,0.0438,3584367,156817.97114
1785168000000,0.0438,0.04416,0.04335,0.04416,2292105,100337.83363
1785171600000,0.04416,0.04487,0.044,0.04468,4479117,199175.72076
1785175200000,0.04468,0.04513,0.0443,0.04442,2429907,108579.69472
1785178800000,0.04442,0.04485,0.04428,0.04458,2446202,108927.88247
1785182400000,0.04458,0.04472,0.04441,0.04471,2368232,105606.23111
1785186000000,0.04471,0.04584,0.0444,0.04552,5928084,267045.53088
1785189600000,0.04552,0.04552,0.04427,0.04438,10445252,468459.28492
1785193200000,0.04438,0.04442,0.04355,0.04422,8951488,393865.23519
1785196800000,0.04422,0.0443,0.04371,0.04387,4889762,215060.00159
1785200400000,0.04387,0.0439,0.04285,0.04299,7213019,311917.28435
1785204000000,0.04299,0.04302,0.04238,0.04245,2720499,116003.15129
1785207600000,0.04245,0.04261,0.04229,0.04244,1468092,62304.88423
1785211200000,0.04244,0.04253,0.04209,0.04251,1352053,57235.39766
1785214800000,0.04251,0.04271,0.04233,0.0425,885670,37678.8551
1785218400000,0.0425,0.0428,0.04229,0.04249,1764850,75072.84934
1785222000000,0.04249,0.04265,0.04226,0.04241,666932,28317.74295
1785225600000,0.04241,0.04278,0.04234,0.04255,1105325,47049.08858
1785229200000,0.04255,0.04255,0.04227,0.04235,1106403,46940.30665
1785232800000,0.04235,0.04276,0.04183,0.04243,5776444,243475.00217
1785236400000,0.04243,0.04249,0.04217,0.04232,1231547,52137.34005
1785240000000,0.04232,0.04263,0.04226,0.04247,1362902,57897.23552
1785243600000,0.04247,0.04251,0.04154,0.04184,2517083,105482.49358
1785247200000,0.04184,0.04235,0.04183,0.04227,787468,33156.54911
1785250800000,0.04227,0.04292,0.04216,0.04263,3471328,148171.52728
1785254400000,0.04263,0.04263,0.04184,0.04231,3056139,129015.22667
1785258000000,0.04231,0.04233,0.04145,0.04157,1656175,69127.81757
1785261600000,0.04157,0.04159,0.04122,0.04143,1511169,62553.76183
1785265200000,0.04143,0.04173,0.04137,0.0417,500743,20804.31937
1785268800000,0.0417,0.04186,0.04153,0.04166,1247799,52056.92352
1785272400000,0.04166,0.0419,0.04146,0.04177,2007624,83704.38349
1785276000000,0.04177,0.0419,0.0414,0.04141,1427294,59508.96691
1785279600000,0.04141,0.04144,0.04085,0.04088,4792515,197107.79824
1785283200000,0.04088,0.04133,0.04049,0.04049,3896202,159369.14384
1785286800000,0.04049,0.04076,0.04037,0.04043,1455934,59088.46104
1785290400000,0.04043,0.04095,0.04032,0.04077,2031367,82496.95716
1785294000000,0.04077,0.04091,0.04016,0.04017,3926673,158939.57554
1785297600000,0.04017,0.0407,0.04001,0.04053,5298752,214193.81497
1785301200000,0.04053,0.04072,0.04041,0.04067,522978,21209.04749
1785304800000,0.04067,0.04112,0.04062,0.04072,2283935,93408.24315
1785308400000,0.04072,0.04148,0.04065,0.04144,1532586,63045.44746
1785312000000,0.04144,0.04167,0.04111,0.04164,1408855,58293.36933
1785315600000,0.04164,0.04167,0.04114,0.04127,956432,39652.24485
1785319200000,0.04127,0.04132,0.0409,0.04092,2128493,87646.43964
1785322800000,0.04092,0.04092,0.04047,0.04067,2168198,88156.69583
1785326400000,0.04067,0.04073,0.04048,0.04055,924118,37523.52091
1785330000000,0.04055,0.0407,0.04041,0.04062,1981930,80241.11005
1785333600000,0.04062,0.04069,0.0402,0.04022,1724865,69734.68202
1785337200000,0.04022,0.04038,0.04009,0.04024,1833098,73685.83805
1785340800000,0.04024,0.04037,0.03996,0.04,1703512,68421.65015
1785344400000,0.04,0.0403,0.03999,0.0403,535265,21478.35098
1785348000000,0.0403,0.04067,0.04007,0.04045,2325338,94014.58255
1785351600000,0.04045,0.04054,0.0393,0.03938,2613684,103845.65235
1785355200000,0.03938,0.03948,0.03872,0.03894,5493574,214479.90795
1785358800000,0.03894,0.03944,0.0388,0.03939,1733644,67819.69204
1785362400000,0.03939,0.03973,0.03939,0.03967,1228574,48634.5871
1785366000000,0.03967,0.0399,0.03952,0.03983,1269869,50523.42834
1785369600000,0.03983,0.04026,0.03981,0.04,957585,38366.43333
1785373200000,0.04,0.04058,0.04,0.04026,899274,36247.20126
1785376800000,0.04026,0.04027,0.03994,0.03996,651332,26120.5638
1785380400000,0.03996,0.04002,0.03949,0.0395,1516204,60196.93775
1785384000000,0.0395,0.03963,0.03902,0.03925,3183087,125150.17723
1785387600000,0.03925,0.03941,0.03914,0.03925,802651,31552.45358
1785391200000,0.03925,0.03964,0.03918,0.03955,1299031,51225.90641
1785394800000,0.03955,0.04039,0.03955,0.04026,3219844,129094.14375
1785398400000,0.04026,0.04118,0.0402,0.04113,5369089,219235.14082
1785402000000,0.04113,0.04133,0.04088,0.04117,1831485,75191.36527
1785405600000,0.04117,0.04126,0.04083,0.04096,1735183,71235.88371
1785409200000,0.04096,0.04133,0.04091,0.04125,1442983,59294.2332
1785412800000,0.04125,0.04133,0.04089,0.04112,1302932,53540.57395
1785416400000,0.04112,0.04155,0.0409,0.04138,4669217,192432.66845
1785420000000,0.04138,0.04149,0.041,0.04104,720221,29725.77541
1785423600000,0.04104,0.04119,0.04087,0.04096,1758431,72131.08328
1785427200000,0.04096,0.04119,0.0409,0.04106,603213,24772.53588
1785430800000,0.04106,0.04117,0.04087,0.04112,727670,29834.97457
1785434400000,0.04112,0.04128,0.04083,0.04096,633918,25957.07886
1785438000000,0.04096,0.04106,0.04084,0.0409,528715,21632.49634
1785441600000,0.0409,0.04109,0.04073,0.04073,1545511,63226.69995
1785445200000,0.04073,0.04096,0.04059,0.04092,2943483,119921.52675
1785448800000,0.04092,0.04111,0.04075,0.04094,714095,29213.98731
1785452400000,0.04094,0.04123,0.04072,0.04076,624149,25555.16409
1785456000000,0.04076,0.04096,0.0407,0.0408,737712,30137.01428
1785459600000,0.0408,0.04121,0.04045,0.0405,2301029,93759.81916
1785463200000,0.0405,0.04072,0.03992,0.04018,5996491,240915.02786
1785466800000,0.04018,0.04039,0.04009,0.04024,1082084,43585.18831
1785470400000,0.04024,0.04045,0.03993,0.03995,1300002,52286.01851
1785474000000,0.03995,0.04034,0.03995,0.04022,1734764,69755.26415
1785477600000,0.04022,0.04038,0.04007,0.04009,1246971,50142.56706
1785481200000,0.04009,0.04009,0.03972,0.03997,1781552,71034.63285
1785484800000,0.03997,0.04013,0.0398,0.04,1226939,48996.15979
1785488400000,0.04,0.04003,0.03948,0.03953,2163272,85851.5144
1785492000000,0.03953,0.03987,0.03942,0.03979,1379765,54702.0432
1785495600000,0.03979,0.03994,0.03945,0.03948,1010814,40091.72677
1785499200000,0.03948,0.03986,0.03948,0.03986,1641213,65098.56133
1785502800000,0.03986,0.03997,0.03955,0.03978,1658128,66036.89759
1785506400000,0.03978,0.03986,0.03907,0.03971,3109154,122939.89862
1785510000000,0.03971,0.03985,0.03933,0.03962,1270565,50310.72409
1785513600000,0.03962,0.03992,0.03953,0.0399,2199660,87234.98671
1785517200000,0.0399,0.03994,0.03953,0.03967,1056840,42008.22883
1785520800000,0.03967,0.03984,0.03953,0.03984,427905,16980.35958
1785524400000,0.03984,0.03994,0.03967,0.03972,1814543,72128.70113
1785528000000,0.03972,0.04003,0.03968,0.03986,987265,39443.74272
1785531600000,0.03986,0.04022,0.0398,0.03983,614584,24587.34368
1785535200000,0.03983,0.04027,0.03983,0.04003,640344,25676.94485
1785538800000,0.04003,0.04044,0.04003,0.04024,1511717,60863.32269
1785542400000,0.04024,0.04038,0.04014,0.04021,544564,21914.96177
1785546000000,0.04021,0.0403,0.04002,0.04003,434136,17416.60572
1785549600000,0.04003,0.0402,0.03983,0.03983,886393,35458.88808
1785553200000,0.03983,0.03994,0.03973,0.03978,407493,16223.51689
1785556800000,0.03978,0.03992,0.03964,0.03966,985154,39185.27751
1785560400000,0.03966,0.03978,0.03933,0.03942,2809119,110908.5027
1785564000000,0.03942,0.03945,0.03922,0.03922,1032342,40582.81024
1785567600000,0.03922,0.03943,0.03921,0.03924,438171,17232.58687
1785571200000,0.03924,0.03939,0.0392,0.03933,262601,10319.95018
1785574800000,0.03933,0.03933,0.0391,0.03914,407336,15962.83007
1785578400000,0.03914,0.03927,0.03882,0.03924,1213671,47404.61054
1785582000000,0.03924,0.03944,0.03909,0.03941,1290901,50690.53877
1785585600000,0.03941,0.0396,0.03935,0.03949,1511480,59672.88029
1785589200000,0.03949,0.03958,0.0394,0.03946,310917,12279.12444
1785592800000,0.03946,0.03961,0.03943,0.03956,1268267,50152.38464
1785596400000,0.03956,0.03957,0.03931,0.03934,733557,28882.18047
1785600000000,0.03934,0.03951,0.03907,0.03917,860823,33827.2798
1785603600000,0.03917,0.0392,0.03856,0.03871,2728045,105736.49572
1785607200000,0.03871,0.03885,0.03829,0.03874,2814965,108518.71946
1785610800000,0.03874,0.03885,0.03859,0.03879,1106930,42900.13702
1785614400000,0.03879,0.03888,0.03871,0.03887,577337,22391.12006
1785618000000,0.03887,0.039,0.03877,0.03896,1282149,49946.1151
1785621600000,0.03896,0.03906,0.03888,0.03892,493435,19223.82155
1785625200000,0.03892,0.03902,0.03884,0.03899,620382,24154.9393
1785628800000,0.03899,0.03905,0.03874,0.03899,1580229,61401.83881
1785632400000,0.03899,0.03938,0.03899,0.03925,2840897,111575.64589
1785636000000,0.03925,0.0396,0.03919,0.03945,2397105,94461.64491
1785639600000,0.03945,0.03957,0.03944,0.03948,203673,8048.23339
1785643200000,0.03948,0.04,0.03943,0.03997,2119274,84039.45505
1785646800000,0.03997,0.0404,0.03992,0.04021,2749277,110301.95866
1785650400000,0.04021,0.04037,0.03969,0.03969,2002623,80015.72421
1785654000000,0.03969,0.03975,0.03951,0.03969,1774292,70264.74462
1785657600000,0.03969,0.03972,0.03947,0.03952,631666,24997.25309
1785661200000,0.03952,0.0397,0.03946,0.03956,245861,9742.9225
1785664800000,0.03956,0.03957,0.03924,0.03928,733086,28842.8462
1785668400000,0.03928,0.04009,0.03916,0.03989,6316863,250992.42031
1785672000000,0.03989,0.0402,0.03982,0.04015,3161999,126590.06164
1785675600000,0.04015,0.0402,0.03971,0.03994,1879134,74984.30499
1785679200000,0.03994,0.04009,0.0398,0.04003,739688,29582.81546
1785682800000,0.04003,0.04003,0.03989,0.03991,397148,15859.19769
1785686400000,0.03991,0.04011,0.03983,0.03988,1078271,43090.30611
1785690000000,0.03988,0.04004,0.03985,0.03987,1353307,54056.04334
1785693600000,0.03987,0.03997,0.03975,0.03975,736087,29331.0101
1785697200000,0.03975,0.03975,0.03963,0.03971,464755,18445.8982
1785700800000,0.03971,0.03976,0.03963,0.03971,145224,5765.46118
1785704400000,0.03971,0.03981,0.03967,0.03977,306942,12196.32796
1785708000000,0.03977,0.03986,0.03936,0.03937,2581709,101939.56977
1785711600000,0.03937,0.03939,0.03916,0.03923,1561839,61298.95417
1785715200000,0.03923,0.0393,0.03908,0.03917,1183648,46363.22707
1785718800000,0.03917,0.0392,0.03899,0.03911,580902,22709.69563
1785722400000,0.03911,0.03941,0.03897,0.03925,1457520,57137.3454
1785726000000,0.03925,0.03937,0.03899,0.03927,1456954,57112.09865
1785729600000,0.03927,0.03955,0.03918,0.03941,668000,26326.76687
1785733200000,0.03941,0.03967,0.03938,0.03957,589488,23303.30447
1785736800000,0.03957,0.04027,0.03956,0.03991,6827341,272224.78839
1785740400000,0.03991,0.03998,0.03944,0.03952,1213964,48156.20655
1785744000000,0.03952,0.03968,0.03907,0.03962,2802522,110034.7024
1785747600000,0.03962,0.03968,0.03914,0.03955,1826147,71920.77275
1785751200000,0.03955,0.03955,0.03912,0.03922,343140,13480.57503
1785754800000,0.03922,0.03922,0.03905,0.03913,337054,13180.80404
1785758400000,0.03913,0.03921,0.03902,0.03909,862879,33764.1529
1785762000000,0.03909,0.03928,0.03883,0.03927,2565838,100159.91455
1785765600000,0.03927,0.03942,0.03909,0.03926,945184,37103.55593
1785769200000,0.03926,0.03936,0.03912,0.03925,435002,17069.86735
1785772800000,0.03925,0.03938,0.03906,0.03924,981887,38468.77964
1785776400000,0.03924,0.03947,0.0391,0.03941,1894437,74404.9392
1785780000000,0.03941,0.03955,0.03932,0.03944,703613,27766.49818
1785783600000,0.03944,0.03979,0.03942,0.03955,2682368,106274.59536
1785787200000,0.03955,0.03964,0.03925,0.0393,1321374,52041.08181
1785790800000,0.0393,0.03942,0.03917,0.03934,461568,18121.6193
1785794400000,0.03934,0.03934,0.03912,0.03922,439763,17233.79976
1785798000000,0.03922,0.03925,0.03901,0.03913,722551,28277.72105
1785801600000,0.03913,0.03926,0.03902,0.0391,873335,34173.64247
1785805200000,0.0391,0.03937,0.03907,0.03935,657044,25787.24272
1785808800000,0.03935,0.03938,0.03904,0.0393,2069876,81210.49086
1785812400000,0.0393,0.03939,0.03911,0.03926,567610,22275.11357
1785816000000,0.03926,0.03945,0.03921,0.03932,561862,22112.8705
1785819600000,0.03932,0.03934,0.03917,0.03922,321457,12621.93277
1785823200000,0.03922,0.03933,0.03904,0.03922,755497,29588.81907
1785826800000,0.03922,0.0393,0.03902,0.03903,788072,30860.10382
1785830400000,0.03903,0.03928,0.0388,0.03893,2425610,94681.17284
1785834000000,0.03893,0.03899,0.03868,0.03882,3358156,130345.01458
1785837600000,0.03882,0.03925,0.03875,0.03914,1891269,73832.45498
1785841200000,0.03914,0.03918,0.03877,0.03888,1188652,46222.58762
1785844800000,0.03888,0.03891,0.03849,0.03852,3610615,139511.7127
1785848400000,0.03852,0.03871,0.03819,0.03838,2635929,101229.09909
1785852000000,0.03838,0.03847,0.03809,0.03823,2724539,104227.94378
1785855600000,0.03823,0.03831,0.03794,0.0383,1164637,44377.28492
1785859200000,0.0383,0.03839,0.03808,0.03814,1902096,72688.02855
1785862800000,0.03814,0.03845,0.03813,0.03837,1792955,68763.09684
1785866400000,0.03837,0.03859,0.03835,0.03844,585497,22538.33461
1785870000000,0.03844,0.03877,0.03842,0.03863,2303587,89037.1012
1785873600000,0.03863,0.03933,0.03847,0.03913,2908606,113292.55391
1785877200000,0.03913,0.03943,0.03907,0.03936,1495302,58720.82661
1785880800000,0.03936,0.04035,0.03936,0.04023,3415682,136455.91969
1785884400000,0.04023,0.04026,0.03974,0.0399,1996316,79821.27062
1785888000000,0.0399,0.03991,0.03929,0.03931,1446682,57249.15332
1785891600000,0.03931,0.03964,0.03924,0.03948,886766,34910.66153
1785895200000,0.03948,0.03984,0.03942,0.03978,1234284,48905.2936
1785898800000,0.03978,0.03994,0.0393,0.03949,1520816,60196.43954
1785902400000,0.03949,0.03962,0.0393,0.0393,542999,21427.67466
1785906000000,0.0393,0.03967,0.03927,0.03961,576340,22747.04585
1785909600000,0.03961,0.03977,0.03947,0.03962,448339,17741.43907
1785913200000,0.03962,0.03988,0.03935,0.03944,1886193,74653.46856
1785916800000,0.03944,0.03954,0.03926,0.03929,1112255,43778.91836
1785920400000,0.03929,0.03936,0.03924,0.03931,430935,16939.2133
1785924000000,0.03931,0.03947,0.03907,0.03909,2413797,94644.18355
1785927600000,0.03909,0.03918,0.03897,0.03913,1122926,43901.8711
1785931200000,0.03913,0.03942,0.03904,0.03904,1933460,75822.81149
1785934800000,0.03904,0.03905,0.03845,0.03883,3421165,132286.02313
1785938400000,0.03883,0.0392,0.03878,0.03909,3236357,126197.87977
1785942000000,0.03909,0.0393,0.03872,0.03876,3087830,120271.82848
1785945600000,0.03876,0.03905,0.03871,0.03884,1549441,60259.26119
1785949200000,0.03884,0.0391,0.03872,0.03902,633555,24681.79722
1785952800000,0.03902,0.03915,0.03894,0.03896,994328,38830.93592
1785956400000,0.03896,0.03904,0.03885,0.03894,1035102,40301.0032
1785960000000,0.03894,0.03941,0.03892,0.03919,1100759,43224.99105
1785963600000,0.03919,0.03946,0.0391,0.03938,1118226,43961.91484
1785967200000,0.03938,0.03944,0.03922,0.03922,497909,19582.06145
1785970800000,0.03922,0.03934,0.03915,0.03929,569602,22370.01449
1785974400000,0.03929,0.0397,0.03914,0.03956,1074597,42378.7646
1785978000000,0.03956,0.03968,0.03899,0.03899,1412477,55452.33616
1785981600000,0.03899,0.03901,0.03871,0.03891,1040357,40424.73429
1785985200000,0.03891,0.03898,0.0388,0.03885,1188284,46205.25539
1785988800000,0.03885,0.03934,0.03872,0.03931,2020303,78831.77818
1785992400000,0.03931,0.03967,0.03927,0.03962,5737027,226470.21106
1785996000000,0.03962,0.03991,0.03953,0.03982,1149538,45668.73077
1785999600000,0.03982,0.03986,0.0395,0.03956,1369022,54340.28435
1786003200000,0.03956,0.04001,0.03944,0.03985,5932244,235934.91194
1786006800000,0.03985,0.03986,0.0393,0.0398,1774846,70198.45111
1786010400000,0.0398,0.03983,0.03933,0.03933,1194213,47280.86986
1786014000000,0.03933,0.03935,0.03907,0.03919,1174046,46049.95124
1786017600000,0.03919,0.03919,0.03882,0.03887,2130815,83005.97843
1786021200000,0.03887,0.03907,0.03865,0.03906,1499245,58210.67331
1786024800000,0.03906,0.03908,0.03873,0.03903,881821,34315.65141
1786028400000,0.03903,0.03935,0.03898,0.03918,1746988,68381.5893
1786032000000,0.03918,0.03936,0.03894,0.03928,1326909,51986.03624
1786035600000,0.03928,0.03932,0.0391,0.03912,431831,16924.16121
1786039200000,0.03912,0.03912,0.03861,0.03868,2095413,81230.80697
1786042800000,0.03868,0.03877,0.03859,0.03864,572137,22129.87585
1786046400000,0.03864,0.03882,0.0386,0.03864,436602,16918.22041
1786050000000,0.03864,0.03902,0.03859,0.03902,311711,12093.63559
1786053600000,0.03902,0.03902,0.03843,0.03859,1047459,40499.98729
1786057200000,0.03859,0.03883,0.03855,0.03865,639480,24726.64619
1786060800000,0.03865,0.03896,0.03864,0.03887,938528,36389.86918
1786064400000,0.03887,0.03919,0.03887,0.03907,1662120,64936.89153
1786068000000,0.03907,0.03937,0.03892,0.03903,540383,21160.56217
1786071600000,0.03903,0.03921,0.03875,0.0389,941306,36735.61894
1786075200000,0.0389,0.03918,0.03881,0.03895,491964,19174.74125
1786078800000,0.03895,0.03902,0.03862,0.0389,834232,32336.95537
1786082400000,0.0389,0.03893,0.03863,0.0387,1412405,54709.11422
1786086000000,0.0387,0.0389,0.03863,0.03875,1050689,40751.2841
1786089600000,0.03875,0.03904,0.03869,0.03901,478338,18575.73687
1786093200000,0.03901,0.03917,0.03883,0.0389,429706,16764.05836
1786096800000,0.0389,0.03907,0.03864,0.03868,1338547,51933.90353
1786100400000,0.03868,0.03895,0.03865,0.03884,1099572,42727.60091
1786104000000,0.03884,0.03922,0.03872,0.03876,789900,30753.17033
1786107600000,0.03876,0.03902,0.03872,0.03877,1526388,59321.63524
1786111200000,0.03877,0.0388,0.03826,0.03837,2105179,80950.55934
1786114800000,0.03837,0.03868,0.03832,0.0385,963576,37082.31739
1786118400000,0.0385,0.0385,0.03818,0.03819,983408,37709.54866
1786122000000,0.03819,0.03825,0.03779,0.0381,2509162,95535.02389
1786125600000,0.0381,0.0383,0.03804,0.03815,811315,30969.38981
1786129200000,0.03815,0.03849,0.03815,0.03843,369034,14160.89864
1786132800000,0.03843,0.03845,0.03817,0.03822,540257,20682.35386
1786136400000,0.03822,0.03835,0.03797,0.03797,588581,22461.5837
1786140000000,0.03797,0.03804,0.03788,0.03801,516920,19614.74207
1786143600000,0.03801,0.03807,0.03796,0.03805,972241,36962.25771
1786147200000,0.03805,0.03807,0.03793,0.03804,558039,21215.37479
1786150800000,0.03804,0.03832,0.03804,0.03828,522017,19941.63921
1786154400000,0.03828,0.03864,0.03825,0.03827,1161467,44565.95657
1786158000000,0.03827,0.03862,0.0382,0.03862,399799,15361.79964
1786161600000,0.03862,0.03874,0.03852,0.03855,1104845,42662.64599
1786165200000,0.03855,0.03855,0.03843,0.03854,487637,18767.3733
1786168800000,0.03854,0.03854,0.03839,0.03852,271889,10456.12723
1786172400000,0.03852,0.03852,0.03828,0.0384,1073213,41179.07162
1786176000000,0.0384,0.03866,0.03836,0.03865,490817,18911.13743
1786179600000,0.03865,0.03901,0.03865,0.03882,894700,34788.64437
1786183200000,0.03882,0.03907,0.03879,0.03906,1105874,43061.98631
1786186800000,0.03906,0.03907,0.03889,0.03904,344015,13398.23841
1786190400000,0.03904,0.03907,0.03893,0.03902,482457,18817.06592
1786194000000,0.03902,0.03936,0.03901,0.03912,1405068,55094.66114
1786197600000,0.03912,0.03964,0.03902,0.03948,2120131,83510.59729
1786201200000,0.03948,0.03963,0.03934,0.03951,1818005,71808.39031
1786204800000,0.03951,0.03963,0.03944,0.03957,349385,13820.47163
1786208400000,0.03957,0.03958,0.03943,0.03944,259248,10239.94671
1786212000000,0.03944,0.03949,0.03937,0.03942,287030,11314.98629
1786215600000,0.03942,0.03993,0.03938,0.03991,865949,34433.6414
1786219200000,0.03991,0.04142,0.0399,0.04043,6854780,279996.22241
1786222800000,0.04043,0.04071,0.04017,0.0404,3679920,148723.23497
1786226400000,0.0404,0.0407,0.04031,0.04039,1630580,66024.76035
1786230000000,0.04039,0.04049,0.03994,0.04022,1131143,45404.43375
1786233600000,0.04022,0.04088,0.04009,0.04075,893868,36136.97545
1786237200000,0.04075,0.04172,0.04068,0.04151,4576036,188383.25522
1786240800000,0.04151,0.0419,0.04143,0.04151,3037777,126454.59008
1786244400000,0.04151,0.04216,0.04129,0.04199,2798837,116960.91424
1786248000000,0.04199,0.04243,0.04139,0.04161,1655180,69427.61374
1786251600000,0.04161,0.04227,0.04146,0.04224,2426859,101424.89448
1786255200000,0.04224,0.04235,0.04194,0.04219,1711546,72158.31321
1786258800000,0.04219,0.04286,0.04183,0.04211,5614424,238395.89872
1786262400000,0.04211,0.0423,0.0416,0.04179,3283432,137624.24097
1786266000000,0.04179,0.04206,0.04141,0.0417,1926168,80348.45357
1786269600000,0.0417,0.0424,0.04166,0.04223,1339510,56439.43678
1786273200000,0.04223,0.04229,0.04188,0.04194,889608,37421.62323
1786276800000,0.04194,0.04197,0.04155,0.04185,666380,27815.15477
1786280400000,0.04185,0.04236,0.04183,0.04234,1482201,62493.55407
1786284000000,0.04234,0.04243,0.04202,0.04214,624325,26361.77921
1786287600000,0.04214,0.04253,0.04196,0.04243,827144,34909.22622
1786291200000,0.04243,0.04251,0.04188,0.04196,1002963,42277.14502
1786294800000,0.04196,0.04201,0.04169,0.04171,857773,35848.2496
1786298400000,0.04171,0.04178,0.04154,0.04157,555208,23112.45283
1786302000000,0.04157,0.04186,0.0414,0.04183,498116,20712.5416
1786305600000,0.04183,0.042,0.04166,0.04178,242710,10150.48646
1786309200000,0.04178,0.04227,0.0417,0.04213,285142,12002.41707
1786312800000,0.04213,0.04226,0.04167,0.04191,796733,33401.69464
1786316400000,0.04191,0.0421,0.04129,0.04181,1823095,75776.87678
1786320000000,0.04181,0.04216,0.04167,0.04203,977649,41007.63519
1786323600000,0.04203,0.04279,0.04194,0.04264,1859324,78732.99652
1786327200000,0.04264,0.04275,0.04217,0.04249,1229273,52244.34229
1786330800000,0.04249,0.04252,0.04202,0.04209,429364,18150.38741
1786334400000,0.04209,0.0423,0.04197,0.0422,581309,24508.28625
1786338000000,0.0422,0.04261,0.04217,0.04256,300488,12736.86828
1786341600000,0.04256,0.0431,0.04244,0.04299,2217296,94885.14384
1786345200000,0.04299,0.04303,0.0424,0.04242,1100659,46983.70882
1786348800000,0.04242,0.04252,0.04195,0.04224,1029421,43385.16313
1786352400000,0.04224,0.04268,0.04218,0.04244,895871,37968.95804
1786356000000,0.04244,0.04277,0.04244,0.04253,365928,15585.53876
1786359600000,0.04253,0.04281,0.04225,0.04274,1575628,66927.7022
1786363200000,0.04274,0.04283,0.04231,0.04267,740028,31526.71438
1786366800000,0.04267,0.04298,0.04249,0.0425,1746872,74573.88546
1786370400000,0.0425,0.04277,0.04242,0.04244,524140,22339.86021
1786374000000,0.04244,0.04283,0.04208,0.0428,2922351,123831.85947
1786377600000,0.0428,0.04287,0.04214,0.04223,3539329,150571.588
1786381200000,0.04223,0.04296,0.04217,0.04276,976558,41697.54136
1786384800000,0.04276,0.04317,0.04272,0.04289,1653038,70997.01073
1786388400000,0.04289,0.04365,0.04287,0.04305,3089958,133814.95602
1786392000000,0.04305,0.04312,0.04265,0.04271,597076,25598.46031
1786395600000,0.04271,0.0428,0.04251,0.04262,986112,42041.33833
1786399200000,0.04262,0.04265,0.0423,0.04249,1034558,43932.6635
1786402800000,0.04249,0.04273,0.04241,0.04261,976845,41614.15227
1786406400000,0.04261,0.04295,0.0424,0.04279,2124719,90536.01231
1786410000000,0.04279,0.04333,0.04266,0.0433,1143483,49239.53155
1786413600000,0.0433,0.04339,0.04276,0.04276,2004001,86333.98144
1786417200000,0.04276,0.04303,0.04265,0.04291,1005267,43069.93303
1786420800000,0.04291,0.04338,0.0427,0.04271,1071160,46157.79884
1786424400000,0.04271,0.0429,0.04259,0.04259,332345,14199.97909
1786428000000,0.04259,0.04319,0.04258,0.04285,1082621,46459.97374
1786431600000,0.04285,0.04308,0.0423,0.04242,1647705,70138.4976
1786435200000,0.04242,0.04291,0.04215,0.04287,2384395,101328.0626
1786438800000,0.04287,0.04288,0.04242,0.04247,1391406,59298.67397
1786442400000,0.04247,0.04263,0.04234,0.04249,361821,15365.23855
1786446000000,0.04249,0.04262,0.04196,0.04207,3919410,165322.73744
1786449600000,0.04207,0.04208,0.04172,0.04193,3240451,135717.73835
1786453200000,0.04193,0.04206,0.04161,0.04191,1473970,61575.61905
1786456800000,0.04191,0.04221,0.04176,0.04189,2132536,89602.28084
1786460400000,0.04189,0.04222,0.04144,0.04172,4114053,171741.71258
1786464000000,0.04172,0.04226,0.04155,0.04216,3754760,157751.80573
1786467600000,0.04216,0.04288,0.04216,0.04273,5092674,217144.35761
1786471200000,0.04273,0.04282,0.04236,0.04255,4718607,201257.80194
1786474800000,0.04255,0.04258,0.04219,0.04228,5607046,237291.50655
1786478400000,0.04228,0.04238,0.0419,0.04203,3474193,146460.42116
1786482000000,0.04203,0.04207,0.04179,0.04192,1106460,46434.02083
1786485600000,0.04192,0.04194,0.04162,0.0418,2096641,87547.61942
1786489200000,0.0418,0.04199,0.04178,0.04191,738458,30946.38596
1786492800000,0.04191,0.04215,0.0416,0.04178,1365298,57160.22025
1786496400000,0.04178,0.04237,0.04178,0.04207,1081860,45619.57677
1786500000000,0.04207,0.04234,0.04192,0.04217,1099687,46349.37782
1786503600000,0.04217,0.0423,0.04176,0.04177,426181,17908.11947
1786507200000,0.04177,0.04177,0.0411,0.0412,5492194,227296.26172
1786510800000,0.0412,0.04121,0.04068,0.04088,4108332,167940.57592
1786514400000,0.04088,0.04093,0.04022,0.04032,2833281,114880.06756
1786518000000,0.04032,0.04042,0.03996,0.0401,1527011,61369.75179
1786521600000,0.0401,0.04035,0.04003,0.04022,1570950,63165.22344
1786525200000,0.04022,0.0406,0.0402,0.04053,1468205,59420.44455
1786528800000,0.04053,0.04088,0.04033,0.04062,2403578,97708.29656
1786532400000,0.04062,0.04089,0.04059,0.04069,826279,33679.60803
1786536000000,0.04069,0.04107,0.04065,0.04082,1228223,50187.16134
1786539600000,0.04082,0.04101,0.04059,0.04091,2270130,92609.49435
1786543200000,0.04091,0.04099,0.04009,0.04012,5228866,211390.22049
1786546800000,0.04012,0.04104,0.0401,0.04077,3742642,152343.00647
1786550400000,0.04077,0.04086,0.04057,0.0408,1454290,59212.33193
1786554000000,0.0408,0.04088,0.04046,0.04046,1660535,67471.70049
1786557600000,0.04046,0.04071,0.0403,0.04035,1249303,50633.94458
1786561200000,0.04035,0.04039,0.03984,0.03993,3313447,132723.1352
1786564800000,0.03993,0.04044,0.03992,0.04026,1545683,62156.55704
1786568400000,0.04026,0.04034,0.03969,0.0398,1815052,72640.61435
1786572000000,0.0398,0.04019,0.03972,0.04016,1862987,74657.59325
1786575600000,0.04016,0.0403,0.03981,0.0402,2111770,84579.80669
1786579200000,0.0402,0.04059,0.04013,0.04031,1512598,61174.42192
1786582800000,0.04031,0.04053,0.04027,0.04031,1540570,62203.08191
1786586400000,0.04031,0.04041,0.04017,0.04026,1681206,67723.9578
1786590000000,0.04026,0.04032,0.04004,0.0401,1499676,60266.88646
1786593600000,0.0401,0.04032,0.04003,0.04023,1256876,50470.2802
1786597200000,0.04023,0.04047,0.0402,0.04023,2430475,98098.04241
1786600800000,0.04023,0.04024,0.03987,0.03997,2694002,107698.99389
1786604400000,0.03997,0.04013,0.0398,0.03981,1772718,70869.49404
1786608000000,0.03981,0.04007,0.03978,0.04003,3050658,121966.4732
1786611600000,0.04003,0.04027,0.03992,0.04019,3762976,150773.1951
1786615200000,0.04019,0.04019,0.03997,0.0401,4256807,170546.33094
1786618800000,0.0401,0.04014,0.03972,0.03974,2382160,95106.36003
1786622400000,0.03974,0.04024,0.03971,0.04013,1310511,52481.39933
1786626000000,0.04013,0.04014,0.03985,0.0401,981892,39273.2713
1786629600000,0.0401,0.04079,0.04008,0.04072,1899709,76866.53941
1786633200000,0.04072,0.04191,0.04072,0.0411,6901668,284201.7426
1786636800000,0.0411,0.04121,0.04011,0.04029,3036373,123187.83209
1786640400000,0.04029,0.04068,0.04029,0.04049,1423161,57657.18903
1786644000000,0.04049,0.04083,0.0404,0.04049,1090357,44246.74307
1786647600000,0.04049,0.0405,0.03984,0.03991,2573495,103134.60124
1786651200000,0.03991,0.04027,0.03989,0.04016,1237271,49617.69757
1786654800000,0.04016,0.04025,0.03989,0.04024,634480,25399.02893
1786658400000,0.04024,0.04044,0.04022,0.04035,380807,15366.94088
1786662000000,0.04035,0.04035,0.04009,0.0402,456297,18324.48756
1786665600000,0.0402,0.04057,0.04014,0.04041,703957,28442.02083
1786669200000,0.04041,0.04056,0.04019,0.04045,841881,33963.79054
1786672800000,0.04045,0.04076,0.04033,0.04034,1504927,61126.22662
1786676400000,0.04034,0.04034,0.03982,0.03993,1294443,51821.57802
1786680000000,0.03993,0.04006,0.03969,0.03974,1198629,47793.49941
1786683600000,0.03974,0.03988,0.03951,0.03984,2661543,105587.2252
1786687200000,0.03984,0.03986,0.03961,0.0397,971113,38592.88641
1786690800000,0.0397,0.0397,0.03932,0.03938,1875859,74019.69228
1786694400000,0.03938,0.03967,0.03935,0.0396,618315,24436.29311
1786698000000,0.0396,0.03963,0.03892,0.0393,3489173,136932.99235
1786701600000,0.0393,0.03944,0.03902,0.03909,1793685,70284.54028
1786705200000,0.03909,0.03931,0.03892,0.03897,731051,28578.35941
1786708800000,0.03897,0.03927,0.03885,0.03927,1403118,54708.25689
1786712400000,0.03927,0.03947,0.0391,0.03938,1174091,46171.21877
1786716000000,0.03938,0.03964,0.0392,0.03951,970830,38304.89599
1786719600000,0.03951,0.03951,0.03878,0.03903,2350318,91804.80937
1786723200000,0.03903,0.0392,0.03862,0.03878,2607051,101187.83279
1786726800000,0.03878,0.03923,0.03878,0.03912,656827,25650.86315
1786730400000,0.03912,0.03919,0.03892,0.03899,673053,26255.09833
1786734000000,0.03899,0.03912,0.03893,0.03906,579242,22612.52283
1786737600000,0.03906,0.03912,0.03894,0.03895,339393,13238.23944
1786741200000,0.03895,0.03912,0.03887,0.03894,255063,9955.61661
1786744800000,0.03894,0.03908,0.03883,0.03905,675929,26313.0459
1786748400000,0.03905,0.03937,0.03903,0.03937,350953,13756.13272
1786752000000,0.03937,0.03948,0.0391,0.03942,816239,32071.03476
1786755600000,0.03942,0.0395,0.03911,0.03932,669553,26294.09054
1786759200000,0.03932,0.04034,0.03932,0.04011,2027937,80975.61622
1786762800000,0.04011,0.04035,0.03995,0.04,517321,20790.65496
1786766400000,0.04,0.0403,0.03999,0.04007,637784,25608.06986
1786770000000,0.04007,0.04018,0.03983,0.03991,1660455,66455.96635
1786773600000,0.03991,0.04002,0.03979,0.03986,442388,17665.57161
1786777200000,0.03986,0.03986,0.03962,0.03979,721047,28635.77757
1786780800000,0.03979,0.03991,0.0396,0.03978,712637,28295.24757
1786784400000,0.03978,0.04011,0.03971,0.03986,3129332,124864.81686
1786788000000,0.03986,0.03987,0.03964,0.03968,310977,12356.44582
1786791600000,0.03968,0.04004,0.03964,0.03995,1295104,51671.30963
1786795200000,0.03995,0.0403,0.0399,0.04027,1414090,56720.71097
1786798800000,0.04027,0.04027,0.03994,0.03995,558068,22367.18995
1786802400000,0.03995,0.0401,0.03988,0.04002,1248066,49894.29476
1786806000000,0.04002,0.04002,0.03966,0.03985,2183670,86851.10143
1786809600000,0.03985,0.04002,0.03978,0.0399,807590,32244.45347
1786813200000,0.0399,0.04006,0.03976,0.03991,1235616,49331.14559
1786816800000,0.03991,0.03991,0.03969,0.0397,779467,31003.9844
1786820400000,0.0397,0.03992,0.03968,0.03969,476000,18948.85445
1786824000000,0.03969,0.03974,0.0395,0.03955,1280831,50693.6991
1786827600000,0.03955,0.03964,0.03951,0.03959,236877,9376.99612
1786831200000,0.03959,0.03974,0.03956,0.03956,1884967,74762.68872
1786834800000,0.03956,0.03956,0.03931,0.03937,1264603,49849.68202
1786838400000,0.03937,0.03951,0.03932,0.03937,324243,12781.80825
1786842000000,0.03937,0.03937,0.03906,0.03914,539263,21122.98979
1786845600000,0.03914,0.03924,0.03902,0.03911,575546,22507.43028
1786849200000,0.03911,0.03924,0.03907,0.03913,688819,26964.08911
1786852800000,0.03913,0.03943,0.03911,0.03942,888723,34927.60349
1786856400000,0.03942,0.03947,0.03914,0.03917,698856,27466.86178
1786860000000,0.03917,0.03923,0.03908,0.03918,381728,14944.20775
1786863600000,0.03918,0.03938,0.03915,0.03932,329459,12931.00965
1786867200000,0.03932,0.03933,0.03919,0.03931,590705,23183.79522
1786870800000,0.03931,0.0394,0.03919,0.03931,773456,30379.94975
1786874400000,0.03931,0.03935,0.03919,0.03926,312634,12272.53942
1786878000000,0.03926,0.03944,0.03925,0.03934,366921,14443.40842
1786881600000,0.03934,0.03937,0.03919,0.03928,305221,11989.59994
1786885200000,0.03928,0.03954,0.03926,0.03929,502769,19804.59001
1786888800000,0.03929,0.03944,0.03923,0.03939,332096,13053.57627
1786892400000,0.03939,0.03951,0.03925,0.03944,908575,35763.0314
1786896000000,0.03944,0.03979,0.03943,0.03955,1293238,51175.149
1786899600000,0.03955,0.03961,0.03946,0.03946,193659,7656.36714
1786903200000,0.03946,0.03946,0.03903,0.03904,673754,26414.0958
1786906800000,0.03904,0.03945,0.03897,0.03908,2280544,89202.15525
1786910400000,0.03908,0.03921,0.0387,0.03875,1843168,71628.49268
1786914000000,0.03875,0.03884,0.03821,0.03834,4905323,189025.85909
1786917600000,0.03834,0.0386,0.0382,0.03854,1951795,75003.09526
1786921200000,0.03854,0.03863,0.03835,0.03835,401049,15446.10626
1786924800000,0.03835,0.03859,0.03818,0.03852,1523612,58375.60006
1786928400000,0.03852,0.03884,0.03851,0.03853,908013,35132.86099
1786932000000,0.03853,0.03893,0.03852,0.0388,661289,25614.89139
1786935600000,0.0388,0.03892,0.03875,0.03885,808166,31406.60404
1786939200000,0.03885,0.03913,0.03885,0.03909,1005961,39230.49722
1786942800000,0.03909,0.0392,0.03905,0.03915,1242789,48611.47825
1786946400000,0.03915,0.03924,0.03898,0.03915,1079101,42203.12201
1786950000000,0.03915,0.03953,0.03905,0.03946,2206842,86720.57293
1786953600000,0.03946,0.03955,0.03906,0.03922,3506971,138052.0768
1786957200000,0.03922,0.03925,0.0389,0.03899,532954,20832.69119
1786960800000,0.03899,0.0392,0.03889,0.03915,478840,18700.61469
1786964400000,0.03915,0.03917,0.03897,0.03901,322621,12598.44172
1786968000000,0.03901,0.03919,0.03895,0.03909,528142,20637.50864
1786971600000,0.03909,0.03927,0.0389,0.03904,753432,29445.54563
1786975200000,0.03904,0.03909,0.03891,0.03905,800705,31224.7905
1786978800000,0.03905,0.03915,0.0388,0.03912,1242898,48436.84976
1786982400000,0.03912,0.03921,0.03898,0.03901,772011,30145.10048
1786986000000,0.03901,0.03924,0.03866,0.0389,1608940,62547.73819
1786989600000,0.0389,0.03891,0.03868,0.03875,456119,17684.90119
1786993200000,0.03875,0.03877,0.03865,0.03873,578227,22380.643
1786996800000,0.03873,0.03899,0.03867,0.03899,790485,30685.66951
1787000400000,0.03899,0.03901,0.03861,0.03867,1126935,43673.31429
1787004000000,0.03867,0.03872,0.03838,0.03842,2600970,100257.54347
1787007600000,0.03842,0.03861,0.03837,0.03853,252738,9731.46246
1787011200000,0.03853,0.03868,0.03846,0.03867,1125330,43397.05118
1787014800000,0.03867,0.03868,0.03804,0.03813,2113640,80846.55604
1787018400000,0.03813,0.03829,0.03757,0.0377,4553792,172399.05247
1787022000000,0.0377,0.03782,0.03758,0.03772,3413532,128708.59718
1787025600000,0.03772,0.03789,0.03761,0.03785,2472704,93320.85643
1787029200000,0.03785,0.03795,0.03765,0.03766,2511162,95012.10591
1787032800000,0.03766,0.03823,0.03761,0.0381,4682522,178128.0767
1787036400000,0.0381,0.03816,0.0379,0.038,445043,16910.83867
1787040000000,0.038,0.03816,0.03785,0.03802,2961449,112732.51213
1787043600000,0.03802,0.03812,0.03788,0.03804,752886,28579.68331
1787047200000,0.03804,0.03808,0.03787,0.03798,391382,14860.24127
1787050800000,0.03798,0.0381,0.03796,0.03806,308131,11720.83027
1787054400000,0.03806,0.0381,0.03793,0.03804,525416,19984.41712
1787058000000,0.03804,0.03818,0.0379,0.03795,735028,27982.72471
1787061600000,0.03795,0.03851,0.03791,0.03833,2854018,109400.96521
1787065200000,0.03833,0.03848,0.03824,0.03847,227675,8743.21163
1787068800000,0.03847,0.03881,0.03841,0.03852,4652327,179388.46085
1787072400000,0.03852,0.0387,0.03846,0.03846,405357,15641.79888
1787076000000,0.03846,0.03867,0.03834,0.03866,1569722,60390.4598
1787079600000,0.03866,0.03934,0.03847,0.03847,4559059,177975.97931
1787083200000,0.03847,0.03867,0.03831,0.03835,1917295,73797.04357
1787086800000,0.03835,0.03875,0.03829,0.03849,1226574,47291.58998
1787090400000,0.03849,0.03856,0.03841,0.03845,303047,11657.25514
1787094000000,0.03845,0.03871,0.03838,0.03845,1814501,69862.54075
1787097600000,0.03845,0.03853,0.03812,0.03824,1848744,70852.91499
1787101200000,0.03824,0.03857,0.03817,0.0385,940839,36163.2534
1787104800000,0.0385,0.03854,0.03821,0.03827,676351,25960.00209
1787108400000,0.03827,0.03933,0.03822,0.03928,1166866,45372.64579
1787112000000,0.03928,0.03944,0.03878,0.0388,1053256,41151.66428
1787115600000,0.0388,0.03895,0.03863,0.03865,1026903,39788.49434
1787119200000,0.03865,0.03884,0.03859,0.0387,326410,12631.67791
1787122800000,0.0387,0.03882,0.0386,0.03866,380631,14726.15891
1787126400000,0.03866,0.03899,0.03866,0.03883,1764724,68518.78835
1787130000000,0.03883,0.03887,0.0386,0.03865,646840,25039.88032
1787133600000,0.03865,0.03866,0.03803,0.0383,1843348,70611.85119
1787137200000,0.0383,0.03833,0.03818,0.03828,731842,28002.30211
1787140800000,0.03828,0.03856,0.03818,0.03846,597973,22951.91172
1787144400000,0.03846,0.03854,0.03831,0.03842,970889,37296.35041
1787148000000,0.03842,0.03913,0.03838,0.03896,2685953,104084.48309
1787151600000,0.03896,0.04051,0.03895,0.03963,7193963,286665.51039
1787155200000,0.03963,0.04032,0.03956,0.04013,2143613,85856.96353
1787158800000,0.04013,0.04031,0.03992,0.03998,2611963,104674.32719
1787162400000,0.03998,0.04028,0.03983,0.0402,935770,37489.4594
1787166000000,0.0402,0.04118,0.04008,0.04099,3851128,157135.6007
1787169600000,0.04099,0.04198,0.04098,0.04191,5635381,233979.21567
1787173200000,0.04191,0.04268,0.04179,0.0423,7340661,310827.22743
1787176800000,0.0423,0.04267,0.04191,0.04216,3238605,136585.07527
1787180400000,0.04216,0.04216,0.0418,0.04207,2447010,102589.03599
1787184000000,0.04207,0.04284,0.04203,0.04233,4021942,170740.37673
1787187600000,0.04233,0.04279,0.04197,0.04274,2213555,93564.01636
1787191200000,0.04274,0.04287,0.04241,0.04255,1930670,82358.31301
1787194800000,0.04255,0.04267,0.04231,0.04233,1406179,59790.29319
1787198400000,0.04233,0.04283,0.04229,0.04282,2855040,121493.74475
1787202000000,0.04282,0.04286,0.04225,0.04232,3368985,142856.25565
1787205600000,0.04232,0.04286,0.04225,0.04283,984446,41904.13081
1787209200000,0.04283,0.04287,0.04247,0.04273,942055,40194.8221
1787212800000,0.04273,0.0436,0.04267,0.04336,2248549,97205.49854
1787216400000,0.04336,0.04459,0.04335,0.04404,8223427,363191.31059
1787220000000,0.04404,0.04438,0.044,0.0441,1533308,67717.92826
1787223600000,0.0441,0.04494,0.04388,0.04438,3660379,162713.81864
1787227200000,0.04438,0.04453,0.04313,0.04372,8159686,355632.47751
1787230800000,0.04372,0.04389,0.04323,0.04354,2871896,125199.54304
1787234400000,0.04354,0.04391,0.04337,0.04391,1658164,72368.12097
1787238000000,0.04391,0.04449,0.04372,0.04416,2676681,118038.69678
1787241600000,0.04416,0.04455,0.04393,0.04451,1540839,68151.93856
1787245200000,0.04451,0.0446,0.04408,0.04409,1363217,60436.72493
1787248800000,0.04409,0.04414,0.04345,0.04376,1377498,60266.23144
1787252400000,0.04376,0.04427,0.04366,0.04405,3065599,134892.21466
1787256000000,0.04405,0.04414,0.04351,0.04399,1480713,64844.22498
1787259600000,0.04399,0.04429,0.04397,0.04429,989379,43656.1532
1787263200000,0.04429,0.0443,0.04386,0.04408,824106,36317.13361
1787266800000,0.04408,0.04446,0.04406,0.0443,588579,26058.66212
1787270400000,0.0443,0.04475,0.04416,0.04422,2425006,107690.2477
1787274000000,0.04422,0.04496,0.04417,0.04494,3646012,162490.64691
1787277600000,0.04494,0.04607,0.04485,0.04596,14694661,664046.30718
1787281200000,0.04596,0.04596,0.04524,0.04541,6430878,292549.84172
1787284800000,0.04541,0.04631,0.04528,0.04621,14605164,668783.39288
1787288400000,0.04621,0.04741,0.04614,0.04737,38958311,1822201.55918
1787292000000,0.04737,0.04885,0.04717,0.04867,47554840,2282676.73975
1787295600000,0.04867,0.05078,0.04835,0.05078,51995452,2575264.71496
1787299200000,0.05078,0.05078,0.04838,0.04907,25789442,1277961.72614
1787302800000,0.04907,0.04923,0.04753,0.04843,17482313,842697.54867
1787306400000,0.04843,0.04858,0.04777,0.04834,5057221,243686.95861
1787310000000,0.04834,0.04858,0.04784,0.04836,4624421,223102.03117
1787313600000,0.04836,0.04874,0.04781,0.04837,3425517,165021.65537
1787317200000,0.04837,0.04864,0.04792,0.04849,3095536,149756.12144
1787320800000,0.04849,0.04896,0.04801,0.0485,3372327,163791.76993
1787324400000,0.0485,0.04881,0.04842,0.04859,1917865,93231.06238
1787328000000,0.04859,0.04868,0.04792,0.04824,2837260,136900.64139
1787331600000,0.04824,0.04824,0.04681,0.0473,7585747,359202.27935
1787335200000,0.0473,0.04762,0.04674,0.04705,2730643,128781.97642
1787338800000,0.04705,0.04733,0.04662,0.04671,2263516,106280.64684
1787342400000,0.04671,0.04794,0.04666,0.04794,1810642,85894.10031
1787346000000,0.04794,0.04882,0.04772,0.04861,2430255,117276.54757
1787349600000,0.04861,0.04931,0.0484,0.04923,2140587,104598.70198
1787353200000,0.04923,0.04958,0.04864,0.04886,1215363,59761.8706
1787356800000,0.04886,0.05008,0.04837,0.04988,2990200,147532.20441
1787360400000,0.04988,0.05172,0.04986,0.05106,6760002,344698.67932
1787364000000,0.05106,0.05291,0.05094,0.05231,3891515,202488.63358
1787367600000,0.05231,0.05405,0.05223,0.05332,5569132,296738.2778
1787371200000,0.05332,0.05582,0.05332,0.05455,6809358,372837.61704
1787374800000,0.05455,0.05466,0.0465,0.05121,38596382,1917094.3654
1787378400000,0.05121,0.05232,0.0501,0.05058,9396905,479365.92168
1787382000000,0.05058,0.05142,0.05023,0.05095,4954771,251334.64254
1787385600000,0.05095,0.05133,0.04913,0.05023,6374455,320545.38127
1787389200000,0.05023,0.05028,0.04929,0.04947,4230172,210690.65051
1787392800000,0.04947,0.04991,0.0477,0.04825,5988457,290113.22863
1787396400000,0.04825,0.0491,0.04794,0.04879,6220614,302326.57655
1787400000000,0.04879,0.05107,0.04876,0.05052,4313532,216568.44437
1787403600000,0.05052,0.05085,0.05016,0.05062,3841925,194286.10053
1787407200000,0.05062,0.05143,0.04992,0.05067,3091940,156146.61773
1787410800000,0.05067,0.05108,0.05012,0.05066,2195042,111024.16953
1787414400000,0.05066,0.05286,0.0502,0.05234,4905975,255290.85432
1787418000000,0.05234,0.05334,0.05146,0.05318,5870965,305983.61177
1787421600000,0.05318,0.05363,0.05185,0.05207,3301560,174669.08045
1787425200000,0.05207,0.05326,0.05202,0.05249,1746673,91924.85441
1787428800000,0.05249,0.05298,0.05226,0.05264,1448485,76247.93276
1787432400000,0.05264,0.05264,0.05017,0.05056,5440460,277492.75908
1787436000000,0.05056,0.05239,0.0503,0.05234,3133607,160362.99776
1787439600000,0.05234,0.05306,0.05141,0.05216,4116015,215252.63488
1787443200000,0.05216,0.05332,0.0517,0.05296,4007439,210923.45913
1787446800000,0.05296,0.05296,0.05153,0.05158,4575920,238627.90703
1787450400000,0.05158,0.05165,0.04983,0.05064,9157471,463180.998
1787454000000,0.05064,0.0507,0.0488,0.04918,4081840,201750.69319
1787457600000,0.04918,0.04948,0.0483,0.04887,4682230,228685.66427
1787461200000,0.04887,0.04982,0.04845,0.04949,4164968,205458.30266
1787464800000,0.04949,0.05008,0.04918,0.04996,1921593,95407.14273
1787468400000,0.04996,0.05154,0.04986,0.05132,4479399,227366.36851
1787472000000,0.05132,0.05199,0.0504,0.05111,6696178,341755.71537
1787475600000,0.05111,0.05198,0.05027,0.05065,4227622,215183.23714
1787479200000,0.05065,0.05104,0.05051,0.05063,2424323,123059.84148
1787482800000,0.05063,0.05138,0.05052,0.05121,2290845,116796.99133
1787486400000,0.05121,0.0529,0.05109,0.0525,3596002,186455.74424
1787490000000,0.0525,0.05378,0.05241,0.05343,4793644,254254.28698
1787493600000,0.05343,0.05474,0.05225,0.0547,7386239,397056.43063
1787497200000,0.0547,0.05577,0.05384,0.05396,8152483,446971.08374
1787500800000,0.05396,0.05431,0.0532,0.05341,7062597,378790.14691
1787504400000,0.05341,0.05423,0.05258,0.0527,8891122,474539.19664
1787508000000,0.0527,0.05295,0.05256,0.05278,1492164,78709.23838
1787511600000,0.05278,0.05282,0.05238,0.05247,1475847,77581.52998
1787515200000,0.05247,0.05247,0.05175,0.05218,4575790,238287.93214
1787518800000,0.05218,0.05314,0.05208,0.05226,1032779,54383.11686
1787522400000,0.05226,0.0526,0.05176,0.05246,1010013,52790.44617
1787526000000,0.05246,0.05249,0.05155,0.05194,2510481,130560.86197
1787529600000,0.05194,0.05195,0.05076,0.05144,3036790,155537.45373
1787533200000,0.05144,0.05152,0.05024,0.05027,3247986,165447.39904
1787536800000,0.05027,0.05101,0.05005,0.05078,2829803,143015.36628
1787540400000,0.05078,0.05083,0.04983,0.05002,2363836,118596.75147
1787544000000,0.05002,0.05128,0.05002,0.05095,3018073,153744.00228
1787547600000,0.05095,0.0514,0.05066,0.05079,2122204,108249.4565
1787551200000,0.05079,0.05108,0.05022,0.05105,3533031,178957.41217
1787554800000,0.05105,0.05194,0.05072,0.05158,2867112,147713.57669
1787558400000,0.05158,0.0516,0.05073,0.05105,4931040,251775.77702
1787562000000,0.05105,0.05159,0.0506,0.05086,10590805,542555.99934
1787565600000,0.05086,0.05109,0.04998,0.0503,4705504,237739.91791
1787569200000,0.0503,0.05149,0.04993,0.05109,2598435,131598.67306
1787572800000,0.05109,0.05131,0.05021,0.05108,2438396,123722.07257
1787576400000,0.05108,0.05109,0.04919,0.04961,6221038,311240.66658
1787580000000,0.04961,0.05084,0.0495,0.05072,3396049,170986.10779
1787583600000,0.05072,0.05142,0.0502,0.05038,2369054,120398.33986
1787587200000,0.05038,0.05083,0.05004,0.05014,1971296,99462.35688
1787590800000,0.05014,0.05015,0.04852,0.04937,5350978,262626.40011
1787594400000,0.04937,0.04952,0.04887,0.04901,1612786,79393.07095
1787598000000,0.04901,0.04953,0.04883,0.04922,786398,38715.21263
1787601600000,0.04922,0.04942,0.04886,0.04937,405727,19936.54185
1787605200000,0.04937,0.04961,0.04926,0.04949,485535,24003.4757
1787608800000,0.04949,0.04988,0.04938,0.04976,648634,32200.32295
1787612400000,0.04976,0.04981,0.04898,0.04979,2654096,131018.79604
1787616000000,0.04979,0.05143,0.04954,0.05136,2287889,115119.04396
1787619600000,0.05136,0.05211,0.05056,0.05176,2929768,150762.60666
1787623200000,0.05176,0.05234,0.05137,0.05149,1554382,80685.25438
1787626800000,0.05149,0.05203,0.0514,0.0517,1158116,59806.09449
1787630400000,0.0517,0.05179,0.05126,0.05148,1398907,72170.73757
1787634000000,0.05148,0.05283,0.05147,0.05191,1920313,100522.11071
1787637600000,0.05191,0.05216,0.05035,0.05059,3714332,190644.91232
1787641200000,0.05059,0.05095,0.04982,0.05016,1380856,69736.72216
1787644800000,0.05016,0.05064,0.04995,0.05027,1275805,64193.52438
1787648400000,0.05027,0.05105,0.05011,0.05047,874187,44171.8036
1787652000000,0.05047,0.05116,0.0503,0.05086,1194285,60734.97262
1787655600000,0.05086,0.05094,0.05048,0.0508,1492694,75718.67829
1787659200000,0.0508,0.05143,0.05055,0.051,2827125,144358.58533
1787662800000,0.051,0.05152,0.05047,0.05114,1718730,87477.4606
1787666400000,0.05114,0.05252,0.051,0.05219,5432933,282564.15249
1787670000000,0.05219,0.05271,0.05197,0.05253,2476528,129627.5802
1787673600000,0.05253,0.05346,0.05178,0.05293,3872243,204245.51498
1787677200000,0.05293,0.05305,0.05202,0.05258,1886837,99073.19242
1787680800000,0.05258,0.05266,0.05128,0.05157,1626529,84284.75067
1787684400000,0.05157,0.05204,0.05084,0.05094,2354996,120706.96294
1787688000000,0.05094,0.05106,0.04981,0.04993,11274230,568269.75886
1787691600000,0.04993,0.05014,0.04916,0.04982,5781135,287811.58806
1787695200000,0.04982,0.05044,0.04978,0.05012,1152950,57750.91391
1787698800000,0.05012,0.05012,0.04951,0.04967,1479918,73692.41102
1787702400000,0.04967,0.05089,0.04961,0.05067,2516062,126536.20462
1787706000000,0.05067,0.05131,0.05059,0.05112,1643791,83711.47846
1787709600000,0.05112,0.05212,0.05068,0.05185,2061758,105956.91121
1787713200000,0.05185,0.05197,0.05102,0.05127,2628265,135376.06739
1787716800000,0.05127,0.0523,0.05114,0.05189,3304841,171732.92748
1787720400000,0.05189,0.05303,0.05166,0.05255,4058743,212295.14096
1787724000000,0.05255,0.0544,0.05254,0.0543,4341881,231435.44304
1787727600000,0.0543,0.0543,0.05306,0.05377,7246063,389420.36202
1787731200000,0.05377,0.05709,0.05351,0.05662,19208193,1067516.959
1787734800000,0.05662,0.05756,0.05481,0.055,32643370,1831054.39398
1787738400000,0.055,0.05507,0.05265,0.05308,23142007,1241670.87629
1787742000000,0.05308,0.05339,0.05221,0.05226,11531175,609058.2091
1787745600000,0.05226,0.05251,0.05098,0.05109,13593146,701985.14309
1787749200000,0.05109,0.05171,0.05055,0.05134,6571512,336054.4204
1787752800000,0.05134,0.05152,0.04964,0.04966,10475858,528171.5592
1787756400000,0.04966,0.0498,0.04898,0.0492,14887266,734205.68636
1787760000000,0.0492,0.04942,0.04814,0.04861,19119304,931236.26871
1787763600000,0.04861,0.0492,0.04845,0.04882,5188078,253973.26661
1787767200000,0.04882,0.04894,0.04827,0.04851,2057353,99911.38055
1787770800000,0.04851,0.04863,0.04788,0.04819,6496877,313446.13197
1787774400000,0.04819,0.04836,0.04767,0.04828,3686262,176839.00603
1787778000000,0.04828,0.04916,0.04822,0.04908,3074437,150209.83634
1787781600000,0.04908,0.04953,0.04899,0.04915,11150206,549699.95734
1787785200000,0.04915,0.05003,0.049,0.04986,5032787,249183.5525
1787788800000,0.04986,0.04987,0.04865,0.04865,4288723,211177.97583
1787792400000,0.04865,0.04869,0.04809,0.04822,3529346,170711.28676
1787796000000,0.04822,0.04838,0.04703,0.04706,4980400,237924.18857
1787799600000,0.04706,0.04786,0.04676,0.04737,3924453,185356.00798
1787803200000,0.04737,0.0476,0.04684,0.04723,2355357,111052.57569
1787806800000,0.04723,0.04786,0.04707,0.04759,1883145,89357.3759
1787810400000,0.04759,0.04763,0.0462,0.04695,4737513,221358.0768
1787814000000,0.04695,0.04793,0.0468,0.0477,4814213,229463.99172
1787817600000,0.0477,0.04963,0.04766,0.04894,14185119,694644.81486
1787821200000,0.04894,0.05049,0.04856,0.05036,11106248,552933.85741
1787824800000,0.05036,0.05099,0.04828,0.04899,9611684,476935.78722
1787828400000,0.04899,0.04985,0.0483,0.04867,6170620,302775.9237
1787832000000,0.04867,0.04885,0.0482,0.04859,2817835,136917.18908
1787835600000,0.04859,0.04911,0.04809,0.04878,2435640,118566.41199
1787839200000,0.04878,0.04938,0.0487,0.04898,2874277,141009.27973
1787842800000,0.04898,0.0502,0.0487,0.04995,5966155,294313.27998
1787846400000,0.04995,0.05069,0.04987,0.05006,5152867,258571.65537
1787850000000,0.05006,0.05104,0.04979,0.05055,4404834,221776.10684
1787853600000,0.05055,0.05069,0.04907,0.04947,7629664,378459.99758
1787857200000,0.04947,0.04948,0.04856,0.04898,4156738,203772.41169
1787860800000,0.04898,0.04947,0.04895,0.04903,857698,42217.29763
1787864400000,0.04903,0.04905,0.0481,0.04818,3373948,163835.2684
1787868000000,0.04818,0.04902,0.04812,0.04879,2217927,107987.15559
1787871600000,0.04879,0.04903,0.04864,0.04901,908372,44366.24653
1787875200000,0.04901,0.04974,0.04893,0.0494,2297306,113254.99861
1787878800000,0.0494,0.04989,0.04893,0.04903,1981826,97774.39248
1787882400000,0.04903,0.0492,0.04821,0.04896,3705501,180420.44042
1787886000000,0.04896,0.0493,0.0485,0.04864,2739873,133750.77737
1787889600000,0.04864,0.04885,0.04814,0.04849,998844,48476.77046
1787893200000,0.04849,0.04878,0.04817,0.04836,955258,46251.61477
1787896800000,0.04836,0.04944,0.04836,0.04926,1671526,81859.29778
1787900400000,0.04926,0.04933,0.04845,0.04851,2446799,119256.88672
1787904000000,0.04851,0.04892,0.04825,0.04831,2385852,115781.95277
1787907600000,0.04831,0.04864,0.04818,0.04835,2804550,135846.96853
1787911200000,0.04835,0.04842,0.04785,0.04831,2907640,139838.40425
1787914800000,0.04831,0.04849,0.04821,0.04821,645616,31193.66081
1787918400000,0.04821,0.04839,0.04745,0.04759,1490963,71240.50813
1787922000000,0.04759,0.04783,0.04725,0.04758,1973735,93789.5337
1787925600000,0.04758,0.04826,0.04665,0.04803,5628740,266551.93996
1787929200000,0.04803,0.04842,0.04691,0.04701,3277806,155848.24879
1787932800000,0.04701,0.0471,0.04572,0.0468,8152294,379267.31211
1787936400000,0.0468,0.04707,0.04665,0.04686,1802515,84440.81525
1787940000000,0.04686,0.04696,0.04601,0.04646,1826389,84871.7538
1787943600000,0.04646,0.04688,0.04641,0.04664,1203094,56121.48856
1787947200000,0.04664,0.04721,0.04659,0.04686,2681247,125962.78522
1787950800000,0.04686,0.04704,0.04639,0.04652,873815,40874.64419
1787954400000,0.04652,0.04718,0.04649,0.04715,527480,24735.05917
1787958000000,0.04715,0.04784,0.04711,0.04766,1350140,64295.48558
1787961600000,0.04766,0.04779,0.04741,0.04741,657214,31313.6681
1787965200000,0.04741,0.04757,0.04728,0.04751,695889,32999.03235
1787968800000,0.04751,0.04783,0.04731,0.04769,609673,29015.96546
1787972400000,0.04769,0.04791,0.04728,0.04731,785708,37442.55497
1787976000000,0.04731,0.04744,0.04724,0.04736,254055,12023.19073
1787979600000,0.04736,0.04762,0.0473,0.04758,306358,14540.76251
1787983200000,0.04758,0.04765,0.04667,0.0468,1476907,69307.21508
1787986800000,0.0468,0.04708,0.04671,0.04675,743067,34875.35681
1787990400000,0.04675,0.04682,0.0465,0.04672,1282799,59858.79799
1787994000000,0.04672,0.04685,0.04661,0.04673,855832,39988.00349
1787997600000,0.04673,0.04704,0.0467,0.04672,491294,23002.70501
1788001200000,0.04672,0.04699,0.04669,0.04692,251210,11779.88878
1788004800000,0.04692,0.04756,0.04692,0.04749,970031,45860.41404
1788008400000,0.04749,0.0478,0.04716,0.04767,662608,31381.79706
1788012000000,0.04767,0.04862,0.04744,0.04849,2488801,119700.53243
1788015600000,0.04849,0.0485,0.04782,0.04788,1030483,49584.71597
1788019200000,0.04788,0.0481,0.04776,0.04784,1142344,54770.2231
1788022800000,0.04784,0.04787,0.04733,0.04783,2134396,101667.37728
1788026400000,0.04783,0.04833,0.04778,0.04806,501743,24071.31413
1788030000000,0.04806,0.04909,0.04804,0.0487,2231778,108136.52594
1788033600000,0.0487,0.04871,0.04792,0.04792,1459539,70348.8006
1788037200000,0.04792,0.04828,0.04791,0.04804,621851,29891.10153
1788040800000,0.04804,0.04821,0.04794,0.04818,258653,12442.22706
1788044400000,0.04818,0.04827,0.04803,0.04822,376758,18136.76597
1788048000000,0.04822,0.04822,0.04776,0.04776,442144,21206.74665
1788051600000,0.04776,0.04782,0.04754,0.04757,762557,36317.73885
1788055200000,0.04757,0.04775,0.0474,0.04764,917001,43628.30125
1788058800000,0.04764,0.04779,0.04749,0.0475,461380,21986.34495
1788062400000,0.0475,0.04769,0.04726,0.0476,913513,43425.28436
1788066000000,0.0476,0.04777,0.04754,0.04775,504762,24057.16132
1788069600000,0.04775,0.04783,0.04749,0.04777,305721,14576.43477
1788073200000,0.04777,0.04777,0.04734,0.04738,423530,20140.61126
1788076800000,0.04738,0.04742,0.04711,0.04736,815237,38553.70601
1788080400000,0.04736,0.0475,0.04665,0.04688,1894802,89298.02791
1788084000000,0.04688,0.04762,0.04684,0.04747,767968,36319.57398
1788087600000,0.04747,0.04757,0.04739,0.04752,686545,32590.96978
1788091200000,0.04752,0.048,0.0475,0.048,983280,46982.97618
1788094800000,0.048,0.05016,0.04794,0.0497,6383063,313110.17381
1788098400000,0.0497,0.04979,0.049,0.04903,3179252,157066.42222
1788102000000,0.04903,0.04915,0.0486,0.04879,887289,43354.07338
1788105600000,0.04879,0.04926,0.04872,0.0491,782103,38330.35503
1788109200000,0.0491,0.04911,0.04843,0.04875,738987,36024.92436
1788112800000,0.04875,0.05004,0.04873,0.04995,2671429,132151.20648
1788116400000,0.04995,0.05032,0.04893,0.04918,6307880,313109.85194
1788120000000,0.04918,0.04954,0.04833,0.04868,5945874,289803.04877
1788123600000,0.04868,0.04875,0.04797,0.04871,1908637,92125.82417
1788127200000,0.04871,0.04891,0.04807,0.04862,708105,34265.26651
1788130800000,0.04862,0.04863,0.04618,0.04705,5662718,267434.03381
1788134400000,0.04705,0.04757,0.04663,0.0471,1628328,76778.83217
1788138000000,0.0471,0.04731,0.04645,0.04646,1679609,78643.62848
1788141600000,0.04646,0.04686,0.04558,0.0462,5700683,263150.92015
1788145200000,0.0462,0.04685,0.04603,0.04668,1437363,66916.64643
1788148800000,0.04668,0.04669,0.04598,0.04618,1952462,90218.95245
1788152400000,0.04618,0.04697,0.04613,0.04693,1109264,51865.18868
1788156000000,0.04693,0.04717,0.04687,0.04714,718093,33755.89167
1788159600000,0.04714,0.04758,0.04711,0.04744,1553713,73508.17217
1788163200000,0.04744,0.04765,0.04709,0.0473,1109421,52543.6268
1788166800000,0.0473,0.04752,0.04719,0.04735,459192,21738.45333
1788170400000,0.04735,0.04791,0.04717,0.04739,783259,37282.6403
1788174000000,0.04739,0.04753,0.04723,0.04727,547081,25927.85269
1788177600000,0.04727,0.04762,0.0462,0.04648,2644119,123420.39399
1788181200000,0.04648,0.04733,0.04648,0.04673,1499313,70258.23829
1788184800000,0.04673,0.04756,0.04672,0.0475,3800345,178974.15516
1788188400000,0.0475,0.04754,0.04681,0.04686,2248935,106030.56121
1788192000000,0.04686,0.04795,0.04666,0.04771,3939080,186554.87057
1788195600000,0.04771,0.04849,0.04768,0.04822,1681922,81011.4198
1788199200000,0.04822,0.04894,0.04802,0.0488,1907903,92674.75803
1788202800000,0.0488,0.04941,0.04874,0.04904,1828526,89725.00529
1788206400000,0.04904,0.04933,0.04888,0.04933,1529358,75052.1074
1788210000000,0.04933,0.0497,0.04887,0.04952,2404114,118744.15446
1788213600000,0.04952,0.04952,0.04892,0.04918,871412,42799.20244
1788217200000,0.04918,0.04956,0.04889,0.04951,1594021,78477.15712
1788220800000,0.04951,0.0504,0.04946,0.05009,4229413,210925.94423
1788224400000,0.05009,0.05063,0.04989,0.04993,2386562,120036.02652
1788228000000,0.04993,0.05062,0.04936,0.05034,1921095,95784.46852
1788231600000,0.05034,0.05084,0.05014,0.0505,2393706,120953.43756
1788235200000,0.0505,0.0511,0.05004,0.05019,3239603,163351.55684
1788238800000,0.05019,0.05043,0.04984,0.05,1527369,76568.31591
1788242400000,0.05,0.05021,0.04966,0.04996,1166219,58278.65394
1788246000000,0.04996,0.05065,0.04993,0.05025,1813915,91316.8235
1788249600000,0.05025,0.05025,0.04836,0.0488,4586385,225353.26458
1788253200000,0.0488,0.04973,0.04868,0.04956,2193542,108232.71074
1788256800000,0.04956,0.05102,0.04933,0.05069,1929160,97058.50373
1788260400000,0.05069,0.05096,0.05026,0.05053,2287187,115829.98213
1788264000000,0.05053,0.05073,0.04994,0.05005,4557523,229554.57179
1788267600000,0.05005,0.05023,0.04958,0.05003,2379359,118829.06255
1788271200000,0.05003,0.05015,0.04982,0.04993,2076614,103771.09629
1788274800000,0.04993,0.05111,0.04969,0.05057,4065905,205047.84947
1788278400000,0.05057,0.05082,0.04992,0.05075,3137855,158098.85631
1788282000000,0.05075,0.05118,0.05032,0.05059,2325676,117902.44085
1788285600000,0.05059,0.05086,0.04922,0.05018,3650795,182335.00495
1788289200000,0.05018,0.0508,0.04985,0.05058,2155062,108283.17008
1788292800000,0.05058,0.05107,0.05029,0.05098,1783125,90362.24792
1788296400000,0.05098,0.05143,0.05021,0.0514,3397189,173191.78573
1788300000000,0.0514,0.05208,0.05124,0.05185,4281571,221421.4617
1788303600000,0.05185,0.05228,0.05153,0.05209,1473063,76604.96126
1788307200000,0.05209,0.0539,0.05161,0.05377,5684072,301629.05215
1788310800000,0.05377,0.05425,0.05209,0.05239,6706969,357796.33287
1788314400000,0.05239,0.05288,0.05199,0.05273,2943122,154508.45179
1788318000000,0.05273,0.05474,0.05256,0.05435,3292634,177744.53104
1788321600000,0.05435,0.05611,0.05409,0.05599,4580460,253541.89302
1788325200000,0.05599,0.056,0.05486,0.05586,4058925,224729.07188
1788328800000,0.05586,0.05628,0.05479,0.05488,4748757,263242.66715
1788332400000,0.05488,0.05579,0.05472,0.05504,2993610,165077.93392
1788336000000,0.05504,0.05522,0.05453,0.05477,4354809,238625.80097
1788339600000,0.05477,0.05488,0.05376,0.05423,7130070,387176.9538
1788343200000,0.05423,0.05447,0.05336,0.05415,4668281,251521.32549
1788346800000,0.05415,0.05443,0.05371,0.05422,3102746,167793.35841
1788350400000,0.05422,0.05488,0.05359,0.05389,3955509,215002.8808
1788354000000,0.05389,0.05582,0.05389,0.05541,3774367,206930.15898
1788357600000,0.05541,0.05749,0.05517,0.05714,14229119,809479.9509
1788361200000,0.05714,0.05904,0.05628,0.05887,18377366,1058437.06743
1788364800000,0.05887,0.0593,0.05805,0.05824,10888824,637497.41788
1788368400000,0.05824,0.05845,0.05709,0.058,7950162,458684.81064
1788372000000,0.058,0.05834,0.05758,0.05775,2850276,165120.75158
1788375600000,0.05775,0.05818,0.05738,0.05799,2657217,153559.20263
1788379200000,0.05799,0.05827,0.05756,0.05791,3236077,187564.3587
1788382800000,0.05791,0.05811,0.05707,0.05782,3676781,211999.73221
1788386400000,0.05782,0.05786,0.05675,0.05691,2883066,164717.37271
1788390000000,0.05691,0.05748,0.05671,0.05731,1624638,92799.28472
1788393600000,0.05731,0.05749,0.0563,0.05642,2299246,130424.00505
1788397200000,0.05642,0.05818,0.05638,0.05787,4381352,252120.0333
1788400800000,0.05787,0.05924,0.05771,0.0591,5156445,301264.10037
1788404400000,0.0591,0.05936,0.05836,0.05858,4934352,290568.77137
1788408000000,0.05858,0.0597,0.05751,0.0579,7313196,426855.24892
1788411600000,0.0579,0.0579,0.05667,0.05718,6065043,346680.38233
1788415200000,0.05718,0.05762,0.05679,0.05753,2642757,151342.02247
1788418800000,0.05753,0.05792,0.05661,0.05706,2290923,130743.32489
1788422400000,0.05706,0.05755,0.05698,0.05723,2355605,134961.47812
1788426000000,0.05723,0.05843,0.05722,0.05761,3182665,184294.38436
1788429600000,0.05761,0.05804,0.05736,0.05775,3619252,208749.69959
1788433200000,0.05775,0.05842,0.05759,0.05783,3624763,209985.04266
1788436800000,0.05783,0.05851,0.05761,0.05816,2156311,125293.11982
1788440400000,0.05816,0.05823,0.05649,0.0567,3668466,210304.68243
1788444000000,0.0567,0.05762,0.05654,0.05728,8965704,512267.06033
1788447600000,0.05728,0.05786,0.05677,0.05752,10508547,601684.80299
1788451200000,0.05752,0.05753,0.0559,0.05599,10663490,601087.61157
1788454800000,0.05599,0.0563,0.05567,0.05599,4779637,267616.48825
1788458400000,0.05599,0.05614,0.05563,0.05605,4274464,239087.25546
1788462000000,0.05605,0.05645,0.05587,0.05605,5245831,294022.41377
1788465600000,0.05605,0.05608,0.05555,0.05582,4491289,251008.45257
1788469200000,0.05582,0.05648,0.0557,0.05586,3839375,215362.61492
1788472800000,0.05586,0.05594,0.05503,0.05547,5250424,291087.07038
1788476400000,0.05547,0.05579,0.05531,0.05556,2445458,135765.7079
1788480000000,0.05556,0.05557,0.05483,0.05485,3291787,181428.82546
1788483600000,0.05485,0.05498,0.05339,0.05432,11690567,631566.78327
1788487200000,0.05432,0.05435,0.05204,0.05325,11891136,628125.29736
1788490800000,0.05325,0.05419,0.05314,0.054,3726383,199987.81051
1788494400000,0.054,0.05522,0.05367,0.05468,11596668,632222.42242
1788498000000,0.05468,0.05511,0.05407,0.05412,2803545,153043.3417
1788501600000,0.05412,0.05438,0.05386,0.05411,1575408,85258.73925
1788505200000,0.05411,0.05533,0.05411,0.0552,3116532,171103.8461
1788508800000,0.0552,0.05584,0.05507,0.05529,3288890,182215.25476
1788512400000,0.05529,0.05546,0.05432,0.05434,2630778,144526.5151
1788516000000,0.05434,0.05502,0.0542,0.05478,3261983,178081.21869
1788519600000,0.05478,0.05523,0.05469,0.0547,1848728,101504.77507
1788523200000,0.0547,0.05492,0.05282,0.0533,9863438,527731.5797
1788526800000,0.0533,0.05388,0.0529,0.05357,2746064,146328.91561
1788530400000,0.05357,0.05366,0.05255,0.05274,2673999,142046.83414
1788534000000,0.05274,0.05419,0.05261,0.05385,1839855,98467.40468
1788537600000,0.05385,0.05467,0.05359,0.05442,2364340,127908.99883
1788541200000,0.05442,0.05448,0.05376,0.05387,1201380,64986.74287
1788544800000,0.05387,0.05495,0.05387,0.0548,846517,46199.70163
1788548400000,0.0548,0.055,0.05446,0.05477,2231386,122235.91951
1788552000000,0.05477,0.0553,0.05447,0.05525,3236589,177395.29992
1788555600000,0.05525,0.05543,0.05463,0.05466,1790071,98465.3709
1788559200000,0.05466,0.05495,0.05441,0.05444,583310,31870.84517
1788562800000,0.05444,0.05464,0.05436,0.05439,628685,34253.97011
1788566400000,0.05439,0.0548,0.05397,0.05411,2714724,147081.01837
1788570000000,0.05411,0.0544,0.05391,0.05399,822383,44549.1463
1788573600000,0.05399,0.05403,0.05364,0.05388,1028394,55371.60052
1788577200000,0.05388,0.05407,0.05367,0.05387,1000681,53911.16366
1788580800000,0.05387,0.05398,0.05327,0.05334,1269660,68025.13759
1788584400000,0.05334,0.05357,0.05317,0.05344,1427870,76247.79662
1788588000000,0.05344,0.0538,0.0534,0.05372,1111373,59629.456
1788591600000,0.05372,0.05377,0.05352,0.05353,1012180,54325.68383
1788595200000,0.05353,0.05386,0.05335,0.05355,851777,45618.14475
1788598800000,0.05355,0.05394,0.05353,0.05389,640037,34420.17106
1788602400000,0.05389,0.05425,0.05363,0.0542,1678058,90417.23774
1788606000000,0.0542,0.05456,0.05383,0.05428,1147371,62228.85982
1788609600000,0.05428,0.05547,0.05417,0.05507,2751684,150986.70201
1788613200000,0.05507,0.05513,0.05464,0.05487,1542053,84681.18347
1788616800000,0.05487,0.05494,0.05457,0.05482,859221,47051.39428
1788620400000,0.05482,0.05496,0.05435,0.05455,1470301,80248.87341
1788624000000,0.05455,0.0548,0.05444,0.05461,520775,28432.54523
1788627600000,0.05461,0.05504,0.05458,0.05497,686156,37645.80047
1788631200000,0.05497,0.0552,0.05475,0.05494,1277621,70215.1883
1788634800000,0.05494,0.05539,0.05462,0.05468,1888938,103871.33374
1788638400000,0.05468,0.05518,0.05466,0.05472,2835063,155808.69222
1788642000000,0.05472,0.05532,0.05472,0.05492,1958687,107785.83011
1788645600000,0.05492,0.05502,0.05434,0.05481,2405407,131485.6446
1788649200000,0.05481,0.05525,0.0547,0.05513,1203055,66123.28762
1788652800000,0.05513,0.05641,0.0551,0.05528,3139751,174685.72041
1788656400000,0.05528,0.05606,0.05481,0.0549,4537698,251179.21723
1788660000000,0.0549,0.05513,0.05417,0.05446,3305212,181008.58955
1788663600000,0.05446,0.05667,0.05446,0.05661,2958670,165025.39411
1788667200000,0.05661,0.05708,0.05568,0.05571,3555293,200255.82422
1788670800000,0.05571,0.05589,0.05538,0.05555,1635139,90941.22076
1788674400000,0.05555,0.05557,0.05483,0.05512,3045471,168222.40632
1788678000000,0.05512,0.05535,0.05441,0.05514,2436166,133664.21588
1788681600000,0.05514,0.0552,0.05472,0.05482,1231614,67749.86754
1788685200000,0.05482,0.05534,0.05468,0.05496,1647791,90613.40371
1788688800000,0.05496,0.05517,0.05488,0.05508,1031988,56779.5416
1788692400000,0.05508,0.05589,0.055,0.05566,2277980,126607.48157
1788696000000,0.05566,0.05614,0.05547,0.05553,1795279,100109.00871
1788699600000,0.05553,0.05568,0.05467,0.0551,3324954,183153.25761
1788703200000,0.0551,0.05515,0.05377,0.05432,5442103,295454.89291
1788706800000,0.05432,0.05454,0.05393,0.05437,1370861,74408.35729
1788710400000,0.05437,0.0547,0.05409,0.05459,1160995,63139.28056
1788714000000,0.05459,0.05475,0.05369,0.05412,4540892,246225.5723
1788717600000,0.05412,0.05526,0.05405,0.055,2231220,122296.42701
1788721200000,0.055,0.05511,0.05431,0.05437,1328008,72477.6263
1788724800000,0.05437,0.05541,0.05426,0.05501,2383897,131075.27192
1788728400000,0.05501,0.05594,0.05491,0.05579,2687083,149019.06923
1788732000000,0.05579,0.05586,0.05491,0.05534,2842318,157301.7814
1788735600000,0.05534,0.05686,0.05527,0.05618,3478867,195742.42788
1788739200000,0.05618,0.0575,0.05602,0.05664,5096642,290232.34271
1788742800000,0.05664,0.05702,0.05606,0.05622,3461394,195548.82373
1788746400000,0.05622,0.05729,0.0558,0.05613,2388939,135016.56399
1788750000000,0.05613,0.05629,0.05479,0.05486,3065041,170039.86143
1788753600000,0.05486,0.05521,0.05478,0.05493,1199928,65986.08393
1788757200000,0.05493,0.05563,0.05493,0.05537,2940861,162606.34947
1788760800000,0.05537,0.05562,0.05489,0.0552,3180332,175566.70189
1788764400000,0.0552,0.0553,0.05431,0.05495,3211883,176278.24532
1788768000000,0.05495,0.05547,0.05479,0.055,2061468,113526.46924
1788771600000,0.055,0.05603,0.05493,0.05526,1964681,109168.7248
1788775200000,0.05526,0.05603,0.05526,0.05578,1401313,78096.33749
1788778800000,0.05578,0.05589,0.05543,0.0558,1059959,59004.68869
1788782400000,0.0558,0.05663,0.05575,0.05646,2079479,117038.6433
1788786000000,0.05646,0.0567,0.0557,0.05578,1391322,78118.09209
1788789600000,0.05578,0.05585,0.05515,0.05562,2655729,147151.01475
1788793200000,0.05562,0.05565,0.05393,0.05411,5427632,296633.86417
1788796800000,0.05411,0.05464,0.05405,0.05451,3074677,167289.92532
1788800400000,0.05451,0.05492,0.05451,0.0547,1191730,65229.92467
1788804000000,0.0547,0.05482,0.05434,0.05453,1587952,86692.91392
1788807600000,0.05453,0.05481,0.0544,0.05473,280578,15307.87665
1788811200000,0.05473,0.05487,0.05437,0.05464,1526294,83400.43848
1788814800000,0.05464,0.05475,0.05438,0.05442,471890,25730.38284
1788818400000,0.05442,0.05442,0.05346,0.05382,2594879,139679.52609
1788822000000,0.05382,0.05419,0.05368,0.05404,1814891,98016.53937
1788825600000,0.05404,0.05428,0.05373,0.05426,1405490,75898.29172
1788829200000,0.05426,0.05444,0.05389,0.05416,1795241,97158.68406
1788832800000,0.05416,0.05436,0.05324,0.05331,2631994,141294.37926
1788836400000,0.05331,0.05406,0.05327,0.05396,1591049,85282.93777
1788840000000,0.05396,0.054,0.05368,0.05368,366086,19711.5527
1788843600000,0.05368,0.05422,0.05356,0.0539,1662973,89549.5497
1788847200000,0.0539,0.05401,0.05347,0.05356,1564587,84070.78647
1788850800000,0.05356,0.05408,0.05349,0.05371,1055917,56774.51647
1788854400000,0.05371,0.05372,0.05321,0.05354,1870051,99988.96978
1788858000000,0.05354,0.05455,0.05354,0.05436,1607855,86850.07071
1788861600000,0.05436,0.05455,0.05376,0.05392,1765173,95422.25904
1788865200000,0.05392,0.05398,0.05332,0.05345,916185,49118.78012
1788868800000,0.05345,0.05406,0.05312,0.05396,1692362,90645.04879
1788872400000,0.05396,0.05413,0.05273,0.05285,4638798,246723.69566
1788876000000,0.05285,0.05389,0.05273,0.05372,1826085,97694.67341
1788879600000,0.05372,0.05458,0.05361,0.05456,1404337,75957.74025
1788883200000,0.05456,0.05471,0.0538,0.05438,2040587,110933.78541
1788886800000,0.05438,0.05449,0.05365,0.05367,791971,42761.8932
1788890400000,0.05367,0.05408,0.05305,0.05319,891805,47716.84276
1788894000000,0.05319,0.05368,0.05311,0.0535,1185880,63423.58144
1788897600000,0.0535,0.05399,0.05333,0.05348,897643,48136.52373
1788901200000,0.05348,0.05368,0.05307,0.05312,634802,33852.19693
1788904800000,0.05312,0.05347,0.05312,0.05347,1387360,73950.543
1788908400000,0.05347,0.0535,0.05328,0.05333,427798,22838.9476
1788912000000,0.05333,0.05371,0.0533,0.05352,785855,42078.96803
1788915600000,0.05352,0.05409,0.05337,0.05387,1300181,69953.74105
1788919200000,0.05387,0.05396,0.05343,0.05354,934819,50207.4952
1788922800000,0.05354,0.05365,0.05301,0.05318,1526988,81302.82612
1788926400000,0.05318,0.05419,0.05315,0.05404,1353682,72649.88971
1788930000000,0.05404,0.0545,0.05389,0.05431,834340,45238.47198
1788933600000,0.05431,0.05532,0.05421,0.05475,4500177,246786.76149
1788937200000,0.05475,0.05501,0.05448,0.05462,729831,39919.12902
1788940800000,0.05462,0.05545,0.05462,0.05503,4907234,270759.19213
1788944400000,0.05503,0.05508,0.05434,0.05434,1925632,105486.05349
1788948000000,0.05434,0.0547,0.05412,0.05442,1883535,102297.47667
1788951600000,0.05442,0.05472,0.05389,0.05469,987803,53588.05361
1788955200000,0.05469,0.05534,0.05459,0.05508,1607350,88336.54149
1788958800000,0.05508,0.05596,0.05486,0.05528,10560718,585394.23013
1788962400000,0.05528,0.05645,0.05501,0.05566,6722863,374929.25096
1788966000000,0.05566,0.05658,0.05452,0.05653,11781512,652261.25493
1788969600000,0.05653,0.05664,0.05568,0.056,4612597,258665.05504
1788973200000,0.056,0.05698,0.05592,0.0561,4599435,260155.37857
1788976800000,0.0561,0.05626,0.05552,0.05564,1364663,76156.15231
1788980400000,0.05564,0.05568,0.05304,0.05307,8431573,457590.07317
1788984000000,0.05307,0.05382,0.05287,0.05377,3178828,169553.81457
1788987600000,0.05377,0.05441,0.0525,0.0527,5007343,267819.87165
1788991200000,0.0527,0.05279,0.05105,0.0514,7436042,384335.4682
1788994800000,0.0514,0.0522,0.05134,0.05204,1566376,81373.16127
1788998400000,0.05204,0.05224,0.05177,0.052,2452006,127489.576
1789002000000,0.052,0.05245,0.05161,0.05188,1857174,96549.28014
1789005600000,0.05188,0.05223,0.05163,0.05221,757682,39355.8084
1789009200000,0.05221,0.05229,0.05173,0.05186,1382440,71929.71179
1789012800000,0.05186,0.05229,0.05182,0.05216,974866,50735.90706
1789016400000,0.05216,0.05311,0.0519,0.05284,2628889,138318.49261
1789020000000,0.05284,0.05297,0.05227,0.05296,2540956,133765.51591
1789023600000,0.05296,0.05296,0.05186,0.05198,1901057,99229.87241
1789027200000,0.05198,0.05205,0.05163,0.05175,2126229,110223.02476
1789030800000,0.05175,0.05202,0.05137,0.0515,1990101,102830.00552
1789034400000,0.0515,0.05184,0.05128,0.05148,1767849,91182.07667
1789038000000,0.05148,0.05206,0.05133,0.05184,1281573,66403.04891
1789041600000,0.05184,0.05205,0.05059,0.05098,5301901,271956.68998
1789045200000,0.05098,0.05184,0.05098,0.05172,1700488,87533.14285
1789048800000,0.05172,0.05282,0.0512,0.05224,2711447,141483.22892
1789052400000,0.05224,0.05231,0.05175,0.05206,1205798,62728.93943
1789056000000,0.05206,0.05212,0.05049,0.05125,2582446,131522.56502
1789059600000,0.05125,0.05196,0.05118,0.05149,1584629,81750.24114
1789063200000,0.05149,0.05166,0.05119,0.05166,374242,19219.73689
1789066800000,0.05166,0.05166,0.05119,0.05125,758719,39040.36844
1789070400000,0.05125,0.05185,0.05117,0.05184,420494,21683.32891
1789074000000,0.05184,0.05243,0.05176,0.0518,2012329,104659.33806
1789077600000,0.0518,0.05225,0.05169,0.05171,1106343,57444.95185
1789081200000,0.05171,0.0519,0.05094,0.05094,2028887,104206.0337
1789084800000,0.05094,0.05147,0.05094,0.05147,1735933,88800.288
1789088400000,0.05147,0.05177,0.05111,0.05123,1056327,54376.85143
1789092000000,0.05123,0.05137,0.05072,0.05092,478114,24399.31264
1789095600000,0.05092,0.05108,0.05069,0.051,1295344,65843.04424
1789099200000,0.051,0.05177,0.05081,0.05144,1514706,77681.52626
1789102800000,0.05144,0.05174,0.05123,0.05172,547800,28202.95463
1789106400000,0.05172,0.05172,0.05132,0.05141,983800,50716.52934
1789110000000,0.05141,0.05183,0.05139,0.05156,771890,39865.72268
1789113600000,0.05156,0.05197,0.05137,0.05156,989450,51132.62594
1789117200000,0.05156,0.05158,0.05088,0.05091,952896,48747.51066
1789120800000,0.05091,0.05126,0.05022,0.05033,2707691,137015.07454
1789124400000,0.05033,0.05075,0.0499,0.05068,3480929,174824.00323
1789128000000,0.05068,0.0523,0.0499,0.0522,6454553,331168.19789
1789131600000,0.0522,0.05348,0.05142,0.05342,7683511,402977.36201
1789135200000,0.05342,0.05387,0.0526,0.05322,5216475,277837.32711
1789138800000,0.05322,0.05419,0.05228,0.0525,5250568,279127.60526
1789142400000,0.0525,0.05304,0.05223,0.05288,2153722,113389.83427
1789146000000,0.05288,0.05303,0.05186,0.05196,1118417,58475.20653
1789149600000,0.05196,0.05201,0.05072,0.05088,3432527,175816.55494
1789153200000,0.05088,0.0513,0.05069,0.05109,2755268,140483.83858
1789156800000,0.05109,0.05128,0.05067,0.05095,2139517,109134.96046
1789160400000,0.05095,0.05136,0.05033,0.05034,2328611,118732.34515
1789164000000,0.05034,0.05074,0.05009,0.05036,1222552,61669.10868
1789167600000,0.05036,0.05086,0.05029,0.05085,546165,27616.1923
1789171200000,0.05085,0.0511,0.05067,0.05104,592559,30173.3329
1789174800000,0.05104,0.05138,0.05097,0.05138,1002266,51230.84771
1789178400000,0.05138,0.05168,0.05124,0.05163,1819514,93680.10368
1789182000000,0.05163,0.05219,0.05153,0.05199,1521746,78896.06023
1789185600000,0.05199,0.05263,0.05199,0.05242,1356377,71019.10834
1789189200000,0.05242,0.05244,0.05195,0.05203,721618,37674.95732
1789192800000,0.05203,0.05247,0.05189,0.05208,840251,43852.112
1789196400000,0.05208,0.05263,0.05202,0.05241,552412,28942.88408
1789200000000,0.05241,0.05296,0.05225,0.05281,1136240,59844.30868
1789203600000,0.05281,0.05303,0.05247,0.05277,1667999,87909.97951
1789207200000,0.05277,0.0532,0.05276,0.05293,895900,47481.05146
1789210800000,0.05293,0.05369,0.05288,0.05337,1448382,77316.99996
1789214400000,0.05337,0.05349,0.05296,0.05312,1507659,80198.48398
1789218000000,0.05312,0.05376,0.05295,0.05376,1325325,70664.02517
1789221600000,0.05376,0.05483,0.05338,0.0547,3327864,180207.99391
1789225200000,0.0547,0.0551,0.05416,0.05435,4614208,252164.96188
1789228800000,0.05435,0.05492,0.05426,0.05442,3071501,167722.00455
1789232400000,0.05442,0.05529,0.05418,0.0552,2751828,150343.79877
1789236000000,0.0552,0.05571,0.05456,0.0554,2613721,143881.84078
1789239600000,0.0554,0.05585,0.05481,0.05519,3530351,195553.16572
1789243200000,0.05519,0.05576,0.05505,0.05526,2078719,115128.84493
1789246800000,0.05526,0.0555,0.05467,0.05476,1872362,103141.14148
1789250400000,0.05476,0.05536,0.05452,0.05491,2996842,164633.54839
1789254000000,0.05491,0.05517,0.05476,0.05491,1315242,72273.42825
1789257600000,0.05491,0.055,0.05429,0.05434,2069684,113022.97512
1789261200000,0.05434,0.05535,0.05427,0.0548,2430452,133190.24538
1789264800000,0.0548,0.0551,0.05468,0.05474,822401,45142.33116
1789268400000,0.05474,0.05559,0.05472,0.05493,1872725,103128.63834
1789272000000,0.05493,0.05516,0.05468,0.05496,900451,49446.1608
1789275600000,0.05496,0.05541,0.05483,0.0553,1518940,83793.46276
1789279200000,0.0553,0.05543,0.05453,0.05462,1547253,84864.93446
1789282800000,0.05462,0.05493,0.05404,0.05409,2782018,151167.99641
1789286400000,0.05409,0.05437,0.05347,0.05355,2894625,155783.74603
1789290000000,0.05355,0.0539,0.05329,0.0538,2154886,115627.31969
1789293600000,0.0538,0.0538,0.05329,0.05332,733583,39279.26864
1789297200000,0.05332,0.05404,0.05332,0.05398,2087112,112221.30595
1789300800000,0.05398,0.05494,0.05376,0.05476,3652799,198896.25064
1789304400000,0.05476,0.05526,0.05455,0.05514,1817311,99736.18944
1789308000000,0.05514,0.05569,0.055,0.05533,2704551,149662.05565
1789311600000,0.05533,0.05537,0.05476,0.05477,1651046,90763.31255
1789315200000,0.05477,0.05636,0.05475,0.05634,2686388,149900.21563
1789318800000,0.05634,0.05663,0.05586,0.05655,3246372,182287.03851
1789322400000,0.05655,0.0574,0.05652,0.05703,5291678,301378.93758
1789326000000,0.05703,0.05728,0.05658,0.05671,2341082,133279.58365
1789329600000,0.05671,0.05738,0.05667,0.05736,1004999,57264.65707
1789333200000,0.05736,0.05782,0.05692,0.05706,1922530,110487.35014
1789336800000,0.05706,0.05706,0.05536,0.05605,3703566,206849.04271
1789340400000,0.05605,0.05654,0.05595,0.05624,1015582,57079.78911
1789344000000,0.05624,0.05682,0.05572,0.05647,1824474,102774.63986
1789347600000,0.05647,0.0576,0.05609,0.05752,2600819,147379.47355
1789351200000,0.05752,0.05796,0.05706,0.05739,4650308,267558.30138
1789354800000,0.05739,0.05798,0.05662,0.05742,3397147,194252.08383
1789358400000,0.05742,0.0584,0.05698,0.05809,2105989,121609.28389
1789362000000,0.05809,0.05818,0.05735,0.05752,1580453,91399.47194
1789365600000,0.05752,0.0579,0.05723,0.05749,1145259,65926.82279
1789369200000,0.05749,0.05753,0.05652,0.05669,1948534,110957.44343
1789372800000,0.05669,0.05672,0.05598,0.05601,1998456,112473.21851
1789376400000,0.05601,0.0562,0.05526,0.05594,5959214,331880.14438
1789380000000,0.05594,0.05604,0.05559,0.05576,1891146,105557.82843
1789383600000,0.05576,0.05604,0.0554,0.05544,3054791,170381.99258
1789387200000,0.05544,0.05557,0.05473,0.05477,4939366,272636.10787
1789390800000,0.05477,0.0555,0.05429,0.0549,5508859,301776.46416
1789394400000,0.0549,0.05535,0.05475,0.05496,1595412,87841.72505
1789398000000,0.05496,0.05537,0.05473,0.05516,1342721,73959.84978
1789401600000,0.05516,0.05604,0.05502,0.05574,3306118,183977.09694
1789405200000,0.05574,0.05679,0.05568,0.05649,3021385,170197.11241
1789408800000,0.05649,0.05667,0.05616,0.05621,1328616,74896.09492
1789412400000,0.05621,0.05634,0.0557,0.05576,2544766,142242.09641
1789416000000,0.05576,0.05648,0.05575,0.05648,1741236,97960.9242
1789419600000,0.05648,0.05651,0.05584,0.05607,656448,36860.93559
1789423200000,0.05607,0.05612,0.05559,0.0558,1261596,70411.62573
1789426800000,0.0558,0.05613,0.05566,0.05603,491729,27495.03636
1789430400000,0.05603,0.05627,0.05575,0.05584,1485911,83246.89438
1789434000000,0.05584,0.05649,0.0557,0.05639,650564,36588.24499
1789437600000,0.05639,0.05713,0.05625,0.05651,1740890,98613.09392
1789441200000,0.05651,0.05656,0.05586,0.05623,1023616,57521.80525
1789444800000,0.05623,0.05627,0.05509,0.05541,2416809,134043.5641
1789448400000,0.05541,0.05545,0.05469,0.05516,1328425,73067.90587
1789452000000,0.05516,0.05528,0.05486,0.05496,534671,29446.6823
1789455600000,0.05496,0.05516,0.05429,0.05442,1700396,93250.83609
1789459200000,0.05442,0.05457,0.05416,0.05445,1895739,102944.38217
1789462800000,0.05445,0.05449,0.05415,0.05424,866677,47077.77898
1789466400000,0.05424,0.05433,0.05389,0.05401,1069394,57782.66258
1789470000000,0.05401,0.05416,0.05349,0.0538,1358297,72882.40667
1789473600000,0.0538,0.05436,0.05362,0.05402,1404932,75724.35494
1789477200000,0.05402,0.05448,0.05351,0.05395,1626833,87771.92953
1789480800000,0.05395,0.05413,0.05266,0.05306,4579789,244436.33244
1789484400000,0.05306,0.05408,0.05303,0.05366,1802370,96727.59279
1789488000000,0.05366,0.05495,0.05337,0.05468,3010478,163750.88702
1789491600000,0.05468,0.05493,0.05372,0.05423,4227465,229647.9117
1789495200000,0.05423,0.05442,0.05141,0.05277,4620407,243035.50699
1789498800000,0.05277,0.05352,0.05252,0.05339,1926171,102063.82468
1789502400000,0.05339,0.05357,0.0521,0.05278,3621482,190535.31221
1789506000000,0.05278,0.05298,0.05216,0.05233,1065653,56086.24769
1789509600000,0.05233,0.05268,0.05227,0.05255,753806,39551.52662
1789513200000,0.05255,0.05343,0.05254,0.0527,3375316,178525.26309
1789516800000,0.0527,0.05324,0.0527,0.05299,2568123,136065.83835
1789520400000,0.05299,0.05307,0.05213,0.05218,2144373,112459.60476
1789524000000,0.05218,0.05319,0.05218,0.05286,1291031,67864.14777
1789527600000,0.05286,0.05325,0.05272,0.05319,875692,46426.82488
1789531200000,0.05319,0.05412,0.05304,0.05363,2137651,114920.0248
1789534800000,0.05363,0.0537,0.05303,0.05311,686034,36550.44435
1789538400000,0.05311,0.05338,0.05284,0.05335,535292,28434.12936
1789542000000,0.05335,0.05358,0.05268,0.05272,861785,45790.86553
1789545600000,0.05272,0.05272,0.05223,0.05247,1153747,60512.78224
1789549200000,0.05247,0.05277,0.05234,0.05272,930753,48904.21073
1789552800000,0.05272,0.05275,0.05214,0.0522,726361,38071.45374
1789556400000,0.0522,0.05272,0.0521,0.05244,974611,50984.98326
1789560000000,0.05244,0.05338,0.05226,0.05301,2038310,107631.55892
1789563600000,0.05301,0.05305,0.05247,0.05254,1568058,82654.68767
1789567200000,0.05254,0.05262,0.05171,0.05182,2323297,120855.81427
1789570800000,0.05182,0.05221,0.05175,0.05186,1470286,76403.23868
1789574400000,0.05186,0.05231,0.05183,0.05197,1061857,55275.2995
1789578000000,0.05197,0.05209,0.05109,0.05168,2075399,107081.95729
1789581600000,0.05168,0.05323,0.05137,0.0522,4724227,247751.56102
1789585200000,0.0522,0.05282,0.05143,0.0523,2146570,111790.67913
1789588800000,0.0523,0.05271,0.05192,0.0527,3786977,198396.45219
1789592400000,0.0527,0.05272,0.05214,0.05227,815505,42702.89285
1789596000000,0.05227,0.05227,0.05173,0.05179,1230359,63962.53828
1789599600000,0.05179,0.05302,0.05168,0.05276,2244912,118193.07446
1789603200000,0.05276,0.05318,0.05276,0.0528,1558551,82593.92471
1789606800000,0.0528,0.05419,0.05266,0.05392,3025843,162695.5263
1789610400000,0.05392,0.05409,0.05311,0.05382,3199128,171531.76628
1789614000000,0.05382,0.05459,0.05373,0.05411,2248819,121706.50486
1789617600000,0.05411,0.05468,0.05299,0.05443,3351108,180480.19228
1789621200000,0.05443,0.05505,0.054,0.05427,3148935,171740.51416
1789624800000,0.05427,0.05446,0.05417,0.05417,1394583,75771.04217
1789628400000,0.05417,0.05453,0.05395,0.05397,1541878,83512.22564
1789632000000,0.05397,0.05433,0.05365,0.05423,2341415,126473.29176
1789635600000,0.05423,0.05445,0.0541,0.05411,754128,40896.20717
1789639200000,0.05411,0.05411,0.05354,0.05372,3110022,167441.19599
1789642800000,0.05372,0.054,0.05369,0.05392,595663,32067.06151
1789646400000,0.05392,0.05422,0.05371,0.054,1441126,77810.69157
1789650000000,0.054,0.05465,0.05386,0.05451,2696951,146571.60263
1789653600000,0.05451,0.05546,0.05443,0.05485,2653085,146036.27191
1789657200000,0.05485,0.05584,0.05454,0.05583,3148163,173420.12383
1789660800000,0.05583,0.05696,0.05552,0.05696,3987770,223863.67221
1789664400000,0.05696,0.05728,0.05647,0.05675,3442658,195828.68117
1789668000000,0.05675,0.05743,0.0562,0.05635,2726924,154431.63714
1789671600000,0.05635,0.05642,0.05558,0.0557,1545154,86377.65948
1789675200000,0.0557,0.05601,0.05561,0.05577,978269,54589.80468
1789678800000,0.05577,0.05589,0.05545,0.05558,1101523,61349.67402
1789682400000,0.05558,0.056,0.05533,0.05573,2029933,112827.18224
1789686000000,0.05573,0.05632,0.05566,0.05615,784089,43963.41987
1789689600000,0.05615,0.057,0.05608,0.05688,1490332,84308.70371
1789693200000,0.05688,0.05753,0.05663,0.05745,1499695,85572.27055
1789696800000,0.05745,0.05831,0.05735,0.05767,3661871,211593.6587
1789700400000,0.05767,0.05979,0.05765,0.05953,3350777,196845.07394
1789704000000,0.05953,0.06079,0.05933,0.06046,6475323,388344.88966
1789707600000,0.06046,0.06059,0.05948,0.05957,2371420,142375.54825
1789711200000,0.05957,0.06015,0.05952,0.05959,1149266,68787.03148
1789714800000,0.05959,0.06018,0.05952,0.05997,1413152,84555.81943
1789718400000,0.05997,0.06089,0.05947,0.06071,3867732,232490.4943
1789722000000,0.06071,0.06088,0.0601,0.0603,3968296,240091.98881
1789725600000,0.0603,0.06033,0.05941,0.05944,1875824,112337.44889
1789729200000,0.05944,0.05951,0.05818,0.0586,4156959,244134.76438
1789732800000,0.0586,0.05914,0.05838,0.05912,1944137,114269.23608
1789736400000,0.05912,0.05942,0.05862,0.05908,5604755,331105.20798
1789740000000,0.05908,0.06054,0.05906,0.06049,3334303,199090.63475
1789743600000,0.06049,0.06064,0.05935,0.06019,5763065,345531.62307
1789747200000,0.06019,0.06077,0.0597,0.05987,2340477,140829.42053
1789750800000,0.05987,0.06004,0.05941,0.05953,2503880,149319.40627
1789754400000,0.05953,0.05983,0.05912,0.05982,3905557,232297.6715
1789758000000,0.05982,0.06034,0.05975,0.0602,1867639,112117.51923
1789761600000,0.0602,0.06034,0.05972,0.06034,2434847,146008.24673
1789765200000,0.06034,0.06097,0.05994,0.06052,2466703,149578.51889
1789768800000,0.06052,0.06065,0.05992,0.06001,960016,57813.62983
1789772400000,0.06001,0.06017,0.05986,0.06013,640016,38425.0743
1789776000000,0.06013,0.06038,0.05973,0.0598,2459435,147436.02337
1789779600000,0.0598,0.06045,0.05958,0.06045,1477102,88772.55296
1789783200000,0.06045,0.06174,0.06043,0.06153,3720355,226990.5316
1789786800000,0.06153,0.06163,0.06083,0.06145,3463627,212241.47643
1789790400000,0.06145,0.06198,0.06045,0.06047,4254973,260409.25654
1789794000000,0.06047,0.06095,0.06005,0.06019,1502880,90839.77718
1789797600000,0.06019,0.0603,0.05906,0.06018,4257254,253941.08403
1789801200000,0.06018,0.06026,0.05924,0.05936,975525,58278.19512
1789804800000,0.05936,0.06024,0.05931,0.06002,795486,47739.75294
1789808400000,0.06002,0.06017,0.05969,0.06001,1024804,61355.96161
1789812000000,0.06001,0.06028,0.0598,0.05987,1080161,64949.88218
1789815600000,0.05987,0.06107,0.05987,0.06093,1985883,120239.91285
1789819200000,0.06093,0.06103,0.06048,0.06062,1038928,63101.93634
1789822800000,0.06062,0.06091,0.06023,0.06052,1247215,75396.79547
1789826400000,0.06052,0.06065,0.06016,0.0602,1301366,78654.68307
1789830000000,0.0602,0.06071,0.05974,0.06053,2312304,139127.80223
1789833600000,0.06053,0.06075,0.06012,0.06051,307413,18593.57098
1789837200000,0.06051,0.06129,0.06019,0.0604,1775242,108153.80268
1789840800000,0.0604,0.06066,0.05993,0.06021,1113113,67053.96193
1789844400000,0.06021,0.06132,0.06015,0.06092,2621287,159744.74036
1789848000000,0.06092,0.0611,0.0604,0.06075,3096805,188161.87971
1789851600000,0.06075,0.06097,0.05981,0.06026,961025,57934.91099
1789855200000,0.06026,0.06053,0.05974,0.06052,680518,40867.10524
1789858800000,0.06052,0.06108,0.06024,0.06102,1177171,71297.25953
1789862400000,0.06102,0.0617,0.0609,0.06134,1160901,71196.25305
1789866000000,0.06134,0.06208,0.06094,0.06175,1891481,116458.31684
1789869600000,0.06175,0.06196,0.05821,0.05833,7961359,475996.71921
1789873200000,0.05833,0.05918,0.05811,0.05899,3935746,230982.07591
1789876800000,0.05899,0.05903,0.05841,0.05864,828439,48641.66955
1789880400000,0.05864,0.05885,0.05843,0.05866,978928,57380.39348
1789884000000,0.05866,0.05871,0.05818,0.05845,1056232,61734.45304
1789887600000,0.05845,0.05867,0.05806,0.05816,1162914,67812.07214
1789891200000,0.05816,0.05848,0.05775,0.05785,2148118,124706.85488
1789894800000,0.05785,0.05858,0.05785,0.05806,877205,51045.77404
1789898400000,0.05806,0.05819,0.05738,0.05752,987186,56917.48838
1789902000000,0.05752,0.0581,0.05748,0.058,718320,41474.398
1789905600000,0.058,0.05844,0.05777,0.05819,1937713,112565.9884
1789909200000,0.05819,0.05881,0.05795,0.05859,3039555,177697.38758
1789912800000,0.05859,0.05944,0.05836,0.05892,2493965,146772.56013
1789916400000,0.05892,0.06057,0.05891,0.06049,4828922,289171.38631
1789920000000,0.06049,0.06147,0.0603,0.0613,4150273,252188.16818
1789923600000,0.0613,0.06158,0.06047,0.06126,3899245,238294.42545
1789927200000,0.06126,0.06178,0.06038,0.06051,2902353,177558.57006
1789930800000,0.06051,0.06145,0.06049,0.06117,1854762,113257.66359
1789934400000,0.06117,0.06199,0.06081,0.0619,2450495,150553.36063
1789938000000,0.0619,0.06206,0.06102,0.06162,2484986,152779.08868
1789941600000,0.06162,0.06203,0.06091,0.06157,7461862,459438.11769
1789945200000,0.06157,0.06186,0.06127,0.06169,2014445,123991.93326
1789948800000,0.06169,0.0628,0.06161,0.06229,2643646,164639.7881
1789952400000,0.06229,0.06266,0.06062,0.06072,2601698,160556.58284
1789956000000,0.06072,0.06112,0.06002,0.06084,3938851,238011.46655
1789959600000,0.06084,0.06165,0.06084,0.06156,1169725,71747.10962
1789963200000,0.06156,0.0616,0.06086,0.06136,1209809,74037.27258
1789966800000,0.06136,0.06161,0.06089,0.06111,944004,57817.13782
1789970400000,0.06111,0.06162,0.06085,0.06113,717155,43924.25272
1789974000000,0.06113,0.06146,0.06066,0.06145,1028116,62762.03489
1789977600000,0.06145,0.06357,0.06133,0.06344,6486000,406209.38641
1789981200000,0.06344,0.06492,0.06331,0.06345,7121023,456605.86367
1789984800000,0.06345,0.06402,0.06335,0.06385,1724666,109677.32619
1789988400000,0.06385,0.06455,0.06365,0.06394,3706734,237242.48855
1789992000000,0.06394,0.06495,0.06364,0.06475,1789767,115015.38369
1789995600000,0.06475,0.06505,0.06365,0.06467,2606887,167583.03505
1789999200000,0.06467,0.06544,0.0635,0.0651,2825194,182921.62018
1790002800000,0.0651,0.06613,0.06457,0.06534,3412263,223018.5531
1790006400000,0.06534,0.06647,0.06443,0.06494,3743458,244399.93767
1790010000000,0.06494,0.06501,0.06287,0.06326,10114271,642054.63581
1790013600000,0.06326,0.06397,0.06315,0.06381,2327086,148001.27675
1790017200000,0.06381,0.0639,0.06317,0.06366,3918578,248709.27048
1790020800000,0.06366,0.06419,0.06342,0.06367,2779395,176986.44396
1790024400000,0.06367,0.06371,0.06233,0.06244,4173621,262770.00638
1790028000000,0.06244,0.06327,0.06242,0.06318,1990200,125122.28527
1790031600000,0.06318,0.06373,0.06303,0.06365,2687331,170225.40283
1790035200000,0.06365,0.06495,0.06342,0.06407,3985732,255281.00454
1790038800000,0.06407,0.06413,0.06308,0.06345,1145508,72922.38877
1790042400000,0.06345,0.06403,0.06295,0.06333,2133177,135660.97495
1790046000000,0.06333,0.06482,0.06293,0.06447,2808389,179125.18918
1790049600000,0.06447,0.06447,0.06312,0.06321,1191087,76184.18134
1790053200000,0.06321,0.06422,0.06216,0.06408,2068169,130410.68918
1790056800000,0.06408,0.06434,0.06262,0.0629,1823922,115355.70728
1790060400000,0.0629,0.06335,0.06253,0.06303,1554963,97872.73981
1790064000000,0.06303,0.06372,0.06242,0.06339,2080396,131163.52944
1790067600000,0.06339,0.06339,0.06238,0.06279,1907744,119832.91257
1790071200000,0.06279,0.06279,0.0618,0.06209,2602723,161599.85526
1790074800000,0.06209,0.06268,0.06141,0.06268,2636332,163926.40912
1790078400000,0.06268,0.06331,0.06208,0.0633,4323209,270777.42295
1790082000000,0.0633,0.06376,0.06273,0.06349,2070605,131271.14282
1790085600000,0.06349,0.07365,0.06316,0.06599,77409132,5293214.43889
1790089200000,0.06599,0.06726,0.06487,0.06702,9625724,634488.01681
1790092800000,0.06702,0.06706,0.06543,0.06648,6203350,411079.56907
1790096400000,0.06648,0.06715,0.06598,0.06694,2517934,167250.53922
1790100000000,0.06694,0.06736,0.06634,0.06642,2934579,196330.37339
1790103600000,0.06642,0.06697,0.06553,0.06602,3458015,228531.59126
1790107200000,0.06602,0.06661,0.06564,0.0662,2104646,139289.00208
1790110800000,0.0662,0.06653,0.06565,0.06585,1707404,112816.01976
1790114400000,0.06585,0.06667,0.06511,0.06653,2607532,171915.05797
1790118000000,0.06653,0.06755,0.0664,0.06724,2680795,179581.38592
1790121600000,0.06724,0.06822,0.06612,0.06647,8667584,581657.87533
1790125200000,0.06647,0.06708,0.06544,0.06566,3288750,217652.66681
1790128800000,0.06566,0.06654,0.06522,0.06646,1538524,101364.17161
1790132400000,0.06646,0.06727,0.06637,0.06709,1523464,101778.13145
1790136000000,0.06709,0.0672,0.06653,0.06692,2385248,159564.00977
1790139600000,0.06692,0.06692,0.06571,0.06591,1929140,128089.98638
1790143200000,0.06591,0.06762,0.06585,0.06726,2429763,163197.66283
1790146800000,0.06726,0.06726,0.0661,0.06624,2049997,136681.03161
1790150400000,0.06624,0.06689,0.06556,0.06618,4470907,295879.61031
1790154000000,0.06618,0.06776,0.06607,0.06698,4056891,271842.84962
1790157600000,0.06698,0.06816,0.0667,0.06815,4920427,331781.11914
1790161200000,0.06815,0.06846,0.06573,0.06671,4740236,317023.9544
1790164800000,0.06671,0.06747,0.06584,0.06703,2420785,161850.93064
1790168400000,0.06703,0.06713,0.06604,0.06623,2452381,163179.53669
1790172000000,0.06623,0.06674,0.06131,0.06333,19826341,1253860.82799
1790175600000,0.06333,0.06398,0.06142,0.0616,5723515,359136.5013
1790179200000,0.0616,0.06267,0.06008,0.06224,6139108,376540.76533
1790182800000,0.06224,0.06339,0.06148,0.0626,2908280,182196.44122
1790186400000,0.0626,0.06286,0.06202,0.06233,2300736,143702.55546
1790190000000,0.06233,0.06282,0.06208,0.06251,1063881,66493.40212
1790193600000,0.06251,0.06296,0.06205,0.06246,2232839,139673.32582
1790197200000,0.06246,0.06393,0.06233,0.06346,1773593,112198.10038
1790200800000,0.06346,0.06441,0.06322,0.06337,3152948,200842.87127
1790204400000,0.06337,0.06337,0.06216,0.06254,1797286,112648.1138
1790208000000,0.06254,0.06267,0.06153,0.06175,2286809,141962.87595
1790211600000,0.06175,0.06268,0.0617,0.06203,1254523,77949.95015
1790215200000,0.06203,0.06416,0.06155,0.06409,1488798,93981.29023
1790218800000,0.06409,0.06504,0.06357,0.06383,2425375,156194.93313
1790222400000,0.06383,0.06504,0.06362,0.06504,2483257,159844.86496
1790226000000,0.06504,0.06596,0.06465,0.06465,2263344,147891.08992
1790229600000,0.06465,0.06517,0.06443,0.06452,1251064,81059.4169
1790233200000,0.06452,0.06522,0.06389,0.06496,4029270,259790.05589
1790236800000,0.06496,0.06513,0.0623,0.0632,6709521,428149.27295
1790240400000,0.0632,0.06345,0.06185,0.06254,4768575,298391.94824
1790244000000,0.06254,0.06334,0.06243,0.06315,1785827,112144.55319
1790247600000,0.06315,0.06377,0.06287,0.06342,1415873,89740.42637
1790251200000,0.06342,0.06387,0.06293,0.06366,1018696,64610.25083
1790254800000,0.06366,0.06689,0.06366,0.06601,4564922,299439.28478
1790258400000,0.06601,0.06768,0.06559,0.06629,4082519,272583.02388
1790262000000,0.06629,0.07056,0.06612,0.07023,6706330,461165.30654
1790265600000,0.07023,0.0711,0.06855,0.06881,11659295,811843.5888
1790269200000,0.06881,0.06918,0.06751,0.06769,5221360,356895.20985
1790272800000,0.06769,0.06857,0.06687,0.06822,5406960,365346.33769
1790276400000,0.06822,0.0684,0.06757,0.0677,2092788,142299.78775
1790280000000,0.0677,0.06804,0.06725,0.06746,1372151,92651.82962
1790283600000,0.06746,0.06831,0.06722,0.06785,716481,48620.10321
1790287200000,0.06785,0.06785,0.06677,0.06757,1941777,130265.96173
1790290800000,0.06757,0.06845,0.06732,0.06822,1082561,73444.69382
1790294400000,0.06822,0.06885,0.0678,0.06824,1539846,105222.29991
1790298000000,0.06824,0.06937,0.0679,0.06821,1380148,94654.77669
1790301600000,0.06821,0.0694,0.06811,0.06858,1867298,128721.87292
1790305200000,0.06858,0.06901,0.06791,0.06882,1832895,125633.70221
1790308800000,0.06882,0.06898,0.06778,0.06815,2502674,171020.18129
1790312400000,0.06815,0.06851,0.06757,0.0682,741208,50397.13429
1790316000000,0.0682,0.06903,0.06799,0.06802,819736,56078.22401
1790319600000,0.06802,0.06904,0.06777,0.06896,976688,66808.55765
1790323200000,0.06896,0.0704,0.0688,0.07002,2756307,192352.1976
1790326800000,0.07002,0.07085,0.06987,0.07037,2008514,141166.33935
1790330400000,0.07037,0.0714,0.07031,0.07109,3361241,238639.75005
1790334000000,0.07109,0.07233,0.07098,0.07183,5140973,368998.90444
1790337600000,0.07183,0.07274,0.06984,0.07234,6460830,461469.88458
1790341200000,0.07234,0.0728,0.07062,0.0715,3467405,248733.12168
1790344800000,0.0715,0.07276,0.07015,0.07246,3302380,236849.0516
1790348400000,0.07246,0.0743,0.07215,0.07289,8091352,594295.12791
1790352000000,0.07289,0.0742,0.07186,0.07217,4777724,349027.69447
1790355600000,0.07217,0.07251,0.07111,0.07162,1402746,100471.10998
1790359200000,0.07162,0.07287,0.07122,0.07263,1138514,82141.6035
1790362800000,0.07263,0.07276,0.07149,0.07205,1314006,94840.93595
1790366400000,0.07205,0.07381,0.0718,0.07325,1795580,131202.27923
1790370000000,0.07325,0.07361,0.07252,0.07305,1531056,111915.56794
1790373600000,0.07305,0.07521,0.07267,0.07458,2804335,208622.42965
1790377200000,0.07458,0.07477,0.07384,0.07431,1262127,93659.20015
1790380800000,0.07431,0.07449,0.07304,0.07317,1466418,108141.9817
1790384400000,0.07317,0.07353,0.07275,0.07308,1045245,76387.27005
1790388000000,0.07308,0.07521,0.0727,0.07379,4280858,316500.84856
1790391600000,0.07379,0.074,0.07256,0.07286,1253970,91994.81061
1790395200000,0.07286,0.07427,0.0728,0.07377,1212707,89423.70187
1790398800000,0.07377,0.074,0.07316,0.07343,1280279,94138.56284
1790402400000,0.07343,0.07398,0.07325,0.07346,936466,68968.03195
1790406000000,0.07346,0.07497,0.0734,0.07463,1450208,107949.51379
1790409600000,0.07463,0.07553,0.07428,0.07492,2552864,191193.30735
1790413200000,0.07492,0.07607,0.07471,0.07497,4504459,339718.97087
1790416800000,0.07497,0.07637,0.07482,0.0761,1672333,126273.48158
1790420400000,0.0761,0.07814,0.0758,0.07775,5199748,401527.53495
1790424000000,0.07775,0.07883,0.07672,0.07726,5643799,438960.06307
1790427600000,0.07726,0.07938,0.07668,0.07688,7874121,613609.38877
1790431200000,0.07688,0.07843,0.07688,0.07773,2828449,219422.76307
1790434800000,0.07773,0.07821,0.07675,0.07793,3559761,275654.4967
1790438400000,0.07793,0.07841,0.07713,0.07797,3794546,295272.003
1790442000000,0.07797,0.07816,0.07583,0.07763,5984369,459737.80052
1790445600000,0.07763,0.0777,0.07643,0.07686,986641,75922.03037
1790449200000,0.07686,0.08039,0.07683,0.0797,5261627,416683.27316
1790452800000,0.0797,0.07992,0.07726,0.07839,5707191,448107.38894
1790456400000,0.07839,0.08023,0.07818,0.07976,2534264,200565.45368
1790460000000,0.07976,0.08103,0.07929,0.08061,2013155,161218.5326
1790463600000,0.08061,0.08148,0.07995,0.08109,2152597,173752.43891
1790467200000,0.08109,0.08473,0.08065,0.08273,7517039,626979.356
1790470800000,0.08273,0.08476,0.08072,0.08275,11746541,974273.79027
1790474400000,0.08275,0.08426,0.08144,0.08158,4714801,391189.71303
1790478000000,0.08158,0.08269,0.08096,0.08105,1532931,125394.49386
1790481600000,0.08105,0.08337,0.0808,0.0829,4974958,409218.39255
1790485200000,0.0829,0.0863,0.08279,0.08488,7357492,624997.58336
1790488800000,0.08488,0.0855,0.08367,0.08499,4885612,412867.41431
1790492400000,0.08499,0.08769,0.0847,0.08747,4865729,421223.23293
1790496000000,0.08747,0.08869,0.08524,0.08558,11638921,1014133.96557
1790499600000,0.08558,0.0859,0.08345,0.0855,9003854,759989.42679
1790503200000,0.0855,0.08647,0.0848,0.08598,5831372,499432.97667
1790506800000,0.08598,0.08826,0.08551,0.08718,4438402,386555.76728
1790510400000,0.08718,0.08831,0.0858,0.08602,7262667,630967.25902
1790514000000,0.08602,0.08706,0.08338,0.08402,9136649,777834.31638
1790517600000,0.08402,0.08463,0.08268,0.08359,6137288,513145.57929
1790521200000,0.08359,0.08419,0.0825,0.08315,3299385,274664.19576
1790524800000,0.08315,0.08478,0.08252,0.0842,2473243,207635.35812
1790528400000,0.0842,0.08675,0.0842,0.08514,5322931,454404.43552
1790532000000,0.08514,0.08649,0.08489,0.0857,2413299,206602.40825
1790535600000,0.0857,0.08663,0.08538,0.086,3222496,276981.44349
1790539200000,0.086,0.08641,0.08348,0.08367,6268440,530417.64701
1790542800000,0.08367,0.0847,0.08346,0.08453,1586607,133607.55138
1790546400000,0.08453,0.08455,0.08263,0.08331,3206461,267047.60384
1790550000000,0.08331,0.08413,0.08284,0.08333,1764054,147099.86089
1790553600000,0.08333,0.08487,0.08333,0.08374,2742173,230532.18083
1790557200000,0.08374,0.08435,0.08226,0.08281,3868886,322330.73605
1790560800000,0.08281,0.08493,0.08201,0.08306,3662329,304647.05052
1790564400000,0.08306,0.08354,0.08126,0.08203,4112665,338643.52647
1790568000000,0.08203,0.08326,0.08104,0.08307,3109984,255797.73367
1790571600000,0.08307,0.08344,0.07981,0.08158,6466144,522845.63286
1790575200000,0.08158,0.08246,0.08123,0.08178,2855690,233666.40222
1790578800000,0.08178,0.08258,0.07902,0.07947,9715676,779702.56322
1790582400000,0.07947,0.08056,0.07947,0.07998,2644273,211553.06452
1790586000000,0.07998,0.0812,0.07889,0.07995,3476263,277708.47652
1790589600000,0.07995,0.08196,0.07995,0.08129,3282381,267207.26045
1790593200000,0.08129,0.08166,0.07956,0.07992,2682439,216117.97031
1790596800000,0.07992,0.08259,0.07972,0.08204,4561661,370122.0677
1790600400000,0.08204,0.08207,0.08009,0.08022,2946115,238671.1426
1790604000000,0.08022,0.08082,0.07802,0.07884,5148465,407739.38394
1790607600000,0.07884,0.07968,0.07783,0.07912,2864281,225270.9965
1790611200000,0.07912,0.0809,0.07884,0.07943,2403371,191959.89637
1790614800000,0.07943,0.0802,0.0782,0.07921,2666735,211617.71757
1790618400000,0.07921,0.08002,0.07888,0.07984,1273903,101309.63092
1790622000000,0.07984,0.07985,0.07853,0.07879,3011588,238277.30191
1790625600000,0.07879,0.07983,0.07829,0.07924,1689319,133667.87772
1790629200000,0.07924,0.08097,0.07924,0.08071,1654413,132800.56168
1790632800000,0.08071,0.08109,0.07965,0.0809,1328149,106907.99006
1790636400000,0.0809,0.08158,0.08076,0.08115,1213019,98372.59233
1790640000000,0.08115,0.08174,0.08001,0.08037,2709215,219229.63399
1790643600000,0.08037,0.0811,0.07833,0.07972,4407220,350788.55253
1790647200000,0.07972,0.08073,0.07682,0.07856,6701148,527395.63171
1790650800000,0.07856,0.0814,0.07839,0.07953,3786939,302532.95317
1790654400000,0.07953,0.08147,0.07887,0.07952,2336316,187399.04421
1790658000000,0.07952,0.08026,0.07879,0.08011,2278602,181134.95314
1790661600000,0.08011,0.08082,0.07967,0.08007,1469131,117768.70725
1790665200000,0.08007,0.08129,0.07979,0.08036,2345003,189044.62435
1790668800000,0.08036,0.08077,0.07949,0.07969,2864985,229278.63664
1790672400000,0.07969,0.08008,0.07886,0.07983,2118843,168341.37823
1790676000000,0.07983,0.0801,0.07901,0.07904,2095557,166608.96863
1790679600000,0.07904,0.0803,0.07887,0.07975,3677719,292375.48986
1790683200000,0.07975,0.08011,0.07853,0.0787,3352106,265534.00054
1790686800000,0.0787,0.07937,0.07845,0.0788,3118808,246005.21171
1790690400000,0.0788,0.07983,0.07778,0.07909,5320502,418685.65448
1790694000000,0.07909,0.07909,0.07722,0.07779,5884325,459038.77499
1790697600000,0.07779,0.07868,0.07703,0.07749,3423247,266495.36726
1790701200000,0.07749,0.07787,0.07637,0.07682,4786749,369155.17862
1790704800000,0.07682,0.07959,0.0768,0.07923,3140016,245534.89961
1790708400000,0.07923,0.08018,0.07887,0.07904,2075251,165137.1327
1790712000000,0.07904,0.08122,0.07868,0.08004,5778293,462479.85038
1790715600000,0.08004,0.08021,0.07889,0.0797,1705757,135617.03681
1790719200000,0.0797,0.08031,0.07848,0.07864,2235880,177432.51922
1790722800000,0.07864,0.07912,0.07781,0.07872,3165819,248354.0649
1790726400000,0.07872,0.07937,0.0782,0.07936,1752974,138038.31647
1790730000000,0.07936,0.08145,0.07933,0.08072,2376060,190912.50919
1790733600000,0.08072,0.08072,0.07856,0.07865,2792989,222283.64784
1790737200000,0.07865,0.07897,0.07773,0.07796,1297605,101496.06756
1790740800000,0.07796,0.07875,0.07796,0.0786,1186982,93117.45942
1790744400000,0.0786,0.07954,0.07819,0.07906,2872046,226049.45009
1790748000000,0.07906,0.07923,0.07748,0.07751,2636594,206244.78744
1790751600000,0.07751,0.07809,0.07731,0.0777,1207406,93824.83936
1790755200000,0.0777,0.0781,0.07723,0.07783,1373552,106608.15277
1790758800000,0.07783,0.07874,0.07779,0.07792,1428856,111695.84413
1790762400000,0.07792,0.07811,0.07751,0.07758,706006,54910.92584
1790766000000,0.07758,0.0784,0.07705,0.07806,1425591,110957.74813
1790769600000,0.07806,0.07982,0.07795,0.0797,4125445,325438.82873
1790773200000,0.0797,0.07975,0.07731,0.07796,3765597,295272.76767
1790776800000,0.07796,0.07814,0.07584,0.07667,6852621,524681.30912
1790780400000,0.07667,0.07728,0.07597,0.0772,3723563,285214.67993
1790784000000,0.0772,0.07859,0.0771,0.07823,2718966,211851.63187
1790787600000,0.07823,0.07827,0.07671,0.07727,3266040,252711.81291
1790791200000,0.07727,0.07784,0.07668,0.07715,6217728,480939.03416
1790794800000,0.07715,0.07757,0.07638,0.07669,1852538,142580.73795
1790798400000,0.07669,0.07762,0.07649,0.07683,2661469,205307.04254
1790802000000,0.07683,0.07715,0.07638,0.07648,576223,44215.70824
1790805600000,0.07648,0.07751,0.07575,0.07705,1664219,127409.21308
1790809200000,0.07705,0.07742,0.07673,0.07725,901155,69416.65824
1790812800000,0.07725,0.07735,0.07653,0.07673,1012554,77832.30441
1790816400000,0.07673,0.07718,0.07621,0.07632,670641,51371.15814
1790820000000,0.07632,0.07731,0.07609,0.07725,917561,70335.51098
1790823600000,0.07725,0.07782,0.07704,0.0777,1072140,83106.39016
1790827200000,0.0777,0.07864,0.07732,0.07808,2752249,214533.06761
1790830800000,0.07808,0.0791,0.07796,0.07903,1440683,113010.79893
1790834400000,0.07903,0.07924,0.07851,0.07902,1674387,132044.90824
1790838000000,0.07902,0.07902,0.07693,0.07729,1466565,113883.17923
1790841600000,0.07729,0.07818,0.07642,0.07793,2430575,187838.78525
1790845200000,0.07793,0.07803,0.0765,0.07654,1404807,108758.68314
1790848800000,0.07654,0.07695,0.07523,0.07667,5793748,440003.20446
1790852400000,0.07667,0.07734,0.07627,0.07686,2714200,208210.82382
1790856000000,0.07686,0.07704,0.07592,0.07619,1382143,105530.69534
1790859600000,0.07619,0.07624,0.07524,0.07537,1499597,113373.66862
1790863200000,0.07537,0.07571,0.0742,0.07463,4527223,339141.7473
1790866800000,0.07463,0.07543,0.07426,0.07487,1578892,118151.18902
1790870400000,0.07487,0.07509,0.07394,0.07401,2488510,185182.88226
1790874000000,0.07401,0.07599,0.07401,0.07583,2830812,213274.29817
1790877600000,0.07583,0.0759,0.07479,0.075,3339858,251850.18091
1790881200000,0.075,0.07512,0.07404,0.07458,1055873,78706.6582
1790884800000,0.07458,0.07517,0.07439,0.07439,1075443,80389.37125
1790888400000,0.07439,0.07453,0.0735,0.07399,2294283,169614.39451
1790892000000,0.07399,0.07443,0.07394,0.07431,2983101,221103.92309
1790895600000,0.07431,0.07435,0.0739,0.07431,1097743,81440.50383
1790899200000,0.07431,0.07456,0.07408,0.07438,1197471,88961.01655
1790902800000,0.07438,0.07503,0.07408,0.07499,913900,68233.33984
1790906400000,0.07499,0.07598,0.0749,0.0758,2522217,190050.51952
1790910000000,0.0758,0.07626,0.0751,0.07544,1182658,89423.94649
1790913600000,0.07544,0.07692,0.07534,0.07686,2683456,204688.10838
1790917200000,0.07686,0.07697,0.07603,0.07632,1613572,123300.92793
1790920800000,0.07632,0.07681,0.07614,0.0765,771770,59091.26844
1790924400000,0.0765,0.07719,0.07594,0.07699,1290403,98743.67697
1790928000000,0.07699,0.0775,0.07667,0.07717,1408151,108586.23436
1790931600000,0.07717,0.07737,0.07664,0.07699,1721099,132605.74376
1790935200000,0.07699,0.07713,0.07632,0.07696,735840,56490.28735
1790938800000,0.07696,0.0785,0.07668,0.0781,2938186,228464.68365
1790942400000,0.0781,0.07967,0.07778,0.07944,2991885,235320.02719
1790946000000,0.07944,0.08085,0.07941,0.08041,3823218,306123.71468
1790949600000,0.08041,0.08068,0.07874,0.07929,4036217,321760.07883
1790953200000,0.07929,0.07956,0.07846,0.07936,2966783,234346.87022
1790956800000,0.07936,0.07982,0.07836,0.07862,2493563,197382.61333
1790960400000,0.07862,0.07905,0.07771,0.07817,2827722,221624.25052
1790964000000,0.07817,0.07839,0.07443,0.07569,8447689,640802.33031
1790967600000,0.07569,0.07601,0.07467,0.07577,3239243,244483.96596
1790971200000,0.07577,0.07633,0.07561,0.0757,1801218,136914.64994
1790974800000,0.0757,0.07741,0.07568,0.07734,1162197,88884.57219
1790978400000,0.07734,0.07822,0.07694,0.0779,1399626,108631.04506
1790982000000,0.0779,0.07879,0.07755,0.0787,1413678,110672.32945
1790985600000,0.0787,0.08174,0.07838,0.081,4911963,395481.60683
1790989200000,0.081,0.08103,0.0791,0.0791,2725815,218205.77557
1790992800000,0.0791,0.07961,0.07868,0.07868,1530605,121054.1499
1790996400000,0.07868,0.07904,0.07813,0.07834,1258046,98761.16611
1791000000000,0.07834,0.07882,0.07774,0.07871,1531644,119901.13514
1791003600000,0.07871,0.07924,0.07819,0.07891,2293727,180797.39851
1791007200000,0.07891,0.07916,0.07845,0.07849,1013397,79755.19694
1791010800000,0.07849,0.07863,0.078,0.07826,934352,73196.38905
1791014400000,0.07826,0.0787,0.07792,0.07845,1185466,92973.55595
1791018000000,0.07845,0.07917,0.07805,0.07891,450121,35354.77052
1791021600000,0.07891,0.08011,0.07891,0.07963,1572724,125289.32538
1791025200000,0.07963,0.07974,0.0789,0.07927,1175466,93226.94518
1791028800000,0.07927,0.07937,0.07811,0.07829,1288294,101165.03579
1791032400000,0.07829,0.07886,0.07816,0.07858,1577072,123927.48126
1791036000000,0.07858,0.07877,0.07803,0.07818,1266190,99257.00125
1791039600000,0.07818,0.07828,0.07779,0.07812,457979,35707.03771
1791043200000,0.07812,0.0783,0.07765,0.07801,720132,56189.84241
1791046800000,0.07801,0.0786,0.07789,0.07818,1025641,80160.28099
1791050400000,0.07818,0.07818,0.07768,0.07782,338729,26392.68729
1791054000000,0.07782,0.07837,0.0777,0.07786,1622538,126643.12391
1791057600000,0.07786,0.07818,0.07777,0.07782,571679,44575.08776
1791061200000,0.07782,0.07797,0.07767,0.07783,357939,27846.80343
1791064800000,0.07783,0.07791,0.07738,0.07745,941635,73088.39161
1791068400000,0.07745,0.07811,0.07744,0.07797,833545,64948.64313
1791072000000,0.07797,0.07822,0.07795,0.07803,748405,58408.13294
1791075600000,0.07803,0.07835,0.07767,0.07769,535647,41769.28077
1791079200000,0.07769,0.07788,0.07728,0.07764,2221988,172324.20917
1791082800000,0.07764,0.07811,0.07736,0.07792,473444,36803.74227
1791086400000,0.07792,0.07873,0.07792,0.07869,316219,24744.61305
1791090000000,0.07869,0.07985,0.07861,0.07979,1193772,94545.14541
1791093600000,0.07979,0.08023,0.07936,0.07965,1734580,138424.01948
1791097200000,0.07965,0.08053,0.0796,0.07999,1390182,111435.31907
1791100800000,0.07999,0.08012,0.079,0.07915,1335678,106259.16125
1791104400000,0.07915,0.07927,0.07841,0.07857,900536,70867.21318
1791108000000,0.07857,0.07857,0.07789,0.07804,1145758,89564.90753
1791111600000,0.07804,0.07808,0.07742,0.07754,973272,75700.06338
1791115200000,0.07754,0.07786,0.07721,0.07766,930874,72141.19958
1791118800000,0.07766,0.07792,0.07755,0.07776,688359,53528.05445
1791122400000,0.07776,0.07832,0.07769,0.07791,823364,64153.25374
1791126000000,0.07791,0.07833,0.07739,0.07739,764818,59460.07322
1791129600000,0.07739,0.07798,0.07721,0.07793,976772,75849.53384
1791133200000,0.07793,0.07812,0.07765,0.07784,445568,34704.66721
1791136800000,0.07784,0.07806,0.07763,0.078,653867,50901.48045
1791140400000,0.078,0.07818,0.0776,0.07808,2031075,158219.222
1791144000000,0.07808,0.07808,0.07756,0.07756,724419,56347.32784
1791147600000,0.07756,0.07805,0.07731,0.07731,950592,73892.10958
1791151200000,0.07731,0.07814,0.07731,0.07777,782885,60901.05309
1791154800000,0.07777,0.0782,0.07765,0.07796,776738,60555.70002
1791158400000,0.07796,0.07841,0.07776,0.07814,1274829,99487.84116
1791162000000,0.07814,0.07823,0.07754,0.07764,740810,57712.53729
1791165600000,0.07764,0.07935,0.07764,0.07886,2293448,180870.28797
1791169200000,0.07886,0.07886,0.07766,0.07775,1255725,98216.531
1791172800000,0.07775,0.07784,0.07621,0.07672,2927337,224854.50914
1791176400000,0.07672,0.07761,0.07672,0.07754,699608,54001.63353
1791180000000,0.07754,0.07873,0.07754,0.07864,1066803,83349.30252
1791183600000,0.07864,0.08031,0.0784,0.07989,2458152,194934.17155
1791187200000,0.07989,0.08042,0.07934,0.08007,2876424,229727.1331
1791190800000,0.08007,0.08089,0.07983,0.08064,3504978,282074.18434
1791194400000,0.08064,0.08111,0.07959,0.0803,4574799,367420.53018
1791198000000,0.0803,0.08031,0.07922,0.07947,2940765,233874.61201
1791201600000,0.07947,0.07948,0.07827,0.07844,2205934,173784.79538
