timestamp,open,high,low,close,volume,turnover
1782165600000,70.19,70.24,69.63,69.99,951.33,66499.9099
1782169200000,69.99,70.5,69.81,70.48,161.11,11321.4729
1782172800000,70.48,70.81,70.03,70.8,544.52,38405.6517
1782176400000,70.8,70.88,69.92,70.03,493.25,34646.8552
1782180000000,70.03,70.31,69.6,69.85,506.63,35481.6495
1782183600000,69.85,70.0,68.55,69.0,1218.17,84144.3492
1782187200000,69.0,69.1,68.72,68.72,267.45,18435.1804
1782190800000,68.72,68.88,68.0,68.59,564.63,38603.326
1782194400000,68.59,68.59,67.83,68.1,421.55,28711.1375
1782198000000,68.1,68.56,67.89,67.89,447.62,30552.2528
1782201600000,67.89,68.29,66.75,67.4,3164.57,213244.4806
1782205200000,67.4,67.84,67.35,67.6,245.92,16635.4355
1782208800000,67.6,67.84,67.17,67.26,235.97,15918.683
1782212400000,67.26,68.69,67.23,68.21,3529.87,240206.5298
1782216000000,68.21,68.96,68.12,68.41,1326.5,90845.6597
1782219600000,68.41,72.06,67.43,71.97,8832.14,621725.5173
1782223200000,71.97,72.13,71.31,71.36,2501.76,179585.9727
1782226800000,71.36,71.98,71.17,71.33,1633.92,116691.6481
1782230400000,71.33,71.95,69.7,70.78,4761.06,335173.4495
1782234000000,70.78,70.97,69.97,70.31,1239.49,87247.7531
1782237600000,70.31,70.95,70.08,70.51,718.54,50733.2923
1782241200000,70.51,70.88,69.82,69.98,308.56,21732.0062
1782244800000,69.98,70.4,69.95,70.27,249.2,17498.2171
1782248400000,70.27,70.56,70.26,70.26,240.21,16908.063
1782252000000,70.26,70.59,70.11,70.2,225.07,15842.1467
1782255600000,70.2,70.7,70.06,70.65,226.47,15923.0895
1782259200000,70.65,70.86,70.47,70.51,294.59,20822.4475
1782262800000,70.51,70.67,69.78,69.78,499.12,35077.1049
1782266400000,69.78,70.07,69.74,69.77,350.21,24477.9857
1782270000000,69.77,69.86,69.13,69.22,515.31,35793.0914
1782273600000,69.22,69.62,69.05,69.55,229.31,15890.8918
1782277200000,69.55,69.85,69.49,69.61,220.49,15363.9365
1782280800000,69.61,69.76,69.33,69.33,176.31,12277.2284
1782284400000,69.33,69.6,69.31,69.44,268.26,18634.646
1782288000000,69.44,69.61,69.06,69.28,555.63,38494.482
1782291600000,69.28,69.45,69.11,69.16,277.02,19188.9882
1782295200000,69.16,69.23,68.76,68.8,567.26,39094.5421
1782298800000,68.8,69.39,68.75,69.09,451.72,31127.7452
1782302400000,69.09,69.12,68.71,68.72,351.91,24254.4029
1782306000000,68.72,68.84,68.07,68.26,1173.58,80302.0331
1782309600000,68.26,68.54,67.48,68.31,2359.43,160534.8066
1782313200000,68.31,68.37,67.35,67.66,794.42,53889.2302
1782316800000,67.66,68.03,66.51,66.6,1048.7,70543.7614
1782320400000,66.6,67.12,66.35,66.53,875.57,58410.8895
1782324000000,66.53,67.49,66.28,66.59,1107.72,74149.8517
1782327600000,66.59,67.04,66.58,66.93,502.59,33597.4844
1782331200000,66.93,68.27,66.86,68.03,1154.54,78227.9242
1782334800000,68.03,68.23,67.85,68.2,306.14,20817.0087
1782338400000,68.2,68.37,68.11,68.21,203.26,13870.7967
1782342000000,68.21,68.55,68.15,68.55,227.1,15517.3154
1782345600000,68.55,68.87,68.41,68.57,635.61,43633.6818
1782349200000,68.57,68.92,68.17,68.59,596.67,40876.1113
1782352800000,68.59,68.67,68.12,68.18,188.0,12844.164
1782356400000,68.18,68.25,67.99,68.17,158.1,10767.9668
1782360000000,68.17,68.67,68.11,68.5,174.63,11924.9324
1782363600000,68.5,68.71,68.4,68.53,193.15,13247.3256
1782367200000,68.53,68.6,68.21,68.42,296.4,20283.4665
1782370800000,68.42,68.42,68.01,68.13,440.92,30056.1797
1782374400000,68.13,68.27,67.77,67.81,409.17,27819.6333
1782378000000,67.81,67.84,67.56,67.76,401.4,27167.3835
1782381600000,67.76,67.9,67.23,67.25,826.95,55929.3587
1782385200000,67.25,67.75,67.17,67.67,670.75,45259.6352
1782388800000,67.67,67.96,67.36,67.47,577.2,39077.3208
1782392400000,67.47,67.69,64.12,64.94,10657.68,699593.1874
1782396000000,64.94,66.54,64.81,65.95,2331.14,153615.8792
1782399600000,65.95,66.59,65.82,66.55,772.1,51059.7625
1782403200000,66.55,66.9,65.88,65.98,557.62,37047.4237
1782406800000,65.98,66.4,65.91,66.16,237.23,15691.1395
1782410400000,66.16,66.29,65.4,65.65,368.86,24298.7178
1782414000000,65.65,65.65,65.25,65.48,211.97,13862.4512
1782417600000,65.48,65.8,64.94,65.24,430.87,28185.6324
1782421200000,65.24,65.68,65.2,65.59,220.81,14447.2155
1782424800000,65.59,65.59,64.74,65.05,1289.7,83864.1813
1782428400000,65.05,65.21,64.64,64.71,509.83,33078.7757
1782432000000,64.71,64.77,64.29,64.3,1720.05,110952.0118
1782435600000,64.3,64.34,64.01,64.09,1150.07,73767.1116
1782439200000,64.09,64.35,63.25,63.42,2784.54,177558.9094
1782442800000,63.42,64.29,63.28,64.29,1245.18,79308.1456
1782446400000,64.29,64.38,63.89,63.93,1136.66,72914.7246
1782450000000,63.93,64.44,63.89,64.03,899.12,57709.1513
1782453600000,64.03,64.57,63.75,64.45,1280.0,82248.7379
1782457200000,64.45,64.65,64.11,64.31,1652.04,106454.6952
1782460800000,64.31,64.59,63.78,63.93,1859.13,119424.3808
1782464400000,63.93,64.07,63.69,64.07,672.82,42973.8991
1782468000000,64.07,64.78,64.03,64.19,1844.29,119088.5317
1782471600000,64.19,64.4,64.03,64.26,550.46,35334.2324
1782475200000,64.26,64.56,63.85,64.17,731.47,46920.6389
1782478800000,64.17,65.24,63.83,65.24,4851.24,314318.7495
1782482400000,65.24,65.67,64.84,65.17,1228.69,80197.0428
1782486000000,65.17,66.81,64.94,66.4,2121.59,140305.3826
1782489600000,66.4,66.63,65.88,66.3,718.72,47646.9213
1782493200000,66.3,68.27,66.22,67.95,1862.49,125548.8635
1782496800000,67.95,67.97,67.23,67.38,607.18,41036.3979
1782500400000,67.38,67.8,67.18,67.34,380.06,25665.7208
1782504000000,67.34,67.97,66.87,66.99,1030.86,69513.0702
1782507600000,66.99,67.34,66.92,67.17,187.2,12559.8829
1782511200000,67.17,67.93,67.01,67.34,406.84,27405.5548
1782514800000,67.34,67.73,67.25,67.69,266.82,18013.4339
1782518400000,67.69,68.3,67.51,67.71,553.91,37614.5638
1782522000000,67.71,67.72,65.92,66.89,2057.76,137842.662
1782525600000,66.89,67.13,66.74,67.01,209.06,13994.2671
1782529200000,67.01,67.01,66.34,66.35,410.1,27343.1389
1782532800000,66.35,66.63,66.31,66.35,267.22,17751.0982
1782536400000,66.35,66.39,66.23,66.3,197.62,13104.7894
1782540000000,66.3,66.34,66.04,66.17,421.47,27878.8191
1782543600000,66.17,66.3,65.97,66.19,144.48,9556.8246
1782547200000,66.19,66.19,65.92,66.01,180.81,11937.264
1782550800000,66.01,66.13,65.76,65.96,347.29,22889.6924
1782554400000,65.96,66.08,65.88,65.92,109.44,7220.3904
1782558000000,65.92,66.15,65.52,66.08,658.71,43293.0979
1782561600000,66.08,66.16,65.95,66.06,123.35,8150.6279
1782565200000,66.06,66.38,66.0,66.16,426.56,28236.5739
1782568800000,66.16,66.65,66.1,66.56,655.77,43572.6938
1782572400000,66.56,66.87,66.25,66.51,558.54,37145.4689
1782576000000,66.51,66.58,66.19,66.25,101.42,6728.269
1782579600000,66.25,66.27,65.6,65.69,287.39,18920.89
1782583200000,65.69,65.96,65.65,65.86,131.24,8643.0979
1782586800000,65.86,65.92,65.35,65.64,137.29,8993.8572
1782590400000,65.64,65.88,65.64,65.85,65.9,4335.7885
1782594000000,65.85,65.96,65.55,65.74,702.4,46133.0642
1782597600000,65.74,65.88,65.4,65.77,161.4,10597.8802
1782601200000,65.77,65.86,65.45,65.56,614.18,40319.0114
1782604800000,65.56,65.71,65.01,65.23,505.84,33014.3744
1782608400000,65.23,65.46,65.08,65.41,204.99,13389.1858
1782612000000,65.41,65.52,65.18,65.36,68.94,4504.1994
1782615600000,65.36,65.49,65.29,65.49,63.9,4177.1652
1782619200000,65.49,65.5,65.22,65.29,94.7,6185.7259
1782622800000,65.29,65.44,64.87,65.21,217.67,14178.1822
1782626400000,65.21,65.44,65.12,65.4,187.87,12260.6997
1782630000000,65.4,65.85,65.2,65.23,267.94,17553.0223
1782633600000,65.23,65.55,65.2,65.45,124.95,8161.7031
1782637200000,65.45,65.47,65.12,65.17,112.69,7362.7968
1782640800000,65.17,65.36,65.09,65.2,100.72,6571.2553
1782644400000,65.2,65.67,65.2,65.63,78.09,5112.8797
1782648000000,65.63,65.64,65.16,65.44,188.16,12307.3987
1782651600000,65.44,65.68,65.22,65.4,153.11,10026.1429
1782655200000,65.4,65.56,65.26,65.36,151.4,9901.2871
1782658800000,65.36,65.55,65.1,65.16,91.54,5981.7108
1782662400000,65.16,65.19,64.8,65.01,148.63,9650.31
1782666000000,65.01,65.25,64.69,64.9,185.3,12050.165
1782669600000,64.9,64.9,64.52,64.6,82.27,5317.2004
1782673200000,64.6,64.73,64.32,64.38,405.53,26165.0545
1782676800000,64.38,64.67,64.36,64.48,56.58,3650.4476
1782680400000,64.48,64.48,63.96,64.06,266.8,17124.7261
1782684000000,64.06,64.51,63.66,63.84,248.65,15962.3987
1782687600000,63.84,64.69,63.78,64.55,225.94,14535.5213
1782691200000,64.55,64.77,64.26,64.77,272.39,17579.4764
1782694800000,64.77,64.87,64.43,64.85,87.0,5627.9213
1782698400000,64.85,65.31,64.55,65.24,161.65,10507.1314
1782702000000,65.24,65.57,65.24,65.36,150.6,9852.2052
1782705600000,65.36,65.6,65.13,65.52,170.04,11124.29
1782709200000,65.52,65.73,64.96,65.67,665.47,43559.163
1782712800000,65.67,65.76,65.23,65.44,198.56,13003.6958
1782716400000,65.44,65.44,65.08,65.13,269.69,17581.7239
1782720000000,65.13,65.41,64.8,65.29,369.9,24093.7322
1782723600000,65.29,65.8,65.25,65.66,587.34,38480.7359
1782727200000,65.66,65.73,64.89,65.22,498.56,32548.9229
1782730800000,65.22,65.28,64.8,64.88,251.04,16328.7948
1782734400000,64.88,66.73,64.71,66.0,1294.55,85672.5583
1782738000000,66.0,66.31,65.0,65.33,1189.0,77955.3257
1782741600000,65.33,65.44,64.63,65.18,1442.14,93798.8288
1782745200000,65.18,65.58,64.7,65.45,735.98,47932.4483
1782748800000,65.45,65.78,64.9,65.47,570.33,37294.078
1782752400000,65.47,66.08,65.3,65.53,490.12,32176.0096
1782756000000,65.53,65.78,65.44,65.73,535.0,35112.9527
1782759600000,65.73,66.18,65.47,65.89,322.29,21239.1404
1782763200000,65.89,66.18,65.55,65.58,323.42,21315.1425
1782766800000,65.58,65.88,65.48,65.75,158.81,10434.8858
1782770400000,65.75,65.91,65.39,65.45,205.06,13473.2746
1782774000000,65.45,65.6,65.33,65.6,175.6,11489.3474
1782777600000,65.6,65.85,65.24,65.25,330.86,21693.011
1782781200000,65.25,65.6,65.21,65.56,136.42,8922.1802
1782784800000,65.56,65.6,65.09,65.31,185.92,12129.8527
1782788400000,65.31,65.34,64.94,65.28,242.98,15835.8335
1782792000000,65.28,65.8,65.16,65.8,262.51,17171.6036
1782795600000,65.8,65.9,65.46,65.9,140.57,9239.1904
1782799200000,65.9,66.15,65.8,65.92,127.01,8379.2188
1782802800000,65.92,65.94,65.57,65.74,150.36,9879.5198
1782806400000,65.74,65.92,65.4,65.91,273.33,17943.0123
1782810000000,65.91,65.91,65.24,65.55,357.03,23430.736
1782813600000,65.55,65.72,65.43,65.48,68.84,4516.6457
1782817200000,65.48,65.78,65.44,65.61,98.78,6483.4237
1782820800000,65.61,65.61,64.06,64.12,1135.79,73471.7507
1782824400000,64.12,64.6,64.0,64.45,852.25,54814.8674
1782828000000,64.45,64.96,64.05,64.12,679.84,43871.5779
1782831600000,64.12,64.38,63.84,64.27,476.14,30518.9485
1782835200000,64.27,65.76,64.2,65.05,1547.37,100503.6211
1782838800000,65.05,65.29,64.48,64.48,809.02,52510.2778
1782842400000,64.48,65.2,64.3,64.73,842.03,54509.0499
1782846000000,64.73,65.32,64.59,65.18,535.46,34794.3962
1782849600000,65.18,65.34,64.84,65.04,246.31,16023.2634
1782853200000,65.04,65.04,64.6,64.75,152.16,9855.0678
1782856800000,64.75,64.89,64.55,64.72,193.62,12539.5307
1782860400000,64.72,64.89,64.66,64.72,68.39,4429.3221
1782864000000,64.72,64.89,64.66,64.69,107.43,6958.2858
1782867600000,64.69,65.03,63.66,64.88,1343.13,86190.7225
1782871200000,64.88,64.99,64.77,64.85,119.88,7776.4267
1782874800000,64.85,64.96,64.6,64.81,136.18,8826.2747
1782878400000,64.81,65.08,64.75,65.06,298.13,19366.568
1782882000000,65.06,65.94,64.72,65.87,409.47,26744.8573
1782885600000,65.87,65.98,64.9,65.01,295.15,19314.8796
1782889200000,65.01,65.1,64.84,65.09,81.51,5300.1787
1782892800000,65.09,65.27,64.9,65.25,256.75,16705.2584
1782896400000,65.25,65.36,64.6,64.95,534.78,34746.0514
1782900000000,64.95,65.26,64.68,65.18,404.52,26250.1724
1782903600000,65.18,66.18,65.18,66.14,531.43,35001.0905
1782907200000,66.14,66.24,65.69,66.11,292.22,19262.2034
1782910800000,66.11,66.79,65.76,66.79,803.51,53367.108
1782914400000,66.79,68.79,66.56,67.43,4724.2,320533.1864
1782918000000,67.43,68.1,67.35,67.88,910.14,61632.0076
1782921600000,67.88,67.9,67.29,67.33,853.32,57666.6722
1782925200000,67.33,67.43,67.0,67.16,411.04,27617.5943
1782928800000,67.16,67.44,66.89,67.23,261.32,17556.2251
1782932400000,67.23,67.46,66.74,66.81,383.6,25733.9882
1782936000000,66.81,67.12,66.71,66.99,323.47,21623.4939
1782939600000,66.99,67.39,66.99,67.39,181.88,12215.3992
1782943200000,67.39,67.94,67.2,67.2,306.24,20701.1416
1782946800000,67.2,67.27,66.72,66.78,194.36,13032.343
1782950400000,66.78,66.97,66.4,66.68,462.53,30843.8089
1782954000000,66.68,67.8,66.61,67.05,886.77,59487.6943
1782957600000,67.05,67.33,67.0,67.18,226.68,15220.3043
1782961200000,67.18,67.51,67.05,67.29,439.55,29553.7363
1782964800000,67.29,67.33,66.88,66.95,192.97,12939.5726
1782968400000,66.95,67.02,66.66,66.69,299.83,20037.3449
1782972000000,66.69,66.7,66.49,66.63,275.08,18310.7592
1782975600000,66.63,67.11,66.44,66.88,410.47,27396.5258
1782979200000,66.88,67.92,66.73,67.18,966.92,65083.5225
1782982800000,67.18,67.92,67.13,67.77,1058.32,71444.0399
1782986400000,67.77,67.81,67.29,67.29,386.87,26134.2988
1782990000000,67.29,67.5,67.08,67.23,311.34,20953.6395
1782993600000,67.23,67.39,67.06,67.25,401.76,27007.1277
1782997200000,67.25,68.2,67.17,68.2,1308.88,88568.6224
1783000800000,68.2,68.27,67.2,67.25,475.97,32196.325
1783004400000,67.25,67.58,67.06,67.41,211.58,14245.3332
1783008000000,67.41,67.48,66.8,67.21,524.65,35220.4922
1783011600000,67.21,67.35,66.92,66.96,193.96,13023.4789
1783015200000,66.96,67.52,66.96,67.29,118.81,7985.366
1783018800000,67.29,67.63,67.11,67.3,311.09,20956.8726
1783022400000,67.3,67.47,67.08,67.32,110.38,7427.5849
1783026000000,67.32,67.33,66.96,67.12,105.04,7051.135
1783029600000,67.12,67.28,66.99,67.26,77.99,5232.3897
1783033200000,67.26,67.71,67.12,67.51,1082.42,73091.5072
1783036800000,67.51,67.68,67.27,67.37,1547.49,104448.5385
1783040400000,67.37,67.66,67.3,67.4,274.21,18499.9055
1783044000000,67.4,67.44,67.0,67.4,353.84,23792.3732
1783047600000,67.4,67.4,67.03,67.12,139.85,9394.3823
1783051200000,67.12,67.27,67.0,67.14,79.39,5327.7575
1783054800000,67.14,67.4,67.11,67.29,77.19,5194.9076
1783058400000,67.29,67.56,67.23,67.31,340.8,22974.3827
1783062000000,67.31,67.52,67.27,67.48,29.72,2003.2868
1783065600000,67.48,67.8,67.38,67.56,146.4,9897.0262
1783069200000,67.56,67.79,67.54,67.67,127.55,8627.5835
1783072800000,67.67,68.09,67.61,68.02,208.05,14133.4759
1783076400000,68.02,68.19,67.95,68.08,62.7,4269.3661
1783080000000,68.08,68.23,67.71,67.8,353.2,24020.4944
1783083600000,67.8,67.92,67.76,67.89,104.36,7080.0207
1783087200000,67.89,68.21,67.67,68.03,1078.53,73372.607
1783090800000,68.03,68.35,68.0,68.0,528.23,35995.4876
1783094400000,68.0,68.12,67.85,68.07,467.57,31784.3393
1783098000000,68.07,68.12,68.0,68.05,111.52,7589.8624
1783101600000,68.05,68.17,67.88,68.1,211.18,14367.5694
1783105200000,68.1,68.34,67.83,68.17,356.02,24220.3339
1783108800000,68.17,68.47,68.05,68.37,181.84,12416.8399
1783112400000,68.37,68.45,68.16,68.22,135.72,9266.0166
1783116000000,68.22,68.37,68.01,68.11,254.24,17323.4686
1783119600000,68.11,68.39,68.02,68.38,245.81,16763.1797
1783123200000,68.38,68.51,68.22,68.3,197.57,13509.3636
1783126800000,68.3,68.3,67.72,67.94,535.71,36392.5381
1783130400000,67.94,68.08,67.76,67.97,174.45,11841.1794
1783134000000,67.97,68.11,67.88,67.99,172.72,11743.6476
1783137600000,67.99,68.09,67.85,68.01,179.92,12219.4181
1783141200000,68.01,68.01,67.69,67.71,332.1,22517.3065
1783144800000,67.71,67.8,67.23,67.5,1411.46,95184.1768
1783148400000,67.5,67.78,67.4,67.77,447.34,30214.2309
1783152000000,67.77,67.84,67.44,67.65,283.39,19164.905
1783155600000,67.65,67.77,67.25,67.43,534.46,36056.1562
1783159200000,67.43,67.81,67.37,67.62,303.67,20499.052
1783162800000,67.62,67.67,67.53,67.56,208.86,14116.4796
1783166400000,67.56,67.94,67.56,67.94,380.65,25784.118
1783170000000,67.94,68.58,67.85,68.2,1041.8,71011.159
1783173600000,68.2,68.78,68.19,68.73,564.54,38620.9872
1783177200000,68.73,68.98,68.69,68.96,367.25,25273.1572
1783180800000,68.96,68.97,68.73,68.84,193.92,13353.1354
1783184400000,68.84,69.07,68.67,68.86,375.91,25916.057
1783188000000,68.86,68.89,68.44,68.62,414.67,28438.5169
1783191600000,68.62,68.85,68.49,68.57,296.22,20350.2198
1783195200000,68.57,68.63,68.25,68.46,194.08,13266.2067
1783198800000,68.46,68.48,68.35,68.45,43.15,2954.0557
1783202400000,68.45,68.45,68.26,68.26,27.28,1863.7596
1783206000000,68.26,68.29,67.92,68.14,158.93,10826.2897
1783209600000,68.14,68.22,67.91,67.93,139.52,9494.8766
1783213200000,67.93,68.05,67.45,67.69,289.09,19574.1961
1783216800000,67.69,67.74,67.37,67.39,103.89,7012.3286
1783220400000,67.39,67.67,67.38,67.65,103.79,7014.2519
1783224000000,67.65,67.68,67.43,67.64,54.82,3704.0647
1783227600000,67.64,67.64,67.33,67.43,144.21,9727.5082
1783231200000,67.43,67.52,67.19,67.49,397.65,26755.8016
1783234800000,67.49,67.54,67.32,67.54,65.96,4446.924
1783238400000,67.54,67.55,67.27,67.37,165.75,11162.6539
1783242000000,67.37,67.44,66.91,66.92,439.92,29537.2422
1783245600000,66.92,67.0,66.46,66.75,793.7,52965.0999
1783249200000,66.75,67.08,66.72,66.82,221.42,14808.8075
1783252800000,66.82,67.08,66.72,66.99,141.06,9438.4822
1783256400000,66.99,67.19,66.95,67.12,74.36,4990.0435
1783260000000,67.12,67.2,66.95,67.06,61.44,4122.3118
1783263600000,67.06,67.18,66.83,67.07,243.09,16285.2991
1783267200000,67.07,67.11,66.8,66.83,84.88,5676.8685
1783270800000,66.83,66.89,66.62,66.62,194.01,12956.4219
1783274400000,66.62,67.08,66.62,67.04,195.91,13102.475
1783278000000,67.04,67.15,66.95,67.0,135.84,9109.6362
1783281600000,67.0,67.08,66.88,66.94,21.04,1408.6688
1783285200000,66.94,67.79,66.94,67.67,372.82,25119.9821
1783288800000,67.67,67.9,67.52,67.64,214.52,14526.0139
1783292400000,67.64,67.87,67.52,67.58,178.62,12098.2131
1783296000000,67.58,67.71,67.37,67.51,162.27,10967.1424
1783299600000,67.51,67.8,67.29,67.29,167.18,11288.1153
1783303200000,67.29,67.37,67.06,67.14,172.62,11596.5103
1783306800000,67.14,67.19,66.82,66.92,85.56,5728.117
1783310400000,66.92,66.93,66.61,66.65,328.01,21884.6786
1783314000000,66.65,66.65,66.23,66.32,376.17,24980.1497
1783317600000,66.32,66.39,66.11,66.11,153.2,10141.2768
1783321200000,66.11,66.55,66.08,66.46,510.86,33867.0127
1783324800000,66.46,66.6,66.14,66.14,244.69,16241.0754
1783328400000,66.14,66.31,66.01,66.05,130.98,8658.2742
1783332000000,66.05,66.35,66.0,66.25,318.17,21070.1595
1783335600000,66.25,66.34,65.98,65.98,234.42,15512.3608
1783339200000,65.98,66.0,65.48,65.58,954.29,62732.7032
1783342800000,65.58,66.31,65.44,66.18,981.77,64608.4683
1783346400000,66.18,66.27,65.48,66.18,502.3,33110.1047
1783350000000,66.18,66.91,66.09,66.89,1126.54,74813.8944
1783353600000,66.89,67.08,66.69,66.83,925.55,61903.7198
1783357200000,66.83,67.1,66.63,66.63,377.1,25243.3675
1783360800000,66.63,66.72,66.46,66.46,173.21,11535.3779
1783364400000,66.46,66.65,66.32,66.47,260.34,17312.7675
1783368000000,66.47,66.49,66.33,66.47,158.27,10506.8101
1783371600000,66.47,67.2,66.44,66.87,409.02,27351.8528
1783375200000,66.87,66.94,66.5,66.5,111.61,7442.6172
1783378800000,66.5,66.57,66.04,66.06,240.21,15924.0534
1783382400000,66.06,66.44,66.06,66.38,202.83,13448.0733
1783386000000,66.38,66.38,66.15,66.22,142.19,9425.1635
1783389600000,66.22,66.32,65.46,65.65,700.08,46085.8044
1783393200000,65.65,65.79,65.17,65.7,852.93,55845.4197
1783396800000,65.7,65.74,65.42,65.5,117.52,7704.1915
1783400400000,65.5,65.74,65.31,65.67,142.32,9330.7086
1783404000000,65.67,65.93,65.58,65.88,134.3,8831.2949
1783407600000,65.88,65.97,65.57,65.64,152.64,10044.7535
1783411200000,65.64,65.77,65.57,65.7,281.06,18454.2366
1783414800000,65.7,65.9,65.67,65.85,446.63,29390.8313
1783418400000,65.85,66.12,65.8,65.91,770.24,50830.8869
1783422000000,65.91,66.02,65.7,65.98,280.38,18470.4229
1783425600000,65.98,66.44,65.97,66.35,672.62,44532.165
1783429200000,66.35,66.68,66.03,66.03,908.3,60356.4349
1783432800000,66.03,66.63,65.85,66.49,255.32,16899.2003
1783436400000,66.49,66.7,66.28,66.68,555.56,36942.7712
1783440000000,66.68,66.89,66.56,66.78,291.05,19438.8221
1783443600000,66.78,66.92,66.64,66.9,137.25,9170.8213
1783447200000,66.9,67.06,66.54,66.54,284.07,18986.0907
1783450800000,66.54,66.57,66.04,66.39,525.24,34810.426
1783454400000,66.39,66.58,66.19,66.27,607.98,40355.8052
1783458000000,66.27,66.44,66.1,66.1,85.87,5687.2045
1783461600000,66.1,66.36,66.0,66.16,195.13,12912.5028
1783465200000,66.16,66.3,65.86,65.87,315.82,20876.4944
1783468800000,65.87,66.19,65.83,66.11,126.21,8332.2006
1783472400000,66.11,66.11,65.32,65.42,466.06,30569.4983
1783476000000,65.42,65.79,65.23,65.73,819.38,53635.7
1783479600000,65.73,65.93,65.63,65.68,170.57,11227.7503
1783483200000,65.68,66.18,65.66,66.18,172.18,11344.6979
1783486800000,66.18,66.29,66.14,66.23,119.97,7942.4514
1783490400000,66.23,66.32,65.92,66.32,311.7,20595.1677
1783494000000,66.32,66.32,65.85,66.11,593.7,39197.2743
1783497600000,66.11,66.12,64.83,64.99,1705.01,111322.8412
1783501200000,64.99,65.26,64.8,65.13,334.82,21774.9896
1783504800000,65.13,65.16,64.82,64.85,226.03,14690.5204
1783508400000,64.85,65.13,64.76,65.12,209.6,13605.7386
1783512000000,65.12,65.2,64.6,64.63,302.85,19642.8501
1783515600000,64.63,64.9,64.43,64.8,330.42,21365.5329
1783519200000,64.8,64.8,64.21,64.41,479.23,30895.4704
1783522800000,64.41,64.49,64.0,64.39,649.17,41659.9452
1783526400000,64.39,64.73,64.37,64.73,200.17,12932.7447
1783530000000,64.73,64.8,64.07,64.08,366.46,23588.2925
1783533600000,64.08,65.12,64.08,64.95,610.9,39543.6307
1783537200000,64.95,65.35,64.58,65.33,261.12,16977.761
1783540800000,65.33,65.33,64.78,64.84,217.89,14160.486
1783544400000,64.84,65.11,64.74,65.11,67.09,4353.4624
1783548000000,65.11,65.16,64.98,65.02,94.34,6140.4288
1783551600000,65.02,66.15,65.02,65.71,1401.17,92069.0939
1783555200000,65.71,65.92,65.41,65.47,179.62,11790.5039
1783558800000,65.47,65.69,65.06,65.39,805.4,52607.9208
1783562400000,65.39,65.67,65.15,65.15,114.57,7494.4568
1783566000000,65.15,65.43,65.05,65.42,54.5,3556.1834
1783569600000,65.42,65.6,65.34,65.6,64.8,4247.4313
1783573200000,65.6,65.67,65.43,65.6,42.31,2773.2752
1783576800000,65.6,65.88,65.55,65.85,213.38,14044.5265
1783580400000,65.85,66.18,65.76,66.17,229.58,15148.2059
1783584000000,66.17,66.24,66.0,66.16,185.41,12264.8692
1783587600000,66.16,66.22,66.02,66.12,109.59,7244.5715
1783591200000,66.12,66.3,65.72,65.75,296.64,19588.6295
1783594800000,65.75,66.1,65.75,66.1,100.87,6649.9734
1783598400000,66.1,66.28,65.99,66.19,176.08,11639.7756
1783602000000,66.19,66.46,65.93,66.44,539.29,35742.8466
1783605600000,66.44,66.47,66.06,66.23,307.77,20389.8143
1783609200000,66.23,66.49,65.81,66.08,593.53,39280.9087
1783612800000,66.08,66.19,65.79,66.15,227.53,15004.6508
1783616400000,66.15,67.0,65.98,66.92,1278.76,85045.6824
1783620000000,66.92,67.13,66.47,67.0,865.38,57832.9315
1783623600000,67.0,67.94,66.98,67.66,1411.5,95285.1172
1783627200000,67.66,68.71,67.52,68.52,1061.28,72313.7771
1783630800000,68.52,68.6,68.16,68.29,556.26,37985.1766
1783634400000,68.29,68.46,68.1,68.21,336.14,22938.7076
1783638000000,68.21,68.29,67.95,67.98,391.27,26643.85
1783641600000,67.98,68.05,67.73,67.86,504.41,34252.8938
1783645200000,67.86,68.89,67.76,68.59,606.2,41477.287
1783648800000,68.59,69.27,68.48,68.76,961.72,66196.2447
1783652400000,68.76,68.8,68.32,68.32,501.12,34343.0909
1783656000000,68.32,68.41,68.2,68.28,395.82,27037.2665
1783659600000,68.28,68.59,67.46,68.19,1067.36,72577.102
1783663200000,68.19,68.19,67.55,67.55,516.35,35018.8145
1783666800000,67.55,67.74,67.48,67.62,372.78,25214.7647
1783670400000,67.62,68.38,67.6,68.35,1584.01,107655.2945
1783674000000,68.35,68.53,68.22,68.29,299.0,20433.7159
1783677600000,68.29,68.73,68.2,68.47,417.55,28598.3787
1783681200000,68.47,68.61,68.42,68.5,412.84,28276.0508
1783684800000,68.5,68.58,68.13,68.13,428.92,29334.2995
1783688400000,68.13,68.74,68.07,68.62,649.53,44458.0786
1783692000000,68.62,68.67,67.97,68.26,635.9,43470.7687
1783695600000,68.26,69.15,68.26,68.61,1227.16,84471.0299
1783699200000,68.61,69.0,68.44,68.84,626.59,43063.6301
1783702800000,68.84,68.91,68.5,68.52,471.58,32400.7208
1783706400000,68.52,68.88,68.5,68.78,333.0,22885.7795
1783710000000,68.78,68.85,68.61,68.67,367.12,25228.2924
1783713600000,68.67,68.68,68.22,68.22,235.08,16092.7895
1783717200000,68.22,68.37,68.1,68.17,188.72,12871.7685
1783720800000,68.17,68.18,68.03,68.16,218.54,14877.3386
1783724400000,68.16,68.16,67.92,67.92,337.33,22933.2984
1783728000000,67.92,67.93,67.68,67.81,592.83,40179.2867
1783731600000,67.81,67.95,67.65,67.8,375.29,25437.5557
1783735200000,67.8,67.96,67.67,67.89,273.86,18567.7414
1783738800000,67.89,67.95,67.6,67.71,325.88,22072.9937
1783742400000,67.71,67.74,67.46,67.59,283.08,19120.1168
1783746000000,67.59,67.88,66.77,67.65,4592.89,309197.4594
1783749600000,67.65,67.91,67.14,67.49,1436.73,96884.4987
1783753200000,67.49,67.58,67.4,67.56,256.37,17294.6372
1783756800000,67.56,67.56,67.27,67.44,338.59,22815.2232
1783760400000,67.44,67.45,67.23,67.32,310.92,20923.2991
1783764000000,67.32,67.36,67.18,67.21,235.89,15859.3426
1783767600000,67.21,67.28,67.14,67.25,247.4,16619.5954
1783771200000,67.25,67.27,67.01,67.12,295.77,19853.0326
1783774800000,67.12,67.28,66.92,66.92,534.74,35855.4762
1783778400000,66.92,67.06,66.92,66.98,341.25,22851.6077
1783782000000,66.98,67.11,66.5,66.66,938.56,62688.4164
1783785600000,66.66,66.86,66.57,66.86,439.99,29338.2077
1783789200000,66.86,66.86,66.48,66.66,612.25,40802.3591
1783792800000,66.66,66.74,66.27,66.49,450.34,29973.1396
1783796400000,66.49,67.35,66.36,66.87,796.97,53211.8921
1783800000000,66.87,67.12,66.75,67.07,271.25,18142.2867
1783803600000,67.07,67.07,66.76,66.85,299.94,20055.0336
1783807200000,66.85,66.88,66.44,66.44,204.2,13610.6005
1783810800000,66.44,66.53,65.76,65.8,535.07,35346.5763
1783814400000,65.8,66.09,65.66,65.92,496.02,32687.7544
1783818000000,65.92,66.14,65.86,65.95,407.39,26883.3072
1783821600000,65.95,65.97,65.79,65.82,293.92,19353.6518
1783825200000,65.82,66.63,65.78,66.36,559.1,37051.5973
1783828800000,66.36,66.57,66.2,66.27,138.79,9220.1195
1783832400000,66.27,66.33,65.79,65.81,310.2,20473.6127
1783836000000,65.81,65.86,65.67,65.69,85.38,5613.9058
1783839600000,65.69,65.73,65.58,65.59,59.74,3921.7256
1783843200000,65.59,65.72,65.51,65.53,303.45,19902.1927
1783846800000,65.53,65.56,65.48,65.56,67.37,4413.3924
1783850400000,65.56,65.65,65.43,65.62,511.69,33539.9326
1783854000000,65.62,65.8,65.62,65.73,132.95,8735.5104
1783857600000,65.73,65.94,65.58,65.69,359.89,23669.8529
1783861200000,65.69,65.84,65.66,65.79,171.93,11299.3087
1783864800000,65.79,65.89,65.73,65.8,135.01,8885.1898
1783868400000,65.8,66.12,65.8,65.9,260.03,17147.0963
1783872000000,65.9,65.94,65.5,65.76,647.95,42609.5762
1783875600000,65.76,65.76,65.53,65.6,199.68,13104.649
1783879200000,65.6,65.66,65.51,65.56,133.6,8758.9094
1783882800000,65.56,65.72,65.51,65.69,228.85,15015.4575
1783886400000,65.69,65.79,65.5,65.64,262.4,17242.5058
1783890000000,65.64,65.72,65.44,65.46,229.24,15027.7255
1783893600000,65.46,65.47,65.14,65.33,721.87,47108.4507
1783897200000,65.33,65.4,65.22,65.4,220.96,14430.0498
1783900800000,65.4,65.83,65.15,65.42,352.22,23070.459
1783904400000,65.42,65.45,65.02,65.09,173.83,11335.6973
1783908000000,65.09,65.27,64.94,65.06,186.81,12159.1866
1783911600000,65.06,65.06,64.69,64.79,272.27,17656.163
1783915200000,64.79,65.18,64.7,65.04,288.88,18776.94
1783918800000,65.04,65.34,64.89,65.26,220.0,14332.4119
1783922400000,65.26,65.33,65.11,65.2,92.66,6044.3812
1783926000000,65.2,65.42,65.05,65.37,202.2,13187.0737
1783929600000,65.37,66.22,65.28,66.03,926.06,61102.9359
1783933200000,66.03,66.31,65.89,65.89,366.43,24226.5914
1783936800000,65.89,66.19,65.76,65.8,362.89,23940.4764
1783940400000,65.8,66.27,65.8,65.84,263.53,17417.581
1783944000000,65.84,65.87,65.27,65.35,556.54,36478.7933
1783947600000,65.35,65.48,64.89,65.39,641.86,41821.4634
1783951200000,65.39,65.43,64.73,65.05,720.43,46871.1614
1783954800000,65.05,65.14,63.93,64.33,2813.35,181142.0321
1783958400000,64.33,65.08,64.25,64.37,1634.99,105568.7636
1783962000000,64.37,64.45,63.92,63.93,495.75,31800.388
1783965600000,63.93,64.96,63.86,64.89,1569.62,101179.488
1783969200000,64.89,64.89,64.48,64.67,428.78,27724.3889
1783972800000,64.67,64.7,64.23,64.41,411.23,26510.2583
1783976400000,64.41,64.58,64.3,64.4,256.07,16506.7752
1783980000000,64.4,64.85,64.37,64.68,261.62,16921.0647
1783983600000,64.68,64.89,64.56,64.77,118.48,7668.0235
1783987200000,64.77,64.96,64.7,64.74,159.35,10327.3188
1783990800000,64.74,64.78,64.46,64.46,99.43,6424.4449
1783994400000,64.46,64.46,64.11,64.22,139.89,8994.8927
1783998000000,64.22,64.24,64.01,64.2,169.42,10866.9051
1784001600000,64.2,64.23,64.01,64.04,139.1,8919.3169
1784005200000,64.04,64.44,64.04,64.22,322.27,20724.8162
1784008800000,64.22,64.22,64.04,64.09,133.03,8527.5474
1784012400000,64.09,64.16,63.78,63.8,255.42,16333.9973
1784016000000,63.8,64.04,63.73,63.84,239.35,15290.5482
1784019600000,63.84,63.98,63.83,63.87,216.99,13870.2013
1784023200000,63.87,64.1,63.84,63.99,184.82,11822.2406
1784026800000,63.99,64.02,63.66,63.66,314.39,20046.49
1784030400000,63.66,64.69,63.64,64.67,753.35,48303.2366
1784034000000,64.67,64.9,64.34,64.62,767.4,49602.4481
1784037600000,64.62,64.62,64.1,64.55,540.24,34767.0291
1784041200000,64.55,65.18,64.49,64.71,794.16,51482.5089
1784044800000,64.71,65.0,64.17,64.72,2052.53,132541.5415
1784048400000,64.72,64.76,64.24,64.69,680.97,43929.5231
1784052000000,64.69,64.8,64.37,64.44,292.49,18890.1828
1784055600000,64.44,64.52,64.29,64.52,231.4,14900.2077
1784059200000,64.52,64.64,64.4,64.64,143.79,9271.8617
1784062800000,64.64,65.2,64.63,65.2,1269.23,82402.1328
1784066400000,65.2,65.8,65.2,65.69,605.9,39755.0771
1784070000000,65.69,65.82,65.55,65.75,336.32,22091.6477
1784073600000,65.75,66.1,65.6,65.6,704.05,46387.8485
1784077200000,65.6,65.83,65.44,65.48,313.84,20584.4323
1784080800000,65.48,65.54,65.26,65.4,330.51,21608.9132
1784084400000,65.4,66.1,65.35,65.95,429.88,28222.5208
1784088000000,65.95,66.07,65.65,65.8,417.51,27491.3719
1784091600000,65.8,65.89,65.68,65.87,173.6,11419.5909
1784095200000,65.87,65.95,65.54,65.54,168.56,11077.7716
1784098800000,65.54,65.67,65.27,65.28,159.82,10466.7691
1784102400000,65.28,65.62,65.09,65.6,330.57,21599.9436
1784106000000,65.6,65.62,65.02,65.05,564.8,36920.2486
1784109600000,65.05,65.21,64.95,65.0,140.14,9115.2687
1784113200000,65.0,65.1,64.86,65.03,201.87,13126.0955
1784116800000,65.03,65.6,65.01,65.59,382.7,24971.8115
1784120400000,65.59,65.73,64.98,65.12,571.81,37440.0391
1784124000000,65.12,65.44,64.94,65.24,607.71,39602.1409
1784127600000,65.24,65.34,64.63,64.77,2058.84,133823.0414
1784131200000,64.77,64.9,64.07,64.47,1212.98,78124.0591
1784134800000,64.47,64.9,64.3,64.89,424.57,27406.4833
1784138400000,64.89,65.1,64.7,64.75,791.65,51401.4047
1784142000000,64.75,65.04,64.75,64.88,341.56,22168.6483
1784145600000,64.88,65.16,64.84,64.88,245.27,15941.7826
1784149200000,64.88,65.11,64.84,64.92,243.42,15818.6522
1784152800000,64.92,65.06,64.75,65.0,195.35,12671.7059
1784156400000,65.0,65.2,65.0,65.2,95.54,6221.7904
1784160000000,65.2,65.68,65.11,65.22,664.79,43486.3671
1784163600000,65.22,65.47,65.16,65.25,160.44,10480.4244
1784167200000,65.25,65.49,64.77,64.83,310.54,20223.2267
1784170800000,64.83,65.04,64.56,64.73,526.23,34070.4442
1784174400000,64.73,64.89,64.67,64.87,104.68,6780.1313
1784178000000,64.87,65.07,64.81,64.97,71.34,4635.3398
1784181600000,64.97,65.25,64.92,65.09,199.4,12980.6113
1784185200000,65.09,65.17,64.88,64.97,304.67,19817.6192
1784188800000,64.97,65.04,64.34,64.63,600.05,38771.5029
1784192400000,64.63,64.8,64.56,64.67,173.83,11249.8422
1784196000000,64.67,64.95,64.63,64.8,128.74,8344.8195
1784199600000,64.8,64.83,64.61,64.82,91.12,5898.9045
1784203200000,64.82,64.87,64.42,64.58,253.6,16389.3282
1784206800000,64.58,64.94,64.57,64.85,367.24,23773.1939
1784210400000,64.85,65.2,64.83,64.93,355.71,23119.7854
1784214000000,64.93,65.11,64.56,64.79,305.38,19786.8303
1784217600000,64.79,64.8,64.4,64.62,412.79,26660.6582
1784221200000,64.62,64.63,63.9,64.05,549.19,35245.6235
1784224800000,64.05,64.26,63.73,63.88,557.8,35693.5505
1784228400000,63.88,64.05,63.64,63.74,252.63,16125.9325
1784232000000,63.74,63.82,63.67,63.74,58.01,3697.6108
1784235600000,63.74,64.1,63.7,63.9,213.86,13672.3331
1784239200000,63.9,64.01,63.69,63.74,77.79,4965.7336
1784242800000,63.74,63.82,63.52,63.59,284.07,18079.0899
1784246400000,63.59,63.67,63.24,63.6,590.22,37450.892
1784250000000,63.6,63.7,63.33,63.37,101.74,6466.2043
1784253600000,63.37,63.9,63.31,63.69,335.7,21376.6576
1784257200000,63.69,64.01,63.69,63.94,62.71,4006.8131
1784260800000,63.94,64.02,63.77,63.95,216.03,13805.9105
1784264400000,63.95,64.13,63.52,63.92,512.14,32681.5085
1784268000000,63.92,64.4,63.89,64.11,923.56,59300.334
1784271600000,64.11,64.11,63.79,64.1,124.61,7967.9945
1784275200000,64.1,64.1,63.6,63.89,343.6,21908.0764
1784278800000,63.89,64.24,63.89,64.05,456.32,29247.0124
1784282400000,64.05,64.85,64.05,64.83,202.32,13048.6305
1784286000000,64.83,66.31,64.76,66.19,2025.06,133210.5017
1784289600000,66.19,66.6,65.74,66.22,1253.2,82924.6911
1784293200000,66.22,67.01,65.71,66.81,1727.26,114598.5428
1784296800000,66.81,67.3,66.76,67.04,1166.04,78228.0218
1784300400000,67.04,67.6,66.69,67.36,669.52,44960.071
1784304000000,67.36,67.7,67.01,67.07,1047.64,70531.4017
1784307600000,67.07,67.36,66.64,66.67,344.49,23033.8452
1784311200000,66.67,66.75,66.41,66.42,282.21,18796.5481
1784314800000,66.42,66.5,65.43,65.76,1605.67,105844.1586
1784318400000,65.76,66.0,64.81,65.41,1046.01,68347.0052
1784322000000,65.41,65.56,65.18,65.27,638.82,41755.4981
1784325600000,65.27,65.78,65.18,65.65,275.83,18044.3278
1784329200000,65.65,65.65,65.02,65.02,323.98,21159.327
1784332800000,65.02,65.08,64.5,64.51,750.72,48665.6866
1784336400000,64.51,64.9,64.51,64.72,317.04,20502.8257
1784340000000,64.72,65.07,64.67,64.7,278.92,18098.0134
1784343600000,64.7,64.8,64.63,64.69,66.05,4274.9859
1784347200000,64.69,64.91,64.55,64.67,609.4,39466.6834
1784350800000,64.67,64.76,64.42,64.49,450.27,29060.1841
1784354400000,64.49,64.6,64.42,64.6,129.34,8341.5966
1784358000000,64.6,64.7,64.57,64.63,78.63,5082.662
1784361600000,64.63,64.89,64.58,64.86,252.33,16346.3066
1784365200000,64.86,64.86,63.93,64.11,1090.72,70031.5685
1784368800000,64.11,64.55,64.11,64.34,569.61,36657.7405
1784372400000,64.34,64.54,64.09,64.17,461.42,29653.8011
1784376000000,64.17,64.5,64.05,64.26,365.09,23474.2239
1784379600000,64.26,64.41,64.15,64.39,112.19,7210.3345
1784383200000,64.39,64.59,64.38,64.56,141.51,9128.823
1784386800000,64.56,64.59,64.3,64.46,216.47,13944.4098
1784390400000,64.46,64.74,64.38,64.69,393.38,25377.6801
1784394000000,64.69,64.84,64.4,64.82,200.33,12935.073
1784397600000,64.82,64.9,64.56,64.67,174.13,11265.5924
1784401200000,64.67,64.78,64.57,64.59,117.7,7609.4038
1784404800000,64.59,64.59,63.71,63.94,929.5,59559.3605
1784408400000,63.94,64.03,63.77,63.83,140.2,8957.3049
1784412000000,63.83,63.85,63.68,63.74,201.6,12853.0545
1784415600000,63.74,63.84,63.69,63.77,114.1,7275.2161
1784419200000,63.77,64.11,63.72,63.97,280.64,17950.573
1784422800000,63.97,63.98,63.87,63.93,49.36,3154.1493
1784426400000,63.93,64.08,63.93,64.03,74.17,4745.6555
1784430000000,64.03,64.52,64.0,64.5,326.21,20978.4252
1784433600000,64.5,64.64,64.46,64.5,114.28,7377.6026
1784437200000,64.5,64.6,64.45,64.6,97.43,6285.2524
1784440800000,64.6,64.83,64.46,64.46,202.87,13121.2847
1784444400000,64.46,64.5,64.32,64.38,106.69,6871.2868
1784448000000,64.38,64.54,64.31,64.51,65.66,4232.7509
1784451600000,64.51,64.52,64.31,64.33,27.22,1752.3982
1784455200000,64.33,64.44,64.25,64.4,97.14,6249.6042
1784458800000,64.4,64.45,63.99,64.06,372.6,23892.368
1784462400000,64.06,64.12,63.76,64.03,218.14,13953.7131
1784466000000,64.03,64.23,63.98,64.23,81.72,5234.8122
1784469600000,64.23,64.24,63.92,64.03,253.57,16236.9708
1784473200000,64.03,64.16,63.92,64.16,130.34,8347.4687
1784476800000,64.16,64.4,64.13,64.36,131.13,8432.7832
1784480400000,64.36,64.38,64.14,64.14,99.28,6375.376
1784484000000,64.14,64.14,63.87,64.08,189.07,12095.6366
1784487600000,64.08,64.11,63.93,63.97,63.33,4056.0848
1784491200000,63.97,64.1,63.97,64.02,27.32,1750.1147
1784494800000,64.02,64.03,63.79,63.83,87.46,5584.3265
1784498400000,63.83,64.17,63.83,63.98,81.17,5197.7672
1784502000000,63.98,64.09,63.79,64.06,282.07,18036.5195
1784505600000,64.06,64.32,63.87,63.88,129.23,8284.303
1784509200000,63.88,64.08,63.85,63.97,267.38,17090.4711
1784512800000,63.97,64.14,63.79,64.06,126.58,8100.2111
1784516400000,64.06,64.07,63.78,63.83,120.79,7717.453
1784520000000,63.83,64.0,63.81,63.84,94.34,6028.1598
1784523600000,63.84,63.84,62.56,63.04,3809.2,240481.5287
1784527200000,63.04,63.21,62.72,62.77,640.02,40332.7381
1784530800000,62.77,63.16,62.77,63.11,339.94,21409.6873
1784534400000,63.11,63.19,62.84,62.9,540.84,34076.8948
1784538000000,62.9,62.98,62.81,62.88,260.92,16410.1202
1784541600000,62.88,63.05,62.77,62.93,594.13,37371.3246
1784545200000,62.93,63.6,62.85,63.6,403.62,25537.3123
1784548800000,63.6,63.62,63.13,63.43,419.8,26614.1924
1784552400000,63.43,63.78,63.21,63.29,461.77,29315.733
1784556000000,63.29,63.49,62.88,63.32,590.05,37316.834
1784559600000,63.32,63.83,63.3,63.7,578.43,36779.2635
1784563200000,63.7,64.0,63.38,63.91,706.22,44941.5509
1784566800000,63.91,64.3,63.89,64.18,568.21,36437.0737
1784570400000,64.18,64.36,63.91,63.92,472.0,30275.9094
1784574000000,63.92,64.11,63.84,63.99,191.2,12228.4231
1784577600000,63.99,64.25,63.9,64.23,156.38,10028.2227
1784581200000,64.23,64.74,64.17,64.72,299.87,19328.1881
1784584800000,64.72,64.8,64.39,64.4,324.77,20987.4528
1784588400000,64.4,64.78,64.39,64.7,44.9,2900.3795
1784592000000,64.7,64.98,64.47,64.55,287.82,18644.4016
1784595600000,64.55,64.56,64.02,64.08,426.4,27379.7235
1784599200000,64.08,64.24,64.02,64.21,73.04,4685.7237
1784602800000,64.21,64.57,64.2,64.43,190.83,12298.8422
1784606400000,64.43,64.56,64.27,64.5,205.62,13243.2378
1784610000000,64.5,64.64,64.38,64.46,144.48,9324.0313
1784613600000,64.46,64.57,64.09,64.23,667.12,42887.2212
1784617200000,64.23,64.43,63.88,64.32,419.44,26897.1859
1784620800000,64.32,64.37,63.84,63.94,894.0,57275.6329
1784624400000,63.94,63.96,63.67,63.86,433.57,27669.1547
1784628000000,63.86,64.0,63.78,63.93,313.67,20039.4199
1784631600000,63.93,64.02,63.65,63.67,278.93,17799.186
1784635200000,63.67,64.1,63.64,64.02,293.38,18751.1324
1784638800000,64.02,64.35,63.62,64.26,686.34,43862.4497
1784642400000,64.26,64.85,64.23,64.69,632.68,40889.5674
1784646000000,64.69,64.71,64.29,64.48,574.62,37041.5221
1784649600000,64.48,64.55,64.32,64.32,132.58,8542.969
1784653200000,64.32,64.64,64.26,64.38,472.06,30431.7982
1784656800000,64.38,64.76,64.36,64.73,132.24,8535.7857
1784660400000,64.73,64.74,64.37,64.53,567.48,36647.8647
1784664000000,64.53,65.35,64.39,64.47,5160.8,334680.3534
1784667600000,64.47,64.65,64.2,64.39,1303.65,83970.5579
1784671200000,64.39,64.47,64.17,64.37,377.48,24287.8024
1784674800000,64.37,64.42,64.24,64.28,171.51,11029.3602
1784678400000,64.28,64.48,64.24,64.33,250.98,16144.9111
1784682000000,64.33,64.33,64.03,64.1,203.36,13051.8993
1784685600000,64.1,64.14,63.69,63.73,302.32,19320.5871
1784689200000,63.73,63.86,63.61,63.61,494.46,31497.2555
1784692800000,63.61,64.05,63.53,63.85,775.49,49504.9129
1784696400000,63.85,64.03,63.83,63.99,344.05,22002.7851
1784700000000,63.99,64.0,63.64,63.74,151.33,9653.495
1784703600000,63.74,63.79,63.62,63.79,213.04,13567.8922
1784707200000,63.79,63.85,63.53,63.85,853.87,54338.1035
1784710800000,63.85,64.15,63.81,64.13,571.01,36531.2556
1784714400000,64.13,64.46,64.04,64.32,676.18,43376.3235
1784718000000,64.32,64.44,64.06,64.25,366.44,23526.3416
1784721600000,64.25,64.32,64.07,64.07,144.76,9295.94
1784725200000,64.07,64.42,63.78,64.39,422.94,27081.389
1784728800000,64.39,64.55,63.95,64.05,1435.93,92201.3268
1784732400000,64.05,64.4,63.87,63.89,570.58,36587.8618
1784736000000,63.89,64.02,63.52,63.95,425.3,27123.3221
1784739600000,63.95,63.97,63.64,63.66,122.56,7814.2777
1784743200000,63.66,63.74,63.39,63.42,165.98,10551.2641
1784746800000,63.42,63.74,63.38,63.54,377.94,24020.6989
1784750400000,63.54,63.6,63.44,63.57,57.99,3683.7807
1784754000000,63.57,63.76,63.53,63.65,129.15,8222.4779
1784757600000,63.65,63.68,63.47,63.51,145.46,9241.9502
1784761200000,63.51,63.64,63.23,63.64,218.53,13863.0592
1784764800000,63.64,63.69,63.52,63.52,87.76,5582.2498
1784768400000,63.52,63.52,63.29,63.31,113.72,7207.6666
1784772000000,63.31,63.41,63.01,63.15,291.22,18398.8966
1784775600000,63.15,63.33,63.02,63.16,209.02,13205.459
1784779200000,63.16,63.5,63.12,63.38,159.85,10134.5635
1784782800000,63.38,63.52,63.36,63.43,39.56,2509.9608
1784786400000,63.43,63.81,63.35,63.77,70.4,4478.8205
1784790000000,63.77,64.09,63.61,64.09,584.66,37346.8901
1784793600000,64.09,64.38,64.0,64.15,220.08,14126.0415
1784797200000,64.15,64.29,63.88,63.93,314.55,20135.7877
1784800800000,63.93,64.0,63.8,63.8,44.76,2860.0139
1784804400000,63.8,63.8,63.39,63.49,183.67,11678.5148
1784808000000,63.49,63.66,62.86,62.97,287.74,18204.0227
1784811600000,62.97,63.15,62.59,62.59,1260.39,79231.9246
1784815200000,62.59,63.48,62.3,63.16,3712.81,234146.5865
1784818800000,63.16,63.46,62.99,63.25,457.1,28899.9429
1784822400000,63.25,63.75,63.18,63.68,387.03,24586.4663
1784826000000,63.68,64.02,63.0,63.06,1699.01,107675.7034
1784829600000,63.06,63.46,63.06,63.38,297.97,18861.1444
1784833200000,63.38,63.49,63.03,63.12,166.47,10525.6188
1784836800000,63.12,63.37,63.05,63.33,395.26,24985.6254
1784840400000,63.33,63.46,63.14,63.39,327.07,20698.9984
1784844000000,63.39,63.39,63.29,63.34,98.88,6264.6037
1784847600000,63.34,63.73,63.34,63.64,219.08,13918.547
1784851200000,63.64,63.68,63.28,63.6,190.23,12072.7401
1784854800000,63.6,63.88,63.59,63.65,132.46,8441.5232
1784858400000,63.65,63.78,63.38,63.61,213.98,13610.17
1784862000000,63.61,63.79,63.54,63.55,366.87,23346.3682
1784865600000,63.55,63.75,63.46,63.66,372.72,23687.4552
1784869200000,63.66,63.75,63.56,63.58,124.57,7929.9428
1784872800000,63.58,63.7,63.51,63.59,190.59,12119.5372
1784876400000,63.59,63.85,63.55,63.73,313.66,19979.3386
1784880000000,63.73,63.75,63.53,63.69,217.38,13839.629
1784883600000,63.69,63.71,63.38,63.57,235.67,14969.7507
1784887200000,63.57,63.59,63.36,63.57,96.89,6149.4261
1784890800000,63.57,63.61,63.23,63.32,182.68,11585.197
1784894400000,63.32,63.4,63.12,63.2,140.95,8920.511
1784898000000,63.2,63.2,62.62,62.83,1411.29,88771.0985
1784901600000,62.83,62.96,62.37,62.9,1503.16,94162.9637
1784905200000,62.9,63.39,62.5,63.3,1331.37,83643.0324
1784908800000,63.3,64.02,63.19,63.37,1830.1,116734.6802
1784912400000,63.37,64.12,63.21,64.09,690.3,43901.4025
1784916000000,64.09,64.34,63.83,64.1,403.13,25861.3601
1784919600000,64.1,64.22,63.89,64.22,502.21,32190.417
1784923200000,64.22,64.37,63.87,63.92,391.09,25061.757
1784926800000,63.92,63.93,63.53,63.62,251.91,16044.9751
1784930400000,63.62,63.82,63.23,63.25,356.31,22669.2311
1784934000000,63.25,63.72,63.2,63.38,458.49,29093.7218
1784937600000,63.38,63.74,63.33,63.74,112.4,7151.1128
1784941200000,63.74,63.74,63.42,63.45,45.63,2899.2858
1784944800000,63.45,63.67,63.36,63.52,199.5,12668.7066
1784948400000,63.52,63.65,63.45,63.46,96.82,6153.449
1784952000000,63.46,63.61,63.36,63.41,218.57,13883.3655
1784955600000,63.41,63.49,63.31,63.33,172.36,10924.5531
1784959200000,63.33,63.52,63.26,63.36,135.98,8618.7664
1784962800000,63.36,63.49,63.25,63.34,45.53,2885.4839
1784966400000,63.34,63.67,63.15,63.21,548.71,34813.8551
1784970000000,63.21,63.28,63.07,63.26,72.85,4602.779
1784973600000,63.26,63.33,63.04,63.13,192.14,12129.2526
1784977200000,63.13,63.24,63.06,63.09,256.48,16207.3868
1784980800000,63.09,63.15,62.92,63.08,151.14,9526.5358
1784984400000,63.08,63.48,63.04,63.3,279.67,17714.3932
1784988000000,63.3,63.39,63.12,63.13,195.11,12338.7001
1784991600000,63.13,63.28,63.03,63.11,152.36,9624.2011
1784995200000,63.11,63.5,62.93,63.04,382.13,24112.6688
1784998800000,63.04,63.1,62.92,62.92,220.98,13920.5846
1785002400000,62.92,63.19,62.92,63.18,78.02,4924.221
1785006000000,63.18,63.27,63.18,63.23,76.33,4826.5945
1785009600000,63.23,63.4,63.17,63.26,179.03,11330.2936
1785013200000,63.26,63.33,63.21,63.3,56.11,3550.53
1785016800000,63.3,63.59,63.3,63.52,82.85,5260.7537
1785020400000,63.52,63.54,63.22,63.22,76.47,4844.5387
1785024000000,63.22,63.61,63.22,63.56,80.84,5123.8198
1785027600000,63.56,63.8,63.56,63.69,153.83,9801.307
1785031200000,63.69,63.88,63.55,63.87,105.18,6699.9465
1785034800000,63.87,63.87,63.67,63.79,64.92,4137.6325
1785038400000,63.79,63.98,63.79,63.9,54.84,3502.5301
1785042000000,63.9,63.95,63.45,63.69,385.28,24515.0824
1785045600000,63.69,63.69,62.49,63.25,985.06,62179.2044
1785049200000,63.25,63.49,63.25,63.33,168.45,10674.235
1785052800000,63.33,63.4,62.43,62.99,1649.94,103599.3232
1785056400000,62.99,63.02,62.85,62.98,150.38,9464.3954
1785060000000,62.98,63.06,62.9,62.98,199.4,12558.4371
1785063600000,62.98,63.01,62.8,62.95,72.04,4532.4397
1785067200000,62.95,63.29,62.77,63.06,674.37,42469.6394
1785070800000,63.06,63.06,62.73,62.86,149.97,9438.9625
1785074400000,62.86,62.92,62.77,62.92,35.53,2233.6445
1785078000000,62.92,63.31,62.88,63.28,325.78,20587.8445
1785081600000,63.28,64.19,63.23,63.61,1768.58,113193.6982
1785085200000,63.61,63.94,63.58,63.85,84.28,5376.5063
1785088800000,63.85,63.89,63.52,63.72,224.08,14258.7051
1785092400000,63.72,63.72,63.36,63.48,450.14,28569.7291
1785096000000,63.48,63.56,63.29,63.36,405.98,25724.2199
1785099600000,63.36,63.42,63.0,63.41,232.86,14729.8346
1785103200000,63.41,63.86,63.37,63.74,264.33,16828.9105
1785106800000,63.74,63.79,63.49,63.63,296.82,18875.6382
1785110400000,63.63,63.82,63.57,63.64,155.98,9929.912
1785114000000,63.64,63.71,63.5,63.66,70.48,4484.1217
1785117600000,63.66,63.75,63.43,63.52,129.97,8264.1369
1785121200000,63.52,63.55,63.15,63.27,232.93,14728.325
1785124800000,63.27,63.27,63.07,63.14,131.89,8333.5019
1785128400000,63.14,63.2,63.01,63.14,174.91,11043.276
1785132000000,63.14,63.4,63.07,63.1,931.55,58940.6832
1785135600000,63.1,63.15,62.87,62.87,239.1,15055.9043
1785139200000,62.87,62.91,62.43,62.53,712.22,44632.4494
1785142800000,62.53,62.6,62.15,62.54,772.29,48115.9482
1785146400000,62.54,62.75,62.4,62.52,335.72,21004.5699
1785150000000,62.52,62.69,62.37,62.6,557.68,34904.4004
1785153600000,62.6,62.74,62.3,62.57,379.6,23728.6707
1785157200000,62.57,63.13,62.37,62.67,1310.23,82297.2106
1785160800000,62.67,62.7,61.84,62.15,932.56,58041.3363
1785164400000,62.15,62.25,61.84,61.91,459.23,28484.9407
1785168000000,61.91,61.95,60.95,61.64,2134.32,130960.4993
1785171600000,61.64,61.94,61.59,61.85,222.53,13751.2293
1785175200000,61.85,61.92,61.68,61.87,362.45,22408.8978
1785178800000,61.87,62.28,61.77,62.25,278.43,17279.4953
1785182400000,62.25,62.79,62.25,62.59,309.91,19367.086
1785186000000,62.59,62.78,62.32,62.42,155.85,9744.2396
1785189600000,62.42,62.42,61.3,61.39,493.55,30506.753
1785193200000,61.39,61.65,61.24,61.42,221.07,13567.3598
1785196800000,61.42,61.97,61.24,61.32,2313.25,142688.9585
1785200400000,61.32,61.54,61.05,61.44,222.45,13629.5986
1785204000000,61.44,61.88,61.26,61.87,191.11,11767.933
1785207600000,61.87,61.88,61.71,61.75,139.3,8606.8487
1785211200000,61.75,61.9,61.65,61.79,135.39,8366.8234
1785214800000,61.79,61.99,61.38,61.4,198.32,12228.1445
1785218400000,61.4,62.35,61.34,62.23,223.42,13855.1636
1785222000000,62.23,62.27,61.84,61.93,155.16,9619.2834
1785225600000,61.93,61.93,60.92,61.59,1579.65,96764.9548
1785229200000,61.59,61.68,61.47,61.48,170.82,10523.9854
1785232800000,61.48,61.58,61.15,61.17,199.83,12258.1155
1785236400000,61.17,61.45,61.05,61.34,283.95,17380.5611
1785240000000,61.34,61.41,60.8,61.02,539.29,32857.6231
1785243600000,61.02,61.21,60.29,60.4,1102.33,66803.7141
1785247200000,60.4,61.29,60.17,61.18,912.31,55431.2248
1785250800000,61.18,61.77,61.0,61.25,776.79,47606.3675
1785254400000,61.25,61.25,60.57,60.93,275.17,16746.6123
1785258000000,60.93,61.0,60.59,60.6,112.74,6860.0304
1785261600000,60.6,60.83,59.91,60.13,960.92,57812.2108
1785265200000,60.13,60.42,60.13,60.35,150.95,9102.9929
1785268800000,60.35,60.59,60.24,60.59,286.53,17326.1862
1785272400000,60.59,60.85,60.49,60.62,404.6,24564.3189
1785276000000,60.62,60.69,60.09,60.16,153.65,9265.8011
1785279600000,60.16,60.51,60.02,60.5,138.6,8360.8276
1785283200000,60.5,60.86,60.3,60.72,469.74,28462.7504
1785286800000,60.72,60.73,60.0,60.0,106.58,6426.565
1785290400000,60.0,60.35,59.86,60.1,384.26,23096.5011
1785294000000,60.1,60.36,59.74,59.92,631.51,37861.9328
1785297600000,59.92,60.11,59.41,60.11,1132.4,67667.06
1785301200000,60.11,60.21,59.88,60.03,464.28,27862.1191
1785304800000,60.03,60.23,59.85,60.09,1058.67,63517.5763
1785308400000,60.09,60.36,60.03,60.31,122.66,7390.0295
1785312000000,60.31,60.39,60.07,60.25,269.76,16255.8667
1785315600000,60.25,60.43,60.24,60.3,94.89,5725.927
1785319200000,60.3,60.47,59.96,60.06,360.32,21710.6353
1785322800000,60.06,60.4,60.06,60.4,48.39,2915.394
1785326400000,60.4,60.43,60.05,60.09,138.95,8367.5626
1785330000000,60.09,60.29,59.87,60.04,284.23,17074.7392
1785333600000,60.04,60.3,59.97,60.09,128.97,7760.0062
1785337200000,60.09,61.28,60.07,60.43,1484.02,90108.571
1785340800000,60.43,61.38,60.3,61.22,764.12,46524.0729
1785344400000,61.22,61.57,61.07,61.35,864.64,53040.1361
1785348000000,61.35,61.78,60.94,61.48,693.88,42569.8103
1785351600000,61.48,61.48,60.34,60.39,294.33,17895.2966
1785355200000,60.39,60.52,60.01,60.14,172.55,10396.079
1785358800000,60.14,60.56,59.82,60.48,643.78,38788.2994
1785362400000,60.48,60.84,60.48,60.66,389.23,23604.1302
1785366000000,60.66,60.68,60.51,60.55,174.28,10554.4357
1785369600000,60.55,61.01,60.48,60.56,820.98,50007.4243
1785373200000,60.56,61.01,60.53,60.88,252.94,15393.295
1785376800000,60.88,60.97,60.7,60.74,214.55,13039.2295
1785380400000,60.74,60.8,60.6,60.65,31.7,1923.3954
1785384000000,60.65,60.89,60.51,60.8,682.29,41423.438
1785387600000,60.8,60.87,60.62,60.86,127.41,7737.7305
1785391200000,60.86,61.08,60.75,61.03,481.83,29347.8857
1785394800000,61.03,61.13,60.71,60.71,85.05,5190.0994
1785398400000,60.71,60.71,60.35,60.44,852.14,51513.6442
1785402000000,60.44,60.55,60.38,60.52,99.69,6025.9023
1785405600000,60.52,60.65,60.31,60.36,138.27,8353.306
1785409200000,60.36,60.48,60.31,60.44,52.75,3186.0759
1785412800000,60.44,60.68,60.32,60.55,314.89,19053.8301
1785416400000,60.55,61.12,60.24,61.1,838.72,50935.7434
1785420000000,61.1,61.37,60.47,60.54,1177.4,71784.2343
1785423600000,60.54,60.72,60.38,60.61,192.05,11627.9131
1785427200000,60.61,60.89,60.42,60.56,263.0,15958.9956
1785430800000,60.56,60.57,60.19,60.43,354.14,21388.693
1785434400000,60.43,60.51,60.0,60.17,506.19,30457.625
1785438000000,60.17,60.8,60.04,60.71,545.92,33044.5442
1785441600000,60.71,60.87,60.67,60.76,83.89,5097.9911
1785445200000,60.76,61.07,60.71,60.8,244.76,14894.7399
1785448800000,60.8,60.87,60.63,60.76,46.3,2811.8448
1785452400000,60.76,60.85,60.6,60.61,96.99,5893.6303
1785456000000,60.61,60.81,60.52,60.71,66.59,4036.2515
1785459600000,60.71,60.96,60.52,60.7,173.89,10564.1912
1785463200000,60.7,60.85,60.59,60.82,49.89,3030.2859
1785466800000,60.82,60.99,60.65,60.74,96.95,5896.0647
1785470400000,60.74,60.77,60.57,60.57,80.59,4887.6252
1785474000000,60.57,60.81,60.55,60.81,32.4,1966.2082
1785477600000,60.81,60.92,60.68,60.92,15.93,968.0382
1785481200000,60.92,60.92,60.47,60.64,62.9,3815.8703
1785484800000,60.64,60.88,60.46,60.48,431.51,26166.8998
1785488400000,60.48,60.48,59.91,59.98,380.33,22905.9666
1785492000000,59.98,60.01,59.77,59.91,475.9,28501.2132
1785495600000,59.91,60.07,59.89,59.9,142.86,8564.8939
1785499200000,59.9,59.99,59.64,59.92,334.61,19989.0667
1785502800000,59.92,60.1,59.69,59.85,583.86,34949.478
1785506400000,59.85,60.23,59.52,59.91,2206.45,132061.526
1785510000000,59.91,60.02,59.79,59.98,77.63,4649.8856
1785513600000,59.98,60.16,59.84,60.1,169.47,10179.3364
1785517200000,60.1,60.43,60.07,60.25,287.17,17281.4964
1785520800000,60.25,60.25,59.99,60.08,52.53,3158.907
1785524400000,60.08,60.2,59.78,59.99,248.82,14907.7018
1785528000000,59.99,60.09,59.93,60.04,101.11,6071.193
1785531600000,60.04,60.16,59.91,59.98,57.57,3456.1174
1785535200000,59.98,60.06,59.79,60.01,107.32,6431.5213
1785538800000,60.01,60.17,59.97,60.05,192.68,11574.0432
1785542400000,60.05,60.42,60.04,60.32,144.35,8704.0927
1785546000000,60.32,60.39,60.23,60.35,53.64,3233.7454
1785549600000,60.35,60.49,60.3,60.44,22.21,1341.3751
1785553200000,60.44,60.61,60.41,60.61,598.99,36246.6817
1785556800000,60.61,60.86,60.6,60.84,114.61,6960.0074
1785560400000,60.84,61.28,60.82,61.11,262.32,16017.1579
1785564000000,61.11,61.19,60.95,61.12,33.43,2040.4908
1785567600000,61.12,61.22,61.05,61.22,30.94,1890.9768
1785571200000,61.22,61.66,61.15,61.61,522.37,32113.296
1785574800000,61.61,62.12,61.59,62.12,209.2,12947.9788
1785578400000,62.12,62.51,61.85,62.09,498.46,30996.4496
1785582000000,62.09,62.87,62.05,62.8,608.32,38007.0511
1785585600000,62.8,62.85,61.93,62.17,711.43,44373.4626
1785589200000,62.17,62.2,61.94,61.94,126.79,7867.0602
1785592800000,61.94,62.0,61.65,61.68,275.45,17038.1781
1785596400000,61.68,61.85,61.6,61.69,191.92,11848.2397
1785600000000,61.69,61.87,61.39,61.54,354.35,21837.5699
1785603600000,61.54,61.65,61.22,61.27,69.86,4286.3667
1785607200000,61.27,61.45,60.74,61.05,600.24,36595.2736
1785610800000,61.05,61.22,60.93,60.94,75.24,4596.4224
1785614400000,60.94,61.01,60.6,60.95,404.89,24649.9152
1785618000000,60.95,61.26,60.93,61.11,439.9,26894.3696
1785621600000,61.11,61.27,61.01,61.15,154.15,9425.5011
1785625200000,61.15,61.19,61.03,61.03,33.36,2038.2283
1785628800000,61.03,61.45,61.02,61.45,80.71,4942.1325
1785632400000,61.45,61.53,61.35,61.49,24.95,1533.3701
1785636000000,61.49,61.89,61.49,61.78,79.57,4910.618
1785639600000,61.78,61.87,61.51,61.51,162.47,10012.4617
1785643200000,61.51,61.81,61.5,61.7,578.9,35678.7886
1785646800000,61.7,61.7,61.09,61.18,130.66,8017.0904
1785650400000,61.18,61.24,61.07,61.07,274.02,16749.9531
1785654000000,61.07,61.39,61.02,61.14,127.73,7819.5594
1785657600000,61.14,61.38,60.73,60.73,571.58,34888.259
1785661200000,60.73,60.91,60.71,60.91,339.51,20642.1714
1785664800000,60.91,60.94,60.64,60.64,111.1,6750.5189
1785668400000,60.64,60.69,60.34,60.52,455.13,27518.5303
1785672000000,60.52,60.77,60.52,60.7,21.42,1299.3661
1785675600000,60.7,60.78,60.35,60.58,273.21,16526.3686
1785679200000,60.58,60.73,60.55,60.58,41.29,2504.231
1785682800000,60.58,60.68,59.85,60.1,1054.13,63372.9277
1785686400000,60.1,60.35,59.98,60.3,320.45,19291.8689
1785690000000,60.3,60.45,60.12,60.21,127.68,7691.664
1785693600000,60.21,60.49,60.12,60.33,103.04,6215.349
1785697200000,60.33,60.42,60.23,60.38,164.06,9896.1777
1785700800000,60.38,60.47,60.25,60.47,176.4,10645.773
1785704400000,60.47,60.62,60.36,60.51,273.08,16520.5031
1785708000000,60.51,60.57,60.28,60.32,86.19,5207.2029
1785711600000,60.32,60.46,60.3,60.36,78.44,4736.0095
1785715200000,60.36,60.36,60.17,60.17,68.36,4119.6414
1785718800000,60.17,60.21,59.98,60.0,66.4,3988.1368
1785722400000,60.0,60.25,59.94,59.95,163.33,9824.0459
1785726000000,59.95,60.01,59.78,59.83,37.41,2241.3858
1785729600000,59.83,60.08,59.77,59.83,67.6,4052.2607
1785733200000,59.83,59.91,59.64,59.77,110.59,6607.8124
1785736800000,59.77,59.96,59.64,59.69,124.03,7416.3571
1785740400000,59.69,60.09,59.69,60.04,319.55,19148.9223
1785744000000,60.04,60.13,58.92,59.61,999.12,59413.3379
1785747600000,59.61,60.28,59.54,60.08,513.18,30788.7831
1785751200000,60.08,60.09,59.59,59.72,82.59,4936.4307
1785754800000,59.72,59.8,59.39,59.44,215.84,12848.5007
1785758400000,59.44,59.56,59.34,59.48,278.48,16562.1123
1785762000000,59.48,60.32,59.44,60.26,680.71,40755.0112
1785765600000,60.26,60.59,60.12,60.37,385.29,23274.6893
1785769200000,60.37,60.5,59.77,59.8,658.12,39495.5859
1785772800000,59.8,60.09,59.73,59.78,376.31,22541.9768
1785776400000,59.78,60.07,59.77,59.91,138.58,8304.8035
1785780000000,59.91,59.96,59.7,59.79,338.44,20246.7232
1785783600000,59.79,60.08,59.73,59.76,230.86,13839.3918
1785787200000,59.76,59.89,59.52,59.66,259.46,15481.1087
1785790800000,59.66,59.66,59.47,59.65,100.66,5997.2804
1785794400000,59.65,59.72,59.51,59.63,130.45,7780.6761
1785798000000,59.63,59.83,59.52,59.59,220.83,13168.483
1785801600000,59.59,59.81,59.42,59.43,402.58,23985.8507
1785805200000,59.43,59.82,59.42,59.8,34.36,2048.4844
1785808800000,59.8,60.02,59.67,59.88,231.03,13828.0949
1785812400000,59.88,60.01,59.86,59.88,57.73,3460.1001
1785816000000,59.88,60.15,59.88,60.04,88.73,5326.1102
1785819600000,60.04,60.18,59.9,59.93,146.43,8790.0418
1785823200000,59.93,60.05,59.67,59.69,175.16,10480.583
1785826800000,59.69,59.86,59.62,59.83,89.16,5327.6133
1785830400000,59.83,60.04,59.75,60.0,176.86,10592.9491
1785834000000,60.0,60.21,59.93,60.21,134.25,8061.9629
1785837600000,60.21,60.4,60.14,60.34,82.92,4993.561
1785841200000,60.34,60.61,60.12,60.47,689.66,41636.25
1785844800000,60.47,60.63,60.37,60.38,211.88,12822.5458
1785848400000,60.38,60.45,59.88,59.89,1149.05,69010.9736
1785852000000,59.89,60.27,59.76,60.07,729.09,43730.9404
1785855600000,60.07,60.13,59.52,59.65,381.94,22793.2147
1785859200000,59.65,60.0,59.56,59.65,256.16,15311.7721
1785862800000,59.65,59.91,59.58,59.71,140.75,8403.4158
1785866400000,59.71,60.63,59.69,60.49,440.58,26539.5572
1785870000000,60.49,61.22,60.47,60.63,1059.49,64493.3335
1785873600000,60.63,60.72,60.18,60.39,297.9,18015.9888
1785877200000,60.39,60.65,60.32,60.65,76.71,4639.179
1785880800000,60.65,61.24,60.43,61.04,894.2,54413.5572
1785884400000,61.04,61.21,60.87,61.09,312.0,19056.9783
1785888000000,61.09,61.2,60.73,60.81,223.65,13621.1466
1785891600000,60.81,60.82,60.57,60.69,134.19,8153.3806
1785895200000,60.69,60.76,60.43,60.57,177.88,10766.571
1785898800000,60.57,60.57,59.95,60.14,543.22,32651.9136
1785902400000,60.14,60.22,60.08,60.17,36.23,2179.4276
1785906000000,60.17,60.4,59.83,60.03,837.84,50385.432
1785909600000,60.03,60.11,59.87,60.04,86.59,5191.5777
1785913200000,60.04,60.04,59.72,59.9,762.65,45641.1685
1785916800000,59.9,60.0,59.78,59.82,167.31,10021.5795
1785920400000,59.82,59.84,59.63,59.71,275.86,16469.4387
1785924000000,59.71,59.9,59.7,59.75,53.43,3196.4361
1785927600000,59.75,60.15,59.7,59.97,749.26,44822.5086
1785931200000,59.97,60.11,59.6,59.81,1136.81,68074.6236
1785934800000,59.81,60.01,59.59,59.87,767.66,45946.0613
1785938400000,59.87,60.11,59.73,59.97,190.35,11421.8133
1785942000000,59.97,60.08,59.74,59.8,112.06,6718.3221
1785945600000,59.8,60.03,59.68,59.86,130.3,7804.7958
1785949200000,59.86,60.11,59.81,60.09,406.04,24341.8253
1785952800000,60.09,60.1,59.62,59.62,363.25,21727.515
1785956400000,59.62,59.78,59.55,59.63,446.28,26620.8611
1785960000000,59.63,60.06,59.53,59.77,437.68,26163.2472
1785963600000,59.77,59.96,59.45,59.48,495.17,29575.1546
1785967200000,59.48,59.72,59.35,59.55,416.34,24772.6914
1785970800000,59.55,59.73,59.43,59.62,294.72,17576.1787
1785974400000,59.62,60.01,59.56,59.85,480.95,28801.8803
1785978000000,59.85,59.85,59.54,59.57,149.96,8948.0976
1785981600000,59.57,59.81,59.5,59.76,297.55,17760.6252
1785985200000,59.76,59.83,59.48,59.53,461.76,27537.4808
1785988800000,59.53,59.71,59.48,59.55,178.88,10653.1828
1785992400000,59.55,59.69,59.21,59.31,532.04,31590.973
1785996000000,59.31,59.43,59.25,59.38,143.18,8494.0187
1785999600000,59.38,59.64,59.2,59.37,624.21,37072.6526
1786003200000,59.37,59.45,58.94,59.4,1100.83,65234.8631
1786006800000,59.4,59.4,58.96,59.38,432.28,25570.6569
1786010400000,59.38,59.38,58.87,59.13,584.19,34494.6875
1786014000000,59.13,59.5,59.01,59.5,193.27,11454.2717
1786017600000,59.5,59.5,59.31,59.38,143.08,8494.7708
1786021200000,59.38,59.97,59.32,59.89,601.85,35935.926
1786024800000,59.89,60.0,59.73,59.81,363.18,21742.1383
1786028400000,59.81,60.0,59.72,59.8,360.13,21559.6256
1786032000000,59.8,59.8,59.46,59.49,234.94,14009.3393
1786035600000,59.49,59.7,59.42,59.46,152.33,9074.3807
1786039200000,59.46,59.6,59.33,59.43,595.26,35408.0681
1786042800000,59.43,59.46,59.26,59.33,169.81,10082.6251
1786046400000,59.33,59.47,59.27,59.37,55.47,3293.4599
1786050000000,59.37,59.41,59.34,59.36,47.1,2796.8874
1786053600000,59.36,59.36,59.09,59.15,428.46,25355.1135
1786057200000,59.15,59.39,59.13,59.34,202.3,11988.8072
1786060800000,59.34,59.35,59.15,59.24,267.89,15863.0092
1786064400000,59.24,59.36,59.18,59.19,68.72,4075.3987
1786068000000,59.19,59.76,58.89,59.4,528.36,31271.5597
1786071600000,59.4,59.4,59.09,59.09,50.73,3004.6399
1786075200000,59.09,59.13,59.03,59.13,44.64,2637.9337
1786078800000,59.13,59.24,59.03,59.16,31.9,1887.1431
1786082400000,59.16,59.31,59.12,59.2,25.92,1536.0788
1786086000000,59.2,59.33,59.1,59.27,186.41,11033.427
1786089600000,59.27,59.43,59.17,59.17,174.54,10353.2158
1786093200000,59.17,59.3,59.05,59.13,262.99,15567.9143
1786096800000,59.13,59.16,58.93,59.01,161.55,9535.0427
1786100400000,59.01,59.17,58.97,59.12,198.58,11731.3328
1786104000000,59.12,59.26,58.96,59.25,207.79,12275.7471
1786107600000,59.25,59.76,59.05,59.29,782.99,46474.6524
1786111200000,59.29,59.39,58.85,58.93,1056.12,62356.6386
1786114800000,58.93,59.35,58.9,59.18,466.48,27604.1289
1786118400000,59.18,59.61,58.98,59.5,1799.92,106721.2069
1786122000000,59.5,60.14,59.3,59.81,2076.51,124362.1819
1786125600000,59.81,59.89,59.33,59.34,249.0,14866.331
1786129200000,59.34,59.5,59.23,59.31,252.09,14964.4608
1786132800000,59.31,59.66,59.27,59.56,315.21,18750.5
1786136400000,59.56,59.67,59.51,59.59,119.89,7142.8362
1786140000000,59.59,59.92,59.53,59.86,218.82,13084.2882
1786143600000,59.86,59.87,59.75,59.78,63.47,3797.4797
1786147200000,59.78,59.87,59.61,59.61,164.49,9829.5911
1786150800000,59.61,59.64,59.34,59.47,228.56,13599.7491
1786154400000,59.47,59.95,59.35,59.58,281.01,16785.2423
1786158000000,59.58,59.64,59.51,59.6,125.64,7483.5858
1786161600000,59.6,59.61,59.54,59.57,14.29,851.2784
1786165200000,59.57,59.76,58.65,58.83,2265.38,133812.966
1786168800000,58.83,59.09,58.64,59.02,743.37,43715.1798
1786172400000,59.02,59.17,58.83,59.11,364.7,21496.7528
1786176000000,59.11,59.19,59.07,59.12,162.6,9614.1686
1786179600000,59.12,59.15,58.95,58.96,100.93,5958.6229
1786183200000,58.96,59.18,58.95,58.98,177.7,10495.1084
1786186800000,58.98,59.18,58.91,59.16,216.16,12760.2314
1786190400000,59.16,59.6,58.65,59.47,1709.95,100935.5011
1786194000000,59.47,59.47,59.24,59.33,451.79,26801.07
1786197600000,59.33,59.73,59.26,59.73,169.83,10105.8314
1786201200000,59.73,59.79,58.93,59.12,2268.72,134250.9191
1786204800000,59.12,59.36,58.5,59.04,3325.48,195730.2244
1786208400000,59.04,59.51,59.04,59.35,1583.54,94041.6544
1786212000000,59.35,59.44,59.18,59.23,261.08,15481.5477
1786215600000,59.23,59.24,59.03,59.16,107.28,6342.9519
1786219200000,59.16,59.33,59.13,59.25,37.61,2227.8998
1786222800000,59.25,59.3,59.14,59.15,96.21,5694.3303
1786226400000,59.15,59.35,59.11,59.19,319.44,18923.079
1786230000000,59.19,59.25,59.11,59.11,97.94,5798.3582
1786233600000,59.11,59.23,59.01,59.22,86.09,5087.6309
1786237200000,59.22,59.25,59.04,59.12,44.46,2630.5983
1786240800000,59.12,59.13,58.94,58.94,73.49,4338.244
1786244400000,58.94,59.02,58.88,58.96,69.08,4072.5075
1786248000000,58.96,59.11,58.95,58.99,30.46,1798.0832
1786251600000,58.99,59.28,58.95,59.08,225.95,13370.4472
1786255200000,59.08,59.16,59.06,59.16,40.96,2420.352
1786258800000,59.16,59.16,58.93,59.08,90.73,5355.904
1786262400000,59.08,59.08,58.9,58.92,36.47,2151.3649
1786266000000,58.92,59.32,58.79,58.89,552.01,32560.0437
1786269600000,58.89,59.06,58.87,58.98,36.2,2133.5579
1786273200000,58.98,59.07,58.86,58.91,145.11,8556.3779
1786276800000,58.91,58.94,58.81,58.93,66.88,3937.7789
1786280400000,58.93,58.96,58.39,58.63,750.71,44012.2555
1786284000000,58.63,58.83,58.62,58.73,233.79,13732.2049
1786287600000,58.73,58.85,58.73,58.78,101.97,5995.7989
1786291200000,58.78,59.01,58.7,58.91,122.7,7225.6217
1786294800000,58.91,58.91,58.61,58.65,147.61,8662.5017
1786298400000,58.65,58.84,57.86,58.46,1172.39,68329.5689
1786302000000,58.46,58.68,58.34,58.59,625.55,36597.6549
1786305600000,58.59,58.64,58.48,58.54,67.19,3934.6168
1786309200000,58.54,58.58,58.03,58.42,518.07,30224.0189
1786312800000,58.42,58.54,58.17,58.31,394.51,23015.9558
1786316400000,58.31,58.32,58.01,58.16,186.62,10853.3978
1786320000000,58.16,58.39,58.12,58.19,114.98,6695.5316
1786323600000,58.19,58.41,58.07,58.26,70.07,4076.7397
1786327200000,58.26,58.26,57.89,58.07,397.95,23102.8544
1786330800000,58.07,58.18,57.6,57.8,732.24,42346.8115
1786334400000,57.8,57.93,57.8,57.83,185.74,10749.9768
1786338000000,57.83,58.03,57.83,58.0,124.12,7193.9319
1786341600000,58.0,58.1,57.77,58.03,304.37,17633.8802
1786345200000,58.03,58.36,57.98,58.12,603.63,35135.3457
1786348800000,58.12,58.37,58.12,58.25,174.92,10187.0292
1786352400000,58.25,58.53,58.13,58.3,897.47,52386.7892
1786356000000,58.3,58.51,58.29,58.31,59.67,3482.8781
1786359600000,58.31,58.31,57.97,58.21,652.55,37942.5976
1786363200000,58.21,58.37,57.98,58.06,197.01,11469.8123
1786366800000,58.06,58.28,58.01,58.13,184.96,10752.6259
1786370400000,58.13,58.75,58.13,58.39,368.11,21529.3163
1786374000000,58.39,58.39,57.75,57.87,851.44,49371.3536
1786377600000,57.87,57.9,57.21,57.34,1649.96,94841.7066
1786381200000,57.34,57.61,57.33,57.53,175.34,10073.3077
1786384800000,57.53,57.89,57.47,57.76,812.08,46872.8361
1786388400000,57.76,57.83,57.57,57.6,332.58,19181.8145
1786392000000,57.6,57.72,57.56,57.57,101.04,5825.1024
1786395600000,57.57,57.64,57.45,57.53,84.02,4832.6468
1786399200000,57.53,57.82,57.39,57.75,480.0,27649.3726
1786402800000,57.75,58.2,57.54,57.99,331.11,19187.1485
1786406400000,57.99,58.16,57.84,58.04,322.58,18711.214
1786410000000,58.04,58.39,57.89,58.19,162.24,9438.2929
1786413600000,58.19,58.25,57.89,57.89,118.27,6863.1637
1786417200000,57.89,57.97,57.8,57.83,151.7,8777.7956
1786420800000,57.83,57.84,57.77,57.78,51.02,2949.3738
1786424400000,57.78,58.01,57.7,57.84,179.26,10366.8219
1786428000000,57.84,57.88,57.63,57.69,161.43,9321.1717
1786431600000,57.69,57.86,57.59,57.63,227.16,13112.5051
1786435200000,57.63,58.18,57.61,58.17,302.95,17527.0081
1786438800000,58.17,58.78,58.15,58.62,398.78,23334.7094
1786442400000,58.62,58.68,58.15,58.39,148.11,8644.7524
1786446000000,58.39,58.46,58.27,58.36,153.52,8959.9825
1786449600000,58.36,58.66,58.32,58.34,275.24,16118.3833
1786453200000,58.34,58.41,57.77,57.79,513.29,29816.6164
1786456800000,57.79,58.05,57.09,57.17,1141.55,65787.7744
1786460400000,57.17,57.33,56.59,56.85,1662.7,94550.9008
1786464000000,56.85,57.19,56.61,56.9,922.25,52491.3374
1786467600000,56.9,57.25,56.82,57.07,427.38,24369.0408
1786471200000,57.07,57.34,56.99,57.28,102.19,5844.6661
1786474800000,57.28,57.69,57.1,57.63,408.56,23437.2536
1786478400000,57.63,57.77,56.89,57.24,933.92,53482.2303
1786482000000,57.24,57.55,56.87,57.45,1019.55,58261.6865
1786485600000,57.45,57.58,57.33,57.55,90.94,5226.6823
1786489200000,57.55,57.96,57.45,57.96,476.54,27560.8703
1786492800000,57.96,57.99,57.65,57.85,591.18,34169.3232
1786496400000,57.85,57.88,57.67,57.79,91.17,5267.9047
1786500000000,57.79,57.8,57.5,57.54,122.24,7041.6604
1786503600000,57.54,57.64,57.53,57.6,31.29,1802.0789
1786507200000,57.6,57.88,57.6,57.69,246.83,14255.6568
1786510800000,57.69,57.78,57.66,57.76,32.5,1876.0784
1786514400000,57.76,57.88,57.35,57.43,426.14,24500.3307
1786518000000,57.43,57.58,57.43,57.58,77.33,4445.0261
1786521600000,57.58,57.58,57.35,57.36,61.22,3518.1907
1786525200000,57.36,57.6,57.36,57.54,39.96,2299.3494
1786528800000,57.54,57.57,57.37,57.56,170.81,9815.4272
1786532400000,57.56,58.61,57.5,58.2,757.64,44186.9797
1786536000000,58.2,58.36,57.97,58.26,383.72,22331.606
1786539600000,58.26,59.2,58.0,58.85,1879.23,110555.1394
1786543200000,58.85,59.24,57.96,58.39,1631.71,95771.2944
1786546800000,58.39,59.44,58.3,58.78,1790.85,105540.4014
1786550400000,58.78,59.61,58.14,58.18,1554.98,91695.3888
1786554000000,58.18,58.71,58.1,58.54,482.02,28167.0382
1786557600000,58.54,58.55,57.94,57.95,338.9,19738.1518
1786561200000,57.95,58.47,57.93,58.18,416.1,24247.2693
1786564800000,58.18,58.49,58.02,58.05,456.98,26612.6506
1786568400000,58.05,58.28,57.84,58.0,316.35,18358.9213
1786572000000,58.0,58.18,57.7,58.18,264.0,15292.3894
1786575600000,58.18,58.36,58.09,58.24,186.49,10857.6138
1786579200000,58.24,58.42,58.18,58.3,234.18,13655.2671
1786582800000,58.3,58.5,57.91,58.28,335.95,19574.9568
1786586400000,58.28,58.41,58.18,58.26,69.47,4048.0331
1786590000000,58.26,58.28,57.99,58.05,93.1,5407.362
1786593600000,58.05,58.12,57.9,58.06,111.72,6480.9292
1786597200000,58.06,58.09,57.94,57.97,102.72,5959.9213
1786600800000,57.97,57.98,57.62,57.89,364.53,21051.665
1786604400000,57.89,57.95,57.66,57.79,333.48,19276.5668
1786608000000,57.79,57.97,57.7,57.97,45.97,2660.8683
1786611600000,57.97,58.3,57.84,58.11,193.03,11214.6943
1786615200000,58.11,58.11,57.53,57.61,360.29,20792.8164
1786618800000,57.61,57.75,57.5,57.55,338.4,19495.1259
1786622400000,57.55,57.96,57.52,57.89,341.43,19694.9034
1786626000000,57.89,58.34,57.86,58.0,482.33,28036.9694
1786629600000,58.0,58.55,57.97,58.23,364.67,21272.5
1786633200000,58.23,58.27,57.84,57.87,119.26,6922.4355
1786636800000,57.87,58.45,57.84,58.38,267.54,15561.4509
1786640400000,58.38,58.7,58.26,58.62,280.29,16384.0992
1786644000000,58.62,58.68,58.38,58.55,70.0,4096.9029
1786647600000,58.55,58.7,58.53,58.62,57.05,3343.7188
1786651200000,58.62,58.86,58.61,58.85,126.46,7435.2978
1786654800000,58.85,58.94,58.56,58.9,362.72,21328.876
1786658400000,58.9,58.98,58.75,58.9,383.51,22574.6933
1786662000000,58.9,59.35,58.78,59.01,2537.85,149900.0487
1786665600000,59.01,59.09,58.9,58.97,215.5,12710.0013
1786669200000,58.97,58.97,58.73,58.74,127.77,7514.482
1786672800000,58.74,59.0,58.74,58.8,37.23,2192.5002
1786676400000,58.8,58.82,58.39,58.43,144.4,8463.6656
1786680000000,58.43,58.65,58.39,58.52,52.52,3075.3813
1786683600000,58.52,58.66,58.47,58.66,67.08,3928.0458
1786687200000,58.66,58.7,58.5,58.5,79.13,4635.8127
1786690800000,58.5,58.57,58.22,58.24,226.29,13196.0971
1786694400000,58.24,58.72,58.21,58.66,531.33,31086.8636
1786698000000,58.66,58.73,58.37,58.41,240.62,14091.153
1786701600000,58.41,58.46,58.11,58.17,334.24,19457.6346
1786705200000,58.17,58.3,58.17,58.3,57.49,3348.715
1786708800000,58.3,58.46,58.1,58.23,238.38,13891.8308
1786712400000,58.23,58.76,58.12,58.29,693.34,40502.9984
1786716000000,58.29,58.37,57.86,57.94,613.79,35587.3619
1786719600000,57.94,58.12,57.73,58.12,694.81,40191.696
1786723200000,58.12,58.47,58.03,58.13,356.65,20772.9502
1786726800000,58.13,58.39,57.92,57.98,260.47,15161.6854
1786730400000,57.98,58.03,57.89,57.91,315.53,18282.1172
1786734000000,57.91,58.04,57.86,57.95,170.9,9894.8949
1786737600000,57.95,58.02,57.79,57.95,88.84,5142.6851
1786741200000,57.95,58.12,57.91,57.93,128.16,7434.5769
1786744800000,57.93,58.0,57.83,57.86,35.95,2081.2858
1786748400000,57.86,58.15,57.83,58.09,46.81,2716.7201
1786752000000,58.09,58.25,57.95,58.15,449.31,26094.9013
1786755600000,58.15,58.21,57.89,58.03,271.35,15747.116
1786759200000,58.03,58.05,57.93,57.93,32.47,1882.3763
1786762800000,57.93,58.11,57.85,57.88,41.0,2377.4376
1786766400000,57.88,58.01,57.82,57.89,47.34,2740.6802
1786770000000,57.89,57.93,57.83,57.9,52.27,3025.5349
1786773600000,57.9,58.05,57.88,57.99,115.54,6700.6328
1786777200000,57.99,58.03,57.8,57.84,89.16,5161.243
1786780800000,57.84,58.0,57.84,57.9,45.39,2630.1315
1786784400000,57.9,58.32,57.9,58.28,172.39,10004.8185
1786788000000,58.28,58.33,58.12,58.26,250.1,14559.1854
1786791600000,58.26,58.58,58.23,58.26,489.38,28571.5626
1786795200000,58.26,58.37,58.12,58.23,122.97,7157.8941
1786798800000,58.23,58.27,58.11,58.12,42.54,2475.9285
1786802400000,58.12,58.26,58.01,58.05,65.82,3825.3385
1786806000000,58.05,58.05,57.93,57.99,55.53,3219.1431
1786809600000,57.99,58.12,57.92,57.96,269.58,15641.2836
1786813200000,57.96,57.96,57.64,57.76,731.03,42247.7903
1786816800000,57.76,57.77,57.54,57.61,202.51,11674.98
1786820400000,57.61,57.63,57.54,57.63,61.16,3522.7919
1786824000000,57.63,57.69,57.62,57.67,43.24,2492.9506
1786827600000,57.67,57.79,57.67,57.78,14.78,853.5444
1786831200000,57.78,57.79,57.72,57.74,13.67,789.4921
1786834800000,57.74,57.74,57.5,57.61,65.16,3752.8968
1786838400000,57.61,57.74,57.61,57.71,32.82,1893.9353
1786842000000,57.71,57.72,57.61,57.62,13.86,798.9063
1786845600000,57.62,57.71,57.59,57.67,41.11,2369.6533
1786849200000,57.67,57.76,57.67,57.68,27.13,1565.9865
1786852800000,57.68,57.75,57.35,57.4,456.56,26248.4231
1786856400000,57.4,57.46,56.95,57.01,802.18,45911.9167
1786860000000,57.01,57.16,57.01,57.04,83.04,4739.1188
1786863600000,57.04,57.34,56.97,57.25,716.82,40966.4651
1786867200000,57.25,57.45,57.25,57.4,87.86,5040.103
1786870800000,57.4,57.55,57.32,57.47,132.93,7636.4501
1786874400000,57.47,57.51,57.42,57.48,176.99,10168.6456
1786878000000,57.48,57.48,57.36,57.38,74.61,4285.5602
1786881600000,57.38,57.49,57.35,57.46,38.72,2223.3503
1786885200000,57.46,57.52,57.31,57.36,326.75,18768.6025
1786888800000,57.36,57.41,57.27,57.32,62.77,3597.2042
1786892400000,57.32,57.38,57.12,57.27,116.49,6667.6454
1786896000000,57.27,57.4,57.16,57.16,129.68,7434.5141
1786899600000,57.16,57.19,56.79,57.03,478.89,27288.1257
1786903200000,57.03,57.08,56.97,57.05,161.87,9230.5623
1786906800000,57.05,57.2,57.03,57.03,78.44,4480.4119
1786910400000,57.03,57.03,56.59,56.75,854.35,48462.5372
1786914000000,56.75,56.84,56.11,56.43,924.58,52248.2225
1786917600000,56.43,56.68,56.23,56.66,456.09,25773.8794
1786921200000,56.66,56.86,56.62,56.8,85.47,4850.0844
1786924800000,56.8,56.89,55.14,55.93,6482.57,361201.9284
1786928400000,55.93,56.29,55.9,56.16,539.34,30276.2444
1786932000000,56.16,56.32,56.09,56.17,107.81,6058.4347
1786935600000,56.17,56.17,55.8,55.83,193.32,10813.7518
1786939200000,55.83,55.87,55.46,55.6,994.54,55274.4034
1786942800000,55.6,55.69,55.31,55.64,354.13,19669.8459
1786946400000,55.64,55.91,55.54,55.88,326.68,18215.4676
1786950000000,55.88,56.09,55.69,55.69,332.29,18569.035
1786953600000,55.69,55.96,55.63,55.74,385.95,21511.3088
1786957200000,55.74,55.92,55.65,55.67,249.27,13892.562
1786960800000,55.67,55.92,55.67,55.74,438.25,24457.2911
1786964400000,55.74,55.81,55.57,55.67,214.54,11945.5881
1786968000000,55.67,56.37,55.46,56.1,876.99,48920.5615
1786971600000,56.1,57.47,56.07,57.45,2663.25,151592.556
1786975200000,57.45,57.64,57.19,57.31,632.71,36328.8963
1786978800000,57.31,57.31,56.71,56.96,585.65,33338.2019
1786982400000,56.96,57.2,56.74,57.11,557.52,31772.189
1786986000000,57.11,57.52,57.06,57.06,239.76,13732.7886
1786989600000,57.06,57.47,57.06,57.41,330.48,18929.3605
1786993200000,57.41,57.41,56.84,56.94,282.57,16120.6965
1786996800000,56.94,56.97,56.8,56.91,177.24,10079.4187
1787000400000,56.91,57.22,56.51,56.73,480.14,27286.1205
1787004000000,56.73,56.84,56.62,56.65,242.05,13727.3643
1787007600000,56.65,56.91,56.54,56.79,78.42,4446.2042
1787011200000,56.79,56.9,56.73,56.83,72.69,4130.9062
1787014800000,56.83,56.83,56.43,56.45,78.59,4446.6303
1787018400000,56.45,56.62,55.89,55.94,239.96,13491.7777
1787022000000,55.94,56.02,55.72,55.99,427.96,23902.4183
1787025600000,55.99,56.09,55.91,56.05,76.13,4262.1194
1787029200000,56.05,56.13,55.73,55.96,63.7,3562.5239
1787032800000,55.96,55.96,55.77,55.87,115.56,6456.2791
1787036400000,55.87,55.87,55.66,55.78,76.58,4268.8865
1787040000000,55.78,55.89,55.55,55.72,409.77,22815.2635
1787043600000,55.72,55.8,55.59,55.63,244.96,13645.7941
1787047200000,55.63,55.83,55.6,55.69,385.58,21475.1288
1787050800000,55.69,55.92,55.65,55.65,303.02,16897.6361
1787054400000,55.65,55.99,55.59,55.79,522.51,29170.1731
1787058000000,55.79,56.13,55.34,55.45,1944.63,108333.9374
1787061600000,55.45,56.01,55.3,55.54,2113.45,117410.1146
1787065200000,55.54,56.43,55.54,56.18,1396.19,78163.4551
1787068800000,56.18,56.43,56.1,56.17,393.13,22120.886
1787072400000,56.17,56.23,55.78,55.8,212.96,11933.7953
1787076000000,55.8,56.04,55.76,56.03,55.73,3114.1161
1787079600000,56.03,56.11,55.8,55.87,538.41,30096.879
1787083200000,55.87,55.91,55.63,55.66,78.24,4364.7994
1787086800000,55.66,55.92,55.66,55.78,158.5,8844.9597
1787090400000,55.78,55.82,55.61,55.62,102.65,5724.396
1787094000000,55.62,55.83,55.62,55.81,114.98,6402.2299
1787097600000,55.81,55.86,55.62,55.78,225.4,12568.6991
1787101200000,55.78,55.99,55.67,55.92,80.63,4507.6264
1787104800000,55.92,56.13,55.82,56.04,291.29,16303.371
1787108400000,56.04,56.42,56.04,56.24,424.05,23844.0788
1787112000000,56.24,56.37,56.07,56.12,258.93,14551.7389
1787115600000,56.12,56.24,56.09,56.16,90.16,5064.1264
1787119200000,56.16,56.86,56.04,56.85,225.48,12710.0873
1787122800000,56.85,56.86,56.53,56.6,211.02,11967.453
1787126400000,56.6,56.67,56.41,56.44,207.51,11739.4057
1787130000000,56.44,56.44,56.22,56.44,311.42,17538.5571
1787133600000,56.44,56.52,56.24,56.46,287.47,16202.3997
1787137200000,56.46,56.59,56.31,56.36,306.36,17303.3752
1787140800000,56.36,57.0,56.27,56.8,817.32,46395.8082
1787144400000,56.8,56.8,56.19,56.51,788.68,44529.5486
1787148000000,56.51,57.35,56.35,57.22,560.42,31803.5672
1787151600000,57.22,58.46,57.15,58.05,1378.44,79910.827
1787155200000,58.05,58.46,57.56,57.65,837.33,48485.3111
1787158800000,57.65,57.69,57.17,57.5,349.89,20079.3525
1787162400000,57.5,57.59,57.28,57.43,384.01,22059.6512
1787166000000,57.43,58.28,57.43,58.03,626.94,36334.0833
1787169600000,58.03,58.78,58.03,58.67,2594.04,151626.1647
1787173200000,58.67,59.16,58.55,58.7,2729.3,160713.162
1787176800000,58.7,58.83,58.36,58.54,640.94,37546.073
1787180400000,58.54,58.73,58.49,58.7,215.69,12640.893
1787184000000,58.7,59.27,58.61,59.03,1903.21,112204.3154
1787187600000,59.03,59.25,58.86,59.2,205.72,12152.1337
1787191200000,59.2,59.28,58.84,58.84,666.4,39356.7634
1787194800000,58.84,58.97,58.48,58.89,161.8,9503.8247
1787198400000,58.89,59.08,58.85,59.08,267.64,15779.4045
1787202000000,59.08,59.13,58.86,58.89,208.23,12283.887
1787205600000,58.89,59.06,58.8,59.02,140.49,8279.3115
1787209200000,59.02,59.48,59.02,59.45,370.54,21984.4958
1787212800000,59.45,60.62,59.41,60.55,1286.45,77320.1458
1787216400000,60.55,62.06,60.55,61.78,2285.04,140391.463
1787220000000,61.78,62.25,61.64,61.9,2035.54,125969.0513
1787223600000,61.9,61.98,61.33,61.49,1178.3,72585.2943
1787227200000,61.49,61.94,61.06,61.9,788.62,48409.7144
1787230800000,61.9,62.5,61.55,61.71,2029.24,125593.2735
1787234400000,61.71,62.33,61.6,61.85,725.31,44979.8689
1787238000000,61.85,62.38,61.76,61.85,560.35,34777.2679
1787241600000,61.85,62.11,61.5,62.02,424.28,26235.1869
1787245200000,62.02,62.11,61.74,62.05,263.15,16305.6708
1787248800000,62.05,62.05,61.23,61.42,463.07,28475.0397
1787252400000,61.42,61.52,61.29,61.39,182.69,11216.5256
1787256000000,61.39,61.74,61.29,61.7,75.26,4628.953
1787259600000,61.7,62.05,61.65,61.87,294.31,18210.5752
1787263200000,61.87,62.28,61.84,62.04,309.39,19209.887
1787266800000,62.04,62.37,61.91,62.12,234.49,14559.6654
1787270400000,62.12,62.53,61.72,61.78,910.72,56585.251
1787274000000,61.78,62.22,61.64,61.99,587.78,36336.1068
1787277600000,61.99,62.1,61.71,61.71,372.48,23057.3725
1787281200000,61.71,61.86,61.46,61.61,327.96,20209.5994
1787284800000,61.61,61.76,61.41,61.56,189.34,11657.7365
1787288400000,61.56,62.12,61.51,62.11,399.36,24715.0751
1787292000000,62.11,62.33,61.98,62.21,357.43,22217.9122
1787295600000,62.21,62.6,62.17,62.45,545.87,34082.1393
1787299200000,62.45,64.15,62.45,63.89,3373.52,213665.6056
1787302800000,63.89,63.99,62.69,63.58,2459.55,155731.5139
1787306400000,63.58,64.56,63.41,64.39,1965.72,125877.5326
1787310000000,64.39,64.39,63.46,63.89,791.07,50572.1518
1787313600000,63.89,64.73,63.5,64.46,1159.98,74317.7858
1787317200000,64.46,64.61,63.14,63.87,2461.96,157083.6818
1787320800000,63.87,64.04,62.84,63.97,1679.12,106498.2453
1787324400000,63.97,64.87,63.83,64.69,963.69,62177.4628
1787328000000,64.69,64.94,64.09,64.28,500.52,32227.7712
1787331600000,64.28,64.57,63.84,64.36,343.27,22027.8793
1787335200000,64.36,64.39,63.4,63.88,408.63,26141.7753
1787338800000,63.88,64.02,63.51,63.59,363.08,23162.4922
1787342400000,63.59,64.29,63.49,63.89,763.24,48780.9486
1787346000000,63.89,65.0,63.79,64.83,586.73,37797.0016
1787349600000,64.83,66.28,64.62,66.19,1256.21,82331.7031
1787353200000,66.19,66.74,66.07,66.54,1024.25,68028.3494
1787356800000,66.54,66.69,65.3,66.35,888.65,58608.4153
1787360400000,66.35,66.46,66.01,66.05,158.71,10507.4024
1787364000000,66.05,67.21,65.88,67.12,860.93,57390.8929
1787367600000,67.12,67.8,66.77,67.3,852.68,57428.0393
1787371200000,67.3,68.58,67.12,68.15,1013.95,68817.743
1787374800000,68.15,68.3,61.46,64.85,7241.33,462513.0231
1787378400000,64.85,65.05,64.24,64.94,876.42,56679.3918
1787382000000,64.94,65.3,64.46,64.62,932.38,60562.7795
1787385600000,64.62,65.11,64.05,64.57,1310.13,84559.1731
1787389200000,64.57,64.75,63.84,64.45,1063.82,68485.7108
1787392800000,64.45,64.45,62.95,63.96,1757.45,112000.0982
1787396400000,63.96,64.29,63.55,64.26,158.51,10143.7799
1787400000000,64.26,64.79,64.12,64.19,382.38,24623.9972
1787403600000,64.19,64.3,63.78,64.04,289.86,18551.6014
1787407200000,64.04,64.07,63.21,63.42,711.86,45230.1727
1787410800000,63.42,63.69,63.03,63.11,1462.98,92437.634
1787414400000,63.11,63.71,63.05,63.5,342.97,21765.0967
1787418000000,63.5,63.75,63.02,63.52,413.91,26242.7753
1787421600000,63.52,63.58,62.94,63.29,291.11,18412.8024
1787425200000,63.29,64.07,63.22,63.91,777.88,49534.7284
1787428800000,63.91,64.01,63.47,63.6,494.4,31478.2432
1787432400000,63.6,63.61,62.69,62.86,1026.76,64677.9846
1787436000000,62.86,63.28,62.7,63.17,580.55,36555.8838
1787439600000,63.17,63.33,62.95,63.14,122.02,7700.3249
1787443200000,63.14,63.7,63.12,63.59,379.04,24065.9604
1787446800000,63.59,63.61,63.03,63.09,250.41,15834.3148
1787450400000,63.09,63.55,62.72,63.22,679.28,42920.5088
1787454000000,63.22,63.72,62.71,63.51,690.73,43728.7644
1787457600000,63.51,63.51,62.82,62.99,202.45,12786.0044
1787461200000,62.99,63.75,62.76,63.13,978.38,62004.498
1787464800000,63.13,63.19,62.31,62.38,498.64,31305.1264
1787468400000,62.38,62.77,62.31,62.4,282.0,17636.337
1787472000000,62.4,63.07,62.28,62.97,338.77,21227.5132
1787475600000,62.97,63.69,62.96,63.54,623.41,39531.9399
1787479200000,63.54,63.97,63.5,63.65,356.96,22762.3156
1787482800000,63.65,64.38,63.65,64.34,189.92,12186.1175
1787486400000,64.34,64.34,63.87,64.12,72.66,4660.049
1787490000000,64.12,64.83,64.03,64.79,170.83,11013.8938
1787493600000,64.79,65.29,63.86,64.79,482.14,31304.715
1787497200000,64.79,65.02,64.21,64.75,100.04,6467.7008
1787500800000,64.75,65.07,64.65,65.04,175.5,11387.8899
1787504400000,65.04,65.1,64.6,64.61,332.74,21567.8257
1787508000000,64.61,65.45,64.55,65.31,298.69,19408.6913
1787511600000,65.31,65.64,64.98,65.0,288.82,18861.0687
1787515200000,65.0,65.23,64.86,65.23,57.34,3728.7086
1787518800000,65.23,65.58,65.05,65.2,213.06,13912.1753
1787522400000,65.2,65.28,64.62,64.63,180.24,11681.155
1787526000000,64.63,64.92,64.18,64.87,272.66,17600.2468
1787529600000,64.87,64.9,64.01,64.47,782.5,50403.6569
1787533200000,64.47,64.59,63.48,63.48,351.54,22524.4371
1787536800000,63.48,64.91,63.48,64.18,157.91,10133.8389
1787540400000,64.18,64.3,63.7,63.76,157.77,10095.2862
1787544000000,63.76,64.7,63.69,63.99,325.33,20877.7849
1787547600000,63.99,64.18,63.65,63.82,181.41,11585.6766
1787551200000,63.82,64.06,63.55,63.67,185.54,11829.8899
1787554800000,63.67,64.09,63.65,63.83,99.66,6368.4994
1787558400000,63.83,64.16,63.23,63.93,454.33,28824.7776
1787562000000,63.93,64.62,63.84,64.51,290.86,18692.6378
1787565600000,64.51,64.83,64.09,64.16,538.49,34680.3756
1787569200000,64.16,65.29,63.86,65.29,250.91,16221.6426
1787572800000,65.29,65.5,64.79,65.21,654.03,42649.5512
1787576400000,65.21,65.27,63.54,64.09,1647.59,105811.4418
1787580000000,64.09,65.04,63.92,64.82,435.33,28057.7115
1787583600000,64.82,65.51,64.26,64.35,282.45,18376.3307
1787587200000,64.35,64.85,64.35,64.64,268.09,17330.8422
1787590800000,64.64,64.64,63.81,64.47,978.16,62753.377
1787594400000,64.47,64.82,64.26,64.37,283.06,18282.9077
1787598000000,64.37,64.67,63.95,64.07,451.84,29020.0386
1787601600000,64.07,64.12,63.64,64.09,174.57,11144.5715
1787605200000,64.09,64.65,64.09,64.55,151.88,9783.5899
1787608800000,64.55,64.55,64.22,64.25,152.44,9814.224
1787612400000,64.25,64.47,64.03,64.27,258.08,16596.8816
1787616000000,64.27,64.75,63.88,64.72,574.3,36918.3077
1787619600000,64.72,64.76,64.27,64.68,189.81,12255.8919
1787623200000,64.68,65.51,64.52,65.04,313.08,20350.3261
1787626800000,65.04,65.53,64.9,65.42,376.17,24564.2317
1787630400000,65.42,66.31,65.1,65.97,939.65,61823.0172
1787634000000,65.97,66.33,65.9,66.14,354.05,23406.1638
1787637600000,66.14,66.39,65.59,65.84,259.69,17135.8747
1787641200000,65.84,66.34,64.88,64.97,314.96,20650.0999
1787644800000,64.97,65.63,64.9,65.49,337.59,22054.0346
1787648400000,65.49,65.67,64.89,65.15,416.21,27234.3944
1787652000000,65.15,65.15,64.66,64.66,313.34,20320.8442
1787655600000,64.66,64.83,64.26,64.6,711.77,45918.0983
1787659200000,64.6,66.02,64.16,65.97,1096.68,71492.7922
1787662800000,65.97,66.08,64.4,65.07,907.38,59110.8208
1787666400000,65.07,65.64,64.84,65.05,577.09,37548.3579
1787670000000,65.05,65.25,64.35,65.25,953.84,61785.0081
1787673600000,65.25,65.26,64.43,64.51,120.47,7813.585
1787677200000,64.51,64.53,64.06,64.4,208.5,13413.4584
1787680800000,64.4,64.44,64.22,64.33,126.89,8165.1748
1787684400000,64.33,64.41,63.82,63.96,513.96,32982.9355
1787688000000,63.96,63.99,62.97,63.14,457.11,29031.3519
1787691600000,63.14,63.55,62.71,63.52,393.26,24854.2317
1787695200000,63.52,63.64,63.27,63.47,137.85,8750.0386
1787698800000,63.47,63.56,62.98,63.24,232.61,14707.7632
1787702400000,63.24,63.45,63.06,63.41,113.12,7153.4746
1787706000000,63.41,63.7,63.34,63.46,152.61,9695.2712
1787709600000,63.46,63.7,63.36,63.5,85.95,5457.9772
1787713200000,63.5,63.59,63.24,63.4,44.63,2831.1244
1787716800000,63.4,63.7,63.27,63.36,298.42,18964.2984
1787720400000,63.36,63.38,62.87,63.34,146.59,9261.9812
1787724000000,63.34,63.75,63.2,63.37,315.29,20001.1083
1787727600000,63.37,63.5,62.51,62.56,317.23,19966.3257
1787731200000,62.56,63.08,62.09,62.67,836.48,52285.9063
1787734800000,62.67,62.95,62.28,62.35,199.45,12498.0438
1787738400000,62.35,62.6,62.16,62.44,387.14,24131.3801
1787742000000,62.44,62.54,62.16,62.31,84.72,5284.6967
1787745600000,62.31,62.86,62.1,62.17,542.63,33938.5701
1787749200000,62.17,62.28,61.51,61.86,954.62,58936.8343
1787752800000,61.86,62.07,60.21,60.93,3704.34,225013.1536
1787756400000,60.93,61.13,60.56,60.83,598.0,36413.3954
1787760000000,60.83,61.42,60.36,61.28,4316.05,263154.9624
1787763600000,61.28,61.79,61.26,61.41,509.74,31372.278
1787767200000,61.41,62.01,61.31,61.84,533.38,32933.6565
1787770800000,61.84,62.58,61.75,62.19,459.39,28581.2373
1787774400000,62.19,62.31,61.64,62.05,339.86,21020.5051
1787778000000,62.05,62.72,62.02,62.64,305.89,19126.8292
1787781600000,62.64,63.12,62.58,62.69,196.59,12363.4107
1787785200000,62.69,63.17,62.58,63.08,314.12,19775.9571
1787788800000,63.08,63.08,62.66,62.89,140.16,8809.3265
1787792400000,62.89,63.5,62.65,63.1,501.81,31738.769
1787796000000,63.1,63.19,62.67,62.73,58.65,3685.7844
1787799600000,62.73,62.82,62.54,62.58,43.67,2736.7284
1787803200000,62.58,62.7,62.44,62.62,71.61,4479.9724
1787806800000,62.62,62.7,62.23,62.48,72.62,4535.6015
1787810400000,62.48,62.66,62.21,62.56,326.36,20383.3406
1787814000000,62.56,62.78,62.45,62.69,142.2,8906.5426
1787817600000,62.69,63.61,62.5,63.26,537.03,33954.9432
1787821200000,63.26,63.75,63.06,63.16,767.15,48637.0499
1787824800000,63.16,63.37,62.09,62.45,1107.0,69296.6589
1787828400000,62.45,62.58,62.13,62.25,105.78,6596.6966
1787832000000,62.25,62.48,62.09,62.3,213.57,13320.0604
1787835600000,62.3,62.59,62.03,62.19,136.58,8498.1078
1787839200000,62.19,62.68,62.12,62.29,140.5,8758.6284
1787842800000,62.29,62.85,62.29,62.83,228.02,14258.2833
1787846400000,62.83,63.41,62.63,63.3,384.85,24358.1158
1787850000000,63.3,63.68,63.05,63.09,274.29,17381.1629
1787853600000,63.09,63.37,62.63,63.07,193.26,12177.2915
1787857200000,63.07,63.27,62.87,62.92,196.35,12380.9757
1787860800000,62.92,63.12,62.77,63.0,82.76,5210.7842
1787864400000,63.0,63.27,62.94,63.19,129.7,8186.8237
1787868000000,63.19,63.48,63.19,63.44,102.58,6499.4374
1787871600000,63.44,63.44,63.1,63.14,60.03,3795.0094
1787875200000,63.14,63.53,62.97,62.97,242.53,15330.549
1787878800000,62.97,63.49,62.74,62.83,194.01,12232.1018
1787882400000,62.83,62.83,61.88,62.05,589.81,36728.231
1787886000000,62.05,62.35,61.91,62.13,181.98,11309.7933
1787889600000,62.13,62.25,61.82,61.97,248.64,15422.904
1787893200000,61.97,62.22,61.8,62.22,98.49,6106.7785
1787896800000,62.22,62.49,62.19,62.39,150.96,9412.1249
1787900400000,62.39,62.45,62.16,62.33,364.29,22677.6451
1787904000000,62.33,62.59,62.1,62.1,166.28,10381.1166
1787907600000,62.1,62.47,62.07,62.31,397.27,24736.9657
1787911200000,62.31,62.51,61.9,62.51,202.07,12560.8632
1787914800000,62.51,63.38,62.51,63.34,1213.62,76396.3048
1787918400000,63.34,63.4,62.07,62.07,1313.51,82273.5322
1787922000000,62.07,62.24,61.88,62.01,253.15,15715.2718
1787925600000,62.01,62.65,61.32,62.32,1053.39,65405.1315
1787929200000,62.32,62.5,60.95,60.95,694.8,42852.4514
1787932800000,60.95,61.22,60.19,60.93,1492.5,90597.9854
1787936400000,60.93,61.03,60.72,60.75,135.65,8260.416
1787940000000,60.75,60.81,60.19,60.41,611.45,36965.9929
1787943600000,60.41,60.76,60.34,60.74,483.66,29275.3901
1787947200000,60.74,61.04,60.64,60.98,603.64,36733.0175
1787950800000,60.98,61.02,60.71,60.74,200.66,12217.9394
1787954400000,60.74,60.96,60.63,60.9,220.88,13438.1966
1787958000000,60.9,61.11,60.86,61.04,139.84,8531.1853
1787961600000,61.04,61.21,60.84,60.96,188.08,11481.5542
1787965200000,60.96,61.13,60.86,61.08,62.92,3836.8556
1787968800000,61.08,61.45,61.06,61.45,112.05,6865.5088
1787972400000,61.45,61.45,60.97,60.97,63.83,3904.9367
1787976000000,60.97,61.47,60.95,61.35,249.04,15251.6637
1787979600000,61.35,61.57,61.35,61.53,136.43,8388.4451
1787983200000,61.53,61.54,61.08,61.4,317.22,19457.935
1787986800000,61.4,61.48,61.21,61.21,55.88,3429.2518
1787990400000,61.21,61.23,60.75,60.89,534.64,32599.4574
1787994000000,60.89,61.22,60.84,61.0,300.37,18340.6496
1787997600000,61.0,61.14,60.92,61.03,87.49,5342.4295
1788001200000,61.03,61.13,60.79,60.82,125.87,7672.2918
1788004800000,60.82,61.0,60.72,60.96,274.97,16721.4091
1788008400000,60.96,61.05,60.79,60.94,171.98,10478.3213
1788012000000,60.94,61.34,60.86,61.21,128.21,7834.1587
1788015600000,61.21,61.45,61.14,61.43,85.29,5225.4315
1788019200000,61.43,61.61,61.19,61.32,241.35,14822.8148
1788022800000,61.32,61.35,60.85,60.97,447.6,27334.9942
1788026400000,60.97,61.22,60.86,61.18,179.1,10943.0263
1788030000000,61.18,61.22,60.96,61.1,84.38,5156.6529
1788033600000,61.1,61.17,60.89,60.98,101.8,6207.9382
1788037200000,60.98,61.61,60.94,61.32,335.8,20560.4174
1788040800000,61.32,61.34,61.11,61.3,74.98,4590.9698
1788044400000,61.3,61.42,61.28,61.36,94.46,5795.6423
1788048000000,61.36,61.46,61.19,61.22,252.88,15498.4538
1788051600000,61.22,61.5,61.18,61.5,77.08,4722.749
1788055200000,61.5,61.69,61.41,61.6,84.69,5212.7104
1788058800000,61.6,61.85,61.6,61.6,65.2,4022.5672
1788062400000,61.6,61.69,61.22,61.42,113.93,7013.125
1788066000000,61.42,61.61,61.39,61.46,107.41,6603.1124
1788069600000,61.46,61.64,61.41,61.58,63.54,3908.167
1788073200000,61.58,61.61,61.36,61.41,57.23,3517.1161
1788076800000,61.41,61.48,61.2,61.3,58.5,3591.762
1788080400000,61.3,61.55,61.23,61.53,197.51,12127.378
1788084000000,61.53,61.7,61.49,61.64,89.31,5498.0749
1788087600000,61.64,61.69,61.42,61.52,151.39,9318.3738
1788091200000,61.52,61.89,61.52,61.89,275.69,17018.3662
1788094800000,61.89,62.09,61.54,62.0,402.62,24911.7801
1788098400000,62.0,62.0,61.75,61.75,36.33,2247.7205
1788102000000,61.75,61.81,61.62,61.63,79.33,4893.9147
1788105600000,61.63,62.11,61.63,62.06,254.37,15745.5402
1788109200000,62.06,62.06,61.67,61.67,188.87,11674.0657
1788112800000,61.67,61.89,61.4,61.84,286.04,17635.4378
1788116400000,61.84,61.84,61.15,61.43,316.23,19452.3187
1788120000000,61.43,61.6,60.83,61.07,740.65,45286.0524
1788123600000,61.07,61.12,60.59,60.88,307.17,18699.0023
1788127200000,60.88,61.0,60.44,60.66,204.71,12440.0936
1788130800000,60.66,60.66,59.33,59.98,2002.07,119862.6252
1788134400000,59.98,60.43,59.67,60.35,430.38,25883.2955
1788138000000,60.35,60.35,59.89,59.9,203.82,12239.7103
1788141600000,59.9,60.15,59.73,59.83,171.33,10265.879
1788145200000,59.83,60.33,59.8,60.33,216.25,13016.5553
1788148800000,60.33,60.34,59.98,60.08,252.06,15154.2297
1788152400000,60.08,60.7,60.08,60.7,329.2,19921.9031
1788156000000,60.7,61.1,60.66,60.85,213.0,12961.7319
1788159600000,60.85,61.15,60.84,60.95,142.35,8677.486
1788163200000,60.95,61.07,60.79,60.82,127.11,7739.5651
1788166800000,60.82,60.96,60.68,60.95,110.84,6740.2456
1788170400000,60.95,62.48,60.76,61.56,934.59,57724.6024
1788174000000,61.56,62.52,61.35,61.57,972.84,60069.7806
1788177600000,61.57,61.88,61.13,61.31,741.06,45634.1726
1788181200000,61.31,61.44,60.88,61.05,212.13,12953.7856
1788184800000,61.05,61.58,60.86,61.38,202.68,12393.7645
1788188400000,61.38,61.4,60.95,61.05,180.12,11011.711
1788192000000,61.05,61.24,60.88,61.06,162.01,9890.4901
1788195600000,61.06,61.6,61.04,61.5,166.96,10252.353
1788199200000,61.5,61.59,61.27,61.51,104.93,6444.555
1788202800000,61.51,61.61,61.23,61.38,329.99,20265.9475
1788206400000,61.38,61.47,61.12,61.16,98.49,6037.1097
1788210000000,61.16,61.53,61.02,61.04,347.6,21285.4672
1788213600000,61.04,61.11,60.69,60.86,278.67,16945.2014
1788217200000,60.86,61.06,60.72,61.0,122.35,7448.7525
1788220800000,61.0,61.47,60.93,61.18,366.28,22447.3421
1788224400000,61.18,61.36,60.88,61.25,777.85,47577.6251
1788228000000,61.25,61.32,61.06,61.3,52.11,3188.5052
1788231600000,61.3,61.38,61.16,61.26,82.17,5033.0733
1788235200000,61.26,61.74,61.26,61.4,780.63,48047.0791
1788238800000,61.4,61.74,61.3,61.52,254.59,15669.2541
1788242400000,61.52,61.55,61.15,61.15,175.87,10789.3307
1788246000000,61.15,61.39,61.05,61.39,202.1,12362.9876
1788249600000,61.39,61.42,60.72,60.99,621.95,37880.0588
1788253200000,60.99,61.31,60.68,61.31,274.99,16772.6284
1788256800000,61.31,61.71,61.07,61.46,553.59,34005.9775
1788260400000,61.46,61.95,61.41,61.83,800.8,49465.7161
1788264000000,61.83,63.07,61.69,62.6,2528.38,157513.4775
1788267600000,62.6,63.23,62.37,62.58,2749.74,172705.3552
1788271200000,62.58,63.3,62.52,63.15,916.31,57618.6052
1788274800000,63.15,63.51,62.85,63.4,352.02,22227.0863
1788278400000,63.4,64.04,62.72,63.57,4063.01,257247.8664
1788282000000,63.57,64.29,63.33,64.02,887.92,56703.1859
1788285600000,64.02,64.34,62.83,63.22,1667.55,105989.9119
1788289200000,63.22,63.5,63.02,63.31,197.79,12510.0781
1788292800000,63.31,63.39,62.9,63.06,228.6,14427.0185
1788296400000,63.06,63.95,62.49,63.57,5047.59,320361.8459
1788300000000,63.57,64.39,63.27,63.65,6694.36,427383.6358
1788303600000,63.65,64.07,63.22,63.51,1721.26,109475.6907
1788307200000,63.51,63.98,63.29,63.76,1562.49,99422.2366
1788310800000,63.76,64.15,63.0,63.35,2504.58,158880.8457
1788314400000,63.35,63.95,63.21,63.9,414.34,26417.7004
1788318000000,63.9,64.51,63.86,64.08,1146.45,73656.7357
1788321600000,64.08,64.2,63.79,64.14,415.45,26592.596
1788325200000,64.14,64.97,63.94,64.72,966.11,62134.12
1788328800000,64.72,65.77,64.72,65.39,1503.14,98239.0158
1788332400000,65.39,66.25,64.55,64.65,2140.05,140395.027
1788336000000,64.65,65.38,64.16,64.31,2687.78,173463.7963
1788339600000,64.31,64.61,63.85,64.31,1585.1,101748.5068
1788343200000,64.31,64.33,63.04,63.41,1506.14,95774.971
1788346800000,63.41,63.97,63.38,63.77,837.73,53381.286
1788350400000,63.77,64.2,63.36,63.46,566.35,36188.216
1788354000000,63.46,64.3,63.44,64.13,568.4,36307.8762
1788357600000,64.13,64.64,64.03,64.03,1344.84,86588.642
1788361200000,64.03,64.24,63.61,64.12,636.6,40667.7837
1788364800000,64.12,64.69,63.9,64.4,525.08,33685.0167
1788368400000,64.4,65.45,64.33,65.45,612.68,39708.8538
1788372000000,65.45,65.63,64.83,64.87,721.14,47038.4677
1788375600000,64.87,64.92,64.12,64.19,453.64,29222.2431
1788379200000,64.19,64.37,63.36,63.84,2120.2,135234.5655
1788382800000,63.84,63.92,63.61,63.74,784.5,50037.5106
1788386400000,63.74,63.93,63.57,63.68,399.89,25489.7311
1788390000000,63.68,64.43,63.6,64.38,769.99,49396.7712
1788393600000,64.38,64.57,64.14,64.27,370.85,23873.3386
1788397200000,64.27,64.76,63.87,64.19,827.1,53261.8915
1788400800000,64.19,64.66,64.08,64.62,290.95,18750.5353
1788404400000,64.62,64.62,64.28,64.4,120.11,7735.8466
1788408000000,64.4,64.74,64.38,64.71,121.49,7836.2348
1788411600000,64.71,64.79,64.08,64.49,171.48,11034.7473
1788415200000,64.49,64.61,64.3,64.45,192.67,12414.7173
1788418800000,64.45,64.67,64.37,64.53,364.05,23491.5673
1788422400000,64.53,64.79,64.43,64.5,171.05,11047.1928
1788426000000,64.5,64.67,64.28,64.51,222.28,14334.5163
1788429600000,64.51,65.52,64.45,65.37,546.54,35533.9115
1788433200000,65.37,65.75,65.27,65.54,663.92,43490.0022
1788436800000,65.54,65.67,65.19,65.45,423.78,27719.6745
1788440400000,65.45,65.45,64.9,64.9,90.74,5907.5368
1788444000000,64.9,65.84,64.7,65.78,371.49,24226.6499
1788447600000,65.78,65.97,65.17,65.9,755.45,49415.8556
1788451200000,65.9,65.91,65.18,65.45,441.33,28880.5414
1788454800000,65.45,65.53,65.13,65.19,225.62,14730.4467
1788458400000,65.19,65.34,64.8,65.15,223.24,14518.5996
1788462000000,65.15,65.35,64.91,64.97,422.83,27540.6662
1788465600000,64.97,65.33,64.96,65.17,265.07,17271.8558
1788469200000,65.17,65.57,64.92,65.28,972.42,63338.066
1788472800000,65.28,65.3,64.84,65.09,287.7,18707.2005
1788476400000,65.09,65.15,64.92,65.11,148.44,9656.138
1788480000000,65.11,65.34,64.93,65.09,341.3,22238.6959
1788483600000,65.09,65.49,65.01,65.27,235.0,15349.2653
1788487200000,65.27,65.45,65.07,65.4,178.52,11646.0781
1788490800000,65.4,65.55,65.16,65.33,166.94,10912.3039
1788494400000,65.33,65.73,65.28,65.49,468.74,30699.3249
1788498000000,65.49,65.65,65.12,65.25,133.79,8762.8906
1788501600000,65.25,65.31,65.08,65.28,85.78,5593.5766
1788505200000,65.28,65.37,65.14,65.23,75.15,4904.9222
1788508800000,65.23,65.77,65.15,65.72,189.62,12420.6282
1788512400000,65.72,66.37,65.52,66.06,946.52,62427.97
1788516000000,66.06,66.52,65.7,66.5,414.49,27391.9226
1788519600000,66.5,67.22,65.92,66.21,1023.9,68095.2933
1788523200000,66.21,66.26,64.37,64.92,2283.75,148688.0575
1788526800000,64.92,65.27,64.8,64.92,238.33,15492.8523
1788530400000,64.92,64.99,63.97,64.29,630.65,40552.4869
1788534000000,64.29,64.76,63.89,64.15,631.59,40644.504
1788537600000,64.15,64.39,64.0,64.21,281.31,18061.3526
1788541200000,64.21,64.27,63.52,63.57,384.15,24515.1312
1788544800000,63.57,63.9,63.55,63.77,241.22,15377.0803
1788548400000,63.77,64.03,63.59,63.59,248.83,15895.5992
1788552000000,63.59,63.75,63.25,63.58,592.9,37680.6938
1788555600000,63.58,63.58,63.3,63.45,202.38,12832.4721
1788559200000,63.45,63.47,63.38,63.45,129.98,8244.6783
1788562800000,63.45,63.6,63.31,63.51,322.52,20468.0091
1788566400000,63.51,63.55,63.39,63.46,159.53,10129.8659
1788570000000,63.46,63.6,63.35,63.46,123.5,7837.545
1788573600000,63.46,63.71,63.41,63.67,287.54,18285.8109
1788577200000,63.67,63.67,63.26,63.34,281.43,17857.5041
1788580800000,63.34,63.42,63.21,63.35,218.38,13828.7515
1788584400000,63.35,63.67,63.23,63.56,262.78,16694.0719
1788588000000,63.56,63.91,63.47,63.84,196.08,12497.9217
1788591600000,63.84,64.04,63.81,64.02,156.68,10016.9386
1788595200000,64.02,64.04,63.52,63.66,713.49,45461.4479
1788598800000,63.66,63.85,63.64,63.84,287.97,18354.9147
1788602400000,63.84,63.9,63.65,63.7,169.34,10807.4309
1788606000000,63.7,63.95,63.51,63.52,262.14,16684.604
1788609600000,63.52,64.25,63.44,64.07,444.68,28362.0361
1788613200000,64.07,64.1,63.48,63.64,393.94,25137.1622
1788616800000,63.64,63.85,63.48,63.76,309.59,19694.7001
1788620400000,63.76,63.83,63.5,63.73,281.88,17932.0827
1788624000000,63.73,64.11,63.7,64.09,317.06,20266.8899
1788627600000,64.09,64.68,64.01,64.6,464.13,29823.5336
1788631200000,64.6,65.37,64.51,64.52,888.77,57718.4407
1788634800000,64.52,64.91,64.39,64.58,237.54,15359.9974
1788638400000,64.58,64.83,64.34,64.5,156.58,10116.4909
1788642000000,64.5,64.81,64.47,64.78,91.54,5923.6891
1788645600000,64.78,64.92,64.57,64.86,93.23,6040.7841
1788649200000,64.86,64.9,64.65,64.69,120.75,7819.9547
1788652800000,64.69,65.25,64.59,65.23,71.99,4673.8024
1788656400000,65.23,66.12,65.21,65.99,473.11,31083.5842
1788660000000,65.99,66.13,65.49,65.51,336.96,22178.8334
1788663600000,65.51,65.89,65.35,65.64,922.58,60576.7979
1788667200000,65.64,65.67,64.98,65.35,528.0,34451.9178
1788670800000,65.35,67.01,65.2,66.78,610.87,40360.0563
1788674400000,66.78,66.85,65.87,66.21,721.49,47842.8087
1788678000000,66.21,66.26,65.67,65.92,196.94,12970.0126
1788681600000,65.92,66.03,65.17,65.32,355.53,23308.769
1788685200000,65.32,65.55,65.26,65.5,216.57,14167.7227
1788688800000,65.5,65.73,65.4,65.68,134.34,8808.5808
1788692400000,65.68,65.77,65.38,65.59,235.07,15421.5002
1788696000000,65.59,65.8,65.32,65.35,119.05,7805.5778
1788699600000,65.35,65.85,65.31,65.69,348.53,22864.0313
1788703200000,65.69,65.73,64.68,65.39,661.57,43153.4954
1788706800000,65.39,65.45,65.09,65.42,105.66,6895.894
1788710400000,65.42,65.72,65.25,65.67,109.46,7176.5336
1788714000000,65.67,65.95,65.22,65.77,760.56,49961.6454
1788717600000,65.77,65.94,65.49,65.84,553.69,36353.2202
1788721200000,65.84,65.9,65.69,65.87,60.83,4002.1179
1788724800000,65.87,66.39,65.68,66.24,200.14,13248.3726
1788728400000,66.24,67.0,66.24,66.8,196.57,13118.3488
1788732000000,66.8,66.88,66.31,66.59,510.58,34019.7181
1788735600000,66.59,67.09,66.59,66.9,626.92,41910.6865
1788739200000,66.9,67.12,66.72,66.78,557.46,37288.1676
1788742800000,66.78,66.89,66.11,66.42,498.74,33145.1042
1788746400000,66.42,67.09,66.36,66.48,241.55,16112.0476
1788750000000,66.48,66.6,66.24,66.31,111.06,7370.1049
1788753600000,66.31,66.57,66.28,66.38,192.06,12750.3234
1788757200000,66.38,66.57,66.37,66.45,104.58,6951.3322
1788760800000,66.45,66.72,66.2,66.28,247.25,16434.0937
1788764400000,66.28,66.28,65.08,65.66,2163.56,141977.6293
1788768000000,65.66,65.89,65.51,65.88,414.11,27230.5233
1788771600000,65.88,65.95,65.36,65.36,676.2,44365.2676
1788775200000,65.36,65.56,64.84,65.08,537.16,34953.16
1788778800000,65.08,65.37,64.78,65.35,474.45,30889.0314
1788782400000,65.35,66.33,65.35,66.19,357.48,23535.3792
1788786000000,66.19,66.3,65.78,65.82,198.08,13080.6913
1788789600000,65.82,65.98,65.39,65.75,293.22,19234.1703
1788793200000,65.75,65.91,64.95,65.36,1058.75,69269.3592
1788796800000,65.36,65.75,65.33,65.5,471.99,30880.7423
1788800400000,65.5,65.9,65.48,65.76,226.5,14902.1386
1788804000000,65.76,65.76,65.35,65.52,59.98,3931.5911
1788807600000,65.52,66.72,65.28,66.48,672.53,44431.9289
1788811200000,66.48,66.68,66.24,66.5,137.81,9162.1751
1788814800000,66.5,66.73,65.86,66.44,666.39,44190.1161
1788818400000,66.44,66.44,65.78,65.8,171.67,11346.4119
1788822000000,65.8,66.48,65.8,66.46,202.05,13354.0128
1788825600000,66.46,66.72,66.3,66.54,252.75,16815.1725
1788829200000,66.54,66.69,66.41,66.64,71.87,4782.4515
1788832800000,66.64,66.65,65.84,65.84,282.01,18663.0592
1788836400000,65.84,66.3,65.82,66.16,205.75,13606.9193
1788840000000,66.16,66.25,65.93,66.1,174.04,11510.7356
1788843600000,66.1,66.26,65.82,65.82,176.55,11669.1796
1788847200000,65.82,65.9,65.3,65.42,269.56,17668.2725
1788850800000,65.42,66.05,65.42,66.03,208.84,13740.4696
1788854400000,66.03,66.7,65.57,66.49,507.39,33633.1661
1788858000000,66.49,67.57,66.22,67.03,627.27,41944.7807
1788861600000,67.03,67.03,66.46,66.5,352.35,23531.0865
1788865200000,66.5,66.72,66.18,66.7,118.61,7884.7086
1788868800000,66.7,66.83,66.42,66.72,226.84,15109.2964
1788872400000,66.72,67.51,66.37,67.02,720.25,48337.6655
1788876000000,67.02,67.61,66.81,67.32,487.9,32809.6844
1788879600000,67.32,68.37,67.32,67.73,1134.67,77191.2127
1788883200000,67.73,67.91,67.5,67.83,340.27,23039.4531
1788886800000,67.83,68.95,67.73,68.27,787.75,53814.5731
1788890400000,68.27,68.78,67.55,67.74,568.93,38797.0628
1788894000000,67.74,67.88,67.3,67.3,259.64,17555.9492
1788897600000,67.3,67.37,66.87,67.25,703.8,47247.946
1788901200000,67.25,67.29,66.67,66.84,575.58,38514.6823
1788904800000,66.84,67.02,66.66,66.88,89.98,6011.03
1788908400000,66.88,67.05,66.78,66.94,198.2,13262.382
1788912000000,66.94,67.38,66.89,66.92,497.27,33394.5735
1788915600000,66.92,67.29,66.83,67.24,184.46,12356.275
1788919200000,67.24,67.24,66.89,67.05,59.21,3971.8766
1788922800000,67.05,67.17,66.95,66.96,122.45,8209.251
1788926400000,66.96,68.32,66.92,68.23,371.9,25171.9886
1788930000000,68.23,69.61,68.02,69.28,1267.62,87529.458
1788933600000,69.28,69.28,68.27,68.49,604.82,41544.7112
1788937200000,68.49,69.83,68.41,68.99,679.64,47068.7299
1788940800000,68.99,69.13,68.65,68.9,356.17,24550.207
1788944400000,68.9,68.98,67.7,67.7,1050.83,71477.5999
1788948000000,67.7,68.48,67.7,67.94,785.91,53559.8284
1788951600000,67.94,68.01,67.54,67.8,134.99,9143.6999
1788955200000,67.8,67.85,67.52,67.55,270.31,18291.4225
1788958800000,67.55,67.71,66.87,66.95,577.92,38853.3171
1788962400000,66.95,67.23,66.73,66.83,450.62,30194.2096
1788966000000,66.83,67.13,66.18,66.81,579.09,38599.2927
1788969600000,66.81,67.25,66.43,67.1,885.3,59268.7073
1788973200000,67.1,67.1,66.71,66.92,184.35,12332.2533
1788976800000,66.92,67.06,66.56,66.63,230.27,15385.6895
1788980400000,66.63,66.9,66.24,66.3,158.93,10596.6851
1788984000000,66.3,66.72,65.97,66.72,384.96,25539.1314
1788987600000,66.72,67.52,66.21,67.3,307.95,20566.6009
1788991200000,67.3,67.5,66.17,66.59,1038.78,69482.4274
1788994800000,66.59,67.03,66.51,67.03,114.99,7667.6956
1788998400000,67.03,67.17,66.59,66.62,861.0,57501.6982
1789002000000,66.62,66.94,66.27,66.61,381.04,25421.5078
1789005600000,66.61,67.16,66.48,66.93,158.0,10564.1634
1789009200000,66.93,67.75,66.87,67.21,823.17,55432.6461
1789012800000,67.21,67.38,66.77,66.83,182.22,12237.0094
1789016400000,66.83,66.98,66.63,66.75,279.57,18666.3048
1789020000000,66.75,66.84,66.21,66.57,227.87,15160.5792
1789023600000,66.57,66.89,66.18,66.38,298.47,19882.5561
1789027200000,66.38,66.61,66.33,66.49,247.83,16473.2824
1789030800000,66.49,66.5,66.02,66.18,240.59,15955.1409
1789034400000,66.18,66.28,65.86,66.03,171.55,11343.8003
1789038000000,66.03,66.24,65.89,66.08,236.74,15647.7655
1789041600000,66.08,66.21,62.93,64.59,3826.24,247256.7611
1789045200000,64.59,65.32,64.57,65.2,430.05,27994.0911
1789048800000,65.2,65.78,64.79,65.47,749.24,48913.6811
1789052400000,65.47,65.67,65.27,65.58,1082.07,70842.9637
1789056000000,65.58,65.6,64.94,65.4,565.9,36947.3955
1789059600000,65.4,66.32,65.35,65.95,242.51,16006.744
1789063200000,65.95,66.0,65.14,65.7,404.01,26472.7405
1789066800000,65.7,65.92,65.28,65.5,308.43,20228.3689
1789070400000,65.5,65.51,65.21,65.27,113.02,7389.6196
1789074000000,65.27,65.35,64.89,64.94,164.72,10723.1336
1789077600000,64.94,65.1,64.72,64.72,163.31,10600.4199
1789081200000,64.72,64.83,64.42,64.45,110.5,7143.4682
1789084800000,64.45,64.85,63.86,64.85,1007.98,64814.7356
1789088400000,64.85,64.89,64.17,64.33,215.29,13925.0767
1789092000000,64.33,64.39,64.12,64.22,133.07,8553.0449
1789095600000,64.22,64.51,64.08,64.49,184.72,11871.9241
1789099200000,64.49,64.84,64.42,64.67,283.31,18297.3897
1789102800000,64.67,64.75,64.36,64.66,344.0,22225.933
1789106400000,64.66,64.96,64.61,64.88,250.13,16200.8124
1789110000000,64.88,65.06,64.61,64.65,298.98,19396.2264
1789113600000,64.65,64.82,64.52,64.63,329.34,21289.1994
1789117200000,64.63,64.87,64.0,64.3,1561.83,100614.1547
1789120800000,64.3,64.71,63.98,63.99,1137.32,73091.2412
1789124400000,63.99,64.29,63.65,64.04,812.53,51954.0438
1789128000000,64.04,65.24,63.5,65.0,1532.17,98684.3738
1789131600000,65.0,65.8,64.39,65.74,1071.41,69607.1525
1789135200000,65.74,66.03,65.0,65.42,817.5,53537.3773
1789138800000,65.42,65.8,64.38,64.53,450.26,29324.7505
1789142400000,64.53,65.24,64.41,64.73,1012.65,65744.6458
1789146000000,64.73,64.79,64.42,64.44,349.55,22571.5776
1789149600000,64.44,64.51,63.65,63.79,590.35,37733.2077
1789153200000,63.79,64.08,63.7,63.99,191.25,12222.276
1789156800000,63.99,64.19,63.76,63.91,243.06,15549.1365
1789160400000,63.91,64.05,63.54,63.55,178.62,11397.5406
1789164000000,63.55,63.58,62.51,62.74,1827.53,115396.946
1789167600000,62.74,63.45,62.74,63.31,541.55,34124.3674
1789171200000,63.31,64.14,63.24,63.81,824.01,52494.5064
1789174800000,63.81,63.86,63.61,63.83,136.43,8697.3649
1789178400000,63.83,64.13,63.71,64.02,342.3,21885.1679
1789182000000,64.02,64.19,63.92,64.16,157.52,10082.4832
1789185600000,64.16,64.35,63.91,64.03,419.16,26890.4768
1789189200000,64.03,64.15,63.9,63.94,223.0,14271.5859
1789192800000,63.94,64.09,63.84,63.91,338.69,21656.7478
1789196400000,63.91,64.1,63.78,63.78,218.48,13962.7159
1789200000000,63.78,64.02,63.78,63.85,316.65,20235.4218
1789203600000,63.85,64.43,63.78,64.34,768.4,49219.0894
1789207200000,64.34,64.52,64.14,64.33,331.25,21313.9015
1789210800000,64.33,64.35,64.12,64.29,205.49,13201.3344
1789214400000,64.29,64.62,64.19,64.33,497.34,32003.9043
1789218000000,64.33,64.56,64.22,64.31,223.44,14389.915
1789221600000,64.31,64.41,64.19,64.29,201.25,12936.0162
1789225200000,64.29,64.37,64.17,64.28,142.98,9191.246
1789228800000,64.28,64.3,64.09,64.21,218.75,14045.2131
1789232400000,64.21,64.25,63.9,64.08,147.56,9452.1834
1789236000000,64.08,64.37,63.92,64.15,216.83,13923.4237
1789239600000,64.15,64.32,63.93,63.98,270.94,17378.7083
1789243200000,63.98,64.15,63.76,63.81,200.43,12822.3705
1789246800000,63.81,63.91,63.53,63.65,252.45,16076.6749
1789250400000,63.65,63.67,63.47,63.63,176.53,11219.6767
1789254000000,63.63,63.85,63.56,63.85,44.65,2842.7088
1789257600000,63.85,64.21,63.75,64.02,152.91,9793.2801
1789261200000,64.02,64.02,63.83,64.0,65.67,4198.2184
1789264800000,64.0,64.28,63.89,64.23,119.68,7676.3233
1789268400000,64.23,64.39,63.91,63.92,93.65,6005.3335
1789272000000,63.92,63.99,63.77,63.92,100.42,6416.6676
1789275600000,63.92,64.16,63.92,63.97,133.55,8555.3104
1789279200000,63.97,64.12,63.91,64.02,91.96,5886.0103
1789282800000,64.02,64.14,63.93,63.93,42.55,2725.033
1789286400000,63.93,64.0,63.57,63.59,167.57,10686.3841
1789290000000,63.59,63.72,63.4,63.6,181.53,11550.481
1789293600000,63.6,63.68,63.53,63.55,34.85,2216.7221
1789297200000,63.55,64.06,63.45,63.94,200.6,12808.2544
1789300800000,63.94,64.05,63.66,64.05,159.16,10157.7099
1789304400000,64.05,64.33,63.67,64.33,103.51,6623.419
1789308000000,64.33,64.44,64.07,64.1,106.47,6845.3693
1789311600000,64.1,64.3,63.83,63.98,709.24,45447.6986
1789315200000,63.98,64.22,63.95,64.22,85.92,5508.4887
1789318800000,64.22,64.81,64.22,64.6,178.74,11550.2943
1789322400000,64.6,65.47,64.6,65.02,645.98,42053.6911
1789326000000,65.02,65.1,64.06,64.26,525.19,33931.3352
1789329600000,64.26,64.51,64.26,64.42,48.61,3127.218
1789333200000,64.42,64.48,63.4,63.68,348.4,22281.5841
1789336800000,63.68,63.68,62.78,62.88,518.41,32683.5057
1789340400000,62.88,63.09,62.77,62.97,327.17,20592.5387
1789344000000,62.97,63.1,61.39,62.49,4957.16,307571.9516
1789347600000,62.49,62.84,62.41,62.8,924.12,57859.4885
1789351200000,62.8,63.18,62.66,63.14,257.62,16214.6881
1789354800000,63.14,63.62,63.09,63.58,543.88,34481.9266
1789358400000,63.58,63.82,63.49,63.7,1205.92,76766.8177
1789362000000,63.7,63.75,63.59,63.71,43.52,2773.048
1789365600000,63.71,64.08,63.56,63.62,225.55,14382.9301
1789369200000,63.62,63.75,63.53,63.64,76.12,4844.9411
1789372800000,63.64,64.02,63.54,63.65,453.79,28943.0546
1789376400000,63.65,64.05,63.34,63.83,171.86,10935.346
1789380000000,63.83,63.97,63.63,63.82,91.41,5838.2206
1789383600000,63.82,64.05,63.71,63.85,82.59,5276.264
1789387200000,63.85,64.17,63.36,63.67,502.0,31954.4652
1789390800000,63.67,64.49,63.6,64.09,697.03,44710.5163
1789394400000,64.09,64.35,63.98,64.02,305.57,19601.6844
1789398000000,64.02,64.73,63.83,64.51,313.67,20233.2599
1789401600000,64.51,64.65,64.21,64.57,159.51,10277.8253
1789405200000,64.57,64.57,63.78,63.78,343.06,21989.0326
1789408800000,63.78,64.14,63.23,64.04,1326.02,84339.4021
1789412400000,64.04,64.1,63.8,63.81,55.76,3566.5212
1789416000000,63.81,64.43,63.81,64.09,175.26,11255.0929
1789419600000,64.09,64.42,63.69,64.39,349.31,22359.6922
1789423200000,64.39,64.59,64.22,64.39,429.9,27667.9343
1789426800000,64.39,64.6,64.32,64.38,84.29,5435.7174
1789430400000,64.38,64.48,64.06,64.39,363.64,23357.9509
1789434000000,64.39,64.58,64.16,64.55,414.85,26715.6635
1789437600000,64.55,64.67,64.37,64.54,261.82,16898.7077
1789441200000,64.54,64.86,64.41,64.63,329.74,21322.9049
1789444800000,64.63,64.94,64.23,64.27,360.4,23261.5422
1789448400000,64.27,64.27,63.56,63.87,324.37,20718.3194
1789452000000,63.87,64.03,63.61,63.69,349.42,22293.5398
1789455600000,63.69,63.69,63.11,63.22,205.98,13049.5984
1789459200000,63.22,63.38,63.06,63.19,188.49,11924.6721
1789462800000,63.19,63.25,62.98,62.98,98.47,6215.7056
1789466400000,62.98,63.11,62.21,62.5,812.96,50964.5619
1789470000000,62.5,62.84,62.41,62.73,398.94,25013.2805
1789473600000,62.73,63.02,62.38,62.7,332.96,20893.7558
1789477200000,62.7,63.07,62.24,62.52,432.94,27103.2595
1789480800000,62.52,62.72,61.45,62.08,851.68,52807.8121
1789484400000,62.08,62.87,61.97,62.43,378.12,23643.8233
1789488000000,62.43,62.58,62.24,62.46,84.17,5253.0008
1789491600000,62.46,62.91,62.19,62.67,142.81,8943.4521
1789495200000,62.67,62.84,60.94,62.0,1466.14,90346.224
1789498800000,62.0,62.29,61.04,61.32,665.5,40994.4031
1789502400000,61.32,61.59,61.17,61.42,384.53,23591.7489
1789506000000,61.42,61.43,60.54,60.54,283.62,17299.0472
1789509600000,60.54,61.31,60.27,61.31,352.6,21429.4193
1789513200000,61.31,61.35,61.07,61.08,122.93,7525.3563
1789516800000,61.08,61.17,60.56,60.65,166.78,10146.7612
1789520400000,60.65,60.76,60.1,60.21,112.5,6784.3632
1789524000000,60.21,60.83,60.21,60.61,50.67,3061.0467
1789527600000,60.61,60.82,60.36,60.47,95.0,5753.3198
1789531200000,60.47,60.98,60.12,60.88,579.47,35075.9844
1789534800000,60.88,60.88,59.99,60.12,321.82,19422.751
1789538400000,60.12,60.27,59.11,59.88,3375.43,201002.1363
1789542000000,59.88,60.23,59.51,59.57,664.42,39840.8246
1789545600000,59.57,59.82,59.15,59.35,605.13,36026.5136
1789549200000,59.35,59.99,59.23,59.57,816.94,48703.0705
1789552800000,59.57,59.65,59.32,59.46,58.45,3477.2971
1789556400000,59.46,59.98,59.33,59.91,289.13,17269.0847
1789560000000,59.91,59.91,58.98,59.26,1850.03,109730.8908
1789563600000,59.26,59.37,58.9,59.03,732.78,43320.5553
1789567200000,59.03,59.35,58.66,59.16,1336.6,78821.9299
1789570800000,59.16,59.99,59.09,59.82,616.82,36754.5919
1789574400000,59.82,59.94,59.28,59.34,468.33,27923.6021
1789578000000,59.34,59.44,58.76,59.15,306.73,18129.1436
1789581600000,59.15,60.19,58.86,59.59,1015.81,60458.1361
1789585200000,59.59,60.12,59.3,59.8,655.11,39101.546
1789588800000,59.8,60.5,59.67,60.41,418.86,25221.2187
1789592400000,60.41,61.03,60.35,61.03,424.22,25709.719
1789596000000,61.03,61.07,60.37,60.56,123.3,7467.8188
1789599600000,60.56,61.19,60.51,60.92,561.71,34276.7874
1789603200000,60.92,61.11,60.7,60.78,186.58,11372.4829
1789606800000,60.78,61.09,60.65,60.67,165.94,10092.5946
1789610400000,60.67,60.72,60.44,60.64,91.58,5549.6911
1789614000000,60.64,60.7,60.18,60.26,300.35,18149.3429
1789617600000,60.26,60.5,60.19,60.5,187.12,11291.7541
1789621200000,60.5,60.74,60.37,60.51,944.92,57248.1758
1789624800000,60.51,60.52,60.31,60.43,209.74,12678.1355
1789628400000,60.43,60.71,60.43,60.54,247.24,14976.1442
1789632000000,60.54,61.65,60.54,61.42,846.83,51766.3415
1789635600000,61.42,61.76,61.26,61.34,483.1,29719.6614
1789639200000,61.34,61.45,60.94,61.39,296.74,18161.6368
1789642800000,61.39,61.5,61.05,61.23,334.41,20481.9566
1789646400000,61.23,61.94,61.13,61.56,471.59,29081.0602
1789650000000,61.56,61.65,60.53,61.08,599.58,36659.2025
1789653600000,61.08,61.5,60.89,61.22,248.03,15186.5083
1789657200000,61.22,61.6,61.12,61.37,745.2,45748.0653
1789660800000,61.37,61.51,60.83,61.05,329.18,20126.972
1789664400000,61.05,61.52,60.92,61.13,378.81,23158.2541
1789668000000,61.13,61.55,60.96,61.1,382.57,23435.4951
1789671600000,61.1,61.28,60.93,60.99,361.29,22070.6905
1789675200000,60.99,61.28,60.99,61.12,295.01,18048.9555
1789678800000,61.12,61.15,60.63,60.67,387.65,23557.8024
1789682400000,60.67,60.79,60.55,60.69,179.48,10890.1381
1789686000000,60.69,61.15,60.69,61.1,184.11,11226.1085
1789689600000,61.1,61.36,60.69,61.33,338.01,20610.7919
1789693200000,61.33,61.8,60.98,61.77,323.98,19856.593
1789696800000,61.77,61.89,61.65,61.8,159.11,9824.9247
1789700400000,61.8,62.51,61.67,62.41,389.93,24217.8462
1789704000000,62.41,62.77,62.08,62.56,1251.85,78320.8888
1789707600000,62.56,62.76,62.34,62.72,224.22,14034.3241
1789711200000,62.72,62.72,62.46,62.54,170.94,10701.6775
1789714800000,62.54,63.12,62.45,62.45,2927.07,183834.8469
1789718400000,62.45,62.77,62.29,62.59,450.45,28153.5243
1789722000000,62.59,62.66,61.86,62.41,934.53,58226.0656
1789725600000,62.41,63.26,62.28,63.13,216.33,13621.5074
1789729200000,63.13,63.13,62.24,62.71,329.26,20587.9066
1789732800000,62.71,62.78,62.24,62.56,351.89,22002.8342
1789736400000,62.56,63.99,62.51,63.16,819.31,51824.8609
1789740000000,63.16,63.99,63.16,63.6,1095.06,69620.7628
1789743600000,63.6,63.67,62.95,63.54,1114.46,70473.1531
1789747200000,63.54,64.01,63.21,63.29,481.89,30665.7716
1789750800000,63.29,63.51,62.98,63.33,269.5,17036.0198
1789754400000,63.33,63.58,63.26,63.4,209.13,13252.0224
1789758000000,63.4,63.87,63.29,63.42,762.8,48490.0536
1789761600000,63.42,63.64,63.15,63.52,503.27,31906.7274
1789765200000,63.52,63.71,63.19,63.41,268.98,17075.9413
1789768800000,63.41,63.48,63.04,63.19,229.13,14485.0344
1789772400000,63.19,63.34,63.05,63.11,204.08,12902.2672
1789776000000,63.11,63.5,62.76,63.21,1267.47,79995.51
1789779600000,63.21,63.39,62.91,63.12,342.18,21610.0973
1789783200000,63.12,63.68,63.12,63.62,234.39,14866.6403
1789786800000,63.62,63.69,63.27,63.49,238.48,15128.203
1789790400000,63.49,63.75,63.08,63.23,684.95,43409.4176
1789794000000,63.23,63.49,62.76,62.81,465.26,29347.1577
1789797600000,62.81,63.37,62.81,63.16,342.68,21614.4004
1789801200000,63.16,63.42,63.0,63.4,438.79,27732.7838
1789804800000,63.4,63.87,63.25,63.78,162.52,10347.7674
1789808400000,63.78,64.33,63.74,64.22,1470.5,94189.3534
1789812000000,64.22,64.78,64.19,64.5,879.33,56818.4474
1789815600000,64.5,65.15,64.5,65.1,313.83,20345.1183
1789819200000,65.1,65.51,65.0,65.12,551.55,35959.0775
1789822800000,65.12,65.37,65.11,65.12,145.76,9512.256
1789826400000,65.12,65.86,65.05,65.22,529.19,34639.3156
1789830000000,65.22,65.47,65.18,65.18,214.35,14012.3104
1789833600000,65.18,65.46,65.05,65.2,234.48,15304.3155
1789837200000,65.2,65.51,64.86,65.04,405.15,26399.717
1789840800000,65.04,65.22,64.88,65.19,309.82,20143.4224
1789844400000,65.19,65.43,65.03,65.21,122.68,8005.4442
1789848000000,65.21,65.98,65.14,65.93,296.95,19483.0518
1789851600000,65.93,66.34,65.13,65.42,555.96,36438.8221
1789855200000,65.42,65.55,64.87,65.4,645.09,42042.6197
1789858800000,65.4,65.55,65.11,65.42,93.38,6100.7392
1789862400000,65.42,65.93,65.35,65.83,310.73,20402.5715
1789866000000,65.83,65.83,65.34,65.45,518.41,33982.0399
1789869600000,65.45,65.78,64.09,64.27,1520.67,98598.2679
1789873200000,64.27,65.05,63.94,64.19,656.32,42280.4638
1789876800000,64.19,64.41,63.79,64.24,276.77,17745.4365
1789880400000,64.24,64.34,63.89,63.98,126.96,8153.6601
1789884000000,63.98,64.23,63.63,64.06,135.78,8681.0888
1789887600000,64.06,64.22,63.72,63.79,288.53,18468.3885
1789891200000,63.79,63.96,63.38,63.51,288.97,18410.9293
1789894800000,63.51,64.05,63.5,63.73,263.69,16855.4596
1789898400000,63.73,63.78,63.13,63.33,328.38,20823.9922
1789902000000,63.33,63.78,63.33,63.78,90.34,5743.8539
1789905600000,63.78,63.82,63.37,63.72,172.35,10966.0398
1789909200000,63.72,63.96,63.34,63.4,243.79,15520.9041
1789912800000,63.4,63.82,63.34,63.34,283.17,17986.405
1789916400000,63.34,64.26,63.34,64.22,370.48,23707.7792
1789920000000,64.22,65.25,64.22,64.96,355.74,23068.213
1789923600000,64.96,65.07,64.39,64.39,198.03,12821.1171
1789927200000,64.39,64.65,64.12,64.12,218.26,14048.7035
1789930800000,64.12,64.48,64.08,64.35,394.38,25362.1879
1789934400000,64.35,64.55,64.04,64.18,401.26,25775.5911
1789938000000,64.18,64.34,63.69,64.26,424.64,27165.4007
1789941600000,64.26,64.56,63.92,63.92,564.08,36274.5923
1789945200000,63.92,64.19,63.66,64.03,729.06,46653.2318
1789948800000,64.03,64.98,64.03,64.87,477.0,30831.4881
1789952400000,64.87,65.16,64.49,64.54,233.6,15136.7216
1789956000000,64.54,64.89,64.13,64.74,391.41,25235.6365
1789959600000,64.74,65.29,64.7,65.29,150.05,9753.1009
1789963200000,65.29,65.8,65.23,65.29,566.89,37124.6146
1789966800000,65.29,65.49,65.13,65.34,255.03,16657.0801
1789970400000,65.34,65.97,65.31,65.54,219.85,14430.9518
1789974000000,65.54,65.7,65.15,65.6,412.44,27020.1715
1789977600000,65.6,66.47,65.58,66.43,909.02,60044.4371
1789981200000,66.43,66.82,66.06,66.24,2909.84,193475.8726
1789984800000,66.24,66.94,66.24,66.94,406.71,27050.3515
1789988400000,66.94,67.39,66.85,67.27,769.18,51629.5071
1789992000000,67.27,67.9,66.93,67.7,1422.53,95768.5944
1789995600000,67.7,67.88,66.98,67.39,1650.29,111175.0402
1789999200000,67.39,67.62,66.9,67.3,1858.39,125059.5381
1790002800000,67.3,67.5,66.44,67.22,851.16,56917.6372
1790006400000,67.22,67.53,66.66,66.66,558.45,37521.7049
1790010000000,66.66,66.8,65.79,65.95,1103.26,73002.3105
1790013600000,65.95,66.61,65.93,66.52,562.97,37266.7819
1790017200000,66.52,66.72,66.22,66.72,379.51,25201.99
1790020800000,66.72,67.6,66.63,67.6,517.29,34707.5299
1790024400000,67.6,67.71,67.23,67.29,317.32,21393.0859
1790028000000,67.29,67.52,65.87,67.01,3528.76,235782.9508
1790031600000,67.01,67.23,66.5,66.72,862.88,57700.9425
1790035200000,66.72,67.09,66.29,66.52,891.33,59449.1216
1790038800000,66.52,66.55,65.52,66.17,1072.72,70712.9397
1790042400000,66.17,67.07,66.01,66.45,387.15,25754.9383
1790046000000,66.45,66.91,66.27,66.91,270.69,18013.5289
1790049600000,66.91,66.98,66.17,66.62,527.59,35120.2643
1790053200000,66.62,67.35,66.39,66.96,845.99,56651.8813
1790056800000,66.96,67.83,66.69,67.58,879.6,59119.831
1790060400000,67.58,67.85,66.98,67.45,680.51,45867.8807
1790064000000,67.45,68.03,66.54,67.66,974.74,65503.1197
1790067600000,67.66,67.69,66.81,67.35,586.71,39434.4105
1790071200000,67.35,69.01,67.33,68.97,1200.29,82020.611
1790074800000,68.97,71.41,68.68,70.81,4478.95,312878.2076
1790078400000,70.81,73.92,70.2,73.11,3361.71,242996.4781
1790082000000,73.11,74.57,71.0,72.5,5352.76,387537.8108
1790085600000,72.5,72.73,70.8,71.56,1394.43,100042.5158
1790089200000,71.56,72.81,71.53,72.64,716.03,51818.5719
1790092800000,72.64,73.24,72.08,72.79,931.96,67684.0285
1790096400000,72.79,73.19,72.42,72.54,478.82,34873.1025
1790100000000,72.54,72.68,71.35,71.53,799.05,57408.6186
1790103600000,71.53,72.28,71.49,71.74,647.18,46559.873
1790107200000,71.74,73.38,71.43,73.3,1105.77,80275.9316
1790110800000,73.3,74.86,73.12,73.63,1142.63,84642.2748
1790114400000,73.63,74.0,73.15,73.56,554.77,40730.5127
1790118000000,73.56,74.0,73.36,73.64,362.52,26726.1982
1790121600000,73.64,74.95,73.52,74.11,895.44,66398.3379
1790125200000,74.11,76.13,74.04,75.22,1141.27,86150.3489
1790128800000,75.22,75.32,74.03,74.31,649.82,48378.5339
1790132400000,74.31,75.51,74.23,74.83,482.87,36126.636
1790136000000,74.83,75.03,74.25,74.8,665.78,49739.3069
1790139600000,74.8,75.7,74.37,74.41,471.58,35395.1335
1790143200000,74.41,74.96,73.92,74.64,250.26,18673.8392
1790146800000,74.64,75.71,74.47,74.73,449.59,33704.6324
1790150400000,74.73,75.39,74.2,74.48,370.17,27667.2478
1790154000000,74.48,75.62,74.48,75.24,356.56,26827.1928
1790157600000,75.24,75.25,74.51,75.2,646.46,48405.1555
1790161200000,75.2,75.24,73.62,73.98,835.08,61910.7105
1790164800000,73.98,73.98,73.15,73.43,1403.79,103338.3793
1790168400000,73.43,74.18,72.77,73.91,931.92,68539.8657
1790172000000,73.91,73.99,70.2,71.39,5075.44,364171.6404
1790175600000,71.39,73.08,71.34,72.29,1187.82,86006.5791
1790179200000,72.29,72.54,71.03,71.37,1665.91,119623.0718
1790182800000,71.37,71.77,70.78,71.23,354.88,25291.4872
1790186400000,71.23,71.23,70.6,70.82,358.94,25421.7426
1790190000000,70.82,71.13,70.56,70.84,210.9,14938.3121
1790193600000,70.84,70.95,70.22,70.6,164.04,11569.1822
1790197200000,70.6,71.21,70.36,70.82,182.25,12888.7844
1790200800000,70.82,71.33,70.43,70.6,341.37,24221.8465
1790204400000,70.6,70.64,70.29,70.46,128.9,9088.4907
1790208000000,70.46,70.69,70.04,70.26,371.21,26086.8748
1790211600000,70.26,70.28,69.62,69.78,315.13,22041.0075
1790215200000,69.78,71.17,69.61,71.02,205.49,14457.3774
1790218800000,71.02,71.28,70.45,70.67,178.77,12656.8535
1790222400000,70.67,71.53,70.54,71.53,512.22,36382.559
1790226000000,71.53,72.17,71.49,71.62,232.81,16731.5852
1790229600000,71.62,71.77,71.38,71.59,262.17,18760.5142
1790233200000,71.59,72.16,71.37,71.7,244.38,17538.353
1790236800000,71.7,71.7,70.26,70.79,301.07,21387.0572
1790240400000,70.79,70.91,70.15,70.48,333.5,23518.9579
1790244000000,70.48,72.38,70.48,72.28,429.18,30517.5989
1790247600000,72.28,72.62,71.82,72.16,820.63,59247.3913
1790251200000,72.16,75.16,72.08,74.81,1987.28,146675.7351
1790254800000,74.81,78.95,74.42,78.78,4983.94,383443.3872
1790258400000,78.78,82.0,78.21,80.0,7486.61,598464.8135
1790262000000,80.0,82.88,79.5,82.18,3197.58,259311.579
1790265600000,82.18,85.63,82.04,85.18,4346.17,364642.6332
1790269200000,85.18,85.99,84.35,84.87,3288.67,279866.6021
1790272800000,84.87,85.88,83.18,84.2,5358.87,453106.4959
1790276400000,84.2,86.62,83.54,86.01,5294.21,451767.2733
1790280000000,86.01,87.46,85.77,86.87,7172.85,621496.9509
1790283600000,86.87,89.35,86.22,89.1,5417.55,476609.0054
1790287200000,89.1,91.21,88.31,89.54,9288.21,832286.1561
1790290800000,89.54,90.55,88.97,89.9,3366.17,301913.5087
1790294400000,89.9,91.59,88.5,89.48,6967.35,626689.0998
1790298000000,89.48,90.78,88.62,89.48,5172.17,463527.0176
1790301600000,89.48,90.68,88.06,89.4,3681.88,328543.1726
1790305200000,89.4,94.33,89.35,93.53,16332.82,1504677.7641
1790308800000,93.53,98.38,92.08,97.21,38561.4,3688992.8745
1790312400000,97.21,98.63,93.18,97.27,30429.98,2928243.3848
1790316000000,97.27,102.68,95.88,101.49,40953.4,4058684.609
1790319600000,101.49,104.36,98.5,101.82,69127.93,7034958.2118
1790323200000,101.82,102.51,96.68,99.05,41012.46,4094404.8225
1790326800000,99.05,99.38,95.2,95.99,32033.84,3113836.1636
1790330400000,95.99,100.68,95.78,97.75,38034.54,3749686.3016
1790334000000,97.75,99.85,96.81,97.93,15273.74,1500017.857
1790337600000,97.93,97.94,94.09,94.37,24594.11,2360189.9904
1790341200000,94.37,96.34,93.3,93.53,21258.64,2011825.2985
1790344800000,93.53,95.68,92.38,95.0,14010.09,1313265.545
1790348400000,95.0,96.96,94.01,95.36,9485.63,903152.8535
1790352000000,95.36,99.15,94.8,97.88,8834.91,858423.0836
1790355600000,97.88,98.65,96.28,98.36,5431.98,529798.2812
1790359200000,98.36,98.88,97.05,98.21,4029.24,395320.3834
1790362800000,98.21,98.38,96.27,96.86,3485.83,339207.5055
1790366400000,96.86,98.87,96.73,97.6,2360.61,230747.87
1790370000000,97.6,97.83,96.39,96.98,1940.87,188456.1688
1790373600000,96.98,97.97,96.8,97.51,1707.72,166441.1432
1790377200000,97.51,99.69,97.44,98.4,5125.79,506285.3825
1790380800000,98.4,99.68,97.7,98.26,1834.05,181093.7233
1790384400000,98.26,100.72,98.05,99.95,4056.21,404810.3028
1790388000000,99.95,100.78,99.25,99.93,2468.77,246977.4648
1790391600000,99.93,101.66,98.52,99.5,3013.5,301742.8492
1790395200000,99.5,99.91,98.22,98.53,2459.72,243673.9278
1790398800000,98.53,101.12,98.38,100.58,3501.22,349407.3592
1790402400000,100.58,103.9,100.58,101.16,10075.27,1034649.4358
1790406000000,101.16,101.29,99.28,101.1,3349.36,336301.1128
1790409600000,101.1,107.24,101.0,102.87,16921.14,1766655.2298
1790413200000,102.87,107.93,102.56,107.69,9997.02,1055319.8597
1790416800000,107.69,109.96,106.06,106.06,12791.94,1387053.2711
1790420400000,106.06,106.74,103.34,104.43,5804.98,609634.7901
1790424000000,104.43,105.41,103.01,103.58,4254.72,443194.5072
1790427600000,103.58,107.2,103.22,105.86,4982.78,524811.7958
1790431200000,105.86,111.72,105.65,110.54,14368.97,1568677.4947
1790434800000,110.54,119.88,109.16,115.91,30674.05,3550533.8037
1790438400000,115.91,123.86,114.17,123.24,46889.27,5611025.7975
1790442000000,123.24,124.89,121.15,123.46,51450.83,6330365.2488
1790445600000,123.46,125.0,119.0,119.53,33851.07,4132736.6891
1790449200000,119.53,124.27,119.51,122.53,23328.4,2852723.7117
1790452800000,122.53,122.86,118.46,120.95,17282.84,2082976.7124
1790456400000,120.95,123.98,120.05,122.0,15924.37,1950100.702
1790460000000,122.0,145.0,121.88,142.9,82754.64,11182265.1186
1790463600000,142.9,161.16,138.38,151.05,120144.1,17881335.7168
1790467200000,151.05,164.83,148.18,160.8,77842.51,12170245.1158
1790470800000,160.8,194.89,158.97,181.19,172491.65,30337113.4401
1790474400000,181.19,183.0,163.56,171.32,88888.29,15478746.7271
1790478000000,171.32,176.85,167.48,173.04,52688.28,9091332.1811
1790481600000,173.04,192.25,170.87,188.83,85897.87,15746023.5605
1790485200000,188.83,194.0,169.38,170.09,116816.18,21323963.1366
1790488800000,170.09,181.71,168.22,174.24,65061.99,11443933.6902
1790492400000,174.24,180.32,167.3,170.1,61877.23,10740218.3989
1790496000000,170.1,182.99,167.94,179.75,65434.64,11522155.1689
1790499600000,179.75,181.27,171.08,171.59,58268.92,10283970.445
1790503200000,171.59,176.96,169.45,171.39,36975.03,6386966.8509
1790506800000,171.39,171.4,158.5,163.28,100200.72,16445808.3262
1790510400000,163.28,166.69,158.02,160.26,67812.52,10973885.3705
1790514000000,160.26,166.35,156.64,162.14,63329.05,10200599.6527
1790517600000,162.14,169.81,161.59,167.02,60993.49,10143348.4497
1790521200000,167.02,182.57,165.72,178.33,98129.24,17227955.0268
1790524800000,178.33,190.03,176.14,182.72,93629.77,17234971.6654
1790528400000,182.72,191.88,180.89,184.95,73244.1,13606066.798
1790532000000,184.95,188.74,180.28,188.2,46149.98,8524860.2256
1790535600000,188.2,193.91,182.27,185.53,66912.16,12592982.6446
1790539200000,185.53,199.43,185.07,196.41,71502.22,13699756.0523
1790542800000,196.41,239.39,195.53,228.38,153934.92,33815452.0961
1790546400000,228.38,374.31,221.24,344.5,258237.91,71521357.5077
1790550000000,344.5,348.9,255.27,285.93,186311.55,53975118.0499
1790553600000,285.93,320.2,267.14,270.08,120978.14,35364304.5311
1790557200000,270.08,272.29,241.86,257.11,102766.48,26545255.8485
1790560800000,257.11,277.11,255.0,273.21,59810.39,16013913.5124
1790564400000,273.21,277.97,245.33,258.02,59539.3,15362261.5416
1790568000000,258.02,271.82,253.92,261.26,48057.21,12630330.499
1790571600000,261.26,269.99,248.3,267.03,61915.2,16010873.7244
1790575200000,267.03,290.0,264.77,286.89,68623.05,19034566.4841
1790578800000,286.89,287.65,266.02,269.69,65724.68,18134573.1019
1790582400000,269.69,271.74,235.0,237.35,85172.77,21422351.2932
1790586000000,237.35,240.5,195.24,215.38,189450.95,40810052.3637
1790589600000,215.38,234.58,211.74,230.55,118944.93,26673763.5251
1790593200000,230.55,253.69,229.0,236.52,118092.17,28446930.592
1790596800000,236.52,248.62,225.79,233.01,80540.73,19015407.3685
1790600400000,233.01,249.52,229.0,245.16,63001.79,15047297.0843
1790604000000,245.16,247.7,226.4,230.12,80396.63,18839717.1469
1790607600000,230.12,233.81,217.75,220.44,61900.15,13960995.7754
1790611200000,220.44,244.33,220.01,241.9,62454.89,14561348.9825
1790614800000,241.9,257.94,239.6,246.15,86474.53,21455644.9649
1790618400000,246.15,248.45,233.78,246.07,49245.49,11889984.2455
1790622000000,246.07,246.93,230.71,241.68,48233.96,11475167.1183
1790625600000,241.68,249.51,237.3,248.16,31170.61,7627458.1876
1790629200000,248.16,253.5,232.42,236.89,34198.44,8327547.5508
1790632800000,236.89,242.39,226.62,231.95,31254.49,7279436.7867
1790636400000,231.95,237.2,224.03,230.41,29311.17,6805424.2404
1790640000000,230.41,232.19,220.0,223.23,25492.41,5726582.6822
1790643600000,223.23,224.29,205.72,207.19,42418.11,9060328.3827
1790647200000,207.19,225.58,204.13,224.58,32993.35,7058181.8066
1790650800000,224.58,238.82,220.12,237.57,34677.16,7960630.9554
1790654400000,237.57,249.9,235.74,242.6,52936.89,12866635.0708
1790658000000,242.6,252.82,235.02,241.23,47717.79,11673068.9575
1790661600000,241.23,252.49,237.0,249.77,35638.7,8773387.5927
1790665200000,249.77,275.0,240.96,263.75,68142.84,17417610.0285
1790668800000,263.75,279.87,244.15,251.88,79874.98,21028511.1322
1790672400000,251.88,263.59,245.17,262.29,44341.73,11277962.5155
1790676000000,262.29,265.76,248.94,252.23,45605.96,11673626.1429
1790679600000,252.23,256.81,241.72,252.59,38140.89,9523027.8445
1790683200000,252.59,258.03,249.52,254.04,29232.6,7416041.9447
1790686800000,254.04,261.97,250.81,251.12,28867.68,7429695.5457
1790690400000,251.12,254.57,237.41,238.63,37411.04,9240140.9693
1790694000000,238.63,252.61,237.09,249.55,43264.66,10626828.9887
1790697600000,249.55,256.0,244.41,246.12,34950.94,8772419.9816
1790701200000,246.12,252.8,242.5,251.0,24454.28,6054924.5215
1790704800000,251.0,275.85,250.79,267.82,62021.59,16422837.855
1790708400000,267.82,274.6,260.14,265.83,51476.96,13804954.9405
1790712000000,265.83,272.42,260.32,266.35,28412.55,7586673.091
1790715600000,266.35,279.17,262.44,264.99,33524.61,9018603.0053
1790719200000,264.99,267.26,253.14,260.26,33605.44,8685061.2035
1790722800000,260.26,270.0,259.42,266.7,22683.52,6042560.746
1790726400000,266.7,283.93,262.25,271.31,50186.5,13663172.3862
1790730000000,271.31,285.99,267.15,282.89,30501.11,8452309.9011
1790733600000,282.89,307.36,277.92,282.71,78877.39,22983400.0527
1790737200000,282.71,299.59,279.02,296.04,38675.62,11273749.6662
1790740800000,296.04,299.88,281.77,283.36,37330.64,10733431.6426
1790744400000,283.36,288.46,275.38,283.83,35416.24,10002934.1456
1790748000000,283.83,297.4,282.88,285.45,35892.3,10427054.2183
1790751600000,285.45,289.36,278.85,285.15,25349.12,7192045.0646
1790755200000,285.15,293.81,281.02,283.37,30757.06,8821830.0679
1790758800000,283.37,287.58,277.84,284.21,22023.24,6225398.6455
1790762400000,284.21,298.92,281.95,295.96,41653.28,12203752.6004
1790766000000,295.96,327.64,294.81,316.58,88828.02,27794097.3445
1790769600000,316.58,320.85,304.3,307.03,51535.13,16118331.9622
1790773200000,307.03,308.79,290.31,291.82,59081.44,17770242.7075
1790776800000,291.82,296.4,285.73,293.85,50646.31,14727699.0168
1790780400000,293.85,302.22,289.82,298.03,44210.07,13143165.1636
1790784000000,298.03,310.0,295.54,300.86,34737.67,10505734.8089
1790787600000,300.86,306.19,296.18,300.98,21721.5,6552205.1125
1790791200000,300.98,303.11,290.83,296.86,30836.99,9139250.5829
1790794800000,296.86,298.35,288.23,295.91,22011.4,6455913.1574
1790798400000,295.91,296.63,279.16,284.5,39172.79,11194332.3837
1790802000000,284.5,293.22,273.48,282.82,28298.77,8065273.4016
1790805600000,282.82,291.41,279.46,287.03,15482.25,4416997.919
1790809200000,287.03,288.85,279.83,286.86,15555.79,4415701.0124
1790812800000,286.86,295.72,286.54,292.96,20906.06,6076989.8611
1790816400000,292.96,301.65,288.8,295.08,21604.59,6401999.8024
1790820000000,295.08,296.78,288.79,293.25,19647.24,5751254.4866
1790823600000,293.25,302.34,291.29,296.2,16917.57,5031767.998
1790827200000,296.2,297.33,289.42,290.88,16079.74,4710317.8909
1790830800000,290.88,299.38,284.6,288.73,20976.8,6128422.0392
1790834400000,288.73,296.66,283.63,296.0,19668.23,5707900.9177
1790838000000,296.0,301.78,290.2,300.84,31059.87,9215098.731
1790841600000,300.84,306.01,295.26,295.4,25971.99,7811227.9489
1790845200000,295.4,296.62,285.04,288.3,24798.38,7229711.2024
1790848800000,288.3,289.14,279.24,280.13,32060.2,9110431.8796
1790852400000,280.13,285.34,266.83,275.83,48778.76,13424676.2896
1790856000000,275.83,280.57,268.56,277.76,31591.43,8667455.8898
1790859600000,277.76,279.43,260.32,264.98,44357.84,11871689.8356
1790863200000,264.98,268.85,256.85,260.98,27487.78,7258842.5089
1790866800000,260.98,263.56,255.02,261.56,27120.96,7033352.9473
1790870400000,261.56,266.18,257.68,261.41,17955.27,4704502.1194
1790874000000,261.41,270.43,260.34,268.76,19903.29,5302357.5497
1790877600000,268.76,269.32,261.79,263.02,17366.79,4613423.7807
1790881200000,263.02,263.95,250.43,254.63,23476.76,6001656.4407
1790884800000,254.63,258.71,252.65,254.57,13754.12,3519010.2189
1790888400000,254.57,255.79,240.88,245.01,29317.12,7254859.3448
1790892000000,245.01,254.35,244.08,254.3,18680.21,4649085.4808
1790895600000,254.3,254.39,242.26,245.36,20902.8,5139237.2017
1790899200000,245.36,251.15,242.37,248.76,17878.57,4413908.5396
1790902800000,248.76,255.59,247.61,254.36,17290.71,4344899.4577
1790906400000,254.36,261.68,248.16,251.29,21167.2,5395967.4063
1790910000000,251.29,253.99,246.44,248.74,15154.77,3784935.5177
1790913600000,248.74,257.67,245.17,253.57,18116.46,4582720.6802
1790917200000,253.57,254.28,244.32,246.16,19649.58,4887483.2628
1790920800000,246.16,248.49,231.39,232.12,41683.21,9966559.8066
1790924400000,232.12,232.59,223.01,228.97,53198.94,12131712.1046
1790928000000,228.97,237.95,226.5,235.7,26265.21,6114247.918
1790931600000,235.7,237.91,230.4,234.62,18635.92,4362099.8284
1790935200000,234.62,235.39,230.11,231.65,12285.97,2850798.5389
1790938800000,231.65,249.77,231.56,245.8,44458.21,10776800.5679
1790942400000,245.8,249.8,241.74,249.1,27962.62,6888574.8826
1790946000000,249.1,251.48,242.46,245.02,30785.17,7595289.4788
1790949600000,245.02,251.89,242.66,249.88,25708.28,6371565.3505
1790953200000,249.88,252.24,246.13,248.3,17913.55,4457819.4355
1790956800000,248.3,251.37,245.31,247.04,20170.63,5014263.9798
1790960400000,247.04,248.6,240.8,244.09,18506.73,4537168.0236
1790964000000,244.09,245.17,233.01,236.07,31974.89,7597095.3535
1790967600000,236.07,236.89,225.01,231.66,27120.83,6256120.5137
1790971200000,231.66,234.01,227.53,231.29,11758.55,2707922.9066
1790974800000,231.29,233.21,224.13,230.95,12765.66,2920449.2486
1790978400000,230.95,236.15,228.58,232.54,10571.15,2454904.2498
1790982000000,232.54,246.92,232.07,246.62,20160.57,4846884.3106
1790985600000,246.62,255.41,242.73,253.92,21883.2,5465265.0297
1790989200000,253.92,255.0,245.85,249.17,12990.31,3232484.412
1790992800000,249.17,258.64,248.9,255.1,15892.13,4057043.2582
1790996400000,255.1,257.34,250.35,252.14,11266.26,2851571.6345
1791000000000,252.14,254.6,250.28,252.96,7122.1,1797640.4729
1791003600000,252.96,256.93,246.67,256.5,15064.04,3789702.7028
1791007200000,256.5,258.05,252.28,255.57,11526.31,2937465.2538
1791010800000,255.57,267.16,254.68,266.09,32924.59,8670346.4435
1791014400000,266.09,269.63,261.79,263.07,28961.01,7696451.5255
1791018000000,263.07,264.6,257.2,259.24,19354.52,5052372.5323
1791021600000,259.24,260.23,254.74,256.61,18113.56,4665072.0996
1791025200000,256.61,260.0,253.7,257.25,14927.78,3838023.95
1791028800000,257.25,257.84,253.03,254.98,18115.19,4619627.0918
1791032400000,254.98,255.95,250.14,254.55,16775.21,4234953.3741
1791036000000,254.55,254.58,247.56,248.62,18678.29,4666207.2676
1791039600000,248.62,250.1,246.63,249.04,13461.03,3341468.2492
1791043200000,249.04,254.28,247.69,252.88,19210.81,4827808.4223
1791046800000,252.88,256.35,247.75,255.82,15622.86,3946094.5379
1791050400000,255.82,257.98,252.6,254.96,11291.72,2875744.2909
1791054000000,254.96,257.8,251.39,254.97,10992.52,2794089.7695
1791057600000,254.97,266.26,254.51,265.13,14913.85,3885123.6731
1791061200000,265.13,269.4,262.66,263.14,20285.14,5397404.8138
1791064800000,263.14,266.12,259.45,260.18,11579.53,3038399.4299
1791068400000,260.18,260.3,254.83,256.54,12784.51,3291817.9619
1791072000000,256.54,265.47,254.5,262.95,16954.09,4405368.3835
1791075600000,262.95,276.55,262.85,275.29,26134.41,7077444.2303
1791079200000,275.29,278.34,268.37,271.35,27704.77,7586955.7428
1791082800000,271.35,272.28,266.35,269.57,12752.14,3426519.7715
1791086400000,269.57,271.18,266.04,268.36,8702.27,2337661.5501
1791090000000,268.36,268.75,264.01,264.9,12749.07,3395078.9396
1791093600000,264.9,267.09,262.0,263.19,10890.48,2882024.7361
1791097200000,263.19,266.14,260.88,262.63,11573.57,3048758.3251
1791100800000,262.63,263.37,257.17,259.32,15417.34,4003068.6946
1791104400000,259.32,262.29,258.43,259.95,13452.48,3503097.816
1791108000000,259.95,260.13,256.33,258.04,10739.01,2772903.9138
1791111600000,258.04,260.83,256.51,256.92,9807.07,2536379.5917
1791115200000,256.92,258.74,252.79,254.26,16969.34,4336848.0538
1791118800000,254.26,257.1,252.98,256.51,11598.62,2951364.8022
1791122400000,256.51,259.9,254.61,258.82,18521.86,4756662.3539
1791126000000,258.82,259.91,253.56,257.53,16586.14,4261492.3306
1791129600000,257.53,257.62,254.47,255.0,9969.88,2551406.4323
1791133200000,255.0,259.09,254.65,257.03,9147.52,2347168.7478
1791136800000,257.03,259.21,254.57,255.42,9528.85,2445640.2263
1791140400000,255.42,258.49,254.75,257.7,7841.8,2013047.7529
1791144000000,257.7,258.51,237.76,249.88,41298.04,10265025.2721
1791147600000,249.88,252.54,247.04,248.56,12825.48,3207850.2992
1791151200000,248.56,251.89,248.53,249.94,9924.86,2480720.4026
1791154800000,249.94,254.71,248.47,251.87,14049.26,3538835.5473
1791158400000,251.87,254.04,248.25,251.36,13359.2,3353525.8877
1791162000000,251.36,253.97,247.34,250.32,10738.7,2685460.1272
1791165600000,250.32,253.45,248.56,249.41,11164.53,2801148.3845
1791169200000,249.41,252.83,248.42,249.35,9188.72,2297703.8629
1791172800000,249.35,250.46,244.38,248.23,17687.7,4374667.909
1791176400000,248.23,257.61,247.71,251.02,18905.63,4787785.3068
1791180000000,251.02,255.85,248.78,251.48,13039.78,3275868.4502
1791183600000,251.48,258.16,250.78,258.04,15070.71,3843896.8213
1791187200000,258.04,258.04,251.04,251.73,12312.02,3120011.8134
1791190800000,251.73,257.88,251.26,255.6,10968.82,2789895.272
1791194400000,255.6,256.51,251.91,252.27,9936.42,2526785.1803
