timestamp,open,high,low,close,volume,turnover
1782169200000,0.3846,0.3856,0.3825,0.3843,591247.4,226949.04961
1782172800000,0.3843,0.3892,0.3808,0.3891,821674.7,315944.70203
1782176400000,0.3891,0.3981,0.3883,0.3976,1380416.3,542712.82428
1782180000000,0.3976,0.3994,0.3944,0.3972,1277290.8,507139.01211
1782183600000,0.3972,0.4039,0.3951,0.4039,829287.8,330465.94213
1782187200000,0.4039,0.4042,0.3921,0.3924,1432657.2,569959.59302
1782190800000,0.3924,0.3932,0.3871,0.389,1187404.9,462772.83302
1782194400000,0.389,0.3891,0.3786,0.3818,3065851.3,1172751.22814
1782198000000,0.3818,0.384,0.3801,0.3808,1770338.9,674658.39643
1782201600000,0.3808,0.383,0.3654,0.3725,2843799.5,1060990.20274
1782205200000,0.3725,0.3786,0.3725,0.3758,1271303.6,478085.98136
1782208800000,0.3758,0.3775,0.3677,0.3689,786311.9,292513.53712
1782212400000,0.3689,0.375,0.3655,0.3744,1155431.0,428390.04931
1782216000000,0.3744,0.3753,0.3711,0.372,697041.9,259870.12851
1782219600000,0.372,0.3815,0.3693,0.3795,2109358.8,791802.40189
1782223200000,0.3795,0.3908,0.3786,0.3885,1680401.0,648442.79476
1782226800000,0.3885,0.3903,0.3817,0.3844,1183830.1,455803.61659
1782230400000,0.3844,0.3901,0.377,0.3774,1542167.4,591253.10226
1782234000000,0.3774,0.3825,0.3765,0.3779,1028833.1,390256.67291
1782237600000,0.3779,0.3841,0.3757,0.3825,980935.0,372118.82946
1782241200000,0.3825,0.3901,0.382,0.3851,1262965.5,488249.09167
1782244800000,0.3851,0.3881,0.3822,0.3837,653709.6,252129.86793
1782248400000,0.3837,0.3863,0.381,0.382,454995.1,174496.78178
1782252000000,0.382,0.3847,0.3784,0.3791,395737.2,151087.72574
1782255600000,0.3791,0.3791,0.3759,0.3763,298456.4,112675.68798
1782259200000,0.3763,0.3852,0.3758,0.385,506120.1,191727.51133
1782262800000,0.385,0.3899,0.3806,0.3871,1017962.9,393340.48586
1782266400000,0.3871,0.3878,0.3793,0.3793,682768.1,261810.7149
1782270000000,0.3793,0.3818,0.3765,0.3787,401927.9,152303.52777
1782273600000,0.3787,0.3788,0.3669,0.3707,2287610.1,847332.01143
1782277200000,0.3707,0.3782,0.3704,0.3745,1371797.6,513359.39022
1782280800000,0.3745,0.3792,0.3705,0.3728,1391089.0,521660.27459
1782284400000,0.3728,0.3733,0.3687,0.369,712139.7,264422.35507
1782288000000,0.369,0.3753,0.3662,0.3721,1186740.4,441106.41226
1782291600000,0.3721,0.3741,0.3714,0.3734,263936.4,98342.58941
1782295200000,0.3734,0.3734,0.37,0.3708,267658.2,99349.46666
1782298800000,0.3708,0.3775,0.3621,0.3727,2616403.4,960584.48189
1782302400000,0.3727,0.3734,0.3692,0.3695,376328.5,139505.48132
1782306000000,0.3695,0.3697,0.3588,0.3648,3171836.3,1151721.30637
1782309600000,0.3648,0.3719,0.3636,0.3674,1470290.1,540159.12057
1782313200000,0.3674,0.3676,0.357,0.3577,1672728.9,603466.09253
1782316800000,0.3577,0.3635,0.3432,0.347,4135965.3,1454826.27533
1782320400000,0.347,0.3506,0.3416,0.344,2146629.8,742228.19134
1782324000000,0.344,0.3526,0.3427,0.348,1099580.3,383072.79708
1782327600000,0.348,0.3498,0.3453,0.3497,802618.3,278824.38932
1782331200000,0.3497,0.3655,0.3485,0.362,2268804.2,813384.19522
1782334800000,0.362,0.3667,0.3583,0.3636,1165011.2,421524.04182
1782338400000,0.3636,0.3676,0.3634,0.3644,630487.5,230584.14585
1782342000000,0.3644,0.3751,0.3637,0.3731,2340977.4,868345.44914
1782345600000,0.3731,0.3748,0.3696,0.3709,939667.7,349835.48964
1782349200000,0.3709,0.3718,0.3692,0.3698,342962.6,126906.13546
1782352800000,0.3698,0.3715,0.3657,0.371,935323.4,345017.75831
1782356400000,0.371,0.3736,0.3675,0.3681,569624.8,210622.14721
1782360000000,0.3681,0.3688,0.3638,0.3683,526592.7,192695.65066
1782363600000,0.3683,0.3847,0.3678,0.379,1462811.9,553939.36484
1782367200000,0.379,0.3817,0.376,0.3774,968972.5,366884.94066
1782370800000,0.3774,0.38,0.3734,0.3761,1869358.6,703366.20756
1782374400000,0.3761,0.378,0.3736,0.3739,647659.6,243648.25963
1782378000000,0.3739,0.3768,0.371,0.3757,2098716.9,782902.1408
1782381600000,0.3757,0.3772,0.3711,0.3729,556193.2,207756.62299
1782385200000,0.3729,0.3737,0.3684,0.3691,1554839.3,575973.85411
1782388800000,0.3691,0.3724,0.3642,0.3676,2229561.1,819878.61569
1782392400000,0.3676,0.3698,0.3376,0.3395,7619423.6,2702115.74924
1782396000000,0.3395,0.36,0.3394,0.3518,5134107.7,1800849.04135
1782399600000,0.3518,0.3566,0.3471,0.3545,1632608.1,573826.23002
1782403200000,0.3545,0.3605,0.3495,0.35,1672878.8,594085.1846
1782406800000,0.35,0.3582,0.3497,0.3581,857438.8,304391.90678
1782410400000,0.3581,0.3606,0.3534,0.356,889420.5,317124.99495
1782414000000,0.356,0.3563,0.3529,0.3546,642818.2,227736.41875
1782417600000,0.3546,0.3585,0.3518,0.3527,909477.4,323063.53711
1782421200000,0.3527,0.3625,0.3527,0.3624,2059370.8,736287.70884
1782424800000,0.3624,0.3632,0.3544,0.3559,1244624.9,445389.57933
1782428400000,0.3559,0.358,0.3552,0.356,418825.6,149293.79939
1782432000000,0.356,0.3599,0.3548,0.3585,375461.5,133999.56884
1782435600000,0.3585,0.3591,0.3517,0.3523,959549.4,339856.90168
1782439200000,0.3523,0.3527,0.342,0.3453,2072555.4,717552.56976
1782442800000,0.3453,0.355,0.3427,0.3544,1425796.2,496556.02997
1782446400000,0.3544,0.3546,0.349,0.349,559247.0,196840.11495
1782450000000,0.349,0.3511,0.3483,0.3494,525612.2,183836.3215
1782453600000,0.3494,0.3598,0.3473,0.3576,1166230.8,411835.35065
1782457200000,0.3576,0.3669,0.3572,0.3659,1574033.0,570487.98919
1782460800000,0.3659,0.3666,0.3597,0.3623,1043617.4,378416.86374
1782464400000,0.3623,0.3626,0.3553,0.3555,958813.1,344465.57838
1782468000000,0.3555,0.3597,0.3539,0.3547,1189303.6,423439.44658
1782471600000,0.3547,0.3577,0.3495,0.3528,1045474.3,369766.6693
1782475200000,0.3528,0.3583,0.3514,0.3539,1088119.9,385844.43341
1782478800000,0.3539,0.3665,0.3523,0.3656,2580957.9,925785.6148
1782482400000,0.3656,0.3665,0.3589,0.3616,1961246.8,710261.9663
1782486000000,0.3616,0.3749,0.3584,0.368,2613842.1,962424.19604
1782489600000,0.368,0.3729,0.3645,0.37,1246694.0,460394.89169
1782493200000,0.37,0.3915,0.3699,0.3861,5613730.9,2147238.82542
1782496800000,0.3861,0.3913,0.3776,0.3831,4789991.9,1846965.43881
1782500400000,0.3831,0.3871,0.3795,0.3799,2227714.0,854540.50894
1782504000000,0.3799,0.3859,0.3771,0.3797,2052607.1,781301.46431
1782507600000,0.3797,0.3825,0.3771,0.3771,540104.0,205031.15165
1782511200000,0.3771,0.3795,0.3751,0.3795,662908.0,249976.80795
1782514800000,0.3795,0.3821,0.3784,0.3814,383209.7,145700.26583
1782518400000,0.3814,0.3826,0.3753,0.3769,550474.8,208351.96192
1782522000000,0.3769,0.3772,0.3742,0.3755,343588.2,129057.24231
1782525600000,0.3755,0.3787,0.3752,0.3779,241408.0,91034.20381
1782529200000,0.3779,0.3779,0.3721,0.3725,327769.9,122683.59674
1782532800000,0.3725,0.3743,0.371,0.3718,308347.8,114994.09331
1782536400000,0.3718,0.3772,0.3707,0.3765,405291.4,151451.82195
1782540000000,0.3765,0.3798,0.3734,0.376,724510.1,272830.39207
1782543600000,0.376,0.3789,0.3738,0.3787,1860724.1,700198.20248
1782547200000,0.3787,0.3815,0.3776,0.3806,688335.9,260974.85303
1782550800000,0.3806,0.3851,0.3793,0.3802,510249.2,194762.13544
1782554400000,0.3802,0.3804,0.3764,0.3764,333988.9,126416.66464
1782558000000,0.3764,0.3766,0.3709,0.3734,673954.3,251413.99709
1782561600000,0.3734,0.3747,0.3701,0.3724,1234007.1,458540.71174
1782565200000,0.3724,0.3756,0.3717,0.3743,417712.5,156041.76825
1782568800000,0.3743,0.3774,0.3726,0.3742,812606.7,304850.22826
1782572400000,0.3742,0.3828,0.3739,0.3817,1108904.6,420428.56573
1782576000000,0.3817,0.3833,0.3796,0.3802,633163.7,241443.49842
1782579600000,0.3802,0.3804,0.3749,0.3761,628594.8,236671.63633
1782583200000,0.3761,0.3794,0.3737,0.3762,670395.2,252284.43738
1782586800000,0.3762,0.3766,0.3664,0.3684,926007.1,343085.50045
1782590400000,0.3684,0.3735,0.3682,0.3711,1499194.1,556293.1189
1782594000000,0.3711,0.3769,0.3696,0.3707,1306068.2,488226.68705
1782597600000,0.3707,0.3738,0.3675,0.3736,619226.7,229348.64022
1782601200000,0.3736,0.3757,0.372,0.3728,508231.9,190132.67835
1782604800000,0.3728,0.3786,0.3728,0.3745,699292.3,262866.40108
1782608400000,0.3745,0.3747,0.3719,0.3733,435142.6,162552.86573
1782612000000,0.3733,0.3752,0.37,0.3713,300195.4,111752.99418
1782615600000,0.3713,0.3741,0.371,0.3735,249523.0,92948.70944
1782619200000,0.3735,0.3736,0.3694,0.3705,132813.5,49329.44682
1782622800000,0.3705,0.3716,0.3682,0.3716,268190.1,99123.62879
1782626400000,0.3716,0.372,0.367,0.3717,437474.2,161831.1806
1782630000000,0.3717,0.3776,0.3714,0.3733,705341.0,264061.88496
1782633600000,0.3733,0.3756,0.3708,0.3754,322085.8,120249.40611
1782637200000,0.3754,0.3776,0.3736,0.3736,557653.3,209743.64656
1782640800000,0.3736,0.3826,0.3726,0.3791,968677.7,366564.05175
1782644400000,0.3791,0.3804,0.3762,0.3803,745352.5,282311.31587
1782648000000,0.3803,0.3805,0.3752,0.3761,718746.0,271425.33798
1782651600000,0.3761,0.3761,0.3717,0.3718,781113.4,291548.57745
1782655200000,0.3718,0.3776,0.3714,0.3759,975560.8,365928.97797
1782658800000,0.3759,0.3794,0.3721,0.3743,1134160.1,426193.07486
1782662400000,0.3743,0.3745,0.3678,0.3694,1123579.0,415915.89834
1782666000000,0.3694,0.3716,0.3638,0.3713,1882644.7,692544.1295
1782669600000,0.3713,0.3727,0.3665,0.368,507413.9,187584.66079
1782673200000,0.368,0.3711,0.3658,0.3677,777503.5,285769.73922
1782676800000,0.3677,0.3733,0.3675,0.3715,809037.2,300145.44222
1782680400000,0.3715,0.3726,0.3644,0.3671,1039650.2,382005.86227
1782684000000,0.3671,0.3722,0.3648,0.3673,1734801.3,640491.97622
1782687600000,0.3673,0.3762,0.3658,0.375,736550.0,273872.98086
1782691200000,0.375,0.3823,0.3719,0.3817,2057586.3,774021.83043
1782694800000,0.3817,0.3822,0.3729,0.3751,932319.9,351000.94856
1782698400000,0.3751,0.3822,0.3693,0.3806,1009669.7,380478.82661
1782702000000,0.3806,0.39,0.3805,0.3837,1363050.6,524905.10277
1782705600000,0.3837,0.3847,0.3747,0.3778,819470.9,310718.21445
1782709200000,0.3778,0.3794,0.374,0.3791,614522.7,231269.45033
1782712800000,0.3791,0.3869,0.3785,0.3813,1088638.1,416553.26433
1782716400000,0.3813,0.3842,0.3801,0.382,427419.3,163415.93895
1782720000000,0.382,0.3835,0.3783,0.3788,578901.4,220358.59
1782723600000,0.3788,0.3897,0.3785,0.3891,1512705.1,582662.78966
1782727200000,0.3891,0.3955,0.3873,0.3932,3285795.2,1286105.47717
1782730800000,0.3932,0.3963,0.3873,0.3888,1600072.1,627582.09937
1782734400000,0.3888,0.4,0.3868,0.3949,2700381.6,1066263.04021
1782738000000,0.3949,0.4014,0.3911,0.3993,3772264.9,1496594.50097
1782741600000,0.3993,0.4027,0.3912,0.4015,3553577.3,1412848.51261
1782745200000,0.4015,0.4033,0.3929,0.3992,2100595.4,839727.13163
1782748800000,0.3992,0.4021,0.3954,0.3981,1267975.3,505126.06335
1782752400000,0.3981,0.4022,0.3956,0.3992,1092767.8,436543.36693
1782756000000,0.3992,0.3993,0.3934,0.3941,581503.8,229918.52327
1782759600000,0.3941,0.3973,0.3925,0.3944,530521.8,209192.09032
1782763200000,0.3944,0.3964,0.3912,0.3921,649313.7,256251.57531
1782766800000,0.3921,0.397,0.3895,0.394,635781.4,250225.42228
1782770400000,0.394,0.3941,0.386,0.3886,1577320.4,614761.55319
1782774000000,0.3886,0.3907,0.3883,0.3896,425110.7,165475.06027
1782777600000,0.3896,0.3922,0.3861,0.3883,1218041.2,473532.0831
1782781200000,0.3883,0.3924,0.3854,0.3914,646311.4,251034.05369
1782784800000,0.3914,0.3968,0.3892,0.3938,1084914.1,427174.86522
1782788400000,0.3938,0.3959,0.3918,0.3931,598071.2,235897.39655
1782792000000,0.3931,0.3934,0.3882,0.3906,2125159.2,829593.45165
1782795600000,0.3906,0.3908,0.3865,0.3901,640583.7,248850.74103
1782799200000,0.3901,0.3923,0.3891,0.3907,413545.7,161414.52432
1782802800000,0.3907,0.3955,0.3889,0.392,876392.6,344703.39102
1782806400000,0.392,0.3924,0.3795,0.3822,3135141.6,1208717.19237
1782810000000,0.3822,0.3834,0.3766,0.3779,2149115.1,816860.03179
1782813600000,0.3779,0.379,0.3736,0.3753,1405944.8,529470.74216
1782817200000,0.3753,0.3755,0.3633,0.3653,3866874.3,1425858.04201
1782820800000,0.3653,0.3654,0.357,0.358,2799302.2,1010723.053
1782824400000,0.358,0.3642,0.3575,0.363,1407496.7,508081.26399
1782828000000,0.363,0.3673,0.3596,0.3615,891333.9,323594.03527
1782831600000,0.3615,0.3662,0.3604,0.3642,667093.9,242689.14381
1782835200000,0.3642,0.3667,0.3591,0.3621,1310473.4,476522.68231
1782838800000,0.3621,0.3653,0.3599,0.3606,358449.6,129719.36176
1782842400000,0.3606,0.3655,0.3596,0.3618,485393.2,175543.58043
1782846000000,0.3618,0.3622,0.3573,0.3585,752495.6,270268.18272
1782849600000,0.3585,0.3596,0.354,0.355,1157489.1,412436.73081
1782853200000,0.355,0.357,0.3529,0.3566,629490.1,223347.95708
1782856800000,0.3566,0.3581,0.3544,0.3554,452871.3,161360.95359
1782860400000,0.3554,0.3559,0.3545,0.3555,221063.5,78518.39573
1782864000000,0.3555,0.3557,0.3515,0.352,996911.2,352134.80804
1782867600000,0.352,0.3553,0.346,0.3529,1770067.7,620810.77148
1782871200000,0.3529,0.3589,0.3521,0.3586,918053.1,327143.22414
1782874800000,0.3586,0.3674,0.3573,0.3673,1683983.0,608940.47733
1782878400000,0.3673,0.3734,0.3651,0.3721,1001386.5,369639.19363
1782882000000,0.3721,0.3724,0.3661,0.3679,657766.4,242875.44056
1782885600000,0.3679,0.3688,0.3613,0.3629,1050265.3,383169.06405
1782889200000,0.3629,0.3651,0.3619,0.3648,586994.7,213461.36331
1782892800000,0.3648,0.375,0.3636,0.371,1611927.0,597566.86724
1782896400000,0.371,0.3779,0.3701,0.3723,1169607.6,437421.74935
1782900000000,0.3723,0.3727,0.3663,0.3705,843109.2,311409.16585
1782903600000,0.3705,0.374,0.369,0.3697,621969.3,230575.46178
1782907200000,0.3697,0.371,0.3651,0.3673,1774142.7,652070.06294
1782910800000,0.3673,0.3717,0.361,0.3714,2120123.4,777108.55752
1782914400000,0.3714,0.3747,0.3691,0.3701,912070.0,339707.22055
1782918000000,0.3701,0.3751,0.37,0.3723,607363.1,226013.59808
1782921600000,0.3723,0.3726,0.3659,0.366,540428.7,199607.68053
1782925200000,0.366,0.369,0.3624,0.3685,766891.5,280405.64948
1782928800000,0.3685,0.3697,0.3631,0.3643,518698.4,190051.22245
1782932400000,0.3643,0.3656,0.3572,0.3586,1738750.6,628545.81562
1782936000000,0.3586,0.3621,0.3568,0.3619,2137403.7,768025.64172
1782939600000,0.3619,0.368,0.3613,0.3656,1248979.0,456326.41825
1782943200000,0.3656,0.367,0.3606,0.3616,1405619.1,511989.31908
1782946800000,0.3616,0.3616,0.3565,0.3568,597243.5,214145.32534
1782950400000,0.3568,0.3574,0.3541,0.3567,858982.7,305669.40536
1782954000000,0.3567,0.3609,0.3561,0.3601,602741.8,216230.68288
1782957600000,0.3601,0.3618,0.3585,0.36,284811.4,102530.79515
1782961200000,0.36,0.3654,0.3587,0.3648,1052738.1,380921.53334
1782964800000,0.3648,0.3677,0.3638,0.3646,475419.8,173896.43868
1782968400000,0.3646,0.3674,0.3602,0.3611,740754.3,269181.10697
1782972000000,0.3611,0.3625,0.3586,0.361,456886.1,164670.13618
1782975600000,0.361,0.3643,0.3594,0.3636,1240066.6,449311.04338
1782979200000,0.3636,0.3679,0.3629,0.3668,361475.3,131913.46648
1782982800000,0.3668,0.3703,0.3642,0.3685,1547583.1,569625.28167
1782986400000,0.3685,0.369,0.3663,0.367,860458.5,316345.76697
1782990000000,0.367,0.372,0.3666,0.371,1575195.4,582925.83326
1782993600000,0.371,0.377,0.3703,0.3736,3361694.8,1256870.16239
1782997200000,0.3736,0.3831,0.3713,0.3799,3664218.7,1380999.49635
1783000800000,0.3799,0.3817,0.372,0.372,1841145.1,692254.1655
1783004400000,0.372,0.3728,0.3687,0.3713,2370748.8,878735.59418
1783008000000,0.3713,0.375,0.3683,0.3696,2984245.1,1105650.34875
1783011600000,0.3696,0.3698,0.3663,0.3674,1984881.5,729747.85256
1783015200000,0.3674,0.3698,0.3666,0.3691,874649.3,322151.82116
1783018800000,0.3691,0.3706,0.3676,0.3677,1015829.9,374615.46283
1783022400000,0.3677,0.3697,0.3633,0.3663,1474976.7,540234.78527
1783026000000,0.3663,0.3676,0.3645,0.3671,590760.8,216138.42076
1783029600000,0.3671,0.3671,0.3644,0.3663,612755.8,224001.39843
1783033200000,0.3663,0.3663,0.3636,0.3649,182806.2,66697.62033
1783036800000,0.3649,0.3661,0.3629,0.3652,613784.2,223906.69038
1783040400000,0.3652,0.3712,0.3649,0.3697,608627.4,224487.81025
1783044000000,0.3697,0.3709,0.368,0.3709,320642.3,118289.67269
1783047600000,0.3709,0.3709,0.3663,0.3699,357297.1,131529.08344
1783051200000,0.3699,0.3704,0.3664,0.3668,403472.3,148269.18083
1783054800000,0.3668,0.3723,0.3651,0.3716,706986.1,260239.71891
1783058400000,0.3716,0.3747,0.3705,0.3727,358137.0,133613.73507
1783062000000,0.3727,0.3816,0.3709,0.3774,993358.8,374551.90989
1783065600000,0.3774,0.396,0.3772,0.3857,5377329.9,2065562.45592
1783069200000,0.3857,0.3958,0.3843,0.3925,3088258.5,1208887.16872
1783072800000,0.3925,0.3992,0.3897,0.3919,2946135.9,1161062.86116
1783076400000,0.3919,0.3973,0.3892,0.3967,2005577.7,789464.88364
1783080000000,0.3967,0.4079,0.3966,0.4023,6336537.9,2545739.79504
1783083600000,0.4023,0.4071,0.4,0.4039,2793835.0,1129098.65045
1783087200000,0.4039,0.408,0.3994,0.4076,1554780.8,627968.57625
1783090800000,0.4076,0.4097,0.4023,0.4029,1251213.9,508505.61537
1783094400000,0.4029,0.4063,0.3983,0.4031,2127477.5,856915.67274
1783098000000,0.4031,0.4047,0.3983,0.4009,1686941.3,677006.49789
1783101600000,0.4009,0.4014,0.3939,0.3951,2512070.4,996553.89427
1783105200000,0.3951,0.3986,0.3929,0.3947,1684602.8,666210.74199
1783108800000,0.3947,0.4035,0.3947,0.4005,3894037.1,1554871.78424
1783112400000,0.4005,0.4044,0.3976,0.4016,1055664.0,422726.53147
1783116000000,0.4016,0.4031,0.3997,0.4006,534778.0,214453.27471
1783119600000,0.4006,0.4026,0.3973,0.4021,439715.2,175567.55236
1783123200000,0.4021,0.403,0.3977,0.4014,599881.0,240132.41321
1783126800000,0.4014,0.4014,0.3939,0.4003,2279550.2,903379.8247
1783130400000,0.4003,0.4062,0.3996,0.4016,961696.2,387781.85248
1783134000000,0.4016,0.4081,0.3981,0.4056,875632.9,352352.29582
1783137600000,0.4056,0.407,0.3988,0.3998,976756.5,393577.55001
1783141200000,0.3998,0.4006,0.3952,0.3997,979247.9,389537.15945
1783144800000,0.3997,0.4021,0.3958,0.3966,692604.9,276328.03279
1783148400000,0.3966,0.397,0.3933,0.3944,726805.4,287277.53001
1783152000000,0.3944,0.3946,0.3845,0.3898,3256423.7,1264771.29135
1783155600000,0.3898,0.3913,0.3857,0.3871,1277410.6,495188.0192
1783159200000,0.3871,0.3919,0.386,0.3908,663835.9,258188.62342
1783162800000,0.3908,0.3923,0.3887,0.3913,595078.8,232563.17615
1783166400000,0.3913,0.394,0.391,0.3923,384996.2,151131.13055
1783170000000,0.3923,0.3939,0.3896,0.392,513407.0,201066.51507
1783173600000,0.392,0.3931,0.3899,0.3921,455891.1,178446.98405
1783177200000,0.3921,0.4002,0.3912,0.398,1780899.0,707574.6925
1783180800000,0.398,0.4123,0.3976,0.4088,3193951.9,1291211.91972
1783184400000,0.4088,0.4137,0.4028,0.4077,2571467.5,1047991.22018
1783188000000,0.4077,0.4083,0.395,0.3989,1984879.2,794125.454
1783191600000,0.3989,0.4006,0.3972,0.3993,724315.2,289170.44034
1783195200000,0.3993,0.4062,0.3947,0.3983,1155983.9,462063.48412
1783198800000,0.3983,0.3999,0.3962,0.3966,522441.7,207927.73556
1783202400000,0.3966,0.3974,0.3924,0.3939,526641.7,207680.57664
1783206000000,0.3939,0.3948,0.3901,0.3933,350521.3,137642.82197
1783209600000,0.3933,0.394,0.3902,0.3939,693348.5,272126.98226
1783213200000,0.3939,0.3965,0.3914,0.3948,549078.0,216146.66362
1783216800000,0.3948,0.3949,0.387,0.3897,1149271.0,447559.92245
1783220400000,0.3897,0.3921,0.3883,0.3904,348458.4,135881.93136
1783224000000,0.3904,0.3959,0.3892,0.3905,911632.9,357979.57814
1783227600000,0.3905,0.3926,0.3856,0.3874,874330.9,339878.80337
1783231200000,0.3874,0.3924,0.386,0.3924,869392.4,338584.9062
1783234800000,0.3924,0.3949,0.3893,0.393,1792898.6,704155.05122
1783238400000,0.393,0.3934,0.3908,0.3922,349592.1,137048.30605
1783242000000,0.3922,0.399,0.3851,0.389,2167339.9,848967.77556
1783245600000,0.389,0.389,0.3792,0.3868,3515733.4,1351232.49159
1783249200000,0.3868,0.3885,0.3858,0.3867,426067.1,164835.20662
1783252800000,0.3867,0.3914,0.3846,0.3903,468882.3,182097.98953
1783256400000,0.3903,0.3925,0.3866,0.3888,609349.0,237340.93972
1783260000000,0.3888,0.3894,0.386,0.3884,249349.5,96650.69645
1783263600000,0.3884,0.39,0.3847,0.3868,578489.5,224046.69414
1783267200000,0.3868,0.3882,0.3848,0.3879,564994.5,218309.25893
1783270800000,0.3879,0.3933,0.3879,0.3908,919680.3,359568.76385
1783274400000,0.3908,0.3966,0.3907,0.394,1067908.4,420782.33684
1783278000000,0.394,0.4004,0.3937,0.3989,732113.3,290845.40313
1783281600000,0.3989,0.4038,0.3967,0.3971,1157493.5,464329.56563
1783285200000,0.3971,0.4011,0.3922,0.3979,1477486.0,584928.00962
1783288800000,0.3979,0.4009,0.3956,0.3981,646852.5,258014.36125
1783292400000,0.3981,0.4006,0.3956,0.3976,867791.4,344968.92397
1783296000000,0.3976,0.3984,0.3929,0.397,551462.2,218279.45274
1783299600000,0.397,0.4,0.395,0.3962,461456.6,183236.84494
1783303200000,0.3962,0.3999,0.3939,0.3962,473897.1,187950.18916
1783306800000,0.3962,0.3978,0.3934,0.3961,404457.6,159920.46456
1783310400000,0.3961,0.3971,0.3912,0.3921,647147.5,254716.71157
1783314000000,0.3921,0.3921,0.3822,0.3869,2403005.4,929136.96987
1783317600000,0.3869,0.3881,0.3838,0.3871,538359.1,208059.38443
1783321200000,0.3871,0.3892,0.385,0.3876,1418647.7,549839.75788
1783324800000,0.3876,0.3879,0.3769,0.3802,2564075.6,981301.00518
1783328400000,0.3802,0.3816,0.3784,0.3806,649019.4,246598.90032
1783332000000,0.3806,0.3828,0.3799,0.3817,612232.9,233735.20665
1783335600000,0.3817,0.3834,0.3782,0.3784,884331.5,336817.67866
1783339200000,0.3784,0.3784,0.3707,0.3742,3071427.9,1150269.37049
1783342800000,0.3742,0.3805,0.3703,0.3785,1593687.9,597569.95129
1783346400000,0.3785,0.3809,0.3764,0.3788,1161624.2,440093.11913
1783350000000,0.3788,0.3874,0.3781,0.386,1491795.1,570100.2237
1783353600000,0.386,0.389,0.3846,0.3867,1292729.0,500136.45887
1783357200000,0.3867,0.3883,0.3819,0.382,997174.7,383840.43375
1783360800000,0.382,0.384,0.3809,0.3831,397298.1,151901.46062
1783364400000,0.3831,0.3855,0.3825,0.3845,449677.0,172872.00991
1783368000000,0.3845,0.3869,0.3826,0.3838,471987.7,181518.13443
1783371600000,0.3838,0.3927,0.3836,0.389,1827352.7,711460.44579
1783375200000,0.389,0.3896,0.3857,0.387,487210.8,188678.39744
1783378800000,0.387,0.3877,0.3821,0.3826,651754.3,250602.63567
1783382400000,0.3826,0.3858,0.382,0.3837,767725.5,294652.19759
1783386000000,0.3837,0.3838,0.3773,0.3793,1592158.9,604235.30279
1783389600000,0.3793,0.3804,0.3752,0.3772,677333.2,255573.80064
1783393200000,0.3772,0.3786,0.375,0.3761,402578.8,151769.27658
1783396800000,0.3761,0.3817,0.375,0.3777,1011856.4,382072.92597
1783400400000,0.3777,0.3797,0.3736,0.3787,475066.5,178938.83198
1783404000000,0.3787,0.3845,0.3777,0.3833,583697.6,222395.5942
1783407600000,0.3833,0.3873,0.3806,0.3817,741210.6,284628.57117
1783411200000,0.3817,0.3819,0.3789,0.3806,469607.7,178796.1833
1783414800000,0.3806,0.3873,0.3798,0.3854,1191019.6,458174.03398
1783418400000,0.3854,0.388,0.383,0.3851,699434.8,269674.80351
1783422000000,0.3851,0.3897,0.3829,0.3892,1062060.2,410790.35409
1783425600000,0.3892,0.3912,0.3853,0.3862,596093.8,231432.82236
1783429200000,0.3862,0.3916,0.3833,0.3837,1312877.3,508114.96751
1783432800000,0.3837,0.3914,0.3779,0.3904,2743661.4,1053902.42806
1783436400000,0.3904,0.3947,0.3874,0.3916,3146702.5,1231949.471
1783440000000,0.3916,0.3982,0.3916,0.3928,2090109.5,823343.10085
1783443600000,0.3928,0.3976,0.3912,0.394,1033046.9,407656.81244
1783447200000,0.394,0.3963,0.3881,0.3896,1844335.9,720540.08743
1783450800000,0.3896,0.3906,0.3826,0.3843,3885348.1,1501265.84503
1783454400000,0.3843,0.3864,0.3821,0.3826,725244.0,278384.29195
1783458000000,0.3826,0.3846,0.3774,0.3784,759223.2,289341.99668
1783461600000,0.3784,0.379,0.3707,0.3777,1125457.7,423408.1146
1783465200000,0.3777,0.3803,0.3765,0.3773,448243.7,169518.96393
1783468800000,0.3773,0.3833,0.3767,0.3826,597765.9,226848.09903
1783472400000,0.3826,0.3842,0.3759,0.3772,943986.9,358567.99372
1783476000000,0.3772,0.3829,0.3743,0.3801,1589538.8,601391.27791
1783479600000,0.3801,0.3894,0.3799,0.3866,1050296.0,405478.87569
1783483200000,0.3866,0.3905,0.3835,0.3903,864444.9,334537.23793
1783486800000,0.3903,0.3932,0.3844,0.388,1516537.0,588675.82253
1783490400000,0.388,0.3908,0.3827,0.3894,1755192.4,679520.14622
1783494000000,0.3894,0.3961,0.3864,0.3896,1587509.3,619610.46476
1783497600000,0.3896,0.391,0.3782,0.382,3372596.9,1296130.67076
1783501200000,0.382,0.3848,0.3786,0.3806,1875924.4,715587.75951
1783504800000,0.3806,0.3888,0.3795,0.3884,1270889.1,486939.24647
1783508400000,0.3884,0.3921,0.3835,0.3894,2721982.1,1056460.55734
1783512000000,0.3894,0.3905,0.3833,0.3853,1248250.0,483032.42413
1783515600000,0.3853,0.3922,0.3844,0.3919,1694658.6,657902.62452
1783519200000,0.3919,0.402,0.3872,0.3921,2700824.4,1065931.26585
1783522800000,0.3921,0.3928,0.3836,0.3839,1014272.5,392195.71152
1783526400000,0.3839,0.387,0.3819,0.387,891518.5,342620.29188
1783530000000,0.387,0.3901,0.385,0.3866,782397.8,303246.87146
1783533600000,0.3866,0.3883,0.3843,0.3873,402680.6,155460.61081
1783537200000,0.3873,0.3906,0.3869,0.3879,558494.9,217205.51207
1783540800000,0.3879,0.3905,0.3836,0.384,477915.9,184768.68047
1783544400000,0.384,0.3872,0.3811,0.387,425309.6,163232.02566
1783548000000,0.387,0.3995,0.387,0.3982,1747266.2,687756.84016
1783551600000,0.3982,0.4014,0.3955,0.3993,2106108.6,839985.66092
1783555200000,0.3993,0.4007,0.3928,0.3943,1170017.0,463551.09654
1783558800000,0.3943,0.404,0.3927,0.3944,1112730.2,442474.81839
1783562400000,0.3944,0.4023,0.3932,0.3935,887379.1,353823.44963
1783566000000,0.3935,0.3954,0.3877,0.3952,1371037.1,535680.31456
1783569600000,0.3952,0.4005,0.3918,0.4001,577370.5,228696.51713
1783573200000,0.4001,0.4014,0.3959,0.3994,571003.0,227778.54718
1783576800000,0.3994,0.4001,0.3946,0.3954,643573.9,255678.14706
1783580400000,0.3954,0.3998,0.393,0.3951,700765.1,277512.47037
1783584000000,0.3951,0.4015,0.3942,0.4008,2118043.0,844689.20585
1783587600000,0.4008,0.4017,0.3951,0.3987,1016453.6,403718.63394
1783591200000,0.3987,0.409,0.3977,0.4026,3107925.2,1250861.52739
1783594800000,0.4026,0.4095,0.4023,0.4047,2010876.0,816851.49649
1783598400000,0.4047,0.4081,0.3995,0.4049,2386781.1,964787.39197
1783602000000,0.4049,0.413,0.4003,0.4114,2811974.9,1146648.13245
1783605600000,0.4114,0.42,0.41,0.4123,4512210.9,1877066.01006
1783609200000,0.4123,0.4193,0.4089,0.4183,3008622.4,1246071.59901
1783612800000,0.4183,0.4241,0.4111,0.4206,3864187.6,1613181.14248
1783616400000,0.4206,0.4249,0.4176,0.4188,2656123.9,1119163.28279
1783620000000,0.4188,0.4239,0.4165,0.4211,1222645.2,512809.75623
1783623600000,0.4211,0.4214,0.4094,0.4118,1983674.6,822192.0504
1783627200000,0.4118,0.4135,0.41,0.4112,790049.4,325551.28899
1783630800000,0.4112,0.4118,0.4061,0.4081,1135886.0,464334.80942
1783634400000,0.4081,0.4103,0.4045,0.4064,1368952.8,558221.05617
1783638000000,0.4064,0.4104,0.4037,0.4103,1129922.9,459268.90344
1783641600000,0.4103,0.4129,0.4059,0.4129,1364948.5,558785.56912
1783645200000,0.4129,0.4224,0.4104,0.4193,1616485.8,674276.94794
1783648800000,0.4193,0.4232,0.4174,0.4188,1369044.5,575357.48221
1783652400000,0.4188,0.4245,0.4171,0.4197,790442.2,332964.04471
1783656000000,0.4197,0.4217,0.4162,0.4189,730302.6,305701.43715
1783659600000,0.4189,0.4196,0.4152,0.4162,405231.4,168919.91536
1783663200000,0.4162,0.4168,0.412,0.4139,816558.0,338000.94519
1783666800000,0.4139,0.4181,0.4111,0.413,1425465.7,589972.98737
1783670400000,0.413,0.416,0.4112,0.4147,522434.4,216511.16648
1783674000000,0.4147,0.4148,0.4099,0.4139,754181.5,310690.95425
1783677600000,0.4139,0.4196,0.4128,0.4166,1035428.0,431738.12911
1783681200000,0.4166,0.4173,0.4119,0.4149,883081.8,365828.00942
1783684800000,0.4149,0.4149,0.4072,0.4078,1568990.9,645952.00239
1783688400000,0.4078,0.4117,0.4052,0.4097,1518976.6,620540.39359
1783692000000,0.4097,0.4108,0.3985,0.4026,2939460.3,1184749.43211
1783695600000,0.4026,0.4046,0.4017,0.4041,526832.0,212506.90654
1783699200000,0.4041,0.4055,0.4024,0.405,638853.6,258029.41257
1783702800000,0.405,0.4058,0.3995,0.4002,991552.8,398710.52623
1783706400000,0.4002,0.4025,0.3925,0.3948,1357807.7,538808.41324
1783710000000,0.3948,0.4002,0.3928,0.3975,895340.1,355282.40738
1783713600000,0.3975,0.4006,0.3966,0.3983,500873.9,199642.17506
1783717200000,0.3983,0.4018,0.3977,0.4006,255929.8,102430.45917
1783720800000,0.4006,0.4016,0.3989,0.3996,276045.6,110375.36759
1783724400000,0.3996,0.3996,0.3973,0.3984,197869.3,78835.52762
1783728000000,0.3984,0.3996,0.3956,0.3991,880312.7,349858.491
1783731600000,0.3991,0.4035,0.3977,0.4024,512118.4,205162.95098
1783735200000,0.4024,0.4066,0.402,0.4064,810813.9,327633.20179
1783738800000,0.4064,0.4085,0.4044,0.4077,748706.9,304473.64378
1783742400000,0.4077,0.408,0.4034,0.404,377339.0,152749.5953
1783746000000,0.404,0.4052,0.4028,0.4035,430519.5,173780.56498
1783749600000,0.4035,0.4084,0.4028,0.4047,496734.5,201481.51715
1783753200000,0.4047,0.4063,0.4005,0.4015,468728.2,188741.41699
1783756800000,0.4015,0.4036,0.3995,0.403,501225.5,201292.13385
1783760400000,0.403,0.407,0.4022,0.4051,396130.0,160100.63202
1783764000000,0.4051,0.4073,0.4019,0.4028,447461.9,181185.90635
1783767600000,0.4028,0.4097,0.4024,0.4083,394895.3,160570.54984
1783771200000,0.4083,0.4139,0.4077,0.4126,1012048.3,416063.70917
1783774800000,0.4126,0.4203,0.4121,0.4171,1098605.7,458295.76923
1783778400000,0.4171,0.4185,0.4145,0.4171,561506.1,233856.10396
1783782000000,0.4171,0.4192,0.4117,0.4151,2306183.8,957552.85833
1783785600000,0.4151,0.416,0.4112,0.414,941481.0,389929.82144
1783789200000,0.414,0.4142,0.4109,0.4113,612377.1,252700.09051
1783792800000,0.4113,0.419,0.41,0.4164,571083.6,236492.8797
1783796400000,0.4164,0.4167,0.4097,0.413,357885.1,147651.27768
1783800000000,0.413,0.416,0.4122,0.4144,357400.6,147893.45099
1783803600000,0.4144,0.4182,0.4128,0.4139,558581.6,232065.13951
1783807200000,0.4139,0.4139,0.4076,0.4093,1040380.2,426226.6368
1783810800000,0.4093,0.412,0.4021,0.4039,1171334.2,475221.15638
1783814400000,0.4039,0.4055,0.3942,0.3957,2096568.9,834667.75266
1783818000000,0.3957,0.4025,0.3945,0.402,735936.1,293652.61164
1783821600000,0.402,0.4036,0.4001,0.4026,893043.7,358986.91558
1783825200000,0.4026,0.4051,0.4004,0.4049,178969.4,72137.81261
1783828800000,0.4049,0.4087,0.4034,0.406,497234.4,201787.12375
1783832400000,0.406,0.4113,0.4053,0.4077,1072179.8,436926.98616
1783836000000,0.4077,0.4133,0.4024,0.4129,849882.6,346085.07059
1783839600000,0.4129,0.415,0.4102,0.4121,928288.4,383009.64414
1783843200000,0.4121,0.4157,0.4087,0.4095,1344042.3,553563.28435
1783846800000,0.4095,0.4097,0.4034,0.4063,532301.0,216267.50271
1783850400000,0.4063,0.4086,0.4044,0.4053,272580.9,110788.04275
1783854000000,0.4053,0.4125,0.4036,0.4082,540408.0,221079.84604
1783857600000,0.4082,0.4111,0.4056,0.406,1154237.4,471154.40338
1783861200000,0.406,0.4077,0.4027,0.403,477308.2,193674.47239
1783864800000,0.403,0.4046,0.399,0.4037,1136035.1,456538.28512
1783868400000,0.4037,0.4103,0.4033,0.4056,620794.2,252309.7523
1783872000000,0.4056,0.4066,0.4033,0.4036,475716.8,192653.45327
1783875600000,0.4036,0.4047,0.3994,0.4012,1149417.0,462214.9289
1783879200000,0.4012,0.4031,0.3996,0.402,743807.2,298649.2134
1783882800000,0.402,0.4045,0.4013,0.4043,465027.8,187236.54491
1783886400000,0.4043,0.4071,0.4022,0.4034,403726.4,163403.3809
1783890000000,0.4034,0.4072,0.4001,0.4017,804461.8,323711.75811
1783893600000,0.4017,0.4029,0.3954,0.3997,1791328.7,714303.86773
1783897200000,0.3997,0.4012,0.3965,0.3984,429794.7,171169.95859
1783900800000,0.3984,0.4065,0.3969,0.4008,927961.6,373476.57487
1783904400000,0.4008,0.4009,0.3902,0.3919,1513110.4,596523.03171
1783908000000,0.3919,0.3959,0.3886,0.3948,1266309.5,497366.46325
1783911600000,0.3948,0.3949,0.3853,0.3895,2003116.1,778954.12546
1783915200000,0.3895,0.3924,0.3881,0.3904,541945.7,211927.83197
1783918800000,0.3904,0.3981,0.3891,0.3959,1006565.6,397333.17124
1783922400000,0.3959,0.4048,0.3947,0.4031,732670.9,293580.46162
1783926000000,0.4031,0.4076,0.4011,0.4053,1173034.1,474963.73473
1783929600000,0.4053,0.4095,0.402,0.4083,1054051.4,426964.84042
1783933200000,0.4083,0.4088,0.4029,0.4055,484652.2,196545.69787
1783936800000,0.4055,0.415,0.4053,0.412,1065404.1,438274.4527
1783940400000,0.412,0.4158,0.4095,0.4142,935961.9,385947.7739
1783944000000,0.4142,0.4154,0.4075,0.4098,817471.7,335414.52034
1783947600000,0.4098,0.4112,0.4052,0.4068,1142947.5,466311.42551
1783951200000,0.4068,0.413,0.4044,0.4127,1250975.5,512273.73238
1783954800000,0.4127,0.4134,0.4044,0.4051,711495.5,290993.84866
1783958400000,0.4051,0.4109,0.4038,0.4045,1886669.1,766278.8398
1783962000000,0.4045,0.4068,0.3996,0.4008,899184.1,362007.43385
1783965600000,0.4008,0.4048,0.3992,0.4013,1539710.4,618715.74547
1783969200000,0.4013,0.4049,0.4012,0.4032,436957.8,176110.73706
1783972800000,0.4032,0.404,0.3964,0.3994,712674.5,284892.023
1783976400000,0.3994,0.4011,0.3935,0.3955,878811.4,349468.46099
1783980000000,0.3955,0.398,0.3945,0.395,245446.7,97360.10882
1783983600000,0.395,0.3962,0.3932,0.396,443341.8,174986.46563
1783987200000,0.396,0.4017,0.3939,0.4008,1012543.7,403071.03415
1783990800000,0.4008,0.4046,0.3991,0.4005,535967.5,215318.40008
1783994400000,0.4005,0.4008,0.3946,0.4004,1255415.7,500081.27693
1783998000000,0.4004,0.4056,0.3988,0.4023,654650.6,263353.00775
1784001600000,0.4023,0.4096,0.3998,0.4085,1380592.8,560331.82961
1784005200000,0.4085,0.4129,0.4079,0.4123,1150628.5,472622.79758
1784008800000,0.4123,0.4146,0.4089,0.414,1037048.9,427037.18145
1784012400000,0.414,0.4154,0.4084,0.4091,988810.5,408117.70302
1784016000000,0.4091,0.4093,0.4057,0.406,1867822.6,760940.93389
1784019600000,0.406,0.4077,0.4037,0.4053,746251.9,302540.79425
1784023200000,0.4053,0.4087,0.4009,0.4011,1231933.4,497954.73108
1784026800000,0.4011,0.4031,0.3993,0.4006,999584.6,401162.60514
1784030400000,0.4006,0.405,0.3974,0.4028,2668339.6,1072408.59329
1784034000000,0.4028,0.4057,0.3999,0.4005,1782198.9,718124.93439
1784037600000,0.4005,0.4047,0.3976,0.4036,2057814.4,826941.05608
1784041200000,0.4036,0.4046,0.3989,0.4007,1299773.0,522411.80164
1784044800000,0.4007,0.4049,0.3991,0.4028,888470.0,357106.86836
1784048400000,0.4028,0.4037,0.3981,0.4003,1781421.9,713834.57793
1784052000000,0.4003,0.4007,0.3977,0.4003,808381.8,322536.64115
1784055600000,0.4003,0.4025,0.3997,0.4011,529693.8,212415.11037
1784059200000,0.4011,0.4034,0.4002,0.4009,640888.4,257473.30748
1784062800000,0.4009,0.4073,0.4001,0.4064,698737.0,281818.24064
1784066400000,0.4064,0.4092,0.4043,0.4059,969521.9,394190.47633
1784070000000,0.4059,0.4106,0.4042,0.4072,1022782.0,416499.42147
1784073600000,0.4072,0.4137,0.4071,0.4125,1138405.3,467381.7892
1784077200000,0.4125,0.415,0.4097,0.4149,1005134.0,414974.08136
1784080800000,0.4149,0.415,0.4096,0.4102,912048.9,376612.21845
1784084400000,0.4102,0.4125,0.4085,0.4113,502324.0,205896.451
1784088000000,0.4113,0.4133,0.4051,0.4069,1093739.8,447066.22304
1784091600000,0.4069,0.4075,0.3996,0.4067,1614537.7,650125.55047
1784095200000,0.4067,0.4091,0.4052,0.4063,774706.6,315514.20891
1784098800000,0.4063,0.4077,0.4024,0.4045,875441.2,354459.26119
1784102400000,0.4045,0.4059,0.4026,0.4047,683925.4,276587.49087
1784106000000,0.4047,0.412,0.4043,0.4088,882216.9,359733.63655
1784109600000,0.4088,0.4167,0.4085,0.4122,1531657.1,632971.14486
1784113200000,0.4122,0.4211,0.4117,0.4201,2778561.9,1160031.95862
1784116800000,0.4201,0.4222,0.4156,0.4196,2081381.2,870583.09522
1784120400000,0.4196,0.4234,0.414,0.4171,2206672.7,924911.61613
1784124000000,0.4171,0.4176,0.411,0.4138,1133588.0,469564.02175
1784127600000,0.4138,0.4146,0.4102,0.4132,1188582.1,490182.70109
1784131200000,0.4132,0.4137,0.4051,0.4103,1931669.2,790184.78996
1784134800000,0.4103,0.4174,0.41,0.4173,982672.8,405862.06313
1784138400000,0.4173,0.419,0.415,0.4173,906503.0,378080.54197
1784142000000,0.4173,0.4181,0.4123,0.413,888409.2,368625.81656
1784145600000,0.413,0.4201,0.4129,0.4178,711464.5,296220.5318
1784149200000,0.4178,0.4199,0.413,0.4139,458898.4,191105.17272
1784152800000,0.4139,0.4153,0.4127,0.4141,650344.8,269238.19843
1784156400000,0.4141,0.4184,0.4138,0.4164,840693.9,350285.5135
1784160000000,0.4164,0.4189,0.4145,0.4182,945134.5,393448.00079
1784163600000,0.4182,0.4229,0.416,0.4212,1341920.8,563396.31669
1784167200000,0.4212,0.4227,0.4173,0.4182,985681.4,414058.99159
1784170800000,0.4182,0.4182,0.4107,0.4124,1148777.3,474931.58788
1784174400000,0.4124,0.4137,0.4101,0.4127,948521.3,390374.59844
1784178000000,0.4127,0.4152,0.4123,0.4142,596303.7,247017.67333
1784181600000,0.4142,0.4151,0.4087,0.4099,729416.1,300623.00543
1784185200000,0.4099,0.41,0.4031,0.4054,1462736.3,593737.66813
1784188800000,0.4054,0.4054,0.398,0.4017,2237391.9,897812.18262
1784192400000,0.4017,0.4043,0.4017,0.4031,564325.1,227671.94935
1784196000000,0.4031,0.4037,0.4018,0.4021,498525.1,200947.19703
1784199600000,0.4021,0.4026,0.3989,0.4014,721637.1,289079.48166
1784203200000,0.4014,0.4024,0.3995,0.401,1031432.7,413619.84957
1784206800000,0.401,0.4059,0.4005,0.4034,1737548.8,701225.44792
1784210400000,0.4034,0.4063,0.4017,0.4042,923127.3,373099.37273
1784214000000,0.4042,0.405,0.3995,0.4022,1020031.9,410134.32213
1784217600000,0.4022,0.4062,0.4004,0.4049,717640.5,289357.08816
1784221200000,0.4049,0.4061,0.4009,0.4061,941008.2,379407.9303
1784224800000,0.4061,0.4101,0.4029,0.4053,2329678.7,947006.06742
1784228400000,0.4053,0.4079,0.4042,0.4047,768975.1,312026.2633
1784232000000,0.4047,0.4124,0.4045,0.4113,753785.4,307517.15334
1784235600000,0.4113,0.4145,0.4088,0.4092,1299628.4,535341.14225
1784239200000,0.4092,0.4105,0.4045,0.4051,1403657.1,572202.0394
1784242800000,0.4051,0.4061,0.395,0.3971,3448668.9,1378045.80653
1784246400000,0.3971,0.3981,0.3914,0.3981,2360540.3,930958.08817
1784250000000,0.3981,0.4006,0.3903,0.3907,1773198.6,702964.09961
1784253600000,0.3907,0.3909,0.3797,0.3807,2931997.0,1129726.45162
1784257200000,0.3807,0.3854,0.38,0.3803,1124780.6,430118.91025
1784260800000,0.3803,0.3805,0.3752,0.378,1471803.2,556625.51924
1784264400000,0.378,0.378,0.3722,0.3733,1172336.9,439285.10345
1784268000000,0.3733,0.3791,0.3724,0.376,1959264.3,737349.87054
1784271600000,0.376,0.3781,0.3741,0.3763,1079979.0,406254.58184
1784275200000,0.3763,0.3814,0.3757,0.3811,1743382.9,660214.8261
1784278800000,0.3811,0.3843,0.3795,0.382,1195541.4,456799.34293
1784282400000,0.382,0.3846,0.381,0.3825,830625.6,318270.29081
1784286000000,0.3825,0.384,0.3807,0.3832,816377.4,312041.47812
1784289600000,0.3832,0.3833,0.3776,0.3804,1480550.6,563428.84704
1784293200000,0.3804,0.3812,0.374,0.3811,2349883.2,886309.1093
1784296800000,0.3811,0.3836,0.3788,0.3794,1297557.9,494750.98568
1784300400000,0.3794,0.3817,0.3752,0.3814,1568703.6,593781.00505
1784304000000,0.3814,0.3879,0.3795,0.3874,1639227.9,629940.74826
1784307600000,0.3874,0.3888,0.3831,0.3834,967172.5,373069.83209
1784311200000,0.3834,0.3867,0.383,0.3838,765543.7,294267.29764
1784314800000,0.3838,0.3851,0.38,0.3814,822938.2,314225.17226
1784318400000,0.3814,0.3824,0.3802,0.3814,336030.5,128086.43883
1784322000000,0.3814,0.3836,0.3751,0.3764,1413738.4,534848.39932
1784325600000,0.3764,0.3779,0.3748,0.3766,569481.0,214274.53125
1784329200000,0.3766,0.3783,0.3754,0.3782,431366.0,162639.39065
1784332800000,0.3782,0.3792,0.3733,0.3737,789147.6,296571.33397
1784336400000,0.3737,0.3738,0.3682,0.3686,1339726.2,496399.20625
1784340000000,0.3686,0.3711,0.3664,0.3688,1228566.6,453283.14643
1784343600000,0.3688,0.3705,0.3678,0.369,326006.8,120373.71018
1784347200000,0.369,0.369,0.3639,0.3659,1061998.2,388106.29368
1784350800000,0.3659,0.3677,0.3646,0.3658,534540.3,195854.50889
1784354400000,0.3658,0.3669,0.3639,0.3647,628017.0,229286.46546
1784358000000,0.3647,0.3652,0.3615,0.3638,697772.2,253661.23868
1784361600000,0.3638,0.3673,0.3625,0.3646,576634.2,210719.7658
1784365200000,0.3646,0.3647,0.3569,0.3601,2007590.6,722412.09286
1784368800000,0.3601,0.3639,0.3578,0.3605,864673.4,311970.76358
1784372400000,0.3605,0.363,0.3597,0.36,546249.6,197354.68442
1784376000000,0.36,0.3618,0.3573,0.3592,1128339.7,405369.19134
1784379600000,0.3592,0.361,0.3581,0.359,633744.4,227791.33024
1784383200000,0.359,0.3609,0.358,0.3594,393444.1,141461.70169
1784386800000,0.3594,0.3598,0.355,0.3561,1086860.0,387774.19631
1784390400000,0.3561,0.3564,0.3533,0.3552,1163622.9,413113.23937
1784394000000,0.3552,0.3575,0.3542,0.3569,517802.9,184131.81111
1784397600000,0.3569,0.3581,0.352,0.3542,1060419.7,376063.15631
1784401200000,0.3542,0.3561,0.3539,0.3547,590336.4,209486.51103
1784404800000,0.3547,0.3569,0.3543,0.3557,526497.6,187134.06202
1784408400000,0.3557,0.3593,0.3554,0.3573,758485.2,271214.30421
1784412000000,0.3573,0.363,0.3564,0.3602,1128387.7,406956.7083
1784415600000,0.3602,0.3622,0.3598,0.3616,575718.5,207961.05927
1784419200000,0.3616,0.3635,0.3595,0.361,817682.9,295656.97967
1784422800000,0.361,0.3629,0.3604,0.3615,326328.2,118079.0357
1784426400000,0.3615,0.3643,0.3608,0.3616,438978.5,158940.12796
1784430000000,0.3616,0.3627,0.3583,0.3589,614103.2,221323.61378
1784433600000,0.3589,0.3596,0.3581,0.3594,193506.9,69442.94283
1784437200000,0.3594,0.3597,0.356,0.3575,461889.4,165327.6827
1784440800000,0.3575,0.3618,0.3572,0.3609,613761.4,220686.67403
1784444400000,0.3609,0.3624,0.3596,0.36,751890.6,271586.07242
1784448000000,0.36,0.3632,0.3596,0.3626,618254.6,223354.75285
1784451600000,0.3626,0.365,0.3611,0.3615,704854.4,255909.48235
1784455200000,0.3615,0.3621,0.3584,0.3589,1435992.8,516960.70003
1784458800000,0.3589,0.359,0.354,0.3552,1083574.2,386080.9698
1784462400000,0.3552,0.3557,0.3524,0.3549,1071677.3,379655.16745
1784466000000,0.3549,0.3574,0.3535,0.3562,1225288.1,435356.26833
1784469600000,0.3562,0.3573,0.3548,0.3559,630943.4,224735.04189
1784473200000,0.3559,0.3595,0.3547,0.3579,1041883.0,372045.2899
1784476800000,0.3579,0.3589,0.3547,0.3549,1067226.0,381125.3182
1784480400000,0.3549,0.3596,0.3503,0.3587,2736650.0,971595.2969
1784484000000,0.3587,0.3589,0.3539,0.3588,1799495.2,641498.63422
1784487600000,0.3588,0.3627,0.3571,0.36,2506837.1,903022.85433
1784491200000,0.36,0.361,0.3582,0.3586,860106.8,309468.42781
1784494800000,0.3586,0.3593,0.3543,0.3554,616508.0,219960.59991
1784498400000,0.3554,0.36,0.3552,0.3586,758276.1,271631.73244
1784502000000,0.3586,0.3614,0.3573,0.3611,505316.6,181536.70058
1784505600000,0.3611,0.3662,0.3597,0.3623,1568803.5,569990.70539
1784509200000,0.3623,0.3656,0.3579,0.3604,610100.2,220640.48021
1784512800000,0.3604,0.3638,0.3596,0.3624,801617.8,289963.9736
1784516400000,0.3624,0.3638,0.3598,0.3611,399655.6,144625.74357
1784520000000,0.3611,0.3632,0.359,0.3609,1059635.8,383212.02413
1784523600000,0.3609,0.361,0.3531,0.355,2685786.3,958211.3351
1784527200000,0.355,0.3565,0.353,0.3556,1996747.7,707989.45081
1784530800000,0.3556,0.3648,0.3554,0.3641,1893961.9,681621.18081
1784534400000,0.3641,0.3653,0.3575,0.3603,1865056.5,674942.81298
1784538000000,0.3603,0.361,0.3582,0.3604,420424.2,151238.20274
1784541600000,0.3604,0.3627,0.3594,0.3622,323019.4,116666.18888
1784545200000,0.3622,0.3641,0.3605,0.3641,741754.9,268702.34051
1784548800000,0.3641,0.3646,0.3616,0.3636,1058766.2,384347.70617
1784552400000,0.3636,0.3664,0.362,0.3645,1839431.9,670673.81092
1784556000000,0.3645,0.3655,0.3587,0.3634,1563498.2,564973.54473
1784559600000,0.3634,0.3676,0.3627,0.3662,942013.2,344323.92287
1784563200000,0.3662,0.3675,0.3624,0.3642,1475819.7,538639.61553
1784566800000,0.3642,0.3653,0.3627,0.3638,444096.7,161583.62163
1784570400000,0.3638,0.3652,0.3598,0.3605,938688.8,339911.65134
1784574000000,0.3605,0.3608,0.3581,0.359,776443.3,278959.95818
1784577600000,0.359,0.3627,0.3588,0.3615,518274.2,187026.04317
1784581200000,0.3615,0.3627,0.3584,0.3587,562611.1,203266.47701
1784584800000,0.3587,0.3588,0.3548,0.3558,793343.8,282803.89142
1784588400000,0.3558,0.3593,0.3556,0.3574,510386.4,182750.00916
1784592000000,0.3574,0.3602,0.3568,0.3579,739975.4,265279.84187
1784595600000,0.3579,0.3587,0.3572,0.3587,494092.5,176890.56257
1784599200000,0.3587,0.3608,0.3572,0.3594,386021.5,138594.91487
1784602800000,0.3594,0.3615,0.3594,0.3615,929447.7,334800.9996
1784606400000,0.3615,0.3621,0.3596,0.3614,889269.1,320981.84022
1784610000000,0.3614,0.365,0.3604,0.364,1050993.3,381407.34178
1784613600000,0.364,0.3664,0.3613,0.3635,1750980.8,637163.49172
1784617200000,0.3635,0.3655,0.3597,0.3623,1866649.5,677872.82573
1784620800000,0.3623,0.3655,0.3602,0.3647,1615258.0,586757.40986
1784624400000,0.3647,0.3669,0.3634,0.3668,1411483.1,515019.708
1784628000000,0.3668,0.3671,0.3644,0.3664,1346039.2,493060.82299
1784631600000,0.3664,0.3694,0.3646,0.3674,1352218.9,496472.84351
1784635200000,0.3674,0.3713,0.3665,0.3672,1580552.8,582667.84941
1784638800000,0.3672,0.3672,0.3628,0.3649,1139000.0,415613.35083
1784642400000,0.3649,0.3649,0.3618,0.3642,1068521.6,388016.40074
1784646000000,0.3642,0.3665,0.3631,0.3664,482812.9,175984.62281
1784649600000,0.3664,0.369,0.3626,0.364,1628083.4,596658.18831
1784653200000,0.364,0.3645,0.3605,0.3635,1059392.2,384263.37059
1784656800000,0.3635,0.3653,0.3628,0.3648,399179.8,145528.18403
1784660400000,0.3648,0.3656,0.3636,0.3644,525024.8,191474.3195
1784664000000,0.3644,0.3658,0.3636,0.3656,299339.9,109208.07888
1784667600000,0.3656,0.3665,0.365,0.366,506800.7,185442.74183
1784671200000,0.366,0.3693,0.3652,0.3662,700978.8,257383.13715
1784674800000,0.3662,0.3664,0.3639,0.3662,896897.1,327654.36714
1784678400000,0.3662,0.3687,0.3649,0.3681,1137293.1,418089.59476
1784682000000,0.3681,0.3684,0.3624,0.3634,767650.0,279974.86394
1784685600000,0.3634,0.3642,0.3616,0.3618,465897.3,168979.48901
1784689200000,0.3618,0.3647,0.3613,0.3621,618763.9,224515.86897
1784692800000,0.3621,0.3646,0.3608,0.3634,546602.2,198129.43932
1784696400000,0.3634,0.3641,0.3571,0.3599,1640660.1,590760.31247
1784700000000,0.3599,0.3625,0.3588,0.3618,1112317.7,400627.29916
1784703600000,0.3618,0.362,0.3598,0.3606,532169.8,191930.09454
1784707200000,0.3606,0.3625,0.3599,0.3611,426714.3,153992.83797
1784710800000,0.3611,0.3619,0.3592,0.3608,707989.7,255128.88227
1784714400000,0.3608,0.3646,0.3602,0.3641,745387.1,270400.24344
1784718000000,0.3641,0.3656,0.3612,0.3619,1126558.8,410171.39152
1784721600000,0.3619,0.3638,0.3595,0.3614,1649387.2,596132.6948
1784725200000,0.3614,0.3632,0.3611,0.363,710430.2,257467.64163
1784728800000,0.363,0.3645,0.3606,0.3631,1149721.5,416562.49419
1784732400000,0.3631,0.3647,0.3611,0.3614,1310617.6,475836.3752
1784736000000,0.3614,0.3662,0.3609,0.3654,2077307.0,756378.93717
1784739600000,0.3654,0.366,0.3627,0.3637,638473.7,232604.20971
1784743200000,0.3637,0.3643,0.3609,0.3617,768851.3,278655.02602
1784746800000,0.3617,0.3632,0.3594,0.3616,1095369.1,395618.90533
1784750400000,0.3616,0.3639,0.361,0.3633,1055958.1,382715.48369
1784754000000,0.3633,0.3639,0.3621,0.363,339841.4,123389.36883
1784757600000,0.363,0.3632,0.3605,0.3629,324225.1,117342.78227
1784761200000,0.3629,0.3629,0.3598,0.3616,586282.5,211991.01129
1784764800000,0.3616,0.3663,0.361,0.3644,1269882.3,462185.51069
1784768400000,0.3644,0.3651,0.3617,0.3618,654206.1,237165.22492
1784772000000,0.3618,0.3618,0.3595,0.3613,626473.8,225995.60751
1784775600000,0.3613,0.3613,0.3565,0.3579,1228567.1,439978.25349
1784779200000,0.3579,0.3604,0.3573,0.3595,587250.0,210905.60325
1784782800000,0.3595,0.3619,0.3592,0.3605,395640.6,142726.59458
1784786400000,0.3605,0.3622,0.3601,0.3622,149303.7,53936.07569
1784790000000,0.3622,0.3623,0.3587,0.3594,618461.3,222686.81036
1784793600000,0.3594,0.3613,0.3588,0.3595,562292.5,202409.80401
1784797200000,0.3595,0.3597,0.3573,0.3574,324846.8,116458.71576
1784800800000,0.3574,0.3586,0.3568,0.3571,418812.7,149839.95835
1784804400000,0.3571,0.3578,0.3513,0.3566,5112491.2,1815097.17778
1784808000000,0.3566,0.3576,0.3538,0.3563,1299239.7,462581.09259
1784811600000,0.3563,0.3565,0.3535,0.3536,1103309.7,391364.47241
1784815200000,0.3536,0.3556,0.3483,0.3518,2243418.6,790493.3989
1784818800000,0.3518,0.3518,0.3479,0.3512,1386575.5,484668.40831
1784822400000,0.3512,0.3516,0.349,0.3492,667673.0,233751.12603
1784826000000,0.3492,0.3505,0.3455,0.347,964277.5,335482.84451
1784829600000,0.347,0.3504,0.347,0.3489,653412.1,227976.42566
1784833200000,0.3489,0.351,0.3487,0.35,361367.0,126433.65204
1784836800000,0.35,0.3538,0.3497,0.3512,1254770.9,442199.18368
1784840400000,0.3512,0.3517,0.3487,0.349,684351.1,239445.138
1784844000000,0.349,0.3498,0.3461,0.3479,574061.2,199676.60098
1784847600000,0.3479,0.3492,0.3464,0.3481,974008.7,338642.62394
1784851200000,0.3481,0.349,0.3444,0.3475,1795339.6,623202.90922
1784854800000,0.3475,0.3488,0.3458,0.3482,255284.6,88649.64358
1784858400000,0.3482,0.3497,0.3469,0.3487,358559.8,125020.0945
1784862000000,0.3487,0.3508,0.3481,0.35,996006.4,348186.70159
1784865600000,0.35,0.3509,0.3481,0.3496,348858.6,122017.04222
1784869200000,0.3496,0.3497,0.3482,0.349,471698.8,164537.84981
1784872800000,0.349,0.3508,0.3486,0.3497,362029.0,126644.32643
1784876400000,0.3497,0.3523,0.3469,0.3481,1226479.4,429422.31515
1784880000000,0.3481,0.3488,0.346,0.3468,1043258.4,362302.15559
1784883600000,0.3468,0.3501,0.3462,0.3501,770721.1,268447.20513
1784887200000,0.3501,0.3504,0.3465,0.3471,450107.5,156900.03666
1784890800000,0.3471,0.3478,0.3464,0.3474,341618.3,118614.47879
1784894400000,0.3474,0.3506,0.3468,0.3469,844128.8,294052.78821
1784898000000,0.3469,0.3473,0.3404,0.3439,3111576.4,1068837.85027
1784901600000,0.3439,0.3442,0.3373,0.3421,2299022.2,782923.04052
1784905200000,0.3421,0.3458,0.3415,0.3442,765979.1,263501.41543
1784908800000,0.3442,0.3459,0.3425,0.3446,944670.0,325227.63741
1784912400000,0.3446,0.3454,0.3432,0.3439,529471.4,182190.2043
1784916000000,0.3439,0.3441,0.3414,0.3423,298360.5,102177.90999
1784919600000,0.3423,0.3427,0.3407,0.3414,483601.6,165097.53713
1784923200000,0.3414,0.3429,0.3407,0.3409,299694.1,102346.30449
1784926800000,0.3409,0.3412,0.3388,0.3388,476284.9,161872.04674
1784930400000,0.3388,0.3389,0.3358,0.3375,1271426.8,429364.1543
1784934000000,0.3375,0.3396,0.3373,0.3396,363735.1,123127.31073
1784937600000,0.3396,0.3422,0.3387,0.3409,404463.9,137558.55334
1784941200000,0.3409,0.342,0.3401,0.3414,255715.4,87264.60922
1784944800000,0.3414,0.3437,0.3402,0.3424,858160.3,293358.36316
1784948400000,0.3424,0.344,0.3422,0.3434,277766.7,95313.97352
1784952000000,0.3434,0.3437,0.3414,0.3414,353360.7,121025.00349
1784955600000,0.3414,0.3421,0.34,0.3403,207172.3,70598.18028
1784959200000,0.3403,0.3403,0.3372,0.3384,392049.8,132701.7151
1784962800000,0.3384,0.3386,0.3369,0.3371,209130.6,70598.65397
1784966400000,0.3371,0.3376,0.3346,0.3355,704574.1,236864.37612
1784970000000,0.3355,0.3378,0.3349,0.337,225986.7,76058.6357
1784973600000,0.337,0.3375,0.3357,0.3363,555183.9,186747.54249
1784977200000,0.3363,0.3376,0.3356,0.3362,280433.4,94338.80829
1784980800000,0.3362,0.3373,0.3345,0.3369,420113.2,141117.89609
1784984400000,0.3369,0.3386,0.3357,0.3368,474434.6,159916.91359
1784988000000,0.3368,0.3368,0.3351,0.3361,626761.4,210351.1736
1784991600000,0.3361,0.3399,0.3359,0.3391,2187871.0,738780.67703
1784995200000,0.3391,0.3408,0.3367,0.3372,1243519.7,421218.84496
1784998800000,0.3372,0.3404,0.3369,0.34,822928.4,278474.49077
1785002400000,0.34,0.3415,0.3399,0.3401,691568.5,235689.96386
1785006000000,0.3401,0.3408,0.3373,0.3386,705195.0,239237.34441
1785009600000,0.3386,0.341,0.3386,0.3394,385845.6,131171.68827
1785013200000,0.3394,0.3418,0.3389,0.341,306310.5,104153.85026
1785016800000,0.341,0.342,0.3401,0.3401,217600.0,74151.4058
1785020400000,0.3401,0.3403,0.3383,0.3391,217614.5,73795.20021
1785024000000,0.3391,0.3412,0.3378,0.339,578949.7,196440.7849
1785027600000,0.339,0.3398,0.338,0.3392,298681.5,101319.63085
1785031200000,0.3392,0.3399,0.337,0.3398,564912.7,190999.98694
1785034800000,0.3398,0.3424,0.3391,0.3417,454931.6,155297.56609
1785038400000,0.3417,0.3424,0.3408,0.3416,421672.1,144068.70708
1785042000000,0.3416,0.3418,0.3398,0.341,447962.5,152632.311
1785045600000,0.341,0.3427,0.3392,0.3426,586248.7,199993.61123
1785049200000,0.3426,0.3437,0.3415,0.3421,660407.1,226387.91323
1785052800000,0.3421,0.3426,0.3396,0.3403,441469.8,150517.44669
1785056400000,0.3403,0.3417,0.3399,0.3408,313450.7,106789.39424
1785060000000,0.3408,0.3414,0.3397,0.3406,303109.9,103307.1735
1785063600000,0.3406,0.3452,0.3403,0.341,891900.1,305916.09687
1785067200000,0.341,0.3448,0.3403,0.3434,1214539.1,415827.17386
1785070800000,0.3434,0.3448,0.3419,0.343,758318.8,260549.56324
1785074400000,0.343,0.3456,0.3428,0.344,336991.3,116035.66283
1785078000000,0.344,0.3463,0.3436,0.346,341899.3,117954.35353
1785081600000,0.346,0.3478,0.3442,0.3448,1391029.2,481620.64186
1785085200000,0.3448,0.3459,0.3436,0.3439,329460.5,113511.10141
1785088800000,0.3439,0.3445,0.3422,0.3434,390197.9,133938.65238
1785092400000,0.3434,0.3441,0.342,0.3436,316759.0,108635.73214
1785096000000,0.3436,0.3448,0.3424,0.3432,611450.6,209846.68987
1785099600000,0.3432,0.3449,0.3428,0.344,445305.4,153084.74352
1785103200000,0.344,0.3519,0.344,0.3503,1533187.5,534963.91494
1785106800000,0.3503,0.3527,0.3491,0.3502,1176013.8,412765.96608
1785110400000,0.3502,0.3505,0.3473,0.3477,607796.3,212185.47638
1785114000000,0.3477,0.3518,0.3475,0.3517,578119.3,202436.9925
1785117600000,0.3517,0.3519,0.3491,0.35,531417.6,186318.04931
1785121200000,0.35,0.3509,0.349,0.3501,265397.8,92933.38048
1785124800000,0.3501,0.3517,0.3495,0.3501,152199.6,53337.58971
1785128400000,0.3501,0.3517,0.3493,0.3501,234112.4,81953.1922
1785132000000,0.3501,0.352,0.3486,0.3493,412347.7,144434.48174
1785135600000,0.3493,0.3502,0.3486,0.349,338195.1,118162.24
1785139200000,0.349,0.3501,0.3478,0.3481,408253.3,142383.26321
1785142800000,0.3481,0.3504,0.3473,0.3496,247208.0,86299.72833
1785146400000,0.3496,0.3519,0.3488,0.3516,577062.8,202028.24312
1785150000000,0.3516,0.3517,0.3476,0.3479,579810.0,202647.59178
1785153600000,0.3479,0.3485,0.3444,0.3473,1034598.6,357860.59349
1785157200000,0.3473,0.3506,0.3449,0.3477,655904.6,228253.2862
1785160800000,0.3477,0.3479,0.3353,0.3385,2646219.9,898935.75659
1785164400000,0.3385,0.3388,0.3357,0.3362,730096.5,246255.19292
1785168000000,0.3362,0.3384,0.3352,0.3371,563642.0,189993.26347
1785171600000,0.3371,0.3404,0.3356,0.3386,1106270.9,374059.71676
1785175200000,0.3386,0.3397,0.3353,0.3365,835710.9,281749.68477
1785178800000,0.3365,0.3398,0.3365,0.3397,346072.6,117131.25694
1785182400000,0.3397,0.3404,0.3385,0.3398,266736.7,90564.70103
1785186000000,0.3398,0.3405,0.3361,0.3366,352365.3,119190.95252
1785189600000,0.3366,0.3366,0.3235,0.3241,4311076.4,1420190.55197
1785193200000,0.3241,0.3262,0.3215,0.3253,1502616.1,486281.3908
1785196800000,0.3253,0.3285,0.3247,0.3278,982555.0,321005.79336
1785200400000,0.3278,0.3284,0.3239,0.3269,607520.1,198321.60387
1785204000000,0.3269,0.3292,0.3262,0.3291,232548.8,76287.60796
1785207600000,0.3291,0.3313,0.3283,0.3307,164096.4,54124.88486
1785211200000,0.3307,0.3316,0.328,0.3297,602352.3,198540.24778
1785214800000,0.3297,0.3309,0.3285,0.3285,430514.4,142142.7485
1785218400000,0.3285,0.3339,0.3282,0.3324,977176.7,323175.08484
1785222000000,0.3324,0.3333,0.33,0.3311,290095.2,96269.67274
1785225600000,0.3311,0.3326,0.3303,0.3313,174698.6,57924.45076
1785229200000,0.3313,0.3323,0.3302,0.3314,275444.0,91266.8186
1785232800000,0.3314,0.3317,0.3295,0.3297,317754.3,105069.21424
1785236400000,0.3297,0.3299,0.3256,0.3278,1678312.5,549171.22858
1785240000000,0.3278,0.3296,0.3255,0.3289,1325545.1,434065.39095
1785243600000,0.3289,0.3302,0.3234,0.3266,769327.5,251000.76665
1785247200000,0.3266,0.3296,0.3243,0.3288,534421.9,174692.97229
1785250800000,0.3288,0.3345,0.3275,0.3317,1329656.9,439354.28504
1785254400000,0.3317,0.3332,0.3301,0.3322,632645.3,209932.19424
1785258000000,0.3322,0.3322,0.3281,0.3297,532839.3,176119.57599
1785261600000,0.3297,0.331,0.3293,0.3298,195604.4,64540.74933
1785265200000,0.3298,0.3317,0.3298,0.3308,154032.2,50918.90761
1785268800000,0.3308,0.332,0.3294,0.331,457106.9,151151.87503
1785272400000,0.331,0.3315,0.3297,0.3303,288885.6,95614.07488
1785276000000,0.3303,0.331,0.3262,0.3263,675525.1,222468.92522
1785279600000,0.3263,0.3287,0.3253,0.3285,452463.4,147956.6382
1785283200000,0.3285,0.3305,0.3283,0.3283,327818.5,108011.55419
1785286800000,0.3283,0.3287,0.3244,0.3246,242256.8,79104.79442
1785290400000,0.3246,0.3264,0.3227,0.3238,377596.6,122512.42658
1785294000000,0.3238,0.3238,0.3164,0.3167,1776623.7,568126.62598
1785297600000,0.3167,0.3196,0.3145,0.3194,1025608.0,325002.02425
1785301200000,0.3194,0.3206,0.3185,0.3196,449602.0,143530.76364
1785304800000,0.3196,0.321,0.3181,0.3191,362690.7,115959.6433
1785308400000,0.3191,0.3198,0.3173,0.3198,349291.8,111086.15612
1785312000000,0.3198,0.32,0.3173,0.3179,247097.1,78692.52315
1785315600000,0.3179,0.3206,0.3178,0.3186,439132.8,140193.72456
1785319200000,0.3186,0.3191,0.3151,0.316,514147.5,162991.26202
1785322800000,0.316,0.3188,0.3156,0.3174,789927.7,250739.23856
1785326400000,0.3174,0.3179,0.3144,0.3163,917151.8,290089.07945
1785330000000,0.3163,0.3185,0.3155,0.3175,1159191.0,367772.16824
1785333600000,0.3175,0.3178,0.3135,0.3152,1076403.2,339759.42566
1785337200000,0.3152,0.3168,0.3134,0.3148,713993.4,225316.51582
1785340800000,0.3148,0.3169,0.314,0.3158,1206405.4,380936.27772
1785344400000,0.3158,0.3178,0.315,0.3178,796470.9,252010.9278
1785348000000,0.3178,0.3212,0.3146,0.3208,1740801.0,554930.9899
1785351600000,0.3208,0.3218,0.3122,0.3126,1142135.3,360351.88672
1785355200000,0.3126,0.3143,0.3097,0.3117,3055210.7,952954.90972
1785358800000,0.3117,0.3171,0.311,0.3169,894727.7,281238.99346
1785362400000,0.3169,0.3202,0.3169,0.32,869213.1,277164.98182
1785366000000,0.32,0.3224,0.3188,0.3217,567128.8,182077.42876
1785369600000,0.3217,0.3243,0.3211,0.322,736701.5,237603.82656
1785373200000,0.322,0.3258,0.3214,0.3236,638267.1,206890.73831
1785376800000,0.3236,0.3246,0.322,0.3222,169521.2,54794.08987
1785380400000,0.3222,0.3227,0.3202,0.3209,258907.8,83180.01457
1785384000000,0.3209,0.321,0.3184,0.3187,562759.3,179818.36527
1785387600000,0.3187,0.3202,0.318,0.3197,187187.5,59764.07541
1785391200000,0.3197,0.3204,0.319,0.3194,148901.7,47602.11217
1785394800000,0.3194,0.321,0.3187,0.3191,258208.2,82636.64475
1785398400000,0.3191,0.3199,0.3181,0.319,323152.5,102990.21958
1785402000000,0.319,0.3204,0.3184,0.3201,302262.8,96490.2446
1785405600000,0.3201,0.3216,0.3184,0.3186,513903.9,164633.593
1785409200000,0.3186,0.3203,0.3178,0.319,373199.2,119046.7245
1785412800000,0.319,0.3211,0.3186,0.3207,494812.7,158129.10693
1785416400000,0.3207,0.3222,0.3186,0.3217,734886.8,235759.39404
1785420000000,0.3217,0.3227,0.3193,0.322,700168.4,225095.66571
1785423600000,0.322,0.322,0.3193,0.321,555450.9,178162.6793
1785427200000,0.321,0.3242,0.321,0.3237,1021982.3,330084.14478
1785430800000,0.3237,0.3294,0.322,0.3273,1573138.7,512245.35309
1785434400000,0.3273,0.3295,0.3253,0.3286,1089661.1,357048.74443
1785438000000,0.3286,0.3331,0.3279,0.3307,1112754.4,367894.25022
1785441600000,0.3307,0.3327,0.3295,0.331,690389.0,228567.45597
1785445200000,0.331,0.3338,0.3293,0.3297,676224.3,223958.75662
1785448800000,0.3297,0.3305,0.3272,0.3284,378002.5,124201.52118
1785452400000,0.3284,0.3293,0.3267,0.3273,871229.1,285619.36031
1785456000000,0.3273,0.3283,0.3257,0.3273,608918.4,199098.64884
1785459600000,0.3273,0.3295,0.3244,0.3251,710588.4,232180.8211
1785463200000,0.3251,0.3258,0.323,0.3236,209194.8,67787.44263
1785466800000,0.3236,0.3244,0.3214,0.3232,360216.2,116430.41652
1785470400000,0.3232,0.3234,0.321,0.321,203656.3,65638.68354
1785474000000,0.321,0.3228,0.321,0.3228,160155.4,51555.52684
1785477600000,0.3228,0.3237,0.3193,0.3211,890613.9,286402.23767
1785481200000,0.3211,0.3218,0.3183,0.321,397694.9,127219.15591
1785484800000,0.321,0.3217,0.3196,0.32,269117.6,86320.0257
1785488400000,0.32,0.32,0.3172,0.319,875874.5,279148.5802
1785492000000,0.319,0.3196,0.3166,0.3187,249562.4,79437.93637
1785495600000,0.3187,0.3198,0.3178,0.3184,239357.1,76233.26074
1785499200000,0.3184,0.3193,0.3168,0.3192,415472.3,132163.7015
1785502800000,0.3192,0.3203,0.317,0.3185,663677.6,211380.19179
1785506400000,0.3185,0.3222,0.3151,0.3206,1554234.9,494752.31339
1785510000000,0.3206,0.3222,0.319,0.32,1284286.0,411678.93675
1785513600000,0.32,0.3213,0.3178,0.3201,1301364.8,415831.71219
1785517200000,0.3201,0.3219,0.3196,0.3213,720025.1,230914.34057
1785520800000,0.3213,0.3216,0.3194,0.3206,424818.6,136244.59332
1785524400000,0.3206,0.3208,0.3176,0.3185,609430.4,194414.31923
1785528000000,0.3185,0.3205,0.3183,0.3186,456305.0,145648.53475
1785531600000,0.3186,0.3196,0.3172,0.3177,559001.6,177978.59922
1785535200000,0.3177,0.3193,0.3171,0.3184,765659.8,243534.52097
1785538800000,0.3184,0.3208,0.3184,0.3203,262365.9,83864.29774
1785542400000,0.3203,0.3219,0.3203,0.3209,424969.3,136423.03058
1785546000000,0.3209,0.3237,0.3203,0.3237,913763.0,294165.43519
1785549600000,0.3237,0.3256,0.3232,0.3249,1470367.9,476733.1933
1785553200000,0.3249,0.3256,0.3232,0.3241,219026.0,71018.51782
1785556800000,0.3241,0.3256,0.3234,0.3256,370964.7,120209.31873
1785560400000,0.3256,0.3257,0.3227,0.3242,469676.5,152467.1772
1785564000000,0.3242,0.3287,0.3237,0.3265,1539902.9,503463.47398
1785567600000,0.3265,0.3278,0.3261,0.3261,355344.6,116194.31333
1785571200000,0.3261,0.3306,0.3258,0.3302,439042.2,144194.94949
1785574800000,0.3302,0.3325,0.3291,0.3316,2191153.8,725389.32219
1785578400000,0.3316,0.3322,0.3306,0.3316,613804.9,203433.73732
1785582000000,0.3316,0.3324,0.3277,0.3307,1195478.8,394636.87362
1785585600000,0.3307,0.3312,0.3285,0.3304,487335.8,160897.1599
1785589200000,0.3304,0.3309,0.3282,0.3288,231892.5,76352.36308
1785592800000,0.3288,0.33,0.3279,0.3292,263115.8,86567.45925
1785596400000,0.3292,0.3298,0.3273,0.3276,568704.0,186658.04967
1785600000000,0.3276,0.3307,0.3273,0.3288,931344.7,306637.57004
1785603600000,0.3288,0.3289,0.3249,0.3264,1084497.5,354497.04764
1785607200000,0.3264,0.327,0.3163,0.3183,3212762.1,1032001.58275
1785610800000,0.3183,0.3202,0.3177,0.319,401190.9,128119.42701
1785614400000,0.319,0.3203,0.3181,0.3187,542675.8,173203.58473
1785618000000,0.3187,0.3208,0.3187,0.3208,369117.0,118062.94615
1785621600000,0.3208,0.3223,0.3202,0.3203,198028.3,63616.72234
1785625200000,0.3203,0.3208,0.3194,0.3202,206995.3,66266.11403
1785628800000,0.3202,0.3232,0.32,0.3231,891190.7,286389.41368
1785632400000,0.3231,0.328,0.3231,0.3271,704674.6,229159.86427
1785636000000,0.3271,0.3309,0.3266,0.3299,1142705.2,376169.65413
1785639600000,0.3299,0.3305,0.3285,0.3296,251099.6,82724.40816
1785643200000,0.3296,0.3312,0.3288,0.3302,546898.1,180310.50524
1785646800000,0.3302,0.3309,0.3291,0.3305,258374.5,85202.40411
1785650400000,0.3305,0.3324,0.3296,0.3304,942594.9,312236.44767
1785654000000,0.3304,0.331,0.3295,0.3304,323399.0,106811.70635
1785657600000,0.3304,0.3307,0.3284,0.3303,751665.6,247588.96483
1785661200000,0.3303,0.3303,0.3282,0.3285,286305.5,94330.70267
1785664800000,0.3285,0.3286,0.3262,0.3263,468680.9,153555.05651
1785668400000,0.3263,0.3271,0.3258,0.3267,282147.7,92099.02361
1785672000000,0.3267,0.3284,0.3266,0.3279,587023.8,192204.2642
1785675600000,0.3279,0.3279,0.3257,0.3268,320806.5,104798.57267
1785679200000,0.3268,0.3291,0.326,0.3287,474078.8,155229.3489
1785682800000,0.3287,0.3287,0.3266,0.3266,427256.8,140108.61889
1785686400000,0.3266,0.3272,0.3254,0.3267,543522.3,177395.58392
1785690000000,0.3267,0.3301,0.3263,0.3291,570011.8,187618.94821
1785693600000,0.3291,0.3311,0.3291,0.3299,277220.8,91549.23007
1785697200000,0.3299,0.3318,0.3299,0.3306,253520.3,83892.78552
1785700800000,0.3306,0.3308,0.3294,0.3303,464270.2,153266.26054
1785704400000,0.3303,0.3332,0.3302,0.3318,916359.9,304052.98262
1785708000000,0.3318,0.3325,0.3288,0.3295,977739.7,323475.77659
1785711600000,0.3295,0.3301,0.3286,0.3292,329077.1,108304.33733
1785715200000,0.3292,0.3298,0.3277,0.3281,798607.8,262447.50925
1785718800000,0.3281,0.3285,0.3249,0.3263,804361.9,262372.61688
1785722400000,0.3263,0.3267,0.3244,0.325,766744.4,249584.7206
1785726000000,0.325,0.3258,0.3229,0.3249,583883.8,189217.26487
1785729600000,0.3249,0.3266,0.3245,0.3247,350374.7,114046.48865
1785733200000,0.3247,0.3286,0.3247,0.3286,231117.8,75504.82072
1785736800000,0.3286,0.3288,0.3265,0.3269,720375.5,236119.98863
1785740400000,0.3269,0.3287,0.326,0.3271,515087.5,168481.98139
1785744000000,0.3271,0.3305,0.3263,0.3301,943392.5,309382.40562
1785747600000,0.3301,0.3319,0.3292,0.3314,546557.5,180706.65267
1785751200000,0.3314,0.3318,0.3284,0.3294,603024.4,198735.54406
1785754800000,0.3294,0.3324,0.3285,0.3313,612114.6,202523.80099
1785758400000,0.3313,0.3325,0.3304,0.332,746379.2,247396.76348
1785762000000,0.332,0.3347,0.3307,0.3342,1436621.7,478422.20539
1785765600000,0.3342,0.3362,0.3333,0.3352,1120716.8,375453.33171
1785769200000,0.3352,0.3373,0.3333,0.3362,2343946.8,785814.7077
1785772800000,0.3362,0.3427,0.336,0.3418,3187577.5,1085101.55641
1785776400000,0.3418,0.3421,0.3397,0.3403,845031.1,287959.79764
1785780000000,0.3403,0.3415,0.3393,0.3397,567956.1,193242.31042
1785783600000,0.3397,0.3397,0.3366,0.3381,1923205.2,649657.82659
1785787200000,0.3381,0.3418,0.3381,0.3418,756943.9,257493.93246
1785790800000,0.3418,0.3436,0.3397,0.3401,669508.9,228539.447
1785794400000,0.3401,0.3404,0.3362,0.3379,774677.1,261972.99164
1785798000000,0.3379,0.3402,0.3373,0.3395,507148.2,171657.55023
1785801600000,0.3395,0.34,0.3357,0.3362,468462.8,158245.70238
1785805200000,0.3362,0.3386,0.3352,0.3384,384611.7,129577.48452
1785808800000,0.3384,0.3393,0.3375,0.3379,453200.9,153355.54038
1785812400000,0.3379,0.3404,0.3369,0.3393,485258.1,164173.643
1785816000000,0.3393,0.3407,0.3386,0.3393,313463.9,106475.37434
1785819600000,0.3393,0.3412,0.3392,0.3408,306667.5,104219.67237
1785823200000,0.3408,0.3408,0.3358,0.3363,485622.8,164331.05632
1785826800000,0.3363,0.3373,0.3333,0.3364,1518102.0,509346.66356
1785830400000,0.3364,0.3374,0.3356,0.3367,597145.3,200996.34547
1785834000000,0.3367,0.3367,0.3348,0.3354,295258.3,99059.28398
1785837600000,0.3354,0.3379,0.3339,0.3367,520137.8,174625.76054
1785841200000,0.3367,0.3379,0.3355,0.3371,488381.6,164371.85843
1785844800000,0.3371,0.3378,0.3353,0.3353,289148.5,97437.98864
1785848400000,0.3353,0.3369,0.3343,0.3359,640527.9,215018.67172
1785852000000,0.3359,0.3367,0.3342,0.3366,634424.5,212862.71494
1785855600000,0.3366,0.3376,0.3329,0.3347,1084913.9,363926.30072
1785859200000,0.3347,0.3353,0.3339,0.3348,329825.4,110379.24809
1785862800000,0.3348,0.3362,0.3346,0.335,371063.4,124464.26228
1785866400000,0.335,0.3376,0.335,0.3368,362704.6,122086.79296
1785870000000,0.3368,0.338,0.3367,0.3371,435811.3,147009.22241
1785873600000,0.3371,0.3386,0.3357,0.3383,337141.9,113730.10021
1785877200000,0.3383,0.3391,0.3372,0.3383,297132.4,100522.85792
1785880800000,0.3383,0.34,0.338,0.3399,270309.9,91712.41572
1785884400000,0.3399,0.3404,0.3368,0.3369,251463.8,85206.51702
1785888000000,0.3369,0.3369,0.3344,0.3345,625811.3,210124.41393
1785891600000,0.3345,0.3371,0.3341,0.3366,180419.8,60550.11534
1785895200000,0.3366,0.3427,0.3359,0.3419,1421146.0,482297.00545
1785898800000,0.3419,0.3427,0.3397,0.341,938641.2,320501.81653
1785902400000,0.341,0.3411,0.339,0.3393,242942.5,82575.33181
1785906000000,0.3393,0.3413,0.3392,0.3407,299751.2,102059.92911
1785909600000,0.3407,0.3419,0.3395,0.3397,515346.4,175719.81252
1785913200000,0.3397,0.341,0.339,0.341,353963.6,120324.60732
1785916800000,0.341,0.3438,0.3406,0.3425,900128.2,308147.93502
1785920400000,0.3425,0.343,0.3405,0.3407,198798.3,67957.287
1785924000000,0.3407,0.3407,0.3371,0.3379,840707.9,284666.42448
1785927600000,0.3379,0.3395,0.3371,0.3372,464945.5,157324.75845
1785931200000,0.3372,0.3389,0.3369,0.3371,383362.7,129505.99022
1785934800000,0.3371,0.3375,0.3321,0.3363,1777936.0,594278.9233
1785938400000,0.3363,0.3391,0.336,0.3383,726950.5,245353.92777
1785942000000,0.3383,0.3385,0.3336,0.3338,1031272.8,347099.10273
1785945600000,0.3338,0.3375,0.3334,0.3368,1066384.3,357888.80712
1785949200000,0.3368,0.3382,0.3365,0.3373,807916.9,272590.90934
1785952800000,0.3373,0.3374,0.3349,0.3351,599878.3,201528.01863
1785956400000,0.3351,0.3361,0.3346,0.3346,307327.1,103046.30835
1785960000000,0.3346,0.3366,0.3342,0.3361,477092.5,159825.59806
1785963600000,0.3361,0.3362,0.3338,0.3346,307418.0,103022.63574
1785967200000,0.3346,0.3349,0.3333,0.3338,261189.2,87268.0644
1785970800000,0.3338,0.3357,0.3333,0.3353,304059.8,101763.55451
1785974400000,0.3353,0.336,0.3338,0.3359,305315.5,102205.07229
1785978000000,0.3359,0.3359,0.3317,0.3321,921793.7,307557.03357
1785981600000,0.3321,0.3331,0.3299,0.3319,691265.4,229109.77508
1785985200000,0.3319,0.3329,0.3306,0.3327,285968.7,94886.77032
1785988800000,0.3327,0.3365,0.3322,0.3364,664105.6,222124.84696
1785992400000,0.3364,0.3381,0.3363,0.3374,344356.9,116132.24831
1785996000000,0.3374,0.3376,0.3353,0.3362,463885.5,156114.63892
1785999600000,0.3362,0.3367,0.3351,0.3356,400552.0,134523.33098
1786003200000,0.3356,0.3358,0.3347,0.3349,267753.6,89750.82345
1786006800000,0.3349,0.3351,0.3297,0.3299,874279.8,290403.07326
1786010400000,0.3299,0.33,0.3249,0.3252,1903325.4,622741.75397
1786014000000,0.3252,0.3275,0.3239,0.3265,538681.2,175582.44211
1786017600000,0.3265,0.3281,0.3261,0.327,867333.1,283705.83647
1786021200000,0.327,0.3296,0.3257,0.3296,495826.1,162422.12481
1786024800000,0.3296,0.3319,0.3281,0.3316,849235.0,280463.34122
1786028400000,0.3316,0.3318,0.3289,0.3292,838800.7,277500.61029
1786032000000,0.3292,0.331,0.3273,0.3305,1076250.8,353973.69919
1786035600000,0.3305,0.3311,0.3288,0.331,342733.6,113072.18972
1786039200000,0.331,0.331,0.3273,0.3284,427975.9,140650.56511
1786042800000,0.3284,0.33,0.3284,0.329,520178.9,171184.09806
1786046400000,0.329,0.3311,0.3285,0.3302,420484.0,138662.58585
1786050000000,0.3302,0.3417,0.3302,0.3397,3309214.7,1108700.6076
1786053600000,0.3397,0.3402,0.3369,0.3375,744076.4,251478.37962
1786057200000,0.3375,0.3386,0.3343,0.3365,794606.6,267202.03361
1786060800000,0.3365,0.3375,0.3351,0.3352,460083.6,154753.08654
1786064400000,0.3352,0.3364,0.3336,0.3339,419706.6,140653.48485
1786068000000,0.3339,0.3378,0.3332,0.3372,690498.1,232142.0544
1786071600000,0.3372,0.3379,0.3314,0.3316,906455.5,303035.2639
1786075200000,0.3316,0.3325,0.3305,0.3316,363715.9,120530.61695
1786078800000,0.3316,0.3341,0.3313,0.3339,204597.1,68006.32948
1786082400000,0.3339,0.334,0.3319,0.3319,242806.5,80815.51536
1786086000000,0.3319,0.3336,0.3308,0.3308,348308.1,115741.30821
1786089600000,0.3308,0.3317,0.3299,0.3304,503210.1,166325.4344
1786093200000,0.3304,0.3311,0.3293,0.3297,711898.4,235106.88197
1786096800000,0.3297,0.3299,0.3274,0.328,594217.5,195137.82222
1786100400000,0.328,0.3302,0.3279,0.3297,316556.3,104193.10172
1786104000000,0.3297,0.3307,0.3268,0.3289,1165145.2,383031.65216
1786107600000,0.3289,0.3297,0.3279,0.329,319280.5,104978.29907
1786111200000,0.329,0.3291,0.325,0.3255,638971.9,209113.38656
1786114800000,0.3255,0.3281,0.3244,0.3279,438966.4,143067.38504
1786118400000,0.3279,0.3282,0.3247,0.3247,515704.3,168669.31831
1786122000000,0.3247,0.326,0.3231,0.3258,641002.0,207974.00151
1786125600000,0.3258,0.3269,0.325,0.3257,453427.7,147845.06044
1786129200000,0.3257,0.3274,0.3256,0.3269,247571.4,80859.2002
1786132800000,0.3269,0.3292,0.3265,0.3292,945288.8,310258.52021
1786136400000,0.3292,0.3307,0.3272,0.3272,813688.4,268390.09163
1786140000000,0.3272,0.3272,0.3241,0.325,852047.8,277319.78991
1786143600000,0.325,0.3264,0.325,0.3258,199769.2,65077.40177
1786147200000,0.3258,0.3262,0.3243,0.325,442794.7,143954.90316
1786150800000,0.325,0.3275,0.3247,0.3265,410877.4,134062.04378
1786154400000,0.3265,0.3269,0.3252,0.3257,223359.2,72782.71976
1786158000000,0.3257,0.3287,0.3253,0.3281,220885.2,72226.26757
1786161600000,0.3281,0.3308,0.3266,0.3292,1773907.6,582846.25911
1786165200000,0.3292,0.3299,0.3283,0.3287,235756.5,77591.00537
1786168800000,0.3287,0.3305,0.3273,0.3291,559628.7,184036.5767
1786172400000,0.3291,0.3302,0.3286,0.3289,181027.8,59659.94099
1786176000000,0.3289,0.3302,0.3287,0.3293,73328.6,24164.85851
1786179600000,0.3293,0.3299,0.3283,0.3284,152619.2,50226.86931
1786183200000,0.3284,0.3301,0.3282,0.3298,76429.1,25133.85997
1786186800000,0.3298,0.3315,0.3279,0.328,462008.0,152287.8225
1786190400000,0.328,0.3294,0.327,0.3292,1040054.9,341098.31763
1786194000000,0.3292,0.3298,0.3278,0.3285,204692.5,67344.05332
1786197600000,0.3285,0.3294,0.3277,0.3291,162857.2,53481.95896
1786201200000,0.3291,0.33,0.3284,0.329,528706.7,174101.70008
1786204800000,0.329,0.3318,0.3288,0.3292,1359852.6,449395.02759
1786208400000,0.3292,0.3304,0.3283,0.3286,651038.0,214427.29112
1786212000000,0.3286,0.3296,0.3276,0.3287,630420.5,207057.12218
1786215600000,0.3287,0.3289,0.327,0.3273,220648.0,72285.49117
1786219200000,0.3273,0.3296,0.3272,0.3295,309879.0,101647.77752
1786222800000,0.3295,0.3302,0.3274,0.328,634139.0,208607.85757
1786226400000,0.328,0.3281,0.326,0.3262,377159.1,123242.66909
1786230000000,0.3262,0.3279,0.3259,0.3277,160476.7,52459.28143
1786233600000,0.3277,0.3287,0.3271,0.3284,442128.8,145107.5015
1786237200000,0.3284,0.3295,0.3273,0.3276,273593.1,89784.10359
1786240800000,0.3276,0.3281,0.3263,0.3264,493820.8,161598.35807
1786244400000,0.3264,0.3275,0.3257,0.3263,115697.5,37789.70606
1786248000000,0.3263,0.329,0.326,0.3278,221215.4,72534.73714
1786251600000,0.3278,0.3278,0.3254,0.3266,225977.9,73713.17648
1786255200000,0.3266,0.3286,0.3262,0.3284,131968.8,43196.67583
1786258800000,0.3284,0.3286,0.3261,0.3278,439446.6,143993.59891
1786262400000,0.3278,0.3288,0.3262,0.3274,493711.4,161521.5865
1786266000000,0.3274,0.3274,0.326,0.3273,237798.1,77691.64342
1786269600000,0.3273,0.3274,0.3255,0.3259,715469.4,233490.64227
1786273200000,0.3259,0.3268,0.325,0.3258,448241.7,146092.54365
1786276800000,0.3258,0.3279,0.3254,0.3273,439682.5,143674.57936
1786280400000,0.3273,0.3283,0.3267,0.3277,710120.3,232584.79915
1786284000000,0.3277,0.3296,0.3268,0.3293,517232.4,169721.41527
1786287600000,0.3293,0.3307,0.3289,0.3303,802387.9,264564.81296
1786291200000,0.3303,0.3313,0.3283,0.3289,715016.1,236034.05882
1786294800000,0.3289,0.3296,0.3286,0.3294,133990.9,44108.89024
1786298400000,0.3294,0.3295,0.3266,0.3278,1011793.4,331701.7317
1786302000000,0.3278,0.3289,0.3269,0.3285,541592.7,177597.23732
1786305600000,0.3285,0.3291,0.3271,0.3277,393661.6,129179.31385
1786309200000,0.3277,0.3302,0.327,0.3294,635273.9,208877.46139
1786312800000,0.3294,0.3304,0.3217,0.323,1816757.4,592312.80389
1786316400000,0.323,0.3237,0.3195,0.3205,1097463.1,352401.49609
1786320000000,0.3205,0.3233,0.319,0.3221,1010777.8,324396.91841
1786323600000,0.3221,0.3244,0.3206,0.3237,471568.4,152103.6013
1786327200000,0.3237,0.3243,0.3215,0.3243,298100.8,96420.57193
1786330800000,0.3243,0.3244,0.3208,0.3213,217143.0,70038.27085
1786334400000,0.3213,0.3229,0.3187,0.3214,650107.8,208473.21679
1786338000000,0.3214,0.3289,0.3214,0.3275,1293831.0,420769.97679
1786341600000,0.3275,0.3317,0.3265,0.3314,1188307.2,391278.59532
1786345200000,0.3314,0.332,0.3286,0.331,973036.3,321488.65341
1786348800000,0.331,0.3327,0.3276,0.3295,1162393.9,383138.77385
1786352400000,0.3295,0.3299,0.3268,0.3282,533179.4,175067.27355
1786356000000,0.3282,0.3304,0.3275,0.3296,299104.6,98294.14245
1786359600000,0.3296,0.3311,0.3285,0.3311,236382.0,77984.66223
1786363200000,0.3311,0.3316,0.3277,0.3281,973701.9,321178.59432
1786366800000,0.3281,0.3296,0.3263,0.3281,1259349.8,413090.00957
1786370400000,0.3281,0.3296,0.3251,0.3256,720712.9,236134.73201
1786374000000,0.3256,0.327,0.324,0.3257,1020753.8,332175.69389
1786377600000,0.3257,0.3265,0.3231,0.324,896634.4,291569.17068
1786381200000,0.324,0.3279,0.3239,0.3266,682404.7,222798.97932
1786384800000,0.3266,0.3274,0.3256,0.326,441106.8,143939.85987
1786388400000,0.326,0.3263,0.3247,0.325,179803.7,58556.08605
1786392000000,0.325,0.326,0.3241,0.3244,664109.7,216002.08524
1786395600000,0.3244,0.3247,0.3194,0.3213,1842829.1,592638.25523
1786399200000,0.3213,0.3228,0.3197,0.3216,667863.0,214729.45582
1786402800000,0.3216,0.3231,0.3203,0.3227,650562.5,209297.4081
1786406400000,0.3227,0.3237,0.3222,0.323,235821.2,76159.30055
1786410000000,0.323,0.3239,0.3219,0.3233,391230.7,126294.18975
1786413600000,0.3233,0.3238,0.3224,0.3225,133078.2,43013.82293
1786417200000,0.3225,0.3229,0.3194,0.3197,534627.5,171621.28208
1786420800000,0.3197,0.3198,0.3156,0.3176,1373865.8,436519.22689
1786424400000,0.3176,0.3196,0.3162,0.3181,646794.5,205727.79753
1786428000000,0.3181,0.3188,0.3136,0.3166,896033.0,283035.48337
1786431600000,0.3166,0.3186,0.315,0.3175,1460603.7,462898.93393
1786435200000,0.3175,0.3188,0.3167,0.3185,569563.2,180979.36953
1786438800000,0.3185,0.3195,0.3173,0.3174,252653.6,80429.05581
1786442400000,0.3174,0.3178,0.3157,0.3169,630383.0,199724.49142
1786446000000,0.3169,0.3191,0.3162,0.3164,423615.4,134378.72403
1786449600000,0.3164,0.3171,0.3147,0.3158,1208062.7,381759.78689
1786453200000,0.3158,0.317,0.3149,0.3152,873238.6,275852.38164
1786456800000,0.3152,0.3161,0.3071,0.3084,3393229.2,1057879.8598
1786460400000,0.3084,0.3114,0.3042,0.3072,3163243.6,972787.00444
1786464000000,0.3072,0.3083,0.3062,0.3076,528096.9,162314.02788
1786467600000,0.3076,0.3091,0.3075,0.3087,264272.7,81520.24099
1786471200000,0.3087,0.3099,0.308,0.3099,433078.1,133818.77396
1786474800000,0.3099,0.311,0.3084,0.3108,326318.2,101132.14232
1786478400000,0.3108,0.3134,0.3105,0.3128,527286.4,164695.9859
1786482000000,0.3128,0.3129,0.3113,0.3118,436915.3,136314.21054
1786485600000,0.3118,0.3128,0.3105,0.3115,266461.6,82946.95217
1786489200000,0.3115,0.3136,0.3111,0.3134,268631.9,83929.04078
1786492800000,0.3134,0.314,0.3114,0.3115,538203.7,168493.40854
1786496400000,0.3115,0.3145,0.3114,0.3135,423053.7,132468.17059
1786500000000,0.3135,0.3136,0.3119,0.3126,260310.6,81416.38677
1786503600000,0.3126,0.3131,0.3108,0.3112,258554.9,80652.17956
1786507200000,0.3112,0.3114,0.3084,0.3096,573487.4,177628.13221
1786510800000,0.3096,0.3097,0.3083,0.3084,249194.6,76970.49459
1786514400000,0.3084,0.3084,0.3062,0.3069,799432.4,245585.77699
1786518000000,0.3069,0.3076,0.3045,0.3063,671247.6,205069.16473
1786521600000,0.3063,0.307,0.3048,0.305,504402.8,154243.98451
1786525200000,0.305,0.3085,0.3046,0.3073,605166.0,185920.7744
1786528800000,0.3073,0.309,0.3073,0.3082,351215.1,108289.53522
1786532400000,0.3082,0.3096,0.3076,0.3094,273617.9,84334.00913
1786536000000,0.3094,0.3106,0.3065,0.3093,938290.2,289707.60273
1786539600000,0.3093,0.3114,0.3075,0.311,1018276.6,314700.21929
1786543200000,0.311,0.3112,0.3059,0.3064,1170358.4,359835.08926
1786546800000,0.3064,0.3091,0.3058,0.3078,431850.1,133013.82586
1786550400000,0.3078,0.3078,0.3046,0.3061,572832.5,175648.40234
1786554000000,0.3061,0.3083,0.3054,0.3072,386950.2,118684.74834
1786557600000,0.3072,0.3081,0.3065,0.3069,203069.2,62409.37996
1786561200000,0.3069,0.307,0.3037,0.3048,742086.6,226060.7944
1786564800000,0.3048,0.3066,0.3047,0.3051,528239.8,161704.40219
1786568400000,0.3051,0.3056,0.2981,0.2997,2318440.7,698304.87288
1786572000000,0.2997,0.3017,0.297,0.3017,1125794.2,337331.06452
1786575600000,0.3017,0.3038,0.3009,0.3035,559452.3,169281.97559
1786579200000,0.3035,0.3074,0.3032,0.3055,726949.9,222606.33908
1786582800000,0.3055,0.3071,0.3048,0.3057,459541.5,140569.70733
1786586400000,0.3057,0.307,0.3039,0.3068,464520.4,141755.86251
1786590000000,0.3068,0.3078,0.3062,0.3072,314178.9,96501.29179
1786593600000,0.3072,0.3077,0.3059,0.306,200467.3,61534.6768
1786597200000,0.306,0.3077,0.3055,0.3068,233198.6,71549.83974
1786600800000,0.3068,0.3084,0.3066,0.3084,271676.8,83601.28715
1786604400000,0.3084,0.3118,0.3082,0.3092,752762.2,233453.83059
1786608000000,0.3092,0.3112,0.3087,0.3097,473534.8,146541.08206
1786611600000,0.3097,0.3131,0.3087,0.3126,533024.1,165989.64975
1786615200000,0.3126,0.313,0.3098,0.3099,599842.1,186639.57095
1786618800000,0.3099,0.31,0.3077,0.3079,355507.9,109771.05607
1786622400000,0.3079,0.3116,0.307,0.309,2112005.3,652638.17664
1786626000000,0.309,0.3098,0.3081,0.3089,356249.4,110078.42499
1786629600000,0.3089,0.3126,0.3089,0.3126,303389.3,94377.84341
1786633200000,0.3126,0.313,0.3097,0.3099,753835.2,235000.81743
1786636800000,0.3099,0.3104,0.3072,0.3083,957726.1,295459.86605
1786640400000,0.3083,0.3113,0.3082,0.3104,302154.9,93743.7534
1786644000000,0.3104,0.3127,0.3101,0.3112,426469.4,132776.30112
1786647600000,0.3112,0.3128,0.3106,0.3109,355910.2,110914.5462
1786651200000,0.3109,0.3109,0.3089,0.3091,459375.5,142440.23594
1786654800000,0.3091,0.3109,0.3085,0.3098,387940.7,120080.8453
1786658400000,0.3098,0.3112,0.3098,0.3099,240319.7,74624.48886
1786662000000,0.3099,0.3109,0.3092,0.3106,180181.6,55826.38746
1786665600000,0.3106,0.3118,0.3102,0.3117,139294.4,43330.83857
1786669200000,0.3117,0.3136,0.3114,0.3118,480962.8,150368.1903
1786672800000,0.3118,0.314,0.311,0.3114,447691.7,139756.60873
1786676400000,0.3114,0.3115,0.3089,0.3091,692813.0,214891.23487
1786680000000,0.3091,0.3103,0.3086,0.3088,123275.6,38140.31701
1786683600000,0.3088,0.31,0.3082,0.3094,230196.1,71159.30658
1786687200000,0.3094,0.3094,0.3067,0.307,527815.8,162551.02752
1786690800000,0.307,0.3081,0.3055,0.3061,839372.8,257704.51436
1786694400000,0.3061,0.3079,0.3057,0.3067,587961.8,180259.31569
1786698000000,0.3067,0.3067,0.3038,0.3049,543083.0,165700.81928
1786701600000,0.3049,0.3067,0.3042,0.3044,382023.6,116808.92998
1786705200000,0.3044,0.3049,0.3019,0.3025,842283.4,255455.06015
1786708800000,0.3025,0.3034,0.3015,0.3034,408559.5,123533.3065
1786712400000,0.3034,0.3043,0.3029,0.3041,344164.7,104502.92554
1786716000000,0.3041,0.3041,0.3014,0.3017,388394.1,117783.53145
1786719600000,0.3017,0.304,0.3002,0.3036,657124.3,198351.51243
1786723200000,0.3036,0.3049,0.3028,0.3034,734834.6,223234.19776
1786726800000,0.3034,0.3048,0.3027,0.3039,166788.4,50679.05191
1786730400000,0.3039,0.3044,0.3023,0.3023,150425.4,45682.46335
1786734000000,0.3023,0.3033,0.3016,0.303,151363.2,45760.70694
1786737600000,0.303,0.3041,0.3023,0.3026,374516.5,113570.83264
1786741200000,0.3026,0.3032,0.3013,0.3027,245106.7,74139.57599
1786744800000,0.3027,0.3032,0.3012,0.3026,191185.1,57786.25569
1786748400000,0.3026,0.3082,0.3026,0.308,436527.1,133585.97413
1786752000000,0.308,0.3109,0.3073,0.3076,1019058.0,314849.16008
1786755600000,0.3076,0.3082,0.307,0.3075,460322.9,141564.48274
1786759200000,0.3075,0.3107,0.3065,0.3103,1024112.7,315828.59582
1786762800000,0.3103,0.3129,0.3098,0.3108,1230573.7,382890.73257
1786766400000,0.3108,0.3113,0.309,0.309,465266.4,144145.59155
1786770000000,0.309,0.3093,0.3084,0.3087,173825.3,53678.92323
1786773600000,0.3087,0.3092,0.3082,0.309,224160.7,69199.54547
1786777200000,0.309,0.3091,0.3068,0.3072,222302.2,68385.44408
1786780800000,0.3072,0.3085,0.3068,0.308,150297.5,46211.25201
1786784400000,0.308,0.3092,0.3077,0.309,109257.4,33733.63109
1786788000000,0.309,0.3091,0.3066,0.307,277999.5,85577.08771
1786791600000,0.307,0.307,0.3057,0.306,304191.0,93203.00498
1786795200000,0.306,0.3062,0.3046,0.3054,183701.9,56087.4343
1786798800000,0.3054,0.3056,0.3042,0.3046,159735.5,48692.45758
1786802400000,0.3046,0.3049,0.3025,0.3039,405683.5,123155.96192
1786806000000,0.3039,0.3055,0.3034,0.3052,394724.4,120200.51982
1786809600000,0.3052,0.3052,0.3045,0.3047,153081.8,46653.87629
1786813200000,0.3047,0.3054,0.3037,0.304,285902.4,87068.03331
1786816800000,0.304,0.3041,0.3029,0.3035,153400.4,46558.4117
1786820400000,0.3035,0.3039,0.303,0.3037,209876.4,63669.92519
1786824000000,0.3037,0.3044,0.3032,0.3037,244295.2,74194.57693
1786827600000,0.3037,0.3056,0.3037,0.304,408846.6,124618.75893
1786831200000,0.304,0.3045,0.303,0.3039,479000.3,145419.9963
1786834800000,0.3039,0.304,0.3003,0.3009,914122.7,275788.2769
1786838400000,0.3009,0.3018,0.3003,0.3011,632150.8,190241.01878
1786842000000,0.3011,0.3011,0.2987,0.2998,741199.6,222202.3261
1786845600000,0.2998,0.3004,0.2979,0.2997,485897.1,145229.93225
1786849200000,0.2997,0.3005,0.2991,0.2993,230413.8,69079.45006
1786852800000,0.2993,0.3004,0.2985,0.3004,457638.3,136959.51693
1786856400000,0.3004,0.3008,0.2995,0.2999,197333.0,59261.24885
1786860000000,0.2999,0.3006,0.2992,0.3,159438.6,47804.28797
1786863600000,0.3,0.3023,0.2994,0.3017,523113.4,157686.10795
1786867200000,0.3017,0.3017,0.3007,0.3011,295546.8,89020.56621
1786870800000,0.3011,0.3014,0.3004,0.3012,282468.4,85009.96719
1786874400000,0.3012,0.3019,0.3003,0.3005,549261.0,165455.29667
1786878000000,0.3005,0.3039,0.3003,0.3029,594809.9,180100.00769
1786881600000,0.3029,0.3034,0.3016,0.3031,730781.9,221156.2655
1786885200000,0.3031,0.3038,0.302,0.3036,619997.9,187629.95402
1786888800000,0.3036,0.3069,0.3033,0.3067,1137743.4,347668.24512
1786892400000,0.3067,0.311,0.3049,0.3107,2537445.0,780821.46194
1786896000000,0.3107,0.3116,0.3085,0.3098,932385.3,289124.94512
1786899600000,0.3098,0.3101,0.3077,0.3077,362756.4,112084.20263
1786903200000,0.3077,0.308,0.3059,0.3061,314771.2,96578.45115
1786906800000,0.3061,0.3071,0.3059,0.3067,186002.0,57028.08502
1786910400000,0.3067,0.307,0.304,0.3041,831780.1,253895.5834
1786914000000,0.3041,0.3046,0.2986,0.2986,1365715.4,411960.3794
1786917600000,0.2986,0.2998,0.2946,0.2997,1591767.5,473765.44775
1786921200000,0.2997,0.3012,0.2996,0.3007,323467.7,97159.10956
1786924800000,0.3007,0.3011,0.2992,0.3006,297609.8,89383.12701
1786928400000,0.3006,0.3031,0.3004,0.3016,523849.0,158243.54498
1786932000000,0.3016,0.303,0.3005,0.3025,643241.4,193937.12552
1786935600000,0.3025,0.3028,0.3008,0.3013,208582.6,62908.79572
1786939200000,0.3013,0.3034,0.3011,0.3026,557098.8,168574.61809
1786942800000,0.3026,0.3029,0.3017,0.3019,252874.7,76415.5249
1786946400000,0.3019,0.305,0.3014,0.304,853407.3,258786.83364
1786950000000,0.304,0.304,0.3013,0.3019,388052.5,117309.32596
1786953600000,0.3019,0.3019,0.3003,0.3004,637065.6,191847.77759
1786957200000,0.3004,0.301,0.2997,0.301,246428.4,74026.02173
1786960800000,0.301,0.3012,0.2992,0.3012,343829.9,103206.47407
1786964400000,0.3012,0.3022,0.3008,0.3008,199899.8,60318.47238
1786968000000,0.3008,0.3015,0.2988,0.2994,573017.1,171944.88595
1786971600000,0.2994,0.3018,0.2984,0.3009,614523.3,184623.92805
1786975200000,0.3009,0.3017,0.2996,0.3014,265614.5,79795.25625
1786978800000,0.3014,0.3014,0.2997,0.3014,533474.4,160448.78463
1786982400000,0.3014,0.3024,0.3007,0.3007,565308.0,170530.19801
1786986000000,0.3007,0.3021,0.3001,0.3007,152481.4,45887.44175
1786989600000,0.3007,0.3023,0.3006,0.3015,175904.3,53043.76104
1786993200000,0.3015,0.3025,0.3009,0.3024,132388.8,39929.75624
1786996800000,0.3024,0.3051,0.3022,0.3032,794792.8,241537.86201
1787000400000,0.3032,0.3046,0.3023,0.3039,282526.2,85699.37027
1787004000000,0.3039,0.3047,0.3018,0.3021,292093.9,88510.73587
1787007600000,0.3021,0.3045,0.3019,0.3027,557354.7,168991.73099
1787011200000,0.3027,0.3036,0.3013,0.3034,1091663.5,329685.25504
1787014800000,0.3034,0.3036,0.2994,0.3002,399721.6,120353.32357
1787018400000,0.3002,0.3005,0.293,0.2941,2476187.4,735556.32774
1787022000000,0.2941,0.2948,0.2925,0.2944,720849.5,211703.70323
1787025600000,0.2944,0.2968,0.2934,0.2966,690602.0,203772.46476
1787029200000,0.2966,0.2979,0.2955,0.2964,326272.7,96826.11688
1787032800000,0.2964,0.3007,0.2959,0.2992,1098338.7,328359.23579
1787036400000,0.2992,0.3016,0.2987,0.2994,897396.6,269610.12644
1787040000000,0.2994,0.3009,0.2981,0.2993,433054.5,129730.38724
1787043600000,0.2993,0.3004,0.2987,0.2994,318094.4,95285.30059
1787047200000,0.2994,0.3001,0.299,0.2997,151127.6,45290.18181
1787050800000,0.2997,0.3015,0.2997,0.3002,146698.0,44096.25159
1787054400000,0.3002,0.3016,0.2998,0.3003,370328.3,111404.08782
1787058000000,0.3003,0.3011,0.2996,0.3001,92344.2,27742.59833
1787061600000,0.3001,0.3038,0.2996,0.3004,717227.1,216491.73478
1787065200000,0.3004,0.3025,0.3,0.3024,928596.1,279716.76398
1787068800000,0.3024,0.3031,0.3004,0.3005,418965.1,126528.67339
1787072400000,0.3005,0.3011,0.2996,0.2996,496653.8,149125.64582
1787076000000,0.2996,0.3008,0.2993,0.3003,133228.7,40001.82553
1787079600000,0.3003,0.3007,0.299,0.2991,103318.0,30951.77725
1787083200000,0.2991,0.3,0.2979,0.2984,503731.1,150653.38531
1787086800000,0.2984,0.3007,0.2983,0.2987,487121.6,146039.36662
1787090400000,0.2987,0.2999,0.298,0.2983,254473.1,76055.64186
1787094000000,0.2983,0.3,0.2982,0.2989,737608.7,220684.2055
1787097600000,0.2989,0.299,0.2976,0.2987,243782.3,72728.93617
1787101200000,0.2987,0.3016,0.2983,0.2999,599259.0,180060.88858
1787104800000,0.2999,0.3009,0.299,0.2992,312834.9,93839.82273
1787108400000,0.2992,0.3016,0.299,0.3009,341561.9,102606.16768
1787112000000,0.3009,0.3011,0.2973,0.2974,827728.7,247522.68541
1787115600000,0.2974,0.2985,0.2968,0.2978,310059.8,92310.81511
1787119200000,0.2978,0.2994,0.2967,0.2994,263472.2,78520.30966
1787122800000,0.2994,0.3008,0.2988,0.3008,489725.1,146809.16998
1787126400000,0.3008,0.3033,0.3007,0.3028,1042146.2,314923.51551
1787130000000,0.3028,0.3033,0.3018,0.303,759770.0,229917.04957
1787133600000,0.303,0.3057,0.3026,0.3055,1044007.5,317779.96804
1787137200000,0.3055,0.3066,0.3047,0.3062,432886.6,132273.19198
1787140800000,0.3062,0.3082,0.3059,0.3064,712611.7,219015.65211
1787144400000,0.3064,0.3067,0.3043,0.3046,666904.7,203517.39066
1787148000000,0.3046,0.3083,0.3039,0.3077,526981.3,161395.32858
1787151600000,0.3077,0.3177,0.3067,0.3115,5019008.8,1570693.28896
1787155200000,0.3115,0.3145,0.3113,0.3124,811075.1,253614.69542
1787158800000,0.3124,0.3142,0.3107,0.3139,1108759.7,346229.35781
1787162400000,0.3139,0.3151,0.3121,0.3146,539752.5,169186.28933
1787166000000,0.3146,0.3232,0.3142,0.3212,1879632.7,600483.35776
1787169600000,0.3212,0.3265,0.3203,0.3254,2800845.6,906074.82433
1787173200000,0.3254,0.3362,0.3241,0.3356,2378354.7,785421.65244
1787176800000,0.3356,0.3374,0.3223,0.3241,5565096.1,1817200.11096
1787180400000,0.3241,0.3265,0.3232,0.3236,949154.2,308202.22717
1787184000000,0.3236,0.3258,0.3233,0.3236,710303.4,230375.7311
1787187600000,0.3236,0.3259,0.3208,0.3255,693668.4,224088.36664
1787191200000,0.3255,0.3258,0.3232,0.3236,378279.2,122691.32891
1787194800000,0.3236,0.3236,0.3205,0.3206,793358.3,255121.07761
1787198400000,0.3206,0.3229,0.3206,0.3226,260896.1,83999.99257
1787202000000,0.3226,0.3232,0.3208,0.3208,397230.4,128064.00424
1787205600000,0.3208,0.3238,0.32,0.3238,669356.6,215377.32865
1787209200000,0.3238,0.3241,0.3218,0.3237,497240.9,160711.3904
1787212800000,0.3237,0.3337,0.3236,0.333,1796200.7,592019.94342
1787216400000,0.333,0.3333,0.329,0.3297,1027978.3,340469.10524
1787220000000,0.3297,0.3341,0.3295,0.3316,830839.9,276259.76512
1787223600000,0.3316,0.3353,0.3309,0.3326,781801.7,260332.1965
1787227200000,0.3326,0.3331,0.3282,0.3312,2170004.3,718617.60887
1787230800000,0.3312,0.3365,0.3289,0.3351,1207973.5,402071.51973
1787234400000,0.3351,0.3373,0.331,0.3367,970989.5,324690.85864
1787238000000,0.3367,0.3399,0.3345,0.3396,1787397.2,603725.81362
1787241600000,0.3396,0.3418,0.3366,0.3415,1424620.3,484121.5823
1787245200000,0.3415,0.3443,0.3393,0.3394,1001136.6,342602.70744
1787248800000,0.3394,0.3411,0.3335,0.3354,1318269.9,444431.99874
1787252400000,0.3354,0.3369,0.3346,0.3353,359305.7,120602.47863
1787256000000,0.3353,0.3404,0.3353,0.3401,751709.4,254714.40121
1787259600000,0.3401,0.3436,0.3399,0.3434,867378.1,297012.1713
1787263200000,0.3434,0.344,0.3413,0.3422,348414.7,119264.89642
1787266800000,0.3422,0.3459,0.3422,0.344,446120.0,153739.97303
1787270400000,0.344,0.3456,0.3407,0.3421,434810.6,148991.85943
1787274000000,0.3421,0.3441,0.3397,0.3419,615238.9,210345.34986
1787277600000,0.3419,0.3447,0.3414,0.3429,360112.5,123477.84415
1787281200000,0.3429,0.3451,0.3405,0.3425,725309.9,248813.57142
1787284800000,0.3425,0.3471,0.3419,0.3462,803875.9,277175.62409
1787288400000,0.3462,0.3464,0.3432,0.3464,560365.1,193335.3447
1787292000000,0.3464,0.3495,0.3458,0.349,1388680.5,482663.74231
1787295600000,0.349,0.3574,0.3481,0.3573,2836636.1,1000482.99541
1787299200000,0.3573,0.3646,0.3546,0.3639,2323906.4,833919.36214
1787302800000,0.3639,0.3677,0.3514,0.3659,3694242.0,1324126.20285
1787306400000,0.3659,0.3702,0.3646,0.3685,1850519.9,681062.3558
1787310000000,0.3685,0.3754,0.3658,0.3721,2409154.7,893917.3647
1787313600000,0.3721,0.3792,0.37,0.3775,1513511.8,568974.6328
1787317200000,0.3775,0.3802,0.3695,0.38,2259175.6,848030.16205
1787320800000,0.38,0.3915,0.3761,0.3906,2131745.4,816572.26475
1787324400000,0.3906,0.3939,0.3842,0.3879,2205598.1,858890.89221
1787328000000,0.3879,0.3964,0.3879,0.3914,1827466.0,718345.61565
1787331600000,0.3914,0.3917,0.3815,0.3878,1439335.9,557279.69965
1787335200000,0.3878,0.3897,0.3788,0.3792,1162402.2,445404.28854
1787338800000,0.3792,0.3841,0.375,0.3822,1068935.3,405363.87917
1787342400000,0.3822,0.389,0.3814,0.3882,959130.6,369997.16998
1787346000000,0.3882,0.393,0.3881,0.3922,1176881.4,459439.77815
1787349600000,0.3922,0.3999,0.3919,0.3981,1220136.7,484275.50541
1787353200000,0.3981,0.399,0.3915,0.3946,649766.0,256914.89961
1787356800000,0.3946,0.4021,0.3905,0.4014,796660.3,316385.91913
1787360400000,0.4014,0.4059,0.4006,0.4035,1152854.6,465404.54528
1787364000000,0.4035,0.4182,0.4033,0.4178,1314354.0,540654.96128
1787367600000,0.4178,0.4199,0.4142,0.4165,1146827.1,479138.76084
1787371200000,0.4165,0.4231,0.4139,0.422,1520377.0,636962.66264
1787374800000,0.422,0.4235,0.3315,0.3868,11906272.3,4465001.87103
1787378400000,0.3868,0.3887,0.3778,0.3869,829967.9,318524.57185
1787382000000,0.3869,0.3918,0.3855,0.3909,783386.5,305119.34268
1787385600000,0.3909,0.3962,0.3844,0.3874,1427378.5,555735.10479
1787389200000,0.3874,0.3912,0.3815,0.3837,815850.9,314450.0651
1787392800000,0.3837,0.3842,0.3712,0.3822,2301124.6,867905.67426
1787396400000,0.3822,0.3853,0.3789,0.3844,703637.4,269508.93926
1787400000000,0.3844,0.3886,0.3831,0.3836,798983.6,308037.60959
1787403600000,0.3836,0.3854,0.3813,0.3845,583620.5,223790.67487
1787407200000,0.3845,0.385,0.3761,0.3794,1376727.4,523255.5125
1787410800000,0.3794,0.3815,0.3745,0.3752,910972.2,343501.06504
1787414400000,0.3752,0.3825,0.3744,0.3809,830450.1,314353.04593
1787418000000,0.3809,0.3866,0.3781,0.3835,1150632.4,439888.50568
1787421600000,0.3835,0.3839,0.3784,0.3811,373794.0,142478.61051
1787425200000,0.3811,0.3839,0.3801,0.3802,453224.5,173053.87372
1787428800000,0.3802,0.3818,0.3764,0.3771,879177.2,333270.88627
1787432400000,0.3771,0.3777,0.3671,0.3693,1910532.2,711262.67228
1787436000000,0.3693,0.3762,0.3669,0.3744,648592.3,241525.54203
1787439600000,0.3744,0.3788,0.372,0.3768,1864945.2,698320.6098
1787443200000,0.3768,0.384,0.3763,0.3818,1015059.8,386468.41568
1787446800000,0.3818,0.3819,0.3742,0.375,565651.1,213639.04443
1787450400000,0.375,0.3751,0.3688,0.3697,872169.0,324020.55822
1787454000000,0.3697,0.3703,0.3611,0.3629,1103954.3,403050.28631
1787457600000,0.3629,0.3665,0.3576,0.3584,860288.8,311260.69555
1787461200000,0.3584,0.3641,0.356,0.3581,643606.3,231854.07295
1787464800000,0.3581,0.3631,0.3577,0.3611,308555.7,111348.03381
1787468400000,0.3611,0.3659,0.3611,0.3649,246257.2,89762.3683
1787472000000,0.3649,0.3689,0.3639,0.3682,458844.6,168262.1722
1787475600000,0.3682,0.372,0.3676,0.3711,653231.4,241420.73299
1787479200000,0.3711,0.3746,0.37,0.3739,540884.5,201542.86214
1787482800000,0.3739,0.3808,0.3736,0.3779,963494.5,364239.39901
1787486400000,0.3779,0.379,0.3735,0.3789,743268.8,280184.27613
1787490000000,0.3789,0.3849,0.3772,0.3839,1018764.4,389073.7639
1787493600000,0.3839,0.3878,0.3721,0.3836,1924065.2,730336.98138
1787497200000,0.3836,0.3912,0.3819,0.3857,1442524.1,557492.37433
1787500800000,0.3857,0.387,0.3819,0.3856,1070767.1,411876.38935
1787504400000,0.3856,0.3874,0.3825,0.3828,704690.5,271189.65816
1787508000000,0.3828,0.386,0.3824,0.3835,576404.1,221304.17387
1787511600000,0.3835,0.3839,0.3782,0.3792,675080.5,256797.45984
1787515200000,0.3792,0.3812,0.3776,0.3794,525061.6,199341.29356
1787518800000,0.3794,0.3869,0.3794,0.3826,714470.5,274419.04723
1787522400000,0.3826,0.3838,0.3792,0.3815,801339.6,305730.5262
1787526000000,0.3815,0.3832,0.3786,0.3803,391036.9,148886.79177
1787529600000,0.3803,0.3806,0.3712,0.3769,1295737.0,487189.38153
1787533200000,0.3769,0.3777,0.3697,0.3702,559071.1,209113.96053
1787536800000,0.3702,0.3754,0.3692,0.3732,540197.5,200849.03086
1787540400000,0.3732,0.3742,0.3676,0.3696,644445.7,238631.44469
1787544000000,0.3696,0.3762,0.3687,0.3737,552606.9,205616.55265
1787547600000,0.3737,0.3775,0.3715,0.3744,391205.4,146469.02816
1787551200000,0.3744,0.375,0.3701,0.3723,392296.4,146303.24877
1787554800000,0.3723,0.3747,0.3703,0.372,433688.5,161514.9588
1787558400000,0.372,0.3725,0.3672,0.3694,578440.1,213712.98366
1787562000000,0.3694,0.3738,0.3687,0.3722,380182.2,141468.32334
1787565600000,0.3722,0.3752,0.3702,0.3709,709715.4,264716.08168
1787569200000,0.3709,0.3772,0.3674,0.3756,767839.7,285579.53201
1787572800000,0.3756,0.3786,0.3703,0.3778,1114506.3,417294.87596
1787576400000,0.3778,0.3801,0.3639,0.3685,3537115.1,1311802.14277
1787580000000,0.3685,0.3778,0.3678,0.3752,1578204.0,587947.67686
1787583600000,0.3752,0.3801,0.3716,0.373,1411858.9,531357.5076
1787587200000,0.373,0.38,0.3715,0.373,883980.6,332566.66265
1787590800000,0.373,0.3735,0.3653,0.3693,1485701.7,547876.97421
1787594400000,0.3693,0.3721,0.3671,0.3683,324851.8,120303.54953
1787598000000,0.3683,0.3689,0.3648,0.3674,452915.6,166240.63614
1787601600000,0.3674,0.3718,0.3658,0.3716,370248.5,136724.68402
1787605200000,0.3716,0.3743,0.3708,0.3731,525635.6,195804.1897
1787608800000,0.3731,0.3736,0.3686,0.3694,251899.2,93281.62689
1787612400000,0.3694,0.3723,0.3668,0.3715,566354.9,209131.29747
1787616000000,0.3715,0.379,0.3689,0.3782,1266655.7,472901.60849
1787619600000,0.3782,0.3795,0.3745,0.3761,719122.1,270784.71237
1787623200000,0.3761,0.3835,0.3746,0.3807,1508788.7,573778.61552
1787626800000,0.3807,0.3826,0.3766,0.3782,993604.4,377776.45306
1787630400000,0.3782,0.3814,0.3771,0.3803,538287.5,204235.07722
1787634000000,0.3803,0.3856,0.3791,0.3799,1421761.0,544854.2752
1787637600000,0.3799,0.3806,0.3743,0.3752,544244.5,205330.58102
1787641200000,0.3752,0.3789,0.3682,0.3713,843830.8,315003.25511
1787644800000,0.3713,0.3759,0.3709,0.3724,462122.7,172681.7024
1787648400000,0.3724,0.3751,0.3684,0.3704,859175.2,319009.00468
1787652000000,0.3704,0.3726,0.3686,0.3703,439167.6,162938.66869
1787655600000,0.3703,0.3716,0.3673,0.3679,388396.0,143385.67467
1787659200000,0.3679,0.3681,0.3623,0.3665,1569936.5,572878.09801
1787662800000,0.3665,0.3672,0.358,0.3633,1682034.8,609488.84496
1787666400000,0.3633,0.3676,0.362,0.3647,790094.9,288273.28044
1787670000000,0.3647,0.3669,0.3618,0.3658,1170903.8,426971.08628
1787673600000,0.3658,0.371,0.3636,0.3678,1223466.9,449853.07919
1787677200000,0.3678,0.369,0.3648,0.3671,594843.4,218123.60978
1787680800000,0.3671,0.3682,0.3649,0.3655,222071.5,81488.68168
1787684400000,0.3655,0.3662,0.3613,0.3621,274642.8,99866.1281
1787688000000,0.3621,0.3626,0.3533,0.3542,1218873.3,434757.37955
1787691600000,0.3542,0.356,0.3385,0.3502,4589857.8,1584310.38648
1787695200000,0.3502,0.3545,0.3502,0.3539,314452.9,111041.71654
1787698800000,0.3539,0.355,0.3486,0.3501,421531.0,147974.89061
1787702400000,0.3501,0.3525,0.3474,0.3517,492901.2,172376.74022
1787706000000,0.3517,0.3541,0.3514,0.3528,278361.0,98218.22515
1787709600000,0.3528,0.3564,0.3516,0.3554,154725.6,54791.34
1787713200000,0.3554,0.3559,0.3522,0.3527,86525.2,30640.95737
1787716800000,0.3527,0.3586,0.352,0.3529,964580.2,342450.91374
1787720400000,0.3529,0.355,0.3504,0.3528,343056.2,120933.20225
1787724000000,0.3528,0.3542,0.3515,0.3528,186249.0,65687.48917
1787727600000,0.3528,0.3546,0.352,0.3523,218630.6,77181.4138
1787731200000,0.3523,0.3544,0.3506,0.3525,525461.1,184967.38737
1787734800000,0.3525,0.3532,0.3457,0.3479,469146.4,163550.14255
1787738400000,0.3479,0.3545,0.3465,0.3534,691528.4,243238.81515
1787742000000,0.3534,0.3546,0.3492,0.3506,486856.2,171424.79129
1787745600000,0.3506,0.3554,0.3483,0.3539,716266.8,251994.40471
1787749200000,0.3539,0.3545,0.3503,0.352,662642.6,233480.49083
1787752800000,0.352,0.3533,0.3438,0.3451,911251.9,316621.65316
1787756400000,0.3451,0.3481,0.3424,0.3459,1340014.2,462527.02998
1787760000000,0.3459,0.3475,0.3431,0.3446,1671231.7,577326.76163
1787763600000,0.3446,0.3523,0.3442,0.3474,940347.3,328031.68666
1787767200000,0.3474,0.3488,0.3456,0.3484,406594.1,141041.1782
1787770800000,0.3484,0.35,0.3464,0.3464,185419.4,64502.66842
1787774400000,0.3464,0.347,0.3429,0.3465,262617.1,90578.46264
1787778000000,0.3465,0.3534,0.3464,0.3526,455509.3,159783.66663
1787781600000,0.3526,0.3562,0.352,0.3529,1020952.5,361532.36143
1787785200000,0.3529,0.3598,0.3525,0.3591,1092713.9,389754.3351
1787788800000,0.3591,0.3592,0.3544,0.3546,1066843.9,381175.36359
1787792400000,0.3546,0.3572,0.353,0.3551,254321.4,90337.70204
1787796000000,0.3551,0.3564,0.3512,0.3514,958479.6,339755.60777
1787799600000,0.3514,0.3542,0.3511,0.3518,329029.6,115923.39025
1787803200000,0.3518,0.3535,0.3491,0.3504,622698.1,218451.55472
1787806800000,0.3504,0.3512,0.3481,0.3505,272505.1,95248.49861
1787810400000,0.3505,0.3531,0.3485,0.3525,578676.7,202790.63643
1787814000000,0.3525,0.3535,0.3512,0.353,228057.3,80295.01283
1787817600000,0.353,0.3593,0.3526,0.3579,707808.5,252666.23058
1787821200000,0.3579,0.3605,0.3535,0.3545,763938.3,272705.6859
1787824800000,0.3545,0.3563,0.3493,0.3525,1097513.1,386744.00702
1787828400000,0.3525,0.3548,0.3508,0.353,244454.6,86288.26148
1787832000000,0.353,0.3542,0.3514,0.353,222765.8,78608.71274
1787835600000,0.353,0.3576,0.352,0.3572,600040.8,212926.42102
1787839200000,0.3572,0.3619,0.3543,0.3577,1216109.2,435300.83938
1787842800000,0.3577,0.3603,0.3561,0.3598,959889.2,343539.80447
1787846400000,0.3598,0.3625,0.3555,0.3589,1006393.5,361772.22163
1787850000000,0.3589,0.3658,0.358,0.3609,1200842.8,435804.9868
1787853600000,0.3609,0.3636,0.3568,0.3605,1785008.8,643822.60841
1787857200000,0.3605,0.3613,0.3576,0.358,263045.7,94544.93362
1787860800000,0.358,0.3596,0.3558,0.359,223837.8,80021.85876
1787864400000,0.359,0.36,0.3549,0.3572,409058.8,146097.24606
1787868000000,0.3572,0.3592,0.357,0.357,193473.8,69268.28273
1787871600000,0.357,0.3587,0.3565,0.3566,328656.9,117611.74072
1787875200000,0.3566,0.361,0.3554,0.36,429232.5,154141.91371
1787878800000,0.36,0.3665,0.3586,0.359,552467.9,200514.43576
1787882400000,0.359,0.359,0.3475,0.3498,1773707.1,621037.03048
1787886000000,0.3498,0.3513,0.3475,0.3496,429849.4,150384.26397
1787889600000,0.3496,0.3511,0.3452,0.3497,821976.6,285909.52662
1787893200000,0.3497,0.3515,0.348,0.3501,226034.8,79103.45455
1787896800000,0.3501,0.3575,0.3501,0.3556,852793.5,302151.77688
1787900400000,0.3556,0.3558,0.3523,0.3529,177984.6,62888.74254
1787904000000,0.3529,0.3546,0.349,0.3504,494027.1,173748.56819
1787907600000,0.3504,0.3535,0.3498,0.3504,429650.5,151119.52804
1787911200000,0.3504,0.3544,0.3463,0.3538,805427.6,281518.54999
1787914800000,0.3538,0.3551,0.3504,0.3512,641540.9,226482.61461
1787918400000,0.3512,0.3531,0.3509,0.3522,409635.6,144246.04472
1787922000000,0.3522,0.3538,0.3475,0.3511,1278248.5,448205.43548
1787925600000,0.3511,0.3566,0.3439,0.3543,2363888.9,826945.69163
1787929200000,0.3543,0.3558,0.3446,0.3449,1624132.7,569214.23424
1787932800000,0.3449,0.3455,0.3344,0.3416,3920394.9,1334048.11468
1787936400000,0.3416,0.3438,0.341,0.3423,208971.6,71554.4095
1787940000000,0.3423,0.3423,0.3361,0.3389,637358.9,215918.95068
1787943600000,0.3389,0.3416,0.3389,0.3401,354746.2,120769.89253
1787947200000,0.3401,0.3417,0.3391,0.3401,446186.8,151849.35477
1787950800000,0.3401,0.3413,0.337,0.3377,753393.7,255713.48422
1787954400000,0.3377,0.3413,0.3377,0.3409,197843.6,67219.40699
1787958000000,0.3409,0.3417,0.3405,0.3412,86066.1,29348.96518
1787961600000,0.3412,0.343,0.3409,0.3409,151277.1,51711.09863
1787965200000,0.3409,0.3423,0.3393,0.3395,577955.2,196697.95142
1787968800000,0.3395,0.3415,0.3393,0.341,499231.5,169900.66645
1787972400000,0.341,0.3413,0.3391,0.3393,144076.3,48973.89945
1787976000000,0.3393,0.3412,0.3393,0.3406,104914.5,35680.76404
1787979600000,0.3406,0.3441,0.3406,0.3424,672599.6,230516.05703
1787983200000,0.3424,0.3426,0.3391,0.3405,495281.3,168853.4075
1787986800000,0.3405,0.3411,0.3394,0.3397,135521.4,46125.77467
1787990400000,0.3397,0.3401,0.3366,0.3367,875207.3,296168.32106
1787994000000,0.3367,0.3385,0.3367,0.3376,343507.6,115976.48489
1787997600000,0.3376,0.3387,0.3351,0.3375,727714.8,245210.63144
1788001200000,0.3375,0.3382,0.3348,0.3363,523406.5,176166.13574
1788004800000,0.3363,0.3391,0.336,0.3376,633834.3,214041.23146
1788008400000,0.3376,0.3384,0.3362,0.3376,159872.3,53930.02903
1788012000000,0.3376,0.343,0.3376,0.3412,647675.1,220463.17165
1788015600000,0.3412,0.3412,0.338,0.3389,595699.9,202377.76675
1788019200000,0.3389,0.3414,0.3387,0.3397,423448.4,144092.11077
1788022800000,0.3397,0.3404,0.3361,0.3382,891405.8,300910.71449
1788026400000,0.3382,0.3398,0.3374,0.3388,232944.5,78810.24213
1788030000000,0.3388,0.34,0.3379,0.3385,198819.8,67379.03025
1788033600000,0.3385,0.3397,0.3384,0.3389,134623.0,45640.09709
1788037200000,0.3389,0.3392,0.3373,0.3377,740569.2,250412.20865
1788040800000,0.3377,0.339,0.3371,0.3385,86708.4,29309.55871
1788044400000,0.3385,0.3395,0.3372,0.3378,431705.8,146273.76151
1788048000000,0.3378,0.3391,0.3365,0.3365,96035.1,32412.31846
1788051600000,0.3365,0.3367,0.334,0.3343,749701.7,251082.77504
1788055200000,0.3343,0.3363,0.3343,0.3354,362129.8,121345.05402
1788058800000,0.3354,0.3363,0.3349,0.335,119481.4,40085.97554
1788062400000,0.335,0.3358,0.3309,0.3336,751014.3,249921.79972
1788066000000,0.3336,0.336,0.3335,0.3359,631814.6,211629.09508
1788069600000,0.3359,0.337,0.3348,0.3365,398745.8,134054.74146
1788073200000,0.3365,0.3365,0.3344,0.3346,193221.9,64764.12767
1788076800000,0.3346,0.336,0.3343,0.3356,753440.1,252405.07628
1788080400000,0.3356,0.3379,0.3352,0.3378,678777.2,228419.50015
1788084000000,0.3378,0.3397,0.3369,0.3397,401873.7,136042.13193
1788087600000,0.3397,0.341,0.3377,0.3397,737801.5,250179.40029
1788091200000,0.3397,0.3448,0.3388,0.3437,2014981.2,688955.62577
1788094800000,0.3437,0.3441,0.342,0.3429,561880.9,192662.63924
1788098400000,0.3429,0.3429,0.3399,0.3405,851386.1,290663.07341
1788102000000,0.3405,0.3407,0.3377,0.3396,1095774.3,371488.74741
1788105600000,0.3396,0.3441,0.3387,0.3439,1134532.5,387726.69218
1788109200000,0.3439,0.345,0.3409,0.3427,749765.0,257520.70096
1788112800000,0.3427,0.3453,0.3411,0.3448,285524.6,98162.81746
1788116400000,0.3448,0.3451,0.3391,0.3403,938490.4,320841.51424
1788120000000,0.3403,0.3422,0.3347,0.3371,1340636.5,453396.04388
1788123600000,0.3371,0.3383,0.3318,0.3377,1392510.5,466010.48935
1788127200000,0.3377,0.3394,0.3319,0.3331,664246.3,222451.72055
1788130800000,0.3331,0.3334,0.3184,0.3242,4260717.4,1388995.2659
1788134400000,0.3242,0.3292,0.3228,0.3277,712369.9,232168.69609
1788138000000,0.3277,0.3284,0.323,0.3235,666004.2,216848.20946
1788141600000,0.3235,0.3266,0.3219,0.3244,1430382.6,462988.79772
1788145200000,0.3244,0.3283,0.3238,0.3276,601684.2,196538.8877
1788148800000,0.3276,0.3278,0.324,0.326,1122727.0,365756.27829
1788152400000,0.326,0.3286,0.3253,0.3264,2010528.2,656840.59403
1788156000000,0.3264,0.3273,0.3255,0.3269,817608.5,266859.44474
1788159600000,0.3269,0.3289,0.3266,0.3275,474322.4,155491.52465
1788163200000,0.3275,0.3297,0.3261,0.3272,448686.7,147099.54972
1788166800000,0.3272,0.3286,0.3266,0.327,306714.6,100448.0701
1788170400000,0.327,0.3297,0.3255,0.3283,936517.5,306227.91831
1788174000000,0.3283,0.3283,0.3251,0.3263,351481.1,114699.17591
1788177600000,0.3263,0.3289,0.3233,0.3248,1203382.5,391537.01288
1788181200000,0.3248,0.3278,0.3229,0.3242,645710.8,209946.80813
1788184800000,0.3242,0.328,0.3235,0.3277,515706.4,167905.57262
1788188400000,0.3277,0.3279,0.324,0.3244,1348933.3,440139.77465
1788192000000,0.3244,0.3267,0.3229,0.3252,465158.7,150956.755
1788195600000,0.3252,0.3321,0.3245,0.3316,1996823.0,655175.2565
1788199200000,0.3316,0.333,0.3284,0.3304,1351586.0,446837.80503
1788202800000,0.3304,0.3319,0.3284,0.3303,791038.2,261418.8473
1788206400000,0.3303,0.337,0.3301,0.3336,1743407.8,581715.96049
1788210000000,0.3336,0.3391,0.3294,0.3355,1828198.4,612215.26566
1788213600000,0.3355,0.3361,0.333,0.3347,745391.5,249379.98085
1788217200000,0.3347,0.3364,0.3334,0.3364,304476.9,101997.1066
1788220800000,0.3364,0.3399,0.3345,0.339,747992.5,252503.24266
1788224400000,0.339,0.3427,0.338,0.3401,1181925.4,402572.99363
1788228000000,0.3401,0.3402,0.3364,0.3374,398749.7,134759.10679
1788231600000,0.3374,0.3405,0.3366,0.3395,344366.6,116656.54222
1788235200000,0.3395,0.3421,0.338,0.3385,405516.9,137797.85721
1788238800000,0.3385,0.3423,0.3384,0.3407,334703.5,113935.29303
1788242400000,0.3407,0.342,0.3389,0.3404,428093.5,145634.85532
1788246000000,0.3404,0.3425,0.3397,0.3407,706197.5,240618.65335
1788249600000,0.3407,0.3411,0.3334,0.3348,1811884.2,609499.64445
1788253200000,0.3348,0.337,0.3332,0.3368,1137391.7,380931.95875
1788256800000,0.3368,0.344,0.3366,0.3438,1193326.6,406794.72352
1788260400000,0.3438,0.3536,0.3409,0.3497,2548738.5,889680.34621
1788264000000,0.3497,0.3516,0.3443,0.3454,2096896.2,730944.43909
1788267600000,0.3454,0.3572,0.3419,0.3568,2731411.6,954456.82971
1788271200000,0.3568,0.3592,0.3496,0.3503,2525951.5,895748.92615
1788274800000,0.3503,0.3503,0.3458,0.3478,1373179.2,477322.53349
1788278400000,0.3478,0.3493,0.3436,0.346,1135482.9,393637.91683
1788282000000,0.346,0.3511,0.3459,0.3467,752572.6,262289.0891
1788285600000,0.3467,0.3478,0.3381,0.3442,2583579.7,882428.67716
1788289200000,0.3442,0.351,0.3436,0.3508,986079.9,343515.46023
1788292800000,0.3508,0.3539,0.3467,0.3497,1667232.8,585102.25049
1788296400000,0.3497,0.353,0.3475,0.3527,631807.8,221564.35883
1788300000000,0.3527,0.353,0.3466,0.3495,1414725.6,493195.26663
1788303600000,0.3495,0.3551,0.3494,0.3546,937247.6,330299.18528
1788307200000,0.3546,0.3577,0.3507,0.3517,1269323.2,449449.9831
1788310800000,0.3517,0.3519,0.3443,0.3455,1157459.5,401791.65857
1788314400000,0.3455,0.3542,0.3445,0.3531,813003.2,284361.65557
1788318000000,0.3531,0.3575,0.3529,0.3566,824971.0,293616.51004
1788321600000,0.3566,0.3605,0.3555,0.3582,1768119.4,632811.54496
1788325200000,0.3582,0.361,0.3547,0.3606,1187698.3,426039.40106
1788328800000,0.3606,0.3617,0.3545,0.3566,1234570.8,442599.78846
1788332400000,0.3566,0.362,0.3564,0.3607,859009.8,309310.55264
1788336000000,0.3607,0.3625,0.358,0.3594,1114900.6,401833.34802
1788339600000,0.3594,0.3605,0.3541,0.3576,1022198.4,365105.98709
1788343200000,0.3576,0.3589,0.3512,0.3534,1668487.5,591559.51954
1788346800000,0.3534,0.3575,0.3493,0.3553,1091612.8,385363.30195
1788350400000,0.3553,0.3563,0.3496,0.3496,638704.0,226059.3059
1788354000000,0.3496,0.3527,0.3461,0.3507,941329.1,328989.99648
1788357600000,0.3507,0.3509,0.3473,0.3477,301514.5,105188.13664
1788361200000,0.3477,0.3498,0.3452,0.349,459947.8,159830.33911
1788364800000,0.349,0.3537,0.3475,0.3513,1465898.2,513222.71243
1788368400000,0.3513,0.3571,0.3475,0.3551,828817.1,291543.37232
1788372000000,0.3551,0.3553,0.3513,0.3517,380414.9,134265.68887
1788375600000,0.3517,0.3542,0.3505,0.3536,559478.0,197262.26994
1788379200000,0.3536,0.3589,0.3533,0.3568,685752.6,244766.22101
1788382800000,0.3568,0.3572,0.3523,0.3547,562513.9,199569.5505
1788386400000,0.3547,0.3547,0.3509,0.3519,231586.1,81656.27767
1788390000000,0.3519,0.3557,0.3513,0.3555,277286.1,98159.25011
1788393600000,0.3555,0.3585,0.3515,0.3518,698839.0,248149.68472
1788397200000,0.3518,0.3581,0.3493,0.3533,608030.3,215840.35757
1788400800000,0.3533,0.3577,0.3531,0.3576,974823.4,346488.45863
1788404400000,0.3576,0.3585,0.3554,0.3573,532159.6,189928.56157
1788408000000,0.3573,0.3616,0.3556,0.3616,893564.5,320520.40777
1788411600000,0.3616,0.363,0.356,0.3625,1470461.8,530132.64269
1788415200000,0.3625,0.3645,0.3596,0.3607,1278415.0,463334.0432
1788418800000,0.3607,0.3645,0.3583,0.361,773272.2,279562.90809
1788422400000,0.361,0.3654,0.3605,0.3623,993953.0,360917.35729
1788426000000,0.3623,0.3646,0.3611,0.3643,404977.8,146864.72146
1788429600000,0.3643,0.3735,0.3637,0.3669,2870389.0,1060158.92014
1788433200000,0.3669,0.3673,0.364,0.3648,615709.9,225281.69189
1788436800000,0.3648,0.3656,0.3613,0.3635,1283275.8,466628.5666
1788440400000,0.3635,0.3644,0.3589,0.36,1766171.8,638800.50433
1788444000000,0.36,0.3693,0.3594,0.3671,818339.4,298772.84529
1788447600000,0.3671,0.371,0.3632,0.3691,1364775.1,501579.99044
1788451200000,0.3691,0.3707,0.3634,0.3702,1197651.3,439492.62475
1788454800000,0.3702,0.3727,0.3687,0.3711,1020631.2,378514.85281
1788458400000,0.3711,0.3744,0.3704,0.3741,435228.2,162026.51216
1788462000000,0.3741,0.3754,0.3693,0.3709,676671.7,252011.28199
1788465600000,0.3709,0.372,0.3686,0.3711,467571.0,173224.926
1788469200000,0.3711,0.3731,0.3693,0.3702,379225.0,140747.62572
1788472800000,0.3702,0.3702,0.3631,0.3655,1167905.0,428367.35644
1788476400000,0.3655,0.3678,0.3655,0.3663,311422.5,114177.02272
1788480000000,0.3663,0.3678,0.3636,0.3641,381116.3,139478.52801
1788483600000,0.3641,0.3651,0.3602,0.3635,563030.1,204151.95461
1788487200000,0.3635,0.3654,0.362,0.3653,867254.1,315615.51447
1788490800000,0.3653,0.3659,0.3623,0.3624,180369.3,65675.7028
1788494400000,0.3624,0.3651,0.361,0.3613,440979.0,160192.51925
1788498000000,0.3613,0.3623,0.3556,0.3576,1101999.7,395510.24577
1788501600000,0.3576,0.3582,0.3556,0.3582,401742.5,143311.35713
1788505200000,0.3582,0.3599,0.3576,0.3578,360486.5,129426.44202
1788508800000,0.3578,0.3626,0.3564,0.3621,905139.0,324702.90344
1788512400000,0.3621,0.3645,0.3612,0.3623,979747.1,355741.6956
1788516000000,0.3623,0.3623,0.3588,0.3608,1600291.2,576779.8968
1788519600000,0.3608,0.3634,0.3598,0.3614,564257.5,203789.40275
1788523200000,0.3614,0.3617,0.3422,0.3496,8540456.5,2991897.78031
1788526800000,0.3496,0.3556,0.3489,0.353,1185016.4,417054.71756
1788530400000,0.353,0.353,0.3449,0.3469,1602840.4,559389.68648
1788534000000,0.3469,0.3498,0.3463,0.3491,897382.2,313042.15578
1788537600000,0.3491,0.3531,0.348,0.3517,998771.9,349636.50711
1788541200000,0.3517,0.3527,0.3507,0.3509,311828.4,109686.58474
1788544800000,0.3509,0.3517,0.3494,0.351,538744.6,188572.50782
1788548400000,0.351,0.3542,0.3504,0.3524,645552.6,227611.71308
1788552000000,0.3524,0.3528,0.3497,0.3517,805279.7,283071.76001
1788555600000,0.3517,0.3529,0.3496,0.3499,232346.0,81703.78276
1788559200000,0.3499,0.3506,0.3476,0.3477,169367.5,59050.90146
1788562800000,0.3477,0.3506,0.3475,0.3499,270634.6,94571.5057
1788566400000,0.3499,0.3554,0.3489,0.3536,982595.4,347064.39616
1788570000000,0.3536,0.3557,0.3524,0.3549,575784.3,203843.02062
1788573600000,0.3549,0.3577,0.3534,0.3556,650282.5,231473.09875
1788577200000,0.3556,0.3577,0.3548,0.357,489336.3,174402.9268
1788580800000,0.357,0.3616,0.357,0.3616,748395.2,268929.32692
1788584400000,0.3616,0.3667,0.3587,0.3666,2090696.3,760298.88216
1788588000000,0.3666,0.3698,0.3662,0.3682,1672028.7,615702.68667
1788591600000,0.3682,0.3687,0.3644,0.3647,554236.7,203101.75807
1788595200000,0.3647,0.3664,0.3621,0.3647,952886.6,347175.72437
1788598800000,0.3647,0.365,0.3631,0.3638,317785.1,115628.15539
1788602400000,0.3638,0.3651,0.3625,0.363,405408.0,147539.00115
1788606000000,0.363,0.3636,0.3606,0.3622,679874.2,245922.6054
1788609600000,0.3622,0.3686,0.3618,0.3667,734317.5,267929.40473
1788613200000,0.3667,0.3683,0.3633,0.3635,803854.7,293874.35107
1788616800000,0.3635,0.3665,0.3624,0.3651,684008.2,248914.32253
1788620400000,0.3651,0.3653,0.3605,0.3635,2015309.7,730343.67592
1788624000000,0.3635,0.3665,0.362,0.3652,985626.3,358615.74325
1788627600000,0.3652,0.3699,0.3651,0.3694,1317113.1,483933.1217
1788631200000,0.3694,0.3756,0.3679,0.3716,1714745.6,638990.63666
1788634800000,0.3716,0.3752,0.3709,0.3735,570324.3,212789.20704
1788638400000,0.3735,0.3763,0.3721,0.3723,1122126.4,419749.13299
1788642000000,0.3723,0.3802,0.3712,0.3799,904845.9,341472.3745
1788645600000,0.3799,0.3865,0.3776,0.3833,1826530.3,699809.36166
1788649200000,0.3833,0.3855,0.3785,0.3791,764978.3,292346.54299
1788652800000,0.3791,0.3845,0.3772,0.3813,1347480.8,513862.62476
1788656400000,0.3813,0.3873,0.3807,0.385,696405.9,268093.31845
1788660000000,0.385,0.3869,0.3816,0.3819,851477.6,327015.44769
1788663600000,0.3819,0.3846,0.3796,0.3827,886405.3,338366.99258
1788667200000,0.3827,0.3839,0.3766,0.3789,612150.7,232919.79128
1788670800000,0.3789,0.3845,0.3785,0.3832,560415.4,213778.92619
1788674400000,0.3832,0.3865,0.3813,0.3855,437190.4,167787.99343
1788678000000,0.3855,0.3898,0.3797,0.3888,1301970.8,499178.64391
1788681600000,0.3888,0.3915,0.3815,0.3837,1966037.8,758785.34272
1788685200000,0.3837,0.3886,0.3833,0.3875,668789.0,258569.90719
1788688800000,0.3875,0.401,0.385,0.3991,4555412.9,1794151.20515
1788692400000,0.3991,0.4051,0.3958,0.4015,2537050.4,1018652.332
1788696000000,0.4015,0.4025,0.3931,0.3939,2059317.6,819528.75411
1788699600000,0.3939,0.3982,0.3905,0.3964,3111944.3,1224299.40149
1788703200000,0.3964,0.3981,0.383,0.3907,2328062.5,907451.76666
1788706800000,0.3907,0.3958,0.388,0.3954,544424.8,213594.2951
1788710400000,0.3954,0.3987,0.3939,0.3969,675337.5,267578.37158
1788714000000,0.3969,0.3977,0.3914,0.3963,704673.5,277839.87681
1788717600000,0.3963,0.4022,0.3954,0.3984,1208283.5,481718.22691
1788721200000,0.3984,0.409,0.3979,0.4085,2988292.6,1208340.64442
1788724800000,0.4085,0.4206,0.4041,0.4181,4650484.0,1920971.94414
1788728400000,0.4181,0.4375,0.4171,0.4346,7678368.9,3293285.22859
1788732000000,0.4346,0.4429,0.4249,0.4355,3942758.5,1708943.36614
1788735600000,0.4355,0.4472,0.4355,0.4419,3224925.7,1424245.612
1788739200000,0.4419,0.4799,0.4371,0.44,13950475.8,6445728.76219
1788742800000,0.44,0.4449,0.426,0.433,7626733.1,3310062.67595
1788746400000,0.433,0.4403,0.4202,0.4391,4554033.2,1970498.50459
1788750000000,0.4391,0.4398,0.4235,0.4254,2279489.1,985046.72178
1788753600000,0.4254,0.4346,0.4253,0.4337,1669245.2,719088.63753
1788757200000,0.4337,0.437,0.4275,0.4292,1435811.0,621901.96903
1788760800000,0.4292,0.4303,0.4227,0.4298,2470389.5,1052445.97098
1788764400000,0.4298,0.4333,0.425,0.4254,1917318.0,821875.31179
1788768000000,0.4254,0.4349,0.4253,0.4342,2360822.1,1016778.78573
1788771600000,0.4342,0.4378,0.4288,0.4333,2023520.7,878258.77811
1788775200000,0.4333,0.4382,0.4306,0.4307,1304253.4,565982.56118
1788778800000,0.4307,0.4331,0.4231,0.4251,1048282.2,449375.87919
1788782400000,0.4251,0.4381,0.4251,0.4358,1358056.2,586806.11535
1788786000000,0.4358,0.4408,0.4335,0.4348,1773919.6,775301.631
1788789600000,0.4348,0.4403,0.4306,0.4395,1936070.3,843636.88748
1788793200000,0.4395,0.4413,0.4163,0.4215,6125839.9,2621019.54905
1788796800000,0.4215,0.4394,0.4211,0.4312,2293606.7,988675.93201
1788800400000,0.4312,0.4354,0.429,0.4299,819229.5,354146.92042
1788804000000,0.4299,0.4302,0.4229,0.4261,1000404.5,426536.06326
1788807600000,0.4261,0.4334,0.4246,0.4285,1430724.6,612976.56493
1788811200000,0.4285,0.4317,0.4258,0.4287,1101018.1,472014.84657
1788814800000,0.4287,0.433,0.4263,0.4287,799083.4,343456.23801
1788818400000,0.4287,0.4291,0.42,0.4237,995899.1,422601.96047
1788822000000,0.4237,0.4287,0.4233,0.427,567131.1,242100.54808
1788825600000,0.427,0.4346,0.4266,0.4337,1981122.2,853852.40667
1788829200000,0.4337,0.4341,0.4278,0.4289,460762.1,198345.92921
1788832800000,0.4289,0.4301,0.4241,0.4255,641797.4,273805.15109
1788836400000,0.4255,0.4329,0.4253,0.4304,711900.6,305656.72612
1788840000000,0.4304,0.4316,0.4261,0.4274,840682.9,360334.21105
1788843600000,0.4274,0.4316,0.4252,0.4254,767227.1,328850.93865
1788847200000,0.4254,0.4288,0.4188,0.4203,2140257.9,907475.14736
1788850800000,0.4203,0.4243,0.4181,0.4214,855530.3,359963.74127
1788854400000,0.4214,0.4237,0.4141,0.4203,1570759.0,658041.83001
1788858000000,0.4203,0.43,0.4199,0.4284,875689.4,371475.88361
1788861600000,0.4284,0.4288,0.4217,0.4225,979857.5,416670.50535
1788865200000,0.4225,0.4228,0.4167,0.419,762438.9,319359.34956
1788868800000,0.419,0.4218,0.4181,0.4211,1115129.9,468192.26452
1788872400000,0.4211,0.4213,0.4076,0.4117,3551538.8,1462589.9502
1788876000000,0.4117,0.4171,0.4111,0.4166,1240160.4,513073.19823
1788879600000,0.4166,0.4211,0.4157,0.4181,945334.3,395570.75676
1788883200000,0.4181,0.419,0.4126,0.4146,1816070.5,754854.72969
1788886800000,0.4146,0.4213,0.4109,0.4117,2710400.7,1129692.48332
1788890400000,0.4117,0.4159,0.4059,0.4077,1058371.1,435106.89835
1788894000000,0.4077,0.4117,0.407,0.4089,1411535.9,578066.76577
1788897600000,0.4089,0.4125,0.4069,0.411,1366258.9,559689.48816
1788901200000,0.411,0.4127,0.4079,0.4095,356403.5,146460.59374
1788904800000,0.4095,0.4121,0.4092,0.4109,282251.8,115800.9669
1788908400000,0.4109,0.411,0.4086,0.409,335591.7,137508.62531
1788912000000,0.409,0.4131,0.4071,0.4072,1029324.2,422138.21111
1788915600000,0.4072,0.4081,0.4046,0.408,1105962.4,449113.28641
1788919200000,0.408,0.4093,0.405,0.4059,553175.0,225088.69652
1788922800000,0.4059,0.4083,0.4027,0.4061,1130228.2,458283.96933
1788926400000,0.4061,0.4119,0.4061,0.4107,510900.5,208808.41726
1788930000000,0.4107,0.4108,0.4056,0.4074,618601.6,252905.114
1788933600000,0.4074,0.4131,0.4058,0.4121,869827.4,356699.79377
1788937200000,0.4121,0.4133,0.407,0.4091,860480.6,352310.55504
1788940800000,0.4091,0.4122,0.4088,0.4106,770048.9,315947.87658
1788944400000,0.4106,0.4106,0.4016,0.4018,1315063.3,532400.42795
1788948000000,0.4018,0.4024,0.3945,0.3996,4288348.7,1709751.17347
1788951600000,0.3996,0.4021,0.3966,0.4012,877210.4,350459.27788
1788955200000,0.4012,0.4023,0.3992,0.4007,833105.8,333991.04361
1788958800000,0.4007,0.4017,0.3922,0.3971,1394404.8,552324.97601
1788962400000,0.3971,0.4001,0.3937,0.3944,1090911.3,433303.9832
1788966000000,0.3944,0.3978,0.3869,0.3899,2822861.1,1102938.53796
1788969600000,0.3899,0.395,0.388,0.3934,1196665.5,468916.11579
1788973200000,0.3934,0.3951,0.3922,0.3928,625836.5,246467.47778
1788976800000,0.3928,0.3969,0.3917,0.394,545142.4,215300.87437
1788980400000,0.394,0.395,0.3871,0.3879,722451.4,282388.64802
1788984000000,0.3879,0.3916,0.3849,0.3907,942010.4,365699.54987
1788987600000,0.3907,0.3908,0.3808,0.3854,1443283.0,555113.59887
1788991200000,0.3854,0.3859,0.3746,0.3753,3331293.4,1262218.10482
1788994800000,0.3753,0.3814,0.3752,0.3806,735949.2,278688.77395
1788998400000,0.3806,0.3814,0.375,0.3765,1113597.1,420628.15892
1789002000000,0.3765,0.3799,0.3715,0.3749,1445878.7,541627.89002
1789005600000,0.3749,0.3794,0.373,0.3794,496884.6,186463.46639
1789009200000,0.3794,0.3818,0.379,0.3805,450821.6,171507.27384
1789012800000,0.3805,0.3832,0.3802,0.3821,521650.6,199293.13905
1789016400000,0.3821,0.3844,0.38,0.3832,467734.3,178894.65625
1789020000000,0.3832,0.3852,0.3789,0.3847,376151.7,143428.44195
1789023600000,0.3847,0.3847,0.377,0.3784,485096.0,183926.50197
1789027200000,0.3784,0.3803,0.3776,0.3786,428388.1,162293.73975
1789030800000,0.3786,0.3803,0.3761,0.3773,613870.3,232134.10444
1789034400000,0.3773,0.3798,0.377,0.377,395697.8,149737.60596
1789038000000,0.377,0.3826,0.3762,0.3795,388253.6,147598.30718
1789041600000,0.3795,0.3821,0.3654,0.3721,3406177.9,1269830.04124
1789045200000,0.3721,0.3778,0.3719,0.3765,819200.1,307398.02566
1789048800000,0.3765,0.3803,0.3743,0.3782,1129341.8,426529.32837
1789052400000,0.3782,0.3786,0.3731,0.3746,701355.3,263359.93949
1789056000000,0.3746,0.3756,0.3661,0.3722,1287357.4,476516.87679
1789059600000,0.3722,0.3793,0.3717,0.3781,737728.5,276259.08912
1789063200000,0.3781,0.3796,0.3744,0.3792,452604.6,170271.50784
1789066800000,0.3792,0.3793,0.3738,0.3746,296389.3,111568.9176
1789070400000,0.3746,0.3788,0.3745,0.375,399499.1,150215.20996
1789074000000,0.375,0.3753,0.3711,0.3724,596249.4,222761.513
1789077600000,0.3724,0.3748,0.3708,0.3713,353987.2,131875.60015
1789081200000,0.3713,0.3723,0.3674,0.368,599240.6,221500.64989
1789084800000,0.368,0.3741,0.3678,0.3723,416356.9,154552.33799
1789088400000,0.3723,0.3742,0.3688,0.3717,486846.2,180780.53377
1789092000000,0.3717,0.3719,0.3685,0.3701,178011.8,65869.15445
1789095600000,0.3701,0.3723,0.3678,0.3722,325606.8,120520.62521
1789099200000,0.3722,0.3742,0.3714,0.3725,257590.2,96057.03336
1789102800000,0.3725,0.373,0.3713,0.3724,502873.9,187220.13678
1789106400000,0.3724,0.374,0.3694,0.3711,845835.0,314050.51022
1789110000000,0.3711,0.3725,0.3676,0.3678,689216.5,254682.86048
1789113600000,0.3678,0.3713,0.3673,0.3686,602414.1,222180.41772
1789117200000,0.3686,0.3688,0.3633,0.3651,1112392.9,406540.41075
1789120800000,0.3651,0.3677,0.3608,0.3616,1995957.5,726594.98103
1789124400000,0.3616,0.3627,0.3581,0.362,1135517.7,409058.83527
1789128000000,0.362,0.3721,0.3537,0.3708,4001471.2,1449399.96323
1789131600000,0.3708,0.3802,0.3646,0.3793,1559819.0,579849.62601
1789135200000,0.3793,0.3828,0.3739,0.3771,1808787.9,684771.66695
1789138800000,0.3771,0.3827,0.3647,0.3669,2752297.3,1032027.94106
1789142400000,0.3669,0.3714,0.3665,0.3706,1253368.8,462482.80171
1789146000000,0.3706,0.3717,0.3633,0.3651,681744.7,250193.28531
1789149600000,0.3651,0.3657,0.3556,0.3575,1591959.7,573224.66738
1789153200000,0.3575,0.3602,0.3562,0.3591,455542.9,163146.97674
1789156800000,0.3591,0.3615,0.3559,0.3571,1116641.6,400602.5223
1789160400000,0.3571,0.3596,0.352,0.3529,636730.6,226397.02008
1789164000000,0.3529,0.3552,0.3506,0.3517,779495.6,274819.66747
1789167600000,0.3517,0.3535,0.3511,0.3533,267486.1,94223.58186
1789171200000,0.3533,0.3556,0.3531,0.3552,475137.6,168167.19262
1789174800000,0.3552,0.3584,0.3547,0.3579,307457.1,109828.28635
1789178400000,0.3579,0.3586,0.3565,0.3574,192844.0,68925.66372
1789182000000,0.3574,0.3587,0.3564,0.358,223501.6,79873.51692
1789185600000,0.358,0.3597,0.3564,0.358,485201.1,173593.30406
1789189200000,0.358,0.3581,0.355,0.3556,336284.2,119958.50013
1789192800000,0.3556,0.3588,0.3556,0.3575,357630.4,127945.5844
1789196400000,0.3575,0.3605,0.3572,0.36,228419.8,82027.83618
1789200000000,0.36,0.3622,0.3592,0.3597,522464.4,188532.38292
1789203600000,0.3597,0.3601,0.358,0.3591,354783.2,127395.62634
1789207200000,0.3591,0.3603,0.3578,0.3588,561787.6,201763.25999
1789210800000,0.3588,0.3613,0.3573,0.3609,927918.9,334113.45527
1789214400000,0.3609,0.361,0.3584,0.3587,858563.7,309073.45839
1789218000000,0.3587,0.3596,0.3564,0.3572,921588.8,329978.1719
1789221600000,0.3572,0.3587,0.3565,0.3571,648680.9,232069.91215
1789225200000,0.3571,0.3587,0.3566,0.358,487789.8,174478.95951
1789228800000,0.358,0.359,0.3567,0.357,386606.1,138404.31492
1789232400000,0.357,0.3572,0.354,0.3554,729642.6,259342.80828
1789236000000,0.3554,0.3557,0.3528,0.3539,751789.4,266463.22049
1789239600000,0.3539,0.3542,0.3512,0.3532,497392.9,175432.10345
1789243200000,0.3532,0.3543,0.3515,0.3521,480672.1,169654.52305
1789246800000,0.3521,0.3525,0.3487,0.3509,627409.2,220058.38555
1789250400000,0.3509,0.3527,0.3483,0.3491,879078.9,307841.79846
1789254000000,0.3491,0.3509,0.3483,0.35,287345.2,100365.168
1789257600000,0.35,0.351,0.3491,0.3492,343782.1,120230.4311
1789261200000,0.3492,0.3498,0.3462,0.349,1218713.2,423935.30547
1789264800000,0.349,0.3498,0.3468,0.3479,564180.2,196524.13093
1789268400000,0.3479,0.3487,0.3443,0.3476,845735.7,293181.68403
1789272000000,0.3476,0.3503,0.3475,0.3489,574824.5,200514.24763
1789275600000,0.3489,0.3522,0.3488,0.3514,219709.6,76968.91659
1789279200000,0.3514,0.3516,0.3489,0.3496,375152.9,131506.67855
1789282800000,0.3496,0.3509,0.3475,0.3481,657501.9,229603.7073
1789286400000,0.3481,0.3482,0.3424,0.3444,1699130.8,586411.33006
1789290000000,0.3444,0.3482,0.3443,0.3475,488232.8,168984.56118
1789293600000,0.3475,0.3486,0.3453,0.3459,330144.9,114379.96117
1789297200000,0.3459,0.3527,0.3453,0.3525,1013977.3,354531.73453
1789300800000,0.3525,0.3538,0.3497,0.3538,964653.2,339361.88978
1789304400000,0.3538,0.3555,0.3492,0.3547,664963.5,234559.01686
1789308000000,0.3547,0.3598,0.3536,0.3578,1331629.7,475988.49668
1789311600000,0.3578,0.3583,0.3526,0.3535,1385689.8,491786.63974
1789315200000,0.3535,0.3569,0.3531,0.3566,437077.2,155184.91295
1789318800000,0.3566,0.3615,0.3561,0.3606,984771.5,353822.75219
1789322400000,0.3606,0.3612,0.3593,0.3602,328162.3,118170.62788
1789326000000,0.3602,0.3615,0.358,0.3602,1065861.0,383475.47543
1789329600000,0.3602,0.3611,0.3578,0.3601,516094.6,185331.2422
1789333200000,0.3601,0.3601,0.3572,0.3576,315303.7,112988.48189
1789336800000,0.3576,0.3576,0.3474,0.3481,2255616.3,792503.48683
1789340400000,0.3481,0.3519,0.3481,0.3506,474831.0,166345.08139
1789344000000,0.3506,0.3543,0.3484,0.3522,667654.6,234423.76629
1789347600000,0.3522,0.3555,0.3513,0.3555,533692.1,188604.46391
1789351200000,0.3555,0.3603,0.3542,0.3578,433952.2,155362.55977
1789354800000,0.3578,0.3598,0.3571,0.3587,434676.4,155918.84817
1789358400000,0.3587,0.3595,0.3563,0.3568,407308.5,145744.74336
1789362000000,0.3568,0.3569,0.355,0.356,204429.7,72775.16678
1789365600000,0.356,0.36,0.3559,0.3578,550848.5,197148.08919
1789369200000,0.3578,0.3597,0.3566,0.3577,462543.6,165574.29285
1789372800000,0.3577,0.3593,0.3563,0.3588,764916.7,273530.00938
1789376400000,0.3588,0.3607,0.3554,0.3592,898453.9,322169.14206
1789380000000,0.3592,0.3595,0.3569,0.3569,593032.2,212307.90976
1789383600000,0.3569,0.3574,0.3547,0.3561,451738.2,160913.11826
1789387200000,0.3561,0.3575,0.3528,0.3542,600667.0,213390.81061
1789390800000,0.3542,0.3589,0.3514,0.3565,1022664.5,362782.18616
1789394400000,0.3565,0.3594,0.3556,0.3564,696168.4,248909.59282
1789398000000,0.3564,0.359,0.3538,0.3569,702595.2,250481.94352
1789401600000,0.3569,0.3607,0.3566,0.3594,990750.4,355008.6773
1789405200000,0.3594,0.3634,0.3592,0.3629,1246986.9,450836.25737
1789408800000,0.3629,0.366,0.3618,0.3659,1384136.4,503559.29519
1789412400000,0.3659,0.366,0.3611,0.362,983427.9,357059.42443
1789416000000,0.362,0.3683,0.362,0.3653,1176930.3,429698.09404
1789419600000,0.3653,0.3656,0.3577,0.3598,1447842.7,522071.25145
1789423200000,0.3598,0.3608,0.3546,0.3564,1029809.8,368184.73428
1789426800000,0.3564,0.3573,0.3551,0.3562,415462.0,147938.19759
1789430400000,0.3562,0.3575,0.3545,0.3554,518773.0,184837.80497
1789434000000,0.3554,0.3582,0.3546,0.3566,470429.4,167899.48597
1789437600000,0.3566,0.3571,0.3527,0.3536,425289.0,150476.89885
1789441200000,0.3536,0.3536,0.3488,0.3506,1251307.5,438921.72048
1789444800000,0.3506,0.3514,0.3488,0.3498,603495.1,211244.27326
1789448400000,0.3498,0.3513,0.3474,0.3502,689762.6,240665.48646
1789452000000,0.3502,0.3515,0.3482,0.3491,327639.8,114560.30159
1789455600000,0.3491,0.3511,0.3452,0.3458,1185305.0,412919.82379
1789459200000,0.3458,0.3474,0.3431,0.3473,1587885.9,547733.8865
1789462800000,0.3473,0.3484,0.3457,0.3472,617919.3,214384.50088
1789466400000,0.3472,0.3477,0.3442,0.3455,573294.3,198201.5527
1789470000000,0.3455,0.3463,0.3381,0.3419,2839721.0,967276.13405
1789473600000,0.3419,0.3456,0.3408,0.3441,1106817.0,379564.59505
1789477200000,0.3441,0.3459,0.3396,0.3443,1239715.1,424992.81637
1789480800000,0.3443,0.3446,0.3285,0.3325,3655775.8,1224400.31557
1789484400000,0.3325,0.3366,0.332,0.3357,946965.3,317300.79592
1789488000000,0.3357,0.3382,0.3331,0.3362,977678.7,328312.80487
1789491600000,0.3362,0.34,0.3346,0.337,499250.2,168500.60351
1789495200000,0.337,0.3378,0.32,0.3291,5856520.1,1914678.85698
1789498800000,0.3291,0.3316,0.3266,0.3312,1894928.4,623316.33387
1789502400000,0.3312,0.3317,0.3265,0.3297,1313557.3,433060.45951
1789506000000,0.3297,0.33,0.3239,0.3247,609281.2,198959.45569
1789509600000,0.3247,0.3265,0.3234,0.326,386235.2,125575.8531
1789513200000,0.326,0.3276,0.3247,0.3253,217339.0,70908.50274
1789516800000,0.3253,0.326,0.3236,0.3246,1077967.9,350028.89729
1789520400000,0.3246,0.3252,0.3208,0.3213,482921.0,156028.76142
1789524000000,0.3213,0.3263,0.3211,0.3256,257894.4,83573.32969
1789527600000,0.3256,0.3274,0.3248,0.3254,371310.7,121069.63263
1789531200000,0.3254,0.3295,0.3249,0.3276,492970.7,161363.14399
1789534800000,0.3276,0.3283,0.3257,0.3276,730676.7,239162.98953
1789538400000,0.3276,0.3283,0.3244,0.3264,351724.0,114844.17187
1789542000000,0.3264,0.3278,0.3239,0.3241,348049.2,113304.89079
1789545600000,0.3241,0.3241,0.3217,0.3241,935119.8,302338.39024
1789549200000,0.3241,0.3274,0.3237,0.3269,414843.7,135046.67624
1789552800000,0.3269,0.3281,0.3258,0.3281,274979.7,89881.019
1789556400000,0.3281,0.3322,0.328,0.33,735104.5,242697.90539
1789560000000,0.33,0.3302,0.3254,0.3279,1030367.1,337421.49158
1789563600000,0.3279,0.3308,0.3258,0.3282,648176.3,212987.29188
1789567200000,0.3282,0.3285,0.3239,0.3246,1611421.9,524348.02531
1789570800000,0.3246,0.3269,0.3224,0.3228,961348.5,312072.84868
1789574400000,0.3228,0.3271,0.3228,0.3258,510926.6,166118.90274
1789578000000,0.3258,0.327,0.3224,0.3255,1076451.0,349380.93407
1789581600000,0.3255,0.3325,0.3223,0.3272,2607843.1,854065.13598
1789585200000,0.3272,0.3334,0.3271,0.3324,929720.0,307106.27135
1789588800000,0.3324,0.3352,0.331,0.3348,1081548.8,360315.15411
1789592400000,0.3348,0.3359,0.3332,0.3353,501017.8,167569.8628
1789596000000,0.3353,0.3355,0.3318,0.3326,422067.3,140782.41409
1789599600000,0.3326,0.3427,0.3321,0.3415,1544314.3,524135.29419
1789603200000,0.3415,0.3456,0.3403,0.3453,1368234.3,470019.18355
1789606800000,0.3453,0.3479,0.3435,0.3467,699584.4,241960.46376
1789610400000,0.3467,0.3469,0.3431,0.3439,733031.1,252592.13325
1789614000000,0.3439,0.3477,0.3438,0.3474,223083.3,77318.07125
1789617600000,0.3474,0.3488,0.3456,0.3471,816205.8,283151.26924
1789621200000,0.3471,0.348,0.3443,0.3444,713483.4,246747.15288
1789624800000,0.3444,0.3477,0.3443,0.3471,245789.5,85130.92567
1789628400000,0.3471,0.3513,0.3468,0.3494,930478.6,324813.56818
1789632000000,0.3494,0.3537,0.3492,0.3525,845719.4,297352.92417
1789635600000,0.3525,0.3531,0.3474,0.3484,499714.8,174611.84076
1789639200000,0.3484,0.3488,0.3449,0.3461,568258.4,196693.83581
1789642800000,0.3461,0.3486,0.3445,0.3483,531286.1,184190.00901
1789646400000,0.3483,0.3509,0.3471,0.3481,1143837.1,399258.46403
1789650000000,0.3481,0.3488,0.3445,0.3473,573832.4,199257.69681
1789653600000,0.3473,0.3506,0.3456,0.346,743627.6,259229.64453
1789657200000,0.346,0.3492,0.3421,0.3487,776993.3,268611.43227
1789660800000,0.3487,0.3508,0.3485,0.3507,715444.5,250115.7447
1789664400000,0.3507,0.3562,0.3499,0.3544,1252363.9,442221.82981
1789668000000,0.3544,0.3565,0.353,0.3539,795876.6,282357.35982
1789671600000,0.3539,0.3545,0.3507,0.3515,540669.2,190540.16571
1789675200000,0.3515,0.3532,0.3512,0.3528,234048.1,82461.4607
1789678800000,0.3528,0.3537,0.3486,0.349,441696.5,154943.28046
1789682400000,0.349,0.3504,0.3463,0.3502,855465.6,298071.31122
1789686000000,0.3502,0.3542,0.3498,0.3527,440556.0,155273.89704
1789689600000,0.3527,0.3587,0.3517,0.3584,954868.6,339543.97224
1789693200000,0.3584,0.3685,0.3583,0.3678,1197135.0,434923.10618
1789696800000,0.3678,0.3711,0.3643,0.3699,1623301.3,596932.5396
1789700400000,0.3699,0.3828,0.3691,0.3797,2580938.4,975366.27792
1789704000000,0.3797,0.3909,0.3794,0.3883,4627646.5,1785289.65942
1789707600000,0.3883,0.3892,0.3835,0.387,1658720.6,640046.36827
1789711200000,0.387,0.3928,0.386,0.3911,1829171.0,713281.37071
1789714800000,0.3911,0.3963,0.3879,0.3962,1832761.2,716994.95995
1789718400000,0.3962,0.4028,0.3903,0.3993,3268623.0,1298567.28937
1789722000000,0.3993,0.3995,0.395,0.3977,1328730.6,527812.63221
1789725600000,0.3977,0.4045,0.3973,0.3977,1794614.9,717485.95978
1789729200000,0.3977,0.3999,0.3856,0.3936,4383571.5,1716891.51465
1789732800000,0.3936,0.4029,0.3923,0.4021,1123826.5,445920.54032
1789736400000,0.4021,0.4048,0.3966,0.3981,2014918.5,807889.04568
1789740000000,0.3981,0.4016,0.3968,0.3996,852952.4,340421.80199
1789743600000,0.3996,0.4023,0.3942,0.4016,1177019.7,468518.11395
1789747200000,0.4016,0.4073,0.401,0.4027,1812552.3,732551.5501
1789750800000,0.4027,0.4034,0.3992,0.4002,1078121.9,432156.82612
1789754400000,0.4002,0.4017,0.3979,0.3988,1211795.2,483968.01735
1789758000000,0.3988,0.4066,0.3985,0.4058,1822469.0,733653.23298
1789761600000,0.4058,0.4104,0.4044,0.4082,1217141.2,496577.29626
1789765200000,0.4082,0.4101,0.4033,0.4056,1017949.6,414009.2912
1789768800000,0.4056,0.4065,0.4016,0.4035,429690.6,173483.40709
1789772400000,0.4035,0.4081,0.403,0.4068,478043.0,194206.69674
1789776000000,0.4068,0.4099,0.4059,0.4062,933719.1,380825.03909
1789779600000,0.4062,0.4091,0.4025,0.4068,444019.1,180426.98634
1789783200000,0.4068,0.4109,0.4065,0.4103,751810.7,307444.35822
1789786800000,0.4103,0.4128,0.4062,0.4118,681385.2,278693.74356
1789790400000,0.4118,0.4126,0.4033,0.4062,1272442.2,519972.11496
1789794000000,0.4062,0.4093,0.4057,0.4067,883280.9,359762.19026
1789797600000,0.4067,0.4105,0.4014,0.4069,707785.3,287160.74623
1789801200000,0.4069,0.4083,0.4024,0.4024,681491.9,276399.00448
1789804800000,0.4024,0.4116,0.4021,0.4106,958559.6,389909.96259
1789808400000,0.4106,0.4106,0.4066,0.4087,346089.1,141383.55085
1789812000000,0.4087,0.4108,0.4078,0.4087,450319.9,184391.29426
1789815600000,0.4087,0.4137,0.4083,0.412,784064.9,322841.04633
1789819200000,0.412,0.4187,0.4107,0.4156,2158106.0,894291.40803
1789822800000,0.4156,0.4174,0.4126,0.4169,715371.0,297058.23283
1789826400000,0.4169,0.4223,0.4151,0.4152,2008534.2,841536.52091
1789830000000,0.4152,0.4213,0.413,0.4148,2642651.8,1105372.86887
1789833600000,0.4148,0.4197,0.4118,0.4192,672745.3,279678.27045
1789837200000,0.4192,0.4221,0.4146,0.4178,687535.6,287723.37727
1789840800000,0.4178,0.4197,0.4125,0.4145,719455.8,298904.32818
1789844400000,0.4145,0.4213,0.4142,0.4196,1138839.4,477034.83309
1789848000000,0.4196,0.4212,0.4133,0.4139,1086804.4,453672.43782
1789851600000,0.4139,0.4198,0.41,0.4163,1715684.9,710414.04424
1789855200000,0.4163,0.4236,0.4133,0.4224,1014640.5,424737.21085
1789858800000,0.4224,0.431,0.4207,0.421,1249424.3,530935.42472
1789862400000,0.421,0.4259,0.4176,0.4223,1314966.9,553396.13968
1789866000000,0.4223,0.4258,0.4178,0.4237,737310.3,310735.58956
1789869600000,0.4237,0.4286,0.4119,0.4154,1535109.3,645024.12626
1789873200000,0.4154,0.4279,0.4134,0.4262,1285449.8,542735.29775
1789876800000,0.4262,0.4295,0.4208,0.4241,753652.7,320048.34443
1789880400000,0.4241,0.4264,0.4203,0.4239,702014.5,297430.92633
1789884000000,0.4239,0.4258,0.4175,0.4206,693976.7,292363.85032
1789887600000,0.4206,0.4243,0.4174,0.418,755655.2,318440.03477
1789891200000,0.418,0.4238,0.4156,0.4191,1215021.4,509751.71013
1789894800000,0.4191,0.423,0.4162,0.4164,986272.7,414015.80475
1789898400000,0.4164,0.417,0.4096,0.4114,1104461.3,455648.82419
1789902000000,0.4114,0.4139,0.4097,0.4125,499137.8,205412.93748
1789905600000,0.4125,0.413,0.4061,0.41,1624004.4,664944.45196
1789909200000,0.41,0.4108,0.4067,0.4086,389098.7,159192.07877
1789912800000,0.4086,0.4112,0.4064,0.4067,678188.7,276808.07201
1789916400000,0.4067,0.4152,0.4067,0.4151,858316.3,353443.72389
1789920000000,0.4151,0.4224,0.4127,0.4215,1803565.0,751795.47376
1789923600000,0.4215,0.427,0.4183,0.4232,1385868.6,585511.53308
1789927200000,0.4232,0.4245,0.4145,0.415,853312.1,358150.45856
1789930800000,0.415,0.4196,0.4143,0.4186,354375.9,147638.24426
1789934400000,0.4186,0.4214,0.4174,0.4194,754368.0,316314.77917
1789938000000,0.4194,0.4225,0.4128,0.4225,836783.6,347970.83628
1789941600000,0.4225,0.4251,0.4195,0.4202,618354.8,261196.99453
1789945200000,0.4202,0.4209,0.4164,0.4182,437142.2,183158.05392
1789948800000,0.4182,0.4291,0.418,0.424,1497475.0,635606.33481
1789952400000,0.424,0.4268,0.4156,0.4168,743557.0,313906.86446
1789956000000,0.4168,0.4276,0.415,0.4272,622368.5,262782.9179
1789959600000,0.4272,0.4328,0.4266,0.4321,700447.4,301438.07395
1789963200000,0.4321,0.4323,0.4264,0.4272,1339839.6,575104.85309
1789966800000,0.4272,0.4274,0.4236,0.4242,554435.4,235928.48078
1789970400000,0.4242,0.4311,0.424,0.4278,972085.0,416194.70654
1789974000000,0.4278,0.4292,0.4224,0.4255,742830.9,316023.21608
1789977600000,0.4255,0.4337,0.4247,0.433,1302396.5,559257.86052
1789981200000,0.433,0.4388,0.4287,0.4294,2649943.9,1151752.82459
1789984800000,0.4294,0.4358,0.4259,0.4357,1215157.6,522997.00945
1789988400000,0.4357,0.4389,0.4329,0.4335,1570357.2,685178.79189
1789992000000,0.4335,0.4461,0.4311,0.4418,2870391.4,1259072.71736
1789995600000,0.4418,0.4467,0.4348,0.4417,1933005.1,851463.33598
1789999200000,0.4417,0.4421,0.4335,0.4381,1284576.1,562043.73193
1790002800000,0.4381,0.4404,0.4324,0.4378,1359226.9,591908.61475
1790006400000,0.4378,0.4408,0.4353,0.4373,1038624.4,455362.551
1790010000000,0.4373,0.4381,0.4252,0.4262,1873120.8,807629.46635
1790013600000,0.4262,0.4326,0.4254,0.4315,1270745.8,545573.6114
1790017200000,0.4315,0.4327,0.4285,0.4321,875641.7,376966.24583
1790020800000,0.4321,0.4357,0.4284,0.4297,1956898.9,842904.31531
1790024400000,0.4297,0.4338,0.4277,0.4302,707494.4,304461.02098
1790028000000,0.4302,0.4362,0.4298,0.436,997152.3,431386.42925
1790031600000,0.436,0.4384,0.435,0.4379,457237.6,199701.91785
1790035200000,0.4379,0.4414,0.434,0.435,892767.7,390970.06832
1790038800000,0.435,0.4426,0.4316,0.4419,1061012.8,464071.62464
1790042400000,0.4419,0.4451,0.438,0.4398,1403490.4,620171.41526
1790046000000,0.4398,0.4461,0.4374,0.4419,955968.1,423189.61013
1790049600000,0.4419,0.4451,0.4332,0.4346,1544810.0,678591.66113
1790053200000,0.4346,0.439,0.429,0.4359,1324062.6,575843.98042
1790056800000,0.4359,0.441,0.4342,0.4383,540455.1,236202.04752
1790060400000,0.4383,0.446,0.437,0.4454,1277663.9,565554.55118
1790064000000,0.4454,0.4525,0.444,0.449,2145057.6,960815.22569
1790067600000,0.449,0.449,0.4371,0.4392,2401563.8,1058618.39768
1790071200000,0.4392,0.4403,0.4291,0.4361,2617788.1,1135448.35276
1790074800000,0.4361,0.4412,0.4335,0.4403,784685.1,344182.46865
1790078400000,0.4403,0.4492,0.4358,0.4489,1051859.8,464482.18047
1790082000000,0.4489,0.4563,0.4471,0.4517,1741299.5,785958.72754
1790085600000,0.4517,0.4517,0.4367,0.4429,1820162.7,805466.61018
1790089200000,0.4429,0.4512,0.4423,0.4495,1499994.3,670228.0587
1790092800000,0.4495,0.4503,0.4432,0.449,2145255.1,959952.0221
1790096400000,0.449,0.4579,0.4485,0.4542,1238409.5,560130.23552
1790100000000,0.4542,0.4551,0.4491,0.4492,1688867.6,763404.63286
1790103600000,0.4492,0.4966,0.4492,0.4959,14432668.4,6867197.75799
1790107200000,0.4959,0.5097,0.4871,0.4926,6618699.6,3295050.10884
1790110800000,0.4926,0.4936,0.4814,0.4854,3252803.6,1587623.28812
1790114400000,0.4854,0.4946,0.4752,0.4883,3144555.3,1522154.40983
1790118000000,0.4883,0.5217,0.4846,0.5197,4285635.8,2149012.17284
1790121600000,0.5197,0.5221,0.5042,0.5052,3172777.1,1635601.97522
1790125200000,0.5052,0.5144,0.5006,0.5074,2069344.1,1046806.84438
1790128800000,0.5074,0.5093,0.4937,0.5001,1778257.2,888994.19793
1790132400000,0.5001,0.5232,0.4976,0.5141,1751418.1,895010.45712
1790136000000,0.5141,0.518,0.5055,0.506,1268745.2,647922.81452
1790139600000,0.506,0.5108,0.5024,0.5058,1569194.0,793912.56354
1790143200000,0.5058,0.5166,0.5051,0.5144,1630180.5,834222.78842
1790146800000,0.5144,0.5205,0.5102,0.518,1535545.7,791453.96696
1790150400000,0.518,0.5358,0.512,0.5258,3941568.6,2064248.7434
1790154000000,0.5258,0.5375,0.5218,0.5304,2544380.8,1347853.77797
1790157600000,0.5304,0.5373,0.5247,0.53,4320225.8,2292463.83757
1790161200000,0.53,0.5323,0.5113,0.5132,3830193.1,1999116.35856
1790164800000,0.5132,0.517,0.5003,0.5099,4252765.4,2160504.08681
1790168400000,0.5099,0.5103,0.4974,0.4995,2889813.7,1452551.2496
1790172000000,0.4995,0.5034,0.4735,0.485,8783492.6,4257834.06181
1790175600000,0.485,0.4891,0.4634,0.4645,4880917.2,2306382.13957
1790179200000,0.4645,0.4743,0.4589,0.4708,2837835.5,1325524.04229
1790182800000,0.4708,0.4715,0.4624,0.465,1128494.7,527001.55617
1790186400000,0.465,0.4657,0.4582,0.4601,825392.6,381301.09154
1790190000000,0.4601,0.4614,0.4554,0.4585,948243.6,434536.74194
1790193600000,0.4585,0.4638,0.4546,0.4598,1501970.1,689877.88593
1790197200000,0.4598,0.4651,0.4581,0.4614,729650.8,337197.97685
1790200800000,0.4614,0.4661,0.4588,0.46,1052506.1,485894.73138
1790204400000,0.46,0.4623,0.4577,0.4603,322090.9,148136.86183
1790208000000,0.4603,0.4641,0.4585,0.4599,677364.5,312260.57137
1790211600000,0.4599,0.4651,0.4587,0.4592,637220.0,294327.97627
1790215200000,0.4592,0.4735,0.456,0.4693,1133975.1,527679.27093
1790218800000,0.4693,0.4721,0.464,0.4648,1072318.6,501213.27165
1790222400000,0.4648,0.4722,0.4602,0.472,2088598.0,972996.332
1790226000000,0.472,0.4824,0.4707,0.471,2607223.5,1243170.80625
1790229600000,0.471,0.4814,0.4692,0.4796,1764439.0,837433.62409
1790233200000,0.4796,0.4797,0.472,0.4753,1159615.8,550786.70778
1790236800000,0.4753,0.4758,0.4606,0.4656,2425544.6,1131534.54512
1790240400000,0.4656,0.4674,0.4498,0.453,3057167.2,1393025.16857
1790244000000,0.453,0.458,0.4514,0.4568,1106382.7,502733.1133
1790247600000,0.4568,0.4636,0.4568,0.46,1050476.4,483678.8571
1790251200000,0.46,0.4619,0.4553,0.4616,759632.1,348574.36352
1790254800000,0.4616,0.4783,0.4615,0.4777,1961362.9,926167.21561
1790258400000,0.4777,0.4928,0.4733,0.4788,3438002.1,1660730.53907
1790262000000,0.4788,0.49,0.4752,0.4851,1849538.2,890445.86423
1790265600000,0.4851,0.5012,0.4816,0.4955,3400129.0,1678991.1819
1790269200000,0.4955,0.4971,0.4827,0.4839,1030153.1,504510.21246
1790272800000,0.4839,0.4921,0.4784,0.4908,1909664.2,926357.57022
1790276400000,0.4908,0.4964,0.4868,0.4932,883222.6,434768.67934
1790280000000,0.4932,0.4937,0.489,0.4916,853624.1,419385.38564
1790283600000,0.4916,0.4997,0.4909,0.4927,1095538.6,542160.87412
1790287200000,0.4927,0.4927,0.4845,0.487,1329556.0,648042.17436
1790290800000,0.487,0.491,0.4857,0.488,372280.2,181845.96217
1790294400000,0.488,0.4915,0.4864,0.4896,1210006.0,591824.54072
1790298000000,0.4896,0.493,0.4832,0.4862,1217148.1,596082.81383
1790301600000,0.4862,0.4905,0.4796,0.4818,795030.7,385153.49338
1790305200000,0.4818,0.485,0.4787,0.4834,777423.8,374690.57525
1790308800000,0.4834,0.4906,0.481,0.4855,943054.0,459359.00359
1790312400000,0.4855,0.4874,0.4816,0.4849,772145.5,373668.86244
1790316000000,0.4849,0.4876,0.4814,0.4837,838446.5,405949.70114
1790319600000,0.4837,0.4875,0.4805,0.4873,509600.6,246531.80126
1790323200000,0.4873,0.4949,0.4851,0.49,1431617.5,702156.32342
1790326800000,0.49,0.5,0.4886,0.4988,1244781.6,615908.21306
1790330400000,0.4988,0.4988,0.4945,0.4951,837596.0,415231.92275
1790334000000,0.4951,0.506,0.4948,0.5004,1621452.3,813717.24671
1790337600000,0.5004,0.5047,0.4908,0.5007,2016656.0,1004393.95731
1790341200000,0.5007,0.5036,0.4914,0.4977,2489657.9,1239576.47862
1790344800000,0.4977,0.4985,0.4841,0.4964,2171111.0,1064989.95679
1790348400000,0.4964,0.4983,0.4851,0.4898,1256971.5,615515.4695
1790352000000,0.4898,0.4956,0.4808,0.4834,3169760.6,1546441.7601
1790355600000,0.4834,0.4877,0.4785,0.4829,960679.0,463779.216
1790359200000,0.4829,0.4895,0.4813,0.4881,853772.0,415127.31885
1790362800000,0.4881,0.4909,0.4847,0.489,396581.9,193487.56953
1790366400000,0.489,0.5002,0.489,0.493,693162.9,343351.02061
1790370000000,0.493,0.4934,0.4842,0.4852,453734.4,221608.7624
1790373600000,0.4852,0.4972,0.4842,0.4958,375756.2,185056.00224
1790377200000,0.4958,0.4966,0.4931,0.4944,496334.2,245692.50264
1790380800000,0.4944,0.499,0.4901,0.4909,509612.3,251570.52677
1790384400000,0.4909,0.4961,0.4892,0.4918,589407.9,290285.0171
1790388000000,0.4918,0.4945,0.4872,0.4886,707464.5,346824.67319
1790391600000,0.4886,0.4886,0.4843,0.487,1031837.3,502196.2322
1790395200000,0.487,0.4908,0.4835,0.4869,454013.1,221477.00805
1790398800000,0.4869,0.4907,0.4851,0.4873,305175.8,148815.07296
1790402400000,0.4873,0.49,0.4846,0.4873,340726.3,166007.66067
1790406000000,0.4873,0.4914,0.487,0.4884,505587.5,247535.97863
1790409600000,0.4884,0.4906,0.4844,0.4874,601968.8,293674.51892
1790413200000,0.4874,0.4883,0.4828,0.4847,572135.0,277656.98317
1790416800000,0.4847,0.4987,0.4847,0.4984,1065117.8,525511.91901
1790420400000,0.4984,0.5005,0.4961,0.499,883847.7,440401.24271
1790424000000,0.499,0.5019,0.4948,0.4997,882311.2,440073.47155
1790427600000,0.4997,0.5054,0.4956,0.5027,921983.7,461452.09801
1790431200000,0.5027,0.5086,0.4993,0.5064,1273576.6,641952.0031
1790434800000,0.5064,0.5143,0.5052,0.5097,2020894.6,1030947.84968
1790438400000,0.5097,0.5134,0.5083,0.5119,896727.9,458188.8066
1790442000000,0.5119,0.5123,0.5032,0.5052,799017.3,404314.33454
1790445600000,0.5052,0.5071,0.4964,0.4977,1192598.5,596653.22982
1790449200000,0.4977,0.5011,0.4966,0.4973,437711.0,218375.26833
1790452800000,0.4973,0.4979,0.4814,0.4866,1750520.2,855468.16793
1790456400000,0.4866,0.493,0.4862,0.4913,483922.1,237012.46278
1790460000000,0.4913,0.4937,0.4892,0.4904,292690.6,143796.77325
1790463600000,0.4904,0.4935,0.4901,0.492,235681.6,115923.86857
1790467200000,0.492,0.4921,0.4874,0.4887,640494.8,313387.02585
1790470800000,0.4887,0.4935,0.4874,0.4927,1112086.9,546149.28708
1790474400000,0.4927,0.4942,0.4883,0.4891,422320.8,207776.9785
1790478000000,0.4891,0.4908,0.4883,0.4897,220574.1,107991.52999
1790481600000,0.4897,0.49,0.4832,0.4839,551138.7,268053.37334
1790485200000,0.4839,0.4937,0.4838,0.4926,839689.8,411770.53038
1790488800000,0.4926,0.4975,0.4914,0.4951,548797.1,271347.79669
1790492400000,0.4951,0.5052,0.4939,0.5045,1899954.0,949649.46605
1790496000000,0.5045,0.5046,0.4966,0.4981,803477.7,401815.13864
1790499600000,0.4981,0.4996,0.4935,0.4956,748288.6,371336.53253
1790503200000,0.4956,0.4982,0.494,0.4959,465072.1,230454.92858
1790506800000,0.4959,0.4985,0.4928,0.4951,1203924.6,596612.674
1790510400000,0.4951,0.5031,0.4946,0.4959,1330333.0,664682.4492
1790514000000,0.4959,0.498,0.4885,0.4959,1431043.6,704864.49008
1790517600000,0.4959,0.4977,0.4886,0.4916,1353544.6,668291.24927
1790521200000,0.4916,0.4925,0.4865,0.4922,997488.9,488217.06257
1790524800000,0.4922,0.4949,0.4903,0.493,445051.6,219367.62399
1790528400000,0.493,0.4993,0.4928,0.4982,729381.4,362471.50719
1790532000000,0.4982,0.5082,0.4979,0.5068,1083542.1,545997.39801
1790535600000,0.5068,0.5074,0.5025,0.5043,420131.9,212028.36755
1790539200000,0.5043,0.5087,0.4957,0.4972,1269556.3,635694.11349
1790542800000,0.4972,0.5035,0.4957,0.5019,830467.7,415265.8419
1790546400000,0.5019,0.503,0.4909,0.5014,1688585.7,840020.91596
1790550000000,0.5014,0.5135,0.499,0.5098,1564350.7,793949.91784
1790553600000,0.5098,0.5128,0.4962,0.4967,1756371.3,886623.61507
1790557200000,0.4967,0.5031,0.49,0.4916,2577402.8,1285090.26589
1790560800000,0.4916,0.4978,0.4866,0.4887,1203230.8,590318.88946
1790564400000,0.4887,0.4912,0.4691,0.4743,3921149.0,1877666.85439
1790568000000,0.4743,0.4806,0.4712,0.4786,894109.6,425674.49099
1790571600000,0.4786,0.4805,0.4669,0.4737,1273744.7,601199.52828
1790575200000,0.4737,0.4753,0.4673,0.4689,641095.3,301489.92105
1790578800000,0.4689,0.4717,0.4602,0.4607,1591653.9,738107.94944
1790582400000,0.4607,0.4664,0.4604,0.4627,1226244.8,567743.2153
1790586000000,0.4627,0.465,0.4571,0.4588,1677559.4,771729.87192
1790589600000,0.4588,0.4663,0.4588,0.4631,1342008.5,620775.94601
1790593200000,0.4631,0.4655,0.4617,0.4631,787657.2,364906.97128
1790596800000,0.4631,0.4718,0.462,0.4674,1163590.1,544588.81812
1790600400000,0.4674,0.4674,0.46,0.4611,1047359.1,485357.80436
1790604000000,0.4611,0.4614,0.4398,0.4433,3660226.4,1648675.74583
1790607600000,0.4433,0.4488,0.439,0.447,1751761.6,778624.98401
1790611200000,0.447,0.4553,0.4417,0.4494,1348073.7,606019.14542
1790614800000,0.4494,0.4579,0.4458,0.4521,1517997.6,685899.21694
1790618400000,0.4521,0.4583,0.4508,0.4581,884038.4,402587.21056
1790622000000,0.4581,0.4581,0.4445,0.447,1340091.7,602171.19202
1790625600000,0.447,0.4519,0.4436,0.4473,687310.7,307837.10435
1790629200000,0.4473,0.4501,0.4389,0.4408,987651.5,438980.88111
1790632800000,0.4408,0.4435,0.4362,0.4422,1216595.0,534960.19288
1790636400000,0.4422,0.4491,0.4417,0.4482,435988.7,194268.92547
1790640000000,0.4482,0.4495,0.4434,0.4435,592964.8,265143.75364
1790643600000,0.4435,0.4471,0.4281,0.4312,2842908.6,1233799.7722
1790647200000,0.4312,0.433,0.4236,0.4274,1687605.7,720793.18628
1790650800000,0.4274,0.4324,0.4264,0.4301,878336.8,377713.06228
1790654400000,0.4301,0.4327,0.4263,0.4282,740355.8,317349.77226
1790658000000,0.4282,0.4344,0.4265,0.4341,684218.7,295021.84873
1790661600000,0.4341,0.4418,0.4326,0.4414,763876.7,333196.42233
1790665200000,0.4414,0.4459,0.4384,0.445,785319.2,348130.07911
1790668800000,0.445,0.4526,0.4411,0.452,1161776.2,519871.77639
1790672400000,0.452,0.4585,0.4496,0.4569,1034099.5,468891.45015
1790676000000,0.4569,0.4606,0.4557,0.4565,1800815.8,825216.81609
1790679600000,0.4565,0.4662,0.4555,0.4652,1530502.3,704470.67814
1790683200000,0.4652,0.4689,0.4591,0.4604,1282611.2,593743.08647
1790686800000,0.4604,0.4645,0.4582,0.4622,781836.3,360490.43036
1790690400000,0.4622,0.4692,0.4552,0.4655,2529443.9,1170552.72427
1790694000000,0.4655,0.4664,0.4455,0.4477,4026899.9,1828613.8455
1790697600000,0.4477,0.4497,0.4394,0.4423,1264370.0,562236.71846
1790701200000,0.4423,0.4431,0.4347,0.4386,1032321.7,452830.08864
1790704800000,0.4386,0.4478,0.4385,0.4459,872554.7,387021.90192
1790708400000,0.4459,0.4504,0.4414,0.4421,741855.4,331299.52015
1790712000000,0.4421,0.4511,0.4407,0.4472,695042.3,310384.8276
1790715600000,0.4472,0.4492,0.4423,0.4436,523014.4,232868.39473
1790719200000,0.4436,0.4459,0.4382,0.4405,464093.8,204933.25984
1790722800000,0.4405,0.4446,0.4374,0.4403,426039.6,187727.25591
1790726400000,0.4403,0.4427,0.4368,0.4423,504195.0,221627.9139
1790730000000,0.4423,0.449,0.4413,0.4445,434814.8,193669.68975
1790733600000,0.4445,0.4467,0.4407,0.4425,404242.1,179028.53967
1790737200000,0.4425,0.4438,0.4388,0.4414,531723.7,234420.10209
1790740800000,0.4414,0.4457,0.4402,0.4406,767702.7,340628.62426
1790744400000,0.4406,0.4441,0.4378,0.4418,708748.4,312534.71516
1790748000000,0.4418,0.4435,0.4339,0.4359,843006.1,368834.97429
1790751600000,0.4359,0.4413,0.4342,0.4393,848876.8,372690.6636
1790755200000,0.4393,0.447,0.4369,0.4455,1269141.9,560524.33505
1790758800000,0.4455,0.4526,0.4445,0.4455,1406854.5,629975.25547
1790762400000,0.4455,0.4478,0.4443,0.4458,818114.4,364997.05437
1790766000000,0.4458,0.4475,0.4426,0.4469,722427.8,321759.9085
1790769600000,0.4469,0.457,0.443,0.4538,1712338.6,771699.23962
1790773200000,0.4538,0.4605,0.4454,0.4513,2127558.7,963057.19506
1790776800000,0.4513,0.4539,0.4368,0.4411,3366393.8,1488976.43888
1790780400000,0.4411,0.4434,0.4346,0.4425,1002561.5,440403.59433
1790784000000,0.4425,0.4511,0.4423,0.4495,672421.5,300549.96685
1790787600000,0.4495,0.45,0.4413,0.4426,677199.5,301346.44361
1790791200000,0.4426,0.443,0.4337,0.437,1298182.2,568541.20929
1790794800000,0.437,0.4406,0.4363,0.4386,643354.7,282053.65992
1790798400000,0.4386,0.4435,0.4372,0.4389,603998.7,265379.59445
1790802000000,0.4389,0.4408,0.4368,0.4379,332670.2,145941.44386
1790805600000,0.4379,0.4425,0.4325,0.4406,468403.5,204745.78377
1790809200000,0.4406,0.4438,0.4392,0.4418,452227.2,199685.10102
1790812800000,0.4418,0.4429,0.4394,0.4406,478321.9,210893.87076
1790816400000,0.4406,0.4443,0.4368,0.437,368820.7,162733.20449
1790820000000,0.437,0.4477,0.4362,0.4474,327611.6,144470.02763
1790823600000,0.4474,0.4569,0.4467,0.4567,811465.8,366910.21047
1790827200000,0.4567,0.4573,0.4487,0.4493,811533.6,367584.41094
1790830800000,0.4493,0.4517,0.4483,0.4495,416664.2,187468.41084
1790834400000,0.4495,0.4516,0.4484,0.4511,527387.8,237160.20569
1790838000000,0.4511,0.4513,0.4408,0.4428,1213516.8,539337.3049
1790841600000,0.4428,0.4461,0.4409,0.4453,807055.0,357471.72594
1790845200000,0.4453,0.4464,0.4392,0.4397,647281.8,286023.88741
1790848800000,0.4397,0.4403,0.4306,0.4359,2009053.3,871133.75775
1790852400000,0.4359,0.4371,0.4328,0.4366,437574.7,190293.91411
1790856000000,0.4366,0.4379,0.4322,0.433,400807.8,174335.96831
1790859600000,0.433,0.4346,0.4262,0.4324,2529969.0,1086326.2787
1790863200000,0.4324,0.4329,0.4234,0.4261,1920957.5,822209.64018
1790866800000,0.4261,0.4317,0.4231,0.4286,1671803.8,714780.2004
1790870400000,0.4286,0.431,0.4204,0.4212,1741981.4,739671.45937
1790874000000,0.4212,0.4322,0.4207,0.4313,1278513.7,547543.44749
1790877600000,0.4313,0.4326,0.4275,0.429,576630.2,247746.45656
1790881200000,0.429,0.4322,0.4255,0.4314,556998.0,238936.31577
1790884800000,0.4314,0.4343,0.4291,0.4313,585765.9,252771.09121
1790888400000,0.4313,0.4313,0.425,0.4273,551745.4,235843.37128
1790892000000,0.4273,0.4297,0.4252,0.428,663666.1,283586.13909
1790895600000,0.428,0.4286,0.4259,0.4282,220894.5,94379.67107
1790899200000,0.4282,0.4339,0.4271,0.43,918194.9,396192.4217
1790902800000,0.43,0.4322,0.4276,0.431,445035.7,191309.39152
1790906400000,0.431,0.437,0.431,0.4364,1283666.0,558149.37088
1790910000000,0.4364,0.4392,0.4321,0.4347,604056.1,263052.15462
1790913600000,0.4347,0.4537,0.4344,0.4523,1752074.6,781041.23664
1790917200000,0.4523,0.4523,0.4436,0.4466,1993306.0,892698.54989
1790920800000,0.4466,0.4655,0.4461,0.4633,3491104.0,1597738.44893
1790924400000,0.4633,0.4726,0.4608,0.469,5064462.5,2363692.77617
1790928000000,0.469,0.4697,0.4611,0.4617,1874831.9,871827.06155
1790931600000,0.4617,0.4649,0.4594,0.4619,1898442.7,876126.97107
1790935200000,0.4619,0.4717,0.4585,0.4684,2959532.2,1379723.90471
1790938800000,0.4684,0.4747,0.4673,0.4724,2688279.5,1264992.76065
1790942400000,0.4724,0.49,0.4712,0.4882,5918055.4,2845269.89152
1790946000000,0.4882,0.4909,0.4751,0.4777,3169689.5,1525803.00729
1790949600000,0.4777,0.4821,0.4678,0.4713,2983046.3,1415411.5532
1790953200000,0.4713,0.4725,0.4533,0.459,6436596.7,2962021.44974
1790956800000,0.459,0.4659,0.4568,0.461,1460576.3,673764.52236
1790960400000,0.461,0.463,0.4505,0.4536,3064091.0,1393770.33508
1790964000000,0.4536,0.4549,0.4264,0.4332,6613587.9,2885506.82848
1790967600000,0.4332,0.4397,0.4261,0.4391,4877903.7,2117325.71361
1790971200000,0.4391,0.4423,0.4347,0.435,2954497.6,1296359.87357
1790974800000,0.435,0.4382,0.4321,0.4382,968147.3,421835.80353
1790978400000,0.4382,0.4421,0.4354,0.4393,914479.9,401671.8686
1790982000000,0.4393,0.447,0.4387,0.4465,1277799.6,566702.56113
1790985600000,0.4465,0.4508,0.445,0.4479,1659758.1,743434.45908
1790989200000,0.4479,0.4518,0.446,0.4464,444253.7,199532.18562
1790992800000,0.4464,0.4538,0.4463,0.4514,979900.2,441403.52809
1790996400000,0.4514,0.4548,0.449,0.4499,1093876.0,494648.93194
1791000000000,0.4499,0.4504,0.4421,0.4441,923445.5,410477.62427
1791003600000,0.4441,0.4482,0.4427,0.4453,574434.8,255769.52668
1791007200000,0.4453,0.4499,0.4447,0.4493,1109155.9,496973.62381
1791010800000,0.4493,0.4497,0.4432,0.444,709039.4,316071.33333
1791014400000,0.444,0.446,0.4415,0.4443,1334142.0,592278.26325
1791018000000,0.4443,0.4563,0.4441,0.4549,1391652.2,626191.24936
1791021600000,0.4549,0.4634,0.4544,0.4588,2113411.6,971084.27249
1791025200000,0.4588,0.4649,0.4557,0.4617,1279928.8,589624.72479
1791028800000,0.4617,0.4623,0.4545,0.458,686751.5,314691.28784
1791032400000,0.458,0.4654,0.4569,0.4631,658636.4,303906.13552
1791036000000,0.4631,0.4789,0.462,0.4717,2493400.7,1174398.02652
1791039600000,0.4717,0.481,0.4702,0.4792,2038877.3,971040.53784
1791043200000,0.4792,0.4804,0.4725,0.4725,1173586.8,558982.83528
1791046800000,0.4725,0.481,0.471,0.4734,1747434.0,833453.1366
1791050400000,0.4734,0.475,0.4677,0.4685,881953.9,414971.77562
1791054000000,0.4685,0.4715,0.4664,0.4697,468817.0,219911.30081
1791057600000,0.4697,0.473,0.4693,0.4728,435547.5,205286.33342
1791061200000,0.4728,0.4734,0.4675,0.468,482560.3,226540.48672
1791064800000,0.468,0.4722,0.4659,0.4707,749780.3,351086.58677
1791068400000,0.4707,0.4735,0.4688,0.4726,662238.8,312475.02828
1791072000000,0.4726,0.4751,0.4679,0.4688,487481.7,230066.58253
1791075600000,0.4688,0.4711,0.4666,0.4669,277098.8,129959.74547
1791079200000,0.4669,0.4689,0.4654,0.468,493415.7,230322.68448
1791082800000,0.468,0.4701,0.4658,0.468,371298.5,173939.06357
1791086400000,0.468,0.4766,0.4677,0.4746,811656.0,384054.07876
1791090000000,0.4746,0.4816,0.4729,0.4788,1890536.7,902737.62764
1791093600000,0.4788,0.4887,0.4784,0.4803,2152909.0,1041479.80323
1791097200000,0.4803,0.4837,0.4765,0.4771,1068908.9,512488.55875
1791100800000,0.4771,0.4791,0.4719,0.4752,1028032.5,488803.03161
1791104400000,0.4752,0.4752,0.4699,0.472,452276.7,213660.71972
1791108000000,0.472,0.473,0.4681,0.4694,416286.3,195601.55756
1791111600000,0.4694,0.472,0.4682,0.4697,301738.8,141855.87526
1791115200000,0.4697,0.4719,0.4677,0.4709,291358.5,136774.90582
1791118800000,0.4709,0.4719,0.4687,0.4697,239675.6,112644.59558
1791122400000,0.4697,0.4724,0.4679,0.4705,574663.8,270526.24076
1791126000000,0.4705,0.4727,0.4667,0.4673,516043.5,242078.31294
1791129600000,0.4673,0.4698,0.464,0.4679,879482.3,410553.01244
1791133200000,0.4679,0.471,0.4677,0.4687,591190.7,277257.22731
1791136800000,0.4687,0.4751,0.4687,0.4748,359104.9,169391.07957
1791140400000,0.4748,0.4825,0.4734,0.4796,1449399.3,692819.32028
1791144000000,0.4796,0.4821,0.4754,0.4757,951523.1,455623.8589
1791147600000,0.4757,0.4775,0.4713,0.472,922467.6,437809.38211
1791151200000,0.472,0.4777,0.472,0.4772,782481.3,372025.9962
1791154800000,0.4772,0.4798,0.4769,0.479,458330.3,219338.48764
1791158400000,0.479,0.4832,0.4775,0.4816,898843.2,431883.98723
1791162000000,0.4816,0.4825,0.4761,0.4793,836242.0,400551.32804
1791165600000,0.4793,0.4892,0.4791,0.4875,1196163.9,580461.65207
1791169200000,0.4875,0.4876,0.4784,0.4792,1442081.8,696786.96654
1791172800000,0.4792,0.4825,0.4698,0.471,1936123.4,918304.48398
1791176400000,0.471,0.4752,0.4702,0.4739,653332.7,308643.68729
1791180000000,0.4739,0.4796,0.4737,0.4785,1186716.2,565807.69829
1791183600000,0.4785,0.483,0.4769,0.4823,826275.2,396517.13731
1791187200000,0.4823,0.4833,0.4726,0.4751,1393474.8,664450.78988
1791190800000,0.4751,0.4772,0.4739,0.4748,302990.0,144090.56985
1791194400000,0.4748,0.478,0.4731,0.4767,324489.7,154323.19015
1791198000000,0.4767,0.4813,0.4759,0.4774,462166.8,221149.42842
