timestamp,open,high,low,close,volume,turnover
1780113600000,0.007461,0.007542,0.007431,0.007481,3507920,26289.85463
1780117200000,0.007481,0.007492,0.007357,0.007412,2341250,17366.45787
1780120800000,0.007412,0.007431,0.007277,0.007383,2626020,19261.81769
1780124400000,0.007383,0.007694,0.007351,0.00766,5814040,44067.13513
1780128000000,0.00766,0.007708,0.007511,0.007584,5082400,38675.99423
1780131600000,0.007584,0.007676,0.007389,0.007657,5749680,43191.11299
1780135200000,0.007657,0.007946,0.007603,0.007926,9777790,76320.55154
1780138800000,0.007926,0.008147,0.00789,0.007995,21664090,174142.54354
1780142400000,0.007995,0.008145,0.007756,0.007883,14999400,119235.5764
1780146000000,0.007883,0.008,0.007789,0.007868,5116540,40249.32692
1780149600000,0.007868,0.007967,0.007763,0.007914,5495880,43352.48906
1780153200000,0.007914,0.008056,0.007878,0.00801,3194860,25481.70425
1780156800000,0.00801,0.00813,0.007974,0.008037,3527890,28402.13163
1780160400000,0.008037,0.008058,0.007882,0.007917,6982030,55490.60364
1780164000000,0.007917,0.008328,0.007856,0.008278,16611440,135604.05015
1780167600000,0.008278,0.008396,0.008075,0.008118,9296270,76767.90034
1780171200000,0.008118,0.00817,0.008029,0.008057,7729570,62500.38599
1780174800000,0.008057,0.008298,0.008013,0.008095,10626500,86344.90669
1780178400000,0.008095,0.008129,0.008003,0.008052,1415620,11404.39355
1780182000000,0.008052,0.008103,0.007912,0.008015,3664400,29274.83514
1780185600000,0.008015,0.008055,0.007744,0.007874,9532850,75438.23528
1780189200000,0.007874,0.007879,0.007751,0.007793,3402030,26546.22779
1780192800000,0.007793,0.007862,0.007755,0.007793,2536500,19811.4338
1780196400000,0.007793,0.007801,0.007525,0.007572,6762580,51738.75923
1780200000000,0.007572,0.007599,0.007376,0.007383,6935610,51768.58561
1780203600000,0.007383,0.007492,0.007206,0.00724,6447760,47199.36513
1780207200000,0.00724,0.007255,0.006453,0.006637,41895860,282182.65765
1780210800000,0.006637,0.008177,0.006456,0.007918,71417470,536409.37302
1780214400000,0.007918,0.008344,0.007728,0.00826,19716310,158120.99817
1780218000000,0.00826,0.00834,0.007968,0.007984,5836270,47364.88619
1780221600000,0.007984,0.008086,0.0078,0.007932,5502790,43767.48069
1780225200000,0.007932,0.007988,0.007854,0.007865,2201770,17451.49113
1780228800000,0.007865,0.007915,0.007746,0.007804,2686330,21038.8254
1780232400000,0.007804,0.007812,0.007555,0.007576,3300030,25314.79648
1780236000000,0.007576,0.007582,0.006804,0.006886,19978520,142099.33447
1780239600000,0.006886,0.007335,0.006758,0.007115,26297170,185217.77786
1780243200000,0.007115,0.007133,0.00683,0.006879,5075100,35273.21333
1780246800000,0.006879,0.006998,0.006852,0.006987,3793880,26280.34386
1780250400000,0.006987,0.007477,0.006959,0.007256,18487130,134453.64408
1780254000000,0.007256,0.007268,0.007016,0.007118,7432350,52878.34356
1780257600000,0.007118,0.007118,0.006985,0.007024,2381400,16767.71908
1780261200000,0.007024,0.007226,0.007002,0.007114,4248030,30207.50568
1780264800000,0.007114,0.007141,0.007035,0.007079,4906170,34709.29622
1780268400000,0.007079,0.007154,0.007025,0.007117,2516310,17864.98366
1780272000000,0.007117,0.007283,0.006936,0.007273,7730540,54651.31087
1780275600000,0.007273,0.007415,0.007173,0.007186,6499580,47484.29201
1780279200000,0.007186,0.007231,0.007124,0.007205,2004850,14393.45091
1780282800000,0.007205,0.007217,0.007027,0.007066,2444100,17300.09852
1780286400000,0.007066,0.007068,0.006865,0.00692,3910880,27052.1178
1780290000000,0.00692,0.007574,0.006898,0.007453,12431440,90748.06726
1780293600000,0.007453,0.007478,0.007218,0.007366,3991720,29119.30871
1780297200000,0.007366,0.00766,0.007283,0.00743,6716740,50536.8717
1780300800000,0.00743,0.007548,0.007402,0.007483,1278470,9546.83933
1780304400000,0.007483,0.007531,0.007416,0.007482,1856850,13871.23665
1780308000000,0.007482,0.007685,0.007356,0.007555,5634850,42321.68532
1780311600000,0.007555,0.007562,0.007348,0.007372,1906460,14268.07906
1780315200000,0.007372,0.007483,0.007363,0.007472,1047750,7788.84914
1780318800000,0.007472,0.008047,0.007457,0.007982,8886130,69035.54533
1780322400000,0.007982,0.00809,0.0079,0.007964,3100250,24713.57564
1780326000000,0.007964,0.008057,0.007472,0.007972,28737500,222491.34173
1780329600000,0.007972,0.008527,0.007972,0.008483,11162260,91958.91415
1780333200000,0.008483,0.008635,0.008297,0.008475,8172240,68986.70346
1780336800000,0.008475,0.008534,0.008365,0.008427,2984430,25185.36766
1780340400000,0.008427,0.008563,0.00837,0.008473,1087010,9200.99279
1780344000000,0.008473,0.008655,0.008453,0.008575,3313600,28364.08028
1780347600000,0.008575,0.008575,0.00841,0.008528,5675680,48144.45668
1780351200000,0.008528,0.008536,0.008307,0.008374,4962500,41557.9174
1780354800000,0.008374,0.0084,0.007929,0.008233,9806170,79899.13307
1780358400000,0.008233,0.008533,0.008233,0.008267,5421190,45560.53991
1780362000000,0.008267,0.008889,0.008156,0.008786,9110810,77705.72326
1780365600000,0.008786,0.010179,0.008554,0.00984,82221140,769031.20266
1780369200000,0.00984,0.01045,0.008868,0.009512,121106720,1191145.63082
1780372800000,0.009512,0.010172,0.00917,0.009564,76937430,741713.32528
1780376400000,0.009564,0.011547,0.00893,0.010043,196650620,2022223.05249
1780380000000,0.010043,0.011338,0.009803,0.011281,75629900,799587.68911
1780383600000,0.011281,0.012042,0.011179,0.011539,141255930,1645529.77024
1780387200000,0.011539,0.011867,0.010704,0.011227,125394390,1409873.29246
1780390800000,0.011227,0.011831,0.010454,0.01175,180907810,2038526.6987
1780394400000,0.01175,0.011986,0.010963,0.011456,157284690,1793080.23532
1780398000000,0.011456,0.011646,0.0112,0.01135,85096670,971733.43053
1780401600000,0.01135,0.011387,0.01039,0.010896,222842480,2408013.52637
1780405200000,0.010896,0.011833,0.01088,0.011536,180924560,2079028.33123
1780408800000,0.011536,0.012674,0.011018,0.01151,300285300,3472041.82732
1780412400000,0.01151,0.011852,0.011085,0.011326,116286140,1341583.53334
1780416000000,0.011326,0.011593,0.0109,0.01128,139028920,1551549.26058
1780419600000,0.01128,0.011661,0.011103,0.011212,56258960,643301.66291
1780423200000,0.011212,0.01152,0.011013,0.011391,41785400,470886.00912
1780426800000,0.011391,0.011737,0.011391,0.011611,37419060,432890.54867
1780430400000,0.011611,0.0119,0.011525,0.011872,40061030,470017.47766
1780434000000,0.011872,0.013,0.011821,0.012897,89678460,1098075.984
1780437600000,0.012897,0.015555,0.012792,0.014254,369799860,5219887.84014
1780441200000,0.014254,0.016677,0.013648,0.016317,176151440,2646868.36244
1780444800000,0.016317,0.016779,0.010832,0.011886,495619830,6573194.68804
1780448400000,0.011886,0.013008,0.0111,0.012798,137606990,1641795.79819
1780452000000,0.012798,0.01315,0.012149,0.012746,83970870,1066905.97704
1780455600000,0.012746,0.013717,0.012535,0.01274,72591270,946588.13778
1780459200000,0.01274,0.013457,0.011862,0.012967,85539160,1090095.98979
1780462800000,0.012967,0.013266,0.012611,0.01283,41625670,539915.22181
1780466400000,0.01283,0.013018,0.012212,0.01289,46154270,581137.07411
1780470000000,0.01289,0.014145,0.012852,0.01345,49140510,660427.73002
1780473600000,0.01345,0.014464,0.013182,0.01361,50994710,706895.18605
1780477200000,0.01361,0.014079,0.013453,0.013878,24864160,342755.21671
1780480800000,0.013878,0.01407,0.013058,0.013728,39363700,532207.76954
1780484400000,0.013728,0.01407,0.013467,0.013615,14959020,205284.70365
1780488000000,0.013615,0.013731,0.012814,0.01295,39762290,523487.78518
1780491600000,0.01295,0.013872,0.012898,0.013758,27504040,370332.14776
1780495200000,0.013758,0.013758,0.013166,0.013594,13804080,185984.31127
1780498800000,0.013594,0.013721,0.01317,0.01359,11336970,152868.19296
1780502400000,0.01359,0.0141,0.013517,0.014007,24946480,344912.09053
1780506000000,0.014007,0.014337,0.013734,0.013939,26452560,371705.76142
1780509600000,0.013939,0.014818,0.013726,0.014495,20400550,293381.45556
1780513200000,0.014495,0.014781,0.014353,0.014432,18270230,266097.99758
1780516800000,0.014432,0.014649,0.013806,0.01436,21288480,301936.02531
1780520400000,0.01436,0.014845,0.014286,0.014724,8460640,123235.49053
1780524000000,0.014724,0.014891,0.013989,0.014151,12962660,186626.34853
1780527600000,0.014151,0.015776,0.014051,0.015414,16885020,250914.57196
1780531200000,0.015414,0.015668,0.013522,0.013813,51748170,754492.75087
1780534800000,0.013813,0.013991,0.012872,0.013168,35866910,483357.27072
1780538400000,0.013168,0.013627,0.0127,0.012819,27350150,360311.62037
1780542000000,0.012819,0.013691,0.012716,0.013,10305380,136986.45019
1780545600000,0.013,0.013125,0.012721,0.012865,13668290,175690.58243
1780549200000,0.012865,0.013177,0.012815,0.012903,7251280,94089.91087
1780552800000,0.012903,0.013811,0.01274,0.013476,18613700,246286.81535
1780556400000,0.013476,0.013522,0.012539,0.012744,15662710,200318.43192
1780560000000,0.012744,0.013036,0.012372,0.012596,13199800,167798.34615
1780563600000,0.012596,0.012652,0.012196,0.01225,10912260,134896.56535
1780567200000,0.01225,0.012397,0.012222,0.01228,11286360,138766.76502
1780570800000,0.01228,0.012336,0.012223,0.01226,6851010,84162.88614
1780574400000,0.01226,0.012311,0.012177,0.012292,5052830,61932.92635
1780578000000,0.012292,0.012597,0.012204,0.0125,8023940,99120.40305
1780581600000,0.0125,0.012857,0.012257,0.012544,10909350,137141.93736
1780585200000,0.012544,0.012698,0.012415,0.012582,3706870,46502.51596
1780588800000,0.012582,0.012982,0.012364,0.012478,6410750,80561.19904
1780592400000,0.012478,0.012571,0.012342,0.012468,2391180,29807.80227
1780596000000,0.012468,0.012574,0.011735,0.0119,12802530,153603.46382
1780599600000,0.0119,0.012015,0.011787,0.011814,7562820,89811.48933
1780603200000,0.011814,0.01192,0.011697,0.011722,4636090,54739.27611
1780606800000,0.011722,0.011975,0.011675,0.011694,2254770,26682.52032
1780610400000,0.011694,0.011852,0.011662,0.011765,2816670,33149.05932
1780614000000,0.011765,0.011855,0.011676,0.011717,1529920,17962.27946
1780617600000,0.011717,0.011857,0.011665,0.01172,1985160,23377.62068
1780621200000,0.01172,0.012029,0.01165,0.011651,3333770,39428.05089
1780624800000,0.011651,0.013326,0.011573,0.011988,38014260,471836.66695
1780628400000,0.011988,0.012228,0.011704,0.011779,9643180,114946.66179
1780632000000,0.011779,0.012324,0.011731,0.012306,6970540,83840.86908
1780635600000,0.012306,0.012467,0.01173,0.01173,5739910,69221.52663
1780639200000,0.01173,0.011954,0.011703,0.011747,4431430,52295.75466
1780642800000,0.011747,0.012627,0.008892,0.011805,118061880,1248525.90054
1780646400000,0.011805,0.0125,0.011421,0.012236,35948470,432473.96796
1780650000000,0.012236,0.012384,0.010526,0.010857,27980780,316332.11375
1780653600000,0.010857,0.011007,0.010328,0.010568,7367250,79084.94347
1780657200000,0.010568,0.010656,0.010234,0.010474,7754270,80858.0751
1780660800000,0.010474,0.011873,0.01037,0.011161,26607660,296692.68806
1780664400000,0.011161,0.011177,0.010493,0.01063,8696590,93929.29191
1780668000000,0.01063,0.011063,0.01057,0.011016,5079800,55338.94974
1780671600000,0.011016,0.012019,0.010948,0.011237,11289350,129001.15248
1780675200000,0.011237,0.011888,0.011164,0.011511,11546060,134028.44444
1780678800000,0.011511,0.011592,0.01133,0.011485,2259240,25823.88104
1780682400000,0.011485,0.01152,0.01087,0.011221,2979260,33444.99799
1780686000000,0.011221,0.011238,0.010917,0.011074,2072970,22923.08438
1780689600000,0.011074,0.011076,0.01086,0.010917,2576440,28207.42876
1780693200000,0.010917,0.010986,0.010706,0.010986,2333690,25324.08679
1780696800000,0.010986,0.01133,0.010915,0.011319,2691360,29920.52034
1780700400000,0.011319,0.011651,0.011311,0.011471,3307640,37863.7708
1780704000000,0.011471,0.012746,0.011424,0.012127,13963280,168364.75118
1780707600000,0.012127,0.012757,0.011816,0.011991,8303440,102499.78056
1780711200000,0.011991,0.0124,0.011893,0.012397,2210540,26928.56331
1780714800000,0.012397,0.01241,0.011816,0.012283,7014050,84589.14256
1780718400000,0.012283,0.012433,0.012149,0.012433,3652430,44960.61966
1780722000000,0.012433,0.012893,0.012292,0.012718,7087800,89226.12571
1780725600000,0.012718,0.01306,0.012617,0.0127,13827670,178205.64665
1780729200000,0.0127,0.013034,0.01261,0.012928,5865310,75532.13632
1780732800000,0.012928,0.012984,0.012703,0.012892,2916730,37529.36406
1780736400000,0.012892,0.013016,0.012628,0.012835,6201580,79246.46692
1780740000000,0.012835,0.013498,0.01266,0.013185,11174490,146581.08904
1780743600000,0.013185,0.013615,0.013176,0.013441,15948030,213978.96025
1780747200000,0.013441,0.0135,0.012626,0.012825,17868130,231659.26265
1780750800000,0.012825,0.013062,0.012597,0.012838,9481900,121506.71765
1780754400000,0.012838,0.01305,0.012619,0.012703,10874450,139605.67449
1780758000000,0.012703,0.012854,0.012663,0.012782,3987130,50830.72886
1780761600000,0.012782,0.013045,0.012739,0.012877,3893790,50238.79926
1780765200000,0.012877,0.013054,0.012771,0.0129,4519270,58314.19425
1780768800000,0.0129,0.012979,0.012672,0.012973,4515690,57790.97485
1780772400000,0.012973,0.013049,0.012812,0.012905,2262570,29286.48347
1780776000000,0.012905,0.012969,0.012717,0.012905,3734160,47893.3124
1780779600000,0.012905,0.012984,0.012852,0.012887,1206020,15581.43273
1780783200000,0.012887,0.012967,0.012796,0.012858,2141520,27602.15694
1780786800000,0.012858,0.012866,0.012761,0.012771,3024160,38711.34323
1780790400000,0.012771,0.01311,0.012694,0.012964,5176310,67011.82151
1780794000000,0.012964,0.013021,0.012713,0.012824,4652170,59761.68567
1780797600000,0.012824,0.012964,0.012721,0.012893,2245660,28871.99682
1780801200000,0.012893,0.012929,0.012712,0.012835,2455290,31483.48164
1780804800000,0.012835,0.012991,0.012726,0.012926,2716490,34932.50491
1780808400000,0.012926,0.013059,0.012649,0.01282,4605570,59201.78839
1780812000000,0.01282,0.012845,0.01272,0.012828,1601410,20440.44759
1780815600000,0.012828,0.012928,0.01272,0.012914,1361650,17478.17463
1780819200000,0.012914,0.013048,0.012838,0.012838,2384290,30830.95057
1780822800000,0.012838,0.012881,0.01264,0.012746,3123950,39834.5101
1780826400000,0.012746,0.012891,0.012726,0.012872,1948240,24960.91457
1780830000000,0.012872,0.013081,0.012768,0.012813,3523550,45386.67471
1780833600000,0.012813,0.012867,0.012688,0.012693,3171120,40509.0343
1780837200000,0.012693,0.012755,0.012034,0.012319,11522080,142003.36415
1780840800000,0.012319,0.01248,0.012312,0.012359,3703180,45857.57856
1780844400000,0.012359,0.012389,0.011669,0.012162,22356640,267617.34918
1780848000000,0.012162,0.012274,0.012035,0.012258,2445180,29829.76728
1780851600000,0.012258,0.012899,0.01223,0.012886,4526000,56844.92061
1780855200000,0.012886,0.013475,0.012622,0.012652,10691760,139616.24849
1780858800000,0.012652,0.013474,0.012486,0.012621,12272190,159621.69366
1780862400000,0.012621,0.013145,0.012468,0.012959,7981910,102224.23337
1780866000000,0.012959,0.013211,0.01247,0.012705,4512340,58396.94895
1780869600000,0.012705,0.013232,0.01269,0.012879,4367080,56506.89429
1780873200000,0.012879,0.013041,0.012798,0.012957,2555890,33008.85617
1780876800000,0.012957,0.013278,0.012944,0.013128,2040480,26789.63176
1780880400000,0.013128,0.013499,0.013043,0.013499,2111230,28088.2435
1780884000000,0.013499,0.01376,0.012618,0.0128,15952300,209380.24238
1780887600000,0.0128,0.012816,0.0125,0.012698,2365470,30110.92019
1780891200000,0.012698,0.012865,0.012418,0.012532,6055340,76377.53541
1780894800000,0.012532,0.012559,0.012211,0.012472,3472960,43020.75957
1780898400000,0.012472,0.01311,0.012428,0.012942,7028120,90383.18494
1780902000000,0.012942,0.012955,0.012593,0.012652,4159930,53023.45173
1780905600000,0.012652,0.013139,0.012582,0.012853,10134150,129062.55235
1780909200000,0.012853,0.012853,0.012256,0.012533,9535700,119730.24046
1780912800000,0.012533,0.0126,0.012411,0.012488,2958940,36969.96784
1780916400000,0.012488,0.012492,0.012201,0.012346,2927520,36086.98928
1780920000000,0.012346,0.012816,0.012346,0.012677,3111630,39245.04865
1780923600000,0.012677,0.012816,0.012516,0.012616,2865420,36230.30393
1780927200000,0.012616,0.012846,0.012569,0.012673,2534270,32187.18734
1780930800000,0.012673,0.012945,0.012591,0.012685,1272830,16253.44535
1780934400000,0.012685,0.012821,0.012545,0.012582,6696240,84789.94398
1780938000000,0.012582,0.012744,0.012512,0.012744,654450,8224.2836
1780941600000,0.012744,0.012906,0.012624,0.012747,3737970,47732.722
1780945200000,0.012747,0.012775,0.012482,0.012727,1481910,18722.63792
1780948800000,0.012727,0.012936,0.012663,0.012895,3023660,38723.96821
1780952400000,0.012895,0.01303,0.012714,0.012817,1674000,21559.74122
1780956000000,0.012817,0.013216,0.012799,0.013002,3170720,41375.66333
1780959600000,0.013002,0.013526,0.012826,0.01286,2553760,33394.07763
1780963200000,0.01286,0.013153,0.01286,0.013081,738080,9641.16811
1780966800000,0.013081,0.013275,0.013081,0.013188,1737420,22879.2871
1780970400000,0.013188,0.013439,0.013158,0.013413,1270780,16900.30792
1780974000000,0.013413,0.014092,0.013382,0.01407,6192350,85106.15421
1780977600000,0.01407,0.014498,0.012487,0.013076,22439670,302035.04825
1780981200000,0.013076,0.013457,0.012705,0.013255,7183250,93406.72762
1780984800000,0.013255,0.013633,0.012735,0.013064,6730410,88290.7916
1780988400000,0.013064,0.013342,0.013041,0.01311,2468600,32517.09778
1780992000000,0.01311,0.013164,0.012626,0.012806,4992430,63861.8426
1780995600000,0.012806,0.012849,0.01243,0.012572,7524310,94932.31493
1780999200000,0.012572,0.012668,0.01247,0.012555,2866960,36011.19528
1781002800000,0.012555,0.012555,0.012366,0.012415,4774140,59494.35591
1781006400000,0.012415,0.012423,0.011769,0.011824,15618430,188654.17951
1781010000000,0.011824,0.011879,0.011501,0.011598,3098970,36239.5992
1781013600000,0.011598,0.011659,0.011101,0.011154,2920590,33390.61779
1781017200000,0.011154,0.011268,0.010868,0.011009,4675630,51693.90518
1781020800000,0.011009,0.011377,0.01091,0.011178,4010720,44846.59033
1781024400000,0.011178,0.011178,0.010775,0.010818,3205390,35033.26781
1781028000000,0.010818,0.010921,0.010746,0.01079,2297980,24892.34268
1781031600000,0.01079,0.011051,0.01079,0.011024,1098890,11980.5157
1781035200000,0.011024,0.012509,0.010976,0.011995,20439990,242205.68441
1781038800000,0.011995,0.012206,0.011718,0.011974,5622970,67324.83532
1781042400000,0.011974,0.012151,0.011911,0.011947,1869370,22458.7264
1781046000000,0.011947,0.012058,0.011792,0.011844,2720560,32389.95113
1781049600000,0.011844,0.011968,0.011611,0.011736,1674160,19639.31346
1781053200000,0.011736,0.011824,0.011616,0.011772,1317380,15455.91128
1781056800000,0.011772,0.012239,0.011736,0.012157,4546330,54471.88011
1781060400000,0.012157,0.012451,0.012031,0.012224,3293050,40399.93906
1781064000000,0.012224,0.012224,0.011732,0.011812,4120900,49102.32449
1781067600000,0.011812,0.012684,0.011773,0.012448,8068890,99354.57411
1781071200000,0.012448,0.013645,0.01229,0.013552,17850300,232106.3947
1781074800000,0.013552,0.01393,0.011765,0.012688,91923320,1166064.55669
1781078400000,0.012688,0.012989,0.012645,0.012901,6226100,79771.05392
1781082000000,0.012901,0.01371,0.012851,0.013601,6631620,88895.6421
1781085600000,0.013601,0.013924,0.012325,0.012763,17680410,230939.41405
1781089200000,0.012763,0.012837,0.012392,0.01251,2519640,31653.99841
1781092800000,0.01251,0.012767,0.012026,0.012168,4856130,59661.18683
1781096400000,0.012168,0.012434,0.012155,0.012411,1531770,18831.23802
1781100000000,0.012411,0.012641,0.012375,0.012514,2897820,36227.6904
1781103600000,0.012514,0.012629,0.012268,0.012334,4093850,50884.34284
1781107200000,0.012334,0.012344,0.011634,0.011769,16389190,196154.52539
1781110800000,0.011769,0.012339,0.011703,0.012292,2769950,33232.39348
1781114400000,0.012292,0.012321,0.012177,0.012306,1602840,19639.99333
1781118000000,0.012306,0.012635,0.012295,0.012632,2035830,25377.88243
1781121600000,0.012632,0.012705,0.012417,0.012578,2308230,29019.08466
1781125200000,0.012578,0.012785,0.0123,0.012459,11417040,142849.08725
1781128800000,0.012459,0.012775,0.012345,0.012763,6161950,77088.71903
1781132400000,0.012763,0.012783,0.01256,0.012744,1273400,16137.84572
1781136000000,0.012744,0.01303,0.012684,0.013016,2105350,27115.53791
1781139600000,0.013016,0.013167,0.012742,0.012829,4700200,61097.85065
1781143200000,0.012829,0.013199,0.012705,0.013036,4135220,53587.2386
1781146800000,0.013036,0.013109,0.012834,0.01298,2192600,28429.48223
1781150400000,0.01298,0.013312,0.012852,0.012885,4906580,64205.97215
1781154000000,0.012885,0.013033,0.012707,0.012957,2573980,33013.34605
1781157600000,0.012957,0.013081,0.012787,0.012892,1265640,16322.92805
1781161200000,0.012892,0.012944,0.012715,0.012748,1123260,14391.63368
1781164800000,0.012748,0.012984,0.0127,0.012984,955130,12287.20816
1781168400000,0.012984,0.013015,0.0127,0.012895,2396710,30634.58346
1781172000000,0.012895,0.013077,0.012719,0.012737,3920680,50606.76532
1781175600000,0.012737,0.01284,0.01262,0.012686,1116770,14205.87656
1781179200000,0.012686,0.012686,0.012434,0.012491,2563290,32182.07337
1781182800000,0.012491,0.013022,0.012474,0.012789,2750580,35153.33784
1781186400000,0.012789,0.012863,0.012735,0.012792,478430,6121.91401
1781190000000,0.012792,0.012966,0.01275,0.012948,508360,6526.24586
1781193600000,0.012948,0.013034,0.012658,0.01271,1999670,25600.60458
1781197200000,0.01271,0.012776,0.012564,0.012613,812890,10278.72544
1781200800000,0.012613,0.012671,0.012549,0.012639,588320,7426.53608
1781204400000,0.012639,0.012864,0.012612,0.012754,914170,11634.6065
1781208000000,0.012754,0.013062,0.012705,0.013055,1619890,20901.25009
1781211600000,0.013055,0.013235,0.013018,0.013235,2785080,36538.45815
1781215200000,0.013235,0.013241,0.012821,0.012911,4285770,55600.43952
1781218800000,0.012911,0.012984,0.012772,0.012885,1786280,22968.19732
1781222400000,0.012885,0.013137,0.012779,0.012854,2053640,26508.99452
1781226000000,0.012854,0.012854,0.012721,0.012796,1112000,14222.91066
1781229600000,0.012796,0.013676,0.012765,0.013487,3311950,44129.50571
1781233200000,0.013487,0.013843,0.013419,0.013738,1676120,22895.49729
1781236800000,0.013738,0.013768,0.013374,0.013732,1808710,24631.37487
1781240400000,0.013732,0.013919,0.01353,0.01391,5384550,73911.16968
1781244000000,0.01391,0.013924,0.013475,0.013607,3618840,49547.22112
1781247600000,0.013607,0.01362,0.013278,0.013378,2564030,34477.57872
1781251200000,0.013378,0.013445,0.012569,0.012598,7229100,92787.33364
1781254800000,0.012598,0.013267,0.012487,0.013072,3509460,45337.46126
1781258400000,0.013072,0.013274,0.012881,0.01305,1927730,25312.92154
1781262000000,0.01305,0.013175,0.01288,0.013074,2405400,31444.73977
1781265600000,0.013074,0.013112,0.012814,0.012867,2498620,32283.44514
1781269200000,0.012867,0.012956,0.01272,0.012857,1299360,16638.61258
1781272800000,0.012857,0.012972,0.012597,0.012837,1767740,22605.00317
1781276400000,0.012837,0.012895,0.012528,0.012542,939610,11909.20264
1781280000000,0.012542,0.012714,0.012456,0.01261,513510,6457.53963
1781283600000,0.01261,0.012672,0.01235,0.012431,1256790,15696.95005
1781287200000,0.012431,0.013027,0.012424,0.012752,3233980,41150.47749
1781290800000,0.012752,0.012818,0.012536,0.012741,1337690,16922.1167
1781294400000,0.012741,0.012929,0.0127,0.012845,1265420,16248.56933
1781298000000,0.012845,0.013072,0.012797,0.012952,2441680,31684.83069
1781301600000,0.012952,0.013087,0.012864,0.012884,1110600,14437.79759
1781305200000,0.012884,0.012985,0.01279,0.012891,437200,5634.84374
1781308800000,0.012891,0.012961,0.012721,0.012831,2004040,25717.25744
1781312400000,0.012831,0.012992,0.012809,0.012846,358730,4631.03025
1781316000000,0.012846,0.012846,0.012582,0.012647,717600,9079.79053
1781319600000,0.012647,0.012698,0.012488,0.012516,647900,8148.59643
1781323200000,0.012516,0.013068,0.01239,0.012918,2731650,34853.6177
1781326800000,0.012918,0.013485,0.012905,0.013342,4553530,60159.36166
1781330400000,0.013342,0.013442,0.013168,0.013427,1782380,23718.40363
1781334000000,0.013427,0.013607,0.013338,0.013441,1927980,25987.02146
1781337600000,0.013441,0.013551,0.01308,0.013352,6401830,85168.70718
1781341200000,0.013352,0.01338,0.012855,0.012874,4442600,58323.19844
1781344800000,0.012874,0.013107,0.012638,0.012667,4680710,60299.69904
1781348400000,0.012667,0.01292,0.0125,0.012867,2820330,35798.73661
1781352000000,0.012867,0.012981,0.012789,0.01282,1602070,20609.48624
1781355600000,0.01282,0.012866,0.012617,0.012699,1811630,23073.03989
1781359200000,0.012699,0.013012,0.012495,0.013003,1510600,19333.10235
1781362800000,0.013003,0.013018,0.012362,0.012417,8074570,102263.96262
1781366400000,0.012417,0.012421,0.012053,0.012086,3905180,47772.5876
1781370000000,0.012086,0.012371,0.012036,0.01214,1662080,20287.30546
1781373600000,0.01214,0.012376,0.01208,0.012324,1005930,12333.69119
1781377200000,0.012324,0.012499,0.012271,0.012411,657240,8146.53191
1781380800000,0.012411,0.012482,0.012198,0.012297,1236920,15268.24025
1781384400000,0.012297,0.012352,0.012083,0.012083,350720,4284.75202
1781388000000,0.012083,0.012338,0.012028,0.012264,1149990,14081.2528
1781391600000,0.012264,0.012298,0.012147,0.012207,400690,4902.38239
1781395200000,0.012207,0.012461,0.012192,0.012395,528470,6546.85229
1781398800000,0.012395,0.012434,0.012326,0.012374,657550,8147.35041
1781402400000,0.012374,0.012579,0.012286,0.012545,1179120,14676.47403
1781406000000,0.012545,0.012556,0.012151,0.012177,2980070,36673.50407
1781409600000,0.012177,0.012253,0.011985,0.012165,945680,11422.91948
1781413200000,0.012165,0.012262,0.012129,0.012209,455870,5561.38335
1781416800000,0.012209,0.012722,0.012183,0.012598,1759010,21921.25563
1781420400000,0.012598,0.012867,0.01253,0.012864,1116480,14185.24808
1781424000000,0.012864,0.013038,0.012722,0.012836,2511730,32349.36118
1781427600000,0.012836,0.012861,0.012627,0.012627,362270,4620.56214
1781431200000,0.012627,0.01275,0.012571,0.012658,324070,4104.52574
1781434800000,0.012658,0.012693,0.012552,0.012555,498160,6279.09417
1781438400000,0.012555,0.012779,0.012525,0.012745,793220,10048.97018
1781442000000,0.012745,0.013132,0.012555,0.012683,13627210,175007.43265
1781445600000,0.012683,0.01296,0.012644,0.012834,2394000,30549.89455
1781449200000,0.012834,0.012993,0.012586,0.012675,2886150,36817.14057
1781452800000,0.012675,0.012712,0.01194,0.012255,4628580,56968.84878
1781456400000,0.012255,0.012431,0.012225,0.012283,605830,7458.18974
1781460000000,0.012283,0.012329,0.012145,0.012176,676260,8277.44164
1781463600000,0.012176,0.0122,0.012047,0.012113,842270,10207.68057
1781467200000,0.012113,0.012297,0.01206,0.01221,855540,10446.44347
1781470800000,0.01221,0.012371,0.012166,0.012303,582600,7140.29899
1781474400000,0.012303,0.012412,0.012065,0.01213,1991990,24289.06168
1781478000000,0.01213,0.012479,0.012059,0.012334,1530010,18731.19342
1781481600000,0.012334,0.01239,0.012274,0.012355,358090,4417.73573
1781485200000,0.012355,0.012424,0.012324,0.012381,373040,4616.14327
1781488800000,0.012381,0.012579,0.01235,0.012527,1173810,14605.35264
1781492400000,0.012527,0.012757,0.012481,0.012702,2009500,25296.6535
1781496000000,0.012702,0.012941,0.012702,0.012901,831570,10655.92182
1781499600000,0.012901,0.013,0.01275,0.012857,963000,12429.16514
1781503200000,0.012857,0.013065,0.012738,0.012845,1184180,15220.34915
1781506800000,0.012845,0.0129,0.012769,0.012848,855730,10994.95577
1781510400000,0.012848,0.013313,0.012815,0.01321,1052790,13682.6022
1781514000000,0.01321,0.014079,0.013175,0.013694,4307890,58947.72836
1781517600000,0.013694,0.0142,0.013553,0.014147,1480220,20445.46795
1781521200000,0.014147,0.015118,0.014135,0.015118,6497810,95714.68263
1781524800000,0.015118,0.015314,0.014449,0.014866,15278060,228042.14395
1781528400000,0.014866,0.015615,0.014811,0.015327,4701350,71681.11584
1781532000000,0.015327,0.015931,0.01528,0.015781,5333740,82649.0751
1781535600000,0.015781,0.015914,0.013921,0.014047,10485540,154073.18217
1781539200000,0.014047,0.01444,0.01335,0.014311,9063180,125620.04689
1781542800000,0.014311,0.014316,0.013909,0.014088,1169810,16460.09167
1781546400000,0.014088,0.014194,0.013837,0.013882,2555810,35809.41667
1781550000000,0.013882,0.014191,0.013836,0.014047,1635680,22959.40333
1781553600000,0.014047,0.01428,0.014,0.01424,887630,12565.99738
1781557200000,0.01424,0.01429,0.014087,0.014285,821140,11654.34788
1781560800000,0.014285,0.014592,0.014245,0.014528,2232650,32231.92961
1781564400000,0.014528,0.014629,0.014178,0.014476,3875340,55819.83791
1781568000000,0.014476,0.014518,0.013722,0.014165,4276310,59888.68242
1781571600000,0.014165,0.014258,0.01398,0.014139,1704040,24063.36816
1781575200000,0.014139,0.014529,0.014116,0.014256,1866570,26717.28784
1781578800000,0.014256,0.014306,0.013906,0.014273,1921550,27116.95084
1781582400000,0.014273,0.014375,0.01409,0.014256,2071660,29479.60796
1781586000000,0.014256,0.014379,0.013993,0.01411,2293450,32450.88092
1781589600000,0.01411,0.014172,0.013966,0.01402,1871360,26288.8052
1781593200000,0.01402,0.014058,0.01376,0.01378,2970260,41383.16684
1781596800000,0.01378,0.014112,0.013576,0.013588,2131510,29424.54281
1781600400000,0.013588,0.013724,0.013441,0.013577,2372240,32113.84114
1781604000000,0.013577,0.013789,0.013351,0.013564,1635300,22130.06442
1781607600000,0.013564,0.013653,0.013479,0.013648,586890,7972.64684
1781611200000,0.013648,0.013648,0.013442,0.013499,988260,13383.24536
1781614800000,0.013499,0.013513,0.013053,0.013091,4682740,62099.63445
1781618400000,0.013091,0.013523,0.012952,0.013104,5854490,77224.14088
1781622000000,0.013104,0.013144,0.011645,0.011936,19638580,244994.21291
1781625600000,0.011936,0.01232,0.011792,0.012258,4411140,53140.37813
1781629200000,0.012258,0.01236,0.012089,0.012125,870820,10624.68054
1781632800000,0.012125,0.012176,0.012049,0.01206,998210,12078.10694
1781636400000,0.01206,0.012076,0.011816,0.011907,1470470,17534.23236
1781640000000,0.011907,0.011955,0.011718,0.011836,1316510,15538.16125
1781643600000,0.011836,0.013021,0.011752,0.01256,5697250,70016.8617
1781647200000,0.01256,0.012784,0.012296,0.012432,5047890,63215.19342
1781650800000,0.012432,0.012932,0.012338,0.01257,4206260,53112.92455
1781654400000,0.01257,0.012671,0.012386,0.012405,1529570,19174.54024
1781658000000,0.012405,0.01241,0.012108,0.012167,1053960,12857.02442
1781661600000,0.012167,0.012238,0.01202,0.01207,2026710,24507.82346
1781665200000,0.01207,0.012738,0.012003,0.012614,5040370,62634.27518
1781668800000,0.012614,0.012784,0.012263,0.012427,3449400,43484.29182
1781672400000,0.012427,0.012783,0.012384,0.012758,1468630,18522.15055
1781676000000,0.012758,0.013046,0.012696,0.012847,1958280,25197.62338
1781679600000,0.012847,0.013081,0.012767,0.013052,3460640,44723.99325
1781683200000,0.013052,0.013174,0.012855,0.012872,1117220,14561.43692
1781686800000,0.012872,0.013288,0.01269,0.013257,2725610,35389.97978
1781690400000,0.013257,0.013582,0.013088,0.013496,1852890,24865.61766
1781694000000,0.013496,0.014113,0.013447,0.014017,8263220,114087.79885
1781697600000,0.014017,0.014363,0.013905,0.014269,6618410,93533.94066
1781701200000,0.014269,0.014568,0.01412,0.014265,5812490,83342.65376
1781704800000,0.014265,0.014551,0.013963,0.014201,4178150,59418.51306
1781708400000,0.014201,0.014419,0.013938,0.014368,2979280,42061.40498
1781712000000,0.014368,0.014869,0.014325,0.014816,10767780,157680.49218
1781715600000,0.014816,0.015161,0.014791,0.015139,11160530,167653.34922
1781719200000,0.015139,0.015496,0.014931,0.01534,10881730,165505.29044
1781722800000,0.01534,0.015481,0.015,0.015303,9209740,140253.28041
1781726400000,0.015303,0.01699,0.015265,0.016572,59777850,974810.42196
1781730000000,0.016572,0.016664,0.016047,0.016473,30162660,494491.50304
1781733600000,0.016473,0.017677,0.016379,0.017139,40110580,676821.43217
1781737200000,0.017139,0.017289,0.014478,0.015181,49346420,783556.0894
1781740800000,0.015181,0.015989,0.014914,0.015599,14322010,222177.33447
1781744400000,0.015599,0.015755,0.01534,0.015398,5300510,82219.03703
1781748000000,0.015398,0.015565,0.01469,0.014872,10490530,157852.59228
1781751600000,0.014872,0.015863,0.014872,0.015718,7744100,119638.24708
1781755200000,0.015718,0.015908,0.015328,0.015433,4038300,63009.6188
1781758800000,0.015433,0.015531,0.015247,0.015343,3295070,50755.004
1781762400000,0.015343,0.015853,0.015245,0.015853,4744230,73853.18155
1781766000000,0.015853,0.015893,0.015496,0.01563,4446770,69897.97692
1781769600000,0.01563,0.016838,0.015603,0.016599,11971490,196457.39008
1781773200000,0.016599,0.017151,0.0162,0.01649,7435790,123047.03094
1781776800000,0.01649,0.017069,0.01623,0.016978,11369810,189791.47866
1781780400000,0.016978,0.016978,0.016295,0.016758,11916060,198317.69931
1781784000000,0.016758,0.017,0.016136,0.016298,18331550,302708.62913
1781787600000,0.016298,0.017,0.016191,0.016714,8381490,139577.24169
1781791200000,0.016714,0.016948,0.016567,0.01665,6726780,112681.2383
1781794800000,0.01665,0.016714,0.015054,0.015348,14753480,232371.43963
1781798400000,0.015348,0.015998,0.014491,0.015191,24485640,376176.72559
1781802000000,0.015191,0.01544,0.014984,0.015053,2305680,35004.61204
1781805600000,0.015053,0.015195,0.014967,0.015012,2353600,35429.54458
1781809200000,0.015012,0.015253,0.014895,0.015181,2846400,42790.58054
1781812800000,0.015181,0.015247,0.014821,0.01508,1933740,28975.44075
1781816400000,0.01508,0.015462,0.015022,0.015212,3087200,47202.78945
1781820000000,0.015212,0.015808,0.015131,0.01556,2555920,39769.44669
1781823600000,0.01556,0.015643,0.015324,0.015335,1556600,24149.42037
1781827200000,0.015335,0.015513,0.014835,0.015027,2723350,41100.73323
1781830800000,0.015027,0.015296,0.014942,0.015214,1735350,26285.76836
1781834400000,0.015214,0.016241,0.015163,0.016194,3493960,54971.1107
1781838000000,0.016194,0.016549,0.015352,0.015523,10493750,167502.64778
1781841600000,0.015523,0.015576,0.015142,0.015318,8077380,124505.79483
1781845200000,0.015318,0.016031,0.015012,0.015991,6799240,105713.59975
1781848800000,0.015991,0.01646,0.015728,0.015837,6976490,112499.83721
1781852400000,0.015837,0.015977,0.015221,0.015961,4483260,69460.52592
1781856000000,0.015961,0.015979,0.015299,0.01534,7432520,115784.95323
1781859600000,0.01534,0.015378,0.014636,0.014796,5951300,89788.08701
1781863200000,0.014796,0.015137,0.0145,0.01487,4791590,70635.15777
1781866800000,0.01487,0.014992,0.014694,0.014937,1636130,24300.5413
1781870400000,0.014937,0.016398,0.014877,0.016256,12516180,197614.0711
1781874000000,0.016256,0.01667,0.014556,0.014877,59832440,912488.54236
1781877600000,0.014877,0.014885,0.01285,0.013717,53825900,740439.80595
1781881200000,0.013717,0.013839,0.013242,0.013691,6962600,94647.94735
1781884800000,0.013691,0.013695,0.01335,0.013609,5153430,69606.00519
1781888400000,0.013609,0.013804,0.013522,0.013725,3355610,45697.33147
1781892000000,0.013725,0.013786,0.013418,0.013446,1436900,19507.45304
1781895600000,0.013446,0.013908,0.013443,0.013858,1606330,22093.83307
1781899200000,0.013858,0.014038,0.01368,0.013681,1851730,25734.04612
1781902800000,0.013681,0.013737,0.013472,0.013547,1722550,23379.73996
1781906400000,0.013547,0.01357,0.013417,0.013448,427750,5763.23451
1781910000000,0.013448,0.013638,0.013401,0.01348,750740,10163.0605
1781913600000,0.01348,0.013539,0.013388,0.013399,531170,7158.4629
1781917200000,0.013399,0.013624,0.013359,0.01356,1263170,16985.58281
1781920800000,0.01356,0.013973,0.013518,0.013539,2934060,40370.74846
1781924400000,0.013539,0.013677,0.013445,0.013499,1901950,25780.7442
1781928000000,0.013499,0.013735,0.013495,0.013731,1627870,22146.23385
1781931600000,0.013731,0.013774,0.013657,0.013733,886140,12144.62678
1781935200000,0.013733,0.013869,0.013667,0.013695,1704100,23489.13257
1781938800000,0.013695,0.014237,0.013571,0.014192,4305930,59993.7044
1781942400000,0.014192,0.014579,0.014108,0.014568,3426380,49104.06701
1781946000000,0.014568,0.014934,0.014524,0.014934,4033790,59386.17087
1781949600000,0.014934,0.015543,0.01466,0.015169,5708660,86212.49682
1781953200000,0.015169,0.015549,0.015125,0.015381,5224860,80289.41316
1781956800000,0.015381,0.016095,0.015017,0.015092,5546770,85847.03585
1781960400000,0.015092,0.015281,0.014035,0.015177,13419640,198901.67407
1781964000000,0.015177,0.015193,0.014763,0.014986,7057550,105531.71168
1781967600000,0.014986,0.01582,0.014973,0.015817,6005780,92819.82267
1781971200000,0.015817,0.015939,0.015592,0.015811,2208810,34852.24606
1781974800000,0.015811,0.017436,0.015783,0.017361,7929070,131567.18594
1781978400000,0.017361,0.017577,0.016749,0.017012,15543710,266783.2864
1781982000000,0.017012,0.017376,0.01656,0.01681,8531000,144864.00273
1781985600000,0.01681,0.017104,0.016679,0.016773,3927280,66410.16514
1781989200000,0.016773,0.01696,0.01657,0.016645,3039300,50880.38988
1781992800000,0.016645,0.016746,0.016272,0.01635,4802970,78897.36925
1781996400000,0.01635,0.016351,0.015855,0.016249,10988390,177416.5446
1782000000000,0.016249,0.016396,0.015202,0.015467,7668630,120668.30642
1782003600000,0.015467,0.015567,0.015034,0.015078,4472490,68312.06638
1782007200000,0.015078,0.015542,0.01501,0.015026,5672600,86339.56425
1782010800000,0.015026,0.015173,0.015026,0.015068,990190,14964.83294
1782014400000,0.015068,0.015226,0.014971,0.015166,2552060,38562.86374
1782018000000,0.015166,0.015496,0.01501,0.015387,2807190,42610.6448
1782021600000,0.015387,0.015499,0.015,0.015074,1885710,28555.09628
1782025200000,0.015074,0.015524,0.015051,0.015278,1899420,29159.16714
1782028800000,0.015278,0.015389,0.015068,0.015096,1622740,24696.72961
1782032400000,0.015096,0.015318,0.015015,0.015197,929970,14088.52579
1782036000000,0.015197,0.015248,0.01492,0.014974,1474970,22184.39914
1782039600000,0.014974,0.015119,0.014856,0.014857,1157740,17294.89439
1782043200000,0.014857,0.014938,0.014763,0.014806,410400,6094.96983
1782046800000,0.014806,0.01487,0.014711,0.014802,588880,8703.98433
1782050400000,0.014802,0.014896,0.014568,0.014631,898280,13228.43483
1782054000000,0.014631,0.014718,0.014568,0.014695,647870,9492.0273
1782057600000,0.014695,0.014695,0.013774,0.014014,14852880,208680.80226
1782061200000,0.014014,0.014106,0.013791,0.013919,2893010,40270.6947
1782064800000,0.013919,0.01403,0.013714,0.013993,2070710,28628.48165
1782068400000,0.013993,0.014082,0.01351,0.013556,2450280,33815.08956
1782072000000,0.013556,0.01363,0.013435,0.013581,2528410,34244.30717
1782075600000,0.013581,0.014073,0.013381,0.014073,5504780,75230.9689
1782079200000,0.014073,0.014073,0.013849,0.01404,1078400,15054.7953
1782082800000,0.01404,0.014385,0.013895,0.013951,2748280,38918.20916
1782086400000,0.013951,0.014465,0.013875,0.014283,3488440,49429.94324
1782090000000,0.014283,0.01469,0.014174,0.014622,2917000,42401.68829
1782093600000,0.014622,0.014622,0.014171,0.014306,2175600,31109.13193
1782097200000,0.014306,0.01457,0.014243,0.0143,2194690,31657.32422
1782100800000,0.0143,0.014594,0.014222,0.014467,973560,14058.59236
1782104400000,0.014467,0.014678,0.014338,0.014528,999870,14505.45468
1782108000000,0.014528,0.014718,0.014268,0.01441,1982580,28688.45688
1782111600000,0.01441,0.014572,0.014319,0.014495,2006010,29024.17275
1782115200000,0.014495,0.014707,0.014465,0.014622,1335860,19522.49107
1782118800000,0.014622,0.014622,0.014402,0.014424,1751210,25371.57911
1782122400000,0.014424,0.014676,0.014424,0.014507,1597510,23207.27221
1782126000000,0.014507,0.014688,0.014465,0.01457,610130,8920.68494
1782129600000,0.01457,0.01457,0.014362,0.014477,767120,11086.22461
1782133200000,0.014477,0.014582,0.014465,0.014524,883520,12831.1561
1782136800000,0.014524,0.014718,0.014419,0.014553,1059630,15399.96816
1782140400000,0.014553,0.014611,0.014424,0.014487,537780,7795.56325
1782144000000,0.014487,0.014689,0.014467,0.014467,1241330,18046.60168
1782147600000,0.014467,0.014616,0.014386,0.014508,575640,8315.05747
1782151200000,0.014508,0.014534,0.014122,0.014284,1438830,20528.07474
1782154800000,0.014284,0.014381,0.014191,0.014325,1414290,20206.09907
1782158400000,0.014325,0.014376,0.01415,0.014153,1699000,24231.6322
1782162000000,0.014153,0.014299,0.014129,0.014263,740150,10514.06905
1782165600000,0.014263,0.014489,0.014194,0.014489,1148020,16487.11286
1782169200000,0.014489,0.01473,0.014397,0.014488,3781010,55141.67408
1782172800000,0.014488,0.014534,0.014268,0.014342,672620,9710.68766
1782176400000,0.014342,0.014417,0.014194,0.014202,627510,8979.35761
1782180000000,0.014202,0.014647,0.014153,0.014588,1698420,24563.95829
1782183600000,0.014588,0.014895,0.01456,0.014826,2080850,30686.42867
1782187200000,0.014826,0.014855,0.014602,0.014701,1005920,14823.26286
1782190800000,0.014701,0.014918,0.014655,0.014897,1152860,17082.38364
1782194400000,0.014897,0.015146,0.0146,0.015089,5473400,81899.5236
1782198000000,0.015089,0.015207,0.014959,0.01516,1588290,23990.16889
1782201600000,0.01516,0.015268,0.014694,0.015066,4246510,63716.87333
1782205200000,0.015066,0.015162,0.014718,0.014887,1572250,23662.40652
1782208800000,0.014887,0.015081,0.014814,0.014854,753890,11263.64077
1782212400000,0.014854,0.015978,0.01481,0.01573,7818640,122798.66796
1782216000000,0.01573,0.016079,0.015545,0.016037,6637890,105106.43455
1782219600000,0.016037,0.016157,0.015266,0.015922,7110400,112557.7641
1782223200000,0.015922,0.016174,0.015462,0.015826,7158500,112743.41945
1782226800000,0.015826,0.015894,0.015639,0.015649,3319240,52292.13577
1782230400000,0.015649,0.015824,0.015553,0.015608,1771110,27749.858
1782234000000,0.015608,0.015693,0.015371,0.015467,1402880,21796.82451
1782237600000,0.015467,0.01551,0.015033,0.015165,3148040,47839.78856
1782241200000,0.015165,0.0152,0.014962,0.014962,1009240,15199.87906
1782244800000,0.014962,0.015046,0.014823,0.014854,1227760,18272.64273
1782248400000,0.014854,0.014964,0.014759,0.01482,1150560,17069.56956
1782252000000,0.01482,0.015225,0.014798,0.014972,2503490,37593.66866
1782255600000,0.014972,0.015246,0.014954,0.015044,1867340,28228.19498
1782259200000,0.015044,0.015155,0.014916,0.015108,980660,14780.81931
1782262800000,0.015108,0.015225,0.015011,0.015098,611140,9244.04526
1782266400000,0.015098,0.015173,0.014992,0.015142,1706930,25759.91065
1782270000000,0.015142,0.015798,0.015142,0.015789,5279700,81780.00408
1782273600000,0.015789,0.016013,0.014972,0.015441,6145530,95698.98552
1782277200000,0.015441,0.015732,0.015388,0.015506,3845170,59996.83582
1782280800000,0.015506,0.015542,0.014804,0.01488,8772500,131929.43064
1782284400000,0.01488,0.014922,0.014421,0.014672,9786490,143634.96478
1782288000000,0.014672,0.01469,0.014082,0.014251,13179430,189099.24685
1782291600000,0.014251,0.014282,0.014012,0.014029,5943580,84076.91364
1782295200000,0.014029,0.014156,0.013793,0.013987,5921530,82816.19896
1782298800000,0.013987,0.014231,0.01388,0.014142,3934540,55096.14122
1782302400000,0.014142,0.014583,0.014105,0.014144,5925950,84897.1538
1782306000000,0.014144,0.014914,0.014033,0.01468,9872560,143888.0744
1782309600000,0.01468,0.014949,0.014558,0.01491,7043720,104041.48032
1782313200000,0.01491,0.01497,0.014692,0.0148,3293230,48664.01444
1782316800000,0.0148,0.014973,0.014619,0.014691,3185170,47084.96835
1782320400000,0.014691,0.014753,0.014441,0.014576,3211220,46803.24306
1782324000000,0.014576,0.014627,0.01439,0.014474,1159970,16821.23022
1782327600000,0.014474,0.014592,0.014356,0.014528,2145130,30978.98603
1782331200000,0.014528,0.014582,0.014328,0.014391,468070,6768.53675
1782334800000,0.014391,0.014603,0.014384,0.014594,2285430,33088.19444
1782338400000,0.014594,0.015006,0.014543,0.015006,3136020,46141.61868
1782342000000,0.015006,0.015098,0.014893,0.014971,1919810,28836.97609
1782345600000,0.014971,0.014993,0.014599,0.014798,2480890,36652.41947
1782349200000,0.014798,0.015209,0.014798,0.014921,2920360,43991.54
1782352800000,0.014921,0.015011,0.014823,0.014883,1080880,16132.6447
1782356400000,0.014883,0.015038,0.014865,0.014999,571170,8547.54651
1782360000000,0.014999,0.01508,0.014918,0.015016,1819920,27236.07632
1782363600000,0.015016,0.015115,0.014906,0.014926,2089270,31333.41988
1782367200000,0.014926,0.01562,0.014837,0.01524,8919840,136646.19719
1782370800000,0.01524,0.015803,0.015147,0.015148,11057460,171878.22648
1782374400000,0.015148,0.01525,0.014956,0.015199,7532450,113632.36235
1782378000000,0.015199,0.015289,0.014997,0.015282,4376870,66146.66942
1782381600000,0.015282,0.015297,0.014799,0.015225,6127800,92636.78307
1782385200000,0.015225,0.015309,0.014381,0.014785,8024820,120547.32474
1782388800000,0.014785,0.01482,0.014314,0.014604,8779640,128194.18172
1782392400000,0.014604,0.014714,0.014263,0.014346,8716030,126678.12667
1782396000000,0.014346,0.014687,0.013977,0.014164,11228780,160795.42187
1782399600000,0.014164,0.014385,0.0141,0.014179,7866730,111803.59633
1782403200000,0.014179,0.014586,0.014145,0.014473,2072820,29751.23207
1782406800000,0.014473,0.014575,0.01434,0.014539,1851180,26737.32985
1782410400000,0.014539,0.014674,0.014453,0.014674,877120,12782.66285
1782414000000,0.014674,0.014775,0.014609,0.014674,1054470,15491.94487
1782417600000,0.014674,0.014674,0.014467,0.014575,596220,8679.04552
1782421200000,0.014575,0.014744,0.014529,0.014614,762250,11143.33124
1782424800000,0.014614,0.0152,0.014614,0.014952,2326350,34831.37665
1782428400000,0.014952,0.015036,0.014845,0.014904,1619430,24222.31882
1782432000000,0.014904,0.015023,0.014745,0.014999,1582740,23525.75219
1782435600000,0.014999,0.015037,0.014825,0.015024,1673430,25051.32446
1782439200000,0.015024,0.015217,0.014891,0.015017,2876200,43249.3702
1782442800000,0.015017,0.015331,0.014983,0.015331,1176890,17733.57867
1782446400000,0.015331,0.015532,0.015243,0.015289,4632510,71533.23742
1782450000000,0.015289,0.015484,0.015242,0.015355,546350,8416.46599
1782453600000,0.015355,0.015481,0.015157,0.015423,2130010,32625.98938
1782457200000,0.015423,0.015612,0.015405,0.015538,1773310,27512.76985
1782460800000,0.015538,0.015945,0.015359,0.015511,4794830,75275.59669
1782464400000,0.015511,0.015685,0.015467,0.015605,688400,10726.32888
1782468000000,0.015605,0.015768,0.015415,0.01559,2771110,43261.70791
1782471600000,0.01559,0.015857,0.015506,0.015714,3463160,54350.63169
1782475200000,0.015714,0.015757,0.015443,0.015634,2619200,40894.27532
1782478800000,0.015634,0.015963,0.015622,0.015777,2389130,37753.31642
1782482400000,0.015777,0.015941,0.015762,0.015849,2009230,31885.03905
1782486000000,0.015849,0.015904,0.015653,0.015699,1800650,28416.95279
1782489600000,0.015699,0.015794,0.015511,0.015703,1325900,20744.54741
1782493200000,0.015703,0.016136,0.01552,0.016055,2977900,47360.72726
1782496800000,0.016055,0.01639,0.015952,0.016317,3906990,63249.45132
1782500400000,0.016317,0.016338,0.01578,0.015863,2444810,39119.07876
1782504000000,0.015863,0.016073,0.015685,0.015699,1504110,23890.19395
1782507600000,0.015699,0.015823,0.015587,0.015623,1625740,25539.32738
1782511200000,0.015623,0.015691,0.015096,0.015155,2906840,44507.28177
1782514800000,0.015155,0.015284,0.014902,0.015122,4880210,73469.5018
1782518400000,0.015122,0.015224,0.014858,0.014892,2113050,31876.94273
1782522000000,0.014892,0.014989,0.014778,0.014809,1913660,28478.22842
1782525600000,0.014809,0.014831,0.014688,0.014798,1476100,21792.10273
1782529200000,0.014798,0.014938,0.014632,0.014854,1455760,21491.65954
1782532800000,0.014854,0.01554,0.014833,0.015457,6323070,95649.78005
1782536400000,0.015457,0.015548,0.014971,0.015445,3128760,47682.22869
1782540000000,0.015445,0.01585,0.015301,0.015773,3506790,54750.5615
1782543600000,0.015773,0.016172,0.01571,0.015875,4529220,72377.85448
1782547200000,0.015875,0.016135,0.015794,0.016002,3374840,53939.16667
1782550800000,0.016002,0.016261,0.01599,0.016216,2580340,41570.49641
1782554400000,0.016216,0.016612,0.016125,0.016262,2818790,45916.25444
1782558000000,0.016262,0.016438,0.015455,0.015706,4998580,79642.08745
1782561600000,0.015706,0.016252,0.015413,0.015979,5475070,85948.10149
1782565200000,0.015979,0.016036,0.015249,0.015504,4248720,65859.95794
1782568800000,0.015504,0.01562,0.014946,0.01499,3434630,52413.27723
1782572400000,0.01499,0.015038,0.014637,0.014679,5613070,83241.55359
1782576000000,0.014679,0.014716,0.014305,0.014492,3574740,51730.75959
1782579600000,0.014492,0.014611,0.013966,0.014217,6275760,89318.82292
1782583200000,0.014217,0.01467,0.014178,0.014268,2435370,35317.25088
1782586800000,0.014268,0.014489,0.014164,0.014446,899030,12933.33667
1782590400000,0.014446,0.014446,0.014273,0.014376,780420,11198.4204
1782594000000,0.014376,0.014535,0.014102,0.014234,1024050,14673.54557
1782597600000,0.014234,0.01442,0.014195,0.014309,843530,12087.34782
1782601200000,0.014309,0.014554,0.014202,0.014436,1915870,27629.26999
1782604800000,0.014436,0.014441,0.014166,0.01423,1413840,20195.13979
1782608400000,0.01423,0.014388,0.014163,0.014345,1264200,18069.08025
1782612000000,0.014345,0.014382,0.014174,0.014174,740110,10584.8639
1782615600000,0.014174,0.014197,0.013846,0.0139,2266430,31662.95715
1782619200000,0.0139,0.014021,0.013848,0.013919,800200,11163.29695
1782622800000,0.013919,0.013944,0.013784,0.01381,726630,10084.83618
1782626400000,0.01381,0.013838,0.012007,0.012644,19789480,250035.05163
1782630000000,0.012644,0.012772,0.011906,0.011952,13629950,168611.68723
1782633600000,0.011952,0.01239,0.011952,0.012137,9761750,118638.38709
1782637200000,0.012137,0.012316,0.011831,0.011968,5771340,69679.25757
1782640800000,0.011968,0.012178,0.011947,0.012038,3946370,47504.05179
1782644400000,0.012038,0.012186,0.011931,0.01204,2473970,29799.20478
1782648000000,0.01204,0.012101,0.011777,0.011814,5360610,63752.41241
1782651600000,0.011814,0.012134,0.011617,0.011789,7744200,91758.49226
1782655200000,0.011789,0.012162,0.011752,0.011793,4071620,48382.21629
1782658800000,0.011793,0.012674,0.011733,0.012096,11635080,142408.45701
1782662400000,0.012096,0.012129,0.011994,0.012033,1710780,20628.72349
1782666000000,0.012033,0.012542,0.011315,0.012496,9702370,114191.63922
1782669600000,0.012496,0.012947,0.012039,0.012185,8154450,101453.61741
1782673200000,0.012185,0.01226,0.012118,0.012201,1631140,19869.7333
1782676800000,0.012201,0.012304,0.012064,0.012096,1359820,16514.62959
1782680400000,0.012096,0.012165,0.012076,0.012149,376060,4554.08136
1782684000000,0.012149,0.012149,0.011915,0.012009,1168750,14038.58602
1782687600000,0.012009,0.012188,0.011934,0.012085,2580830,31133.5426
1782691200000,0.012085,0.012226,0.011977,0.012031,1195400,14438.87707
1782694800000,0.012031,0.012114,0.011824,0.011889,2604330,31009.62184
1782698400000,0.011889,0.011891,0.011785,0.011827,913230,10798.63569
1782702000000,0.011827,0.011871,0.011773,0.011818,561900,6642.07523
1782705600000,0.011818,0.011991,0.011788,0.011805,1917570,22709.65817
1782709200000,0.011805,0.012007,0.011794,0.011951,1291230,15374.69807
1782712800000,0.011951,0.01224,0.011874,0.012005,2198030,26550.85196
1782716400000,0.012005,0.012068,0.011936,0.01202,703390,8465.60066
1782720000000,0.01202,0.012291,0.011941,0.012134,1925290,23361.7537
1782723600000,0.012134,0.012183,0.011889,0.011889,927710,11232.68133
1782727200000,0.011889,0.01192,0.011814,0.011834,573950,6807.67368
1782730800000,0.011834,0.012534,0.011832,0.012305,4951290,60748.04142
1782734400000,0.012305,0.012448,0.0122,0.0122,9659090,118658.60712
1782738000000,0.0122,0.012232,0.0122,0.0122,2309650,28188.84474
1782741600000,0.0122,0.012208,0.011854,0.011996,6075690,73356.95686
1782745200000,0.011996,0.012203,0.011994,0.012152,2397250,29038.84136
1782748800000,0.012152,0.012205,0.012047,0.012168,4032950,48919.97778
1782752400000,0.012168,0.012321,0.012113,0.012259,3174860,38797.14583
1782756000000,0.012259,0.012328,0.011855,0.011924,3459080,41841.42284
1782759600000,0.011924,0.012066,0.011868,0.011968,1340750,16014.03785
1782763200000,0.011968,0.012132,0.011942,0.012095,1404000,16902.35305
1782766800000,0.012095,0.012157,0.011991,0.011991,569600,6883.31062
1782770400000,0.011991,0.012089,0.011991,0.012053,88140,1061.39015
1782774000000,0.012053,0.012053,0.011914,0.011941,357360,4275.85504
1782777600000,0.011941,0.012013,0.01189,0.012013,423080,5053.19646
1782781200000,0.012013,0.012042,0.011913,0.011993,2084530,24979.66914
1782784800000,0.011993,0.012019,0.011687,0.011845,4617680,54803.50236
1782788400000,0.011845,0.011891,0.011584,0.011645,1680350,19798.72593
1782792000000,0.011645,0.011873,0.01162,0.011836,1532500,18049.16349
1782795600000,0.011836,0.011863,0.011785,0.011836,605370,7161.16707
1782799200000,0.011836,0.01188,0.011793,0.011838,444280,5254.62522
1782802800000,0.011838,0.011934,0.011833,0.011886,532150,6330.01786
1782806400000,0.011886,0.012004,0.011842,0.011891,1307640,15567.43997
1782810000000,0.011891,0.011913,0.011851,0.011875,528080,6269.00347
1782813600000,0.011875,0.011905,0.011861,0.011885,1181130,14031.98376
1782817200000,0.011885,0.011903,0.011869,0.011893,486210,5778.22765
1782820800000,0.011893,0.011906,0.011601,0.011782,1874630,22052.62258
1782824400000,0.011782,0.011849,0.01176,0.01176,997080,11781.72623
1782828000000,0.01176,0.011808,0.011716,0.011762,753940,8868.69311
1782831600000,0.011762,0.011801,0.01164,0.011683,613340,7190.80953
1782835200000,0.011683,0.011706,0.01155,0.011596,1057010,12303.81777
1782838800000,0.011596,0.011765,0.011571,0.011708,540120,6296.99375
1782842400000,0.011708,0.011723,0.011602,0.011642,138570,1615.89669
1782846000000,0.011642,0.011684,0.011592,0.011682,442360,5139.05371
1782849600000,0.011682,0.011736,0.011668,0.01169,140080,1637.44143
1782853200000,0.01169,0.011706,0.011514,0.011532,654920,7595.70439
1782856800000,0.011532,0.011532,0.011473,0.011478,158430,1821.43733
1782860400000,0.011478,0.011518,0.01146,0.011501,1952640,22435.27266
1782864000000,0.011501,0.011511,0.011466,0.011492,177430,2038.94889
1782867600000,0.011492,0.01152,0.010904,0.010995,6317140,70394.61016
1782871200000,0.010995,0.011054,0.010762,0.010855,2237010,24396.86826
1782874800000,0.010855,0.010938,0.010767,0.010811,1104190,11957.12742
1782878400000,0.010811,0.010876,0.010775,0.010809,869970,9422.94652
1782882000000,0.010809,0.011307,0.010809,0.011298,1611800,17722.68374
1782885600000,0.011298,0.011514,0.011173,0.011466,3060090,34848.66491
1782889200000,0.011466,0.011477,0.011119,0.011148,5849920,66420.52917
1782892800000,0.011148,0.01125,0.010892,0.010964,2067330,22863.97065
1782896400000,0.010964,0.010964,0.010783,0.010938,1689790,18311.84196
1782900000000,0.010938,0.011993,0.010441,0.011143,17453270,195931.89838
1782903600000,0.011143,0.01155,0.011041,0.011514,4023010,44908.48814
1782907200000,0.011514,0.012847,0.011462,0.01278,9181140,111553.07665
1782910800000,0.01278,0.013159,0.012213,0.012645,7770980,99335.21917
1782914400000,0.012645,0.012809,0.012363,0.012737,2009140,25372.52821
1782918000000,0.012737,0.012746,0.012561,0.012732,1316900,16627.4929
1782921600000,0.012732,0.0128,0.012342,0.012661,2240950,28190.8896
1782925200000,0.012661,0.012719,0.012594,0.012644,557800,7057.88054
1782928800000,0.012644,0.012729,0.01251,0.01269,1033810,13033.66469
1782932400000,0.01269,0.012967,0.012657,0.012845,3585870,46158.73912
1782936000000,0.012845,0.012869,0.012716,0.012837,2508530,32119.62861
1782939600000,0.012837,0.012864,0.01276,0.012846,839430,10732.70585
1782943200000,0.012846,0.012862,0.012763,0.012783,431840,5529.01071
1782946800000,0.012783,0.012847,0.012625,0.012783,891710,11360.03803
1782950400000,0.012783,0.012812,0.01255,0.012724,334590,4250.60797
1782954000000,0.012724,0.013015,0.012647,0.012977,335320,4304.18392
1782957600000,0.012977,0.013005,0.012708,0.012714,1944650,24877.58401
1782961200000,0.012714,0.012863,0.012691,0.012733,1098280,13991.66762
1782964800000,0.012733,0.013886,0.012486,0.013785,11886540,157440.21549
1782968400000,0.013785,0.014067,0.013512,0.013945,12118280,166759.67283
1782972000000,0.013945,0.015533,0.013868,0.015068,48916940,726914.62749
1782975600000,0.015068,0.01614,0.01465,0.015867,42364780,656209.47872
1782979200000,0.015867,0.016631,0.015805,0.016227,50564450,821905.82783
1782982800000,0.016227,0.016252,0.015717,0.016049,34349670,548506.54549
1782986400000,0.016049,0.016513,0.015871,0.016327,42898150,698205.43128
1782990000000,0.016327,0.017465,0.015988,0.016278,52889630,880360.27209
1782993600000,0.016278,0.018399,0.016082,0.017836,57493750,993392.86861
1782997200000,0.017836,0.017946,0.016051,0.016783,53509760,901863.29481
1783000800000,0.016783,0.017423,0.015489,0.016999,46791650,770028.60276
1783004400000,0.016999,0.017386,0.016349,0.016776,18006140,303446.04753
1783008000000,0.016776,0.017066,0.0162,0.016476,18841710,313311.35415
1783011600000,0.016476,0.01702,0.016275,0.016948,9859460,164650.15109
1783015200000,0.016948,0.017884,0.016629,0.01746,20509770,353755.84715
1783018800000,0.01746,0.017719,0.016905,0.017577,15460080,268718.83018
1783022400000,0.017577,0.017644,0.016926,0.017397,13586040,235815.006
1783026000000,0.017397,0.017781,0.017397,0.017624,6923450,121852.6189
1783029600000,0.017624,0.017707,0.016671,0.017208,16926580,290847.45507
1783033200000,0.017208,0.017491,0.017097,0.017291,5878140,101895.18165
1783036800000,0.017291,0.017343,0.016595,0.017076,9672680,165518.09575
1783040400000,0.017076,0.018167,0.016995,0.017639,27813010,491194.13425
1783044000000,0.017639,0.018197,0.017113,0.017885,33528370,592109.85675
1783047600000,0.017885,0.018399,0.0177,0.018164,28758520,520876.31101
1783051200000,0.018164,0.018886,0.017195,0.017739,96286470,1767292.61747
1783054800000,0.017739,0.018308,0.015529,0.017196,330366530,5433208.26624
1783058400000,0.017196,0.018403,0.016913,0.018288,52080910,921100.40066
1783062000000,0.018288,0.018429,0.017728,0.018101,23039860,416924.22963
1783065600000,0.018101,0.018499,0.017306,0.018094,28968240,522365.4696
1783069200000,0.018094,0.018364,0.017934,0.018165,6298330,114289.86832
1783072800000,0.018165,0.018312,0.017106,0.017272,12980010,230425.125
1783076400000,0.017272,0.017588,0.016443,0.016656,16036320,273923.51407
1783080000000,0.016656,0.017472,0.016602,0.017012,9121130,156262.02387
1783083600000,0.017012,0.017267,0.016906,0.017081,3459810,59219.2012
1783087200000,0.017081,0.017444,0.01692,0.017398,7428970,127592.42783
1783090800000,0.017398,0.017573,0.016556,0.016596,8958900,151968.25237
1783094400000,0.016596,0.017012,0.016272,0.016827,9064580,150882.08921
1783098000000,0.016827,0.016938,0.016424,0.01667,5586120,92746.57034
1783101600000,0.01667,0.01735,0.016589,0.017012,5103820,86664.81073
1783105200000,0.017012,0.018158,0.016779,0.017634,10830170,190838.36756
1783108800000,0.017634,0.017903,0.017537,0.01761,2721980,48338.79829
1783112400000,0.01761,0.018041,0.017591,0.017789,2636700,47095.01532
1783116000000,0.017789,0.017808,0.017522,0.017664,4347990,76794.92587
1783119600000,0.017664,0.01799,0.017437,0.017554,2965780,52575.35393
1783123200000,0.017554,0.01769,0.017254,0.017537,4150860,72337.78286
1783126800000,0.017537,0.017743,0.017404,0.017661,2366840,41718.6358
1783130400000,0.017661,0.017717,0.017485,0.017689,1064530,18725.69024
1783134000000,0.017689,0.017847,0.017596,0.017717,1751000,31061.44268
1783137600000,0.017717,0.01772,0.017405,0.017646,3119510,54799.49631
1783141200000,0.017646,0.017714,0.01699,0.017113,2998410,51768.0861
1783144800000,0.017113,0.017227,0.016895,0.017193,3249760,55440.64138
1783148400000,0.017193,0.017346,0.016982,0.017154,3403080,58407.79001
1783152000000,0.017154,0.017572,0.016989,0.0172,4856400,83872.41401
1783155600000,0.0172,0.017486,0.017197,0.017348,1289390,22309.99702
1783159200000,0.017348,0.017423,0.016672,0.016792,3801000,64405.51396
1783162800000,0.016792,0.017085,0.01657,0.017059,4762200,80130.46667
1783166400000,0.017059,0.017733,0.016961,0.017598,5264720,91750.26732
1783170000000,0.017598,0.017629,0.017336,0.017463,1927390,33681.25777
1783173600000,0.017463,0.017896,0.017384,0.017825,3159680,56009.79573
1783177200000,0.017825,0.01787,0.017344,0.017674,4007350,70567.19165
1783180800000,0.017674,0.017821,0.017563,0.017688,1973880,34914.78799
1783184400000,0.017688,0.018078,0.017444,0.017608,5740150,101781.2488
1783188000000,0.017608,0.017754,0.017555,0.017692,832820,14712.31415
1783191600000,0.017692,0.01786,0.017592,0.017643,1032480,18284.27737
1783195200000,0.017643,0.017856,0.017596,0.017801,747320,13234.56885
1783198800000,0.017801,0.017848,0.017617,0.01772,1014820,17967.21239
1783202400000,0.01772,0.017811,0.017581,0.017751,2176820,38506.04393
1783206000000,0.017751,0.017914,0.0176,0.01777,5071110,90029.20658
1783209600000,0.01777,0.017801,0.017351,0.017585,1945920,34162.21806
1783213200000,0.017585,0.017609,0.017174,0.017194,2703250,46857.67959
1783216800000,0.017194,0.017569,0.017172,0.017421,1148050,19996.19311
1783220400000,0.017421,0.017429,0.017007,0.017155,1553480,26633.70189
1783224000000,0.017155,0.017488,0.017115,0.01735,1262280,21827.01823
1783227600000,0.01735,0.017399,0.01717,0.017181,1502750,25945.09603
1783231200000,0.017181,0.017274,0.017062,0.017135,1131720,19407.03565
1783234800000,0.017135,0.017149,0.017066,0.017079,297380,5086.43693
1783238400000,0.017079,0.017651,0.017059,0.017411,2575760,44553.85393
1783242000000,0.017411,0.017454,0.017043,0.017312,2251510,38695.49908
1783245600000,0.017312,0.017365,0.016703,0.016877,2615640,44317.95985
1783249200000,0.016877,0.01712,0.016737,0.016973,1055350,17876.00058
1783252800000,0.016973,0.017023,0.016756,0.016923,1573240,26546.83219
1783256400000,0.016923,0.016984,0.016812,0.016857,712400,12044.08912
1783260000000,0.016857,0.017207,0.016683,0.017001,2614690,44179.80437
1783263600000,0.017001,0.017041,0.016768,0.016984,1676100,28319.16681
1783267200000,0.016984,0.016984,0.016824,0.016838,984670,16655.20177
1783270800000,0.016838,0.016859,0.016608,0.016776,1271620,21240.66439
1783274400000,0.016776,0.016927,0.016624,0.016647,917090,15388.23018
1783278000000,0.016647,0.016802,0.016599,0.016641,1831370,30576.66783
1783281600000,0.016641,0.016802,0.016586,0.01671,1368380,22834.45362
1783285200000,0.01671,0.016756,0.016615,0.01663,733400,12233.94946
1783288800000,0.01663,0.016674,0.016572,0.016577,565800,9398.21219
1783292400000,0.016577,0.016654,0.01633,0.016584,1376760,22668.40172
1783296000000,0.016584,0.017072,0.01658,0.016841,2812740,47495.81825
1783299600000,0.016841,0.017451,0.016718,0.017361,2302280,39386.21965
1783303200000,0.017361,0.017732,0.017038,0.017182,4696980,81773.74826
1783306800000,0.017182,0.017262,0.01644,0.016517,4563070,76501.07988
1783310400000,0.016517,0.016819,0.016421,0.01666,1850610,30827.92842
1783314000000,0.01666,0.016737,0.016442,0.016479,1356270,22487.43774
1783317600000,0.016479,0.016621,0.016138,0.0163,3750840,61284.0221
1783321200000,0.0163,0.016805,0.01624,0.01672,2306630,38081.60607
1783324800000,0.01672,0.016825,0.016545,0.016766,454970,7600.68929
1783328400000,0.016766,0.016766,0.016545,0.01671,710670,11825.65669
1783332000000,0.01671,0.016746,0.016529,0.016746,430420,7152.29341
1783335600000,0.016746,0.016825,0.01662,0.016692,1537020,25738.45373
1783339200000,0.016692,0.016848,0.016495,0.016716,2136370,35704.68826
1783342800000,0.016716,0.017077,0.016608,0.016994,1859170,31315.01938
1783346400000,0.016994,0.017302,0.016845,0.016921,3305630,56408.86791
1783350000000,0.016921,0.01717,0.016869,0.016934,1291980,22032.00515
1783353600000,0.016934,0.017296,0.016914,0.017143,4432470,75817.54122
1783357200000,0.017143,0.017274,0.017073,0.017118,4392790,75433.90286
1783360800000,0.017118,0.0196,0.01709,0.019373,23463650,436397.61668
1783364400000,0.019373,0.022827,0.019368,0.022112,152077800,3303165.01913
1783368000000,0.022112,0.024,0.021709,0.023066,120014820,2765062.90429
1783371600000,0.023066,0.024669,0.022414,0.02397,71272380,1686911.62568
1783375200000,0.02397,0.024962,0.022668,0.023136,71244940,1715112.57264
1783378800000,0.023136,0.024407,0.022562,0.024193,47319070,1092994.70562
1783382400000,0.024193,0.024237,0.019931,0.020109,94752960,2046776.3263
1783386000000,0.020109,0.020136,0.018801,0.019069,60310110,1164573.59114
1783389600000,0.019069,0.019184,0.017016,0.018491,76231420,1387104.28388
1783393200000,0.018491,0.018788,0.01785,0.018347,13865770,254705.64625
1783396800000,0.018347,0.019386,0.017879,0.01799,25482700,475093.61336
1783400400000,0.01799,0.018327,0.017857,0.018089,7675480,138695.11998
1783404000000,0.018089,0.018319,0.017801,0.017935,6917330,124414.765
1783407600000,0.017935,0.017964,0.017377,0.017546,11910320,211230.55676
1783411200000,0.017546,0.017917,0.017023,0.017694,9453460,165880.01485
1783414800000,0.017694,0.019352,0.017658,0.018844,24560560,456613.98086
1783418400000,0.018844,0.019757,0.018837,0.019667,23409940,452996.1255
1783422000000,0.019667,0.019683,0.018882,0.019037,9735070,186710.17319
1783425600000,0.019037,0.0196,0.019037,0.019224,10088370,194796.29446
1783429200000,0.019224,0.019402,0.019007,0.019037,3226510,62042.77918
1783432800000,0.019037,0.019186,0.018447,0.018747,6479520,121800.57526
1783436400000,0.018747,0.018828,0.018068,0.018449,6636180,122147.06177
1783440000000,0.018449,0.019251,0.01823,0.018362,4736840,88108.33271
1783443600000,0.018362,0.019945,0.0181,0.019039,15206190,288768.67868
1783447200000,0.019039,0.020257,0.019022,0.020205,7324590,143033.05529
1783450800000,0.020205,0.020724,0.019115,0.019116,9594350,189662.19898
1783454400000,0.019116,0.019852,0.019116,0.019851,2141250,41825.26184
1783458000000,0.019851,0.019888,0.019449,0.019505,2251030,44418.88286
1783461600000,0.019505,0.019627,0.019331,0.019426,1403550,27376.49999
1783465200000,0.019426,0.019587,0.019323,0.019485,758240,14786.66513
1783468800000,0.019485,0.020299,0.019436,0.020026,4263420,85297.38453
1783472400000,0.020026,0.020295,0.019862,0.020142,3933600,78925.53863
1783476000000,0.020142,0.020324,0.018565,0.018855,9616720,184588.79217
1783479600000,0.018855,0.018891,0.018388,0.018462,3682200,68625.88937
1783483200000,0.018462,0.018671,0.0181,0.018405,3928110,72312.8056
1783486800000,0.018405,0.018582,0.018248,0.018296,2459390,45273.55223
1783490400000,0.018296,0.018849,0.018109,0.018138,5547530,102039.57946
1783494000000,0.018138,0.018476,0.01796,0.01804,9600560,174123.90109
1783497600000,0.01804,0.018095,0.017626,0.017679,9401840,168030.81134
1783501200000,0.017679,0.017741,0.017226,0.017383,5726930,99863.23978
1783504800000,0.017383,0.018497,0.01723,0.017947,10383090,184437.96549
1783508400000,0.017947,0.018469,0.01783,0.018386,2677280,48738.17325
1783512000000,0.018386,0.0187,0.018265,0.018291,3807530,70543.46802
1783515600000,0.018291,0.018776,0.01795,0.018716,3377970,62034.05366
1783519200000,0.018716,0.018921,0.018493,0.018869,1551650,28983.93766
1783522800000,0.018869,0.019104,0.018696,0.018775,2356580,44550.16097
1783526400000,0.018775,0.018905,0.018279,0.018876,1522900,28214.05641
1783530000000,0.018876,0.018906,0.018456,0.018604,1460300,27244.3756
1783533600000,0.018604,0.018818,0.018547,0.018547,497960,9306.63496
1783537200000,0.018547,0.018565,0.018294,0.018329,446400,8210.92678
1783540800000,0.018329,0.018384,0.018133,0.018133,727390,13301.28431
1783544400000,0.018133,0.018224,0.018015,0.018059,612330,11102.01508
1783548000000,0.018059,0.01809,0.01783,0.01783,1386380,24885.57996
1783551600000,0.01783,0.01787,0.017583,0.017589,984490,17475.9288
1783555200000,0.017589,0.018261,0.017589,0.018045,1416400,25531.80266
1783558800000,0.018045,0.018537,0.017784,0.017808,4851130,88021.34329
1783562400000,0.017808,0.01796,0.017669,0.017779,1315960,23404.14162
1783566000000,0.017779,0.018306,0.017517,0.017811,3331200,59367.66116
1783569600000,0.017811,0.017928,0.01768,0.017705,331110,5892.02053
1783573200000,0.017705,0.017759,0.016946,0.017404,8735050,150694.41409
1783576800000,0.017404,0.01741,0.016876,0.017311,2074130,35532.75526
1783580400000,0.017311,0.018109,0.017264,0.018079,2335760,41511.33402
1783584000000,0.018079,0.0185,0.017952,0.01808,2920710,53198.93641
1783587600000,0.01808,0.018813,0.017903,0.018616,3867760,71628.88132
1783591200000,0.018616,0.019596,0.018552,0.019505,9082420,174733.12514
1783594800000,0.019505,0.019867,0.01908,0.019808,5587600,108512.17267
1783598400000,0.019808,0.019824,0.019208,0.019419,2370030,46112.94931
1783602000000,0.019419,0.021303,0.019376,0.020393,13158680,267555.11869
1783605600000,0.020393,0.022779,0.019701,0.0216,12984700,274662.89042
1783609200000,0.0216,0.02438,0.021306,0.021998,28936610,652489.0084
1783612800000,0.021998,0.0248,0.021998,0.024192,42956560,1020721.31845
1783616400000,0.024192,0.027295,0.023926,0.027008,149132630,3811276.42251
1783620000000,0.027008,0.03,0.026574,0.029622,183930840,5171708.43141
1783623600000,0.029622,0.029973,0.02763,0.028991,127123070,3660501.83023
1783627200000,0.028991,0.02939,0.027334,0.028296,108885160,3068766.81241
1783630800000,0.028296,0.02885,0.026383,0.027168,84657580,2322243.4623
1783634400000,0.027168,0.027701,0.026115,0.027176,68831670,1853336.29603
1783638000000,0.027176,0.02794,0.026568,0.027259,53292680,1456537.46938
1783641600000,0.027259,0.028856,0.027044,0.027921,82201160,2297580.7759
1783645200000,0.027921,0.029381,0.026467,0.027797,104725660,2925868.49771
1783648800000,0.027797,0.02861,0.027557,0.028219,55715800,1564733.5592
1783652400000,0.028219,0.029094,0.027907,0.028386,48312040,1374079.31754
1783656000000,0.028386,0.028777,0.027905,0.028548,32895260,933610.54697
1783659600000,0.028548,0.028682,0.026548,0.026818,67693110,1867680.82381
1783663200000,0.026818,0.028506,0.026631,0.027284,87525690,2398269.28309
1783666800000,0.027284,0.027751,0.025116,0.026097,106862150,2797279.08005
1783670400000,0.026097,0.02724,0.024806,0.026904,89428780,2341329.81088
1783674000000,0.026904,0.027988,0.026168,0.026584,55420430,1492987.13116
1783677600000,0.026584,0.026965,0.025628,0.02617,46139330,1212983.26658
1783681200000,0.02617,0.026967,0.025714,0.026586,32915420,864521.01585
1783684800000,0.026586,0.026755,0.02423,0.024429,76629390,1939191.78187
1783688400000,0.024429,0.02474,0.023036,0.02342,77968590,1863815.15413
1783692000000,0.02342,0.02342,0.022025,0.022101,52880890,1201835.94217
1783695600000,0.022101,0.022829,0.02193,0.022576,32924150,737962.70241
1783699200000,0.022576,0.023052,0.022128,0.022808,21280850,479880.74299
1783702800000,0.022808,0.022984,0.022437,0.022523,11361700,257773.00928
1783706400000,0.022523,0.023536,0.022344,0.023262,27545330,634149.23371
1783710000000,0.023262,0.024936,0.023155,0.02465,43034480,1047099.19539
1783713600000,0.02465,0.02476,0.023706,0.024409,17104760,414450.04791
1783717200000,0.024409,0.025053,0.024174,0.024448,13087880,321862.85596
1783720800000,0.024448,0.024658,0.024197,0.024332,6255440,152753.90953
1783724400000,0.024332,0.024717,0.024144,0.02437,4253240,103801.46361
1783728000000,0.02437,0.024489,0.023745,0.024207,9028810,217513.22004
1783731600000,0.024207,0.02445,0.023933,0.024123,4273780,103420.50969
1783735200000,0.024123,0.024688,0.024115,0.024486,6481520,158573.28241
1783738800000,0.024486,0.024564,0.022725,0.023135,18595030,434704.67768
1783742400000,0.023135,0.023507,0.022674,0.022821,10013820,230911.82127
1783746000000,0.022821,0.022959,0.022474,0.022859,12048760,273355.39363
1783749600000,0.022859,0.022959,0.022308,0.022336,9796520,221145.4302
1783753200000,0.022336,0.02238,0.021186,0.021596,26724720,580253.50345
1783756800000,0.021596,0.022823,0.021589,0.021896,20747750,458941.78306
1783760400000,0.021896,0.021924,0.020789,0.021377,22142970,472860.82705
1783764000000,0.021377,0.021408,0.020414,0.020916,23208010,483490.30208
1783767600000,0.020916,0.022048,0.020816,0.021616,23990480,518358.95384
1783771200000,0.021616,0.021903,0.020929,0.020968,8726960,187452.05745
1783774800000,0.020968,0.022564,0.020897,0.02169,22154900,483744.67575
1783778400000,0.02169,0.021739,0.0211,0.021368,10933600,233733.44976
1783782000000,0.021368,0.021683,0.021216,0.021336,6771870,145206.78728
1783785600000,0.021336,0.021827,0.021224,0.021632,8392490,180681.46447
1783789200000,0.021632,0.022275,0.021528,0.021992,6947780,153010.96464
1783792800000,0.021992,0.022047,0.021405,0.021744,6986280,151604.01931
1783796400000,0.021744,0.022306,0.021718,0.022016,3683250,81098.92582
1783800000000,0.022016,0.022557,0.021776,0.022455,5978730,131691.2133
1783803600000,0.022455,0.022965,0.022336,0.022427,5884300,133306.14075
1783807200000,0.022427,0.022479,0.022139,0.02222,2659860,59286.83278
1783810800000,0.02222,0.022265,0.02181,0.021964,4222460,93035.13741
1783814400000,0.021964,0.022832,0.021306,0.021472,14013130,309510.41754
1783818000000,0.021472,0.022157,0.020968,0.021599,9963730,214509.46598
1783821600000,0.021599,0.022187,0.021296,0.021804,4988860,108917.89175
1783825200000,0.021804,0.022584,0.021472,0.02222,3733910,82617.85334
1783828800000,0.02222,0.022843,0.02202,0.022592,8917500,199967.6511
1783832400000,0.022592,0.022776,0.022077,0.022428,2822290,63017.41967
1783836000000,0.022428,0.0227,0.022136,0.02224,2742590,61582.59713
1783839600000,0.02224,0.022484,0.021725,0.022483,4813550,106574.12238
1783843200000,0.022483,0.0241,0.021983,0.023452,14827460,344126.26594
1783846800000,0.023452,0.02352,0.02066,0.023098,44468310,983861.56645
1783850400000,0.023098,0.024617,0.022896,0.024192,19883130,475823.72449
1783854000000,0.024192,0.024469,0.023214,0.024153,24247550,576885.34708
1783857600000,0.024153,0.024599,0.023744,0.023912,11095310,267866.43803
1783861200000,0.023912,0.02484,0.023892,0.02444,13789620,337666.78669
1783864800000,0.02444,0.026107,0.02436,0.025054,17640910,443351.70142
1783868400000,0.025054,0.025054,0.022288,0.023737,43214390,1015836.6396
1783872000000,0.023737,0.0238,0.023273,0.023648,9204210,217302.73259
1783875600000,0.023648,0.023661,0.022984,0.02324,9775810,227687.81485
1783879200000,0.02324,0.023366,0.022939,0.023321,6179570,143069.01414
1783882800000,0.023321,0.02339,0.022856,0.023313,6799590,156922.77786
1783886400000,0.023313,0.024888,0.022869,0.024053,35198860,842130.16075
1783890000000,0.024053,0.024353,0.023808,0.023984,6919430,166461.49815
1783893600000,0.023984,0.024033,0.023538,0.023725,10688270,254595.90399
1783897200000,0.023725,0.02376,0.023305,0.02335,5805640,136410.04422
1783900800000,0.02335,0.023657,0.022824,0.023657,8738190,203486.92152
1783904400000,0.023657,0.0248,0.023646,0.024237,13742340,333073.74229
1783908000000,0.024237,0.024326,0.023738,0.023953,8855680,212499.93167
1783911600000,0.023953,0.023953,0.023296,0.023527,9873810,232834.82287
1783915200000,0.023527,0.024578,0.023185,0.024533,13565280,326507.83887
1783918800000,0.024533,0.024818,0.024064,0.024809,16720000,408999.61949
1783922400000,0.024809,0.024988,0.024208,0.02454,14790420,364462.31941
1783926000000,0.02454,0.025194,0.023822,0.024536,23695980,580175.91463
1783929600000,0.024536,0.024641,0.024202,0.024554,9767190,238400.49418
1783933200000,0.024554,0.024607,0.024141,0.02457,4067930,99081.24714
1783936800000,0.02457,0.024953,0.023881,0.024049,13522480,331063.53527
1783940400000,0.024049,0.024312,0.02375,0.024135,6370520,153117.78959
1783944000000,0.024135,0.025048,0.02392,0.02488,7328340,180247.63594
1783947600000,0.02488,0.024968,0.024259,0.02442,4581760,113049.75362
1783951200000,0.02442,0.024943,0.024384,0.024868,12994260,320472.62542
1783954800000,0.024868,0.025182,0.024766,0.024912,4234150,105691.54469
1783958400000,0.024912,0.024912,0.023682,0.023745,7923140,192188.02761
1783962000000,0.023745,0.024306,0.023716,0.024,6060690,145589.55052
1783965600000,0.024,0.025377,0.023731,0.025321,7870300,193277.3496
1783969200000,0.025321,0.025345,0.024458,0.024508,4522020,112026.20799
1783972800000,0.024508,0.024608,0.024348,0.024363,1644190,40209.63036
1783976400000,0.024363,0.024977,0.024166,0.024904,4421830,109054.09306
1783980000000,0.024904,0.025575,0.02483,0.02511,5631440,142138.73664
1783983600000,0.02511,0.0255,0.025019,0.025211,3311760,83489.4688
1783987200000,0.025211,0.025391,0.024872,0.025088,7949500,199796.31759
1783990800000,0.025088,0.025299,0.024578,0.024646,6366470,158641.5733
1783994400000,0.024646,0.025019,0.024491,0.024531,5203370,128839.8158
1783998000000,0.024531,0.025095,0.024336,0.025092,4381780,108290.16077
1784001600000,0.025092,0.025726,0.024803,0.025675,7046380,177994.85605
1784005200000,0.025675,0.025767,0.024752,0.024919,4612720,116556.08109
1784008800000,0.024919,0.025103,0.02436,0.025003,6214670,153291.67785
1784012400000,0.025003,0.025511,0.02468,0.025032,9314430,234323.02376
1784016000000,0.025032,0.025485,0.025032,0.025466,2407820,60764.62548
1784019600000,0.025466,0.027572,0.025432,0.025956,18167090,476344.09767
1784023200000,0.025956,0.027042,0.025851,0.026272,12119100,320673.01578
1784026800000,0.026272,0.026736,0.025639,0.025843,10843530,283816.92643
1784030400000,0.025843,0.025867,0.025024,0.02536,11821300,299496.23966
1784034000000,0.02536,0.02536,0.024949,0.025124,6504240,163381.38503
1784037600000,0.025124,0.025466,0.024767,0.025247,6766360,169640.50028
1784041200000,0.025247,0.02559,0.024755,0.025323,12739410,320534.59064
1784044800000,0.025323,0.026345,0.024776,0.026268,8356130,213066.8858
1784048400000,0.026268,0.0275,0.026182,0.027192,26104620,704493.94948
1784052000000,0.027192,0.027343,0.026252,0.026763,10423950,278832.88414
1784055600000,0.026763,0.027173,0.026688,0.026892,5864410,157512.21732
1784059200000,0.026892,0.027072,0.02649,0.026686,2502030,66800.04619
1784062800000,0.026686,0.026789,0.026449,0.026569,1632690,43445.52953
1784066400000,0.026569,0.026891,0.026538,0.026871,2935390,78569.15616
1784070000000,0.026871,0.027099,0.02679,0.027044,2115760,57031.3464
1784073600000,0.027044,0.027716,0.02688,0.027216,6634680,181426.04383
1784077200000,0.027216,0.027216,0.026218,0.026462,5399220,143839.92281
1784080800000,0.026462,0.028289,0.025858,0.027645,17080660,462417.41788
1784084400000,0.027645,0.028143,0.027361,0.028018,18639370,519731.1129
1784088000000,0.028018,0.028899,0.027659,0.02789,20222900,568559.24854
1784091600000,0.02789,0.028939,0.027715,0.028541,13868910,392256.12281
1784095200000,0.028541,0.034921,0.028319,0.034061,97075790,3081568.00799
1784098800000,0.034061,0.0346,0.032371,0.033291,100392940,3366664.67347
1784102400000,0.033291,0.0359,0.030683,0.032367,115017090,3775700.24631
1784106000000,0.032367,0.033285,0.031057,0.032865,38863960,1254721.08487
1784109600000,0.032865,0.03389,0.032307,0.032929,25740040,850605.10491
1784113200000,0.032929,0.034499,0.032698,0.033722,57730000,1940830.13706
1784116800000,0.033722,0.035429,0.033327,0.034983,47598370,1637309.2399
1784120400000,0.034983,0.035723,0.034566,0.035315,50810610,1792835.50352
1784124000000,0.035315,0.03673,0.034048,0.035616,78314160,2762447.9963
1784127600000,0.035616,0.035738,0.034492,0.035135,28658090,1005419.48644
1784131200000,0.035135,0.036089,0.034378,0.035876,44081520,1564102.08234
1784134800000,0.035876,0.037104,0.035529,0.035844,49957930,1802771.64528
1784138400000,0.035844,0.036225,0.035091,0.035278,39270230,1400461.90065
1784142000000,0.035278,0.036052,0.0347,0.034862,28495770,1004091.62118
1784145600000,0.034862,0.0358,0.034561,0.034891,21841080,766030.76306
1784149200000,0.034891,0.035731,0.034645,0.035335,14951450,525574.6769
1784152800000,0.035335,0.03581,0.035089,0.035232,10736300,380137.86199
1784156400000,0.035232,0.035589,0.03513,0.035437,15104140,534186.18676
1784160000000,0.035437,0.036206,0.034615,0.035073,27095620,959139.15312
1784163600000,0.035073,0.035375,0.034233,0.035268,19063520,664688.66673
1784167200000,0.035268,0.049811,0.034715,0.037116,102034850,3965810.27245
1784170800000,0.037116,0.04403,0.034919,0.041703,137184810,5454349.86712
1784174400000,0.041703,0.044886,0.04155,0.044088,78946510,3405743.91336
1784178000000,0.044088,0.045762,0.042609,0.045136,76749870,3403799.36363
1784181600000,0.045136,0.045696,0.043212,0.045262,57269020,2553136.30335
1784185200000,0.045262,0.046181,0.043638,0.044161,48212380,2164538.41446
1784188800000,0.044161,0.045206,0.03669,0.036798,136395830,5580211.65338
1784192400000,0.036798,0.042477,0.035591,0.041472,149303520,5774185.21755
1784196000000,0.041472,0.043305,0.040422,0.040919,64995060,2693463.39227
1784199600000,0.040919,0.043477,0.039467,0.042515,55040660,2297299.29483
1784203200000,0.042515,0.043704,0.042133,0.042688,24590490,1052315.35423
1784206800000,0.042688,0.043319,0.041578,0.042367,30321410,1279979.52708
1784210400000,0.042367,0.043287,0.041711,0.041773,20766590,882226.79365
1784214000000,0.041773,0.042881,0.041764,0.042176,15752490,667073.06348
1784217600000,0.042176,0.04457,0.042164,0.043335,39881180,1730300.50291
1784221200000,0.043335,0.044417,0.042647,0.043697,20588170,892513.23002
1784224800000,0.043697,0.045047,0.04256,0.043342,26364730,1153750.49918
1784228400000,0.043342,0.043381,0.041369,0.041776,16287580,689530.96734
1784232000000,0.041776,0.042294,0.040944,0.041675,20850970,866993.95693
1784235600000,0.041675,0.045,0.0409,0.042514,23917840,1013615.97989
1784239200000,0.042514,0.043344,0.042304,0.04256,13597140,581104.43253
1784242800000,0.04256,0.043273,0.042017,0.0429,9437230,401547.67396
1784246400000,0.0429,0.043305,0.041951,0.042532,9470550,402962.5869
1784250000000,0.042532,0.042938,0.042137,0.042567,8571180,364997.14695
1784253600000,0.042567,0.04487,0.042182,0.043247,17932510,774739.13502
1784257200000,0.043247,0.044241,0.042863,0.043712,14601100,635478.341
1784260800000,0.043712,0.044133,0.043143,0.043341,10437110,455414.85797
1784264400000,0.043341,0.04413,0.042934,0.043736,10616100,461377.464
1784268000000,0.043736,0.044478,0.042645,0.0435,12582600,548268.25055
1784271600000,0.0435,0.044102,0.04042,0.041077,16848100,715961.91174
1784275200000,0.041077,0.04299,0.04042,0.042668,20311220,852066.52981
1784278800000,0.042668,0.043337,0.041497,0.042395,13844240,587386.65993
1784282400000,0.042395,0.04388,0.041228,0.043778,14814390,627448.11979
1784286000000,0.043778,0.045608,0.04214,0.044747,30611400,1341061.35479
1784289600000,0.044747,0.045923,0.043908,0.044378,21407850,960072.65793
1784293200000,0.044378,0.047,0.044311,0.044566,21122140,960357.77287
1784296800000,0.044566,0.04642,0.044536,0.045706,10354650,472516.72464
1784300400000,0.045706,0.047701,0.04553,0.047228,16124220,747115.7686
1784304000000,0.047228,0.048528,0.0451,0.045337,25366420,1181701.72767
1784307600000,0.045337,0.046938,0.045288,0.046771,7561500,350636.39355
1784311200000,0.046771,0.047356,0.046024,0.046418,6713830,314316.36845
1784314800000,0.046418,0.047158,0.045941,0.046765,6838420,317997.43559
1784318400000,0.046765,0.051284,0.046407,0.047852,29865840,1448491.20012
1784322000000,0.047852,0.049889,0.047128,0.049102,18724740,908328.4282
1784325600000,0.049102,0.04952,0.047587,0.048093,14690860,711897.03578
1784329200000,0.048093,0.0488,0.047751,0.048337,7227130,348796.85907
1784332800000,0.048337,0.049126,0.047794,0.048922,7260730,353578.43195
1784336400000,0.048922,0.048952,0.047629,0.048368,6446710,311572.52025
1784340000000,0.048368,0.049317,0.044902,0.0453,22990660,1077911.62505
1784343600000,0.0453,0.047177,0.043307,0.044625,18497800,830011.9056
1784347200000,0.044625,0.0465,0.044194,0.046075,11810550,533930.44376
1784350800000,0.046075,0.046796,0.044336,0.044387,9601510,438740.51967
1784354400000,0.044387,0.045583,0.043472,0.044204,15463510,684989.15212
1784358000000,0.044204,0.045858,0.043771,0.045259,8274590,369549.40835
1784361600000,0.045259,0.045524,0.043394,0.043973,9930050,437903.141
1784365200000,0.043973,0.046755,0.043694,0.046317,14384640,655383.04037
1784368800000,0.046317,0.049,0.046183,0.048069,19210550,914346.72919
1784372400000,0.048069,0.049672,0.047719,0.048649,18895490,919909.89479
1784376000000,0.048649,0.049664,0.048216,0.049425,11691380,572347.46237
1784379600000,0.049425,0.050147,0.048907,0.049524,9482640,469654.1643
1784383200000,0.049524,0.049829,0.044928,0.045962,27572750,1307825.22854
1784386800000,0.045962,0.046768,0.045248,0.046634,10908940,502784.3967
1784390400000,0.046634,0.048467,0.046414,0.048223,8044240,381476.37752
1784394000000,0.048223,0.050418,0.047555,0.049025,13092230,642928.81148
1784397600000,0.049025,0.049999,0.048379,0.049319,8218070,403448.98238
1784401200000,0.049319,0.050286,0.048607,0.049673,5828590,288524.66881
1784404800000,0.049673,0.05031,0.047163,0.047772,11412270,552462.6739
1784408400000,0.047772,0.048131,0.046384,0.047081,5436350,256432.72
1784412000000,0.047081,0.047349,0.045842,0.046478,7665300,357372.51634
1784415600000,0.046478,0.047377,0.046183,0.046912,9169940,428597.73636
1784419200000,0.046912,0.05013,0.04674,0.049322,20300410,983736.98679
1784422800000,0.049322,0.050136,0.048756,0.049182,9030200,446050.03232
1784426400000,0.049182,0.049418,0.045016,0.046427,13035200,617431.21562
1784430000000,0.046427,0.047434,0.044885,0.04658,15799180,729632.06879
1784433600000,0.04658,0.046915,0.043739,0.043764,15804420,718397.68246
1784437200000,0.043764,0.044326,0.03776,0.037937,46754870,1923218.00404
1784440800000,0.037937,0.047157,0.037454,0.046287,63503060,2734873.067
1784444400000,0.046287,0.04668,0.041204,0.042919,35348740,1533491.08394
1784448000000,0.042919,0.046208,0.042919,0.045832,14150640,638326.57186
1784451600000,0.045832,0.047306,0.04532,0.046376,13167230,607294.73877
1784455200000,0.046376,0.047396,0.044475,0.046752,19160890,878786.6629
1784458800000,0.046752,0.0498,0.04486,0.045719,22779590,1071610.30819
1784462400000,0.045719,0.047603,0.044698,0.047048,11146170,515725.50056
1784466000000,0.047048,0.047365,0.045528,0.045572,10866900,501514.38261
1784469600000,0.045572,0.046925,0.044347,0.045135,10569910,480504.28889
1784473200000,0.045135,0.046775,0.044278,0.04462,10986510,497856.20292
1784476800000,0.04462,0.045139,0.043646,0.044291,5152930,228646.51111
1784480400000,0.044291,0.044567,0.043229,0.044071,5004820,219579.11545
1784484000000,0.044071,0.04439,0.043278,0.043808,6106870,267306.96474
1784487600000,0.043808,0.044111,0.043276,0.043636,4610630,201471.46423
1784491200000,0.043636,0.046713,0.043636,0.046361,10441600,473275.19073
1784494800000,0.046361,0.046588,0.045524,0.045751,3300260,151987.729
1784498400000,0.045751,0.0476,0.045136,0.046043,6392010,294894.50787
1784502000000,0.046043,0.046449,0.045487,0.045661,4539080,207989.74771
1784505600000,0.045661,0.047419,0.044954,0.044993,6908460,318300.40167
1784509200000,0.044993,0.045586,0.044784,0.044985,3577560,161449.31777
1784512800000,0.044985,0.046949,0.043827,0.045479,11040600,503498.91802
1784516400000,0.045479,0.045504,0.044691,0.045106,3746530,168722.69811
1784520000000,0.045106,0.045169,0.043274,0.043713,3552700,157294.89266
1784523600000,0.043713,0.046663,0.043599,0.044678,9888050,447491.56667
1784527200000,0.044678,0.045099,0.042763,0.045098,10719560,470802.26754
1784530800000,0.045098,0.045125,0.043202,0.0434,4957760,218163.03308
1784534400000,0.0434,0.043825,0.042259,0.042333,7000610,301443.3875
1784538000000,0.042333,0.044037,0.041813,0.042248,18519090,790851.88111
1784541600000,0.042248,0.043669,0.041766,0.042302,9085790,389551.26778
1784545200000,0.042302,0.042358,0.041411,0.041621,5484690,229354.61802
1784548800000,0.041621,0.042314,0.040734,0.040904,5002650,207394.2411
1784552400000,0.040904,0.041124,0.039677,0.040272,9249370,374217.16305
1784556000000,0.040272,0.041833,0.038955,0.041381,17640220,708352.14321
1784559600000,0.041381,0.042306,0.0391,0.039419,9772580,392047.13466
1784563200000,0.039419,0.041244,0.038953,0.039047,6890130,273212.36197
1784566800000,0.039047,0.041608,0.038952,0.040522,9066820,364438.4617
1784570400000,0.040522,0.041304,0.039153,0.039158,3671600,147615.66537
1784574000000,0.039158,0.039951,0.038857,0.03904,5592050,219520.44456
1784577600000,0.03904,0.040315,0.038892,0.039465,7278590,287197.28919
1784581200000,0.039465,0.040019,0.03892,0.039078,5350770,210260.65074
1784584800000,0.039078,0.039612,0.038756,0.038947,5995380,234617.26895
1784588400000,0.038947,0.039059,0.038723,0.038789,3234600,125741.85517
1784592000000,0.038789,0.039607,0.038427,0.038965,7885790,305680.13291
1784595600000,0.038965,0.039084,0.038292,0.038414,2951130,113972.2271
1784599200000,0.038414,0.038447,0.0381,0.038229,3599220,137719.86062
1784602800000,0.038229,0.038649,0.037977,0.037984,2202120,83967.41473
1784606400000,0.037984,0.038688,0.037792,0.037934,3668880,139774.64669
1784610000000,0.037934,0.038133,0.037671,0.037694,1890820,71540.34576
1784613600000,0.037694,0.042036,0.037644,0.041258,20768220,831501.23881
1784617200000,0.041258,0.044244,0.04102,0.042678,21404860,915747.75523
1784620800000,0.042678,0.043194,0.040888,0.04228,9608060,405534.76767
1784624400000,0.04228,0.042896,0.040588,0.040952,8615190,358371.39661
1784628000000,0.040952,0.042112,0.040686,0.041507,5357110,221482.9735
1784631600000,0.041507,0.042398,0.041001,0.042044,5742130,239531.0516
1784635200000,0.042044,0.043904,0.041711,0.043127,9401440,402316.09026
1784638800000,0.043127,0.043127,0.041543,0.041748,5714880,242848.11206
1784642400000,0.041748,0.042102,0.041209,0.041963,3841830,160284.24136
1784646000000,0.041963,0.042374,0.041216,0.041748,2998230,125495.44084
1784649600000,0.041748,0.042492,0.041262,0.04197,4573430,191918.60721
1784653200000,0.04197,0.042322,0.041218,0.0416,4081470,170169.15718
1784656800000,0.0416,0.042322,0.041183,0.041751,3545010,147999.11418
1784660400000,0.041751,0.04231,0.04124,0.041538,4119000,172111.07092
1784664000000,0.041538,0.041946,0.041374,0.041421,2428480,101108.61348
1784667600000,0.041421,0.041785,0.041141,0.041596,1692240,70111.28112
1784671200000,0.041596,0.042427,0.041523,0.041735,3322130,138996.97536
1784674800000,0.041735,0.041991,0.040169,0.041352,6422620,264719.09689
1784678400000,0.041352,0.042364,0.041259,0.041872,4539570,190735.19682
1784682000000,0.041872,0.042785,0.041137,0.042493,4321710,181750.05383
1784685600000,0.042493,0.043591,0.042137,0.043456,5476790,234648.0527
1784689200000,0.043456,0.044013,0.042896,0.042996,5715980,248573.97911
1784692800000,0.042996,0.044805,0.042911,0.044486,10158050,446972.68819
1784696400000,0.044486,0.044873,0.042532,0.04332,10715170,469703.2322
1784700000000,0.04332,0.044255,0.042306,0.043784,8062630,350020.53295
1784703600000,0.043784,0.044809,0.043359,0.04459,6614790,292384.68302
1784707200000,0.04459,0.0461,0.04428,0.044932,12501600,565206.42712
1784710800000,0.044932,0.046257,0.044932,0.046189,5427120,247528.94112
1784714400000,0.046189,0.046288,0.045201,0.045319,6118290,280464.38902
1784718000000,0.045319,0.045997,0.045272,0.045907,2964750,135433.93371
1784721600000,0.045907,0.046121,0.0452,0.04532,5106320,232447.15447
1784725200000,0.04532,0.045541,0.043943,0.04486,9137320,408846.09595
1784728800000,0.04486,0.045656,0.04395,0.045292,8021850,359625.12296
1784732400000,0.045292,0.046784,0.044519,0.046001,9794800,445884.75413
1784736000000,0.046001,0.046334,0.045278,0.045441,4498540,206046.44202
1784739600000,0.045441,0.046038,0.045061,0.045345,3371120,153158.8719
1784743200000,0.045345,0.045934,0.045225,0.045585,3135470,143001.83519
1784746800000,0.045585,0.045687,0.044699,0.044714,3425290,154610.32242
1784750400000,0.044714,0.045828,0.044406,0.04518,4608030,207836.11674
1784754000000,0.04518,0.045534,0.044431,0.045507,3610610,162346.87048
1784757600000,0.045507,0.045614,0.044434,0.044665,2707750,121752.62983
1784761200000,0.044665,0.045198,0.044595,0.044915,1016280,45600.65613
1784764800000,0.044915,0.04561,0.044736,0.044745,1953270,88008.21575
1784768400000,0.044745,0.046289,0.044654,0.045675,4787130,219061.32795
1784772000000,0.045675,0.046287,0.04548,0.0456,2982410,136573.63139
1784775600000,0.0456,0.046484,0.045402,0.045943,4571330,210560.91027
1784779200000,0.045943,0.046308,0.045432,0.046125,2119870,97221.21345
1784782800000,0.046125,0.046193,0.045125,0.046096,3390340,155150.36653
1784786400000,0.046096,0.04626,0.045381,0.045704,2644740,121390.44543
1784790000000,0.045704,0.0462,0.045211,0.045672,3158280,144391.6259
1784793600000,0.045672,0.045726,0.044747,0.045266,1961970,88728.87917
1784797200000,0.045266,0.045479,0.044426,0.045446,2736000,122850.62881
1784800800000,0.045446,0.045916,0.0452,0.04582,2520740,115039.25498
1784804400000,0.04582,0.046098,0.045522,0.045823,1783920,81662.69112
1784808000000,0.045823,0.04612,0.045453,0.045806,3637040,166700.87364
1784811600000,0.045806,0.04779,0.045256,0.045769,10107700,469623.27145
1784815200000,0.045769,0.0462,0.04532,0.045702,4687520,214382.95218
1784818800000,0.045702,0.046142,0.045364,0.045409,3121000,142527.96838
1784822400000,0.045409,0.047214,0.044407,0.046224,8274420,379916.10229
1784826000000,0.046224,0.046593,0.045305,0.045741,3148430,144803.70518
1784829600000,0.045741,0.046444,0.04568,0.045863,1377890,63450.73594
1784833200000,0.045863,0.046207,0.0458,0.046036,2126990,97756.80585
1784836800000,0.046036,0.046069,0.045272,0.045632,1400010,63834.7264
1784840400000,0.045632,0.046214,0.045594,0.04601,818860,37588.32908
1784844000000,0.04601,0.04615,0.045493,0.045717,1767770,80889.62957
1784847600000,0.045717,0.045917,0.045475,0.045536,1089310,49733.97717
1784851200000,0.045536,0.046189,0.045445,0.046144,1750270,80045.07165
1784854800000,0.046144,0.046681,0.0458,0.046518,3159360,146108.72103
1784858400000,0.046518,0.047191,0.046206,0.046446,4869000,227200.33534
1784862000000,0.046446,0.04718,0.043527,0.046673,26213000,1179110.18449
1784865600000,0.046673,0.050213,0.04576,0.048062,12534240,597087.04799
1784869200000,0.048062,0.050505,0.04781,0.049328,14031230,693184.94841
1784872800000,0.049328,0.050245,0.048563,0.049953,7161940,354290.63319
1784876400000,0.049953,0.052,0.049542,0.050995,15675260,796364.62116
1784880000000,0.050995,0.051699,0.049855,0.051313,9000560,458346.44947
1784883600000,0.051313,0.051501,0.05022,0.050812,4742420,241353.0009
1784887200000,0.050812,0.05436,0.050754,0.052184,17354150,912728.84513
1784890800000,0.052184,0.052255,0.046307,0.047731,25099310,1237449.04329
1784894400000,0.047731,0.049319,0.04664,0.048184,9163960,437318.54437
1784898000000,0.048184,0.048657,0.047027,0.047473,3546050,169570.88943
1784901600000,0.047473,0.048,0.046294,0.047295,6464860,305560.99908
1784905200000,0.047295,0.047558,0.04684,0.047368,2840390,133928.45358
1784908800000,0.047368,0.048578,0.046406,0.047132,5006500,237654.413
1784912400000,0.047132,0.047712,0.046007,0.046624,4600000,214806.73758
1784916000000,0.046624,0.047971,0.046481,0.047841,4237380,201305.87209
1784919600000,0.047841,0.047859,0.046974,0.047728,3548260,168571.44324
1784923200000,0.047728,0.048268,0.04717,0.047406,3546650,169516.56923
1784926800000,0.047406,0.047712,0.047318,0.047361,1231990,58496.81272
1784930400000,0.047361,0.048333,0.047188,0.048,1550250,74023.26592
1784934000000,0.048,0.048281,0.047809,0.047852,1972080,94721.08097
1784937600000,0.047852,0.048355,0.047479,0.047607,2503040,120039.70272
1784941200000,0.047607,0.048178,0.0473,0.047318,2437400,116315.96037
1784944800000,0.047318,0.047478,0.046768,0.046832,1742770,82221.47428
1784948400000,0.046832,0.047359,0.046618,0.04663,1622940,76270.70963
1784952000000,0.04663,0.0468,0.046288,0.046549,2921630,135827.2664
1784955600000,0.046549,0.048584,0.045823,0.047713,4839930,227732.60902
1784959200000,0.047713,0.048312,0.04582,0.0464,4085610,193475.94672
1784962800000,0.0464,0.048449,0.045853,0.045963,5597480,262378.12456
1784966400000,0.045963,0.046159,0.044504,0.044544,3846090,174513.67742
1784970000000,0.044544,0.0455,0.044167,0.0446,6642970,297410.10506
1784973600000,0.0446,0.04508,0.04238,0.045007,13936840,610990.2332
1784977200000,0.045007,0.045071,0.043328,0.043894,11663900,513066.24509
1784980800000,0.043894,0.04572,0.043185,0.045168,12748480,561578.56617
1784984400000,0.045168,0.045216,0.043968,0.044348,6875460,305793.61071
1784988000000,0.044348,0.047364,0.044277,0.04672,9287030,422005.48475
1784991600000,0.04672,0.048254,0.046239,0.047055,8709000,410053.77432
1784995200000,0.047055,0.048128,0.046585,0.047433,4002030,189850.54461
1784998800000,0.047433,0.047617,0.04612,0.046134,3008940,140181.40919
1785002400000,0.046134,0.046301,0.045273,0.046176,2376810,108955.54139
1785006000000,0.046176,0.046382,0.04563,0.045653,1438530,66128.31019
1785009600000,0.045653,0.045728,0.044812,0.044832,1948210,88154.82215
1785013200000,0.044832,0.045343,0.044725,0.044813,1789550,80663.92685
1785016800000,0.044813,0.044915,0.044312,0.044417,1937630,86383.56527
1785020400000,0.044417,0.044644,0.044062,0.044103,1104030,48962.00894
1785024000000,0.044103,0.04615,0.044103,0.045664,3333730,150409.59216
1785027600000,0.045664,0.04835,0.045344,0.046635,5227630,244461.49984
1785031200000,0.046635,0.047171,0.045696,0.045746,2570510,118968.87187
1785034800000,0.045746,0.046223,0.045483,0.045484,1693410,77485.53231
1785038400000,0.045484,0.04568,0.045246,0.045246,1009200,45834.40695
1785042000000,0.045246,0.045961,0.044821,0.045917,2501070,113188.24333
1785045600000,0.045917,0.0472,0.045296,0.046775,3499970,162690.98674
1785049200000,0.046775,0.046778,0.045135,0.04536,2051410,93700.46714
1785052800000,0.04536,0.046398,0.045193,0.045769,1956170,89887.92248
1785056400000,0.045769,0.046628,0.045526,0.045599,712390,32888.184
1785060000000,0.045599,0.045873,0.044877,0.044877,718150,32503.30481
1785063600000,0.044877,0.045041,0.044529,0.044565,706610,31677.19065
1785067200000,0.044565,0.045017,0.044267,0.044311,1642560,73098.3992
1785070800000,0.044311,0.045532,0.043622,0.044632,6404990,283747.3279
1785074400000,0.044632,0.045514,0.043974,0.04445,3230840,143864.30678
1785078000000,0.04445,0.045578,0.04387,0.043956,4002690,178269.64443
1785081600000,0.043956,0.044351,0.043329,0.043364,9210600,403789.98538
1785085200000,0.043364,0.045516,0.043322,0.044744,5390600,238742.76436
1785088800000,0.044744,0.044768,0.043987,0.044087,1902390,84312.67432
1785092400000,0.044087,0.046312,0.044087,0.046185,7279350,330856.20055
1785096000000,0.046185,0.046463,0.045536,0.045868,3281200,150946.27005
1785099600000,0.045868,0.045976,0.04504,0.045107,1734790,78983.25946
1785103200000,0.045107,0.045306,0.044354,0.044902,2508190,112456.80359
1785106800000,0.044902,0.044951,0.043981,0.044251,2123060,94181.71297
1785110400000,0.044251,0.04558,0.044246,0.044592,3706360,166313.36642
1785114000000,0.044592,0.044942,0.0442,0.0444,2223120,98892.89988
1785117600000,0.0444,0.047189,0.044058,0.046082,7599580,347123.59379
1785121200000,0.046082,0.046816,0.045543,0.046453,3727220,172538.30181
1785124800000,0.046453,0.047429,0.045844,0.046956,4814130,224332.61325
1785128400000,0.046956,0.047308,0.04634,0.047035,4018760,188445.94671
1785132000000,0.047035,0.062476,0.045601,0.048321,104189780,5369973.35478
1785135600000,0.048321,0.04993,0.045241,0.047439,20410260,965144.7637
1785139200000,0.047439,0.048035,0.046207,0.046887,9730370,457403.42264
1785142800000,0.046887,0.047315,0.045951,0.046751,5296640,247640.86651
1785146400000,0.046751,0.047469,0.046113,0.046461,5232680,244518.2902
1785150000000,0.046461,0.047345,0.045001,0.046416,11188380,517190.45015
1785153600000,0.046416,0.046776,0.045068,0.045249,4381550,199950.22886
1785157200000,0.045249,0.046136,0.044843,0.044983,3000310,136451.88902
1785160800000,0.044983,0.045395,0.044445,0.044746,5350710,240431.04024
1785164400000,0.044746,0.045474,0.044217,0.044947,6580850,294477.31663
1785168000000,0.044947,0.046022,0.043832,0.044989,9628470,430876.32404
1785171600000,0.044989,0.045936,0.043918,0.045773,9556720,429727.39415
1785175200000,0.045773,0.046649,0.044329,0.04471,9146340,414104.27223
1785178800000,0.04471,0.044896,0.044232,0.044828,2622790,117137.5813
1785182400000,0.044828,0.045204,0.04466,0.044917,2868400,128779.19967
1785186000000,0.044917,0.046178,0.04457,0.045639,5083720,231583.81331
1785189600000,0.045639,0.0466,0.045356,0.046396,4687780,216163.13759
1785193200000,0.046396,0.046763,0.04528,0.045794,3931580,181051.47545
1785196800000,0.045794,0.046856,0.045255,0.046144,4434510,204286.68409
1785200400000,0.046144,0.046256,0.045033,0.045417,2752420,125632.85952
1785204000000,0.045417,0.04642,0.045186,0.0453,2859900,130594.74985
1785207600000,0.0453,0.045696,0.044756,0.044973,3390030,153102.51043
1785211200000,0.044973,0.045341,0.044523,0.044685,2850190,127952.07664
1785214800000,0.044685,0.045549,0.044643,0.045028,3275860,147664.09921
1785218400000,0.045028,0.045492,0.044817,0.044842,3024040,136588.44883
1785222000000,0.044842,0.045254,0.044387,0.044593,3219160,144234.93669
1785225600000,0.044593,0.045053,0.044153,0.044309,2951090,131356.62341
1785229200000,0.044309,0.04503,0.043968,0.044835,5906210,262599.49358
1785232800000,0.044835,0.045786,0.044,0.044035,4645190,208280.09368
1785236400000,0.044035,0.04602,0.043982,0.04539,5884800,264458.73907
1785240000000,0.04539,0.04593,0.044877,0.044954,2842640,128835.31287
1785243600000,0.044954,0.04525,0.04449,0.044926,4116090,184698.908
1785247200000,0.044926,0.045471,0.044445,0.044725,3947030,177044.62137
1785250800000,0.044725,0.044859,0.04398,0.044144,4294490,190226.21099
1785254400000,0.044144,0.044527,0.042319,0.04347,10420240,451645.6527
1785258000000,0.04347,0.044167,0.043069,0.043845,3639240,158762.69992
1785261600000,0.043845,0.04623,0.043534,0.044818,9130320,409146.0668
1785265200000,0.044818,0.045705,0.044385,0.044541,4367790,196436.87527
1785268800000,0.044541,0.044774,0.04431,0.044441,2377490,105792.35381
1785272400000,0.044441,0.044768,0.043887,0.044176,2193520,97121.47403
1785276000000,0.044176,0.0447,0.044119,0.044167,2046900,90823.12537
1785279600000,0.044167,0.044205,0.043637,0.043864,1689820,74182.62127
1785283200000,0.043864,0.044772,0.042615,0.04285,5273950,228865.82786
1785286800000,0.04285,0.043182,0.042359,0.04245,3663650,156761.22098
1785290400000,0.04245,0.04272,0.042022,0.042301,5538340,234709.12012
1785294000000,0.042301,0.045819,0.041554,0.044701,16712480,726233.51426
1785297600000,0.044701,0.045637,0.043509,0.0437,4735400,209546.0515
1785301200000,0.0437,0.0456,0.043699,0.043851,4732280,210680.74497
1785304800000,0.043851,0.045073,0.043726,0.044895,4609800,204366.52266
1785308400000,0.044895,0.046012,0.044511,0.045591,5621540,253469.11157
1785312000000,0.045591,0.046631,0.045004,0.046118,7860440,359821.24968
1785315600000,0.046118,0.046241,0.045211,0.045345,5408150,246853.55867
1785319200000,0.045345,0.045451,0.043965,0.044168,3436080,153926.81822
1785322800000,0.044168,0.044769,0.043557,0.044268,3159430,139332.34883
1785326400000,0.044268,0.045,0.043948,0.044358,3641390,162003.77212
1785330000000,0.044358,0.045463,0.044246,0.045202,2976930,133913.50868
1785333600000,0.045202,0.04541,0.044251,0.044351,3715920,166195.83148
1785337200000,0.044351,0.044762,0.043749,0.044103,3137250,138965.77261
1785340800000,0.044103,0.045525,0.044101,0.044878,7256270,325689.16889
1785344400000,0.044878,0.045716,0.044536,0.045639,2304190,104240.35873
1785348000000,0.045639,0.046361,0.045429,0.046187,2752120,126712.59375
1785351600000,0.046187,0.046888,0.045731,0.04607,2816670,130474.30824
1785355200000,0.04607,0.046775,0.045968,0.046232,2008150,93018.11414
1785358800000,0.046232,0.046489,0.045601,0.045695,1177940,54238.8822
1785362400000,0.045695,0.046248,0.045142,0.045847,1771660,80666.62489
1785366000000,0.045847,0.046059,0.045448,0.045575,1004050,45916.52714
1785369600000,0.045575,0.045902,0.0453,0.045693,1570130,71685.17679
1785373200000,0.045693,0.045904,0.04549,0.045682,420930,19228.28903
1785376800000,0.045682,0.046605,0.045556,0.046507,3005810,138790.8916
1785380400000,0.046507,0.049611,0.046417,0.049522,16710980,812148.16791
1785384000000,0.049522,0.05254,0.049302,0.051128,14176720,721862.4044
1785387600000,0.051128,0.0525,0.050209,0.051566,12883050,662370.98142
1785391200000,0.051566,0.0531,0.050926,0.052237,10535690,550833.63106
1785394800000,0.052237,0.052298,0.046826,0.048724,22695380,1126077.48294
1785398400000,0.048724,0.049016,0.047591,0.0483,7201980,348984.24773
1785402000000,0.0483,0.049383,0.048042,0.049345,5311470,259601.27445
1785405600000,0.049345,0.049464,0.046879,0.047872,7286490,350307.87582
1785409200000,0.047872,0.04828,0.047017,0.047227,3713210,177335.59269
1785412800000,0.047227,0.047884,0.0472,0.047581,4156100,197445.50264
1785416400000,0.047581,0.0476,0.04318,0.044693,15112120,681800.10832
1785420000000,0.044693,0.044964,0.043912,0.044708,4113490,183258.29167
1785423600000,0.044708,0.045437,0.044377,0.044696,4397240,196925.72443
1785427200000,0.044696,0.046341,0.04303,0.043233,17330910,774827.81033
1785430800000,0.043233,0.044858,0.043191,0.044338,3502560,154678.42372
1785434400000,0.044338,0.045054,0.043815,0.043904,2881880,127667.03147
1785438000000,0.043904,0.044596,0.043882,0.044145,1987790,87971.26284
1785441600000,0.044145,0.04471,0.044133,0.044383,2576560,114403.32293
1785445200000,0.044383,0.045317,0.044376,0.044944,1772860,79595.61665
1785448800000,0.044944,0.04522,0.044576,0.044931,1504630,67700.4938
1785452400000,0.044931,0.045708,0.044761,0.044994,2149060,96800.05048
1785456000000,0.044994,0.045524,0.04474,0.045017,2501300,112790.22342
1785459600000,0.045017,0.045632,0.044862,0.045274,3215400,145333.00159
1785463200000,0.045274,0.045744,0.044801,0.045703,2252950,102030.12363
1785466800000,0.045703,0.045968,0.044931,0.04536,3063700,139124.69409
1785470400000,0.04536,0.045556,0.04483,0.045152,1922890,86697.60325
1785474000000,0.045152,0.045585,0.044818,0.045132,1358770,61341.586
1785477600000,0.045132,0.047243,0.044851,0.047055,3872400,177315.08527
1785481200000,0.047055,0.049352,0.046951,0.048736,12811280,616644.12367
1785484800000,0.048736,0.049732,0.048334,0.049719,5756820,282320.4954
1785488400000,0.049719,0.049867,0.048826,0.049427,3896870,192161.66189
1785492000000,0.049427,0.050228,0.049388,0.0501,4458030,222035.74087
1785495600000,0.0501,0.050436,0.048862,0.050332,7560960,377602.41037
1785499200000,0.050332,0.050902,0.049367,0.050696,6331750,318023.3548
1785502800000,0.050696,0.051646,0.048826,0.050817,11116720,558075.80605
1785506400000,0.050817,0.051906,0.05,0.050981,10269450,526769.25005
1785510000000,0.050981,0.051629,0.050626,0.051356,5836380,298349.45149
1785513600000,0.051356,0.052789,0.051137,0.052344,7148000,372858.94545
1785517200000,0.052344,0.052529,0.051417,0.052131,4560020,237272.41535
1785520800000,0.052131,0.05484,0.051756,0.05449,11312460,603821.62893
1785524400000,0.05449,0.056917,0.05416,0.056487,16972960,946430.90635
1785528000000,0.056487,0.057125,0.055481,0.056586,11779780,663145.39863
1785531600000,0.056586,0.057617,0.056001,0.057194,7208080,411591.35226
1785535200000,0.057194,0.057776,0.056359,0.057439,5631190,322185.3407
1785538800000,0.057439,0.057579,0.056741,0.057104,3557640,203282.57583
1785542400000,0.057104,0.057956,0.056886,0.057535,5494610,315922.761
1785546000000,0.057535,0.060907,0.055033,0.056065,28249570,1655272.12503
1785549600000,0.056065,0.059446,0.04758,0.05424,70289560,3692416.70776
1785553200000,0.05424,0.057451,0.04691,0.048765,33916250,1722966.68816
1785556800000,0.048765,0.050013,0.046458,0.049214,19220950,935440.51651
1785560400000,0.049214,0.049537,0.04843,0.049198,6439680,315357.55232
1785564000000,0.049198,0.052398,0.049173,0.052088,11132220,570221.80767
1785567600000,0.052088,0.053729,0.051594,0.053584,7008440,369011.5582
1785571200000,0.053584,0.054488,0.033894,0.043546,115816900,4997779.8532
1785574800000,0.043546,0.050818,0.042726,0.049925,41298000,1960750.41631
1785578400000,0.049925,0.052091,0.047728,0.05034,18101100,909003.75264
1785582000000,0.05034,0.052383,0.048961,0.05184,10105990,515257.10723
1785585600000,0.05184,0.053605,0.050993,0.052633,9515820,495466.48079
1785589200000,0.052633,0.053992,0.052334,0.053715,8071280,428680.51331
1785592800000,0.053715,0.056044,0.053322,0.054349,10130020,551705.4521
1785596400000,0.054349,0.056045,0.053717,0.054971,6318600,346379.95576
1785600000000,0.054971,0.058,0.054023,0.056788,10182510,567649.54126
1785603600000,0.056788,0.058427,0.056117,0.057486,5996410,343305.47709
1785607200000,0.057486,0.057936,0.055806,0.056457,7627240,432548.14485
1785610800000,0.056457,0.057387,0.056403,0.057327,3531340,201090.9684
1785614400000,0.057327,0.057791,0.056447,0.056967,3993330,229064.88339
1785618000000,0.056967,0.057681,0.056652,0.057476,2496430,142872.4946
1785621600000,0.057476,0.05893,0.057257,0.058157,4064240,235869.73961
1785625200000,0.058157,0.058546,0.057843,0.057924,2202570,128228.21952
1785628800000,0.057924,0.059727,0.057854,0.059415,5725620,338494.26909
1785632400000,0.059415,0.059446,0.057833,0.058295,6342140,370621.0508
1785636000000,0.058295,0.058904,0.056572,0.056593,6840540,394857.15861
1785639600000,0.056593,0.057722,0.05079,0.052257,22867770,1234386.29177
1785643200000,0.052257,0.053418,0.050955,0.051984,10435520,544598.58517
1785646800000,0.051984,0.052959,0.049795,0.050178,8006940,409641.49883
1785650400000,0.050178,0.050877,0.047122,0.047328,8087860,397728.16461
1785654000000,0.047328,0.050699,0.04585,0.049657,17977550,853548.56964
1785657600000,0.049657,0.055,0.047274,0.051273,33980510,1735150.17035
1785661200000,0.051273,0.053319,0.04912,0.050324,10222480,522163.25581
1785664800000,0.050324,0.050698,0.048854,0.049456,4519810,225639.55081
1785668400000,0.049456,0.051296,0.04882,0.050928,3589150,179999.17753
1785672000000,0.050928,0.051742,0.04982,0.051261,4911950,249276.33795
1785675600000,0.051261,0.052185,0.050962,0.052021,3026440,156145.80056
1785679200000,0.052021,0.053093,0.051587,0.053053,2660510,138907.95905
1785682800000,0.053053,0.053478,0.052179,0.053089,3079610,163126.32641
1785686400000,0.053089,0.055852,0.05306,0.055004,7521120,411846.58135
1785690000000,0.055004,0.05601,0.05454,0.05584,2633710,145360.35172
1785693600000,0.05584,0.0568,0.055293,0.056093,2597980,145512.30429
1785697200000,0.056093,0.056212,0.0548,0.055159,2419040,133951.04855
1785700800000,0.055159,0.056024,0.055103,0.055371,1370850,76369.52486
1785704400000,0.055371,0.056025,0.055156,0.05564,1225570,68094.35352
1785708000000,0.05564,0.05746,0.054469,0.055763,4946050,276878.19772
1785711600000,0.055763,0.05631,0.055555,0.055819,1889390,105621.61221
1785715200000,0.055819,0.056086,0.055095,0.055152,2399580,133586.39056
1785718800000,0.055152,0.059616,0.054229,0.055971,6338830,357742.956
1785722400000,0.055971,0.057644,0.0496,0.05142,28040740,1460945.64918
1785726000000,0.05142,0.052767,0.049976,0.052327,7093880,363666.63818
1785729600000,0.052327,0.05242,0.050133,0.05072,4803360,245110.45736
1785733200000,0.05072,0.051471,0.050072,0.0511,3522130,179113.55968
1785736800000,0.0511,0.051218,0.049694,0.049929,3836910,192529.01968
1785740400000,0.049929,0.050201,0.048866,0.049261,4478750,221525.14758
1785744000000,0.049261,0.052949,0.04824,0.0527,8986270,453336.16735
1785747600000,0.0527,0.05606,0.04899,0.0559,14924540,776291.87771
1785751200000,0.0559,0.0575,0.054452,0.054955,8151430,453271.28276
1785754800000,0.054955,0.055554,0.054193,0.05499,3838540,210699.88955
1785758400000,0.05499,0.055102,0.05428,0.05487,3199150,174892.66674
1785762000000,0.05487,0.055278,0.054514,0.054972,1945760,106675.60811
1785765600000,0.054972,0.054995,0.054307,0.05481,3077490,167980.62519
1785769200000,0.05481,0.05575,0.054541,0.054687,2903950,159582.40913
1785772800000,0.054687,0.055378,0.054256,0.054425,2235340,122096.95913
1785776400000,0.054425,0.054777,0.054186,0.054694,2042710,111336.01678
1785780000000,0.054694,0.055155,0.053837,0.054382,2999260,163482.05472
1785783600000,0.054382,0.055638,0.054323,0.054636,1891380,104003.53397
1785787200000,0.054636,0.055131,0.054199,0.054969,1528520,83497.28345
1785790800000,0.054969,0.055737,0.054313,0.054328,1323720,72681.42539
1785794400000,0.054328,0.05558,0.05413,0.054584,1823590,99916.14637
1785798000000,0.054584,0.054743,0.054207,0.054407,911770,49644.65922
1785801600000,0.054407,0.054735,0.053813,0.054416,2352890,127663.70545
1785805200000,0.054416,0.055011,0.054324,0.054506,1164050,63539.68711
1785808800000,0.054506,0.054964,0.054107,0.054172,1070010,58298.41658
1785812400000,0.054172,0.054437,0.052537,0.052904,4010680,214911.15636
1785816000000,0.052904,0.05308,0.051691,0.051873,2921360,152810.39521
1785819600000,0.051873,0.05224,0.050913,0.050952,2638290,135868.19662
1785823200000,0.050952,0.051566,0.050306,0.05046,3050120,155143.89474
1785826800000,0.05046,0.05086,0.049321,0.049848,3812450,190772.46236
1785830400000,0.049848,0.052866,0.048922,0.052313,8720650,444271.40886
1785834000000,0.052313,0.052428,0.050893,0.051732,2950650,151868.81782
1785837600000,0.051732,0.055274,0.051674,0.052866,3934760,208702.73916
1785841200000,0.052866,0.053187,0.051655,0.051655,2722830,143036.09835
1785844800000,0.051655,0.051677,0.050157,0.050555,3057440,155264.30881
1785848400000,0.050555,0.050706,0.048636,0.048698,4472750,221854.16957
1785852000000,0.048698,0.056285,0.048131,0.05599,12350460,647944.95829
1785855600000,0.05599,0.057642,0.054425,0.05595,9679850,545362.72335
1785859200000,0.05595,0.058,0.05496,0.055522,6877980,383241.04191
1785862800000,0.055522,0.0558,0.054504,0.055037,4237990,233399.40883
1785866400000,0.055037,0.055471,0.053784,0.053826,4542620,248163.27691
1785870000000,0.053826,0.054376,0.053023,0.054024,3062920,164290.0148
1785873600000,0.054024,0.054054,0.053205,0.053278,1314650,70348.48807
1785877200000,0.053278,0.055798,0.053093,0.05372,2557030,137976.95075
1785880800000,0.05372,0.053738,0.052537,0.052605,2239800,118676.9071
1785884400000,0.052605,0.053025,0.052543,0.05276,1645220,86870.39187
1785888000000,0.05276,0.053481,0.052621,0.05278,2734120,144934.76866
1785891600000,0.05278,0.055208,0.052709,0.054648,4551710,245542.43944
1785895200000,0.054648,0.055177,0.0528,0.05452,4319970,233584.04862
1785898800000,0.05452,0.055116,0.053081,0.053357,2673060,144497.526
1785902400000,0.053357,0.055079,0.053245,0.053561,2734020,147472.58155
1785906000000,0.053561,0.054001,0.05322,0.053512,1503270,80558.39622
1785909600000,0.053512,0.055188,0.053022,0.053692,3110160,168032.409
1785913200000,0.053692,0.05436,0.053487,0.053672,1750200,94191.79186
1785916800000,0.053672,0.056089,0.052663,0.05387,6539630,354414.85967
1785920400000,0.05387,0.055265,0.053499,0.053787,4758400,257810.76787
1785924000000,0.053787,0.053857,0.05316,0.053319,1021140,54567.52948
1785927600000,0.053319,0.054459,0.052995,0.054398,1495090,80094.67838
1785931200000,0.054398,0.055147,0.053408,0.053546,2842830,153841.45946
1785934800000,0.053546,0.053811,0.053243,0.053319,1560130,83469.55745
1785938400000,0.053319,0.053752,0.052962,0.05351,2057900,109920.68322
1785942000000,0.05351,0.0567,0.052411,0.054825,13916770,751400.73147
1785945600000,0.054825,0.05489,0.053694,0.054419,4991090,270540.92248
1785949200000,0.054419,0.054633,0.053984,0.054171,2534030,137518.96356
1785952800000,0.054171,0.054797,0.054124,0.054302,1080540,58777.53655
1785956400000,0.054302,0.056043,0.054165,0.055088,2387680,131369.32294
1785960000000,0.055088,0.05575,0.055044,0.055588,1608810,89273.60039
1785963600000,0.055588,0.055588,0.054537,0.05466,2230140,122606.28856
1785967200000,0.05466,0.054767,0.053544,0.053566,2206010,119796.50671
1785970800000,0.053566,0.055043,0.053051,0.053489,2081610,112269.24235
1785974400000,0.053489,0.054282,0.053469,0.053685,1885180,101491.43667
1785978000000,0.053685,0.05394,0.053083,0.053125,1215290,64904.62518
1785981600000,0.053125,0.05511,0.0531,0.054247,2596700,140480.39898
1785985200000,0.054247,0.055457,0.054213,0.055386,1332700,73014.29765
1785988800000,0.055386,0.056032,0.0547,0.055478,3750720,207485.61712
1785992400000,0.055478,0.055886,0.054712,0.055386,2214600,122302.06613
1785996000000,0.055386,0.056139,0.055111,0.055657,935240,52075.20412
1785999600000,0.055657,0.055868,0.055244,0.055656,1391470,77307.40645
1786003200000,0.055656,0.056632,0.055403,0.056003,2264790,127068.54845
1786006800000,0.056003,0.056003,0.05488,0.05488,2070350,114672.97891
1786010400000,0.05488,0.055887,0.054865,0.055193,1795790,99281.9493
1786014000000,0.055193,0.055588,0.054858,0.054872,924560,50983.76672
1786017600000,0.054872,0.0559,0.054736,0.055408,1764600,97611.75442
1786021200000,0.055408,0.055613,0.055169,0.05544,1003940,55648.04769
1786024800000,0.05544,0.055732,0.055181,0.055501,1103530,61171.26268
1786028400000,0.055501,0.057275,0.053497,0.056746,4126910,229965.67284
1786032000000,0.056746,0.056746,0.055418,0.056117,2135340,119416.77073
1786035600000,0.056117,0.0587,0.056117,0.057228,4143890,238014.00769
1786039200000,0.057228,0.057725,0.056749,0.057293,2235870,127959.26887
1786042800000,0.057293,0.057904,0.056784,0.057323,1542050,88449.94615
1786046400000,0.057323,0.057858,0.057151,0.057384,1506050,86616.71272
1786050000000,0.057384,0.057658,0.056771,0.056801,1239800,71000.87809
1786053600000,0.056801,0.057999,0.056662,0.05782,2193760,126115.73567
1786057200000,0.05782,0.05832,0.057085,0.057223,2100130,121015.31125
1786060800000,0.057223,0.057347,0.053,0.054435,6294180,344949.65802
1786064400000,0.054435,0.055124,0.052892,0.053593,3527790,190585.40844
1786068000000,0.053593,0.055089,0.053041,0.054217,3757110,201802.34317
1786071600000,0.054217,0.055217,0.0528,0.053691,4129130,222125.09931
1786075200000,0.053691,0.054063,0.052734,0.053251,3748960,199854.33471
1786078800000,0.053251,0.053927,0.052213,0.053201,3763450,200298.77271
1786082400000,0.053201,0.053669,0.052573,0.053563,2489770,132393.26703
1786086000000,0.053563,0.053712,0.052459,0.052523,2300650,121954.23089
1786089600000,0.052523,0.058043,0.051543,0.056568,8537230,469114.82727
1786093200000,0.056568,0.057056,0.055277,0.055954,4312290,242256.88811
1786096800000,0.055954,0.057897,0.055373,0.05708,4232300,239018.23838
1786100400000,0.05708,0.061341,0.053758,0.058437,17368840,1011382.86283
1786104000000,0.058437,0.060217,0.057571,0.058445,6762040,398562.53411
1786107600000,0.058445,0.060088,0.054248,0.054629,11652750,658020.15125
1786111200000,0.054629,0.057144,0.053282,0.053437,5624490,308353.2107
1786114800000,0.053437,0.054607,0.050962,0.051445,6476140,339722.64707
1786118400000,0.051445,0.053957,0.051061,0.051519,7092040,366893.28986
1786122000000,0.051519,0.052335,0.050136,0.051357,6190970,317829.40871
1786125600000,0.051357,0.051561,0.050705,0.051176,1970610,100745.90389
1786129200000,0.051176,0.052149,0.051095,0.051694,2757260,142083.62737
1786132800000,0.051694,0.051829,0.051191,0.051451,1231980,63337.88565
1786136400000,0.051451,0.05213,0.051443,0.051819,685620,35484.47068
1786140000000,0.051819,0.052208,0.051078,0.051514,852240,43971.7438
1786143600000,0.051514,0.05223,0.051225,0.051766,1152160,59566.55133
1786147200000,0.051766,0.05233,0.050944,0.05097,1118380,57780.21881
1786150800000,0.05097,0.051551,0.050923,0.051196,713630,36592.05388
1786154400000,0.051196,0.052045,0.048216,0.04826,3310250,166848.21698
1786158000000,0.04826,0.048993,0.045998,0.046315,6964600,331041.15217
1786161600000,0.046315,0.046898,0.045122,0.045793,9537970,438824.23765
1786165200000,0.045793,0.053062,0.044538,0.048135,22137900,1088931.886
1786168800000,0.048135,0.048756,0.04399,0.044658,39962740,1833650.1572
1786172400000,0.044658,0.047991,0.041328,0.042365,22735500,1016361.19159
1786176000000,0.042365,0.047103,0.041926,0.046584,21547790,965863.80783
1786179600000,0.046584,0.048364,0.04616,0.048061,9697270,461297.08971
1786183200000,0.048061,0.048599,0.047174,0.048234,4606300,221296.28196
1786186800000,0.048234,0.048883,0.047872,0.048225,4384450,212189.54186
1786190400000,0.048225,0.048446,0.04691,0.047641,5838840,279143.66056
1786194000000,0.047641,0.047768,0.046183,0.046253,5479440,255761.11782
1786197600000,0.046253,0.046909,0.046171,0.046248,4089030,189748.91006
1786201200000,0.046248,0.046309,0.045588,0.045791,2537880,116483.29579
1786204800000,0.045791,0.047765,0.04573,0.046619,5491050,256714.63102
1786208400000,0.046619,0.047186,0.0462,0.046502,1889570,88263.0324
1786212000000,0.046502,0.046574,0.045973,0.046178,2481010,114712.6137
1786215600000,0.046178,0.049689,0.046116,0.049283,5351330,254904.78841
1786219200000,0.049283,0.0495,0.048372,0.048431,2364720,115766.90974
1786222800000,0.048431,0.049493,0.048381,0.049429,1394520,68304.05186
1786226400000,0.049429,0.049611,0.049002,0.049231,1781070,87786.30859
1786230000000,0.049231,0.049708,0.049045,0.049367,1905340,93893.32488
1786233600000,0.049367,0.0514,0.049249,0.051388,3708330,188068.35295
1786237200000,0.051388,0.051514,0.049765,0.051138,3730160,188866.38929
1786240800000,0.051138,0.051209,0.050512,0.050535,1101470,55980.77754
1786244400000,0.050535,0.051377,0.050316,0.051116,1508700,76595.91818
1786248000000,0.051116,0.051307,0.049665,0.049753,1810090,91144.90574
1786251600000,0.049753,0.051515,0.045598,0.0457,18777130,914955.23971
1786255200000,0.0457,0.050916,0.041595,0.046302,40787080,1909469.21911
1786258800000,0.046302,0.052332,0.045529,0.047911,32747420,1606122.45984
1786262400000,0.047911,0.051094,0.047901,0.049691,9893600,491585.37546
1786266000000,0.049691,0.049812,0.0475,0.048475,6419320,312271.80083
1786269600000,0.048475,0.0487,0.047439,0.048351,2070030,99519.46168
1786273200000,0.048351,0.049373,0.047838,0.048188,5015430,244202.2595
1786276800000,0.048188,0.04897,0.048045,0.048303,1380390,66921.50125
1786280400000,0.048303,0.048418,0.047801,0.048081,859890,41386.35897
1786284000000,0.048081,0.048128,0.047612,0.047886,1249070,59710.87341
1786287600000,0.047886,0.04891,0.047791,0.048358,1712400,82715.54622
1786291200000,0.048358,0.0502,0.042909,0.043679,26930020,1231484.50487
1786294800000,0.043679,0.053333,0.036055,0.045496,86845060,3888191.73076
1786298400000,0.045496,0.046961,0.04425,0.04475,23322580,1056634.4837
1786302000000,0.04475,0.048362,0.042971,0.045022,23941880,1092715.57448
1786305600000,0.045022,0.0471,0.044949,0.046135,8136060,373225.74768
1786309200000,0.046135,0.04628,0.045009,0.045048,3473870,157796.37483
1786312800000,0.045048,0.045292,0.044345,0.044926,4725550,211503.18874
1786316400000,0.044926,0.045201,0.044599,0.044931,2914950,130796.62099
1786320000000,0.044931,0.045161,0.043705,0.044113,2744420,121325.57472
1786323600000,0.044113,0.044885,0.043835,0.044408,2411570,106824.15514
1786327200000,0.044408,0.046546,0.0439,0.046411,4283570,193664.20029
1786330800000,0.046411,0.04686,0.045119,0.045798,9865490,453932.14529
1786334400000,0.045798,0.04675,0.04506,0.046054,4618790,212619.51973
1786338000000,0.046054,0.046437,0.043782,0.044778,3843200,174842.42105
1786341600000,0.044778,0.044812,0.043301,0.04445,7831260,344826.91234
1786345200000,0.04445,0.044761,0.04408,0.044591,1640440,72827.44129
1786348800000,0.044591,0.045683,0.044537,0.045302,1571090,71228.87379
1786352400000,0.045302,0.045517,0.04304,0.04396,2865220,126201.05422
1786356000000,0.04396,0.044183,0.04197,0.042496,5373000,229530.95604
1786359600000,0.042496,0.042697,0.041507,0.041839,2816590,118262.6173
1786363200000,0.041839,0.042686,0.041799,0.042113,2061450,87206.31821
1786366800000,0.042113,0.042355,0.041765,0.0421,1333980,56021.49309
1786370400000,0.0421,0.042181,0.04157,0.041872,2114240,88619.16788
1786374000000,0.041872,0.042498,0.041477,0.041588,3489100,146405.81243
1786377600000,0.041588,0.042709,0.040862,0.041091,4797410,200394.41516
1786381200000,0.041091,0.041274,0.04048,0.040771,2814480,114965.74481
1786384800000,0.040771,0.040815,0.040024,0.040154,2472850,99743.14031
1786388400000,0.040154,0.040348,0.0399,0.039975,2443110,97865.82211
1786392000000,0.039975,0.04017,0.039582,0.039649,1953000,77878.12409
1786395600000,0.039649,0.040789,0.039582,0.04029,3146390,126394.11221
1786399200000,0.04029,0.043505,0.039996,0.041909,8005450,333375.70101
1786402800000,0.041909,0.042048,0.041146,0.041236,1802400,75174.2062
1786406400000,0.041236,0.042469,0.041231,0.042026,1691490,70947.3853
1786410000000,0.042026,0.042314,0.041426,0.041426,1724980,72207.06213
1786413600000,0.041426,0.041912,0.041426,0.041678,812120,33838.83563
1786417200000,0.041678,0.041678,0.04064,0.040956,2328110,95431.84271
1786420800000,0.040956,0.041782,0.040762,0.040805,2489470,103063.26322
1786424400000,0.040805,0.041235,0.040059,0.040551,1967810,80113.91888
1786428000000,0.040551,0.041129,0.039021,0.039744,4123230,164776.59721
1786431600000,0.039744,0.039768,0.038909,0.038983,1527070,60251.20927
1786435200000,0.038983,0.03961,0.037343,0.03946,8795290,335664.15211
1786438800000,0.03946,0.04018,0.03852,0.03878,4096330,160042.80494
1786442400000,0.03878,0.03923,0.03812,0.03813,3159900,122330.7613
1786446000000,0.03813,0.03818,0.03699,0.03763,8443380,315941.94435
1786449600000,0.03763,0.04151,0.03754,0.0411,9717450,388958.99402
1786453200000,0.0411,0.04168,0.03953,0.04108,3121820,127316.66281
1786456800000,0.04108,0.043,0.03933,0.03954,8169940,333451.27049
1786460400000,0.03954,0.03987,0.03798,0.03824,3420900,133433.8801
1786464000000,0.03824,0.03877,0.03651,0.03658,6728900,251062.93924
1786467600000,0.03658,0.03772,0.03658,0.03694,3102030,115041.4091
1786471200000,0.03694,0.03742,0.03665,0.03694,2093540,77518.1237
1786474800000,0.03694,0.03703,0.03651,0.03684,1326920,48844.5713
1786478400000,0.03684,0.0369,0.03638,0.03644,687420,25104.50379
1786482000000,0.03644,0.0367,0.036106,0.03644,1121140,40808.58279
1786485600000,0.03644,0.03724,0.0362,0.03623,1138110,41768.6602
1786489200000,0.03623,0.03672,0.03621,0.03628,983480,35823.0615
1786492800000,0.03628,0.03672,0.03592,0.03627,2450550,88877.4142
1786496400000,0.03627,0.03627,0.03575,0.03579,1097690,39473.2079
1786500000000,0.03579,0.03607,0.03573,0.036,1071160,38425.4863
1786503600000,0.036,0.03652,0.03504,0.03584,3373650,120445.25586
1786507200000,0.03584,0.03616,0.03405,0.03446,4947690,172447.8899
1786510800000,0.03446,0.03533,0.03246,0.03345,14323890,479134.10877
1786514400000,0.03345,0.0346,0.03283,0.0339,4068680,136234.2827
1786518000000,0.0339,0.03407,0.03118,0.03215,9821210,316277.11521
1786521600000,0.03215,0.03536,0.03086,0.03095,22473380,748381.8673
1786525200000,0.03095,0.03368,0.03056,0.03344,16892730,541955.49413
1786528800000,0.03344,0.03613,0.03342,0.03461,8795620,308528.4628
1786532400000,0.03461,0.03539,0.03415,0.03481,4994950,173811.3167
1786536000000,0.03481,0.03508,0.03335,0.03351,3227980,110531.6067
1786539600000,0.03351,0.03376,0.03271,0.03313,4514120,149789.0594
1786543200000,0.03313,0.03314,0.03129,0.03146,3988680,127500.7982
1786546800000,0.03146,0.03166,0.03052,0.03078,4722470,147042.2327
1786550400000,0.03078,0.03155,0.03013,0.0307,9013620,277119.01383
1786554000000,0.0307,0.03091,0.02967,0.03048,6904970,209590.12735
1786557600000,0.03048,0.0311,0.03003,0.03027,8051120,245033.9605
1786561200000,0.03027,0.03065,0.02999,0.03042,5520070,166933.4782
1786564800000,0.03042,0.03218,0.03004,0.03016,15193540,471691.0771
1786568400000,0.03016,0.03037,0.02966,0.02982,5255340,157763.6614
1786572000000,0.02982,0.02994,0.02933,0.02948,2998970,88797.16485
1786575600000,0.02948,0.02963,0.02916,0.02925,1862870,54746.57973
1786579200000,0.02925,0.0296,0.02836,0.029,8491760,245780.42
1786582800000,0.029,0.03041,0.02864,0.02907,8828600,259026.3136
1786586400000,0.02907,0.0295,0.02833,0.0291,4824850,139406.5464
1786590000000,0.0291,0.02925,0.02683,0.0278,9182910,254848.63445
1786593600000,0.0278,0.0283,0.02694,0.02807,7211240,200468.1059
1786597200000,0.02807,0.02905,0.02095,0.02456,70651490,1699199.97708
1786600800000,0.02456,0.02871,0.02425,0.02661,39381580,1046496.1904
1786604400000,0.02661,0.02668,0.0206,0.02236,71341850,1643388.79167
1786608000000,0.02236,0.02413,0.02094,0.02333,35590010,793669.0433
1786611600000,0.02333,0.02397,0.02124,0.02159,26844970,596157.2951
1786615200000,0.02159,0.02198,0.01998,0.02149,37478380,780442.13703
1786618800000,0.02149,0.03261,0.02144,0.03154,76691060,2028413.8746
1786622400000,0.03154,0.0326,0.02788,0.02811,41566870,1260093.6225
1786626000000,0.02811,0.02851,0.02444,0.02604,45177950,1176742.3355
1786629600000,0.02604,0.0264,0.02043,0.02148,67616060,1506735.0716
1786633200000,0.02148,0.0219,0.02062,0.02134,20205390,430441.8453
1786636800000,0.02134,0.02206,0.02101,0.0218,13269500,286111.8396
1786640400000,0.0218,0.02265,0.02157,0.02245,11715390,260631.9699
1786644000000,0.02245,0.02543,0.01952,0.02395,68659470,1538765.59788
1786647600000,0.02395,0.02545,0.01953,0.02234,54227760,1189321.3185
1786651200000,0.02234,0.02496,0.02152,0.02427,17139390,392802.2625
1786654800000,0.02427,0.02573,0.02426,0.02485,11876080,295899.9024
1786658400000,0.02485,0.02642,0.02485,0.02609,12645540,326572.4768
1786662000000,0.02609,0.02673,0.02575,0.02593,7485530,195888.8743
1786665600000,0.02593,0.02745,0.02564,0.02616,10117860,268288.7256
1786669200000,0.02616,0.02717,0.02524,0.02685,11693640,306455.0859
1786672800000,0.02685,0.0274,0.02649,0.02712,5260300,141788.3028
1786676400000,0.02712,0.02724,0.02464,0.02494,11405440,297173.2174
1786680000000,0.02494,0.02694,0.0217,0.02191,73045120,1762690.2571
1786683600000,0.02191,0.02459,0.02044,0.02208,54772640,1226995.5609
1786687200000,0.02208,0.02346,0.02129,0.02149,10173810,226700.9448
1786690800000,0.02149,0.02192,0.02054,0.02075,15175520,320856.6355
1786694400000,0.02075,0.02077,0.01939,0.01971,26732180,536914.42925
1786698000000,0.01971,0.0199,0.01936,0.01968,13887640,272282.6911
1786701600000,0.01968,0.0212,0.01967,0.02009,17175510,347840.0806
1786705200000,0.02009,0.0201,0.01887,0.01936,19649400,381603.1307
1786708800000,0.01936,0.01944,0.0183,0.01847,22293070,419926.44468
1786712400000,0.01847,0.01936,0.01795,0.0187,24559710,456151.90961
1786716000000,0.0187,0.01874,0.01711,0.01714,32362540,577365.94651
1786719600000,0.01714,0.0183,0.014,0.01415,68032560,1105073.28379
1786723200000,0.01415,0.01722,0.01375,0.0162,112921180,1750427.50341
1786726800000,0.0162,0.01702,0.015,0.01549,43101780,686619.3406
1786730400000,0.01549,0.01959,0.01533,0.0179,101753210,1828229.3673
1786734000000,0.0179,0.01821,0.01699,0.01719,33934610,599497.436
1786737600000,0.01719,0.01776,0.01706,0.01722,20127320,349844.5302
1786741200000,0.01722,0.01798,0.01668,0.01794,16753540,288133.5562
1786744800000,0.01794,0.01826,0.01713,0.01717,12225820,216343.0824
1786748400000,0.01717,0.01775,0.01688,0.01694,7921230,136911.6175
1786752000000,0.01694,0.01725,0.0161,0.01698,18002670,300390.8379
1786755600000,0.01698,0.0174,0.01624,0.0163,9221460,153358.4188
1786759200000,0.0163,0.01644,0.01558,0.01563,15170360,242405.8428
1786762800000,0.01563,0.01717,0.0155,0.01597,28352980,465561.5579
1786766400000,0.01597,0.01814,0.01582,0.01624,31083500,520813.7021
1786770000000,0.01624,0.01719,0.0154,0.01696,30027400,488885.0642
1786773600000,0.01696,0.01704,0.01614,0.01621,8475320,140084.3476
1786777200000,0.01621,0.0172,0.01601,0.01654,11479490,189922.5649
1786780800000,0.01654,0.01674,0.01628,0.01635,5146520,84987.1088
1786784400000,0.01635,0.01665,0.01631,0.01656,4758350,78265.8094
1786788000000,0.01656,0.01738,0.01628,0.01698,15844250,266639.8349
1786791600000,0.01698,0.01708,0.0166,0.01662,4370660,73707.9784
1786795200000,0.01662,0.01696,0.01627,0.01688,10155890,168320.2176
1786798800000,0.01688,0.01706,0.01664,0.0168,3141180,52838.7144
1786802400000,0.0168,0.01732,0.01679,0.017,11029720,187714.7972
1786806000000,0.017,0.01826,0.01684,0.01791,14436720,256067.6504
1786809600000,0.01791,0.01812,0.01703,0.01777,21579640,377982.0165
1786813200000,0.01777,0.01814,0.01669,0.01689,14301540,250758.527
1786816800000,0.01689,0.01736,0.01657,0.01731,10129540,170954.2889
1786820400000,0.01731,0.01801,0.0172,0.01789,7047830,123642.386
1786824000000,0.01789,0.01821,0.01756,0.01777,11332980,202922.2583
1786827600000,0.01777,0.01791,0.01751,0.01767,1750800,30966.3985
1786831200000,0.01767,0.01792,0.0175,0.01769,2520240,44654.0623
1786834800000,0.01769,0.0178,0.01761,0.01766,977860,17300.4373
1786838400000,0.01766,0.01855,0.01766,0.01803,13258930,238847.7411
1786842000000,0.01803,0.01834,0.01767,0.01823,4993360,90344.2584
1786845600000,0.01823,0.01913,0.01823,0.01901,11920910,223659.7712
1786849200000,0.01901,0.0195,0.01737,0.01787,21718520,400111.8027
1786852800000,0.01787,0.0184,0.01766,0.01818,6583790,118687.6637
1786856400000,0.01818,0.01885,0.01796,0.01879,14918470,276156.209
1786860000000,0.01879,0.01901,0.01656,0.01678,17430110,311544.775
1786863600000,0.01678,0.01814,0.01625,0.01783,24775950,425308.3814
1786867200000,0.01783,0.01793,0.01652,0.01718,11342380,196080.9621
1786870800000,0.01718,0.01729,0.01638,0.01701,6291750,106102.4356
1786874400000,0.01701,0.01714,0.0167,0.01712,1832640,31052.4833
1786878000000,0.01712,0.01776,0.01711,0.01743,4007130,70111.6325
1786881600000,0.01743,0.0175,0.01718,0.01743,2015030,34918.7161
1786885200000,0.01743,0.01766,0.01735,0.01765,1546560,27048.1313
1786888800000,0.01765,0.01808,0.01765,0.01782,3084850,55187.9734
1786892400000,0.01782,0.01807,0.01761,0.01793,3223650,57375.766
1786896000000,0.01793,0.01804,0.01773,0.01786,4547290,81456.7529
1786899600000,0.01786,0.01803,0.01771,0.01802,1618280,28849.7199
1786903200000,0.01802,0.01824,0.01795,0.01798,2524860,45683.266
1786906800000,0.01798,0.01864,0.01792,0.01846,5518560,101516.2052
1786910400000,0.01846,0.01915,0.01846,0.01888,7482460,140972.6866
1786914000000,0.01888,0.01947,0.01886,0.01921,4149570,79842.4381
1786917600000,0.01921,0.01935,0.0188,0.01912,3138840,59897.5512
1786921200000,0.01912,0.01953,0.01904,0.0195,2159240,41807.0704
1786924800000,0.0195,0.01982,0.01927,0.01965,4578700,89533.327
1786928400000,0.01965,0.02062,0.01937,0.02016,13746360,276737.0858
1786932000000,0.02016,0.02046,0.01959,0.02041,7370130,147342.196
1786935600000,0.02041,0.02052,0.02003,0.02037,4682290,95106.8511
1786939200000,0.02037,0.02138,0.02011,0.02136,15473030,324814.6764
1786942800000,0.02136,0.02174,0.02033,0.02069,19957980,423068.7688
1786946400000,0.02069,0.02073,0.01863,0.01951,17249240,332888.4936
1786950000000,0.01951,0.01981,0.01854,0.01876,14945930,287750.1763
1786953600000,0.01876,0.01955,0.01874,0.0188,6857540,131821.3757
1786957200000,0.0188,0.0191,0.01791,0.01816,13033440,240823.3943
1786960800000,0.01816,0.01841,0.01779,0.01781,6451860,116571.8856
1786964400000,0.01781,0.01809,0.01769,0.01802,3876460,69231.3172
1786968000000,0.01802,0.01836,0.01773,0.01805,7094410,128013.5391
1786971600000,0.01805,0.01854,0.01789,0.01809,6483760,117815.6314
1786975200000,0.01809,0.01824,0.01796,0.0181,1476760,26747.2113
1786978800000,0.0181,0.01831,0.0178,0.018,3066140,55163.4948
1786982400000,0.018,0.01825,0.01798,0.01803,2662310,48128.3461
1786986000000,0.01803,0.0181,0.01777,0.01793,2745780,49324.0521
1786989600000,0.01793,0.01828,0.01779,0.01811,5483930,99134.4606
1786993200000,0.01811,0.01811,0.01784,0.01787,852260,15295.7632
1786996800000,0.01787,0.01802,0.01783,0.01789,1863860,33403.4492
1787000400000,0.01789,0.01803,0.01757,0.0179,2219200,39465.1333
1787004000000,0.0179,0.01805,0.01784,0.01793,1541910,27633.4438
1787007600000,0.01793,0.01798,0.01771,0.01782,1411170,25209.9073
1787011200000,0.01782,0.01835,0.01781,0.01816,3222150,58436.4784
1787014800000,0.01816,0.01816,0.01782,0.01792,2044450,36711.0487
1787018400000,0.01792,0.01819,0.01746,0.01761,4385480,77769.8286
1787022000000,0.01761,0.018,0.01761,0.0179,1100350,19638.0463
1787025600000,0.0179,0.01873,0.01771,0.01819,5979430,109273.2064
1787029200000,0.01819,0.01834,0.01807,0.01814,3367730,61338.7811
1787032800000,0.01814,0.01844,0.01813,0.01838,2635970,48315.8029
1787036400000,0.01838,0.01843,0.01767,0.01797,4064300,72980.7998
1787040000000,0.01797,0.01801,0.01683,0.01724,19120710,330791.2809
1787043600000,0.01724,0.01791,0.0171,0.01716,3489690,60990.9693
1787047200000,0.01716,0.0172,0.01674,0.01686,5486680,92900.0646
1787050800000,0.01686,0.01706,0.01669,0.01682,3006250,50739.0049
1787054400000,0.01682,0.01785,0.01661,0.01697,14229900,245018.3891
1787058000000,0.01697,0.01713,0.01631,0.01655,6474370,108011.7966
1787061600000,0.01655,0.01658,0.01618,0.01632,6086380,99666.9177
1787065200000,0.01632,0.01634,0.01587,0.01609,4836430,78031.2714
1787068800000,0.01609,0.01775,0.01598,0.0173,16852760,285708.1983
1787072400000,0.0173,0.01747,0.01654,0.01657,7468250,126719.0529
1787076000000,0.01657,0.01678,0.01641,0.01646,2775820,45997.0907
1787079600000,0.01646,0.01653,0.01625,0.01632,1486140,24357.5701
1787083200000,0.01632,0.01638,0.01618,0.0162,1751270,28473.3913
1787086800000,0.0162,0.01622,0.01602,0.01607,2028710,32702.7489
1787090400000,0.01607,0.01614,0.01594,0.01604,2196540,35242.0744
1787094000000,0.01604,0.0162,0.01599,0.01601,2591400,41685.5966
1787097600000,0.01601,0.01686,0.01596,0.01674,5236730,85896.6373
1787101200000,0.01674,0.01708,0.01664,0.01697,8874250,150060.27
1787104800000,0.01697,0.01729,0.01682,0.01729,4676390,79651.8701
1787108400000,0.01729,0.01738,0.01706,0.01738,1392690,23947.5324
1787112000000,0.01738,0.01738,0.01702,0.01712,2388870,41096.7642
1787115600000,0.01712,0.01751,0.01686,0.01734,4427320,75964.5542
1787119200000,0.01734,0.0179,0.0173,0.01787,7425140,131202.4046
1787122800000,0.01787,0.01804,0.01767,0.0177,3090190,55117.7242
1787126400000,0.0177,0.01779,0.01734,0.01737,2152040,37825.3085
1787130000000,0.01737,0.01747,0.01721,0.01731,1745800,30270.9751
1787133600000,0.01731,0.01752,0.01705,0.01743,2564050,44208.1258
1787137200000,0.01743,0.01747,0.01724,0.01737,850100,14753.4435
1787140800000,0.01737,0.0174,0.01696,0.01718,2247550,38576.1614
1787144400000,0.01718,0.01721,0.01703,0.01708,718530,12285.3065
1787148000000,0.01708,0.01747,0.01691,0.0173,6652570,114745.5297
1787151600000,0.0173,0.0175,0.01701,0.01723,10786560,185653.69
1787155200000,0.01723,0.01735,0.01687,0.01723,3270710,55941.5174
1787158800000,0.01723,0.01774,0.0172,0.0174,4910520,85749.9775
1787162400000,0.0174,0.01776,0.01733,0.0177,2349390,41143.0759
1787166000000,0.0177,0.01774,0.01755,0.01767,1829150,32235.6457
1787169600000,0.01767,0.01775,0.01724,0.01747,3461530,60603.154
1787173200000,0.01747,0.01762,0.01741,0.01746,1517780,26622.4489
1787176800000,0.01746,0.01746,0.01709,0.01724,1038530,17920.999
1787180400000,0.01724,0.01734,0.01706,0.01706,774810,13318.0403
1787184000000,0.01706,0.01755,0.01705,0.0174,2505420,43476.4956
1787187600000,0.0174,0.01744,0.01697,0.01708,999950,17154.2364
1787191200000,0.01708,0.01724,0.01701,0.01714,1118940,19170.2035
1787194800000,0.01714,0.0173,0.01713,0.01717,1037550,17867.1729
1787198400000,0.01717,0.01735,0.01713,0.01723,1495490,25778.5698
1787202000000,0.01723,0.01723,0.01701,0.01702,587270,10050.8131
1787205600000,0.01702,0.01702,0.01671,0.01698,3290670,55531.5702
1787209200000,0.01698,0.0171,0.01655,0.01679,3581610,60163.0955
1787212800000,0.01679,0.01726,0.01672,0.01715,4331870,73717.9813
1787216400000,0.01715,0.01738,0.01685,0.01696,7254420,123576.6688
1787220000000,0.01696,0.01706,0.01687,0.01689,3200690,54312.5947
1787223600000,0.01689,0.0176,0.01682,0.01748,7686490,131559.4425
1787227200000,0.01748,0.01779,0.01738,0.01752,3250400,57161.6278
1787230800000,0.01752,0.01766,0.01738,0.01758,1311000,22969.8012
1787234400000,0.01758,0.01758,0.01725,0.01737,3980270,69170.8788
1787238000000,0.01737,0.01808,0.01725,0.01801,11113170,197614.5067
1787241600000,0.01801,0.01849,0.01789,0.01828,3260110,59458.2178
1787245200000,0.01828,0.01833,0.01787,0.01791,2311620,41717.8221
1787248800000,0.01791,0.01796,0.01776,0.01787,1449310,25870.6956
1787252400000,0.01787,0.01833,0.01766,0.01806,9503210,171071.62
1787256000000,0.01806,0.0195,0.01759,0.01815,28420340,529235.205
1787259600000,0.01815,0.01873,0.01793,0.01857,1747870,32025.5326
1787263200000,0.01857,0.01863,0.01835,0.0184,1182130,21855.6621
1787266800000,0.0184,0.01865,0.01836,0.01861,655630,12114.9537
1787270400000,0.01861,0.01861,0.0175,0.01755,3284700,59441.2164
1787274000000,0.01755,0.01803,0.01754,0.01763,2388440,42410.9898
1787277600000,0.01763,0.0179,0.01762,0.01783,2818920,50097.3546
1787281200000,0.01783,0.01787,0.01772,0.01777,2476300,43978.4453
1787284800000,0.01777,0.01852,0.01773,0.01825,6073290,109820.2685
1787288400000,0.01825,0.01832,0.01801,0.01812,2424430,44020.0621
1787292000000,0.01812,0.01813,0.01791,0.018,2110410,37993.0109
1787295600000,0.018,0.0181,0.0177,0.01775,5791940,103484.8042
1787299200000,0.01775,0.01813,0.01775,0.0179,1701550,30495.3705
1787302800000,0.0179,0.01794,0.01732,0.0174,5507320,97574.9766
1787306400000,0.0174,0.01757,0.01721,0.01726,1569100,27307.7356
1787310000000,0.01726,0.01768,0.01706,0.01758,7882610,136333.2146
1787313600000,0.01758,0.0177,0.01609,0.0166,23431820,395986.6583
1787317200000,0.0166,0.01748,0.01653,0.01733,3897780,66325.1034
1787320800000,0.01733,0.01884,0.01733,0.01882,11470150,209957.6386
1787324400000,0.01882,0.02411,0.01879,0.02284,62040420,1380201.2938
1787328000000,0.02284,0.0242,0.02182,0.02268,24008490,551574.6702
1787331600000,0.02268,0.0232,0.02233,0.02297,9791370,223115.0195
1787335200000,0.02297,0.0237,0.02295,0.02323,7860000,183253.2231
1787338800000,0.02323,0.02358,0.02259,0.02324,9889160,229536.8229
1787342400000,0.02324,0.02364,0.02296,0.02344,6584490,153612.0968
1787346000000,0.02344,0.02486,0.02319,0.0241,14891540,358080.3223
1787349600000,0.0241,0.02449,0.02377,0.02397,5403150,130322.407
1787353200000,0.02397,0.02428,0.02372,0.02408,5987440,143548.7932
1787356800000,0.02408,0.02419,0.02364,0.02366,6993700,167130.2222
1787360400000,0.02366,0.0245,0.0228,0.02358,16494110,390314.1337
1787364000000,0.02358,0.02415,0.0234,0.02397,8376550,199806.5892
1787367600000,0.02397,0.02472,0.02387,0.02407,8589220,207853.9708
1787371200000,0.02407,0.02472,0.02352,0.02467,9748100,235270.4923
1787374800000,0.02467,0.02471,0.02117,0.02286,36095230,823244.1786
1787378400000,0.02286,0.02306,0.02174,0.02184,10209610,227166.6175
1787382000000,0.02184,0.02261,0.02166,0.02196,9420430,208553.4194
1787385600000,0.02196,0.02334,0.02151,0.02255,10935450,245113.7217
1787389200000,0.02255,0.02389,0.02236,0.02314,16394910,379489.3227
1787392800000,0.02314,0.02334,0.02177,0.02216,15188620,341363.4951
1787396400000,0.02216,0.02218,0.0208,0.02104,14288560,305976.8074
1787400000000,0.02104,0.02109,0.02029,0.02046,9598430,198186.9188
1787403600000,0.02046,0.0206,0.01964,0.01974,11447090,229789.3976
1787407200000,0.01974,0.01989,0.01926,0.01968,5784270,113234.2787
1787410800000,0.01968,0.02193,0.01949,0.02123,27315520,572685.7839
1787414400000,0.02123,0.02191,0.02049,0.02102,10831050,229468.3616
1787418000000,0.02102,0.02191,0.02101,0.02171,6095900,131446.6568
1787421600000,0.02171,0.02187,0.02151,0.02155,1612430,34925.3569
1787425200000,0.02155,0.02179,0.02152,0.02156,1575530,34125.477
1787428800000,0.02156,0.022,0.02131,0.02168,3968220,85740.7745
1787432400000,0.02168,0.0217,0.02139,0.02155,1467510,31556.0034
1787436000000,0.02155,0.02169,0.02137,0.02148,485480,10449.8273
1787439600000,0.02148,0.0219,0.02145,0.02164,758180,16420.4105
1787443200000,0.02164,0.02185,0.02124,0.02137,3051080,65451.7293
1787446800000,0.02137,0.02137,0.02081,0.02111,2789510,58816.2529
1787450400000,0.02111,0.02149,0.02096,0.02143,1844500,39102.801
1787454000000,0.02143,0.02163,0.0212,0.02121,1541910,33098.7793
1787457600000,0.02121,0.02157,0.02092,0.02108,1730030,36784.4327
1787461200000,0.02108,0.0211,0.02062,0.02066,1237340,25779.2303
1787464800000,0.02066,0.02108,0.02036,0.02096,4474990,92695.759
1787468400000,0.02096,0.021,0.02057,0.02067,1065430,22132.4773
1787472000000,0.02067,0.02173,0.02066,0.0209,5217950,110152.03
1787475600000,0.0209,0.02096,0.02057,0.02066,1252630,25980.6168
1787479200000,0.02066,0.0207,0.01992,0.02003,2412870,48960.6223
1787482800000,0.02003,0.02005,0.01961,0.01984,2115730,41967.4489
1787486400000,0.01984,0.01999,0.01957,0.01978,3740750,73821.4619
1787490000000,0.01978,0.01982,0.01964,0.01973,672670,13281.7171
1787493600000,0.01973,0.01984,0.01936,0.01946,1074090,21023.1227
1787497200000,0.01946,0.01976,0.0191,0.0192,3910120,75829.3811
1787500800000,0.0192,0.01932,0.01833,0.01852,10161440,189845.4305
1787504400000,0.01852,0.01854,0.01806,0.0182,7606400,139028.0335
1787508000000,0.0182,0.01936,0.01817,0.01906,8730820,164067.6061
1787511600000,0.01906,0.01907,0.01877,0.01893,2963550,56046.7767
1787515200000,0.01893,0.01901,0.01864,0.01893,1595840,29999.3516
1787518800000,0.01893,0.01923,0.01883,0.0189,2046840,38919.8261
1787522400000,0.0189,0.01917,0.01828,0.01844,3585440,67208.139
1787526000000,0.01844,0.01848,0.01808,0.01828,3160490,57769.6782
1787529600000,0.01828,0.01885,0.01825,0.01859,5554040,102860.412
1787533200000,0.01859,0.01864,0.01751,0.01761,9875460,177663.9484
1787536800000,0.01761,0.01814,0.0175,0.01752,5636890,99509.4703
1787540400000,0.01752,0.01833,0.01726,0.01732,16680530,294892.777
1787544000000,0.01732,0.01754,0.01703,0.01707,6027750,104355.4235
1787547600000,0.01707,0.01992,0.01688,0.01846,37821960,694256.6029
1787551200000,0.01846,0.01949,0.01663,0.01936,45457190,812630.6276
1787554800000,0.01936,0.0203,0.01773,0.0187,40062060,762651.152
1787558400000,0.0187,0.01874,0.017,0.01765,29375190,513519.0357
1787562000000,0.01765,0.0183,0.01751,0.01822,14308630,256869.1306
1787565600000,0.01822,0.01863,0.01725,0.01746,20606570,371844.8179
1787569200000,0.01746,0.01882,0.01736,0.01795,12975230,235478.3678
1787572800000,0.01795,0.01838,0.01776,0.01803,4199800,75944.4529
1787576400000,0.01803,0.01808,0.01703,0.01708,8189040,143784.1669
1787580000000,0.01708,0.01714,0.01581,0.01625,28110810,461983.3353
1787583600000,0.01625,0.01651,0.01535,0.01542,14988180,238117.9096
1787587200000,0.01542,0.01683,0.01538,0.01586,17302890,277224.7274
1787590800000,0.01586,0.01606,0.0156,0.01588,5555240,87898.3286
1787594400000,0.01588,0.01612,0.01585,0.01594,2108670,33790.8146
1787598000000,0.01594,0.0162,0.0159,0.01596,2931700,47035.8775
1787601600000,0.01596,0.01615,0.01573,0.01595,2725280,43399.0302
1787605200000,0.01595,0.01649,0.01592,0.01616,2443040,39608.229
1787608800000,0.01616,0.01646,0.01597,0.01642,7654320,123993.8803
1787612400000,0.01642,0.01686,0.01627,0.01653,4824880,79719.6287
1787616000000,0.01653,0.01653,0.01601,0.0161,4366210,70736.9922
1787619600000,0.0161,0.01629,0.01583,0.01619,3417120,54813.9751
1787623200000,0.01619,0.01626,0.01598,0.01608,2641430,42579.5897
1787626800000,0.01608,0.01637,0.016,0.01629,3566620,57683.0613
1787630400000,0.01629,0.0164,0.01591,0.01591,4464510,72209.7689
1787634000000,0.01591,0.0167,0.01577,0.01663,6544610,106037.5519
1787637600000,0.01663,0.01666,0.0149,0.01513,26018640,404917.1678
1787641200000,0.01513,0.01558,0.01484,0.01504,13244720,201402.0964
1787644800000,0.01504,0.01511,0.01459,0.01482,13074490,193824.3473
1787648400000,0.01482,0.01524,0.01469,0.01486,10686930,160143.9518
1787652000000,0.01486,0.01494,0.01472,0.01486,5715940,84842.9998
1787655600000,0.01486,0.01538,0.01469,0.0151,10987330,165395.572
1787659200000,0.0151,0.01521,0.0147,0.01481,6071370,90270.9587
1787662800000,0.01481,0.01497,0.01472,0.01476,2966740,43917.886
1787666400000,0.01476,0.01493,0.01467,0.01484,4354060,64498.8817
1787670000000,0.01484,0.01488,0.01462,0.01481,2943670,43320.0641
1787673600000,0.01481,0.01512,0.0143,0.01493,13273320,193543.3733
1787677200000,0.01493,0.01537,0.01492,0.01512,6048790,91795.4416
1787680800000,0.01512,0.0153,0.01505,0.01518,2746310,41698.8524
1787684400000,0.01518,0.01521,0.01504,0.01513,1698250,25673.3709
1787688000000,0.01513,0.01522,0.01489,0.01509,4446470,66894.0767
1787691600000,0.01509,0.01529,0.01482,0.01529,1349960,20249.8543
1787695200000,0.01529,0.01529,0.01498,0.01506,892620,13458.7254
1787698800000,0.01506,0.01528,0.01502,0.01505,1647430,24918.4913
1787702400000,0.01505,0.01539,0.01504,0.01534,1634540,24845.4449
1787706000000,0.01534,0.01576,0.0153,0.01564,2722680,42405.9166
1787709600000,0.01564,0.01573,0.01548,0.0156,2487600,38886.6088
1787713200000,0.0156,0.01649,0.01558,0.01634,21569810,347875.2316
1787716800000,0.01634,0.01637,0.01602,0.01612,14906760,241390.8482
1787720400000,0.01612,0.01649,0.01611,0.01637,5336670,87166.8304
1787724000000,0.01637,0.01647,0.01605,0.01611,4025660,65425.2969
1787727600000,0.01611,0.01635,0.01591,0.01624,4523350,72901.2247
1787731200000,0.01624,0.01739,0.0162,0.01712,13987600,235927.5857
1787734800000,0.01712,0.01721,0.01431,0.01455,40965960,629201.3598
1787738400000,0.01455,0.01511,0.01383,0.01497,27527290,396791.7244
1787742000000,0.01497,0.01523,0.01482,0.01506,8950170,134223.252
1787745600000,0.01506,0.01543,0.01481,0.01537,9364050,141143.2343
1787749200000,0.01537,0.01571,0.01511,0.01558,5896840,91239.9795
1787752800000,0.01558,0.01571,0.01523,0.0156,9203510,142562.087
1787756400000,0.0156,0.01606,0.0155,0.01598,4676880,74108.5774
1787760000000,0.01598,0.01599,0.01521,0.01574,9063710,140523.6269
1787763600000,0.01574,0.01588,0.01558,0.01571,2053270,32268.5898
1787767200000,0.01571,0.01598,0.01562,0.0158,5831290,92085.4706
1787770800000,0.0158,0.01596,0.01563,0.01565,1576480,24960.5925
1787774400000,0.01565,0.01569,0.01542,0.01548,1324000,20567.6151
1787778000000,0.01548,0.01561,0.01538,0.01556,1678420,25962.5885
1787781600000,0.01556,0.01565,0.01541,0.01549,1368850,21225.8994
1787785200000,0.01549,0.01552,0.01534,0.0155,1875480,28953.0381
1787788800000,0.0155,0.01616,0.01548,0.01567,9202640,144849.2443
1787792400000,0.01567,0.01569,0.01554,0.01559,913780,14285.9425
1787796000000,0.01559,0.01565,0.01538,0.01549,1762850,27281.0522
1787799600000,0.01549,0.01574,0.01547,0.0156,1681440,26171.7828
1787803200000,0.0156,0.01591,0.01558,0.01577,1967070,31021.3913
1787806800000,0.01577,0.01586,0.01562,0.01582,1745640,27503.1188
1787810400000,0.01582,0.01625,0.01581,0.01618,6120780,98205.3651
1787814000000,0.01618,0.01652,0.01603,0.0164,4174300,67755.2184
1787817600000,0.0164,0.01642,0.01591,0.01596,4270940,68981.8051
1787821200000,0.01596,0.01612,0.0159,0.016,1648980,26450.3598
1787824800000,0.016,0.01652,0.01577,0.01603,13855580,222698.5363
1787828400000,0.01603,0.01618,0.01592,0.01609,1871700,30058.8782
1787832000000,0.01609,0.01672,0.01607,0.01651,4664830,76907.9659
1787835600000,0.01651,0.01664,0.01609,0.01653,5753250,94423.5507
1787839200000,0.01653,0.01717,0.01639,0.01688,7404870,124598.5637
1787842800000,0.01688,0.01741,0.01678,0.01732,6476880,111129.4576
1787846400000,0.01732,0.01741,0.01695,0.01701,3261530,56057.8753
1787850000000,0.01701,0.01735,0.01694,0.01711,1563380,26798.0629
1787853600000,0.01711,0.01726,0.01687,0.01722,2091710,35736.5479
1787857200000,0.01722,0.01749,0.01712,0.01744,1696770,29356.5609
1787860800000,0.01744,0.01761,0.01732,0.01754,3465860,60533.043
1787864400000,0.01754,0.01784,0.01744,0.01756,4356710,76875.1075
1787868000000,0.01756,0.01794,0.01622,0.01651,12961990,219536.4611
1787871600000,0.01651,0.01717,0.01649,0.01713,5512480,93097.0198
1787875200000,0.01713,0.01752,0.01708,0.0173,5828920,100905.3117
1787878800000,0.0173,0.01785,0.01722,0.01777,4087830,71830.376
1787882400000,0.01777,0.01781,0.01704,0.01731,7536670,130653.5161
1787886000000,0.01731,0.01734,0.0169,0.01719,3826930,65517.9329
1787889600000,0.01719,0.01756,0.01712,0.01747,2987490,51828.8309
1787893200000,0.01747,0.01777,0.01735,0.01758,4516050,79210.8423
1787896800000,0.01758,0.01799,0.01757,0.01763,4735790,84049.4992
1787900400000,0.01763,0.01805,0.01743,0.01763,6529990,115784.7535
1787904000000,0.01763,0.01809,0.01761,0.01801,4099470,73452.323
1787907600000,0.01801,0.01802,0.01735,0.0175,7231900,127435.0551
1787911200000,0.0175,0.01784,0.01748,0.01769,2504360,44188.7805
1787914800000,0.01769,0.0178,0.01748,0.01775,2826240,49880.9977
1787918400000,0.01775,0.01788,0.01757,0.01761,3694380,65251.5367
1787922000000,0.01761,0.0178,0.01755,0.01771,1848480,32665.3829
1787925600000,0.01771,0.01847,0.0175,0.01843,8709280,156937.5201
1787929200000,0.01843,0.01855,0.01791,0.01804,8588290,157140.2415
1787932800000,0.01804,0.01808,0.01699,0.01796,9673610,169805.4277
1787936400000,0.01796,0.01811,0.01768,0.01792,3459340,61913.8571
1787940000000,0.01792,0.01804,0.01769,0.01788,1596850,28564.6461
1787943600000,0.01788,0.0183,0.01784,0.01827,2023790,36557.6394
1787947200000,0.01827,0.0187,0.01824,0.0185,2653160,48917.6316
1787950800000,0.0185,0.01907,0.01849,0.019,2270150,42588.0813
1787954400000,0.019,0.01926,0.01879,0.01903,4775670,90922.2615
1787958000000,0.01903,0.01907,0.01845,0.0188,7619800,142676.6169
1787961600000,0.0188,0.01884,0.01807,0.01873,6451210,118478.1858
1787965200000,0.01873,0.01905,0.01869,0.01878,3725270,70364.5934
1787968800000,0.01878,0.01889,0.01867,0.0187,2653190,49803.1407
1787972400000,0.0187,0.01889,0.01844,0.01861,2755520,51499.624
1787976000000,0.01861,0.01877,0.01841,0.01872,2860200,53202.7454
1787979600000,0.01872,0.01918,0.01852,0.01904,4373700,82613.6193
1787983200000,0.01904,0.0191,0.01872,0.01902,3562940,67304.4174
1787986800000,0.01902,0.01971,0.019,0.01942,6114170,118424.5245
1787990400000,0.01942,0.01972,0.0191,0.01934,8091680,157318.821
1787994000000,0.01934,0.01992,0.01934,0.01961,7746710,152552.6172
1787997600000,0.01961,0.02036,0.01959,0.01985,13364170,268079.4628
1788001200000,0.01985,0.02025,0.01964,0.01998,6437590,128155.1635
1788004800000,0.01998,0.0201,0.01806,0.01905,34993070,661203.116
1788008400000,0.01905,0.01943,0.01873,0.01942,6769900,128892.2204
1788012000000,0.01942,0.01983,0.01888,0.01891,9308720,180604.4997
1788015600000,0.01891,0.01896,0.01711,0.01788,19988270,357758.0015
1788019200000,0.01788,0.01906,0.01787,0.01884,9332700,173930.553
1788022800000,0.01884,0.01904,0.01843,0.01863,5825960,109272.4424
1788026400000,0.01863,0.01885,0.01846,0.01881,1737290,32416.7652
1788030000000,0.01881,0.01881,0.01864,0.01869,1327260,24859.0917
1788033600000,0.01869,0.01869,0.0185,0.01856,936140,17397.3069
1788037200000,0.01856,0.01857,0.01838,0.01843,1572920,29087.9914
1788040800000,0.01843,0.01862,0.01843,0.0186,982140,18215.4237
1788044400000,0.0186,0.0186,0.01841,0.01841,886220,16379.1456
1788048000000,0.01841,0.01852,0.01815,0.01835,4678790,85725.0821
1788051600000,0.01835,0.01835,0.01773,0.018,4681540,84702.6416
1788055200000,0.018,0.01817,0.018,0.01801,1752680,31668.7112
1788058800000,0.01801,0.0181,0.01744,0.01766,6458920,114075.1555
1788062400000,0.01766,0.01799,0.01752,0.01756,2901130,51414.0488
1788066000000,0.01756,0.01793,0.01756,0.01787,2401150,42477.4851
1788069600000,0.01787,0.0179,0.01753,0.01757,2066600,36439.219
1788073200000,0.01757,0.01772,0.01748,0.01751,1152800,20267.194
1788076800000,0.01751,0.01759,0.01737,0.01744,2093330,36573.8152
1788080400000,0.01744,0.01752,0.01699,0.01714,3683950,63196.4789
1788084000000,0.01714,0.01724,0.01702,0.01712,1983190,33955.5667
1788087600000,0.01712,0.01728,0.01709,0.01713,3246690,55814.9
1788091200000,0.01713,0.01766,0.01713,0.0175,8743380,151303.8491
1788094800000,0.0175,0.01754,0.01723,0.01728,2289630,39772.1783
1788098400000,0.01728,0.01738,0.01707,0.01721,1804680,31086.7694
1788102000000,0.01721,0.01731,0.01688,0.01721,4123260,70392.2913
1788105600000,0.01721,0.01738,0.01716,0.01727,1914340,33043.349
1788109200000,0.01727,0.01732,0.01703,0.01713,2050540,35151.6262
1788112800000,0.01713,0.01717,0.01695,0.01697,1094110,18631.9455
1788116400000,0.01697,0.01706,0.01684,0.01689,1136240,19277.4509
1788120000000,0.01689,0.01701,0.01682,0.01688,1571240,26528.8719
1788123600000,0.01688,0.01697,0.01656,0.01693,3630350,60911.5125
1788127200000,0.01693,0.01695,0.01673,0.01685,973150,16367.0337
1788130800000,0.01685,0.01714,0.01661,0.0168,3831790,64575.643
1788134400000,0.0168,0.01739,0.01671,0.01739,2562480,44012.9781
1788138000000,0.01739,0.01739,0.01717,0.01727,519760,8978.1181
1788141600000,0.01727,0.01786,0.01725,0.01781,2304670,40331.9878
1788145200000,0.01781,0.01787,0.01727,0.01743,3352340,58903.5814
1788148800000,0.01743,0.01758,0.01723,0.01723,2354810,40996.289
1788152400000,0.01723,0.0174,0.01723,0.01732,1747900,30287.8907
1788156000000,0.01732,0.01735,0.01683,0.01711,3192150,54410.924
1788159600000,0.01711,0.01718,0.01695,0.01701,991180,16931.4842
1788163200000,0.01701,0.01707,0.01679,0.01686,1783110,30163.1055
1788166800000,0.01686,0.01695,0.01665,0.01667,1250450,20996.7547
1788170400000,0.01667,0.01674,0.01631,0.0165,1958770,32403.9672
1788174000000,0.0165,0.01678,0.01639,0.0166,3028700,50188.0516
1788177600000,0.0166,0.01675,0.01637,0.01639,2286520,37886.5402
1788181200000,0.01639,0.01645,0.01629,0.01637,1697890,27793.4132
1788184800000,0.01637,0.01665,0.01635,0.01659,1918300,31621.6572
1788188400000,0.01659,0.01659,0.01643,0.01646,1215430,20100.8145
1788192000000,0.01646,0.01655,0.01641,0.01647,1940590,31969.0677
1788195600000,0.01647,0.01657,0.01635,0.0164,910900,15031.9534
1788199200000,0.0164,0.01644,0.01624,0.01625,1201560,19616.0022
1788202800000,0.01625,0.01634,0.01623,0.01625,526620,8580.8093
1788206400000,0.01625,0.01636,0.0162,0.01628,665800,10850.1629
1788210000000,0.01628,0.01637,0.01622,0.01632,625890,10194.4571
1788213600000,0.01632,0.01703,0.01626,0.01673,2420060,40268.5336
1788217200000,0.01673,0.01677,0.01656,0.01671,968420,16143.9821
1788220800000,0.01671,0.01682,0.01662,0.01666,645410,10771.2109
1788224400000,0.01666,0.01672,0.01654,0.01659,288650,4794.1624
1788228000000,0.01659,0.01667,0.01652,0.01657,400510,6650.9634
1788231600000,0.01657,0.01671,0.01657,0.01663,189130,3147.9333
1788235200000,0.01663,0.01666,0.01639,0.01642,545600,8994.4722
1788238800000,0.01642,0.01661,0.01639,0.01655,531410,8757.5286
1788242400000,0.01655,0.01655,0.01572,0.01632,4705410,75781.3334
1788246000000,0.01632,0.0164,0.0162,0.01632,809050,13188.2314
1788249600000,0.01632,0.01642,0.01622,0.01624,1278440,20829.8597
1788253200000,0.01624,0.01628,0.01614,0.01617,375480,6087.3532
1788256800000,0.01617,0.01623,0.01602,0.01605,734950,11838.9066
1788260400000,0.01605,0.01609,0.01582,0.0159,1284560,20429.2871
1788264000000,0.0159,0.01609,0.01588,0.01604,1689760,27008.0381
1788267600000,0.01604,0.01636,0.01603,0.01634,1407160,22731.3521
1788271200000,0.01634,0.01636,0.01613,0.01619,1398150,22682.5418
1788274800000,0.01619,0.01634,0.01612,0.01622,510590,8268.3385
1788278400000,0.01622,0.01647,0.01618,0.01625,733280,11985.7422
1788282000000,0.01625,0.01631,0.01617,0.01622,351990,5714.7275
1788285600000,0.01622,0.01625,0.01596,0.01596,1039050,16734.2603
1788289200000,0.01596,0.01617,0.01596,0.01611,845300,13606.7803
1788292800000,0.01611,0.01615,0.01601,0.01607,651210,10456.9167
1788296400000,0.01607,0.01623,0.01594,0.01596,1332800,21403.3009
1788300000000,0.01596,0.01627,0.01586,0.01626,1638500,26219.7586
1788303600000,0.01626,0.01626,0.01597,0.0161,1166790,18725.0755
1788307200000,0.0161,0.01615,0.01598,0.01602,1177820,18925.3132
1788310800000,0.01602,0.01616,0.01597,0.01612,1117050,17933.9998
1788314400000,0.01612,0.01616,0.01603,0.01611,804210,12949.6169
1788318000000,0.01611,0.0172,0.01611,0.017,3882020,64974.7128
1788321600000,0.017,0.01707,0.01636,0.01675,1725470,28777.5754
1788325200000,0.01675,0.01682,0.01626,0.01646,1996730,32752.824
1788328800000,0.01646,0.01657,0.0163,0.01653,1208040,19842.0286
1788332400000,0.01653,0.01667,0.01641,0.01667,841090,13873.091
1788336000000,0.01667,0.01716,0.01665,0.01702,2162520,36706.3102
1788339600000,0.01702,0.01739,0.01623,0.01657,7446600,124869.2757
1788343200000,0.01657,0.0166,0.01633,0.01643,1267790,20874.9774
1788346800000,0.01643,0.01643,0.01622,0.01633,1104400,18046.3296
1788350400000,0.01633,0.01655,0.01633,0.01645,2605570,42872.2794
1788354000000,0.01645,0.01688,0.01645,0.0168,1265540,21126.92
1788357600000,0.0168,0.01685,0.01662,0.01668,1383910,23126.2184
1788361200000,0.01668,0.01678,0.01657,0.01665,3488120,58170.1808
1788364800000,0.01665,0.01669,0.0164,0.01652,1856360,30692.4158
1788368400000,0.01652,0.01656,0.01647,0.01652,689530,11382.6007
1788372000000,0.01652,0.01672,0.01649,0.01672,481130,7982.3565
1788375600000,0.01672,0.01692,0.01659,0.01659,630090,10529.1063
1788379200000,0.01659,0.01668,0.01628,0.01637,1480070,24341.5915
1788382800000,0.01637,0.01671,0.01636,0.01648,1068310,17635.0711
1788386400000,0.01648,0.01651,0.01639,0.0164,419040,6890.3824
1788390000000,0.0164,0.0166,0.01638,0.01652,253620,4186.8467
1788393600000,0.01652,0.01656,0.01638,0.01645,360530,5931.9203
1788397200000,0.01645,0.01658,0.0164,0.01641,297440,4896.5777
1788400800000,0.01641,0.01648,0.0164,0.01643,367420,6040.1201
1788404400000,0.01643,0.01643,0.01541,0.01617,6102330,97235.8414
1788408000000,0.01617,0.01621,0.01581,0.01592,2085330,33403.0547
1788411600000,0.01592,0.01608,0.01578,0.01603,1388380,22185.924
1788415200000,0.01603,0.01675,0.01598,0.01675,1926360,31200.3473
1788418800000,0.01675,0.01677,0.01615,0.01626,731880,12005.6868
1788422400000,0.01626,0.01647,0.01624,0.01644,276610,4528.3075
1788426000000,0.01644,0.01673,0.01639,0.01668,430410,7138.0263
1788429600000,0.01668,0.01689,0.01662,0.01684,880030,14753.1196
1788433200000,0.01684,0.0171,0.01681,0.01708,453490,7710.976
1788436800000,0.01708,0.01712,0.01683,0.01696,1354740,22951.3916
1788440400000,0.01696,0.01716,0.01692,0.01702,2609160,44427.6937
1788444000000,0.01702,0.01721,0.01687,0.0172,1620320,27686.6572
1788447600000,0.0172,0.0176,0.01714,0.01752,1765150,30587.2659
1788451200000,0.01752,0.01776,0.0172,0.01765,1215650,21252.663
1788454800000,0.01765,0.01772,0.01746,0.01755,962430,16903.2543
1788458400000,0.01755,0.01775,0.01749,0.01761,1024000,18069.6891
1788462000000,0.01761,0.01784,0.01748,0.01775,1311110,23201.9955
1788465600000,0.01775,0.01779,0.01754,0.01768,753260,13303.0793
1788469200000,0.01768,0.01775,0.01756,0.01763,911440,16089.4181
1788472800000,0.01763,0.01768,0.01743,0.01743,656860,11542.326
1788476400000,0.01743,0.01743,0.01722,0.01727,1415360,24493.9698
1788480000000,0.01727,0.01738,0.0171,0.01711,855110,14729.2181
1788483600000,0.01711,0.01727,0.01709,0.01715,936620,16094.7845
1788487200000,0.01715,0.01736,0.01709,0.01728,1105970,19087.6603
1788490800000,0.01728,0.01728,0.01697,0.01697,836370,14266.2174
1788494400000,0.01697,0.01704,0.01674,0.01684,2103150,35571.4594
1788498000000,0.01684,0.01693,0.01667,0.01674,828960,13952.9974
1788501600000,0.01674,0.01676,0.01648,0.01653,2010270,33326.7656
1788505200000,0.01653,0.01659,0.01649,0.01649,371650,6147.3608
1788508800000,0.01649,0.01659,0.01642,0.01643,1487210,24573.2906
1788512400000,0.01643,0.01648,0.01613,0.01614,1387500,22727.5293
1788516000000,0.01614,0.01626,0.01559,0.0157,2912550,46571.9155
1788519600000,0.0157,0.01588,0.01551,0.01572,1990350,31236.5536
1788523200000,0.01572,0.01643,0.01569,0.01639,4608950,74303.5432
1788526800000,0.01639,0.01642,0.01599,0.01631,2904010,47071.8501
1788530400000,0.01631,0.01664,0.01624,0.01637,2345620,38624.4797
1788534000000,0.01637,0.01642,0.01605,0.01621,1636970,26559.908
1788537600000,0.01621,0.01634,0.01602,0.01611,1609720,26050.9065
1788541200000,0.01611,0.01675,0.016,0.01625,2374900,38566.4954
1788544800000,0.01625,0.01663,0.01618,0.01639,941190,15453.7971
1788548400000,0.01639,0.01641,0.01609,0.01622,197710,3214.8835
1788552000000,0.01622,0.01632,0.01611,0.01625,317470,5153.5025
1788555600000,0.01625,0.01629,0.01618,0.0162,139660,2268.1809
1788559200000,0.0162,0.01628,0.01617,0.01628,87420,1417.9412
1788562800000,0.01628,0.01658,0.01621,0.01649,458020,7508.9013
1788566400000,0.01649,0.01695,0.01649,0.01657,549620,9180.151
1788570000000,0.01657,0.01666,0.01649,0.01658,313570,5199.978
1788573600000,0.01658,0.01684,0.01656,0.01671,388890,6493.9671
1788577200000,0.01671,0.01676,0.01641,0.01646,170560,2820.9015
1788580800000,0.01646,0.01658,0.01638,0.01656,124510,2049.9206
1788584400000,0.01656,0.01663,0.01651,0.01656,397650,6586.9271
1788588000000,0.01656,0.01676,0.01654,0.01672,322730,5388.5692
1788591600000,0.01672,0.01676,0.01657,0.0166,104540,1742.6159
1788595200000,0.0166,0.01673,0.01646,0.01652,191140,3171.6141
1788598800000,0.01652,0.01652,0.01627,0.01644,1297600,21236.0006
1788602400000,0.01644,0.01652,0.01629,0.01632,668370,10956.2402
1788606000000,0.01632,0.01635,0.01614,0.01614,426370,6934.144
1788609600000,0.01614,0.01642,0.01612,0.01632,847160,13792.8974
1788613200000,0.01632,0.01634,0.01586,0.01616,3363920,54080.7551
1788616800000,0.01616,0.01656,0.01612,0.01637,2459280,40382.3765
1788620400000,0.01637,0.01646,0.01619,0.01636,1398310,22900.025
1788624000000,0.01636,0.01642,0.01616,0.0162,1514950,24666.6777
1788627600000,0.0162,0.01631,0.01617,0.01623,700190,11372.0602
1788631200000,0.01623,0.0163,0.0161,0.01622,686970,11106.6499
1788634800000,0.01622,0.0164,0.01622,0.01634,899130,14662.3123
1788638400000,0.01634,0.01642,0.01624,0.01626,680060,11101.5968
1788642000000,0.01626,0.01629,0.01618,0.01621,399390,6486.8386
1788645600000,0.01621,0.0164,0.01613,0.01633,771620,12530.823
1788649200000,0.01633,0.01668,0.0163,0.01638,1356480,22383.0496
1788652800000,0.01638,0.01646,0.01614,0.01635,2186060,35643.7582
1788656400000,0.01635,0.01646,0.01633,0.01637,694100,11383.1656
1788660000000,0.01637,0.01645,0.01628,0.01632,497620,8127.0736
1788663600000,0.01632,0.01633,0.01618,0.01621,1011460,16413.3278
1788667200000,0.01621,0.01625,0.01612,0.01618,133810,2166.6255
1788670800000,0.01618,0.01672,0.01616,0.01652,1336450,22066.8081
1788674400000,0.01652,0.01665,0.01635,0.01652,1646890,27088.102
1788678000000,0.01652,0.01667,0.0164,0.01666,403560,6678.3244
1788681600000,0.01666,0.0167,0.01645,0.01649,1691500,28012.8831
1788685200000,0.01649,0.01652,0.01637,0.01647,803750,13213.4914
1788688800000,0.01647,0.01657,0.01639,0.01646,675560,11115.4402
1788692400000,0.01646,0.0165,0.01631,0.0164,1681090,27541.4063
1788696000000,0.0164,0.01641,0.01618,0.01625,458870,7477.467
1788699600000,0.01625,0.01637,0.01623,0.01627,239910,3916.0179
1788703200000,0.01627,0.01631,0.01611,0.01619,1217340,19735.1222
1788706800000,0.01619,0.01661,0.01615,0.01657,1966930,32178.8939
1788710400000,0.01657,0.0166,0.01641,0.01645,658070,10841.3385
1788714000000,0.01645,0.01648,0.01629,0.01633,1199050,19603.2785
1788717600000,0.01633,0.0164,0.01619,0.01622,1639270,26767.0455
1788721200000,0.01622,0.01627,0.01621,0.01622,135060,2193.5632
1788724800000,0.01622,0.01626,0.01607,0.01615,959070,15464.6393
1788728400000,0.01615,0.01616,0.01597,0.016,1042430,16758.3061
1788732000000,0.016,0.01616,0.01599,0.01612,782790,12560.4233
1788735600000,0.01612,0.01617,0.01605,0.01612,444740,7169.9751
1788739200000,0.01612,0.01617,0.01602,0.01613,951270,15300.5788
1788742800000,0.01613,0.01616,0.01596,0.01596,1297030,20791.763
1788746400000,0.01596,0.01643,0.01594,0.01631,2823130,45839.6271
1788750000000,0.01631,0.01632,0.01619,0.01621,365120,5932.1827
1788753600000,0.01621,0.01633,0.01612,0.0163,502580,8148.833
1788757200000,0.0163,0.01631,0.01611,0.01613,247930,4016.0211
1788760800000,0.01613,0.01639,0.0161,0.01635,330100,5350.9477
1788764400000,0.01635,0.01636,0.01625,0.01631,217180,3541.5568
1788768000000,0.01631,0.01635,0.01621,0.01624,170280,2770.1393
1788771600000,0.01624,0.01628,0.01613,0.01618,1011930,16400.5751
1788775200000,0.01618,0.01627,0.01611,0.01622,1266040,20465.6718
1788778800000,0.01622,0.01634,0.01617,0.01621,1009430,16385.1411
1788782400000,0.01621,0.01634,0.01615,0.01633,820610,13325.8824
1788786000000,0.01633,0.01641,0.01624,0.01625,1776190,28991.6285
1788789600000,0.01625,0.0163,0.01612,0.01623,830170,13441.0832
1788793200000,0.01623,0.01623,0.01592,0.01603,1382880,22164.7273
1788796800000,0.01603,0.01605,0.01562,0.01565,2285360,36150.5399
1788800400000,0.01565,0.01573,0.01538,0.01545,2176920,33814.0167
1788804000000,0.01545,0.01576,0.01522,0.01555,3625880,56097.9112
1788807600000,0.01555,0.0156,0.01536,0.01538,522940,8080.499
1788811200000,0.01538,0.01557,0.01526,0.01553,1964160,30281.8433
1788814800000,0.01553,0.01554,0.01529,0.01538,1127420,17373.1239
1788818400000,0.01538,0.01544,0.01511,0.01516,1227610,18798.9491
1788822000000,0.01516,0.01531,0.01512,0.0152,1357600,20623.8213
1788825600000,0.0152,0.01532,0.01513,0.01524,1919630,29230.2176
1788829200000,0.01524,0.01536,0.01514,0.01519,2480730,37748.0356
1788832800000,0.01519,0.01567,0.01511,0.0152,5953530,91551.1536
1788836400000,0.0152,0.01522,0.0149,0.01511,2155910,32520.5251
1788840000000,0.01511,0.01552,0.01493,0.01505,3823330,57804.1337
1788843600000,0.01505,0.01513,0.01496,0.01508,1052980,15849.9839
1788847200000,0.01508,0.01517,0.01476,0.01498,2925520,43876.0219
1788850800000,0.01498,0.01541,0.01493,0.01526,3190810,48469.8932
1788854400000,0.01526,0.01526,0.0147,0.0151,1920610,28829.3877
1788858000000,0.0151,0.0151,0.01484,0.01488,4609790,68958.9779
1788861600000,0.01488,0.01521,0.01483,0.01501,1672600,25092.7606
1788865200000,0.01501,0.01503,0.0149,0.015,832570,12452.895
1788868800000,0.015,0.01505,0.01489,0.01503,716680,10720.8789
1788872400000,0.01503,0.01505,0.0149,0.01505,1542930,23152.4823
1788876000000,0.01505,0.0156,0.01504,0.01547,3712200,56581.9029
1788879600000,0.01547,0.01646,0.01524,0.01617,6701970,106782.495
1788883200000,0.01617,0.01667,0.01598,0.01639,6774340,110481.7527
1788886800000,0.01639,0.01712,0.01636,0.01676,6439010,108161.5671
1788890400000,0.01676,0.01691,0.01538,0.01558,8794050,141945.1921
1788894000000,0.01558,0.01596,0.01553,0.01578,2258950,35633.4312
1788897600000,0.01578,0.01583,0.01567,0.01572,986650,15545.5753
1788901200000,0.01572,0.01579,0.01564,0.01576,670410,10537.5847
1788904800000,0.01576,0.01589,0.01574,0.01574,604150,9561.7812
1788908400000,0.01574,0.01582,0.01557,0.01572,1119230,17524.8258
1788912000000,0.01572,0.01585,0.0156,0.0156,371580,5838.3327
1788915600000,0.0156,0.01568,0.01557,0.0156,347390,5432.2529
1788919200000,0.0156,0.01581,0.0155,0.01575,350820,5475.6182
1788922800000,0.01575,0.01586,0.01567,0.01572,545880,8607.3845
1788926400000,0.01572,0.01577,0.01558,0.0156,261690,4106.6246
1788930000000,0.0156,0.01564,0.01532,0.01557,1288720,19963.6337
1788933600000,0.01557,0.01559,0.01525,0.01545,2472650,37986.6263
1788937200000,0.01545,0.01572,0.01532,0.01554,1220810,18932.4212
1788940800000,0.01554,0.01564,0.01551,0.01554,549160,8562.7388
1788944400000,0.01554,0.01558,0.01533,0.01535,513450,7908.943
1788948000000,0.01535,0.01568,0.01519,0.01531,2694230,41366.4938
1788951600000,0.01531,0.01542,0.01522,0.01526,444370,6803.9275
1788955200000,0.01526,0.01528,0.01503,0.01504,974940,14747.3166
1788958800000,0.01504,0.01518,0.01485,0.0149,958280,14401.7919
1788962400000,0.0149,0.01492,0.01446,0.01469,3095730,45537.7626
1788966000000,0.01469,0.01482,0.0146,0.01465,864100,12712.4039
1788969600000,0.01465,0.01469,0.01443,0.01452,1038470,15118.2021
1788973200000,0.01452,0.01454,0.01428,0.01433,1711070,24619.4708
1788976800000,0.01433,0.01518,0.01405,0.01517,4176170,61222.7228
1788980400000,0.01517,0.01522,0.01479,0.01501,2027730,30480.8646
1788984000000,0.01501,0.01504,0.01467,0.01467,2186010,32459.3888
1788987600000,0.01467,0.01477,0.01459,0.01473,1052930,15505.3062
1788991200000,0.01473,0.01475,0.01354,0.01443,7253840,102145.0257
1788994800000,0.01443,0.01453,0.01436,0.01438,1164270,16818.8981
1788998400000,0.01438,0.01443,0.01414,0.01421,1185570,16883.8604
1789002000000,0.01421,0.01455,0.01408,0.01408,2258840,32442.5253
1789005600000,0.01408,0.01428,0.01397,0.01415,1309650,18458.1862
1789009200000,0.01415,0.01444,0.01406,0.01423,1375780,19533.3437
1789012800000,0.01423,0.01482,0.01421,0.01475,5520980,80377.2907
1789016400000,0.01475,0.01475,0.0143,0.01458,3018540,44079.2108
1789020000000,0.01458,0.01461,0.01448,0.01454,854530,12439.1545
1789023600000,0.01454,0.01458,0.01444,0.0145,956900,13889.6161
1789027200000,0.0145,0.01453,0.01434,0.01451,598600,8640.2882
1789030800000,0.01451,0.01459,0.01427,0.01448,620200,8960.4346
1789034400000,0.01448,0.01467,0.01445,0.01463,815760,11897.4054
1789038000000,0.01463,0.0151,0.01457,0.01496,3516990,52420.7277
1789041600000,0.01496,0.01548,0.01485,0.0153,6318740,96501.2297
1789045200000,0.0153,0.01561,0.01505,0.0156,5588170,85808.143
1789048800000,0.0156,0.01638,0.01549,0.0162,14732630,234142.2381
1789052400000,0.0162,0.01631,0.01592,0.01618,8395780,135410.4333
1789056000000,0.01618,0.01641,0.01593,0.01635,9166830,148464.6955
1789059600000,0.01635,0.01645,0.01609,0.01639,12382170,201788.0965
1789063200000,0.01639,0.0164,0.01576,0.01614,9210000,148507.1858
1789066800000,0.01614,0.01637,0.01614,0.0162,2727560,44391.9677
1789070400000,0.0162,0.01662,0.01614,0.01653,4114860,67664.7853
1789074000000,0.01653,0.0171,0.0165,0.01651,14182940,238233.4062
1789077600000,0.01651,0.01671,0.01617,0.01623,7794870,128584.02
1789081200000,0.01623,0.01655,0.01612,0.01647,5110880,83631.6172
1789084800000,0.01647,0.01651,0.01587,0.0162,9361880,151248.5279
1789088400000,0.0162,0.01635,0.01607,0.01612,6424550,104239.6366
1789092000000,0.01612,0.01663,0.01558,0.01561,15468260,249407.5067
1789095600000,0.01561,0.01616,0.01561,0.01602,14996490,238910.3999
1789099200000,0.01602,0.01631,0.01574,0.01593,9361380,150505.9292
1789102800000,0.01593,0.01604,0.01578,0.01581,2131620,33956.1226
1789106400000,0.01581,0.01604,0.01565,0.01593,2984990,47426.4624
1789110000000,0.01593,0.01621,0.01587,0.01602,2408590,38634.2047
1789113600000,0.01602,0.01609,0.01584,0.01586,2434720,38804.6621
1789117200000,0.01586,0.0159,0.01572,0.01589,1916320,30295.3168
1789120800000,0.01589,0.01591,0.01544,0.01551,4084880,63805.5541
1789124400000,0.01551,0.01552,0.01503,0.01512,8392570,127837.104
1789128000000,0.01512,0.01545,0.01494,0.01537,5590040,85144.5696
1789131600000,0.01537,0.01569,0.01509,0.01567,7334470,113068.1984
1789135200000,0.01567,0.01579,0.0154,0.01557,2547240,39829.207
1789138800000,0.01557,0.01559,0.01521,0.01533,2014140,31044.4866
1789142400000,0.01533,0.01544,0.01525,0.01536,1591040,24448.7643
