timestamp,open,high,low,close,volume,turnover
1782176400000,0.01145,0.011514,0.011325,0.01142,4866001.3,55673.8566808
1782180000000,0.01142,0.01145,0.011354,0.011435,2727724.6,31101.222802
1782183600000,0.011435,0.011532,0.011356,0.011531,6046398.7,69164.8732302
1782187200000,0.011531,0.011541,0.011376,0.01139,4884536.4,55919.1007707
1782190800000,0.01139,0.011434,0.011305,0.011347,2930557.2,33297.0898785
1782194400000,0.011347,0.011349,0.011003,0.011169,14155751.8,157851.2426982
1782198000000,0.011169,0.011275,0.011147,0.01117,7662385.0,85947.6638925
1782201600000,0.01117,0.011229,0.010835,0.01103,14173280.8,155771.6589459
1782205200000,0.01103,0.011035,0.010645,0.010879,21120552.8,228500.4362967
1782208800000,0.010879,0.010978,0.0108,0.010836,7630040.5,83041.7405853
1782212400000,0.010836,0.010934,0.010814,0.010882,6351445.1,69149.6113977
1782216000000,0.010882,0.010934,0.010855,0.010876,5493836.6,59846.3338707
1782219600000,0.010876,0.011062,0.010851,0.011031,15676018.5,171592.2727126
1782223200000,0.011031,0.011055,0.01094,0.010948,5521755.3,60719.6476601
1782226800000,0.010948,0.010965,0.010874,0.010965,5241173.7,57216.5048891
1782230400000,0.010965,0.011026,0.010915,0.010944,5933849.3,65190.976623
1782234000000,0.010944,0.011002,0.010877,0.010889,2287371.0,25009.8505479
1782237600000,0.010889,0.010897,0.010796,0.010839,3996341.7,43327.9526588
1782241200000,0.010839,0.010863,0.010779,0.010847,2655218.8,28729.5243045
1782244800000,0.010847,0.010941,0.010847,0.010913,2411810.8,26293.4341913
1782248400000,0.010913,0.010942,0.010897,0.010942,1837384.3,20059.4505626
1782252000000,0.010942,0.011026,0.010921,0.010921,3278697.1,35963.61259
1782255600000,0.010921,0.010925,0.010848,0.010911,4319273.6,46994.0494271
1782259200000,0.010911,0.010942,0.01089,0.010914,3647944.4,39821.2298052
1782262800000,0.010914,0.010914,0.010833,0.010841,7374460.7,80149.2473087
1782266400000,0.010841,0.010863,0.010774,0.010775,5106667.7,55255.7414966
1782270000000,0.010775,0.010779,0.010704,0.010713,3754869.6,40312.5975561
1782273600000,0.010713,0.0108,0.010607,0.010775,4183091.4,44726.7230336
1782277200000,0.010775,0.010833,0.010755,0.010833,4852394.5,52369.5420236
1782280800000,0.010833,0.01084,0.010786,0.010822,3514753.0,38030.9510513
1782284400000,0.010822,0.010829,0.010781,0.0108,4398619.3,47506.3391609
1782288000000,0.0108,0.011056,0.010792,0.010825,23952860.8,261325.3187039
1782291600000,0.010825,0.010877,0.010812,0.010834,5983298.0,64915.9885698
1782295200000,0.010834,0.01086,0.010756,0.010785,4829209.3,52190.4077327
1782298800000,0.010785,0.010905,0.01072,0.010861,6200402.2,67002.1259106
1782302400000,0.010861,0.010925,0.01078,0.010797,10764094.3,116961.3398976
1782306000000,0.010797,0.010797,0.010506,0.010615,27299610.3,290079.0887486
1782309600000,0.010615,0.01071,0.010554,0.010667,10987555.7,116829.0396277
1782313200000,0.010667,0.010673,0.010394,0.010436,10859585.5,114090.5376052
1782316800000,0.010436,0.010592,0.010129,0.010246,31674345.8,327776.6393292
1782320400000,0.010246,0.010312,0.010015,0.010127,23026322.3,233735.8174643
1782324000000,0.010127,0.010368,0.010075,0.010308,11473060.2,117576.1101564
1782327600000,0.010308,0.010357,0.01021,0.010301,9595073.3,98614.9326279
1782331200000,0.010301,0.010538,0.010274,0.010494,11769205.9,122914.7824415
1782334800000,0.010494,0.010585,0.010438,0.010579,3042136.4,31936.9177044
1782338400000,0.010579,0.010638,0.010516,0.010518,5797818.6,61395.2455713
1782342000000,0.010518,0.010602,0.010516,0.010572,3468296.1,36625.9983922
1782345600000,0.010572,0.010588,0.010471,0.010488,4453018.4,46903.2351374
1782349200000,0.010488,0.010521,0.010468,0.01048,2999511.7,31463.7942433
1782352800000,0.01048,0.010518,0.010466,0.010474,2486043.9,26083.9957984
1782356400000,0.010474,0.010483,0.010411,0.010419,5976020.2,62389.458604
1782360000000,0.010419,0.010539,0.010407,0.010524,2597666.6,27172.6344771
1782363600000,0.010524,0.010676,0.010514,0.01061,7625218.6,80915.0744847
1782367200000,0.01061,0.010645,0.010591,0.010602,2029272.2,21532.4149652
1782370800000,0.010602,0.010607,0.010559,0.010582,3508972.9,37130.5403082
1782374400000,0.010582,0.010593,0.010534,0.010538,2620702.5,27685.1454334
1782378000000,0.010538,0.010584,0.010516,0.010554,3739349.6,39466.6468327
1782381600000,0.010554,0.010603,0.010531,0.010545,9323088.5,98568.3638357
1782385200000,0.010545,0.010568,0.010498,0.010532,5953862.3,62677.0308093
1782388800000,0.010532,0.010621,0.010448,0.010526,9091226.6,95764.9594196
1782392400000,0.010526,0.010636,0.009759,0.009822,47453011.1,480859.9578541
1782396000000,0.009822,0.010305,0.00982,0.010144,23185507.0,233408.8168097
1782399600000,0.010144,0.010231,0.010016,0.010223,8747810.2,88602.9051882
1782403200000,0.010223,0.010312,0.010104,0.010119,4887070.2,50023.7452102
1782406800000,0.010119,0.010308,0.010102,0.010308,4918680.3,50317.3115466
1782410400000,0.010308,0.01031,0.010134,0.010159,5052457.8,51574.3115794
1782414000000,0.010159,0.010176,0.010096,0.010106,5930891.7,60067.4284411
1782417600000,0.010106,0.010209,0.010106,0.010133,2568740.7,26103.0682754
1782421200000,0.010133,0.010338,0.010113,0.010334,3738293.4,38282.9552986
1782424800000,0.010334,0.010351,0.010207,0.010217,5377330.3,55328.4344021
1782428400000,0.010217,0.010244,0.010169,0.010186,2843435.6,29023.5293335
1782432000000,0.010186,0.010236,0.010177,0.010191,4063627.3,41492.3195089
1782435600000,0.010191,0.010201,0.010112,0.010134,6590269.8,66838.3189761
1782439200000,0.010134,0.010144,0.009852,0.010002,22335515.6,222823.2631448
1782442800000,0.010002,0.01036,0.00994,0.010303,16046096.5,162944.0186519
1782446400000,0.010303,0.010702,0.010252,0.010301,33967361.3,355306.0587181
1782450000000,0.010301,0.010434,0.010276,0.010418,6879724.1,71237.6771186
1782453600000,0.010418,0.010539,0.010334,0.010523,7948558.6,82759.5962954
1782457200000,0.010523,0.0106,0.010484,0.010543,7799488.7,82246.744059
1782460800000,0.010543,0.010548,0.010405,0.010426,5840746.6,61181.3817685
1782464400000,0.010426,0.010455,0.010328,0.010337,5821358.7,60641.52576
1782468000000,0.010337,0.010361,0.010139,0.010174,15059856.2,154121.1306658
1782471600000,0.010174,0.010181,0.00999,0.010015,31992454.2,322916.3789891
1782475200000,0.010015,0.010064,0.009885,0.00992,14542386.4,145205.7568281
1782478800000,0.00992,0.010131,0.009826,0.010131,25228825.1,251183.5357917
1782482400000,0.010131,0.010175,0.010055,0.010129,11642407.0,117837.4405546
1782486000000,0.010129,0.010311,0.010108,0.010259,15361178.9,157189.1789477
1782489600000,0.010259,0.010432,0.010229,0.010299,14925533.8,154036.0552213
1782493200000,0.010299,0.010401,0.010298,0.01034,4633440.6,47990.5238815
1782496800000,0.01034,0.010496,0.010324,0.010435,12269763.4,127913.0244806
1782500400000,0.010435,0.010515,0.010338,0.010351,12870248.6,134307.2724242
1782504000000,0.010351,0.010551,0.010347,0.010419,14453131.7,150931.935915
1782507600000,0.010419,0.010492,0.010364,0.010418,2573921.2,26825.715501
1782511200000,0.010418,0.010449,0.010365,0.010444,2878069.9,29940.3419466
1782514800000,0.010444,0.010473,0.01042,0.010447,3295816.0,34440.1429541
1782518400000,0.010447,0.010469,0.010388,0.010435,3576788.9,37338.2800115
1782522000000,0.010435,0.010437,0.010397,0.010416,2012057.1,20965.8131315
1782525600000,0.010416,0.010495,0.010406,0.01047,3147370.8,32897.1806038
1782529200000,0.01047,0.010484,0.010407,0.010408,2317534.6,24212.3829322
1782532800000,0.010408,0.010694,0.010405,0.01049,8096642.9,85511.7859153
1782536400000,0.01049,0.010496,0.010428,0.01046,4542679.7,47520.7015882
1782540000000,0.01046,0.01046,0.010376,0.010379,4467030.4,46474.313722
1782543600000,0.010379,0.010423,0.010341,0.010347,5036126.1,52243.2182743
1782547200000,0.010347,0.010348,0.010292,0.010304,3646232.2,37624.261695
1782550800000,0.010304,0.010327,0.01025,0.010294,2507043.0,25783.9212581
1782554400000,0.010294,0.010315,0.01025,0.010273,4469322.9,45954.078363
1782558000000,0.010273,0.010315,0.01023,0.010306,3716178.6,38199.0764634
1782561600000,0.010306,0.010336,0.010281,0.010301,3125592.0,32219.5687748
1782565200000,0.010301,0.010361,0.0103,0.010325,1589004.6,16408.6342182
1782568800000,0.010325,0.010368,0.010305,0.010325,1569234.8,16218.959166
1782572400000,0.010325,0.010396,0.010313,0.010377,3841364.1,39832.0209343
1782576000000,0.010377,0.010399,0.010338,0.010356,3173245.1,32889.3468861
1782579600000,0.010356,0.010359,0.010238,0.010281,5397196.4,55516.1758652
1782583200000,0.010281,0.010295,0.010248,0.01029,2313068.7,23772.3293181
1782586800000,0.01029,0.010299,0.010097,0.010164,6625942.3,67521.1611776
1782590400000,0.010164,0.010214,0.010158,0.010192,2694821.9,27458.1872034
1782594000000,0.010192,0.01024,0.010103,0.010128,4148841.3,42202.7425234
1782597600000,0.010128,0.010142,0.010035,0.010116,5728599.1,57785.3645747
1782601200000,0.010116,0.010146,0.010089,0.010128,3164185.4,32028.7033718
1782604800000,0.010128,0.010224,0.010114,0.010148,6383757.4,64942.8528006
1782608400000,0.010148,0.010202,0.010127,0.010175,4495458.6,45693.5650832
1782612000000,0.010175,0.010219,0.010116,0.010116,3634326.2,36970.2502724
1782615600000,0.010116,0.010188,0.010112,0.010188,2623588.3,26644.2289226
1782619200000,0.010188,0.010231,0.01015,0.010214,5005765.2,51019.780658
1782622800000,0.010214,0.010224,0.010101,0.010179,3849643.9,39116.6531459
1782626400000,0.010179,0.010183,0.010071,0.010114,3516937.8,35613.7340686
1782630000000,0.010114,0.010166,0.0101,0.010134,2516540.9,25510.3436564
1782633600000,0.010134,0.010253,0.010103,0.010221,3075555.9,31319.8089542
1782637200000,0.010221,0.010227,0.010112,0.010113,4556339.0,46340.5164514
1782640800000,0.010113,0.010262,0.010104,0.010184,6430535.5,65439.4422356
1782644400000,0.010184,0.010249,0.010149,0.010236,3184370.0,32452.0953048
1782648000000,0.010236,0.010276,0.010176,0.010208,2733419.7,27921.4798212
1782651600000,0.010208,0.010208,0.010107,0.010109,4162900.1,42242.9360023
1782655200000,0.010109,0.010254,0.010107,0.01024,4935236.2,50286.7124839
1782658800000,0.01024,0.010264,0.010184,0.01023,4498528.3,45964.6123262
1782662400000,0.01023,0.010233,0.010122,0.010165,5608308.1,57140.5057045
1782666000000,0.010165,0.010191,0.010046,0.010122,3630267.8,36694.0329276
1782669600000,0.010122,0.010128,0.010044,0.010065,1056745.5,10646.7409397
1782673200000,0.010065,0.010103,0.009972,0.010016,3197678.4,32053.7617172
1782676800000,0.010016,0.01008,0.009996,0.01002,1394799.3,13997.9710299
1782680400000,0.01002,0.010047,0.009921,0.009939,3192679.2,31863.5452043
1782684000000,0.009939,0.010064,0.009852,0.00991,5071786.3,50442.8346767
1782687600000,0.00991,0.010076,0.009888,0.010054,2362131.6,23604.1531919
1782691200000,0.010054,0.010066,0.009921,0.010065,3769069.6,37683.033236
1782694800000,0.010065,0.010071,0.009956,0.010026,3002364.2,30063.0439622
1782698400000,0.010026,0.010072,0.009911,0.01005,3639029.1,36453.7911545
1782702000000,0.01005,0.010195,0.010048,0.010147,7600591.6,77052.0722157
1782705600000,0.010147,0.010157,0.010062,0.010068,3488598.8,35228.2754183
1782709200000,0.010068,0.010078,0.009978,0.010078,5007034.4,50229.3482583
1782712800000,0.010078,0.010168,0.010053,0.01006,5593129.0,56574.34448
1782716400000,0.01006,0.010065,0.009991,0.010006,3124685.9,31320.6527179
1782720000000,0.010006,0.010041,0.009936,0.009966,4268803.9,42639.8091587
1782723600000,0.009966,0.010032,0.009965,0.010032,3551869.4,35500.8840018
1782727200000,0.010032,0.010085,0.010021,0.010071,4191663.1,42099.4377066
1782730800000,0.010071,0.010212,0.010007,0.010025,11486433.1,115972.0860254
1782734400000,0.010025,0.010223,0.009961,0.010075,9308127.1,94202.9027777
1782738000000,0.010075,0.01019,0.009959,0.010017,7272939.0,72986.3254376
1782741600000,0.010017,0.01003,0.009891,0.01003,11629996.4,115930.3882788
1782745200000,0.01003,0.01011,0.009926,0.010091,7024047.9,70284.0711526
1782748800000,0.010091,0.010171,0.010019,0.010117,13718803.5,138656.8695362
1782752400000,0.010117,0.010373,0.010117,0.010294,6891016.5,70951.3208714
1782756000000,0.010294,0.010317,0.010251,0.010305,2240847.6,23046.8907226
1782759600000,0.010305,0.01036,0.010289,0.010332,3062893.8,31634.0039146
1782763200000,0.010332,0.010343,0.010263,0.010277,1896714.3,19562.5380808
1782766800000,0.010277,0.010357,0.01023,0.010318,2052198.3,21097.6180227
1782770400000,0.010318,0.010343,0.010239,0.010248,1480610.1,15227.9962915
1782774000000,0.010248,0.010268,0.010202,0.010248,1054765.0,10800.4556221
1782777600000,0.010248,0.010256,0.010095,0.010102,5212240.6,53017.0291323
1782781200000,0.010102,0.010132,0.010046,0.010121,3947317.7,39841.3073895
1782784800000,0.010121,0.010153,0.010069,0.010132,2576778.4,26058.2000645
1782788400000,0.010132,0.010228,0.010128,0.010193,3395193.0,34568.5619445
1782792000000,0.010193,0.010244,0.010159,0.01023,3069864.9,31315.3751936
1782795600000,0.01023,0.010233,0.01018,0.010207,2922870.2,29821.865659
1782799200000,0.010207,0.010372,0.010176,0.010211,7905419.0,81183.9318694
1782802800000,0.010211,0.010233,0.010093,0.010098,3122521.8,31724.7862142
1782806400000,0.010098,0.010103,0.009995,0.010011,5453472.1,54816.7150919
1782810000000,0.010011,0.010052,0.009991,0.010044,3429611.3,34381.0835733
1782813600000,0.010044,0.010049,0.00998,0.00998,5282032.7,52894.2200156
1782817200000,0.00998,0.010002,0.009888,0.009914,5161497.3,51241.6833024
1782820800000,0.009914,0.009917,0.009817,0.009823,5226687.2,51571.4499861
1782824400000,0.009823,0.009974,0.00978,0.009904,16356543.6,161392.942433
1782828000000,0.009904,0.010044,0.009897,0.009953,6604022.5,65979.2042978
1782831600000,0.009953,0.010021,0.009887,0.009971,5847133.4,58150.8542352
1782835200000,0.009971,0.010039,0.009919,0.01001,4468199.4,44547.0344077
1782838800000,0.01001,0.010044,0.009964,0.009989,3164661.6,31646.4573765
1782842400000,0.009989,0.010098,0.009983,0.010065,2461082.7,24733.265717
1782846000000,0.010065,0.010071,0.010007,0.010056,5176365.5,51988.1001048
1782849600000,0.010056,0.010074,0.009976,0.009976,2055096.6,20594.4127681
1782853200000,0.009976,0.009979,0.009931,0.009948,1540304.2,15339.5399298
1782856800000,0.009948,0.009983,0.009919,0.009944,2031874.5,20215.9414532
1782860400000,0.009944,0.009961,0.009926,0.009936,2480304.7,24659.6697939
1782864000000,0.009936,0.00995,0.009853,0.009854,5403959.3,53463.8624728
1782867600000,0.009854,0.009868,0.009575,0.009839,14719813.8,142916.7847974
1782871200000,0.009839,0.009859,0.009786,0.009808,7474217.8,73408.141737
1782874800000,0.009808,0.009978,0.009754,0.00994,7058582.4,69557.8103277
1782878400000,0.00994,0.01003,0.009929,0.010018,3048057.2,30385.118373
1782882000000,0.010018,0.010019,0.009917,0.00994,1751283.8,17446.373699
1782885600000,0.00994,0.00994,0.009725,0.009771,4083831.2,40079.6284656
1782889200000,0.009771,0.009782,0.009723,0.00975,3109987.7,30300.3778026
1782892800000,0.00975,0.009809,0.009712,0.009809,3216165.7,31386.9817114
1782896400000,0.009809,0.009826,0.009743,0.009765,3787108.0,37026.8496894
1782900000000,0.009765,0.009779,0.009712,0.009735,3924179.9,38226.8618204
1782903600000,0.009735,0.009821,0.009718,0.009788,5280653.6,51562.5927673
1782907200000,0.009788,0.0098,0.009724,0.009753,4904364.7,47848.5169855
1782910800000,0.009753,0.00993,0.009637,0.009922,12451225.9,121642.3531706
1782914400000,0.009922,0.010053,0.009891,0.009935,8114515.2,80823.1467695
1782918000000,0.009935,0.010101,0.00993,0.009989,15879360.7,158925.6500796
1782921600000,0.009989,0.010145,0.009968,0.010023,16264877.7,163498.2545323
1782925200000,0.010023,0.01003,0.009968,0.010018,4518531.8,45209.8718424
1782928800000,0.010018,0.010018,0.009875,0.009893,9768888.6,97031.5924913
1782932400000,0.009893,0.009926,0.009785,0.009796,5507498.6,54313.8913375
1782936000000,0.009796,0.009831,0.009757,0.009827,9215131.1,90235.5584898
1782939600000,0.009827,0.010048,0.009827,0.010039,4579828.0,45435.0465701
1782943200000,0.010039,0.010115,0.010017,0.010064,9339506.2,93976.1927476
1782946800000,0.010064,0.010064,0.009916,0.009931,4460059.9,44543.2661596
1782950400000,0.009931,0.009946,0.009833,0.009857,4712058.2,46626.0061468
1782954000000,0.009857,0.009982,0.00985,0.009972,4986412.0,49432.6495987
1782957600000,0.009972,0.009997,0.009928,0.009977,3170454.9,31579.6949
1782961200000,0.009977,0.010098,0.009934,0.010094,7045484.9,70527.136311
1782964800000,0.010094,0.010149,0.010016,0.010094,9290244.4,93610.7763696
1782968400000,0.010094,0.01014,0.010019,0.010024,2880738.3,29080.6422276
1782972000000,0.010024,0.01003,0.00998,0.009999,3138413.8,31392.8285622
1782975600000,0.009999,0.010101,0.009983,0.010095,6115894.9,61405.3623313
1782979200000,0.010095,0.01022,0.010009,0.010177,8783517.5,88729.1399138
1782982800000,0.010177,0.01027,0.010132,0.010199,10138364.4,103270.8978631
1782986400000,0.010199,0.010262,0.010166,0.010179,5343714.4,54559.1124846
1782990000000,0.010179,0.010255,0.010158,0.010171,7085404.1,72313.4889687
1782993600000,0.010171,0.010812,0.010159,0.010588,72196525.0,763110.243556
1782997200000,0.010588,0.010758,0.010433,0.010503,52840081.9,558810.9666245
1783000800000,0.010503,0.010549,0.010285,0.010364,15030023.7,156627.5419027
1783004400000,0.010364,0.010404,0.010268,0.010374,8638301.6,89365.4899364
1783008000000,0.010374,0.01048,0.010367,0.010427,12812229.3,133362.9859306
1783011600000,0.010427,0.010456,0.010327,0.010363,6206675.0,64500.0371971
1783015200000,0.010363,0.01041,0.01036,0.010406,4678191.3,48606.0316727
1783018800000,0.010406,0.010437,0.010362,0.010377,5651473.8,58744.0427808
1783022400000,0.010377,0.01042,0.010364,0.010404,2303732.1,23931.4394566
1783026000000,0.010404,0.010425,0.010269,0.010356,5730285.9,59350.1621184
1783029600000,0.010356,0.01036,0.010278,0.010342,4246449.7,43765.0593255
1783033200000,0.010342,0.010381,0.01031,0.010338,2481637.1,25661.7486803
1783036800000,0.010338,0.010498,0.010286,0.01049,14446102.0,150094.2075958
1783040400000,0.01049,0.010781,0.01049,0.010497,35278635.0,374956.326265
1783044000000,0.010497,0.010894,0.010491,0.01083,53966309.0,580145.0703696
1783047600000,0.01083,0.010931,0.010675,0.010828,41286642.7,447360.2984739
1783051200000,0.010828,0.011079,0.010825,0.010909,27186428.8,297526.0653795
1783054800000,0.010909,0.010968,0.01079,0.010801,27580933.9,299755.9592839
1783058400000,0.010801,0.010932,0.010708,0.010743,12026213.8,130098.8863872
1783062000000,0.010743,0.010809,0.010683,0.010699,10631071.6,114040.1313919
1783065600000,0.010699,0.010887,0.010672,0.010774,17015198.6,183612.3061285
1783069200000,0.010774,0.010837,0.010737,0.010742,9956340.7,107347.0422021
1783072800000,0.010742,0.010878,0.010732,0.010843,7452670.3,80385.9662337
1783076400000,0.010843,0.010906,0.010825,0.01088,7017096.0,76291.1917764
1783080000000,0.01088,0.010929,0.01077,0.01081,8109413.9,87827.1452025
1783083600000,0.01081,0.010847,0.010766,0.010829,6042165.6,65274.1988204
1783087200000,0.010829,0.010858,0.010715,0.010776,11943364.3,128725.9799265
1783090800000,0.010776,0.010888,0.010755,0.010838,19246568.2,208767.828774
1783094400000,0.010838,0.010904,0.010808,0.010854,10388386.0,112685.7651497
1783098000000,0.010854,0.010935,0.010759,0.010856,30570757.1,330969.4813338
1783101600000,0.010856,0.01087,0.010777,0.010777,8628082.2,93376.9151612
1783105200000,0.010777,0.010917,0.010777,0.010886,6627893.3,72014.0704388
1783108800000,0.010886,0.010968,0.010846,0.010893,9932623.4,108344.0333359
1783112400000,0.010893,0.010994,0.010886,0.01097,7531139.8,82391.7384156
1783116000000,0.01097,0.010979,0.010918,0.010937,3262887.2,35705.5750298
1783119600000,0.010937,0.010992,0.010868,0.010946,6740850.5,73672.6368954
1783123200000,0.010946,0.011009,0.010685,0.010699,20092862.8,217413.9047816
1783126800000,0.010699,0.010707,0.010576,0.010639,14700237.6,156188.3779856
1783130400000,0.010639,0.010671,0.010607,0.010625,3760776.2,40002.2603628
1783134000000,0.010625,0.010719,0.010623,0.01067,6260831.8,66768.3194948
1783137600000,0.01067,0.010682,0.010593,0.010624,7681824.1,81702.9148584
1783141200000,0.010624,0.010624,0.010497,0.010552,16470127.8,173707.6748148
1783144800000,0.010552,0.010779,0.010491,0.010619,32311699.1,343965.5743718
1783148400000,0.010619,0.010658,0.01044,0.010526,22046398.8,232074.0110332
1783152000000,0.010526,0.010551,0.010495,0.010529,3790377.5,39891.4053034
1783155600000,0.010529,0.010605,0.010454,0.010507,7655307.1,80714.7076762
1783159200000,0.010507,0.010532,0.010458,0.01053,1973567.4,20704.446312
1783162800000,0.01053,0.010566,0.010455,0.010542,8170075.4,85827.2461319
1783166400000,0.010542,0.010681,0.010538,0.010632,6098943.5,64797.3855881
1783170000000,0.010632,0.010665,0.010589,0.010625,2868430.2,30511.7864171
1783173600000,0.010625,0.010694,0.010612,0.01066,2825622.4,30115.996487
1783177200000,0.01066,0.010768,0.010644,0.010732,4557654.2,48851.9518373
1783180800000,0.010732,0.010785,0.010689,0.010712,8730864.0,93658.124094
1783184400000,0.010712,0.010834,0.0106,0.010809,13152074.5,140917.408834
1783188000000,0.010809,0.010888,0.010706,0.010724,7076136.6,76387.6084716
1783191600000,0.010724,0.010736,0.01064,0.010673,4721447.7,50483.3222511
1783195200000,0.010673,0.010719,0.010631,0.01067,2558449.5,27339.5603193
1783198800000,0.01067,0.010709,0.010653,0.010678,2174599.1,23216.0002673
1783202400000,0.010678,0.010678,0.01057,0.010589,3048075.2,32343.9632711
1783206000000,0.010589,0.010613,0.010506,0.01055,4734517.5,50056.7995042
1783209600000,0.01055,0.010773,0.010454,0.010503,21835218.8,231570.9827681
1783213200000,0.010503,0.010527,0.010377,0.010426,8530463.7,89051.4607966
1783216800000,0.010426,0.01044,0.010325,0.010381,6348802.2,65864.753362
1783220400000,0.010381,0.010669,0.010358,0.010643,17172745.9,180065.8580496
1783224000000,0.010643,0.010814,0.010545,0.010709,10628170.2,113276.9268503
1783227600000,0.010709,0.010764,0.010555,0.010596,9079199.3,96528.9590679
1783231200000,0.010596,0.01065,0.010513,0.01064,6470299.5,68477.0826991
1783234800000,0.01064,0.010759,0.010624,0.010667,9648948.9,103206.4164893
1783238400000,0.010667,0.010896,0.010634,0.010863,10925924.9,117655.7115554
1783242000000,0.010863,0.010983,0.010563,0.010567,14131243.0,152222.0985029
1783245600000,0.010567,0.010627,0.010482,0.010507,7997738.9,84387.8772303
1783249200000,0.010507,0.010609,0.010453,0.010591,6859044.6,72141.0684614
1783252800000,0.010591,0.010706,0.010504,0.010681,8108521.7,86129.3665317
1783256400000,0.010681,0.010732,0.010637,0.010662,3251645.5,34776.807712
1783260000000,0.010662,0.01069,0.010592,0.010641,4649839.4,49468.4272132
1783263600000,0.010641,0.010692,0.010551,0.010557,5084863.6,53961.2022128
1783267200000,0.010557,0.010603,0.010537,0.010588,3573247.6,37727.2899996
1783270800000,0.010588,0.010601,0.010524,0.010543,1960516.5,20715.0549803
1783274400000,0.010543,0.010679,0.010533,0.010629,4904061.8,52082.5761307
1783278000000,0.010629,0.010712,0.010621,0.010626,2653102.8,28277.1814971
1783281600000,0.010626,0.010681,0.010608,0.010627,2092098.0,22274.6733797
1783285200000,0.010627,0.010758,0.01058,0.0107,4193137.9,44834.7421803
1783288800000,0.0107,0.010791,0.010681,0.010698,2390368.4,25686.0149343
1783292400000,0.010698,0.010735,0.010636,0.010654,2099438.6,22440.3235638
1783296000000,0.010654,0.010695,0.01057,0.010668,3261123.7,34689.1602365
1783299600000,0.010668,0.010683,0.010575,0.010587,4081362.0,43412.9840237
1783303200000,0.010587,0.010635,0.010537,0.01058,6669290.8,70588.4246625
1783306800000,0.01058,0.0106,0.0105,0.010537,5510319.2,58047.8958546
1783310400000,0.010537,0.010548,0.010492,0.010501,3930996.8,41363.3683668
1783314000000,0.010501,0.010507,0.010357,0.010414,5868947.5,61138.9628088
1783317600000,0.010414,0.010422,0.010369,0.010401,3127540.2,32510.9215519
1783321200000,0.010401,0.010456,0.010383,0.010446,3963700.6,41302.6774979
1783324800000,0.010446,0.010473,0.010361,0.010381,3659158.0,38142.5270083
1783328400000,0.010381,0.010465,0.010361,0.010459,2879070.4,29947.6536705
1783332000000,0.010459,0.01057,0.010449,0.010546,2993473.4,31496.388059
1783335600000,0.010546,0.010617,0.010501,0.010502,6005346.3,63507.6653818
1783339200000,0.010502,0.010739,0.01032,0.010681,24126576.9,254703.6495968
1783342800000,0.010681,0.011011,0.01065,0.010998,26569528.6,288480.495568
1783346400000,0.010998,0.011017,0.010802,0.010963,19905754.9,217199.8161803
1783350000000,0.010963,0.011066,0.010871,0.011052,11321079.3,124152.356855
1783353600000,0.011052,0.011433,0.011006,0.011045,40329911.5,451231.6231634
1783357200000,0.011045,0.011098,0.010928,0.010962,11481607.5,126371.8247565
1783360800000,0.010962,0.01097,0.0109,0.01091,4502405.9,49244.1688498
1783364400000,0.01091,0.010952,0.010885,0.010925,6347706.4,69356.8190342
1783368000000,0.010925,0.010941,0.010887,0.010899,4399012.4,48002.930675
1783371600000,0.010899,0.011108,0.010899,0.011007,9923469.3,109377.9707133
1783375200000,0.011007,0.011014,0.010914,0.01094,3291882.5,36114.4378772
1783378800000,0.01094,0.010944,0.010807,0.010827,8388497.8,90995.6868057
1783382400000,0.010827,0.010837,0.01075,0.010776,5107673.3,55094.199467
1783386000000,0.010776,0.010782,0.010688,0.010765,4611415.6,49489.5526675
1783389600000,0.010765,0.010804,0.010713,0.010753,4649571.5,50031.7652701
1783393200000,0.010753,0.010762,0.010701,0.010713,1919321.4,20591.4437951
1783396800000,0.010713,0.010752,0.010641,0.010701,5884662.4,62879.0878672
1783400400000,0.010701,0.010782,0.010603,0.010739,9153212.1,97660.6337057
1783404000000,0.010739,0.010783,0.010675,0.01077,8557561.3,91680.7171985
1783407600000,0.01077,0.010799,0.01072,0.01076,4894669.8,52632.6594316
1783411200000,0.01076,0.010837,0.010748,0.010828,5816174.8,62788.1007571
1783414800000,0.010828,0.011192,0.01082,0.011192,19091843.1,209918.945498
1783418400000,0.011192,0.011403,0.011112,0.011348,48353613.5,545054.8931136
1783422000000,0.011348,0.011499,0.011214,0.011279,35371343.2,402093.4509011
1783425600000,0.011279,0.011309,0.011188,0.01124,15300746.1,172034.1755384
1783429200000,0.01124,0.011294,0.011116,0.011141,9104056.1,101988.9627855
1783432800000,0.011141,0.011216,0.010926,0.011201,19196763.3,212419.058123
1783436400000,0.011201,0.011236,0.011084,0.011167,9655230.7,107907.1634732
1783440000000,0.011167,0.011253,0.011043,0.011051,11432103.2,127540.468685
1783443600000,0.011051,0.011075,0.010745,0.010859,22798280.9,247812.7538744
1783447200000,0.010859,0.010929,0.010755,0.010765,7955809.1,86452.1884976
1783450800000,0.010765,0.010805,0.010705,0.01077,3851338.3,41437.2865243
1783454400000,0.01077,0.010792,0.010708,0.010725,3131354.1,33633.3287643
1783458000000,0.010725,0.010808,0.010669,0.01067,5100939.4,54846.7106931
1783461600000,0.01067,0.010687,0.010487,0.010636,19583052.5,207179.9633693
1783465200000,0.010636,0.010664,0.010471,0.010477,7113884.5,75061.1321891
1783468800000,0.010477,0.010522,0.010407,0.010485,11952928.5,125193.590561
1783472400000,0.010485,0.010555,0.01028,0.01029,15505251.1,161279.3432893
1783476000000,0.01029,0.010296,0.010121,0.010222,14541162.3,148351.3229382
1783479600000,0.010222,0.010369,0.010222,0.010251,15914752.2,163888.3284907
1783483200000,0.010251,0.010304,0.010216,0.010302,9171840.8,94195.4606497
1783486800000,0.010302,0.010364,0.010283,0.01029,6071180.1,62677.5994652
1783490400000,0.01029,0.010389,0.010225,0.010257,17380256.9,178868.5639607
1783494000000,0.010257,0.0104,0.010164,0.01033,26776028.6,275909.4980045
1783497600000,0.01033,0.010462,0.01014,0.010204,22334747.5,229202.6467894
1783501200000,0.010204,0.01028,0.010171,0.010204,7431331.7,75870.6829563
1783504800000,0.010204,0.010358,0.010185,0.010274,17655930.9,181361.694534
1783508400000,0.010274,0.010481,0.010261,0.010478,17572166.2,182453.02596
1783512000000,0.010478,0.010559,0.010395,0.010416,18253597.5,191246.3411588
1783515600000,0.010416,0.010458,0.010323,0.01041,13193247.0,137145.0101709
1783519200000,0.01041,0.010501,0.010395,0.010441,6315762.6,65995.174243
1783522800000,0.010441,0.010442,0.01028,0.010292,7948825.1,82240.4959714
1783526400000,0.010292,0.010385,0.010268,0.010367,3569876.9,36800.4871306
1783530000000,0.010367,0.010401,0.01029,0.010291,2567860.2,26585.6200773
1783533600000,0.010291,0.010343,0.010253,0.01032,2655117.3,27361.8460038
1783537200000,0.01032,0.010487,0.01032,0.010418,6700656.1,69924.9534439
1783540800000,0.010418,0.010492,0.010354,0.010363,4711002.6,49020.5144622
1783544400000,0.010363,0.010438,0.010347,0.01042,4519614.1,46984.0995404
1783548000000,0.01042,0.010612,0.01042,0.010579,5148495.4,54323.0674202
1783551600000,0.010579,0.010736,0.010539,0.010678,18498666.7,197183.0809784
1783555200000,0.010678,0.010723,0.010573,0.010598,17315948.8,184314.881253
1783558800000,0.010598,0.010707,0.010507,0.01051,4522556.4,48025.8919206
1783562400000,0.01051,0.010579,0.010459,0.010463,2062538.8,21715.8582652
1783566000000,0.010463,0.010488,0.010375,0.010468,6376492.1,66553.3349
1783569600000,0.010468,0.01051,0.010413,0.010474,6434999.6,67395.6433341
1783573200000,0.010474,0.010526,0.010436,0.010516,6748781.7,70741.1644284
1783576800000,0.010516,0.010574,0.010516,0.010535,4408340.7,46467.2790675
1783580400000,0.010535,0.010567,0.010437,0.010449,3499460.6,36673.3994023
1783584000000,0.010449,0.010591,0.010409,0.010447,13922930.1,145876.7240486
1783587600000,0.010447,0.010511,0.010432,0.010479,6272205.6,65671.7908419
1783591200000,0.010479,0.010555,0.010479,0.01051,7053784.9,74174.6555842
1783594800000,0.01051,0.010599,0.010501,0.01059,4308817.2,45371.7382889
1783598400000,0.01059,0.010618,0.010513,0.010541,6153423.7,64986.3994775
1783602000000,0.010541,0.010681,0.010488,0.010603,10366486.9,109912.3568516
1783605600000,0.010603,0.010619,0.010514,0.01055,7147304.2,75467.3025426
1783609200000,0.01055,0.010644,0.010512,0.010539,9149572.8,96760.6623372
1783612800000,0.010539,0.01069,0.010502,0.010521,20321393.9,215070.1127136
1783616400000,0.010521,0.010578,0.010485,0.01053,3478827.4,36590.663939
1783620000000,0.01053,0.010588,0.010509,0.01056,4797150.6,50608.0597441
1783623600000,0.01056,0.010599,0.01054,0.010551,3227606.7,34106.2553699
1783627200000,0.010551,0.010589,0.01052,0.010585,1852500.0,19572.7332441
1783630800000,0.010585,0.010608,0.01052,0.010552,2232839.5,23617.42135
1783634400000,0.010552,0.010564,0.010521,0.010533,1421158.1,14981.6521396
1783638000000,0.010533,0.010578,0.010481,0.010543,3366228.8,35423.9528921
1783641600000,0.010543,0.010553,0.010479,0.010543,2707670.9,28471.7073279
1783645200000,0.010543,0.010744,0.010521,0.010653,7025013.0,74725.8714703
1783648800000,0.010653,0.0108,0.010587,0.010636,20484442.2,218490.9274909
1783652400000,0.010636,0.010647,0.010598,0.01061,4301128.2,45677.2837501
1783656000000,0.01061,0.010613,0.010561,0.010594,1080280.5,11445.5921163
1783659600000,0.010594,0.010692,0.010586,0.01064,12323308.2,131234.4337976
1783663200000,0.01064,0.010801,0.010589,0.010751,17393899.0,186080.3990967
1783666800000,0.010751,0.010788,0.010681,0.010682,11659940.3,125121.3882168
1783670400000,0.010682,0.01071,0.010636,0.010641,8425656.1,89983.3736994
1783674000000,0.010641,0.010801,0.01061,0.010655,30395475.0,324959.1899226
1783677600000,0.010655,0.010692,0.01061,0.010613,9033307.2,96206.7983306
1783681200000,0.010613,0.010639,0.010591,0.01062,6237779.3,66233.8987915
1783684800000,0.01062,0.010657,0.010591,0.010595,7680551.3,81561.1469295
1783688400000,0.010595,0.010648,0.010593,0.010604,6229379.6,66153.0067237
1783692000000,0.010604,0.010626,0.01042,0.010536,18801578.0,197723.1477653
1783695600000,0.010536,0.01063,0.010524,0.010582,4530656.3,47926.4602555
1783699200000,0.010582,0.010656,0.010555,0.010608,9913514.0,105206.3065584
1783702800000,0.010608,0.010661,0.010581,0.010585,3603646.5,38284.5847319
1783706400000,0.010585,0.010649,0.01053,0.010574,11860166.7,125595.8820437
1783710000000,0.010574,0.010627,0.01055,0.010562,2646546.7,28048.2762048
1783713600000,0.010562,0.010581,0.010502,0.010502,2451794.0,25845.1924437
1783717200000,0.010502,0.010693,0.0105,0.01068,6284503.9,66726.9189745
1783720800000,0.01068,0.010733,0.010653,0.010731,3441413.2,36773.3832019
1783724400000,0.010731,0.010733,0.010642,0.010648,3178316.7,33973.2543887
1783728000000,0.010648,0.010706,0.010583,0.010691,2721910.0,28949.8401192
1783731600000,0.010691,0.01074,0.010657,0.010686,2636572.5,28211.4247383
1783735200000,0.010686,0.010746,0.010638,0.010713,3039863.1,32510.9374646
1783738800000,0.010713,0.010716,0.01064,0.010648,1617000.8,17268.1675359
1783742400000,0.010648,0.010718,0.01061,0.010627,9436371.4,100739.4001241
1783746000000,0.010627,0.010729,0.010572,0.01071,12669851.3,134717.5342213
1783749600000,0.01071,0.010783,0.010688,0.010722,5163974.7,55486.2544833
1783753200000,0.010722,0.010759,0.010697,0.010722,3172727.9,34023.03517
1783756800000,0.010722,0.010808,0.010684,0.010801,4006415.0,43046.2329888
1783760400000,0.010801,0.010826,0.010696,0.010697,4156934.7,44771.7005348
1783764000000,0.010697,0.010733,0.010666,0.010681,2024383.2,21659.8783915
1783767600000,0.010681,0.010717,0.01067,0.010685,849301.0,9080.5836276
1783771200000,0.010685,0.01072,0.010661,0.010719,902580.0,9638.1166394
1783774800000,0.010719,0.010756,0.010667,0.010673,5115285.7,54837.523211
1783778400000,0.010673,0.010765,0.01067,0.010743,3278925.6,35187.0197673
1783782000000,0.010743,0.010786,0.010607,0.010657,9115821.5,97391.1397215
1783785600000,0.010657,0.010711,0.010624,0.010695,4875020.6,51998.816984
1783789200000,0.010695,0.010746,0.010663,0.010727,2282811.3,24416.9016015
1783792800000,0.010727,0.010745,0.010684,0.010708,1838999.9,19685.9719841
1783796400000,0.010708,0.010726,0.010683,0.010716,1046511.6,11202.3997725
1783800000000,0.010716,0.010741,0.010701,0.010707,1117708.5,11982.6482159
1783803600000,0.010707,0.010795,0.010702,0.010745,4199325.9,45191.7587896
1783807200000,0.010745,0.010768,0.01072,0.010764,1341820.0,14406.8446936
1783810800000,0.010764,0.010774,0.010555,0.010585,12436113.5,132475.4459989
1783814400000,0.010585,0.010601,0.010344,0.010421,9164301.7,95684.5601595
1783818000000,0.010421,0.010593,0.010412,0.010589,2361497.3,24799.2448812
1783821600000,0.010589,0.010623,0.010541,0.01062,1453014.1,15364.8425261
1783825200000,0.01062,0.010666,0.010598,0.010666,1841835.8,19573.6305651
1783828800000,0.010666,0.010713,0.010602,0.010619,3559405.1,37981.6825583
1783832400000,0.010619,0.010636,0.010541,0.010589,2297768.9,24288.0347784
1783836000000,0.010589,0.010589,0.010434,0.010494,3793844.5,39776.0835068
1783839600000,0.010494,0.010498,0.010449,0.010476,1361102.0,14254.3012685
1783843200000,0.010476,0.010544,0.010446,0.010479,1993099.7,20902.7017512
1783846800000,0.010479,0.010484,0.010387,0.010445,4646863.2,48477.0209931
1783850400000,0.010445,0.010488,0.010417,0.010454,2316309.0,24211.1303411
1783854000000,0.010454,0.010502,0.010412,0.01048,6131742.9,64159.4297366
1783857600000,0.01048,0.010548,0.01046,0.010461,3825018.5,40161.764569
1783861200000,0.010461,0.010507,0.010443,0.010459,3236283.6,33904.7079032
1783864800000,0.010459,0.010538,0.010448,0.010531,4002245.2,41985.0539254
1783868400000,0.010531,0.010556,0.01049,0.010513,3185195.6,33514.0777139
1783872000000,0.010513,0.010557,0.010463,0.010467,1730103.9,18175.5814858
1783875600000,0.010467,0.010513,0.010427,0.010446,2583390.9,27050.8620063
1783879200000,0.010446,0.010513,0.010446,0.010498,2943617.1,30869.909711
1783882800000,0.010498,0.01054,0.010492,0.010527,3084912.6,32437.5787108
1783886400000,0.010527,0.010532,0.01047,0.010482,2448760.8,25702.3363029
1783890000000,0.010482,0.010511,0.010386,0.010386,1853360.3,19356.4939726
1783893600000,0.010386,0.010386,0.010243,0.01031,8653174.9,89119.8364127
1783897200000,0.01031,0.010322,0.010227,0.010253,3754770.9,38564.7734255
1783900800000,0.010253,0.01064,0.010228,0.010373,27003748.0,283156.8466472
1783904400000,0.010373,0.010379,0.010251,0.010264,7809082.6,80633.9047419
1783908000000,0.010264,0.010269,0.010142,0.010185,9744469.0,99388.5333127
1783911600000,0.010185,0.010185,0.009941,0.010028,16198345.8,162499.181153
1783915200000,0.010028,0.010089,0.010005,0.010028,7234529.6,72638.6522863
1783918800000,0.010028,0.010131,0.009993,0.010106,5027424.7,50655.0668123
1783922400000,0.010106,0.01016,0.010084,0.010136,2521397.0,25533.2992847
1783926000000,0.010136,0.010192,0.010121,0.010188,3947729.2,40077.1401796
1783929600000,0.010188,0.010292,0.010185,0.010272,3056013.7,31291.6998642
1783933200000,0.010272,0.010276,0.010209,0.010219,1839134.0,18811.9283376
1783936800000,0.010219,0.010407,0.010219,0.01026,18106553.7,186599.2972362
1783940400000,0.01026,0.010317,0.010161,0.010241,12969182.7,132992.8633286
1783944000000,0.010241,0.01025,0.010169,0.010191,3610135.7,36868.1936096
1783947600000,0.010191,0.010193,0.010092,0.010122,2564486.0,26011.3716702
1783951200000,0.010122,0.010222,0.010033,0.010222,8508394.4,86174.5778679
1783954800000,0.010222,0.010231,0.010181,0.01019,2071226.4,21149.02321
1783958400000,0.01019,0.010233,0.010138,0.010174,1952760.5,19892.3865955
1783962000000,0.010174,0.010205,0.01008,0.01008,2244704.4,22820.3432176
1783965600000,0.01008,0.010119,0.010058,0.010073,2945406.6,29721.8847062
1783969200000,0.010073,0.010111,0.010034,0.010079,3721585.7,37478.1106306
1783972800000,0.010079,0.010081,0.009989,0.010035,2845220.8,28522.2199295
1783976400000,0.010035,0.010036,0.009938,0.01,4407955.3,43967.9374883
1783980000000,0.01,0.010055,0.009995,0.01001,1586225.6,15894.8937164
1783983600000,0.01001,0.010098,0.009994,0.010098,1764460.2,17720.9605431
1783987200000,0.010098,0.010181,0.010077,0.010175,3663928.6,37148.3108556
1783990800000,0.010175,0.010209,0.010161,0.010186,3262365.2,33209.3086291
1783994400000,0.010186,0.010228,0.010151,0.010224,6656938.5,67872.5606804
1783998000000,0.010224,0.010296,0.010113,0.010213,6817819.3,69469.4336105
1784001600000,0.010213,0.010292,0.010197,0.01028,6013672.4,61568.7294703
1784005200000,0.01028,0.010297,0.010214,0.010219,3538003.6,36312.647763
1784008800000,0.010219,0.010484,0.010205,0.010382,19390458.6,201093.7462626
1784012400000,0.010382,0.010391,0.010272,0.010287,5467025.0,56543.916394
1784016000000,0.010287,0.010299,0.01021,0.010214,4532028.4,46474.6843523
1784019600000,0.010214,0.010223,0.010142,0.010155,2941357.4,29920.4576784
1784023200000,0.010155,0.010191,0.010142,0.010172,4307014.9,43788.8912099
1784026800000,0.010172,0.010223,0.010148,0.0102,4642125.3,47308.9255547
1784030400000,0.0102,0.010325,0.010155,0.01031,16597257.4,170113.6212629
1784034000000,0.01031,0.010502,0.01026,0.010394,11230929.0,116622.9754263
1784037600000,0.010394,0.010468,0.010338,0.010466,10403329.8,108108.6790357
1784041200000,0.010466,0.010553,0.010397,0.01044,12730323.3,133499.2875087
1784044800000,0.01044,0.010527,0.010407,0.010407,7444411.6,77973.5457003
1784048400000,0.010407,0.010452,0.010381,0.010427,4683865.6,48786.4760768
1784052000000,0.010427,0.010455,0.010406,0.010446,4942954.4,51536.1057364
1784055600000,0.010446,0.010463,0.010398,0.010427,3345524.9,34911.3344471
1784059200000,0.010427,0.010448,0.010397,0.01042,1790409.4,18662.9405575
1784062800000,0.01042,0.01047,0.010419,0.010455,719020.1,7510.9042955
1784066400000,0.010455,0.010496,0.010408,0.01044,4015073.1,41988.9582906
1784070000000,0.01044,0.010481,0.010426,0.010437,3302563.2,34514.2219047
1784073600000,0.010437,0.010458,0.010394,0.010409,5576008.6,58149.8939475
1784077200000,0.010409,0.010413,0.010366,0.010385,3061836.1,31829.1367745
1784080800000,0.010385,0.010392,0.01029,0.010307,2888597.6,29854.675621
1784084400000,0.010307,0.010395,0.010293,0.010363,5689020.5,58866.8399878
1784088000000,0.010363,0.01037,0.010314,0.010331,1669757.7,17275.7956466
1784091600000,0.010331,0.010342,0.010218,0.010334,5372763.6,55176.0085465
1784095200000,0.010334,0.010375,0.010314,0.010314,1168299.0,12081.3773317
1784098800000,0.010314,0.010337,0.010228,0.010239,5408077.4,55649.4711664
1784102400000,0.010239,0.010331,0.010231,0.010302,3655060.7,37620.933172
1784106000000,0.010302,0.010367,0.010299,0.010332,2755536.1,28494.6315272
1784109600000,0.010332,0.010356,0.010289,0.01031,2283243.6,23559.5242197
1784113200000,0.01031,0.010328,0.010292,0.010303,2492524.0,25688.4176837
1784116800000,0.010303,0.010463,0.010273,0.010461,5582345.1,57787.505654
1784120400000,0.010461,0.010586,0.010355,0.010419,19259511.8,202183.3288292
1784124000000,0.010419,0.010432,0.010219,0.010249,15089844.3,155264.6795417
1784127600000,0.010249,0.010282,0.010196,0.010223,9145585.1,93690.6050487
1784131200000,0.010223,0.010224,0.010064,0.010066,13309833.7,134774.9738839
1784134800000,0.010066,0.01023,0.010056,0.010213,9620796.0,97555.8701075
1784138400000,0.010213,0.010242,0.01014,0.01014,3883031.1,39564.1599876
1784142000000,0.01014,0.010244,0.010058,0.010085,9536611.2,96877.5408889
1784145600000,0.010085,0.010273,0.010081,0.010187,8195394.4,83527.5725036
1784149200000,0.010187,0.010204,0.010132,0.010161,8280992.0,84205.478495
1784152800000,0.010161,0.010303,0.010141,0.010269,7045949.0,72213.9127462
1784156400000,0.010269,0.010349,0.010257,0.01027,6213131.1,63972.9356281
1784160000000,0.01027,0.010307,0.010258,0.01029,3547200.5,36488.4113476
1784163600000,0.01029,0.010407,0.010246,0.010346,10746636.8,111008.7058807
1784167200000,0.010346,0.010351,0.010292,0.010323,2509359.7,25889.8113942
1784170800000,0.010323,0.010336,0.010223,0.01024,3349461.6,34384.6613258
1784174400000,0.01024,0.010248,0.010209,0.01023,1381102.6,14116.8135374
1784178000000,0.01023,0.010324,0.010217,0.010291,4121414.6,42304.7601104
1784181600000,0.010291,0.010339,0.010249,0.01025,3606089.8,37122.2513723
1784185200000,0.01025,0.01025,0.010095,0.01014,4683392.9,47567.2478898
1784188800000,0.01014,0.010156,0.010048,0.010079,8644968.0,87161.2599788
1784192400000,0.010079,0.010089,0.01002,0.010024,6909051.6,69504.6428888
1784196000000,0.010024,0.01013,0.010024,0.010053,4324203.8,43609.1750575
1784199600000,0.010053,0.010093,0.010031,0.010088,6256652.6,62975.9778875
1784203200000,0.010088,0.010183,0.010074,0.010129,26592516.2,268981.5650026
1784206800000,0.010129,0.010152,0.010088,0.010118,5063320.3,51243.0099494
1784210400000,0.010118,0.01018,0.010076,0.0101,5256963.2,53297.4306267
1784214000000,0.0101,0.010177,0.010002,0.010126,9441408.1,95367.6194473
1784217600000,0.010126,0.010147,0.0101,0.010144,2506757.8,25382.9983125
1784221200000,0.010144,0.010147,0.010059,0.010067,4796191.5,48437.1477451
1784224800000,0.010067,0.010142,0.010067,0.010109,2690537.6,27206.4452993
1784228400000,0.010109,0.010121,0.010001,0.010027,13786678.9,138575.2104285
1784232000000,0.010027,0.010112,0.010002,0.010094,7081523.4,71272.4418186
1784235600000,0.010094,0.010149,0.010087,0.010091,3005769.1,30418.1539544
1784239200000,0.010091,0.010135,0.009964,0.009997,5872779.6,58907.972843
1784242800000,0.009997,0.010017,0.009867,0.009918,20579112.9,204293.3087488
1784246400000,0.009918,0.009943,0.009827,0.009911,13202579.6,130488.0131321
1784250000000,0.009911,0.009929,0.009844,0.009856,4383102.0,43359.0737772
1784253600000,0.009856,0.009858,0.00972,0.009858,12406618.5,121583.8782159
1784257200000,0.009858,0.009983,0.009858,0.009923,4361758.8,43275.2695523
1784260800000,0.009923,0.009943,0.009863,0.009925,3235527.5,32027.7337443
1784264400000,0.009925,0.009927,0.009776,0.009805,4936420.4,48582.3446527
1784268000000,0.009805,0.009815,0.009678,0.009761,12532930.9,122185.7681568
1784271600000,0.009761,0.009772,0.009609,0.009629,23765523.9,229642.2898542
1784275200000,0.009629,0.009645,0.009501,0.009565,16327061.7,156195.6182302
1784278800000,0.009565,0.009642,0.00954,0.009563,13766227.5,132109.7059517
1784282400000,0.009563,0.009664,0.00956,0.009611,6913539.8,66477.5026256
1784286000000,0.009611,0.009658,0.0096,0.009631,5705418.9,54933.453989
1784289600000,0.009631,0.009631,0.009494,0.009506,7913476.2,75624.5156001
1784293200000,0.009506,0.009535,0.009357,0.009528,22869581.1,215583.8752904
1784296800000,0.009528,0.009601,0.00946,0.00946,9101755.4,86766.2441069
1784300400000,0.00946,0.009541,0.009376,0.009537,14384719.3,136066.6238965
1784304000000,0.009537,0.009588,0.009509,0.009539,8885353.0,84776.4725389
1784307600000,0.009539,0.009601,0.00947,0.009471,7626537.3,72667.8872457
1784311200000,0.009471,0.009515,0.0094,0.009506,8446884.1,79827.9999621
1784314800000,0.009506,0.009506,0.009391,0.009412,8046558.3,75929.4110298
1784318400000,0.009412,0.009486,0.009372,0.009438,8610664.0,81201.6777501
1784322000000,0.009438,0.009476,0.009428,0.009442,3090712.3,29196.3897674
1784325600000,0.009442,0.009498,0.00943,0.009477,4159889.0,39355.9275341
1784329200000,0.009477,0.009549,0.009463,0.009542,4321208.9,41066.5497859
1784332800000,0.009542,0.009561,0.009464,0.009477,5559153.9,52964.8146876
1784336400000,0.009477,0.009516,0.00946,0.009499,4812535.1,45644.1973349
1784340000000,0.009499,0.009537,0.009464,0.009526,6500740.1,61786.0923982
1784343600000,0.009526,0.009629,0.00945,0.009501,14306731.4,136309.2367498
1784347200000,0.009501,0.009515,0.009404,0.009453,2961265.5,27970.8352014
1784350800000,0.009453,0.009473,0.009428,0.009457,2498107.1,23600.3760517
1784354400000,0.009457,0.009538,0.009444,0.009468,5805654.5,55042.7258668
1784358000000,0.009468,0.009477,0.009418,0.00944,2431795.2,22945.7480296
1784361600000,0.00944,0.009451,0.009411,0.009425,2387196.4,22504.5592452
1784365200000,0.009425,0.009458,0.009377,0.009458,3208505.7,30196.676811
1784368800000,0.009458,0.00952,0.009393,0.009393,3423262.4,32385.4756797
1784372400000,0.009393,0.00941,0.00932,0.00934,3193174.2,29916.6096398
1784376000000,0.00934,0.009424,0.009288,0.009331,9261733.3,86542.3168088
1784379600000,0.009331,0.009331,0.009123,0.009185,17151267.4,157934.6748012
1784383200000,0.009185,0.009205,0.009127,0.009144,7533927.1,69064.2922372
1784386800000,0.009144,0.009258,0.009124,0.009235,10044505.7,92436.3675923
1784390400000,0.009235,0.009327,0.009232,0.009322,5782147.1,53675.0828316
1784394000000,0.009322,0.009426,0.009305,0.009404,5366854.9,50220.8428673
1784397600000,0.009404,0.009524,0.009393,0.009457,4142949.1,39163.3721947
1784401200000,0.009457,0.009483,0.009419,0.00946,2582376.4,24388.7355416
1784404800000,0.00946,0.009521,0.009446,0.009452,4101060.3,38856.2194102
1784408400000,0.009452,0.009503,0.009426,0.009434,1463436.1,13851.7985488
1784412000000,0.009434,0.009459,0.009414,0.009431,3870035.3,36505.8513384
1784415600000,0.009431,0.009465,0.009407,0.009453,2984089.2,28167.7040756
1784419200000,0.009453,0.009454,0.009363,0.009366,8718514.1,81886.8701626
1784422800000,0.009366,0.009377,0.009247,0.009274,10473459.3,97506.208162
1784426400000,0.009274,0.009364,0.00927,0.009347,9184213.9,85578.0833281
1784430000000,0.009347,0.009347,0.009265,0.00929,1485716.6,13804.7629083
1784433600000,0.00929,0.009298,0.009245,0.009254,1862265.2,17261.3244311
1784437200000,0.009254,0.009315,0.009254,0.00926,2518130.1,23395.855343
1784440800000,0.00926,0.009361,0.009252,0.009289,7447711.0,69354.1134428
1784444400000,0.009289,0.009421,0.009271,0.009316,6471627.0,60472.5877144
1784448000000,0.009316,0.009352,0.009281,0.00933,2784002.3,25917.3629768
1784451600000,0.00933,0.009334,0.009255,0.009281,5028066.1,46719.1549732
1784455200000,0.009281,0.009441,0.009269,0.009371,4441709.3,41539.0447123
1784458800000,0.009371,0.009382,0.009305,0.009328,4224499.4,39514.3368811
1784462400000,0.009328,0.00942,0.009289,0.009396,8401545.6,78758.4873817
1784466000000,0.009396,0.00952,0.009353,0.00943,16680871.2,157420.9244629
1784469600000,0.00943,0.009509,0.009418,0.009441,8447754.0,79960.153882
1784473200000,0.009441,0.009493,0.009348,0.00938,4637816.5,43648.902199
1784476800000,0.00938,0.00938,0.00928,0.009286,4954207.9,46212.6171323
1784480400000,0.009286,0.009294,0.009215,0.009276,4973072.5,46060.7122426
1784484000000,0.009276,0.009276,0.009165,0.009235,8534408.9,78611.6128901
1784487600000,0.009235,0.009248,0.009204,0.009247,2769276.3,25541.6558118
1784491200000,0.009247,0.009353,0.009247,0.009326,4782916.9,44542.4037488
1784494800000,0.009326,0.009435,0.009309,0.009338,4503326.8,42259.628737
1784498400000,0.009338,0.009476,0.009329,0.009388,4805285.8,45256.9795609
1784502000000,0.009388,0.009392,0.009303,0.009318,4027736.5,37631.8194266
1784505600000,0.009318,0.00942,0.009284,0.009298,6870965.3,64144.6045161
1784509200000,0.009298,0.009457,0.009295,0.009355,4251986.5,39891.6032877
1784512800000,0.009355,0.009497,0.009352,0.00941,6924699.3,65288.7173997
1784516400000,0.00941,0.00943,0.009317,0.009344,4139060.4,38791.1947888
1784520000000,0.009344,0.00936,0.009259,0.009303,3385881.7,31504.7661105
1784523600000,0.009303,0.009303,0.009171,0.009224,5298820.8,48911.3503194
1784527200000,0.009224,0.00931,0.009221,0.00927,6738034.7,62402.4436984
1784530800000,0.00927,0.009325,0.009258,0.009322,4115505.4,38234.7363821
1784534400000,0.009322,0.009344,0.009219,0.00925,6752944.9,62637.6351292
1784538000000,0.00925,0.009286,0.009223,0.009261,3571530.4,33064.2446739
1784541600000,0.009261,0.009351,0.009235,0.009279,13001852.4,120711.3976734
1784545200000,0.009279,0.00941,0.009265,0.009409,5189301.2,48471.6419987
1784548800000,0.009409,0.009481,0.009307,0.00931,11477141.0,107978.9645932
1784552400000,0.00931,0.009341,0.009225,0.009233,6146633.7,57063.7822681
1784556000000,0.009233,0.009293,0.009204,0.009247,5408874.7,50021.7599936
1784559600000,0.009247,0.009416,0.009247,0.009372,4858681.0,45399.6468173
1784563200000,0.009372,0.0094,0.00928,0.009372,6473446.8,60458.8753719
1784566800000,0.009372,0.00943,0.00935,0.009396,7809169.0,73301.2860115
1784570400000,0.009396,0.009454,0.009351,0.009354,6151462.2,57938.9489128
1784574000000,0.009354,0.009381,0.009315,0.009354,5336623.9,49880.1993007
1784577600000,0.009354,0.009356,0.009292,0.009324,3489424.4,32522.5590867
1784581200000,0.009324,0.009366,0.009313,0.009347,2856622.1,26689.3085032
1784584800000,0.009347,0.009347,0.009245,0.009273,5643042.0,52391.7120234
1784588400000,0.009273,0.009332,0.009269,0.009312,3860719.7,35921.027488
1784592000000,0.009312,0.009326,0.009293,0.00932,4524544.5,42130.8973518
1784595600000,0.00932,0.009375,0.00929,0.009305,13475767.2,125710.8647773
1784599200000,0.009305,0.009456,0.009305,0.009413,6941263.0,65005.3466894
1784602800000,0.009413,0.009633,0.009412,0.009614,19330235.3,184891.1230539
1784606400000,0.009614,0.00966,0.009483,0.009505,13353040.0,127722.0697964
1784610000000,0.009505,0.009546,0.009492,0.009526,6795033.3,64676.2327097
1784613600000,0.009526,0.00956,0.009504,0.009553,4994644.1,47582.5648547
1784617200000,0.009553,0.00956,0.009489,0.009543,6617854.7,63039.7265202
1784620800000,0.009543,0.009607,0.009526,0.009569,5887095.1,56364.0420437
1784624400000,0.009569,0.009588,0.009539,0.009571,3831575.1,36635.7843867
1784628000000,0.009571,0.009607,0.009536,0.00958,4292691.2,41094.9759818
1784631600000,0.00958,0.009584,0.009516,0.009545,3516298.9,33553.9483845
1784635200000,0.009545,0.009585,0.00954,0.009575,2677961.8,25619.968295
1784638800000,0.009575,0.009612,0.009533,0.009606,5305323.1,50778.4961624
1784642400000,0.009606,0.009611,0.00949,0.00951,6706467.1,64070.7063428
1784646000000,0.00951,0.009533,0.009465,0.00951,4727884.4,44930.5309489
1784649600000,0.00951,0.00955,0.00945,0.009469,8005882.4,76011.0093455
1784653200000,0.009469,0.009495,0.009407,0.009462,4182412.5,39542.4812996
1784656800000,0.009462,0.009532,0.00946,0.009522,4170861.7,39656.5679139
1784660400000,0.009522,0.009537,0.009484,0.009498,4286209.4,40758.2313291
1784664000000,0.009498,0.009523,0.009471,0.009495,2463504.8,23388.9646454
1784667600000,0.009495,0.009566,0.009488,0.009536,2833153.1,27003.9589682
1784671200000,0.009536,0.009538,0.009456,0.009462,2481527.8,23550.4783395
1784674800000,0.009462,0.009493,0.009442,0.009485,2839266.7,26866.0357163
1784678400000,0.009485,0.009593,0.009477,0.009567,4700271.5,44907.9444011
1784682000000,0.009567,0.009591,0.009526,0.009579,4500163.6,43012.4278285
1784685600000,0.009579,0.009664,0.009563,0.009566,7487919.6,71935.1703635
1784689200000,0.009566,0.009583,0.009489,0.009491,4014771.0,38329.316226
1784692800000,0.009491,0.009535,0.009487,0.009515,2095977.7,19931.9485167
1784696400000,0.009515,0.009515,0.009394,0.009394,3566208.5,33685.7441973
1784700000000,0.009394,0.009451,0.009361,0.009418,6378971.2,59934.6647173
1784703600000,0.009418,0.009475,0.009399,0.009421,6827892.7,64362.3342674
1784707200000,0.009421,0.009534,0.009419,0.009489,6803345.3,64578.0823471
1784710800000,0.009489,0.009581,0.009484,0.00955,9841158.4,93773.8747771
1784714400000,0.00955,0.009626,0.009539,0.009597,14586648.7,139804.6156397
1784718000000,0.009597,0.00969,0.009566,0.009605,21935764.1,211145.3029675
1784721600000,0.009605,0.009606,0.009458,0.009485,11472489.1,109281.435348
1784725200000,0.009485,0.009654,0.009481,0.009637,10419786.2,99786.5418075
1784728800000,0.009637,0.009699,0.009607,0.009658,12160720.4,117448.2346037
1784732400000,0.009658,0.009739,0.009658,0.009728,15150878.7,147083.5291408
1784736000000,0.009728,0.009944,0.009677,0.009912,25457602.9,250736.4053018
1784739600000,0.009912,0.009919,0.009805,0.009812,10297791.6,101410.8292122
1784743200000,0.009812,0.009829,0.009715,0.009806,9736692.9,95143.0229782
1784746800000,0.009806,0.009816,0.009727,0.009774,3977874.6,38871.0693583
1784750400000,0.009774,0.009807,0.009693,0.009734,10899442.2,106353.4384038
1784754000000,0.009734,0.00976,0.009677,0.009706,8621782.1,83803.4342681
1784757600000,0.009706,0.009708,0.009611,0.00966,6468186.3,62468.5982545
1784761200000,0.00966,0.00966,0.009562,0.009616,8284244.2,79505.8461301
1784764800000,0.009616,0.0097,0.00958,0.009628,9970497.3,96132.5660578
1784768400000,0.009628,0.009631,0.00958,0.009588,3041983.3,29220.2249298
1784772000000,0.009588,0.009588,0.009523,0.009555,8172128.0,78067.9891723
1784775600000,0.009555,0.009559,0.009466,0.00949,9618870.2,91328.4493887
1784779200000,0.00949,0.009546,0.009452,0.009521,3290632.6,31279.9889629
1784782800000,0.009521,0.00958,0.009502,0.009521,3205027.9,30559.1223811
1784786400000,0.009521,0.009563,0.009504,0.009543,1777782.3,16963.8900314
1784790000000,0.009543,0.009641,0.009488,0.009516,14453427.9,138181.0803954
1784793600000,0.009516,0.009578,0.009506,0.009542,3359131.9,32066.5259006
1784797200000,0.009542,0.009546,0.00949,0.009492,3089031.9,29420.1038162
1784800800000,0.009492,0.009519,0.009469,0.0095,4987482.8,47402.0506607
1784804400000,0.0095,0.009556,0.00949,0.009532,3358004.9,32016.4268297
1784808000000,0.009532,0.009588,0.009391,0.009471,10875595.1,103089.8321523
1784811600000,0.009471,0.009522,0.009441,0.009481,9095956.2,86213.0927725
1784815200000,0.009481,0.009543,0.009464,0.009471,6676562.6,63445.1810358
1784818800000,0.009471,0.009477,0.00938,0.009427,9725114.5,91673.6294334
1784822400000,0.009427,0.009431,0.009369,0.00938,5466274.9,51347.8284313
1784826000000,0.00938,0.009444,0.009258,0.009279,13154305.3,122896.5940693
1784829600000,0.009279,0.009355,0.00925,0.00932,11476721.0,106681.8603494
1784833200000,0.00932,0.00934,0.00926,0.00931,5714045.5,53124.9050652
1784836800000,0.00931,0.009379,0.009305,0.00934,4680662.8,43762.1917876
1784840400000,0.00934,0.009375,0.0093,0.0093,3179642.0,29626.3739352
1784844000000,0.0093,0.009368,0.009262,0.009357,2839363.8,26445.5806988
1784847600000,0.009357,0.009374,0.00934,0.009352,1274570.9,11919.1472848
1784851200000,0.009352,0.009358,0.009236,0.009319,7254864.8,67469.71581
1784854800000,0.009319,0.009429,0.00931,0.009413,6345112.2,59489.8043165
1784858400000,0.009413,0.009434,0.009365,0.009391,3369636.8,31691.9812456
1784862000000,0.009391,0.009454,0.009382,0.009442,3162694.5,29817.220218
1784865600000,0.009442,0.009453,0.009346,0.009364,4696666.3,44108.9055934
1784869200000,0.009364,0.009456,0.00936,0.009414,7070135.9,66523.509331
1784872800000,0.009414,0.009427,0.009381,0.009387,2243628.3,21090.7186571
1784876400000,0.009387,0.00944,0.009343,0.009381,3476590.1,32655.1697496
1784880000000,0.009381,0.009383,0.009359,0.009376,1362842.4,12774.7347509
1784883600000,0.009376,0.009438,0.009337,0.009363,8643703.6,81175.44354
1784887200000,0.009363,0.009371,0.009288,0.009309,5095895.3,47466.8764157
1784890800000,0.009309,0.009327,0.009256,0.009308,2536173.3,23580.6217199
1784894400000,0.009308,0.00933,0.009216,0.009224,4106575.7,38100.3939096
1784898000000,0.009224,0.009235,0.009072,0.009122,25721130.6,235125.892499
1784901600000,0.009122,0.009161,0.009068,0.009161,6920997.6,63091.1230416
1784905200000,0.009161,0.009174,0.009079,0.009097,7542162.5,68833.0428067
1784908800000,0.009097,0.009121,0.009078,0.009108,5660150.6,51483.4774631
1784912400000,0.009108,0.009183,0.009077,0.009168,3957891.7,36097.15354
1784916000000,0.009168,0.009173,0.009105,0.009147,2349946.4,21451.8161817
1784919600000,0.009147,0.009161,0.009121,0.00915,2244244.9,20519.7329528
1784923200000,0.00915,0.009172,0.009134,0.009156,1664216.7,15238.0012817
1784926800000,0.009156,0.009189,0.00913,0.009133,2087256.2,19122.7504908
1784930400000,0.009133,0.009176,0.009123,0.00917,2114900.5,19338.4902822
1784934000000,0.00917,0.009233,0.009167,0.009192,4806263.0,44183.6365341
1784937600000,0.009192,0.009192,0.009103,0.009161,3685613.6,33685.0931335
1784941200000,0.009161,0.009187,0.009105,0.009119,2092149.4,19112.290255
1784944800000,0.009119,0.009165,0.009113,0.009155,2357442.7,21533.0097919
1784948400000,0.009155,0.00917,0.009108,0.009113,2083263.7,19029.8757315
1784952000000,0.009113,0.009181,0.009112,0.00918,2608620.7,23867.683364
1784955600000,0.00918,0.009182,0.009094,0.009112,2054353.9,18740.7899109
1784959200000,0.009112,0.009177,0.009075,0.009113,4847588.8,44203.3888332
1784962800000,0.009113,0.009167,0.009109,0.009156,2761762.6,25254.2947956
1784966400000,0.009156,0.009165,0.009119,0.009146,2762856.8,25245.1058667
1784970000000,0.009146,0.00923,0.009144,0.009224,2324304.3,21340.0706752
1784973600000,0.009224,0.009238,0.009166,0.009207,3170456.4,29174.2416397
1784977200000,0.009207,0.009252,0.009132,0.009152,3609624.2,33146.2734657
1784980800000,0.009152,0.009173,0.009135,0.009163,2163996.3,19811.7313261
1784984400000,0.009163,0.009196,0.009159,0.00916,5471831.4,50193.8019397
1784988000000,0.00916,0.009188,0.00914,0.00918,4052528.2,37130.2979203
1784991600000,0.00918,0.009264,0.009162,0.009219,3567410.8,32851.9580461
1784995200000,0.009219,0.009228,0.009196,0.009203,2045056.0,18834.1453397
1784998800000,0.009203,0.009267,0.009196,0.009223,4085351.1,37703.1915738
1785002400000,0.009223,0.009288,0.009191,0.0092,4655476.2,43011.3315266
1785006000000,0.0092,0.009226,0.009159,0.009221,1641537.1,15086.0179294
1785009600000,0.009221,0.009221,0.009187,0.00919,1380826.4,12698.4746612
1785013200000,0.00919,0.009225,0.009178,0.00921,1839852.4,16923.7936443
1785016800000,0.00921,0.009218,0.009174,0.00919,1313946.0,12085.0659622
1785020400000,0.00919,0.009194,0.009138,0.009165,2608967.0,23905.2586302
1785024000000,0.009165,0.009266,0.009146,0.00923,5833059.2,53737.5143007
1785027600000,0.00923,0.009252,0.009173,0.009201,3369214.8,31035.9910716
1785031200000,0.009201,0.009206,0.009152,0.009183,2201131.7,20197.9113871
1785034800000,0.009183,0.009199,0.009157,0.009183,2179357.0,19999.2657404
1785038400000,0.009183,0.009215,0.009168,0.009184,766095.5,7037.1944736
1785042000000,0.009184,0.009218,0.00917,0.009181,1291506.1,11877.5953283
1785045600000,0.009181,0.009313,0.009126,0.009292,7821889.9,72220.3021607
1785049200000,0.009292,0.009317,0.009246,0.009292,5396158.7,50137.2491355
1785052800000,0.009292,0.009367,0.00923,0.009241,5287171.6,49137.760377
1785056400000,0.009241,0.009243,0.009173,0.009213,6338512.3,58338.4178054
1785060000000,0.009213,0.009271,0.009204,0.009244,3220708.0,29775.6394092
1785063600000,0.009244,0.009264,0.009213,0.00922,2865282.9,26465.0946406
1785067200000,0.00922,0.009259,0.009213,0.009219,2584750.3,23880.1762767
1785070800000,0.009219,0.009237,0.009176,0.009194,5701275.9,52489.8961153
1785074400000,0.009194,0.009243,0.009185,0.009202,2585569.8,23816.092063
1785078000000,0.009202,0.00926,0.009188,0.009222,5104128.7,47102.5620593
1785081600000,0.009222,0.009264,0.00921,0.009226,2635830.7,24325.9556204
1785085200000,0.009226,0.009239,0.009203,0.009214,995855.1,9180.6778519
1785088800000,0.009214,0.009242,0.009195,0.009235,847823.7,7813.9842668
1785092400000,0.009235,0.009244,0.009214,0.009234,927435.4,8561.4284667
1785096000000,0.009234,0.009254,0.009233,0.009246,1430337.2,13223.5785378
1785099600000,0.009246,0.0093,0.009243,0.009297,2608091.9,24181.5686621
1785103200000,0.009297,0.009416,0.009293,0.0094,4191127.5,39316.0431714
1785106800000,0.0094,0.009422,0.009365,0.009399,862116.1,8100.6540425
1785110400000,0.009399,0.009401,0.009319,0.009327,3043062.2,28460.1883993
1785114000000,0.009327,0.009365,0.009267,0.009365,2798584.3,26061.9075008
1785117600000,0.009365,0.009377,0.009322,0.00933,1977762.6,18501.9939164
1785121200000,0.00933,0.009348,0.00927,0.00928,1578758.4,14673.2456392
1785124800000,0.00928,0.00932,0.009266,0.00928,1713794.5,15917.3896072
1785128400000,0.00928,0.00934,0.009279,0.009328,2683844.9,25006.1499924
1785132000000,0.009328,0.009368,0.009274,0.009283,3666900.4,34174.4772048
1785135600000,0.009283,0.009392,0.009266,0.009309,5808100.3,54194.6999401
1785139200000,0.009309,0.009325,0.009238,0.00925,3447201.4,31954.4240889
1785142800000,0.00925,0.009272,0.009202,0.009255,2107916.8,19474.7805674
1785146400000,0.009255,0.009314,0.009241,0.009262,4014032.0,37263.3112451
1785150000000,0.009262,0.009267,0.009209,0.009229,2536146.5,23429.3664919
1785153600000,0.009229,0.009256,0.009161,0.00921,2833016.1,26086.7261281
1785157200000,0.00921,0.009284,0.009179,0.009216,2199347.0,20293.6782601
1785160800000,0.009216,0.009233,0.008837,0.00895,36621813.0,328202.8799496
1785164400000,0.00895,0.00895,0.00879,0.008836,23718194.4,210089.9224633
1785168000000,0.008836,0.008936,0.008816,0.00892,9287850.5,82527.348768
1785171600000,0.00892,0.008955,0.008903,0.008924,1768101.2,15798.0279953
1785175200000,0.008924,0.008934,0.008838,0.008894,6997476.4,62067.3702008
1785178800000,0.008894,0.008942,0.008873,0.008936,2880817.7,25669.1500949
1785182400000,0.008936,0.008994,0.008909,0.008994,2713743.9,24304.2096857
1785186000000,0.008994,0.009,0.008866,0.008895,2580315.0,23038.4758024
1785189600000,0.008895,0.008899,0.008543,0.008597,25801095.5,223794.6067475
1785193200000,0.008597,0.008634,0.008511,0.008596,8664513.4,74202.4558885
1785196800000,0.008596,0.00863,0.008546,0.008575,5659363.6,48596.9630943
1785200400000,0.008575,0.0086,0.008427,0.008457,16398872.3,139103.2681384
1785204000000,0.008457,0.008567,0.008448,0.008544,5380301.8,45822.2004653
1785207600000,0.008544,0.008546,0.008498,0.008515,3332700.0,28411.6691522
1785211200000,0.008515,0.008515,0.00846,0.008471,2411222.5,20451.8518417
1785214800000,0.008471,0.008511,0.008467,0.008473,2618362.4,22232.5993996
1785218400000,0.008473,0.008564,0.008397,0.008534,12123214.2,103003.7859662
1785222000000,0.008534,0.008563,0.008475,0.00853,10687943.2,91129.9181991
1785225600000,0.00853,0.008557,0.008485,0.00852,4988177.8,42459.7601132
1785229200000,0.00852,0.008615,0.008512,0.008577,7626251.5,65393.2751488
1785232800000,0.008577,0.008601,0.008552,0.008576,4400311.7,37721.2185705
1785236400000,0.008576,0.008646,0.008554,0.008583,4850117.1,41698.1494721
1785240000000,0.008583,0.008665,0.008563,0.008665,4270916.5,36748.4137186
1785243600000,0.008665,0.008709,0.008496,0.008567,10107261.7,87012.7035143
1785247200000,0.008567,0.008642,0.008516,0.008617,2157955.7,18537.7306911
1785250800000,0.008617,0.008717,0.008564,0.008672,4023666.8,34781.9163916
1785254400000,0.008672,0.008695,0.008615,0.008627,2963398.3,25638.7580056
1785258000000,0.008627,0.008627,0.008516,0.008561,2631584.1,22505.6062744
1785261600000,0.008561,0.008611,0.008558,0.008581,3381326.4,29004.1155533
1785265200000,0.008581,0.00863,0.008556,0.008605,2870659.2,24662.518999
1785268800000,0.008605,0.008616,0.008571,0.008614,1923051.7,16517.2271867
1785272400000,0.008614,0.008685,0.008601,0.008679,2270990.2,19622.0879318
1785276000000,0.008679,0.008679,0.008554,0.008557,3589887.4,30948.6660595
1785279600000,0.008557,0.008645,0.008526,0.008635,4551920.9,39050.5537077
1785283200000,0.008635,0.008672,0.00855,0.008554,8132344.0,70082.2109206
1785286800000,0.008554,0.008554,0.008417,0.008424,4035561.1,34248.3296004
1785290400000,0.008424,0.008436,0.008342,0.008342,9067743.4,76040.8635862
1785294000000,0.008342,0.008368,0.008252,0.008278,11914744.8,98888.8473738
1785297600000,0.008278,0.00834,0.008224,0.008301,8582535.9,71023.5169197
1785301200000,0.008301,0.008359,0.008291,0.00833,2780400.6,23143.8627702
1785304800000,0.00833,0.008392,0.008307,0.008379,5828304.9,48776.5537707
1785308400000,0.008379,0.008406,0.00836,0.008401,3970368.1,33296.3945121
1785312000000,0.008401,0.008427,0.008323,0.008347,3517963.1,29485.3581919
1785315600000,0.008347,0.00841,0.008326,0.008369,4500078.6,37683.6813133
1785319200000,0.008369,0.008369,0.008251,0.008268,6197063.7,51511.1354026
1785322800000,0.008268,0.00828,0.008162,0.008186,12649945.3,103945.9056293
1785326400000,0.008186,0.008194,0.008025,0.008043,31478695.0,255412.3572216
1785330000000,0.008043,0.008165,0.008015,0.008165,19277492.0,155808.3442995
1785333600000,0.008165,0.008177,0.008084,0.00811,13812296.9,112165.6374137
1785337200000,0.00811,0.008139,0.008061,0.008065,5994242.1,48522.8285279
1785340800000,0.008065,0.008108,0.008002,0.008034,9384221.2,75596.2974507
1785344400000,0.008034,0.008096,0.007981,0.008096,10665303.7,85784.3801159
1785348000000,0.008096,0.008199,0.007964,0.00813,18603266.4,150372.8225076
1785351600000,0.00813,0.008151,0.007886,0.007902,18703606.9,149085.1069477
1785355200000,0.007902,0.007958,0.007839,0.00789,13885643.4,109591.0450204
1785358800000,0.00789,0.007932,0.007827,0.007928,12585510.9,99059.1418166
1785362400000,0.007928,0.007962,0.007923,0.007945,2563033.1,20371.3971962
1785366000000,0.007945,0.007954,0.007873,0.007909,16615742.0,131611.6472722
1785369600000,0.007909,0.00792,0.00781,0.007823,8778492.5,68952.578234
1785373200000,0.007823,0.007936,0.007823,0.007908,10622380.7,83738.7407752
1785376800000,0.007908,0.007984,0.00787,0.007883,21189605.2,168153.8669785
1785380400000,0.007883,0.007926,0.007867,0.007886,12169614.6,96038.0303825
1785384000000,0.007886,0.007907,0.007842,0.007842,14063762.0,110773.995877
1785387600000,0.007842,0.007857,0.007783,0.007857,16422545.0,128148.9737565
1785391200000,0.007857,0.007943,0.007828,0.007857,13795983.5,108634.8285087
1785394800000,0.007857,0.007922,0.007786,0.007798,11648354.5,91438.1965479
1785398400000,0.007798,0.007924,0.007795,0.007912,9451853.5,74208.2627596
1785402000000,0.007912,0.007947,0.007886,0.007908,6679182.6,52882.7637777
1785405600000,0.007908,0.007959,0.007908,0.007932,10959282.0,86913.0762016
1785409200000,0.007932,0.00794,0.007849,0.0079,9397096.3,74163.5527159
1785412800000,0.0079,0.007929,0.007866,0.00789,7759930.9,61208.820067
1785416400000,0.00789,0.007919,0.007827,0.007895,8179996.2,64435.9476484
1785420000000,0.007895,0.007906,0.007828,0.007851,6814956.6,53557.1198701
1785423600000,0.007851,0.00787,0.007809,0.007828,6337404.3,49616.3995908
1785427200000,0.007828,0.007854,0.007746,0.007805,10471526.2,81648.9378077
1785430800000,0.007805,0.007814,0.007721,0.007799,14614778.5,113496.3348249
1785434400000,0.007799,0.007814,0.00774,0.007746,4948852.8,38501.7565733
1785438000000,0.007746,0.007815,0.007733,0.007799,16058331.4,124908.2129029
1785441600000,0.007799,0.007839,0.007716,0.007717,8064509.2,62817.6499546
1785445200000,0.007717,0.007762,0.007686,0.007743,7894328.7,61012.8822521
1785448800000,0.007743,0.00779,0.007722,0.007769,11668433.0,90545.8228702
1785452400000,0.007769,0.007994,0.007769,0.007994,37173772.7,292621.0359119
1785456000000,0.007994,0.008049,0.007934,0.007936,17786300.7,141987.8195767
1785459600000,0.007936,0.008019,0.007851,0.007879,6805848.5,53974.9123361
1785463200000,0.007879,0.007907,0.007853,0.007859,7481170.9,58929.1084869
1785466800000,0.007859,0.007859,0.007793,0.007821,4550838.2,35583.4646572
1785470400000,0.007821,0.007829,0.00775,0.007765,8287928.5,64628.0131325
1785474000000,0.007765,0.007789,0.007743,0.007773,7049255.5,54727.7342565
1785477600000,0.007773,0.007867,0.007759,0.00783,8737079.6,68326.7070237
1785481200000,0.00783,0.00788,0.007749,0.007874,8841930.0,69131.8551299
1785484800000,0.007874,0.007923,0.007817,0.007861,8023272.5,63214.5089593
1785488400000,0.007861,0.007933,0.007817,0.007847,7969517.1,62721.2930883
1785492000000,0.007847,0.007898,0.00783,0.007872,3695122.3,29092.9573828
1785495600000,0.007872,0.007911,0.00781,0.007816,4932921.3,38776.3670864
1785499200000,0.007816,0.007898,0.007796,0.00787,10437911.1,81895.8051945
1785502800000,0.00787,0.007893,0.00782,0.00784,4093697.6,32137.7150763
1785506400000,0.00784,0.00785,0.007687,0.007788,16215646.5,126075.3956598
1785510000000,0.007788,0.007829,0.007753,0.007766,4710664.5,36662.8942125
1785513600000,0.007766,0.007848,0.007764,0.007848,4354270.9,33998.3579508
1785517200000,0.007848,0.007873,0.007814,0.00787,5670219.2,44547.4679043
1785520800000,0.00787,0.007873,0.00779,0.007817,2710963.6,21246.8467165
1785524400000,0.007817,0.007823,0.007748,0.007795,3532789.4,27466.0506239
1785528000000,0.007795,0.007939,0.00778,0.007884,18998158.9,149536.967533
1785531600000,0.007884,0.007903,0.007801,0.007803,4199383.9,33086.6626945
1785535200000,0.007803,0.007829,0.007792,0.007793,2110531.5,16481.6743605
1785538800000,0.007793,0.007829,0.00778,0.007801,1983146.7,15477.7151607
1785542400000,0.007801,0.007827,0.007773,0.007791,3544582.4,27662.4731456
1785546000000,0.007791,0.007852,0.007791,0.007844,2543202.4,19909.8371881
1785549600000,0.007844,0.00788,0.007837,0.007867,3356212.4,26371.4650384
1785553200000,0.007867,0.007895,0.007826,0.00783,3259346.6,25629.4209922
1785556800000,0.00783,0.007867,0.007828,0.00785,1970626.4,15457.8154381
1785560400000,0.00785,0.007909,0.007792,0.007841,9079139.1,71141.4256535
1785564000000,0.007841,0.007903,0.007829,0.007835,4427228.6,34836.5117849
1785567600000,0.007835,0.00786,0.0078,0.007804,1058682.5,8291.3813908
1785571200000,0.007804,0.007951,0.007801,0.007896,6869985.2,54198.709347
1785574800000,0.007896,0.007905,0.00784,0.007843,3341533.6,26325.4516695
1785578400000,0.007843,0.007845,0.007795,0.007832,3119005.7,24397.4961275
1785582000000,0.007832,0.007832,0.007807,0.007818,859102.4,6716.9828942
1785585600000,0.007818,0.007895,0.007816,0.007869,5144045.8,40481.6943278
1785589200000,0.007869,0.007889,0.007856,0.007871,2757498.4,21709.414763
1785592800000,0.007871,0.008016,0.007857,0.008001,18172158.6,144669.8691081
1785596400000,0.008001,0.008058,0.007943,0.007951,5348689.8,42816.4880507
1785600000000,0.007951,0.008017,0.007943,0.007979,6378837.1,50978.8059448
1785603600000,0.007979,0.008072,0.007961,0.008001,11562980.4,92807.0601499
1785607200000,0.008001,0.008011,0.007739,0.00784,18094857.2,142277.5696392
1785610800000,0.00784,0.007852,0.007783,0.007832,3851374.7,30117.7512833
1785614400000,0.007832,0.007852,0.00781,0.00784,1808483.1,14162.9328668
1785618000000,0.00784,0.007887,0.007839,0.007883,2885275.1,22706.0455571
1785621600000,0.007883,0.007946,0.00788,0.007882,5697592.0,45059.8291939
1785625200000,0.007882,0.00789,0.007853,0.007864,623037.1,4903.5264605
1785628800000,0.007864,0.007887,0.007829,0.00785,3666452.7,28808.2502537
1785632400000,0.00785,0.007931,0.007844,0.007891,4614155.6,36431.739408
1785636000000,0.007891,0.007991,0.007889,0.007958,2568573.2,20425.1067852
1785639600000,0.007958,0.007968,0.007929,0.00794,2230553.8,17727.5330098
1785643200000,0.00794,0.007955,0.007925,0.007946,1626009.9,12906.2162315
1785646800000,0.007946,0.008005,0.007918,0.007991,5153135.5,40980.2232746
1785650400000,0.007991,0.008047,0.00787,0.007877,14946962.8,118595.7925249
1785654000000,0.007877,0.007913,0.007867,0.0079,3183366.2,25106.8089603
1785657600000,0.0079,0.007914,0.007866,0.007872,6520680.2,51465.4715819
1785661200000,0.007872,0.007916,0.007844,0.00789,6864857.9,54094.0679352
1785664800000,0.00789,0.007919,0.007872,0.007875,2674006.6,21126.2013081
1785668400000,0.007875,0.007892,0.007852,0.007867,4014203.5,31597.4343185
1785672000000,0.007867,0.007883,0.007804,0.007817,9886135.8,77631.3517304
1785675600000,0.007817,0.007846,0.007764,0.007781,7287114.8,56871.723592
1785679200000,0.007781,0.007795,0.00772,0.007768,7657894.2,59416.1604991
1785682800000,0.007768,0.007792,0.007754,0.007756,2340308.2,18196.4753941
1785686400000,0.007756,0.007772,0.007738,0.007744,2830230.4,21944.8708594
1785690000000,0.007744,0.007806,0.007727,0.007765,7057593.4,54836.4679706
1785693600000,0.007765,0.007834,0.007753,0.007791,4311998.3,33606.423287
1785697200000,0.007791,0.00793,0.007784,0.007926,7024684.8,55281.5234374
1785700800000,0.007926,0.008168,0.007903,0.008044,31139680.9,250734.1665335
1785704400000,0.008044,0.008066,0.007894,0.00791,17421447.8,138935.9345623
1785708000000,0.00791,0.008016,0.007862,0.008003,18744422.6,148459.6194945
1785711600000,0.008003,0.008123,0.007923,0.008105,10506104.1,84219.0319218
1785715200000,0.008105,0.008182,0.008032,0.008053,15820776.6,128201.4494513
1785718800000,0.008053,0.008069,0.007869,0.007892,7538210.6,59806.7833056
1785722400000,0.007892,0.007899,0.00783,0.007856,3917240.5,30819.1226105
1785726000000,0.007856,0.007858,0.007738,0.007828,13005500.6,101604.9690579
1785729600000,0.007828,0.007868,0.007771,0.007793,9054005.3,70755.6450108
1785733200000,0.007793,0.007976,0.007785,0.007931,8889869.7,69906.1769931
1785736800000,0.007931,0.007936,0.007822,0.007837,8001081.3,62890.5702564
1785740400000,0.007837,0.007841,0.007799,0.007829,5285426.1,41342.5163131
1785744000000,0.007829,0.007849,0.007779,0.007834,4037641.6,31582.996907
1785747600000,0.007834,0.007906,0.007789,0.007828,9440033.9,74005.1539417
1785751200000,0.007828,0.007836,0.007776,0.007799,7691681.0,60013.8762274
1785754800000,0.007799,0.007909,0.007781,0.007831,9310715.6,73176.9399706
1785758400000,0.007831,0.007885,0.007807,0.007879,4398971.9,34476.1437087
1785762000000,0.007879,0.00797,0.007849,0.007963,6184615.1,48962.8969432
1785765600000,0.007963,0.008033,0.00794,0.00798,10337025.5,82618.5874775
1785769200000,0.00798,0.008096,0.007968,0.008055,14857946.8,119332.9255721
1785772800000,0.008055,0.008213,0.008052,0.008109,14699821.8,119531.995806
1785776400000,0.008109,0.008146,0.008038,0.008072,6517134.3,52770.4028212
1785780000000,0.008072,0.008137,0.008051,0.008104,4723806.8,38247.2768732
1785783600000,0.008104,0.008192,0.008075,0.008109,7779435.5,63219.9195744
1785787200000,0.008109,0.00816,0.008033,0.008052,6148376.9,49740.1872576
1785790800000,0.008052,0.008053,0.008004,0.008013,5068069.7,40674.8555047
1785794400000,0.008013,0.008038,0.007935,0.007976,3698085.7,29545.3652392
1785798000000,0.007976,0.008002,0.007966,0.007978,2632496.2,21017.1223727
1785801600000,0.007978,0.008005,0.007927,0.007955,4316860.4,34400.674231
1785805200000,0.007955,0.008104,0.007954,0.008087,6472233.3,51841.5719427
1785808800000,0.008087,0.008126,0.00802,0.00802,5538934.7,44804.1424332
1785812400000,0.00802,0.00805,0.007923,0.007961,13419275.6,106735.0364912
1785816000000,0.007961,0.008032,0.007944,0.007999,3449581.9,27566.6207316
1785819600000,0.007999,0.008013,0.007976,0.007993,1530146.5,12235.6670259
1785823200000,0.007993,0.008004,0.007932,0.00794,2379662.2,18954.4603577
1785826800000,0.00794,0.007997,0.007881,0.00799,7466821.7,59358.3769916
1785830400000,0.00799,0.008012,0.007965,0.007971,3358589.1,26844.7047246
1785834000000,0.007971,0.007978,0.007938,0.007959,2251032.5,17905.8360109
1785837600000,0.007959,0.007959,0.007867,0.007912,5176125.1,40971.1421041
1785841200000,0.007912,0.007972,0.007912,0.007945,2906051.3,23078.9870549
1785844800000,0.007945,0.007968,0.007925,0.007935,2661625.4,21138.7622961
1785848400000,0.007935,0.00794,0.00789,0.0079,6455447.2,51132.0863326
1785852000000,0.0079,0.007908,0.007834,0.007897,5792328.3,45629.1813578
1785855600000,0.007897,0.00796,0.007853,0.007942,11570239.1,91677.129045
1785859200000,0.007942,0.008002,0.007939,0.007968,7137063.6,56894.7849367
1785862800000,0.007968,0.008005,0.007923,0.007931,7897857.7,62863.4810068
1785866400000,0.007931,0.007987,0.007925,0.00796,1485125.5,11827.834207
1785870000000,0.00796,0.007986,0.007952,0.007967,1913018.4,15238.654849
1785873600000,0.007967,0.008016,0.007917,0.007994,3147232.5,25072.7331846
1785877200000,0.007994,0.008007,0.007952,0.007961,2682469.6,21377.2552259
1785880800000,0.007961,0.007983,0.00794,0.007965,2276861.7,18126.2955577
1785884400000,0.007965,0.007984,0.007896,0.007898,4046342.6,32090.3679983
1785888000000,0.007898,0.007903,0.007722,0.007739,17926672.9,139967.4030434
1785891600000,0.007739,0.007834,0.007723,0.007822,6935812.2,54014.9251715
1785895200000,0.007822,0.007848,0.007811,0.007821,6770187.9,52996.6626825
1785898800000,0.007821,0.007869,0.007728,0.007765,15286316.3,119313.6409746
1785902400000,0.007765,0.007885,0.007753,0.007782,18545110.8,144920.3345104
1785906000000,0.007782,0.007868,0.00778,0.00785,6685247.6,52426.8063291
1785909600000,0.00785,0.007902,0.007831,0.00786,10671451.2,83945.668877
1785913200000,0.00786,0.007907,0.00781,0.007855,13206030.2,103834.546482
1785916800000,0.007855,0.007878,0.007831,0.007831,2168151.9,17035.5292473
1785920400000,0.007831,0.007891,0.0078,0.007876,13946429.2,109337.774125
1785924000000,0.007876,0.007948,0.007873,0.007887,5860708.5,46347.1285174
1785927600000,0.007887,0.007938,0.007855,0.007856,4011364.1,31702.4336823
1785931200000,0.007856,0.00795,0.007847,0.007903,3036157.2,23997.4600638
1785934800000,0.007903,0.007913,0.007837,0.007901,5713833.0,45010.2522959
1785938400000,0.007901,0.007971,0.007898,0.00793,9895104.2,78526.6319522
1785942000000,0.00793,0.007959,0.007861,0.007861,6160118.2,48615.0006692
1785945600000,0.007861,0.007975,0.007846,0.00795,3884001.4,30773.8536772
1785949200000,0.00795,0.008005,0.007922,0.007986,3400085.7,27075.3144641
1785952800000,0.007986,0.008,0.007931,0.00794,4851893.6,38646.041525
1785956400000,0.00794,0.007946,0.00789,0.007899,5514887.4,43628.3846105
1785960000000,0.007899,0.00797,0.007883,0.007942,3596229.0,28484.8331716
1785963600000,0.007942,0.007942,0.007875,0.007877,2044609.4,16142.8190897
1785967200000,0.007877,0.007905,0.00786,0.007863,1359546.0,10705.5379349
1785970800000,0.007863,0.007866,0.00783,0.007843,3063062.6,24039.6404689
1785974400000,0.007843,0.007863,0.007829,0.007838,1871127.6,14666.7232702
1785978000000,0.007838,0.007856,0.007786,0.007791,5987049.4,46781.1936935
1785981600000,0.007791,0.007822,0.007751,0.007807,6062824.3,47188.9306666
1785985200000,0.007807,0.007887,0.007798,0.007864,4688506.7,36777.4747172
1785988800000,0.007864,0.007993,0.007848,0.007963,7382583.7,58635.7776513
1785992400000,0.007963,0.007997,0.007939,0.007963,3474998.9,27688.9717523
1785996000000,0.007963,0.008032,0.007948,0.008004,8801687.8,70349.3454896
1785999600000,0.008004,0.008069,0.007988,0.008016,10117598.9,81299.1414668
1786003200000,0.008016,0.008098,0.008011,0.008057,9324984.5,75206.7066892
1786006800000,0.008057,0.008081,0.007892,0.007943,7858137.8,62611.5911373
1786010400000,0.007943,0.007953,0.0079,0.007919,3276851.8,25987.7084306
1786014000000,0.007919,0.008027,0.007909,0.008,5006033.0,39854.5996026
1786017600000,0.008,0.00803,0.00796,0.007986,3339287.1,26705.3821667
1786021200000,0.007986,0.008056,0.007946,0.008001,4795952.6,38330.5004643
1786024800000,0.008001,0.00802,0.007951,0.008001,4517942.7,36050.4277759
1786028400000,0.008001,0.00808,0.00799,0.008038,8236952.5,66213.8029019
1786032000000,0.008038,0.008174,0.008038,0.008122,6788919.9,55193.0505808
1786035600000,0.008122,0.00817,0.008091,0.008102,6793472.0,55282.6950691
1786039200000,0.008102,0.008114,0.007981,0.008003,5419669.0,43636.0878523
1786042800000,0.008003,0.008064,0.008,0.008029,4512172.9,36244.8745635
1786046400000,0.008029,0.008082,0.008016,0.008047,1730291.2,13918.2160943
1786050000000,0.008047,0.008066,0.008002,0.008017,6168836.1,49415.4960972
1786053600000,0.008017,0.008019,0.007955,0.007955,4775843.0,38103.1830443
1786057200000,0.007955,0.007972,0.007936,0.007967,2451414.5,19492.9078199
1786060800000,0.007967,0.00799,0.007912,0.00792,7337470.2,58362.1404793
1786064400000,0.00792,0.007988,0.007901,0.007967,9513766.4,75597.2667498
1786068000000,0.007967,0.008028,0.007965,0.007988,7807033.5,62447.4151286
1786071600000,0.007988,0.008006,0.007851,0.007863,8738056.5,69264.9823647
1786075200000,0.007863,0.007896,0.007855,0.007891,4708745.2,37105.0396755
1786078800000,0.007891,0.007966,0.00788,0.007959,5390486.1,42659.7256207
1786082400000,0.007959,0.007976,0.007909,0.007915,4921991.1,39091.9636048
1786086000000,0.007915,0.007918,0.007861,0.007882,6177006.5,48740.3492894
1786089600000,0.007882,0.007914,0.007857,0.007861,3549470.1,28006.1305716
1786093200000,0.007861,0.007883,0.007846,0.007849,4073963.0,32046.7707068
1786096800000,0.007849,0.007865,0.007821,0.007821,5974302.0,46858.2799682
1786100400000,0.007821,0.007895,0.007802,0.007802,10637621.8,83491.9835743
1786104000000,0.007802,0.007916,0.007792,0.007854,12130551.1,95322.9263085
1786107600000,0.007854,0.007878,0.007807,0.007857,6481207.2,50846.8386806
1786111200000,0.007857,0.00789,0.00776,0.00776,17186137.2,134641.0415155
1786114800000,0.00776,0.007852,0.00776,0.007817,13239707.8,103275.2133373
1786118400000,0.007817,0.00786,0.007794,0.007794,3953770.5,30925.0213811
1786122000000,0.007794,0.007832,0.007778,0.007828,8524272.5,66453.7915689
1786125600000,0.007828,0.007849,0.0078,0.007802,3606944.5,28206.2024479
1786129200000,0.007802,0.007881,0.007793,0.007829,7125851.7,55942.2803077
1786132800000,0.007829,0.007851,0.007828,0.007847,2157974.8,16915.9984498
1786136400000,0.007847,0.007887,0.007811,0.007814,3803173.2,29847.276207
1786140000000,0.007814,0.00784,0.007798,0.007802,3709348.3,29006.095087
1786143600000,0.007802,0.007811,0.007792,0.007806,1297468.9,10119.89974
1786147200000,0.007806,0.007806,0.007776,0.007787,3777291.0,29421.378949
1786150800000,0.007787,0.007821,0.00777,0.007795,1791558.4,13956.1115861
1786154400000,0.007795,0.007858,0.007787,0.007827,2744197.5,21487.5663188
1786158000000,0.007827,0.007875,0.007824,0.007839,3046673.6,23917.6881714
1786161600000,0.007839,0.007877,0.007818,0.007846,6805374.6,53408.3266784
1786165200000,0.007846,0.007865,0.007826,0.007842,3500630.1,27458.0269496
1786168800000,0.007842,0.007859,0.007803,0.007849,3680469.0,28793.4805069
1786172400000,0.007849,0.007876,0.007804,0.007808,2851695.8,22358.3769134
1786176000000,0.007808,0.007858,0.007808,0.007839,4632540.2,36315.7194841
1786179600000,0.007839,0.007861,0.007837,0.007839,3127404.9,24532.5675061
1786183200000,0.007839,0.007895,0.007828,0.007856,8826840.3,69404.0605914
1786186800000,0.007856,0.007899,0.007847,0.007876,8107726.8,63829.3790119
1786190400000,0.007876,0.007931,0.007872,0.0079,9759322.5,77135.7463922
1786194000000,0.0079,0.007902,0.007864,0.007866,2287945.7,18038.1896287
1786197600000,0.007866,0.007971,0.007853,0.0079,9301579.9,73683.2210067
1786201200000,0.0079,0.007939,0.007885,0.007936,4555237.1,36044.3258633
1786204800000,0.007936,0.007964,0.007927,0.007927,4125646.2,32759.593308
1786208400000,0.007927,0.007981,0.007925,0.007962,5711076.4,45444.9792361
1786212000000,0.007962,0.007976,0.00792,0.007968,5694543.9,45254.9791959
1786215600000,0.007968,0.007977,0.007928,0.007952,1964325.8,15617.0330852
1786219200000,0.007952,0.007952,0.007915,0.007923,2475176.4,19615.3598246
1786222800000,0.007923,0.007986,0.007914,0.00797,5722466.9,45461.9559943
1786226400000,0.00797,0.007981,0.007945,0.007949,2716786.6,21626.5142485
1786230000000,0.007949,0.007952,0.007913,0.00795,3613123.2,28671.6530306
1786233600000,0.00795,0.007983,0.007908,0.007915,6299794.1,50041.0735388
1786237200000,0.007915,0.007936,0.00788,0.007888,4989676.8,39399.1603842
1786240800000,0.007888,0.00791,0.007859,0.007867,3973326.5,31318.5174879
1786244400000,0.007867,0.007888,0.007853,0.007859,3679917.0,28975.4541117
1786248000000,0.007859,0.007904,0.007854,0.00787,2302862.8,18137.7123732
1786251600000,0.00787,0.007874,0.00782,0.007874,5846306.8,45854.2031065
1786255200000,0.007874,0.007964,0.007868,0.00792,5768747.5,45712.1134048
1786258800000,0.00792,0.007928,0.007848,0.007859,3825034.1,30141.1473255
1786262400000,0.007859,0.007915,0.007856,0.007867,7193493.2,56703.19286
1786266000000,0.007867,0.007894,0.007856,0.007887,4096022.8,32276.0381249
1786269600000,0.007887,0.007893,0.007851,0.007858,3402417.2,26784.8364689
1786273200000,0.007858,0.007869,0.00785,0.007861,1678548.8,13190.0531772
1786276800000,0.007861,0.007911,0.007853,0.007882,5911653.0,46634.4649133
1786280400000,0.007882,0.00791,0.007868,0.00788,3128075.1,24676.0199411
1786284000000,0.00788,0.007904,0.007867,0.007901,2177206.3,17167.9372446
1786287600000,0.007901,0.007948,0.007897,0.007948,2994634.6,23717.0855058
1786291200000,0.007948,0.008049,0.007936,0.008034,7820386.4,62538.2381177
1786294800000,0.008034,0.008077,0.007992,0.008016,9087997.0,73034.1995344
1786298400000,0.008016,0.008068,0.008007,0.008031,5528341.1,44411.319689
1786302000000,0.008031,0.008163,0.008031,0.008107,20069654.6,162894.1145002
1786305600000,0.008107,0.008163,0.008088,0.008103,9117996.5,74094.0320165
1786309200000,0.008103,0.008164,0.008073,0.008089,6058848.1,49162.7210487
1786312800000,0.008089,0.008165,0.008033,0.008068,11475944.1,92779.8287062
1786316400000,0.008068,0.008068,0.007918,0.007967,12077666.8,96185.8943542
1786320000000,0.007967,0.008066,0.00794,0.008019,2630412.9,21036.0610125
1786323600000,0.008019,0.00811,0.008,0.008059,2997066.7,24127.9707081
1786327200000,0.008059,0.008062,0.007983,0.00803,1065816.9,8545.9141799
1786330800000,0.00803,0.008063,0.007962,0.007982,3996552.5,32047.5425824
1786334400000,0.007982,0.008007,0.007964,0.007987,2221551.7,17742.7740512
1786338000000,0.007987,0.008043,0.007982,0.008024,2064876.1,16554.6945852
1786341600000,0.008024,0.00806,0.007984,0.00806,5191416.5,41633.1124523
1786345200000,0.00806,0.008282,0.008045,0.008081,23197991.7,189853.9661221
1786348800000,0.008081,0.008237,0.008075,0.00821,6820078.8,55618.0886268
1786352400000,0.00821,0.008221,0.00813,0.00815,8587222.5,70181.388213
1786356000000,0.00815,0.008321,0.008135,0.008182,25796811.6,212420.9112128
1786359600000,0.008182,0.008182,0.008103,0.008154,6741584.2,54835.4560007
1786363200000,0.008154,0.008162,0.008018,0.008057,13599877.6,109632.5349491
1786366800000,0.008057,0.008093,0.00798,0.00803,11759354.0,94428.9219541
1786370400000,0.00803,0.008075,0.007978,0.007984,7854509.1,63149.3070551
1786374000000,0.007984,0.008003,0.007873,0.007947,13974037.5,110646.0746866
1786377600000,0.007947,0.007974,0.007905,0.007917,5014257.6,39781.5360298
1786381200000,0.007917,0.007974,0.007883,0.007923,5569219.3,44201.7252322
1786384800000,0.007923,0.007951,0.007907,0.00793,2319123.8,18392.7012014
1786388400000,0.00793,0.00793,0.00788,0.00789,3988042.2,31492.8485583
1786392000000,0.00789,0.007926,0.00787,0.007877,3946487.9,31173.4055436
1786395600000,0.007877,0.007904,0.007781,0.007805,13891302.1,108592.0743727
1786399200000,0.007805,0.007829,0.007772,0.007805,9809177.8,76562.7442067
1786402800000,0.007805,0.007865,0.00778,0.007844,9470676.5,74062.0309832
1786406400000,0.007844,0.007899,0.007827,0.007895,6019291.8,47358.8154659
1786410000000,0.007895,0.0079,0.007863,0.007891,4688116.7,36976.7211739
1786413600000,0.007891,0.007917,0.007865,0.007867,2764606.5,21834.7657943
1786417200000,0.007867,0.007887,0.007864,0.007868,2391467.2,18835.2640339
1786420800000,0.007868,0.007871,0.007823,0.007836,6705900.1,52612.9106223
1786424400000,0.007836,0.007836,0.00779,0.0078,3670730.8,28679.8179243
1786428000000,0.0078,0.007849,0.007774,0.007796,8549295.3,66855.5575106
1786431600000,0.007796,0.0078,0.007707,0.007745,10241103.0,79348.956915
1786435200000,0.007745,0.007803,0.007737,0.007792,5865219.4,45546.6902477
1786438800000,0.007792,0.007815,0.007745,0.00777,7765078.2,60352.7681485
1786442400000,0.00777,0.007787,0.007714,0.007766,4611783.7,35751.271858
1786446000000,0.007766,0.007833,0.00776,0.007786,5194163.3,40478.135778
1786449600000,0.007786,0.007797,0.00774,0.007796,3845038.8,29873.2122318
1786453200000,0.007796,0.00784,0.007786,0.00781,8315170.6,64906.8789018
1786456800000,0.00781,0.007822,0.007729,0.00774,6080520.2,47249.4106204
1786460400000,0.00774,0.007747,0.007524,0.007601,28886611.8,220288.2277913
1786464000000,0.007601,0.007601,0.007312,0.007413,59777872.2,443528.5976974
1786467600000,0.007413,0.007493,0.00738,0.007439,9857160.2,73386.5618814
1786471200000,0.007439,0.007475,0.007402,0.007433,8122900.2,60394.6940056
1786474800000,0.007433,0.007435,0.007386,0.007432,4398479.4,32617.2039075
1786478400000,0.007432,0.007482,0.00743,0.007463,4785569.0,35677.265158
1786482000000,0.007463,0.007488,0.007434,0.007474,3886983.3,29002.3857004
1786485600000,0.007474,0.007482,0.007437,0.007461,4066914.0,30330.7389834
1786489200000,0.007461,0.007462,0.00741,0.007417,6455357.7,47954.204975
1786492800000,0.007417,0.007491,0.007409,0.007469,6468912.4,48188.9862865
1786496400000,0.007469,0.007499,0.007468,0.00747,4917482.0,36786.5937227
1786500000000,0.00747,0.007524,0.007466,0.007512,6396454.2,47927.3898002
1786503600000,0.007512,0.007542,0.007488,0.007494,4381914.5,32938.6516185
1786507200000,0.007494,0.007515,0.007463,0.007481,3910887.1,29310.3921706
1786510800000,0.007481,0.007485,0.00744,0.007445,2905785.5,21685.364457
1786514400000,0.007445,0.007457,0.007381,0.007401,5696654.2,42248.1643912
1786518000000,0.007401,0.007446,0.00739,0.00742,7624498.3,56585.7505805
1786521600000,0.00742,0.007439,0.007257,0.007286,15871887.6,116537.7166935
1786525200000,0.007286,0.00737,0.007275,0.007364,6789743.4,49758.2244192
1786528800000,0.007364,0.007385,0.007318,0.007356,8388731.9,61652.9779898
1786532400000,0.007356,0.007421,0.007356,0.007416,6716939.4,49675.3246456
1786536000000,0.007416,0.007495,0.007415,0.007469,10416332.8,77734.5399957
1786539600000,0.007469,0.007493,0.007418,0.007477,8299048.4,61851.3497309
1786543200000,0.007477,0.007478,0.00736,0.007365,12508125.3,92575.9690104
1786546800000,0.007365,0.007397,0.007344,0.007375,3887437.8,28650.8937341
1786550400000,0.007375,0.007405,0.007343,0.007355,4840785.2,35658.8924398
1786554000000,0.007355,0.007389,0.007344,0.007373,5971749.9,44027.9011735
1786557600000,0.007373,0.007379,0.007322,0.007327,6515731.8,47933.341669
1786561200000,0.007327,0.007327,0.007273,0.007324,6098992.1,44524.9780733
1786564800000,0.007324,0.007406,0.007319,0.007376,5511660.7,40609.988446
1786568400000,0.007376,0.007419,0.007119,0.007195,21786020.1,157483.4704595
1786572000000,0.007195,0.007232,0.007132,0.007215,17607874.4,126859.9660537
1786575600000,0.007215,0.007224,0.007177,0.007215,4708080.8,33892.3911767
1786579200000,0.007215,0.00726,0.007206,0.007209,6941505.0,50215.6045356
1786582800000,0.007209,0.007269,0.007202,0.007229,5033683.2,36420.2388111
1786586400000,0.007229,0.007256,0.007214,0.007254,4735549.2,34263.9210147
1786590000000,0.007254,0.007297,0.00724,0.007276,7726202.7,56133.7554725
1786593600000,0.007276,0.007305,0.007269,0.007302,1825953.7,13314.4896346
1786597200000,0.007302,0.007329,0.007273,0.007289,5402009.1,39446.0814801
1786600800000,0.007289,0.007303,0.007272,0.007301,5210949.2,37975.1200385
1786604400000,0.007301,0.007324,0.007279,0.007281,3570101.6,26064.438498
1786608000000,0.007281,0.007347,0.007281,0.007344,3554922.5,26013.4182114
1786611600000,0.007344,0.007426,0.007335,0.007398,4999418.7,36850.6733887
1786615200000,0.007398,0.007413,0.007327,0.007343,6966131.1,51409.2921057
1786618800000,0.007343,0.007346,0.00731,0.007323,3596506.1,26342.2356488
1786622400000,0.007323,0.007403,0.007317,0.007373,3713030.1,27359.0334047
1786626000000,0.007373,0.007383,0.007351,0.007371,3458842.2,25480.2910643
1786629600000,0.007371,0.007447,0.00737,0.007418,9122535.3,67642.3423436
1786633200000,0.007418,0.007431,0.007303,0.007303,7500253.0,55334.966622
1786636800000,0.007303,0.007303,0.007165,0.007207,12485880.2,90275.7716949
1786640400000,0.007207,0.007252,0.007201,0.007233,2165251.5,15662.9605282
1786644000000,0.007233,0.00728,0.007219,0.007268,11098509.0,80587.9398174
1786647600000,0.007268,0.007327,0.007268,0.007302,6218400.1,45428.8546006
1786651200000,0.007302,0.007318,0.007284,0.007302,2252483.0,16442.8995869
1786654800000,0.007302,0.007332,0.007287,0.007332,1640580.6,11974.2072777
1786658400000,0.007332,0.007356,0.007308,0.00731,2188118.9,16061.5051144
1786662000000,0.00731,0.007319,0.007295,0.007311,2166053.6,15826.6315592
1786665600000,0.007311,0.007357,0.007294,0.007333,11222823.0,82173.1477988
1786669200000,0.007333,0.007334,0.007311,0.007327,1511006.2,11062.9599325
1786672800000,0.007327,0.007344,0.007322,0.007325,1579588.7,11585.3351857
1786676400000,0.007325,0.007325,0.007247,0.00725,9727700.6,70775.409302
1786680000000,0.00725,0.007291,0.007246,0.00727,1658737.3,12060.8130749
1786683600000,0.00727,0.00729,0.007235,0.00729,6042897.8,43940.0858557
1786687200000,0.00729,0.007291,0.007228,0.007247,5227208.5,37929.2968032
1786690800000,0.007247,0.007258,0.007196,0.007201,4068463.3,29388.7220282
1786694400000,0.007201,0.00726,0.007167,0.007251,6921418.3,49984.4240243
1786698000000,0.007251,0.007251,0.007144,0.007144,7289262.8,52381.7574632
1786701600000,0.007144,0.0072,0.007047,0.0072,21416644.4,152849.1260047
1786705200000,0.0072,0.00721,0.007149,0.007149,10776164.7,77419.48669
1786708800000,0.007149,0.00718,0.007134,0.007155,9435030.6,67492.8767266
1786712400000,0.007155,0.00721,0.00713,0.007192,13276093.3,95190.7315687
1786716000000,0.007192,0.007204,0.007155,0.007165,3632484.8,26109.7625776
1786719600000,0.007165,0.007252,0.007147,0.007244,3054204.7,22012.573762
1786723200000,0.007244,0.007312,0.007238,0.007275,7777101.7,56654.3632553
1786726800000,0.007275,0.0073,0.007261,0.00729,2946929.0,21470.1958962
1786730400000,0.00729,0.007306,0.00726,0.007264,3868756.9,28169.3222159
1786734000000,0.007264,0.007309,0.007247,0.007309,7629471.6,55604.3431503
1786737600000,0.007309,0.007322,0.007294,0.007303,3875083.3,28317.6947344
1786741200000,0.007303,0.007398,0.007299,0.007364,3535054.4,26010.8405474
1786744800000,0.007364,0.00744,0.007363,0.007389,6096456.1,45094.9145434
1786748400000,0.007389,0.00755,0.007387,0.007484,36157547.6,269613.8809661
1786752000000,0.007484,0.007544,0.007446,0.007446,8798263.4,65969.8454445
1786755600000,0.007446,0.00748,0.00744,0.007445,5299118.7,39516.5400211
1786759200000,0.007445,0.007491,0.007416,0.007469,13088474.4,97666.037712
1786762800000,0.007469,0.007544,0.00746,0.007514,9358407.4,70220.1133639
1786766400000,0.007514,0.007561,0.00749,0.007507,8142548.6,61334.2684768
1786770000000,0.007507,0.007553,0.007481,0.007481,5820770.3,43770.5257971
1786773600000,0.007481,0.007483,0.007388,0.007415,15691307.4,116620.2669272
1786777200000,0.007415,0.007417,0.007389,0.007398,2486689.5,18405.1971493
1786780800000,0.007398,0.007426,0.007389,0.007408,2569207.7,19025.9065728
1786784400000,0.007408,0.007506,0.0074,0.007484,8838461.6,66038.6368936
1786788000000,0.007484,0.007497,0.007458,0.007476,3018430.3,22573.9232795
1786791600000,0.007476,0.007497,0.007455,0.007471,3971969.3,29698.72626
1786795200000,0.007471,0.007551,0.007471,0.007544,7681439.6,57731.6113723
1786798800000,0.007544,0.007558,0.007508,0.007509,5196123.9,39192.6566295
1786802400000,0.007509,0.007557,0.007476,0.007513,9756849.9,73298.5396706
1786806000000,0.007513,0.007555,0.007511,0.007548,5545300.7,41798.0583959
1786809600000,0.007548,0.00755,0.007481,0.007484,4247228.8,31861.5657509
1786813200000,0.007484,0.007489,0.007414,0.007425,8343650.7,62257.0887387
1786816800000,0.007425,0.007431,0.007409,0.007411,2133515.5,15836.4575461
1786820400000,0.007411,0.007471,0.007404,0.007471,5715682.4,42492.1987376
1786824000000,0.007471,0.007476,0.007446,0.007462,1269695.7,9470.1092597
1786827600000,0.007462,0.007487,0.007462,0.007466,2280097.4,17055.7949925
1786831200000,0.007466,0.00748,0.007453,0.007455,1444804.8,10790.1802956
1786834800000,0.007455,0.007458,0.007408,0.007436,2081710.4,15460.6884559
1786838400000,0.007436,0.007467,0.007412,0.007415,5389697.3,40050.9983112
1786842000000,0.007415,0.007431,0.007397,0.007409,2645516.2,19610.0539222
1786845600000,0.007409,0.007508,0.007407,0.007508,6146566.4,45842.603981
1786849200000,0.007508,0.007588,0.007496,0.007558,10491011.1,79083.284958
1786852800000,0.007558,0.00772,0.007558,0.007688,18718571.1,143161.1615827
1786856400000,0.007688,0.007721,0.007545,0.007587,21128301.6,161105.3118459
1786860000000,0.007587,0.007604,0.007545,0.007562,10167055.9,77001.8945574
1786863600000,0.007562,0.007786,0.007556,0.007653,20028578.1,154287.5639314
1786867200000,0.007653,0.0077,0.007526,0.00756,19853161.7,151192.5111187
1786870800000,0.00756,0.00758,0.007533,0.007562,8404878.1,63496.452024
1786874400000,0.007562,0.007569,0.007526,0.007567,4314106.6,32558.9080788
1786878000000,0.007567,0.007582,0.00752,0.007534,14505642.5,109622.8341429
1786881600000,0.007534,0.007544,0.007512,0.007533,2079188.1,15643.5585482
1786885200000,0.007533,0.007562,0.00753,0.007552,2091317.3,15784.5268379
1786888800000,0.007552,0.007556,0.007516,0.007522,4514978.6,34029.1701991
1786892400000,0.007522,0.007554,0.007519,0.007538,3343820.7,25213.9784098
1786896000000,0.007538,0.007566,0.007525,0.007534,3684063.9,27787.0074764
1786899600000,0.007534,0.007593,0.007527,0.007556,8142302.8,61593.1893723
1786903200000,0.007556,0.007564,0.007533,0.007537,2386737.6,18017.4045168
1786906800000,0.007537,0.007538,0.007514,0.007515,1084943.5,8166.6118929
1786910400000,0.007515,0.007521,0.007463,0.007475,3529347.8,26426.6713128
1786914000000,0.007475,0.007486,0.007359,0.007407,9396680.6,69827.706093
1786917600000,0.007407,0.007499,0.007354,0.007491,10310921.8,76652.1620004
1786921200000,0.007491,0.007522,0.007475,0.007521,3720006.0,27883.1235763
1786924800000,0.007521,0.007525,0.00745,0.007469,4705036.7,35177.8637324
1786928400000,0.007469,0.007569,0.007464,0.0075,7532926.9,56752.3136881
1786932000000,0.0075,0.007544,0.007482,0.007537,6185854.4,46447.02236
1786935600000,0.007537,0.007544,0.007503,0.007519,3223865.8,24246.8880459
1786939200000,0.007519,0.007538,0.007516,0.007528,1440073.0,10840.9017507
1786942800000,0.007528,0.007532,0.0075,0.007505,1860398.3,13984.0891326
1786946400000,0.007505,0.007546,0.007476,0.007534,4945588.6,37105.2913996
1786950000000,0.007534,0.007534,0.007478,0.007512,4504095.1,33772.9699766
1786953600000,0.007512,0.007628,0.007504,0.007619,15111865.9,114401.6320207
1786957200000,0.007619,0.007686,0.007601,0.007649,20229143.3,154615.2433318
1786960800000,0.007649,0.007783,0.007645,0.00775,25256431.2,195059.6679886
1786964400000,0.00775,0.007874,0.007742,0.00783,27952831.3,218503.823122
1786968000000,0.00783,0.00794,0.007742,0.00794,61788614.1,485814.9440607
1786971600000,0.00794,0.008063,0.007923,0.008033,49854104.3,398529.8681179
1786975200000,0.008033,0.008118,0.00786,0.007898,57366648.2,456858.8608917
1786978800000,0.007898,0.007905,0.007744,0.007814,34621013.9,270047.4121654
1786982400000,0.007814,0.007826,0.007686,0.007716,16949720.8,131217.244145
1786986000000,0.007716,0.007777,0.007664,0.007738,16860819.3,130125.2038329
1786989600000,0.007738,0.007748,0.00766,0.007674,9446209.7,72685.5627456
1786993200000,0.007674,0.00769,0.007621,0.007638,10176598.1,77869.2258343
1786996800000,0.007638,0.007657,0.007602,0.007638,6147210.0,46892.9058348
1787000400000,0.007638,0.007643,0.007591,0.007628,4623722.5,35200.0692257
1787004000000,0.007628,0.007644,0.00761,0.00761,4590789.9,35021.9371946
1787007600000,0.00761,0.007658,0.007602,0.007617,4866724.5,37132.4387701
1787011200000,0.007617,0.007628,0.007557,0.007607,8791641.5,66706.6979032
1787014800000,0.007607,0.007675,0.007516,0.007556,17655094.2,134708.6101377
1787018400000,0.007556,0.007603,0.007513,0.007524,7459720.0,56375.6531417
1787022000000,0.007524,0.007621,0.007514,0.007602,8195514.4,62057.2767443
1787025600000,0.007602,0.00761,0.007522,0.007576,8796922.7,66534.6404444
1787029200000,0.007576,0.007577,0.007501,0.00755,3372384.1,25452.6594571
1787032800000,0.00755,0.00764,0.007525,0.007553,5698516.4,43207.5624312
1787036400000,0.007553,0.007564,0.007521,0.007546,8781882.6,66214.4781664
1787040000000,0.007546,0.007589,0.007503,0.007554,9817567.9,74053.253182
1787043600000,0.007554,0.007567,0.007523,0.007539,1741485.8,13136.1206364
1787047200000,0.007539,0.00755,0.007513,0.007534,3116798.0,23475.1512929
1787050800000,0.007534,0.007561,0.007508,0.007508,3190459.2,24041.4627397
1787054400000,0.007508,0.007576,0.007504,0.007569,4985156.1,37617.5005622
1787058000000,0.007569,0.007583,0.007466,0.007485,7188499.2,53981.2592951
1787061600000,0.007485,0.007574,0.007476,0.007536,7176415.0,54153.1154642
1787065200000,0.007536,0.007558,0.007532,0.007546,2718320.2,20506.2451112
1787068800000,0.007546,0.007566,0.00751,0.007514,3813354.3,28750.6423506
1787072400000,0.007514,0.007552,0.007506,0.007516,6013399.3,45274.2413062
1787076000000,0.007516,0.00752,0.007494,0.007495,2522962.4,18937.0817683
1787079600000,0.007495,0.007512,0.007472,0.007472,4205528.4,31493.4968659
1787083200000,0.007472,0.007507,0.007465,0.0075,7643680.8,57197.978707
1787086800000,0.0075,0.007582,0.007496,0.007529,17173555.9,129619.4881096
1787090400000,0.007529,0.00754,0.007504,0.007521,2467546.6,18559.8496587
1787094000000,0.007521,0.00756,0.007521,0.007537,3447477.7,26008.278575
1787097600000,0.007537,0.007546,0.007494,0.007514,7681429.0,57758.8294258
1787101200000,0.007514,0.007603,0.007509,0.007541,7610792.6,57531.4701613
1787104800000,0.007541,0.00755,0.007477,0.007488,4086275.6,30676.3900461
1787108400000,0.007488,0.007518,0.007476,0.007497,2286885.4,17146.766404
1787112000000,0.007497,0.007503,0.007401,0.007411,15689215.7,116688.3903842
1787115600000,0.007411,0.007447,0.007405,0.007416,3715606.4,27567.6750488
1787119200000,0.007416,0.007439,0.0074,0.007422,6748184.3,50039.5520466
1787122800000,0.007422,0.00743,0.00739,0.007397,3812629.2,28264.3389264
1787126400000,0.007397,0.007447,0.007394,0.007406,3423923.6,25399.8524203
1787130000000,0.007406,0.007432,0.007398,0.007407,5832271.5,43221.3720173
1787133600000,0.007407,0.007442,0.007389,0.007436,3530692.3,26164.8163644
1787137200000,0.007436,0.007476,0.007432,0.007463,3526997.3,26315.4113782
1787140800000,0.007463,0.007497,0.007458,0.007478,3836900.0,28692.2828962
1787144400000,0.007478,0.007511,0.007471,0.007493,7429985.9,55685.1757267
1787148000000,0.007493,0.007662,0.007483,0.007635,17227107.5,130426.2031588
1787151600000,0.007635,0.007903,0.007635,0.0078,31730701.4,247228.9329987
1787155200000,0.0078,0.007984,0.007784,0.007951,17742123.5,140063.0746043
1787158800000,0.007951,0.007989,0.007872,0.007887,22361675.8,177291.8500718
1787162400000,0.007887,0.008005,0.007884,0.007974,13422499.0,106691.8755845
1787166000000,0.007974,0.008019,0.00791,0.007999,8206211.7,65378.3057472
1787169600000,0.007999,0.008278,0.007994,0.008272,26640602.2,215801.4674794
1787173200000,0.008272,0.008363,0.008179,0.008314,29204115.7,241694.072288
1787176800000,0.008314,0.008318,0.008207,0.00822,10033186.4,82712.0842827
1787180400000,0.00822,0.00833,0.008177,0.00833,12784970.0,105450.1795402
1787184000000,0.00833,0.008362,0.00826,0.008261,8566397.4,71285.5897755
1787187600000,0.008261,0.00829,0.008225,0.008264,4762546.9,39311.3685043
1787191200000,0.008264,0.008313,0.008257,0.008292,6658017.3,55198.7915694
1787194800000,0.008292,0.008324,0.008216,0.008272,6803675.9,56254.6749043
1787198400000,0.008272,0.008464,0.008259,0.008434,14815268.4,124128.9090907
1787202000000,0.008434,0.008444,0.008312,0.008323,5431652.3,45384.3876569
1787205600000,0.008323,0.008379,0.008311,0.008335,5147524.8,42888.1995183
1787209200000,0.008335,0.008359,0.00825,0.008273,8626019.8,71616.5134303
1787212800000,0.008273,0.008443,0.008262,0.008436,14784773.8,123949.4923885
1787216400000,0.008436,0.008487,0.008355,0.008369,7733157.7,65177.6925744
1787220000000,0.008369,0.008484,0.008368,0.008481,7318052.0,61734.1992794
1787223600000,0.008481,0.008545,0.008414,0.008441,8933240.3,75564.4171313
1787227200000,0.008441,0.008475,0.008388,0.008446,9579958.6,80781.4167436
1787230800000,0.008446,0.008542,0.008392,0.008518,5466633.0,46238.1762196
1787234400000,0.008518,0.00863,0.008509,0.008557,13799262.7,118168.1255786
1787238000000,0.008557,0.008714,0.008548,0.008639,11566840.7,100076.2554479
1787241600000,0.008639,0.008724,0.008584,0.008687,9068847.0,78289.3867213
1787245200000,0.008687,0.008746,0.008684,0.008701,6137558.2,53436.7940925
1787248800000,0.008701,0.008719,0.008582,0.008672,9046670.4,78293.7831588
1787252400000,0.008672,0.008791,0.008656,0.008677,11349945.0,99112.2305021
1787256000000,0.008677,0.008753,0.008665,0.008735,3751808.2,32663.574361
1787259600000,0.008735,0.008843,0.008718,0.008832,9276683.0,81556.6071105
1787263200000,0.008832,0.008862,0.008755,0.008843,8399185.1,73883.2217099
1787266800000,0.008843,0.008884,0.00882,0.008825,4596602.1,40677.6078323
1787270400000,0.008825,0.00894,0.008746,0.008765,7191853.3,63695.8380611
1787274000000,0.008765,0.008824,0.008732,0.008776,5917911.5,51946.815467
1787277600000,0.008776,0.008817,0.008747,0.008796,5396202.4,47424.2709792
1787281200000,0.008796,0.008805,0.00875,0.008764,4114881.6,36135.4054726
1787284800000,0.008764,0.008874,0.008749,0.008855,7444209.6,65622.0716741
1787288400000,0.008855,0.009005,0.008842,0.009003,5694723.3,50718.501148
1787292000000,0.009003,0.009037,0.008948,0.009015,8026346.6,72223.0090063
1787295600000,0.009015,0.009155,0.008995,0.009128,14771597.4,134353.3713399
1787299200000,0.009128,0.009286,0.009035,0.009246,19647248.5,179537.5096517
1787302800000,0.009246,0.009248,0.00896,0.00908,26786863.5,243369.779637
1787306400000,0.00908,0.009434,0.009076,0.00936,42099058.0,390933.3145513
1787310000000,0.00936,0.009482,0.009291,0.009416,15185923.7,142590.2796545
1787313600000,0.009416,0.009449,0.009358,0.009361,14408270.0,135375.75226
1787317200000,0.009361,0.009419,0.009253,0.009374,13990971.9,130686.4238988
1787320800000,0.009374,0.009382,0.009244,0.009326,7717076.1,71862.9609287
1787324400000,0.009326,0.009376,0.009247,0.009265,8373561.2,77824.3784891
1787328000000,0.009265,0.009334,0.0092,0.009296,5818266.4,53984.0278621
1787331600000,0.009296,0.009333,0.009194,0.0093,3620578.8,33559.316151
1787335200000,0.0093,0.009371,0.009183,0.009208,6196211.3,57524.4097709
1787338800000,0.009208,0.009221,0.009102,0.009188,9565202.1,87668.5726738
1787342400000,0.009188,0.009277,0.009151,0.00923,3335143.7,30791.9046992
1787346000000,0.00923,0.009405,0.009223,0.009397,5180757.0,48238.002275
1787349600000,0.009397,0.00949,0.009341,0.009471,8535976.3,80497.6816347
1787353200000,0.009471,0.009496,0.009356,0.009449,5246970.1,49497.8972134
1787356800000,0.009449,0.009649,0.009394,0.009607,12457884.0,119026.6837886
1787360400000,0.009607,0.009672,0.00951,0.009548,5692136.2,54490.950176
1787364000000,0.009548,0.00984,0.009546,0.009827,10152400.2,98788.1500437
1787367600000,0.009827,0.009947,0.009796,0.009873,7963699.6,78489.9048824
1787371200000,0.009873,0.010006,0.009801,0.009977,8826716.2,87235.3333921
1787374800000,0.009977,0.01,0.008607,0.009386,137581133.4,1266109.2812399
1787378400000,0.009386,0.009457,0.009264,0.009387,36978949.5,346765.3089454
1787382000000,0.009387,0.009462,0.009322,0.009408,13269785.4,124894.0056363
1787385600000,0.009408,0.009452,0.009212,0.009356,9070153.5,84425.6166001
1787389200000,0.009356,0.009359,0.009228,0.009272,4268534.3,39613.8855169
1787392800000,0.009272,0.009275,0.009048,0.009197,15166686.6,138917.3290968
1787396400000,0.009197,0.009239,0.009145,0.009168,5547384.9,50965.6284865
1787400000000,0.009168,0.009248,0.009145,0.009156,4381760.9,40263.8103511
1787403600000,0.009156,0.009203,0.009118,0.009153,1582170.2,14489.7239016
1787407200000,0.009153,0.009164,0.009012,0.009064,9773474.9,88986.271865
1787410800000,0.009064,0.009091,0.009006,0.009032,1489117.5,13465.2681718
1787414400000,0.009032,0.00918,0.009012,0.009116,7233740.8,65987.3923086
1787418000000,0.009116,0.009184,0.009105,0.009148,3860549.4,35285.3016232
1787421600000,0.009148,0.009148,0.009053,0.009089,4747819.8,43111.9665306
1787425200000,0.009089,0.009129,0.009067,0.009082,1275524.9,11604.4501985
1787428800000,0.009082,0.009096,0.009012,0.009048,1823231.9,16509.705695
1787432400000,0.009048,0.009048,0.008879,0.008887,4568756.9,40898.6184711
1787436000000,0.008887,0.008976,0.008813,0.008954,5331531.8,47437.6622747
1787439600000,0.008954,0.00899,0.008907,0.008968,2737711.1,24541.8890265
1787443200000,0.008968,0.00904,0.008923,0.009022,2164976.2,19454.7200558
1787446800000,0.009022,0.009022,0.00887,0.008893,3658882.9,32688.586563
1787450400000,0.008893,0.008904,0.008792,0.008804,3543683.1,31363.5728137
1787454000000,0.008804,0.008811,0.008605,0.008628,6943499.9,60343.3430204
1787457600000,0.008628,0.008644,0.00837,0.008478,19810374.6,168968.7805732
1787461200000,0.008478,0.008559,0.008425,0.008492,3535623.6,30080.0555924
1787464800000,0.008492,0.008602,0.008462,0.008585,3022984.6,25740.7857168
1787468400000,0.008585,0.008662,0.008562,0.008644,4312342.4,37134.1237913
1787472000000,0.008644,0.008708,0.008636,0.008691,2243137.1,19471.7169334
1787475600000,0.008691,0.008834,0.008691,0.008812,7991232.9,70102.9286939
1787479200000,0.008812,0.008849,0.008789,0.008799,5327433.3,46959.7092188
1787482800000,0.008799,0.008931,0.008778,0.008926,7915436.4,70328.6753837
1787486400000,0.008926,0.008931,0.008877,0.008903,4011950.2,35732.3976066
1787490000000,0.008903,0.009144,0.008892,0.009142,11544004.5,104538.1705767
1787493600000,0.009142,0.009264,0.008984,0.009142,14601880.4,133116.8924698
1787497200000,0.009142,0.00928,0.0091,0.009204,5592362.5,51432.9550292
1787500800000,0.009204,0.009397,0.009166,0.009348,8269273.3,76955.0291372
1787504400000,0.009348,0.009517,0.009252,0.009372,9473238.3,88918.3819375
1787508000000,0.009372,0.009397,0.009273,0.009384,3677501.9,34344.9047255
1787511600000,0.009384,0.009388,0.009259,0.009271,2997318.7,27956.4368955
1787515200000,0.009271,0.009274,0.009211,0.009227,2572253.0,23756.4644431
1787518800000,0.009227,0.009325,0.009225,0.009272,3308590.8,30710.7159104
1787522400000,0.009272,0.009293,0.009166,0.009212,4578973.2,42120.0436583
1787526000000,0.009212,0.009276,0.009168,0.009208,2570373.4,23685.4942318
1787529600000,0.009208,0.009214,0.009024,0.00913,3084090.3,28090.0977425
1787533200000,0.00913,0.00913,0.008911,0.00892,11293644.2,101871.7891131
1787536800000,0.00892,0.00902,0.008904,0.008976,2092540.6,18757.8072434
1787540400000,0.008976,0.008984,0.008893,0.008907,1462597.4,13048.7165359
1787544000000,0.008907,0.009013,0.008907,0.008986,1468997.0,13189.390111
1787547600000,0.008986,0.009041,0.008933,0.008986,2564891.6,23021.8170347
1787551200000,0.008986,0.009038,0.00895,0.00898,2734265.7,24587.8790246
1787554800000,0.00898,0.009072,0.00895,0.008958,2337952.9,21062.7986637
1787558400000,0.008958,0.009003,0.008933,0.008977,2095769.6,18798.618669
1787562000000,0.008977,0.009114,0.008973,0.00909,2781105.7,25190.0129817
1787565600000,0.00909,0.009163,0.009014,0.009041,4336146.8,39404.6333818
1787569200000,0.009041,0.009148,0.008994,0.00907,6560317.6,59609.8953341
1787572800000,0.00907,0.009167,0.008969,0.009139,6971843.2,62957.9806353
1787576400000,0.009139,0.009187,0.0089,0.008952,11722029.4,105953.4350111
1787580000000,0.008952,0.009092,0.008944,0.009071,5597934.4,50593.8390304
1787583600000,0.009071,0.009156,0.009005,0.009045,4709429.6,42761.5602843
1787587200000,0.009045,0.009128,0.009024,0.00904,5021599.8,45618.7142797
1787590800000,0.00904,0.009045,0.008762,0.008839,24787132.0,218842.9540352
1787594400000,0.008839,0.008918,0.008816,0.008822,6921978.8,61424.1629463
1787598000000,0.008822,0.008889,0.008803,0.008831,5742190.2,50793.8430273
1787601600000,0.008831,0.008912,0.008815,0.008902,1623892.9,14396.8372636
1787605200000,0.008902,0.008922,0.00888,0.008904,1123954.9,10007.8077003
1787608800000,0.008904,0.008912,0.008833,0.00884,2035143.6,18042.7526258
1787612400000,0.00884,0.008892,0.008816,0.008886,5041189.9,44668.2964493
1787616000000,0.008886,0.009057,0.008872,0.009035,4809023.0,42957.511282
1787619600000,0.009035,0.009056,0.008941,0.008948,2623807.8,23567.3425588
1787623200000,0.008948,0.009121,0.008942,0.009028,4901855.1,44376.07952
1787626800000,0.009028,0.009079,0.009008,0.009026,4637855.6,42004.6585773
1787630400000,0.009026,0.009108,0.009016,0.009091,3224846.5,29214.1868815
1787634000000,0.009091,0.009164,0.009057,0.009129,9622367.4,87584.4493988
1787637600000,0.009129,0.009133,0.008982,0.008992,3814949.6,34531.2733022
1787641200000,0.008992,0.00906,0.008848,0.008897,4390998.6,39296.2487192
1787644800000,0.008897,0.009001,0.00889,0.008948,2469738.0,22108.9676411
1787648400000,0.008948,0.008948,0.008815,0.008832,3764531.5,33451.4042067
1787652000000,0.008832,0.008847,0.008779,0.008836,3254084.1,28665.3041509
1787655600000,0.008836,0.008853,0.008798,0.008803,947602.8,8352.0836777
1787659200000,0.008803,0.008863,0.00874,0.008849,4169420.2,36586.4978551
1787662800000,0.008849,0.00886,0.008681,0.008776,5289842.4,46285.5831982
1787666400000,0.008776,0.008928,0.008757,0.008819,12203934.1,107752.2878561
1787670000000,0.008819,0.00884,0.008767,0.008837,1543908.2,13593.7897041
1787673600000,0.008837,0.0089,0.008785,0.008879,3009503.6,26657.2443786
1787677200000,0.008879,0.008954,0.00881,0.008936,4859588.7,43140.0712476
1787680800000,0.008936,0.009121,0.008926,0.008944,11041661.2,99527.3580935
1787684400000,0.008944,0.008945,0.008826,0.008855,3116367.9,27716.8668987
1787688000000,0.008855,0.00887,0.008662,0.008676,8626549.0,75289.8385304
1787691600000,0.008676,0.0087,0.008535,0.008627,12649260.6,108705.8866043
1787695200000,0.008627,0.008729,0.008623,0.008719,2528678.2,21955.6775054
1787698800000,0.008719,0.008768,0.008683,0.008735,3279035.2,28639.8937344
1787702400000,0.008735,0.008819,0.008686,0.008813,2192638.0,19142.7222244
1787706000000,0.008813,0.008859,0.008758,0.008804,2558856.1,22585.6653988
1787709600000,0.008804,0.008891,0.008786,0.008875,1110105.5,9833.0058661
1787713200000,0.008875,0.008898,0.008832,0.008848,1148236.2,10180.6295598
1787716800000,0.008848,0.008886,0.008788,0.008797,2854369.6,25222.2702793
1787720400000,0.008797,0.008848,0.008721,0.00884,2553817.5,22378.9507422
1787724000000,0.00884,0.00885,0.00876,0.008782,1380705.1,12164.2696974
1787727600000,0.008782,0.008787,0.008706,0.00872,2213665.4,19326.448917
1787731200000,0.00872,0.008776,0.008698,0.008711,2846033.8,24847.3960646
1787734800000,0.008711,0.008739,0.008602,0.008658,2336384.1,20230.1505546
1787738400000,0.008658,0.00876,0.00862,0.008753,1475812.0,12817.7018946
1787742000000,0.008753,0.008776,0.008676,0.008725,2211226.0,19297.6065979
1787745600000,0.008725,0.008791,0.008638,0.008737,4909584.5,42717.1232417
1787749200000,0.008737,0.008747,0.008618,0.008665,4315521.2,37362.8840475
1787752800000,0.008665,0.00874,0.008564,0.008567,2471776.8,21355.69739
1787756400000,0.008567,0.008605,0.008493,0.008571,4192987.6,35792.1649315
1787760000000,0.008571,0.008597,0.008498,0.008536,1440491.3,12307.0770675
1787763600000,0.008536,0.008654,0.008532,0.008588,3450051.6,29663.3345812
1787767200000,0.008588,0.008666,0.00858,0.008605,4675252.5,40295.8697072
1787770800000,0.008605,0.008617,0.008563,0.008571,1461897.6,12552.243954
1787774400000,0.008571,0.008575,0.008476,0.008519,3101469.3,26405.4633606
1787778000000,0.008519,0.00868,0.008519,0.008638,4878290.2,42110.9052719
1787781600000,0.008638,0.008716,0.008615,0.008626,2299480.9,19902.794227
1787785200000,0.008626,0.008711,0.008612,0.008695,1464331.4,12700.4520653
1787788800000,0.008695,0.00871,0.008593,0.008593,3400361.7,29383.8865903
1787792400000,0.008593,0.008693,0.008573,0.008581,4958909.6,42831.7625979
1787796000000,0.008581,0.008606,0.008534,0.008557,4023437.1,34450.4539181
1787799600000,0.008557,0.008623,0.00854,0.008574,886036.8,7602.8480292
1787803200000,0.008574,0.008594,0.008512,0.008526,2098766.7,17940.3703172
1787806800000,0.008526,0.00853,0.008428,0.00852,3497302.9,29616.5870147
1787810400000,0.00852,0.008555,0.008468,0.008553,1056933.4,8999.7640444
1787814000000,0.008553,0.008587,0.008534,0.008569,1177042.7,10075.014901
1787817600000,0.008569,0.008731,0.008565,0.00871,3869893.6,33594.0544754
1787821200000,0.00871,0.008786,0.00866,0.008663,6032947.6,52630.9645256
1787824800000,0.008663,0.008705,0.008545,0.008597,3273300.1,28180.5785595
1787828400000,0.008597,0.008643,0.008547,0.00858,1145669.4,9838.149761
1787832000000,0.00858,0.008662,0.00857,0.008627,4989542.5,42934.6221868
1787835600000,0.008627,0.00867,0.008584,0.008653,1952229.6,16837.6049598
1787839200000,0.008653,0.008807,0.008638,0.008744,5442306.8,47621.2965649
1787842800000,0.008744,0.008806,0.008701,0.008707,5599411.3,48898.6299103
1787846400000,0.008707,0.008788,0.008692,0.008749,5344001.9,46742.0690621
1787850000000,0.008749,0.008795,0.00872,0.00872,2561313.3,22440.5978005
1787853600000,0.00872,0.008736,0.008619,0.008708,2103457.5,18248.9742587
1787857200000,0.008708,0.008712,0.008618,0.008653,3515741.5,30434.7237499
1787860800000,0.008653,0.008692,0.008612,0.008681,2394920.6,20743.6763637
1787864400000,0.008681,0.008721,0.008664,0.008699,984766.3,8556.8388068
1787868000000,0.008699,0.008755,0.008699,0.00872,1206972.9,10523.0729975
1787871600000,0.00872,0.00872,0.008661,0.008665,701602.2,6094.7915054
1787875200000,0.008665,0.008757,0.00864,0.008739,1276965.5,11109.0569947
1787878800000,0.008739,0.008808,0.008656,0.008663,2275862.5,19885.8852697
1787882400000,0.008663,0.008701,0.008472,0.008494,6689765.9,57198.11078
1787886000000,0.008494,0.00856,0.008467,0.008525,1771678.0,15085.6770457
1787889600000,0.008525,0.008528,0.008436,0.008497,6534883.4,55414.8615606
1787893200000,0.008497,0.008497,0.00842,0.008468,1598809.5,13516.9070883
1787896800000,0.008468,0.008509,0.008458,0.008462,3974246.5,33674.4025519
1787900400000,0.008462,0.008463,0.008381,0.008407,2868104.5,24141.3233132
1787904000000,0.008407,0.008461,0.008383,0.008433,4016180.9,33816.5926819
1787907600000,0.008433,0.008488,0.008402,0.008412,1285578.2,10865.749537
1787911200000,0.008412,0.008469,0.008349,0.008465,3088117.4,25890.4868103
1787914800000,0.008465,0.008512,0.008388,0.008394,1412672.0,11933.7652802
1787918400000,0.008394,0.008409,0.008315,0.008353,4129992.2,34496.7037259
1787922000000,0.008353,0.008393,0.008317,0.008364,5087959.2,42455.5187223
1787925600000,0.008364,0.008466,0.008224,0.008456,17103986.6,142302.0738257
1787929200000,0.008456,0.008486,0.008284,0.008284,3873091.3,32468.2232773
1787932800000,0.008284,0.008286,0.008055,0.0082,23181973.1,189270.1201161
1787936400000,0.0082,0.008234,0.008156,0.008174,2153428.3,17660.5603995
1787940000000,0.008174,0.008187,0.008023,0.008046,10085640.7,81481.2777276
1787943600000,0.008046,0.008117,0.008014,0.008076,7390875.6,59592.2541758
1787947200000,0.008076,0.00812,0.008062,0.00809,3319272.3,26863.5680646
1787950800000,0.00809,0.008149,0.008074,0.008102,3089597.4,25041.7684436
1787954400000,0.008102,0.008162,0.008094,0.008144,1905114.7,15485.7106541
1787958000000,0.008144,0.008169,0.008129,0.008164,1018941.5,8305.552749
1787961600000,0.008164,0.008188,0.008126,0.008133,1051009.3,8573.1865432
1787965200000,0.008133,0.008189,0.008128,0.008186,2023104.4,16510.6112541
1787968800000,0.008186,0.008204,0.008138,0.008187,3144527.2,25715.9610275
1787972400000,0.008187,0.008203,0.008104,0.008104,939504.5,7673.3154589
1787976000000,0.008104,0.008173,0.008104,0.008173,1360670.2,11065.3005833
1787979600000,0.008173,0.008264,0.008167,0.008206,2694574.5,22153.1739835
1787983200000,0.008206,0.008208,0.00807,0.008084,6019117.3,48832.5065073
1787986800000,0.008084,0.008104,0.008048,0.008062,2747783.2,22177.7487733
1787990400000,0.008062,0.008065,0.007976,0.008008,4942123.7,39581.1989365
1787994000000,0.008008,0.008032,0.007989,0.008002,2706776.8,21674.8340224
1787997600000,0.008002,0.008026,0.007982,0.007982,1157945.5,9267.0409191
1788001200000,0.007982,0.008014,0.007965,0.007971,1633198.2,13040.6497657
1788004800000,0.007971,0.008125,0.00797,0.008062,9967404.6,80198.1173265
1788008400000,0.008062,0.00812,0.008034,0.008093,1607836.8,12978.3171941
1788012000000,0.008093,0.008262,0.008093,0.008204,14410280.6,118324.3338952
1788015600000,0.008204,0.008401,0.008176,0.008357,17785388.5,147605.3140159
1788019200000,0.008357,0.008387,0.008283,0.008293,5133992.3,42743.3633954
1788022800000,0.008293,0.008311,0.008226,0.008282,2742087.0,22648.9240081
1788026400000,0.008282,0.008284,0.008231,0.008247,2028385.4,16737.5678643
1788030000000,0.008247,0.008296,0.008245,0.008268,945678.7,7815.6413752
1788033600000,0.008268,0.008275,0.008219,0.00822,1299944.2,10722.9501499
1788037200000,0.00822,0.008258,0.008211,0.008214,1107198.7,9122.5322514
1788040800000,0.008214,0.008232,0.008188,0.008192,1091928.1,8964.9189684
1788044400000,0.008192,0.008206,0.008182,0.008197,1037931.9,8506.9850825
1788048000000,0.008197,0.008419,0.008124,0.008379,14003574.5,115772.9544287
1788051600000,0.008379,0.008545,0.008328,0.008407,56818726.2,478381.1569704
1788055200000,0.008407,0.008478,0.008376,0.008428,3606012.6,30360.7285227
1788058800000,0.008428,0.008687,0.008397,0.008613,15872595.3,135499.4546119
1788062400000,0.008613,0.008728,0.0085,0.008527,27899556.4,240510.080767
1788066000000,0.008527,0.00862,0.008485,0.00854,9284255.3,79514.0359628
1788069600000,0.00854,0.008731,0.00854,0.008617,6794645.3,58564.8097837
1788073200000,0.008617,0.008785,0.008591,0.008755,20201622.3,175464.4959656
1788076800000,0.008755,0.008935,0.008742,0.008916,59824873.3,529258.2356384
1788080400000,0.008916,0.009503,0.00882,0.009436,120326427.1,1104308.645453
1788084000000,0.009436,0.009789,0.009295,0.009553,132116753.0,1258141.2734796
1788087600000,0.009553,0.00959,0.009232,0.009244,75185396.6,705959.6043731
1788091200000,0.009244,0.009264,0.00899,0.009089,77019497.4,701595.7988057
1788094800000,0.009089,0.009216,0.009043,0.009079,39996929.7,364925.8101869
1788098400000,0.009079,0.009414,0.009049,0.009369,42973820.1,396353.5748965
1788102000000,0.009369,0.009501,0.009142,0.009166,38672429.7,362023.5812465
1788105600000,0.009166,0.009411,0.009163,0.009331,23959233.0,223177.193857
1788109200000,0.009331,0.009464,0.009285,0.009324,12935494.2,121373.0081927
1788112800000,0.009324,0.009432,0.009251,0.009381,12591087.1,117769.0832991
1788116400000,0.009381,0.009709,0.009353,0.009556,40217718.3,383860.9579962
1788120000000,0.009556,0.009595,0.009213,0.009224,37920161.7,356271.9902702
1788123600000,0.009224,0.00952,0.009098,0.009454,28676254.0,267770.8456139
1788127200000,0.009454,0.009573,0.00928,0.00935,21231705.8,200902.7384575
1788130800000,0.00935,0.009498,0.008883,0.009064,56289045.5,514282.5753835
1788134400000,0.009064,0.009303,0.009012,0.00928,39333539.2,360337.8632543
1788138000000,0.00928,0.009294,0.009002,0.009155,21218179.4,194440.1691737
1788141600000,0.009155,0.009308,0.008965,0.00929,19317898.3,175936.4061913
1788145200000,0.00929,0.009539,0.009271,0.009311,23758142.7,223699.5526525
1788148800000,0.009311,0.010553,0.009308,0.010494,164966835.1,1662270.3297726
1788152400000,0.010494,0.010574,0.009424,0.009507,151335664.9,1512510.7954601
1788156000000,0.009507,0.009596,0.009252,0.009418,69209468.6,651765.5532857
1788159600000,0.009418,0.009532,0.009325,0.009386,58087538.7,548167.7277497
1788163200000,0.009386,0.00942,0.009121,0.009177,37905119.6,352468.2209933
1788166800000,0.009177,0.00925,0.009002,0.009155,25613336.7,233684.6852669
1788170400000,0.009155,0.009183,0.009041,0.009136,20010311.8,182634.4733222
1788174000000,0.009136,0.009139,0.008919,0.008986,24259850.6,218666.1086903
1788177600000,0.008986,0.009066,0.008858,0.008889,54380083.4,485477.4719378
1788181200000,0.008889,0.008948,0.008862,0.00888,8605862.5,76674.8247043
1788184800000,0.00888,0.008991,0.00888,0.00899,7970577.4,71216.4956989
1788188400000,0.00899,0.008992,0.008821,0.008855,8623746.4,76476.5247955
1788192000000,0.008855,0.008969,0.00881,0.008957,11955554.1,106264.9530085
1788195600000,0.008957,0.009028,0.008885,0.009015,7965279.5,71515.8584651
1788199200000,0.009015,0.009051,0.008971,0.00904,4989145.9,44945.1416182
1788202800000,0.00904,0.009091,0.008891,0.008908,6473363.5,57976.5363909
1788206400000,0.008908,0.00899,0.008894,0.008916,6519022.8,58265.316642
1788210000000,0.008916,0.008921,0.008846,0.008914,9331860.3,82891.3271345
1788213600000,0.008914,0.008915,0.00871,0.008752,23321379.8,204694.9487115
1788217200000,0.008752,0.008801,0.008669,0.008792,17934738.1,156909.8589263
1788220800000,0.008792,0.009061,0.00879,0.008854,31696406.6,282120.3723486
1788224400000,0.008854,0.008919,0.008802,0.008863,9400965.0,83228.1205935
1788228000000,0.008863,0.008945,0.008797,0.008935,11022018.9,97742.9825424
1788231600000,0.008935,0.009059,0.008906,0.009046,11590654.2,104123.2469141
1788235200000,0.009046,0.009116,0.008972,0.009097,8846207.2,80028.4092896
1788238800000,0.009097,0.009312,0.009017,0.009244,25528492.0,235237.4968068
1788242400000,0.009244,0.009405,0.009235,0.00934,43296131.4,402702.1396713
1788246000000,0.00934,0.009421,0.009272,0.009331,17943936.3,167784.6757405
1788249600000,0.009331,0.009448,0.009133,0.009283,27123242.3,251486.7699794
1788253200000,0.009283,0.009363,0.009146,0.009298,15503342.7,143375.5256697
1788256800000,0.009298,0.009464,0.009204,0.009296,19653362.6,183855.7326226
1788260400000,0.009296,0.009379,0.00917,0.009177,12423329.6,115068.2302757
1788264000000,0.009177,0.009417,0.00914,0.009269,14656357.2,136474.3856306
1788267600000,0.009269,0.009409,0.009249,0.009299,16425488.5,153112.5587807
1788271200000,0.009299,0.009429,0.009249,0.009252,18574344.4,173179.5435768
1788274800000,0.009252,0.00926,0.009053,0.009098,14975107.1,136823.2064271
1788278400000,0.009098,0.00914,0.008985,0.009006,16920542.1,153359.3310658
1788282000000,0.009006,0.00908,0.008942,0.008989,8875699.7,79947.6782342
1788285600000,0.008989,0.009007,0.008725,0.008882,21379658.7,189207.963748
1788289200000,0.008882,0.009013,0.008881,0.008985,5167235.3,46274.2769532
1788292800000,0.008985,0.009001,0.008911,0.008953,4881589.6,43723.6536176
1788296400000,0.008953,0.008982,0.008814,0.008867,10727031.5,95207.7786763
1788300000000,0.008867,0.008896,0.00882,0.008842,3910908.5,34588.7629431
1788303600000,0.008842,0.008997,0.008839,0.008981,12639187.6,112829.7996998
1788307200000,0.008981,0.009087,0.00887,0.008879,12586357.5,112775.1321395
1788310800000,0.008879,0.008909,0.00849,0.008627,33599257.3,291986.8713615
1788314400000,0.008627,0.008768,0.008595,0.008752,7099841.7,61855.6958311
1788318000000,0.008752,0.008837,0.008743,0.0088,6419782.1,56429.5009665
1788321600000,0.0088,0.008832,0.008738,0.008827,5336035.4,46916.6994547
1788325200000,0.008827,0.00889,0.008764,0.008853,4252218.3,37496.7637391
1788328800000,0.008853,0.008886,0.0088,0.008835,3410459.7,30158.1839708
1788332400000,0.008835,0.008926,0.008831,0.00887,3794160.8,33722.8123882
1788336000000,0.00887,0.008982,0.008767,0.008806,7428512.6,65892.5053183
1788339600000,0.008806,0.008832,0.008735,0.008773,6880182.9,60452.9167322
1788343200000,0.008773,0.008816,0.008687,0.008797,6287694.2,55021.6613054
1788346800000,0.008797,0.008798,0.008717,0.008781,3118651.0,27314.8063963
1788350400000,0.008781,0.008859,0.008747,0.008749,6010078.5,52996.5180314
1788354000000,0.008749,0.008962,0.008747,0.008894,16362907.7,145174.1085491
1788357600000,0.008894,0.009067,0.008894,0.008987,22350186.1,201021.5508265
1788361200000,0.008987,0.009053,0.008882,0.008911,6567880.7,58736.2364261
1788364800000,0.008911,0.008991,0.008859,0.00887,6847514.5,61046.9224981
1788368400000,0.00887,0.008895,0.008806,0.008877,3208437.7,28368.8429481
1788372000000,0.008877,0.008889,0.008846,0.008847,3271931.5,29014.8888034
1788375600000,0.008847,0.008876,0.00878,0.00885,3417358.8,30151.4468116
1788379200000,0.00885,0.008918,0.008813,0.008899,4177381.3,37039.7695591
1788382800000,0.008899,0.008925,0.008864,0.008864,2224046.9,19794.7675833
1788386400000,0.008864,0.008864,0.008786,0.008789,3427682.1,30183.0645926
1788390000000,0.008789,0.008877,0.008787,0.00887,3072084.8,27135.5151064
1788393600000,0.00887,0.009013,0.008867,0.009001,4042262.0,36112.7378931
1788397200000,0.009001,0.00912,0.008962,0.009015,11673998.9,105541.8389873
1788400800000,0.009015,0.009035,0.008938,0.008961,5421884.4,48691.2465013
1788404400000,0.008961,0.008966,0.008875,0.008966,4892527.2,43669.0299104
1788408000000,0.008966,0.009002,0.008907,0.009,4415473.7,39522.9188715
1788411600000,0.009,0.009041,0.00887,0.008951,7348515.4,65612.4416241
1788415200000,0.008951,0.009003,0.008938,0.008999,2103348.9,18864.2685427
1788418800000,0.008999,0.00908,0.008993,0.009056,4850054.4,43885.6392483
1788422400000,0.009056,0.009133,0.008984,0.009009,7077027.3,63970.9336661
1788426000000,0.009009,0.009085,0.008956,0.008962,3303565.9,29790.5030064
1788429600000,0.008962,0.009074,0.008953,0.009065,2205500.0,19883.4800041
1788433200000,0.009065,0.009067,0.008989,0.008996,3386170.5,30551.1533971
1788436800000,0.008996,0.009099,0.008946,0.009081,5229404.9,47221.8553691
1788440400000,0.009081,0.009081,0.008965,0.009012,11417140.6,103014.8348873
1788444000000,0.009012,0.009298,0.008999,0.009268,28733226.6,264323.2946535
1788447600000,0.009268,0.009436,0.009215,0.009396,12049964.8,112068.9199833
1788451200000,0.009396,0.009485,0.009294,0.009408,8690331.0,81473.6804975
1788454800000,0.009408,0.009517,0.009398,0.009506,7537658.7,71326.6968401
1788458400000,0.009506,0.009605,0.009506,0.009595,9233076.0,88185.8987937
1788462000000,0.009595,0.009672,0.009526,0.009566,15463230.1,148604.1369349
1788465600000,0.009566,0.009606,0.009473,0.009495,7074507.9,67392.7818743
1788469200000,0.009495,0.009546,0.009447,0.009453,4709591.6,44719.0042644
1788472800000,0.009453,0.009517,0.00941,0.009471,4593895.2,43499.0430775
1788476400000,0.009471,0.009505,0.009455,0.009482,2214758.5,21009.117257
1788480000000,0.009482,0.009645,0.009454,0.009491,5978629.8,57192.5488828
1788483600000,0.009491,0.00952,0.009358,0.009438,5797895.5,54585.8106775
1788487200000,0.009438,0.009439,0.009358,0.009411,4161141.2,39078.6104786
1788490800000,0.009411,0.009437,0.009336,0.009367,3161701.5,29659.0324717
1788494400000,0.009367,0.009421,0.009328,0.009335,3770269.3,35330.1409526
1788498000000,0.009335,0.009355,0.009231,0.00927,5556461.9,51552.0984918
1788501600000,0.00927,0.009434,0.009265,0.009427,3897870.5,36375.2333486
1788505200000,0.009427,0.009449,0.009365,0.009412,3115135.0,29282.3729579
1788508800000,0.009412,0.009545,0.009392,0.009527,6176299.0,58568.377683
1788512400000,0.009527,0.009708,0.009512,0.009657,13909593.2,134101.175495
1788516000000,0.009657,0.009694,0.009586,0.009597,4861324.2,46885.9421788
1788519600000,0.009597,0.009661,0.00958,0.009598,2533423.0,24359.8918415
1788523200000,0.009598,0.009606,0.009066,0.009271,29233257.4,271857.0105426
1788526800000,0.009271,0.009398,0.009233,0.009342,7798927.8,72650.4106835
1788530400000,0.009342,0.009383,0.009285,0.009295,9458423.2,88316.224955
1788534000000,0.009295,0.00947,0.009245,0.009428,7825899.7,73418.7129377
1788537600000,0.009428,0.009588,0.00942,0.009579,5322057.8,50595.9163563
1788541200000,0.009579,0.009654,0.009475,0.009496,12107923.5,115983.3299076
1788544800000,0.009496,0.009506,0.009445,0.009464,4554588.5,43150.461829
1788548400000,0.009464,0.009478,0.009431,0.009446,2112702.5,19972.6103068
1788552000000,0.009446,0.009456,0.009354,0.009355,5584390.5,52457.6681219
1788555600000,0.009355,0.009365,0.009334,0.009344,3414352.2,31926.2910129
1788559200000,0.009344,0.009376,0.009328,0.009368,2122303.5,19846.8890169
1788562800000,0.009368,0.00946,0.009361,0.00942,2917261.2,27496.2898658
1788566400000,0.00942,0.010008,0.009391,0.009947,66620775.8,646805.7544027
1788570000000,0.009947,0.010091,0.009886,0.010038,22200304.7,221492.2877208
1788573600000,0.010038,0.010256,0.010021,0.010141,37517781.7,379652.0126194
1788577200000,0.010141,0.010141,0.009907,0.009925,21563372.7,216528.4510278
1788580800000,0.009925,0.010277,0.009924,0.010217,14344815.8,145487.2717322
1788584400000,0.010217,0.010442,0.010162,0.010396,51079268.5,526945.2833044
1788588000000,0.010396,0.010631,0.010349,0.010424,34194413.5,358682.0787948
1788591600000,0.010424,0.010628,0.010216,0.010226,39820748.2,414094.002983
1788595200000,0.010226,0.010313,0.009945,0.010081,41624300.7,421139.8128518
1788598800000,0.010081,0.010104,0.010004,0.010014,19238196.2,193260.215701
1788602400000,0.010014,0.010081,0.009955,0.009971,10124867.2,101464.5331463
1788606000000,0.009971,0.010017,0.009911,0.00996,11714777.8,116585.8650471
1788609600000,0.00996,0.009999,0.009861,0.009906,11796077.9,116963.2490175
1788613200000,0.009906,0.009947,0.009817,0.009832,10496159.1,103784.2599908
1788616800000,0.009832,0.00989,0.009806,0.009843,4456369.9,43896.5037867
1788620400000,0.009843,0.009942,0.009842,0.009858,12206121.8,120873.1041679
1788624000000,0.009858,0.00994,0.009847,0.009918,5146069.2,50895.5180916
1788627600000,0.009918,0.009969,0.009905,0.009934,10706889.2,106441.1651785
1788631200000,0.009934,0.009963,0.009897,0.009936,5026827.6,49903.6828771
1788634800000,0.009936,0.010126,0.009924,0.010059,23817816.4,239324.5585399
1788638400000,0.010059,0.010229,0.010031,0.010156,14238886.8,144266.9410788
1788642000000,0.010156,0.010277,0.010123,0.01026,13346438.9,136076.7464561
1788645600000,0.01026,0.010279,0.010112,0.010167,16763748.8,170716.5069995
1788649200000,0.010167,0.01019,0.010105,0.010173,6105282.0,61940.3416696
1788652800000,0.010173,0.010245,0.010076,0.010243,11452396.2,116138.0994651
1788656400000,0.010243,0.010342,0.01021,0.010314,18690205.0,191956.442024
1788660000000,0.010314,0.010344,0.010104,0.010132,10261104.8,104993.923878
1788663600000,0.010132,0.0102,0.010093,0.010147,6486342.2,65806.2406189
1788667200000,0.010147,0.010188,0.009996,0.010095,16948095.2,170559.447388
1788670800000,0.010095,0.010395,0.010035,0.010389,15849922.8,161583.2189415
1788674400000,0.010389,0.010391,0.010253,0.010311,10825537.4,111634.6849409
1788678000000,0.010311,0.010392,0.010174,0.010281,13443248.5,138336.353462
1788681600000,0.010281,0.01044,0.010206,0.010408,9087468.8,93719.8351422
1788685200000,0.010408,0.010832,0.010401,0.010831,57485207.7,611064.6896643
1788688800000,0.010831,0.011278,0.010796,0.01121,39079336.1,431706.2475328
1788692400000,0.01121,0.011422,0.01085,0.01091,46104187.1,509031.3432251
1788696000000,0.01091,0.011098,0.010695,0.010721,26237833.7,286597.3356348
1788699600000,0.010721,0.011004,0.010716,0.010897,17686945.6,192106.6081207
1788703200000,0.010897,0.01099,0.010718,0.010967,16768046.5,181666.5440468
1788706800000,0.010967,0.011251,0.010836,0.011183,21899158.4,242088.0513748
1788710400000,0.011183,0.011451,0.01103,0.011048,37082911.1,418583.9764537
1788714000000,0.011048,0.011137,0.011016,0.01104,12525646.3,138669.5487975
1788717600000,0.01104,0.011085,0.010876,0.010905,9696786.7,106269.3654283
1788721200000,0.010905,0.010971,0.010844,0.010965,5661477.1,61760.945635
1788724800000,0.010965,0.011065,0.010908,0.011014,6269138.3,68913.1619818
1788728400000,0.011014,0.011122,0.010929,0.011031,8062865.0,89111.6324571
1788732000000,0.011031,0.01105,0.010864,0.011011,7758023.0,85075.0101398
1788735600000,0.011011,0.01131,0.010995,0.011226,11182721.8,124722.4921924
1788739200000,0.011226,0.011345,0.01106,0.011079,15654318.8,175088.9806493
1788742800000,0.011079,0.011089,0.010883,0.010924,4189361.6,45950.5014012
1788746400000,0.010924,0.010978,0.01072,0.010954,31120677.6,337265.3140529
1788750000000,0.010954,0.011113,0.010883,0.010886,12269292.0,134829.8630459
1788753600000,0.010886,0.01105,0.010881,0.010985,10972315.1,120267.4800321
1788757200000,0.010985,0.011056,0.010881,0.010984,8702012.0,95511.3334576
1788760800000,0.010984,0.011096,0.010953,0.011069,14401997.1,158878.8942801
1788764400000,0.011069,0.011079,0.010766,0.010834,14112558.4,153716.0115128
1788768000000,0.010834,0.011034,0.01082,0.010905,7694557.4,84094.0383184
1788771600000,0.010905,0.011057,0.010864,0.010875,4326002.7,47391.5578711
1788775200000,0.010875,0.011048,0.010868,0.010943,3381703.2,37027.4792706
1788778800000,0.010943,0.011022,0.010863,0.010925,14635753.3,160419.7476529
1788782400000,0.010925,0.011024,0.010877,0.010929,6205659.0,67939.6185877
1788786000000,0.010929,0.010957,0.010837,0.010843,7657842.5,83428.5053812
1788789600000,0.010843,0.010852,0.010639,0.010724,44599004.6,478193.4463253
1788793200000,0.010724,0.010752,0.010463,0.010501,28494234.3,301460.5899302
1788796800000,0.010501,0.010671,0.010495,0.010649,11024317.0,116477.0109735
1788800400000,0.010649,0.01068,0.010533,0.01057,13470038.3,142786.7950053
1788804000000,0.01057,0.010625,0.01051,0.010536,4284865.4,45213.4787691
1788807600000,0.010536,0.010568,0.010503,0.010557,2842411.2,29967.6441828
1788811200000,0.010557,0.010567,0.010474,0.010515,3913667.9,41161.5706194
1788814800000,0.010515,0.01055,0.010448,0.010518,5790020.2,60830.5551081
1788818400000,0.010518,0.010525,0.010401,0.010458,4591547.3,48065.2157417
1788822000000,0.010458,0.01056,0.010458,0.010504,3131542.9,32900.5676864
1788825600000,0.010504,0.010588,0.010478,0.010585,4319291.2,45528.2888703
1788829200000,0.010585,0.010667,0.010561,0.010617,5774819.3,61244.6626641
1788832800000,0.010617,0.010697,0.010445,0.010463,3394902.3,35869.070809
1788836400000,0.010463,0.010517,0.01041,0.010462,2592555.8,27140.080982
1788840000000,0.010462,0.01055,0.010416,0.010488,4114703.9,43033.6743087
1788843600000,0.010488,0.01056,0.010464,0.010472,3870878.9,40718.2996666
1788847200000,0.010472,0.010505,0.01033,0.01041,9059532.7,94093.6490583
1788850800000,0.01041,0.01044,0.010362,0.010424,2209890.7,22987.0254754
1788854400000,0.010424,0.01047,0.010253,0.010399,11181439.8,115776.1318646
1788858000000,0.010399,0.01057,0.01038,0.010539,6894554.4,72223.9147848
1788861600000,0.010539,0.010548,0.010401,0.010408,6963083.8,72888.902287
1788865200000,0.010408,0.01042,0.010213,0.010263,6102416.2,62829.6245033
1788868800000,0.010263,0.010367,0.010147,0.010279,16934410.5,173632.891935
1788872400000,0.010279,0.010352,0.010158,0.010327,10301006.6,105692.7222492
1788876000000,0.010327,0.010558,0.01031,0.010513,5540763.2,58052.1531314
1788879600000,0.010513,0.010632,0.010506,0.010617,6753768.1,71434.5913536
1788883200000,0.010617,0.010741,0.010575,0.01074,8173208.0,87074.5404088
1788886800000,0.01074,0.010753,0.01056,0.01056,3613011.7,38467.2989871
1788890400000,0.01056,0.010633,0.010405,0.010442,9932150.4,104948.5602898
1788894000000,0.010442,0.010457,0.010372,0.010401,6840361.1,71245.8165451
1788897600000,0.010401,0.010484,0.010325,0.010339,3862636.3,40196.4451785
1788901200000,0.010339,0.010382,0.010295,0.010337,1962981.5,20299.3288112
1788904800000,0.010337,0.010401,0.010248,0.010299,6750151.4,69600.2017737
1788908400000,0.010299,0.010328,0.01027,0.010312,2538674.3,26140.7896875
1788912000000,0.010312,0.010405,0.010256,0.010309,3669307.9,37948.6744685
1788915600000,0.010309,0.010319,0.010232,0.010271,2433058.1,25008.813483
1788919200000,0.010271,0.010314,0.010223,0.010266,1963807.8,20182.2283878
1788922800000,0.010266,0.010266,0.010191,0.010221,1635155.8,16732.2094612
1788926400000,0.010221,0.010442,0.010207,0.010427,2884270.0,29880.6143543
1788930000000,0.010427,0.010481,0.010375,0.010427,5047802.4,52677.517723
1788933600000,0.010427,0.010656,0.010386,0.010531,7926313.5,83346.2314458
1788937200000,0.010531,0.010601,0.010383,0.010403,7658496.0,80159.816097
1788940800000,0.010403,0.010517,0.0104,0.010474,7949738.3,83160.1597682
1788944400000,0.010474,0.010506,0.010344,0.010354,3030983.8,31540.3155946
1788948000000,0.010354,0.010407,0.010275,0.010295,2783627.9,28790.9811898
1788951600000,0.010295,0.010462,0.010259,0.010448,3531650.5,36527.8669593
1788955200000,0.010448,0.010489,0.010388,0.01048,2850186.8,29749.5902028
1788958800000,0.01048,0.01055,0.010383,0.010431,3050136.2,31917.1337241
1788962400000,0.010431,0.0106,0.010414,0.010453,7142668.5,75294.3812015
1788966000000,0.010453,0.010557,0.010251,0.010422,13486872.9,139684.7954867
1788969600000,0.010422,0.010721,0.010362,0.010669,14634341.5,154760.910964
1788973200000,0.010669,0.010762,0.010605,0.010666,19019990.1,203562.3631605
1788976800000,0.010666,0.010949,0.010635,0.010893,17096695.8,185107.9690265
1788980400000,0.010893,0.011003,0.010612,0.010625,31061869.4,337057.2270821
1788984000000,0.010625,0.010695,0.01052,0.010649,10417629.3,110609.2093731
1788987600000,0.010649,0.010662,0.01008,0.010145,19135073.8,196969.6708277
1788991200000,0.010145,0.010156,0.00971,0.009946,29501387.8,291928.606091
1788994800000,0.009946,0.01002,0.009946,0.010002,3593781.3,35866.0739573
1788998400000,0.010002,0.010053,0.009885,0.009895,7275698.7,72464.3958699
1789002000000,0.009895,0.010029,0.009711,0.009721,14657377.9,144351.5120951
1789005600000,0.009721,0.00988,0.009692,0.009872,2462490.1,24007.4999685
1789009200000,0.009872,0.009887,0.009715,0.009737,2592242.3,25330.4241234
1789012800000,0.009737,0.009755,0.00963,0.009658,6691401.4,64731.011056
1789016400000,0.009658,0.00979,0.00961,0.009723,3944582.5,38261.7152772
1789020000000,0.009723,0.009786,0.00964,0.009768,2795128.1,27107.490175
1789023600000,0.009768,0.009768,0.009592,0.009648,3309950.2,31946.5242069
1789027200000,0.009648,0.009737,0.009612,0.00967,5936563.1,57464.4063583
1789030800000,0.00967,0.009747,0.009612,0.009649,2287318.7,22101.2342515
1789034400000,0.009649,0.009687,0.009606,0.009619,3881877.4,37403.7608703
1789038000000,0.009619,0.00963,0.009517,0.009526,9286034.0,88874.0524829
1789041600000,0.009526,0.009574,0.009316,0.009424,14153118.0,133751.3243189
1789045200000,0.009424,0.009575,0.009415,0.009549,10030851.5,95079.7946225
1789048800000,0.009549,0.009584,0.009455,0.009545,3827042.0,36428.4732509
1789052400000,0.009545,0.009628,0.009507,0.00956,5178258.9,49559.7797915
1789056000000,0.00956,0.00959,0.009332,0.009442,8174143.6,77165.6959087
1789059600000,0.009442,0.00955,0.009423,0.00953,4204409.1,39861.4964321
1789063200000,0.00953,0.009543,0.009422,0.009543,1845319.8,17505.823289
1789066800000,0.009543,0.009543,0.009468,0.009468,6330601.5,60247.5776056
1789070400000,0.009468,0.009575,0.009468,0.009528,1909570.0,18183.9524939
1789074000000,0.009528,0.009588,0.009513,0.009521,1297058.2,12385.8639128
1789077600000,0.009521,0.009548,0.009456,0.009463,1774905.8,16883.1466186
1789081200000,0.009463,0.009472,0.009364,0.009376,5895375.7,55522.2947655
1789084800000,0.009376,0.009473,0.009372,0.009426,6171787.0,58247.2177031
1789088400000,0.009426,0.009484,0.009355,0.009379,9635033.5,90666.2655519
1789092000000,0.009379,0.009432,0.009359,0.009386,1685558.4,15830.2093834
1789095600000,0.009386,0.009489,0.009379,0.009488,1347017.1,12682.8607
1789099200000,0.009488,0.009662,0.00947,0.009568,10111005.5,97106.0956245
1789102800000,0.009568,0.009576,0.00951,0.009545,2742709.6,26179.5671149
1789106400000,0.009545,0.009576,0.009432,0.00947,12014709.1,114197.9875128
1789110000000,0.00947,0.009526,0.009421,0.009442,5754291.7,54416.1038169
1789113600000,0.009442,0.009521,0.00941,0.009478,3049854.2,28866.1355509
1789117200000,0.009478,0.009489,0.009362,0.009377,1699399.2,16040.7730005
1789120800000,0.009377,0.009428,0.009205,0.009244,13875714.5,128736.8559683
1789124400000,0.009244,0.009265,0.009108,0.009244,10260101.9,93971.7456172
1789128000000,0.009244,0.009603,0.009147,0.009584,30084754.1,281049.9281187
1789131600000,0.009584,0.0098,0.009493,0.009783,18252679.7,175336.569093
1789135200000,0.009783,0.009897,0.009695,0.009805,13252306.2,129614.868787
1789138800000,0.009805,0.009807,0.009535,0.009594,6483569.4,62799.4843879
1789142400000,0.009594,0.009673,0.00955,0.009669,5805722.3,55822.2922089
1789146000000,0.009669,0.009698,0.009501,0.009512,4822880.9,46369.6075292
1789149600000,0.009512,0.009523,0.009328,0.00936,8511283.9,80282.7543917
1789153200000,0.00936,0.00945,0.009335,0.009426,3579849.7,33644.7822772
1789156800000,0.009426,0.009502,0.009385,0.009414,3586848.9,33831.6584773
1789160400000,0.009414,0.0095,0.009352,0.009354,2134231.9,20103.8227983
1789164000000,0.009354,0.009402,0.0093,0.009351,4518837.9,42237.4101258
1789167600000,0.009351,0.009412,0.009343,0.009405,1423631.6,13368.3645395
1789171200000,0.009405,0.009463,0.0094,0.009461,5104297.2,48061.9082921
1789174800000,0.009461,0.009526,0.009445,0.009526,1675765.3,15895.4843725
1789178400000,0.009526,0.009544,0.009485,0.009507,2065669.1,19656.8766155
1789182000000,0.009507,0.009575,0.009484,0.009554,1525600.5,14560.1479197
1789185600000,0.009554,0.0096,0.009513,0.009558,2128090.6,20334.5470475
1789189200000,0.009558,0.009606,0.009526,0.009541,2061852.1,19728.7573941
1789192800000,0.009541,0.00969,0.009502,0.009678,2742718.6,26377.6641968
1789196400000,0.009678,0.00971,0.009643,0.009651,3968309.3,38417.5961794
1789200000000,0.009651,0.009713,0.009644,0.00965,2269246.2,21962.6082052
1789203600000,0.00965,0.00969,0.009645,0.00968,1752609.1,16940.6937707
1789207200000,0.00968,0.009702,0.009656,0.009666,1303286.2,12615.5634176
1789210800000,0.009666,0.009684,0.009638,0.009646,1170336.5,11299.2589839
1789214400000,0.009646,0.009654,0.009617,0.009643,2280941.2,21980.3587282
1789218000000,0.009643,0.009662,0.009605,0.009617,1900691.1,18290.7064322
1789221600000,0.009617,0.009733,0.009605,0.009727,4165156.8,40276.5625891
1789225200000,0.009727,0.009851,0.009701,0.009707,4678470.5,45683.7554549
1789228800000,0.009707,0.009755,0.009678,0.009678,1759947.6,17090.3433523
1789232400000,0.009678,0.009679,0.009638,0.00966,1194799.3,11544.1286022
1789236000000,0.00966,0.009665,0.009625,0.009627,1828848.5,17626.480679
1789239600000,0.009627,0.009633,0.009566,0.0096,3700001.4,35516.1710235
1789243200000,0.0096,0.00962,0.009581,0.009581,1295404.1,12434.2159606
1789246800000,0.009581,0.009627,0.009575,0.009601,2265608.1,21741.4238279
1789250400000,0.009601,0.009631,0.009571,0.009593,1515450.5,14551.2620236
1789254000000,0.009593,0.009658,0.009567,0.009653,1567666.7,15054.9980792
1789257600000,0.009653,0.009686,0.009634,0.009677,1117973.9,10798.2017224
1789261200000,0.009677,0.009684,0.009586,0.009638,2367690.5,22817.3085707
1789264800000,0.009638,0.009638,0.009521,0.009551,3839466.8,36716.0157487
1789268400000,0.009551,0.009681,0.009545,0.009626,5536593.1,53119.9443625
1789272000000,0.009626,0.009648,0.0096,0.0096,2900169.7,27914.5213361
1789275600000,0.0096,0.009664,0.009563,0.009648,5586030.3,53706.8214261
1789279200000,0.009648,0.009739,0.009621,0.009632,2957747.9,28658.9168135
1789282800000,0.009632,0.009707,0.009627,0.00966,4152775.9,40192.5236334
1789286400000,0.00966,0.009688,0.009459,0.009459,2988703.2,28519.1828815
1789290000000,0.009459,0.00951,0.009358,0.009502,10565766.2,99772.0071282
1789293600000,0.009502,0.009504,0.00939,0.009416,2951088.8,27872.8773179
1789297200000,0.009416,0.00952,0.009395,0.009509,2511979.1,23762.1351876
1789300800000,0.009509,0.009572,0.009492,0.009514,1743782.6,16616.8625617
1789304400000,0.009514,0.00958,0.009447,0.009568,2249848.4,21435.1357274
1789308000000,0.009568,0.009677,0.00956,0.009656,3616688.5,34835.0020342
1789311600000,0.009656,0.00966,0.009552,0.009567,3405363.3,32678.2170382
1789315200000,0.009567,0.009687,0.009567,0.00967,5815496.9,56129.843764
1789318800000,0.00967,0.009789,0.009669,0.009763,3927580.6,38211.7843162
1789322400000,0.009763,0.009792,0.009751,0.009776,2510119.4,24521.5179286
1789326000000,0.009776,0.009784,0.009611,0.00962,3305197.4,32029.5105063
1789329600000,0.00962,0.009678,0.009601,0.009653,2168817.9,20898.012904
1789333200000,0.009653,0.009675,0.00963,0.00963,891970.5,8618.8171029
1789336800000,0.00963,0.00963,0.009312,0.009385,23545430.4,222687.2545947
1789340400000,0.009385,0.009432,0.009376,0.009395,4424464.2,41583.8745573
1789344000000,0.009395,0.009468,0.009328,0.00943,5463652.8,51416.3055618
1789347600000,0.00943,0.009531,0.009355,0.009524,3612406.6,34022.9141794
1789351200000,0.009524,0.009631,0.009507,0.00958,2927040.7,28060.7889924
1789354800000,0.00958,0.009624,0.00956,0.009601,794499.4,7618.1682817
1789358400000,0.009601,0.009626,0.009573,0.009597,1637140.8,15706.9585487
1789362000000,0.009597,0.009598,0.009528,0.00956,1337958.3,12787.2169513
1789365600000,0.00956,0.009664,0.00956,0.009592,2054397.9,19771.6013281
1789369200000,0.009592,0.009675,0.009577,0.009622,1436930.6,13841.477728
1789372800000,0.009622,0.009682,0.009595,0.009639,3118768.0,30084.5007767
1789376400000,0.009639,0.009752,0.009498,0.009698,15491375.0,148107.3651599
1789380000000,0.009698,0.009742,0.009595,0.009595,6224103.4,60107.8901197
1789383600000,0.009595,0.009617,0.009532,0.00954,3681170.5,35215.6770331
1789387200000,0.00954,0.009559,0.009388,0.009454,9540542.2,90347.898854
1789390800000,0.009454,0.009548,0.009374,0.009471,9496863.4,89911.0954329
1789394400000,0.009471,0.009524,0.00939,0.009425,4133578.8,39112.2543098
1789398000000,0.009425,0.009539,0.009395,0.009507,3759495.8,35602.4977383
1789401600000,0.009507,0.009652,0.009486,0.009608,1739150.5,16656.1099725
1789405200000,0.009608,0.009741,0.009595,0.009716,4473856.3,43324.7719875
1789408800000,0.009716,0.009751,0.009693,0.009722,3224101.7,31334.9131054
1789412400000,0.009722,0.009781,0.009659,0.009689,3767702.6,36595.0642535
1789416000000,0.009689,0.009859,0.009682,0.009794,5078001.3,49840.6034442
1789419600000,0.009794,0.009797,0.00966,0.009677,2906425.8,28242.2398365
1789423200000,0.009677,0.009697,0.009626,0.009637,1117562.1,10793.382848
1789426800000,0.009637,0.009676,0.00959,0.009624,1615580.7,15549.1668552
1789430400000,0.009624,0.009679,0.009598,0.009642,2277795.3,21943.8568569
1789434000000,0.009642,0.009666,0.009615,0.009638,1432075.3,13808.3881949
1789437600000,0.009638,0.009646,0.009576,0.009602,1303380.4,12508.6021738
1789441200000,0.009602,0.009602,0.009494,0.009505,2057618.4,19643.0015293
1789444800000,0.009505,0.009538,0.009478,0.009505,1920722.6,18250.6022391
1789448400000,0.009505,0.009567,0.009437,0.009556,2129962.6,20207.8150483
1789452000000,0.009556,0.00958,0.009446,0.009467,1658372.4,15757.0168858
1789455600000,0.009467,0.009519,0.009362,0.009387,3336741.3,31510.4936846
1789459200000,0.009387,0.009432,0.009346,0.009402,4598133.9,43168.5380592
1789462800000,0.009402,0.009402,0.009351,0.009351,2076741.4,19465.885985
1789466400000,0.009351,0.009357,0.009226,0.009266,6913591.5,64236.4509329
1789470000000,0.009266,0.00932,0.009222,0.009292,2793290.8,25893.1111402
1789473600000,0.009292,0.009388,0.009265,0.009355,3277365.3,30554.3045959
1789477200000,0.009355,0.0094,0.009202,0.0093,6159908.2,57228.4953014
1789480800000,0.0093,0.00932,0.008987,0.009101,9109457.5,82841.0168856
1789484400000,0.009101,0.009246,0.009089,0.009187,6676819.3,61345.1817511
1789488000000,0.009187,0.009233,0.009127,0.009183,2661794.7,24439.3691621
1789491600000,0.009183,0.009299,0.009139,0.009232,6009654.5,55469.8834715
1789495200000,0.009232,0.009263,0.008842,0.009084,39052108.7,352753.1203507
1789498800000,0.009084,0.009149,0.009035,0.009093,8409229.9,76379.357418
1789502400000,0.009093,0.009102,0.008911,0.008964,9423659.6,84597.7009721
1789506000000,0.008964,0.008964,0.008784,0.008791,5343390.2,47461.8796721
1789509600000,0.008791,0.008893,0.008782,0.008873,2792026.9,24666.4608417
1789513200000,0.008873,0.008995,0.008873,0.008962,4401145.7,39381.6513702
1789516800000,0.008962,0.009016,0.008957,0.008993,1568096.8,14100.202575
1789520400000,0.008993,0.009,0.008808,0.00882,6700505.7,59687.0524057
1789524000000,0.00882,0.008926,0.00882,0.008853,1829097.2,16228.2768011
1789527600000,0.008853,0.008892,0.008794,0.008821,3084984.6,27289.937943
1789531200000,0.008821,0.008877,0.008821,0.00885,2129224.6,18838.4523219
1789534800000,0.00885,0.008914,0.008802,0.008883,2699852.1,23932.2846746
1789538400000,0.008883,0.008895,0.008819,0.008891,1548294.1,13718.6364159
1789542000000,0.008891,0.008896,0.008772,0.008773,7219575.2,63701.6749475
1789545600000,0.008773,0.008789,0.008717,0.008755,3767083.7,32922.3733308
1789549200000,0.008755,0.008827,0.008749,0.008816,2882751.5,25310.8960189
1789552800000,0.008816,0.008925,0.008801,0.008894,3949268.3,35020.2249293
1789556400000,0.008894,0.008968,0.008882,0.00893,3289804.9,29329.6650766
1789560000000,0.00893,0.008953,0.008828,0.008869,2317985.0,20618.1357832
1789563600000,0.008869,0.008911,0.008777,0.008858,4339046.2,38347.3028572
1789567200000,0.008858,0.008858,0.008707,0.008742,4142308.7,36295.1667511
1789570800000,0.008742,0.008806,0.008435,0.008485,23851614.0,205069.8334152
1789574400000,0.008485,0.008544,0.008392,0.008527,19248724.5,162987.3816754
1789578000000,0.008527,0.008554,0.008435,0.00851,8276740.7,70337.2835286
1789581600000,0.00851,0.008744,0.008475,0.008619,29266078.7,252332.7053395
1789585200000,0.008619,0.008708,0.008453,0.008552,8569783.2,73386.7387147
1789588800000,0.008552,0.00879,0.008536,0.008785,8468602.5,73289.4367435
1789592400000,0.008785,0.008821,0.008729,0.008808,2879932.7,25293.9350714
1789596000000,0.008808,0.008811,0.008717,0.008751,1741922.2,15262.1695
1789599600000,0.008751,0.008947,0.008729,0.00892,7493509.3,66732.7312652
1789603200000,0.00892,0.008936,0.008871,0.0089,3125593.4,27838.9993462
1789606800000,0.0089,0.009032,0.008842,0.008956,6920431.8,61934.5731354
1789610400000,0.008956,0.00897,0.00888,0.00893,3715534.4,33183.1469062
1789614000000,0.00893,0.008982,0.008916,0.00896,2473315.7,22158.378332
1789617600000,0.00896,0.008984,0.008892,0.008965,5462984.2,48731.3760985
1789621200000,0.008965,0.008983,0.008832,0.008842,11147987.8,98958.0293192
1789624800000,0.008842,0.008916,0.008835,0.008895,11258249.1,99835.9726115
1789628400000,0.008895,0.008963,0.008882,0.008909,9953767.8,88927.2985273
1789632000000,0.008909,0.00897,0.008891,0.008969,5206323.2,46418.5960507
1789635600000,0.008969,0.008998,0.008904,0.008908,4103979.8,36724.736693
1789639200000,0.008908,0.008912,0.008779,0.00887,9504202.4,83937.8448574
1789642800000,0.00887,0.008884,0.008812,0.008859,3602879.6,31898.7266811
1789646400000,0.008859,0.008932,0.008799,0.008874,3925783.0,34781.599806
1789650000000,0.008874,0.008894,0.008778,0.008841,5308905.8,46947.9481051
1789653600000,0.008841,0.008959,0.008793,0.008826,11296689.2,100472.3724545
1789657200000,0.008826,0.008924,0.008751,0.008924,5470776.1,48304.8452539
1789660800000,0.008924,0.00908,0.008921,0.00907,8761603.0,78973.102722
1789664400000,0.00907,0.009191,0.00907,0.009127,8182804.0,74732.8328657
1789668000000,0.009127,0.009159,0.009044,0.009056,4496456.7,40887.8362903
1789671600000,0.009056,0.0091,0.009,0.009044,3032471.4,27432.1480447
1789675200000,0.009044,0.009238,0.009044,0.009107,4388369.7,40149.161576
1789678800000,0.009107,0.009209,0.009043,0.009096,8400591.7,76655.5258357
1789682400000,0.009096,0.009133,0.009026,0.009132,2938611.3,26690.9730547
1789686000000,0.009132,0.009237,0.009127,0.009217,4513102.3,41419.7783329
1789689600000,0.009217,0.009398,0.009191,0.009365,12796119.3,119175.73842
1789693200000,0.009365,0.009518,0.009365,0.009508,10549346.6,99554.728403
1789696800000,0.009508,0.009613,0.009491,0.009589,10220736.7,97612.6459452
1789700400000,0.009589,0.009952,0.009564,0.009821,26997579.5,265142.161203
1789704000000,0.009821,0.010006,0.00981,0.009981,16943251.3,167810.1249043
1789707600000,0.009981,0.010058,0.009864,0.00989,14166019.5,141329.493934
1789711200000,0.00989,0.01015,0.009855,0.010041,15182073.3,151538.1160687
1789714800000,0.010041,0.010289,0.009984,0.010259,13546950.3,136984.4274901
1789718400000,0.010259,0.010552,0.010061,0.010487,50193871.4,520590.5157777
1789722000000,0.010487,0.010623,0.010179,0.010212,72427347.8,754574.6307362
1789725600000,0.010212,0.010314,0.010092,0.010129,14423492.2,147432.3189434
1789729200000,0.010129,0.010246,0.01,0.010118,16820902.1,169772.6841243
1789732800000,0.010118,0.010217,0.010071,0.010198,6614135.7,67156.6709509
1789736400000,0.010198,0.010391,0.010138,0.010272,12711309.2,130513.8917658
1789740000000,0.010272,0.0104,0.010242,0.010394,9774912.5,100917.3687828
1789743600000,0.010394,0.010419,0.010196,0.010325,10442307.6,107188.9183429
1789747200000,0.010325,0.01046,0.010229,0.010405,15307510.5,158217.5043011
1789750800000,0.010405,0.010428,0.01022,0.010397,14432900.7,148569.2182338
1789754400000,0.010397,0.010816,0.010321,0.010783,13892482.8,146967.7940928
1789758000000,0.010783,0.011196,0.010742,0.010842,59495366.0,652680.308117
1789761600000,0.010842,0.011016,0.010722,0.010919,14638088.9,158846.2612689
1789765200000,0.010919,0.01105,0.010876,0.010984,11723677.1,128596.4732546
1789768800000,0.010984,0.01132,0.010966,0.011194,30210861.2,337497.879742
1789772400000,0.011194,0.01132,0.011076,0.011243,17872010.6,200132.1031567
1789776000000,0.011243,0.011307,0.01088,0.010989,18905681.9,208541.092028
1789779600000,0.010989,0.01104,0.010759,0.010958,8289127.2,90230.6561385
1789783200000,0.010958,0.011395,0.010935,0.011127,20352717.2,228824.1177582
1789786800000,0.011127,0.01143,0.01112,0.01128,14612718.7,165070.3628111
1789790400000,0.01128,0.011285,0.010955,0.011142,28669170.7,317216.8623775
1789794000000,0.011142,0.01116,0.010903,0.010946,7720242.4,85148.0530043
1789797600000,0.010946,0.011139,0.010841,0.010957,21145003.2,231957.1693746
1789801200000,0.010957,0.011085,0.010891,0.010967,8214930.0,90247.6199396
1789804800000,0.010967,0.011292,0.010956,0.011292,9231874.9,102783.9519636
1789808400000,0.011292,0.011546,0.01109,0.011234,14929918.1,168879.8327715
1789812000000,0.011234,0.011264,0.011108,0.011121,5277011.2,58999.8626776
1789815600000,0.011121,0.011197,0.011083,0.011119,4451683.4,49562.1611339
1789819200000,0.011119,0.011219,0.011098,0.011182,7410092.6,82692.8013973
1789822800000,0.011182,0.011256,0.01113,0.011226,6384125.6,71401.7709523
1789826400000,0.011226,0.011279,0.011152,0.011273,6247901.1,70109.0688359
1789830000000,0.011273,0.011372,0.011115,0.011171,10815253.6,121581.9498011
1789833600000,0.011171,0.011261,0.011079,0.011172,13237115.6,147934.4697944
1789837200000,0.011172,0.011236,0.010991,0.011085,9925539.1,110335.2402382
1789840800000,0.011085,0.01112,0.010943,0.011008,10083054.2,111027.7718763
1789844400000,0.011008,0.011076,0.010951,0.011021,4063596.3,44742.3291155
1789848000000,0.011021,0.011107,0.010995,0.011052,2987019.8,33020.7460977
1789851600000,0.011052,0.011084,0.010874,0.010978,3460406.5,37954.9119344
1789855200000,0.010978,0.011152,0.010891,0.011135,3425675.7,37716.6696252
1789858800000,0.011135,0.011354,0.011132,0.0113,11662171.3,131400.4498681
1789862400000,0.0113,0.011439,0.01123,0.011424,5790033.2,65734.4441363
1789866000000,0.011424,0.011751,0.011394,0.011703,21589885.9,249588.9149628
1789869600000,0.011703,0.012111,0.011444,0.01161,66575028.5,783179.7056941
1789873200000,0.01161,0.012128,0.011534,0.011888,71603766.7,849628.9267379
1789876800000,0.011888,0.012181,0.011743,0.011829,41961788.5,501998.7215148
1789880400000,0.011829,0.011962,0.011671,0.011699,14769231.1,174112.5859037
1789884000000,0.011699,0.012037,0.011619,0.011951,15106839.9,179193.8135223
1789887600000,0.011951,0.012171,0.011883,0.012109,19427819.0,233268.860641
1789891200000,0.012109,0.012293,0.011721,0.011828,44564615.2,537136.1845204
1789894800000,0.011828,0.012098,0.011811,0.012001,10779221.4,128835.0341642
1789898400000,0.012001,0.012036,0.011716,0.01185,10466142.4,124407.2616187
1789902000000,0.01185,0.011976,0.011367,0.011415,19846505.1,230795.9494561
1789905600000,0.011415,0.011469,0.01119,0.011286,16615768.3,188283.0928625
1789909200000,0.011286,0.011391,0.011125,0.011184,12689116.9,142360.6618907
1789912800000,0.011184,0.011299,0.011092,0.011147,10561882.3,118146.2940667
1789916400000,0.011147,0.01126,0.011113,0.011222,6894494.5,77015.6965741
1789920000000,0.011222,0.011561,0.011193,0.011534,15965552.7,182699.8489853
1789923600000,0.011534,0.011633,0.01149,0.011563,13486884.5,156004.1334077
1789927200000,0.011563,0.011709,0.011454,0.011523,7611713.7,88230.3477232
1789930800000,0.011523,0.011773,0.011506,0.011715,6000533.1,69947.6530662
1789934400000,0.011715,0.011885,0.011658,0.01183,8401970.3,98859.3643487
1789938000000,0.01183,0.011835,0.011605,0.011796,10305359.7,120780.8178247
1789941600000,0.011796,0.01186,0.011656,0.011663,10724895.9,126231.1008276
1789945200000,0.011663,0.011764,0.011617,0.011677,5451138.8,63778.045049
1789948800000,0.011677,0.011909,0.011659,0.011743,14162519.2,166907.8947251
1789952400000,0.011743,0.011794,0.011508,0.011548,13818435.7,160762.3591844
1789956000000,0.011548,0.01173,0.011402,0.011715,15787940.3,182364.2842084
1789959600000,0.011715,0.01208,0.011703,0.011989,12040528.3,143674.6363136
1789963200000,0.011989,0.012128,0.011985,0.011997,10506216.3,126596.5970352
1789966800000,0.011997,0.012041,0.011807,0.011835,7563707.2,90215.9821701
1789970400000,0.011835,0.012027,0.011826,0.01199,8868011.4,105735.9484932
1789974000000,0.01199,0.012061,0.011832,0.01193,6797597.8,81085.4050467
1789977600000,0.01193,0.012184,0.011892,0.012145,12568633.0,151512.9172815
1789981200000,0.012145,0.012283,0.011985,0.012027,18317691.1,222360.3943515
1789984800000,0.012027,0.012074,0.011905,0.012015,10163971.5,121879.8593535
1789988400000,0.012015,0.012072,0.011823,0.01186,9658663.8,115303.1505306
1789992000000,0.01186,0.011954,0.011818,0.011901,7653665.6,90887.1016328
1789995600000,0.011901,0.01195,0.01165,0.011801,15895468.5,186674.3478184
1789999200000,0.011801,0.011837,0.01163,0.011739,7134490.6,83729.4502651
1790002800000,0.011739,0.01182,0.011642,0.011736,5840505.2,68469.3103758
1790006400000,0.011736,0.01182,0.011614,0.011687,6215332.7,72833.4645365
1790010000000,0.011687,0.011729,0.011502,0.011527,6107011.2,70813.2845948
1790013600000,0.011527,0.011616,0.011493,0.011599,2796732.0,32361.1796182
1790017200000,0.011599,0.011673,0.011536,0.011657,7317897.2,85047.7195009
1790020800000,0.011657,0.011802,0.011639,0.011689,7071763.0,82777.6439705
1790024400000,0.011689,0.011696,0.011584,0.011584,2438178.7,28394.9015141
1790028000000,0.011584,0.011752,0.011584,0.01175,7262852.6,84621.3626709
1790031600000,0.01175,0.011866,0.01174,0.011834,9404055.7,110948.3386828
1790035200000,0.011834,0.011843,0.011676,0.011691,6991101.0,82274.6871147
1790038800000,0.011691,0.011801,0.011563,0.011707,10490991.9,122501.4521251
1790042400000,0.011707,0.011883,0.011675,0.011782,8914168.0,104812.2435725
1790046000000,0.011782,0.011947,0.011766,0.011841,7965095.1,94446.7902973
1790049600000,0.011841,0.011877,0.011625,0.011649,5974455.9,70173.8114517
1790053200000,0.011649,0.011838,0.011459,0.01177,10040548.4,116978.3953883
1790056800000,0.01177,0.011967,0.011712,0.011828,6783085.9,80365.3553996
1790060400000,0.011828,0.01196,0.011785,0.011939,6856933.6,81557.22165
1790064000000,0.011939,0.012138,0.011924,0.012086,22010293.2,264667.9483187
1790067600000,0.012086,0.012086,0.011778,0.011983,23137635.2,275001.9945997
1790071200000,0.011983,0.012105,0.011822,0.011912,10504928.5,125484.2779142
1790074800000,0.011912,0.012099,0.011858,0.012005,15028311.2,180167.7863156
1790078400000,0.012005,0.01202,0.011801,0.011916,10822062.1,128636.1704137
1790082000000,0.011916,0.01198,0.011833,0.011925,8117569.6,96795.7844879
1790085600000,0.011925,0.011939,0.011588,0.011745,16334076.1,191713.7896045
1790089200000,0.011745,0.011966,0.011736,0.01192,7581172.8,89862.7060587
1790092800000,0.01192,0.011934,0.011734,0.011887,9168094.3,108510.7634991
1790096400000,0.011887,0.012117,0.011844,0.012036,6459985.8,77253.9032884
1790100000000,0.012036,0.012073,0.011862,0.011869,7765860.4,92845.5657852
1790103600000,0.011869,0.01203,0.011869,0.011925,7607583.6,90911.3086741
1790107200000,0.011925,0.01205,0.011823,0.011972,4868844.8,58099.3756052
1790110800000,0.011972,0.012122,0.011949,0.012038,3278983.6,39454.790665
1790114400000,0.012038,0.012222,0.011977,0.012156,6558313.8,79582.98626
1790118000000,0.012156,0.012474,0.012153,0.012401,10956251.6,135315.8184972
1790121600000,0.012401,0.012549,0.012212,0.012227,11200911.2,138806.1363408
1790125200000,0.012227,0.012293,0.012043,0.012087,6745686.2,82205.4571896
1790128800000,0.012087,0.012319,0.012027,0.012312,7368835.1,89780.9964431
1790132400000,0.012312,0.012462,0.012255,0.012393,10668707.9,132294.8488693
1790136000000,0.012393,0.012414,0.01229,0.012313,3583716.5,44256.2470514
1790139600000,0.012313,0.012313,0.012145,0.012184,7118904.7,87217.1509333
1790143200000,0.012184,0.01274,0.012184,0.012571,14729927.4,183761.1211242
1790146800000,0.012571,0.012603,0.012279,0.012325,10704970.3,132700.9695129
1790150400000,0.012325,0.012433,0.012172,0.012241,8687202.5,106966.7138666
1790154000000,0.012241,0.012674,0.012241,0.012512,8900564.7,111424.2343753
1790157600000,0.012512,0.012597,0.012305,0.012493,9499620.0,118556.1115254
1790161200000,0.012493,0.012497,0.012075,0.01222,8356928.9,101802.8964583
1790164800000,0.01222,0.01232,0.01214,0.012272,5231385.8,64099.1212876
1790168400000,0.012272,0.01228,0.011727,0.01205,22581480.1,271276.9611946
1790172000000,0.01205,0.012105,0.011262,0.01174,62722577.8,729829.2247895
1790175600000,0.01174,0.011811,0.011221,0.011252,21810466.5,250962.1442938
1790179200000,0.011252,0.011392,0.01107,0.011374,23268785.0,261693.129225
1790182800000,0.011374,0.011464,0.011264,0.011348,16644048.4,188859.8261408
1790186400000,0.011348,0.011348,0.011139,0.01119,10816477.0,121268.11761
1790190000000,0.01119,0.011235,0.011128,0.011181,6899098.0,77149.2308886
1790193600000,0.011181,0.011206,0.011075,0.011116,7429110.1,82620.4030328
1790197200000,0.011116,0.011263,0.011091,0.011194,4371251.9,48830.3505943
1790200800000,0.011194,0.011341,0.011133,0.011146,5065831.0,56872.8720118
1790204400000,0.011146,0.01122,0.01108,0.011183,5212252.2,58129.1834566
1790208000000,0.011183,0.011256,0.011162,0.011229,4904068.4,54929.5635466
1790211600000,0.011229,0.011293,0.011191,0.011216,4150576.7,46664.5057707
1790215200000,0.011216,0.011585,0.011164,0.011545,7144924.3,81571.8702074
1790218800000,0.011545,0.011597,0.011411,0.011425,6422823.6,73927.3433214
1790222400000,0.011425,0.011636,0.01138,0.011596,6136944.6,70615.7649662
1790226000000,0.011596,0.011725,0.011563,0.011569,6015205.1,70180.0975025
1790229600000,0.011569,0.01163,0.011536,0.011607,3921659.6,45444.5816739
1790233200000,0.011607,0.011634,0.011528,0.01161,3796291.3,43977.127619
1790236800000,0.01161,0.011628,0.011326,0.011414,7804109.6,89468.0828319
1790240400000,0.011414,0.011449,0.011116,0.011201,12044037.7,135155.5439826
1790244000000,0.011201,0.011253,0.01114,0.011234,4721085.6,52841.2245634
1790247600000,0.011234,0.011289,0.011215,0.011275,3511979.8,39509.0332235
1790251200000,0.011275,0.011395,0.011235,0.011382,7206293.6,81450.4633504
1790254800000,0.011382,0.01168,0.011382,0.011614,24826727.9,287724.5630167
1790258400000,0.011614,0.012216,0.01161,0.011864,69313941.8,826911.08392
1790262000000,0.011864,0.012239,0.011798,0.012088,15281467.8,183958.7846113
1790265600000,0.012088,0.012239,0.011989,0.012086,12692167.7,153809.5024552
1790269200000,0.012086,0.012132,0.011863,0.011903,5584658.3,66979.3300352
1790272800000,0.011903,0.011944,0.011796,0.011886,3822780.9,45381.7875493
1790276400000,0.011886,0.012105,0.011813,0.01202,6129221.3,73285.150945
1790280000000,0.01202,0.012043,0.011952,0.011998,2505498.4,30048.8669225
1790283600000,0.011998,0.012128,0.01196,0.012013,1449755.4,17460.5057999
1790287200000,0.012013,0.012064,0.011939,0.011966,4196794.5,50271.2909206
1790290800000,0.011966,0.012088,0.011962,0.012033,3951025.8,47564.9732942
1790294400000,0.012033,0.01221,0.011936,0.011949,5858854.8,70569.7880113
1790298000000,0.011949,0.012064,0.01192,0.011948,3430030.3,41126.8537838
1790301600000,0.011948,0.01203,0.011755,0.011813,8710541.9,103116.758212
1790305200000,0.011813,0.011876,0.011752,0.011876,4901178.9,57964.9535788
1790308800000,0.011876,0.01201,0.01182,0.011896,6406493.1,76344.8293503
1790312400000,0.011896,0.011918,0.011799,0.01186,5250833.9,62202.8780242
1790316000000,0.01186,0.01192,0.011755,0.011787,2610418.4,30852.2425311
1790319600000,0.011787,0.011999,0.011735,0.011993,6691497.5,79226.577639
1790323200000,0.011993,0.012322,0.011942,0.012293,9774568.6,119206.7075411
1790326800000,0.012293,0.012334,0.012224,0.012304,6551527.2,80511.4315775
1790330400000,0.012304,0.012356,0.012232,0.012271,5570012.1,68528.1957594
1790334000000,0.012271,0.012519,0.012259,0.012342,10189180.5,126582.2515309
1790337600000,0.012342,0.012627,0.012173,0.012612,15457618.4,191320.9328234
1790341200000,0.012612,0.012711,0.01239,0.012477,22501230.8,283233.0016615
1790344800000,0.012477,0.01274,0.012245,0.012711,10955125.8,136831.9578613
1790348400000,0.012711,0.012986,0.012576,0.012768,39374460.6,502803.884615
1790352000000,0.012768,0.013176,0.012612,0.01262,31259709.2,404068.9992271
1790355600000,0.01262,0.012787,0.012584,0.012691,8620737.8,109279.0670037
1790359200000,0.012691,0.012874,0.012617,0.01283,9050563.6,115576.6447565
1790362800000,0.01283,0.01283,0.012657,0.012696,6072208.2,77289.6539361
1790366400000,0.012696,0.012889,0.012687,0.01273,8653114.5,110716.0230581
1790370000000,0.01273,0.012732,0.01254,0.012565,3640234.5,45980.4146337
1790373600000,0.012565,0.012809,0.012547,0.012756,3281318.8,41670.7682836
1790377200000,0.012756,0.01291,0.01275,0.012883,4739860.4,60899.5674135
1790380800000,0.012883,0.012899,0.012592,0.012691,11929198.6,151796.9924299
1790384400000,0.012691,0.012776,0.012643,0.012716,7043266.9,89540.4511561
1790388000000,0.012716,0.012847,0.012678,0.012803,5372219.4,68639.0873617
1790391600000,0.012803,0.012807,0.012681,0.01273,3729828.3,47521.8395116
1790395200000,0.01273,0.012876,0.012725,0.012789,7265303.3,93008.7739219
1790398800000,0.012789,0.01292,0.012722,0.012836,9358882.2,119761.8913389
1790402400000,0.012836,0.012923,0.01278,0.01289,6656021.1,85579.8126604
1790406000000,0.01289,0.013083,0.012887,0.01296,9800386.8,127241.815491
1790409600000,0.01296,0.012987,0.012856,0.012864,5425805.0,70079.6894997
1790413200000,0.012864,0.01291,0.01273,0.012856,8557954.9,109731.7025665
1790416800000,0.012856,0.013074,0.012844,0.013,9511542.4,123685.6685981
1790420400000,0.013,0.01314,0.012875,0.012887,9413441.8,122521.3323352
1790424000000,0.012887,0.012996,0.012753,0.012809,5864256.6,75555.8545598
1790427600000,0.012809,0.012928,0.012701,0.012928,4201122.8,53731.7035404
1790431200000,0.012928,0.013131,0.01283,0.013079,7451333.7,96597.5094408
1790434800000,0.013079,0.013115,0.012994,0.013064,4754246.4,62048.0292038
1790438400000,0.013064,0.013309,0.013021,0.0132,8738912.0,115086.5126623
1790442000000,0.0132,0.01326,0.013089,0.013101,4290342.4,56458.6817242
1790445600000,0.013101,0.013128,0.012883,0.012937,3457698.1,44987.9567632
1790449200000,0.012937,0.013028,0.012915,0.012915,4631551.5,60106.605469
1790452800000,0.012915,0.012919,0.012606,0.012707,6861664.9,87675.8921374
1790456400000,0.012707,0.012925,0.012687,0.012912,4375999.8,56149.3531559
1790460000000,0.012912,0.012919,0.012827,0.012827,1544377.8,19876.7782924
1790463600000,0.012827,0.012862,0.012796,0.012828,1690332.8,21686.701975
1790467200000,0.012828,0.012837,0.012681,0.012713,4914680.1,62607.5152051
1790470800000,0.012713,0.012822,0.012672,0.012782,2779121.7,35369.2129338
1790474400000,0.012782,0.01289,0.012745,0.012752,2364620.8,30332.0216342
1790478000000,0.012752,0.01284,0.012744,0.012824,2209872.7,28248.8709748
1790481600000,0.012824,0.012846,0.012743,0.012797,3558160.8,45518.3491629
1790485200000,0.012797,0.013048,0.012795,0.012999,5011151.6,64841.2304194
1790488800000,0.012999,0.013234,0.012969,0.013159,7611022.3,99996.2190335
1790492400000,0.013159,0.013277,0.013147,0.013255,3483986.7,46012.2279589
1790496000000,0.013255,0.013278,0.013068,0.013077,6067584.0,79730.9201964
1790499600000,0.013077,0.013183,0.012965,0.013126,5365108.9,70270.6739151
1790503200000,0.013126,0.01324,0.013085,0.013167,5082286.9,66900.1560508
1790506800000,0.013167,0.013232,0.013027,0.013112,9533460.7,125158.3444117
1790510400000,0.013112,0.013207,0.013049,0.013049,3268641.3,42903.3748135
1790514000000,0.013049,0.013049,0.01287,0.012944,6238798.7,80718.6637198
1790517600000,0.012944,0.012975,0.01275,0.012786,4290626.0,55165.4296997
1790521200000,0.012786,0.012901,0.012713,0.012848,3501103.4,44871.838823
1790524800000,0.012848,0.012981,0.0128,0.012965,4197046.6,54161.2982284
1790528400000,0.012965,0.013177,0.012957,0.013149,8186349.6,107064.6534291
1790532000000,0.013149,0.013524,0.01311,0.013349,15596842.0,208472.3431004
1790535600000,0.013349,0.013416,0.013179,0.01321,10321356.0,137292.1348575
1790539200000,0.01321,0.013335,0.013136,0.013155,2829483.2,37423.5002235
1790542800000,0.013155,0.013373,0.013085,0.013148,4851987.0,63987.028619
1790546400000,0.013148,0.013164,0.012936,0.012989,3001362.6,39026.7733987
1790550000000,0.012989,0.013227,0.012968,0.01318,4928646.4,64502.7388168
1790553600000,0.01318,0.013311,0.013048,0.013048,4722180.0,62283.728055
1790557200000,0.013048,0.013149,0.01283,0.012865,8128087.1,105530.955142
1790560800000,0.012865,0.012991,0.012672,0.012687,5448622.1,69776.6603784
1790564400000,0.012687,0.012737,0.012455,0.012546,12988967.7,163112.1495948
1790568000000,0.012546,0.01272,0.012437,0.01264,15605541.4,197036.7449882
1790571600000,0.01264,0.012681,0.012359,0.012575,14414806.1,180702.0124857
1790575200000,0.012575,0.012684,0.01247,0.012503,4693152.5,58959.2673475
1790578800000,0.012503,0.012572,0.01215,0.01215,10931484.3,134525.4320479
1790582400000,0.01215,0.012278,0.01215,0.012234,5347565.5,65335.8719704
1790586000000,0.012234,0.012326,0.012089,0.012134,5310784.3,64669.8435097
1790589600000,0.012134,0.012316,0.012134,0.012281,2038223.6,24977.0368991
1790593200000,0.012281,0.012367,0.012281,0.012333,4758734.3,58595.924892
1790596800000,0.012333,0.012675,0.01232,0.012606,7374767.6,92695.699088
1790600400000,0.012606,0.012606,0.012428,0.012452,3883281.2,48642.2407155
1790604000000,0.012452,0.012452,0.01199,0.01212,13056461.5,158479.0898044
1790607600000,0.01212,0.012216,0.012007,0.012187,5056775.1,61392.4868655
1790611200000,0.012187,0.012434,0.012093,0.012271,5897211.4,72571.241048
1790614800000,0.012271,0.01239,0.012139,0.012302,6602125.0,80965.0157701
1790618400000,0.012302,0.012546,0.012274,0.012457,4757742.6,59053.4802885
1790622000000,0.012457,0.012468,0.01208,0.012131,5713995.9,69970.1300905
1790625600000,0.012131,0.012285,0.01209,0.012202,3835209.7,46810.5742347
1790629200000,0.012202,0.012308,0.012142,0.012162,5043621.0,61619.154862
1790632800000,0.012162,0.012264,0.012075,0.012226,5769729.1,70161.840894
1790636400000,0.012226,0.012453,0.012226,0.012442,4297112.4,53022.2445892
1790640000000,0.012442,0.012502,0.012344,0.012345,8586064.8,106695.1200042
1790643600000,0.012345,0.012424,0.011961,0.01202,15463558.5,187314.4912746
1790647200000,0.01202,0.012068,0.011754,0.011845,11512087.1,136465.9323318
1790650800000,0.011845,0.012039,0.011815,0.011965,3319221.1,39652.7877829
1790654400000,0.011965,0.01212,0.011892,0.012057,3130048.1,37653.1935037
1790658000000,0.012057,0.012239,0.011999,0.012212,3392045.1,41053.4806437
1790661600000,0.012212,0.012443,0.012194,0.012392,2842790.6,34978.4962871
1790665200000,0.012392,0.012468,0.012363,0.012419,2279661.5,28327.811474
1790668800000,0.012419,0.012549,0.012334,0.012498,7034804.0,87582.6075419
1790672400000,0.012498,0.012568,0.012411,0.012506,3140947.4,39330.1271148
1790676000000,0.012506,0.012529,0.012404,0.012497,5476273.8,68271.3233955
1790679600000,0.012497,0.012732,0.012457,0.012655,6543640.9,82602.7182478
1790683200000,0.012655,0.012682,0.012386,0.012397,10934924.1,137411.1179236
1790686800000,0.012397,0.012489,0.012369,0.012441,2715841.4,33739.9079362
1790690400000,0.012441,0.01259,0.012363,0.012521,3187913.1,39800.6917729
1790694000000,0.012521,0.012527,0.012156,0.01223,9709483.6,119565.2609843
1790697600000,0.01223,0.012265,0.012021,0.012071,4702937.6,57070.0199668
1790701200000,0.012071,0.012084,0.01191,0.011993,6348844.9,76149.0547706
1790704800000,0.011993,0.012124,0.011977,0.012079,5720284.9,68964.7121695
1790708400000,0.012079,0.012131,0.012,0.012006,2134960.6,25763.4723893
1790712000000,0.012006,0.012167,0.011983,0.01212,3197306.6,38710.1007529
1790715600000,0.01212,0.012207,0.012076,0.012111,2307188.5,28002.9546879
1790719200000,0.012111,0.012153,0.012034,0.012068,2604200.9,31470.8550737
1790722800000,0.012068,0.012167,0.011959,0.012023,2994008.1,36044.811294
1790726400000,0.012023,0.012095,0.011958,0.012053,3912053.6,47049.2055923
1790730000000,0.012053,0.01222,0.012036,0.012176,2101728.0,25510.2764905
1790733600000,0.012176,0.012247,0.0121,0.012133,3577587.5,43530.5482874
1790737200000,0.012133,0.012168,0.012069,0.012116,1375520.5,16684.3257452
1790740800000,0.012116,0.012301,0.012114,0.012178,4528882.4,55415.4349331
1790744400000,0.012178,0.012375,0.012161,0.012344,3848361.3,47276.9321634
1790748000000,0.012344,0.012372,0.012065,0.012065,4899362.1,59568.3110612
1790751600000,0.012065,0.012247,0.012041,0.012197,3025631.1,36772.3383534
1790755200000,0.012197,0.012332,0.012137,0.012269,3095169.6,37891.8360105
1790758800000,0.012269,0.012378,0.01224,0.012241,2936736.4,36087.7740351
1790762400000,0.012241,0.012298,0.012236,0.012251,1562980.2,19166.295826
1790766000000,0.012251,0.012258,0.012164,0.012217,2127553.9,25972.098989
1790769600000,0.012217,0.012549,0.012181,0.01252,7087397.3,87752.4958922
1790773200000,0.01252,0.012606,0.012177,0.012293,10525785.0,130423.6757097
1790776800000,0.012293,0.012361,0.012026,0.012157,5903472.1,71799.6548016
1790780400000,0.012157,0.012193,0.012006,0.012179,4099824.4,49542.2141853
1790784000000,0.012179,0.012355,0.012172,0.012289,3899524.3,47954.8689731
1790787600000,0.012289,0.0123,0.012077,0.012143,2873329.0,34987.7989278
1790791200000,0.012143,0.012161,0.011943,0.011993,7786326.9,93622.3697854
1790794800000,0.011993,0.012023,0.01188,0.011908,5764004.6,68885.1223519
1790798400000,0.011908,0.012052,0.0119,0.011954,5649793.8,67525.1164272
1790802000000,0.011954,0.011993,0.011894,0.011925,2987741.2,35659.3503861
1790805600000,0.011925,0.012134,0.011831,0.012091,7294857.6,87748.6145979
1790809200000,0.012091,0.012164,0.012072,0.012129,4059619.4,49177.9517213
1790812800000,0.012129,0.01218,0.012054,0.012153,1764504.8,21355.7336002
1790816400000,0.012153,0.01225,0.012068,0.012082,3294338.7,40114.4569217
1790820000000,0.012082,0.012264,0.012044,0.012247,3558555.1,43354.085436
1790823600000,0.012247,0.012436,0.012218,0.012397,3345119.3,41228.0970887
1790827200000,0.012397,0.012408,0.012267,0.012273,3263524.6,40186.2226987
1790830800000,0.012273,0.012315,0.012241,0.012268,1492278.1,18308.3113713
1790834400000,0.012268,0.012413,0.012268,0.012373,4478393.1,55278.8469533
1790838000000,0.012373,0.012403,0.012097,0.012132,6059063.6,73867.9012599
1790841600000,0.012132,0.01218,0.01204,0.012155,3458346.2,41846.8018194
1790845200000,0.012155,0.01218,0.012013,0.012028,1679363.9,20306.6040967
1790848800000,0.012028,0.012101,0.011889,0.012066,3234589.4,38814.0860594
1790852400000,0.012066,0.012066,0.011962,0.012031,2931838.0,35199.4053265
1790856000000,0.012031,0.012042,0.011896,0.01194,5003756.9,59811.2636353
1790859600000,0.01194,0.011953,0.011793,0.01188,10076051.2,119627.3744826
1790863200000,0.01188,0.011899,0.011669,0.011725,18108009.3,213941.2585892
1790866800000,0.011725,0.01187,0.011641,0.011807,5388321.0,63462.8213058
1790870400000,0.011807,0.011909,0.011719,0.01174,5525793.5,65279.7763804
1790874000000,0.01174,0.012006,0.01174,0.011964,4821403.3,57426.7043228
1790877600000,0.011964,0.01206,0.011928,0.01201,3895572.4,46712.4344478
1790881200000,0.01201,0.01221,0.011918,0.012101,23163039.9,279806.4417095
1790884800000,0.012101,0.012172,0.012043,0.012078,5658300.5,68502.6620853
1790888400000,0.012078,0.012088,0.011942,0.011987,3501863.3,42098.1366719
1790892000000,0.011987,0.012068,0.011951,0.012063,1593677.7,19128.7111943
1790895600000,0.012063,0.012173,0.012008,0.012165,3974083.3,48118.7660371
1790899200000,0.012165,0.012363,0.012153,0.012301,10687946.7,131295.7414048
1790902800000,0.012301,0.012544,0.01228,0.012498,12142663.2,150849.0738315
1790906400000,0.012498,0.012697,0.012464,0.01262,17956913.1,225750.5857081
1790910000000,0.01262,0.012893,0.012584,0.012825,16847766.0,214682.7099593
1790913600000,0.012825,0.01339,0.012821,0.013028,54249798.0,711165.7075259
1790917200000,0.013028,0.013271,0.013026,0.013106,15613336.0,205335.9180079
1790920800000,0.013106,0.013431,0.013075,0.013359,18086355.4,240764.3803863
1790924400000,0.013359,0.013499,0.013033,0.013485,20623845.2,273174.2756495
1790928000000,0.013485,0.01379,0.013239,0.013389,45076646.1,608712.3171633
1790931600000,0.013389,0.01341,0.01315,0.013155,12385424.1,164317.949994
1790935200000,0.013155,0.01361,0.013154,0.013536,22351184.0,300943.3565285
1790938800000,0.013536,0.013788,0.013313,0.013489,32410038.1,438513.8823737
1790942400000,0.013489,0.013531,0.01319,0.013505,22040457.8,294924.6944848
1790946000000,0.013505,0.013557,0.013281,0.013299,17276404.9,232190.3064282
1790949600000,0.013299,0.013474,0.013071,0.01322,23939599.6,316274.0989642
1790953200000,0.01322,0.013286,0.012969,0.01304,18966544.8,248277.999036
1790956800000,0.01304,0.013145,0.012979,0.013029,9143262.2,119325.1659463
1790960400000,0.013029,0.01309,0.012805,0.012916,15022644.6,194251.5660241
1790964000000,0.012916,0.012936,0.012266,0.012408,47146562.9,588794.4852148
1790967600000,0.012408,0.012541,0.012272,0.012472,10833851.4,134317.6000163
1790971200000,0.012472,0.012602,0.012457,0.012474,7906931.3,99083.7826381
1790974800000,0.012474,0.01261,0.012456,0.012608,4099116.1,51416.2164136
1790978400000,0.012608,0.012636,0.012472,0.012517,3030078.4,37967.1583285
1790982000000,0.012517,0.012614,0.012512,0.012571,3937550.1,49484.8435398
1790985600000,0.012571,0.012641,0.012472,0.012491,9146081.5,114750.7492149
1790989200000,0.012491,0.01257,0.012411,0.012419,9000057.5,112345.8055078
1790992800000,0.012419,0.012664,0.012419,0.012511,12373634.1,155525.9061775
1790996400000,0.012511,0.012634,0.012503,0.012573,5403094.1,67972.2391538
1791000000000,0.012573,0.012581,0.012404,0.012506,3636133.1,45381.1245522
1791003600000,0.012506,0.012506,0.012353,0.012373,3871887.7,48014.2736569
1791007200000,0.012373,0.012429,0.012268,0.012381,6031937.7,74508.4105737
1791010800000,0.012381,0.012387,0.012205,0.012235,5262508.4,64529.6479511
1791014400000,0.012235,0.012279,0.0122,0.012233,7385153.7,90378.921775
1791018000000,0.012233,0.01235,0.012218,0.012339,4518352.8,55446.2179302
1791021600000,0.012339,0.012423,0.012325,0.012395,3788234.9,46885.1291897
1791025200000,0.012395,0.012498,0.012325,0.012463,10275247.6,127535.256632
1791028800000,0.012463,0.012466,0.012308,0.012332,4337177.9,53677.6071386
1791032400000,0.012332,0.012542,0.012332,0.012516,5317116.6,66338.330788
1791036000000,0.012516,0.012685,0.012464,0.012601,5122325.5,64552.022921
1791039600000,0.012601,0.013184,0.01256,0.013158,25061130.7,324355.6091816
1791043200000,0.013158,0.013331,0.012953,0.013036,23317068.0,306657.4829451
1791046800000,0.013036,0.013228,0.012981,0.013091,14304421.0,187463.0777617
1791050400000,0.013091,0.013188,0.012984,0.01302,6084366.3,79613.5523879
1791054000000,0.01302,0.013058,0.012914,0.013,4119807.3,53438.0239952
1791057600000,0.013,0.013147,0.012953,0.013073,4023788.0,52388.1517392
1791061200000,0.013073,0.013122,0.012952,0.013115,3228000.2,42031.771604
1791064800000,0.013115,0.013225,0.01309,0.013183,6212740.9,81762.4357974
1791068400000,0.013183,0.013242,0.01315,0.013216,5330707.6,70346.3103314
1791072000000,0.013216,0.013455,0.01313,0.013155,9911372.7,131510.1887656
1791075600000,0.013155,0.013185,0.013054,0.013058,1787210.3,23440.2075635
1791079200000,0.013058,0.013186,0.013025,0.013159,3299394.6,43285.3068761
1791082800000,0.013159,0.013189,0.013047,0.013083,2240925.1,29413.7151453
1791086400000,0.013083,0.01339,0.01305,0.013341,10243018.7,135875.9901701
1791090000000,0.013341,0.013341,0.013122,0.013193,3818547.7,50481.3743485
1791093600000,0.013193,0.013232,0.01311,0.013202,2671613.0,35184.4406308
1791097200000,0.013202,0.013691,0.013162,0.013476,11009375.0,147778.2244616
1791100800000,0.013476,0.013476,0.013153,0.013219,8899515.7,118348.207949
1791104400000,0.013219,0.013265,0.013019,0.013064,13074896.6,171404.0373754
1791108000000,0.013064,0.013102,0.012973,0.013057,4549488.7,59331.0780378
1791111600000,0.013057,0.01315,0.013047,0.013125,4426708.5,58033.1856417
1791115200000,0.013125,0.013197,0.013089,0.013138,4925623.2,64792.9953848
1791118800000,0.013138,0.013223,0.013093,0.013112,4224228.5,55564.431564
1791122400000,0.013112,0.013302,0.013068,0.013267,6287581.7,83128.2335612
1791126000000,0.013267,0.013337,0.013074,0.013091,2528627.9,33412.1089751
1791129600000,0.013091,0.013117,0.012994,0.013008,2107768.0,27493.5100733
1791133200000,0.013008,0.013012,0.012856,0.012893,6866513.7,88651.6295261
1791136800000,0.012893,0.012927,0.012833,0.012913,1516873.6,19558.0506541
1791140400000,0.012913,0.013071,0.012911,0.013011,3958861.2,51506.2330255
1791144000000,0.013011,0.01304,0.012977,0.012987,1514773.8,19695.1172437
1791147600000,0.012987,0.013032,0.012907,0.012944,1327748.5,17249.3533182
1791151200000,0.012944,0.013081,0.012944,0.013009,3891825.3,50701.540853
1791154800000,0.013009,0.013068,0.012977,0.013059,3541754.5,46171.8790343
1791158400000,0.013059,0.01316,0.01301,0.013138,8724670.1,114361.5260678
1791162000000,0.013138,0.013328,0.013112,0.013167,12103481.0,159851.352789
1791165600000,0.013167,0.01324,0.013118,0.013189,4643732.8,61219.8982681
1791169200000,0.013189,0.013189,0.01299,0.01305,7271472.3,94914.6444578
1791172800000,0.01305,0.013075,0.012866,0.012946,6909140.4,89613.8563675
1791176400000,0.012946,0.013043,0.012918,0.012985,1690675.8,21957.3753809
1791180000000,0.012985,0.013065,0.012887,0.013005,6030583.5,78220.7329965
1791183600000,0.013005,0.013073,0.012944,0.013003,3975458.4,51704.8032842
1791187200000,0.013003,0.013007,0.012798,0.012875,3559965.8,45897.1518576
1791190800000,0.012875,0.012898,0.012752,0.012838,2969413.9,38062.4254573
1791194400000,0.012838,0.01291,0.012816,0.01288,1952453.7,25110.2536558
1791198000000,0.01288,0.012914,0.012813,0.012899,2222836.7,28598.507953
1791201600000,0.012899,0.012956,0.012732,0.012773,3226097.9,41432.7049364
1791205200000,0.012773,0.012843,0.012659,0.012741,4716638.3,60232.7235764
